paper_id,pmid,pmcid,doi,title,queue_reason,preferred_source,notes
pmid-42645154,42645154,,10.1097/CCE.0000000000001439,"Proteomic Immune Signatures of Severe HIV-Associated Tuberculosis in Sub-Saharan Africa: A Prospective, Multicenter Analysis From Uganda.",No PMCID coverage available.,publisher_pdf_or_user_download,No PMCID found via NCBI idconv; PDF fallback will be needed.
pmid-42634427,42634427,,10.1177/10430342261463565,Triple-Target CRISPR Strategy to Block HIV Entry and Replication in Permissive Cells.,No PMCID coverage available.,publisher_pdf_or_user_download,No PMCID found via NCBI idconv; PDF fallback will be needed.
pmid-42620239,42620239,PMC13484676,10.64898/2026.08.04.742754,Peptide tiling across viral proteomes identifies modular regulators of stress-induced cell death.,PMC XML unusable for normalization.,publisher_pdf_or_user_download,PMC XML body text is too short for normalization. Unusable PMC XML deleted from run artifacts.
pmid-42620025,42620025,PMC13484655,10.64898/2026.08.03.742552,HIV-1 Hijacks HGF/c-MET Signaling to Promote Viral Entry and Replication in Primary CD4 (+) T Cells.,PMC XML unusable for normalization.,publisher_pdf_or_user_download,PMC XML body text is too short for normalization. Unusable PMC XML deleted from run artifacts.
pmid-42619998,42619998,PMC13484650,10.64898/2026.08.03.742570,SAMHD1 enhances HIV-1-induced glycolysis in monocytic cells through hexokinase 2 upregulation.,PMC XML unusable for normalization.,publisher_pdf_or_user_download,PMC XML body text is too short for normalization. Unusable PMC XML deleted from run artifacts.
pmid-42562331,42562331,,10.1016/j.bcp.2026.118321,The L-type calcium channel Ca(v)1.2 mediates influenza A virus infection by regulating viral internalization and endoplasmic reticulum homeostasis.,No PMCID coverage available.,publisher_pdf_or_user_download,No PMCID found via NCBI idconv; PDF fallback will be needed.
pmid-42556014,42556014,,10.1016/j.compbiolchem.2026.109297,A machine learning-derived aging-related gene signature for diagnosing HCV cirrhosis: Insights into immune microenvironment and therapeutic targets.,No PMCID coverage available.,publisher_pdf_or_user_download,No PMCID found via NCBI idconv; PDF fallback will be needed.
pmid-42532196,42532196,,10.1016/j.antiviral.2026.106494,A high-throughput screen to identify potential inhibitors of HSV-2.,No PMCID coverage available.,publisher_pdf_or_user_download,No PMCID found via NCBI idconv; PDF fallback will be needed.
pmid-42526681,42526681,,10.1016/j.ibmb.2026.104643,Aedes aegypti calreticulin promotes dengue virus replication and transmission by glycan-dependent binding to the prM protein.,No PMCID coverage available.,publisher_pdf_or_user_download,No PMCID found via NCBI idconv; PDF fallback will be needed.
pmid-42520937,42520937,,10.1016/j.jbc.2026.113369,FOXA2 potently represses NF-κB-dependent transcription from viral promoters in liver cells.,No PMCID coverage available.,publisher_pdf_or_user_download,No PMCID found via NCBI idconv; PDF fallback will be needed.
pmid-42517334,42517334,,10.1080/07391102.2026.2708780,Computational insights into dengue virus envelope protein triggered membrane fusion process.,No PMCID coverage available.,publisher_pdf_or_user_download,No PMCID found via NCBI idconv; PDF fallback will be needed.
pmid-42508644,42508644,,10.1016/j.ajt.2026.07.028,KSHV-Associated Diseases in Solid Organ Transplantation: Toward a Coordinated National Strategy in the United States.,No PMCID coverage available.,publisher_pdf_or_user_download,No PMCID found via NCBI idconv; PDF fallback will be needed.
pmid-42501872,42501872,,10.1016/j.bcp.2026.118282,Pharmacological inhibition of neddylation by MLN4924 protects against Coxsackievirus B3-induced myocarditis.,No PMCID coverage available.,publisher_pdf_or_user_download,No PMCID found via NCBI idconv; PDF fallback will be needed.
pmid-42496957,42496957,,10.1007/s11033-026-12203-0,Small nucleolar RNA host genes in hepatocellular carcinoma: an evidence-weighted and etiology-aware framework for mechanistic and translational interpretation.,No PMCID coverage available.,publisher_pdf_or_user_download,No PMCID found via NCBI idconv; PDF fallback will be needed.
pmid-42476261,42476261,,10.1016/j.virs.2026.07.007,ZNF598 enhances FAT10-mediated non-covalent stabilization of Tat to promote HIV-1 transcription and replication.,No PMCID coverage available.,publisher_pdf_or_user_download,No PMCID found via NCBI idconv; PDF fallback will be needed.
pmid-42462823,42462823,,10.1016/j.jhep.2026.06.045,Disruption of carbon metabolism by the hepatic mononuclear phagocytic system drives liver injury in a mouse model of severe dengue.,No PMCID coverage available.,publisher_pdf_or_user_download,No PMCID found via NCBI idconv; PDF fallback will be needed.
pmid-42424865,42424865,,10.1016/j.virol.2026.111025,Development of a virus particle fusion assay to study and target virus entry.,No PMCID coverage available.,publisher_pdf_or_user_download,No PMCID found via NCBI idconv; PDF fallback will be needed.
pmid-42415087,42415087,,10.1186/s12985-026-03239-6,Cellular receptors and host factors mediating orthoflavivirus entry.,No PMCID coverage available.,publisher_pdf_or_user_download,No PMCID found via NCBI idconv; PDF fallback will be needed.
pmid-42403244,42403244,PMC13349425,10.1002/jmv.71043,JQKD82 Inhibits HIV Infection of Macrophages Through Blocking Viral Entry and Enhancing Antiviral ISG Responses.,PMC XML unusable for normalization.,publisher_pdf_or_user_download,PMC XML body element is missing. Unusable PMC XML deleted from run artifacts.
pmid-42367932,42367932,PMC13308050,10.64898/2026.06.14.732158,HIV-1-induced small T cell syncytia: susceptibility to direct NK cell killing.,PMC XML unusable for normalization.,publisher_pdf_or_user_download,PMC XML body element is missing. Unusable PMC XML deleted from run artifacts.
pmid-42336219,42336219,,10.1016/j.antiviral.2026.106471,ITGA4 drives pathogenesis of flavivirus and inhibition of it protects mice against Japanese encephalitis virus infection.,No PMCID coverage available.,publisher_pdf_or_user_download,No PMCID found via NCBI idconv; PDF fallback will be needed.
pmid-42334524,42334524,,10.1007/s11010-026-05599-7,Hijacking the cytoskeleton: association of HCV polymerase with α/β-tubulin and its potential relation to the viral replication and cell proliferation.,No PMCID coverage available.,publisher_pdf_or_user_download,No PMCID found via NCBI idconv; PDF fallback will be needed.
pmid-42327289,42327289,PMC13278084,10.64898/2026.06.11.731520,Gene duplication and retrotransposition diversify the antiviral repertoire of macaque IFITM proteins.,PMC XML unusable for normalization.,publisher_pdf_or_user_download,PMC XML body element is missing. Unusable PMC XML deleted from run artifacts.
pmid-42322610,42322610,,10.1016/j.celrep.2026.117558,Comprehensive mapping of the virus and host factors that guide the paths of HIV-1 escape from a therapeutic.,No PMCID coverage available.,publisher_pdf_or_user_download,No PMCID found via NCBI idconv; PDF fallback will be needed.
pmid-42257816,42257816,,10.1007/s12013-026-02094-0,Consensus transcriptional signature of dengue virus infection reveals coordinated interferon suppression and stress-response activation.,No PMCID coverage available.,publisher_pdf_or_user_download,No PMCID found via NCBI idconv; PDF fallback will be needed.
pmid-42224936,42224936,,10.1016/j.ejmech.2026.119011,"Dengue virus nonstructural proteins as small-molecule targets: Advances, challenges, and future directions.",No PMCID coverage available.,publisher_pdf_or_user_download,No PMCID found via NCBI idconv; PDF fallback will be needed.
pmid-42173631,42173631,,10.1016/bs.pmbts.2026.02.005,AI in multi-omics analysis in viral diseases.,No PMCID coverage available.,publisher_pdf_or_user_download,No PMCID found via NCBI idconv; PDF fallback will be needed.
pmid-42173436,42173436,,10.1016/j.jmb.2026.169875,Biophysical Characterization of Ebola VP35 Protein Binding to Host Mindbomb Protein 2.,No PMCID coverage available.,publisher_pdf_or_user_download,No PMCID found via NCBI idconv; PDF fallback will be needed.
pmid-42152487,42152487,,10.1080/15548627.2026.2677196,USF2 restricts enterovirus replication and transmission by inhibiting autophagy and vesicle-mediated viral spread.,No PMCID coverage available.,publisher_pdf_or_user_download,No PMCID found via NCBI idconv; PDF fallback will be needed.
pmid-42138644,42138644,,10.1093/bbb/zbag070,Roquefortine C isolated from a quail feces-derived fungus exhibits aryl hydrocarbon receptor antagonistic and broad-spectrum antiviral activities.,No PMCID coverage available.,publisher_pdf_or_user_download,No PMCID found via NCBI idconv; PDF fallback will be needed.
pmid-42129077,42129077,,10.1007/978-3-032-22340-1_9,Proteomic Analysis of Influenza.,No PMCID coverage available.,publisher_pdf_or_user_download,No PMCID found via NCBI idconv; PDF fallback will be needed.
pmid-42048450,42048450,PMC13142951,10.1073/pnas.2532659123,HIV-1 infection induces Vif-mediated SUMOylation of host RNA splicing factors important for proper viral RNA splicing.,PMC XML unusable for normalization.,publisher_pdf_or_user_download,PMC XML body element is missing. Unusable PMC XML deleted from run artifacts.
pmid-42014928,42014928,,10.1021/acsinfecdis.6c00091,Drug Discovery of Antiviral Inhibitors Targeting Dengue Virus NS4B Protein.,No PMCID coverage available.,publisher_pdf_or_user_download,No PMCID found via NCBI idconv; PDF fallback will be needed.
pmid-41993345,41993345,PMC13081887,10.64898/2026.04.08.717209,The ENL-USP7 Complex Regulates HIV Latency Through BRD4 Stabilization.,PMC XML unusable for normalization.,publisher_pdf_or_user_download,PMC XML body element is missing. Unusable PMC XML deleted from run artifacts.
pmid-41968303,41968303,PMC13140791,10.1093/molecular-omics/aaiag015,Placental metabolomics for assessment of pregnancy complications: a systematic review.,PMC XML unusable for normalization.,publisher_pdf_or_user_download,PMC XML body element is missing. Unusable PMC XML deleted from run artifacts.
pmid-41808998,41808998,PMC12970332,10.64898/2026.02.25.708077,Calcium-phosphate bridge is a novel phosphorylation switch that stabilises protein-complexes during HIV assembly.,PMC XML unusable for normalization.,publisher_pdf_or_user_download,PMC XML body element is missing. Unusable PMC XML deleted from run artifacts.
pmid-41779781,41779781,PMC12974410,10.1073/pnas.2529289123,EIF4H and YBX1 are essential host factors for hepatitis E virus replication and pathogenesis.,PMC XML unusable for normalization.,publisher_pdf_or_user_download,PMC XML body element is missing. Unusable PMC XML deleted from run artifacts.
pmid-41640362,41640362,,10.1093/infdis/jiag072,Multiancestry Genome-Wide Association Study Identifies Variants in a Zinc Finger Gene Cluster as Novel Regulators of HIV Control.,No PMCID coverage available.,publisher_pdf_or_user_download,No PMCID found via NCBI idconv; PDF fallback will be needed.
pmid-41629003,41629003,,10.1016/j.pestbp.2025.106934,Aedes albopictus CYP6Z8 metabolizes multiple AChE-inhibiting insecticides.,No PMCID coverage available.,publisher_pdf_or_user_download,No PMCID found via NCBI idconv; PDF fallback will be needed.
pmid-41478287,41478287,,10.1016/j.str.2025.12.008,Cross-linking mass spectrometry and structural modeling identifies compact conformation of DENV NS2B cofactor region bound to NS3.,No PMCID coverage available.,publisher_pdf_or_user_download,No PMCID found via NCBI idconv; PDF fallback will be needed.
pmid-41447542,41447542,,10.1021/acs.analchem.5c04822,High Na-Adducted Ion Selectivity in Laser Desorption/Ionization Mass Spectrometry with a Steric-Tuned COF.,No PMCID coverage available.,publisher_pdf_or_user_download,No PMCID found via NCBI idconv; PDF fallback will be needed.
pmid-41329415,41329415,,10.1007/s11262-025-02204-9,Exploring potential gene signatures in dengue through machine learning and deep learning approaches.,No PMCID coverage available.,publisher_pdf_or_user_download,No PMCID found via NCBI idconv; PDF fallback will be needed.
pmid-41326089,41326089,,10.1016/j.pestbp.2025.106719,"Larvicidal efficacy of Varronia curassavica leaf phytochemicals against Aedes aegypti: anatomical, histological and cytotoxic analyses.",No PMCID coverage available.,publisher_pdf_or_user_download,No PMCID found via NCBI idconv; PDF fallback will be needed.
pmid-41056822,41056822,,10.1016/j.ejmech.2025.118208,Antiviral strategies based on targeted protein degradation: An overview of the literature and future outlook.,No PMCID coverage available.,publisher_pdf_or_user_download,No PMCID found via NCBI idconv; PDF fallback will be needed.
pmid-41035123,41035123,,10.1097/FTD.0000000000001397,Liquid Chromatography-Tandem Mass Spectrometry Method for Simultaneous Quantification of Four Endocannabinoids and Endocannabinoid-Like Substances in Plasma: Application in an HIV-Hepatitis C Virus Coinfected Population.,No PMCID coverage available.,publisher_pdf_or_user_download,No PMCID found via NCBI idconv; PDF fallback will be needed.
pmid-39987330,39987330,,10.1007/s12033-025-01407-7,"Analyzing the Molecular Signature Genes and Pathways of Dengue Fever, Dengue Hemorrhagic Fever and Dengue Shock Syndrome Caused by Dengue Virus in India.",No PMCID coverage available.,publisher_pdf_or_user_download,No PMCID found via NCBI idconv; PDF fallback will be needed.
pmid-41502203,41502203,,,Typhoid Fever in Indonesia: Pitfalls in the Diagnosis of Typhoid Fever.,No PMCID coverage available.,publisher_pdf_or_user_download,No PMCID found via NCBI idconv; PDF fallback will be needed.
pmid-41197812,41197812,,10.1016/j.antiviral.2025.106307,Repurposed doxepin targeting host AXL kinase to disrupt viral 2C-mediated immune evasion in Coxsackievirus B infection.,No PMCID coverage available.,publisher_pdf_or_user_download,No PMCID found via NCBI idconv; PDF fallback will be needed.
pmid-41137368,41137368,,10.1515/jcim-2025-0132,"Molecular docking, molecular dynamic simulation, and ADME analysis of Moringa oleifera phytochemicals targeting NS5 protein: towards the development of novel anti-dengue therapeutics.",No PMCID coverage available.,publisher_pdf_or_user_download,No PMCID found via NCBI idconv; PDF fallback will be needed.
pmid-41033169,41033169,,10.1016/j.jiph.2025.102981,Long-term effects of HCV eradication on lipid profiles associated with MASLD among people with HIV with advanced fibrosis or cirrhosis.,No PMCID coverage available.,publisher_pdf_or_user_download,No PMCID found via NCBI idconv; PDF fallback will be needed.
pmid-40919324,40919324,PMC12409738,10.1093/narmme/ugaf015,Zika and dengue viruses differentially modulate host mRNA processing factors defining its virulence.,PMC XML unusable for normalization.,publisher_pdf_or_user_download,PMC XML body element is missing. Unusable PMC XML deleted from run artifacts.
pmid-40812145,40812145,,10.1002/cbdv.202500951,Secondary Metabolites of Mansonia gagei and Their Potential Anti-dengue Properties.,No PMCID coverage available.,publisher_pdf_or_user_download,No PMCID found via NCBI idconv; PDF fallback will be needed.
pmid-40791402,40791402,PMC12338683,10.1101/2025.07.15.664896,Dual Role of Glycosylation in Resistance to CD4-binding Site Broadly Neutralizing Antibodies.,PMC XML unusable for normalization.,publisher_pdf_or_user_download,PMC XML body element is missing. Unusable PMC XML deleted from run artifacts.
pmid-40791337,40791337,PMC12338750,10.1101/2025.07.18.665639,Abnormal Vaginal Microbiota Associated with miRNA Targeting the HIV-Host Interactome.,PMC XML unusable for normalization.,publisher_pdf_or_user_download,PMC XML body element is missing. Unusable PMC XML deleted from run artifacts.
pmid-40780477,40780477,,10.1016/j.jep.2025.120388,"Exploring the protective effects of Huangyangning dispersible tablets against Doxorubicin-induced cardiotoxicity based on UHPLC-Q-TOF-MS/MS, network pharmacology, molecular docking and experimental validation in vivo and in vitro.",No PMCID coverage available.,publisher_pdf_or_user_download,No PMCID found via NCBI idconv; PDF fallback will be needed.
pmid-40777346,40777346,PMC12330720,10.1101/2025.07.21.665982,MICRORNAS REGULATED BY PREGNANCY TARGET THE HIV INTERACTOME.,PMC XML unusable for normalization.,publisher_pdf_or_user_download,PMC XML body element is missing. Unusable PMC XML deleted from run artifacts.
pmid-40777276,40777276,PMC12330700,10.1101/2025.07.18.665572,"RNase L regulates the antiviral proteome by accelerating mRNA decay, inhibiting nuclear mRNA export, and repressing RNAPII-mediated transcription.",PMC XML unusable for normalization.,publisher_pdf_or_user_download,PMC XML body element is missing. Unusable PMC XML deleted from run artifacts.
pmid-40772600,40772600,,10.1002/jmv.70543,Dynamic Interplay Between miR-133a and RBMX During Dengue Virus Infection.,No PMCID coverage available.,publisher_pdf_or_user_download,No PMCID found via NCBI idconv; PDF fallback will be needed.
pmid-40766577,40766577,PMC12324263,10.1101/2025.07.28.667227,Arf GTPases Define BST-2-Independent Pathways for HIV-1 Assembly and Release.,PMC XML unusable for normalization.,publisher_pdf_or_user_download,PMC XML body element is missing. Unusable PMC XML deleted from run artifacts.
pmid-40689623,40689623,PMC12345215,10.1128/mbio.01465-25,ASCT2 inhibits HIV-1 infectivity by promoting the incorporation of a gp160/ASCT2 complex into virions.,PMC XML unusable for normalization.,publisher_pdf_or_user_download,PMC XML body element is missing. Unusable PMC XML deleted from run artifacts.
pmid-40672252,40672252,PMC12265676,10.1101/2025.07.07.663519,BST-2 inhibits SARS-CoV-2 egress at intracellular membranes and is neutralized by ORF7a.,PMC XML unusable for normalization.,publisher_pdf_or_user_download,PMC XML body element is missing. Unusable PMC XML deleted from run artifacts.
pmid-40645353,40645353,,10.1016/j.micpath.2025.107885,Computational Screening and Cytotoxic Analysis of Beta vulgaris L. phytoconstituents as potent Dengue virus-NS5 Polymerase inhibitors.,No PMCID coverage available.,publisher_pdf_or_user_download,No PMCID found via NCBI idconv; PDF fallback will be needed.
pmid-40582629,40582629,,10.1016/j.reprotox.2025.108980,Deep RNA analyses for BeWo cells and placentae of HIV positive pregnant women treated with lopinavir/ritonavir.,No PMCID coverage available.,publisher_pdf_or_user_download,No PMCID found via NCBI idconv; PDF fallback will be needed.
pmid-40568118,40568118,PMC12191102,10.1101/2025.04.08.647834,Caspase Cleavage of Kaposi Sarcoma-Associated Herpesvirus Proteins: A role for K5 in Preventing Caspase-Mediated Cell Death during Lytic Replication.,PMC XML unusable for normalization.,publisher_pdf_or_user_download,PMC XML body element is missing. Unusable PMC XML deleted from run artifacts.
pmid-40562220,40562220,,10.1016/j.antiviral.2025.106219,Antisense oligonucleotides as drugs with both direct and indirect antiviral actions.,No PMCID coverage available.,publisher_pdf_or_user_download,No PMCID found via NCBI idconv; PDF fallback will be needed.
pmid-40502057,40502057,PMC12157544,10.1101/2025.06.03.657666,Global proteomic analysis of Cryptococcus neoformans clinical strains reveals significant differences between latent and lethal infection.,PMC XML unusable for normalization.,publisher_pdf_or_user_download,PMC XML body element is missing. Unusable PMC XML deleted from run artifacts.
pmid-40501710,40501710,PMC12154660,10.1101/2025.05.24.655874,High-throughput screening for class I peptide MHC binding via yeast surface display.,PMC XML unusable for normalization.,publisher_pdf_or_user_download,PMC XML body element is missing. Unusable PMC XML deleted from run artifacts.
pmid-40463274,40463274,PMC12132369,10.1101/2025.05.13.653779,A compact viral IRES translates a downstream open reading frame.,PMC XML unusable for normalization.,publisher_pdf_or_user_download,PMC XML body element is missing. Unusable PMC XML deleted from run artifacts.
pmid-40448527,40448527,,10.1002/1873-3468.70084,Development of a chemically induced dissociation system via phage surface-displayed nanobody screening.,No PMCID coverage available.,publisher_pdf_or_user_download,No PMCID found via NCBI idconv; PDF fallback will be needed.
pmid-40353973,40353973,,10.1134/S1607672925600149,New Cellular Partners of HIV-1 Integrase and their Role in Viral Replication.,No PMCID coverage available.,publisher_pdf_or_user_download,No PMCID found via NCBI idconv; PDF fallback will be needed.
pmid-40353321,40353321,,10.1002/1873-3468.70054,Structure-based identification of herbacetin and caffeic acid phenethyl ester as inhibitors of S-adenosylmethionine-dependent viral methyltransferase.,No PMCID coverage available.,publisher_pdf_or_user_download,No PMCID found via NCBI idconv; PDF fallback will be needed.
pmid-40262431,40262431,,10.1016/j.virol.2025.110531,Investigation of endocytic pathways during entry of RNA viruses reveal novel host proteins as lipid raft dependent endocytosis mediators.,No PMCID coverage available.,publisher_pdf_or_user_download,No PMCID found via NCBI idconv; PDF fallback will be needed.
pmid-40250655,40250655,,10.1016/j.ijbiomac.2025.143217,Decoding potential host protein targets against Flaviviridae using protein-protein interaction network.,No PMCID coverage available.,publisher_pdf_or_user_download,No PMCID found via NCBI idconv; PDF fallback will be needed.
pmid-40029387,40029387,,10.1007/s00210-025-03893-7,MicroRNAs in HIV infection: dual regulators of viral replication and host immunity.,No PMCID coverage available.,publisher_pdf_or_user_download,No PMCID found via NCBI idconv; PDF fallback will be needed.
pmid-40015031,40015031,,10.1016/j.virol.2025.110461,"Viral oncogenesis of δ-retroviruses, HTLV-1 and BLV, and recent advances in its diagnosis.",No PMCID coverage available.,publisher_pdf_or_user_download,No PMCID found via NCBI idconv; PDF fallback will be needed.
pmid-39984034,39984034,,10.1016/j.jprot.2025.105410,Expanded characterization and localization of male seminal fluid proteins within the female reproductive tract of the dengue vector mosquito Aedes aegypti.,No PMCID coverage available.,publisher_pdf_or_user_download,No PMCID found via NCBI idconv; PDF fallback will be needed.
pmid-39900759,39900759,,10.1007/978-1-0716-4276-4_8,RNA-Seq and Gene Set Enrichment Analysis (GSEA) in Peripheral Blood Mononuclear Cells (PBMCs).,No PMCID coverage available.,publisher_pdf_or_user_download,No PMCID found via NCBI idconv; PDF fallback will be needed.
pmid-39896566,39896566,PMC11785233,10.1101/2025.01.22.634336,Host microRNA-31-5p represses oncogenic herpesvirus lytic reactivation by restricting the RNA-binding protein KHDRBS3-mediated viral gene expression.,PMC XML unusable for normalization.,publisher_pdf_or_user_download,PMC XML body element is missing. Unusable PMC XML deleted from run artifacts.
pmid-39733555,39733555,,10.1016/j.compbiomed.2024.109573,ViroNia: LSTM based proteomics model for precise prediction of HCV.,No PMCID coverage available.,publisher_pdf_or_user_download,No PMCID found via NCBI idconv; PDF fallback will be needed.
pmid-39633541,39633541,,10.1097/COH.0000000000000896,Advances in the mathematical modeling of posttreatment control of HIV-1.,No PMCID coverage available.,publisher_pdf_or_user_download,No PMCID found via NCBI idconv; PDF fallback will be needed.
pmid-39585616,39585616,,10.1007/978-1-0716-4256-6_7,Proximity Proteomics to Profile Ebola Virus Protein Interactome in Its Functional Context.,No PMCID coverage available.,publisher_pdf_or_user_download,No PMCID found via NCBI idconv; PDF fallback will be needed.
pmid-39581368,39581368,,10.1016/j.envpol.2024.125383,"Mixtures of toxic organic micropollutants compromise the safety of water resources in urban agglomerations in low- and medium-income countries: The example of Lahore, Pakistan.",No PMCID coverage available.,publisher_pdf_or_user_download,No PMCID found via NCBI idconv; PDF fallback will be needed.
pmid-39508307,39508307,PMC12506910,10.1080/21688370.2024.2424628,Dengue virus NS1 hits hard at the barrier integrity of human cerebral microvascular endothelial cells via cellular microRNA dysregulations.,PMC XML unusable for normalization.,publisher_pdf_or_user_download,PMC XML body element is missing. Unusable PMC XML deleted from run artifacts.
pmid-39469906,39469906,,10.1002/ps.8495,The V410L kdr allele in the VGSC confers higher levels of field resistance to permethrin in urban mosquito populations of Aedes aegypti (L.).,No PMCID coverage available.,publisher_pdf_or_user_download,No PMCID found via NCBI idconv; PDF fallback will be needed.
pmid-39414178,39414178,,10.1016/j.bbi.2024.09.038,Acute effects of interferon-alpha on cellular anabolic and catabolic processes are associated with the development of fatigue during Interferon-alpha-based therapy for Hepatitis-C: A preliminary study.,No PMCID coverage available.,publisher_pdf_or_user_download,No PMCID found via NCBI idconv; PDF fallback will be needed.
pmid-39276980,39276980,,10.1016/j.aohep.2024.101582,Surveillance and management of hepatocellular carcinoma after treatment of hepatitis C with direct-acting antiviral drugs.,No PMCID coverage available.,publisher_pdf_or_user_download,No PMCID found via NCBI idconv; PDF fallback will be needed.
pmid-39490942,39490942,,10.1016/j.micpath.2024.107060,Targeting PI3Kγ Pathway for Treating Dengue virus Infection.,No PMCID coverage available.,publisher_pdf_or_user_download,No PMCID found via NCBI idconv; PDF fallback will be needed.
pmid-39480090,39480090,PMC11575316,10.1128/jvi.00947-24,Cyclophilin A facilitates HIV-1 integration.,PMC XML unusable for normalization.,publisher_pdf_or_user_download,PMC XML body element is missing. Unusable PMC XML deleted from run artifacts.
pmid-39389033,39389033,,10.1016/j.chom.2024.09.002,MX2 forms nucleoporin-comprising cytoplasmic biomolecular condensates that lure viral capsids.,No PMCID coverage available.,publisher_pdf_or_user_download,No PMCID found via NCBI idconv; PDF fallback will be needed.
pmid-39345617,39345617,PMC11429871,10.1101/2024.09.14.613037,Extracellular condensates (ECs) are endogenous modulators of HIV transcription and latency reactivation.,PMC XML unusable for normalization.,publisher_pdf_or_user_download,PMC XML body element is missing. Unusable PMC XML deleted from run artifacts.
pmid-39214424,39214424,,10.1016/j.micpath.2024.106894,Exploring antiviral activity of Betanin and Glycine Betaine against dengue virus type-2 in transfected Hela cells.,No PMCID coverage available.,publisher_pdf_or_user_download,No PMCID found via NCBI idconv; PDF fallback will be needed.
pmid-39142626,39142626,,10.1016/j.nbt.2024.08.499,Production and characterization of novel Anti-HIV Fc-fusion proteins in plant-based systems: Nicotiana benthamiana & tobacco BY-2 cell suspension.,No PMCID coverage available.,publisher_pdf_or_user_download,No PMCID found via NCBI idconv; PDF fallback will be needed.
pmid-39132695,39132695,,10.1021/acs.jproteome.3c00751,Differential Proteomic Profiling at Different Phases of Dengue Infection: An Intricate Insight from Proteins to Pathogenesis.,No PMCID coverage available.,publisher_pdf_or_user_download,No PMCID found via NCBI idconv; PDF fallback will be needed.
pmid-39128851,39128851,PMC11587837,10.1080/15548627.2024.2390814,AP3B1 facilitates PDIA3/ERP57 function to regulate rabies virus glycoprotein selective degradation and viral entry.,PMC XML unusable for normalization.,publisher_pdf_or_user_download,PMC XML body element is missing. Unusable PMC XML deleted from run artifacts.
pmid-39084787,39084787,,10.1016/j.pestbp.2024.105982,Virulence and proteomic responses of Metarhizium anisopliae against Aedes albopictus larvae.,No PMCID coverage available.,publisher_pdf_or_user_download,No PMCID found via NCBI idconv; PDF fallback will be needed.
pmid-39082875,39082875,PMC11334468,10.1128/jvi.00035-24,ORC1 enhances repressive epigenetic modifications on HIV-1 LTR to promote HIV-1 latency.,PMC XML unusable for normalization.,publisher_pdf_or_user_download,PMC XML body element is missing. Unusable PMC XML deleted from run artifacts.
pmid-39079180,39079180,,10.1097/QCO.0000000000001040,Immune responses and severe dengue: what have we learned?,No PMCID coverage available.,publisher_pdf_or_user_download,No PMCID found via NCBI idconv; PDF fallback will be needed.
pmid-39051073,39051073,PMC11270663,10.12122/j.issn.1673-4254.2024.07.07,[Baicalin suppresses type 2 dengue virus-induced autophagy of human umbilical vein endothelial cells by inhibiting the PI3K/AKT pathway].,PMC XML unusable for normalization.,publisher_pdf_or_user_download,PMC XML body element is missing. Unusable PMC XML deleted from run artifacts.
pmid-39049185,39049185,,10.1080/14789450.2024.2383580,Proteomic investigations of dengue virus infection: key discoveries over the last 10 years.,No PMCID coverage available.,publisher_pdf_or_user_download,No PMCID found via NCBI idconv; PDF fallback will be needed.
pmid-39018747,39018747,,10.1016/j.jinorgbio.2024.112664,TAR RNA selective targeting ruthenium(II) complexes as HIV-1 reverse transcriptase inhibitors: On exploring structure-activity relationships of multiple positions.,No PMCID coverage available.,publisher_pdf_or_user_download,No PMCID found via NCBI idconv; PDF fallback will be needed.
pmid-39012937,39012937,,10.1126/scisignal.adg4124,K(v)1.3-induced hyperpolarization is required for efficient Kaposi's sarcoma-associated herpesvirus lytic replication.,No PMCID coverage available.,publisher_pdf_or_user_download,No PMCID found via NCBI idconv; PDF fallback will be needed.
pmid-38949184,38949184,,10.1002/jmv.29775,Integrated serum proteomic and N-glycoproteomic characterization of dengue patients.,No PMCID coverage available.,publisher_pdf_or_user_download,No PMCID found via NCBI idconv; PDF fallback will be needed.
pmid-38948800,38948800,PMC11212919,10.1101/2024.06.15.599180,Cyclophilin A Facilitates HIV-1 DNA Integration.,PMC XML unusable for normalization.,publisher_pdf_or_user_download,PMC XML body element is missing. Unusable PMC XML deleted from run artifacts.
pmid-38925223,38925223,,10.1016/j.lfs.2024.122859,Computational and biological approaches in repurposing ribavirin for lung cancer treatment: Unveiling antitumorigenic strategies.,No PMCID coverage available.,publisher_pdf_or_user_download,No PMCID found via NCBI idconv; PDF fallback will be needed.
pmid-38904364,38904364,PMC11265424,10.1128/jvi.00813-24,Enterovirus 3A protein disrupts endoplasmic reticulum homeostasis through interaction with GBF1.,PMC XML unusable for normalization.,publisher_pdf_or_user_download,PMC XML body element is missing. Unusable PMC XML deleted from run artifacts.
pmid-38899899,38899899,PMC11265288,10.1128/jvi.00522-24,Involvement of ribosomal protein L17 and Y-box binding protein 1 in the assembly of hepatitis C virus potentially via their interaction with the 3' untranslated region of the viral genome.,PMC XML unusable for normalization.,publisher_pdf_or_user_download,PMC XML body element is missing. Unusable PMC XML deleted from run artifacts.
pmid-38888347,38888347,PMC11265353,10.1128/jvi.00556-24,Transcription factor EB (TFEB) interaction with RagC is disrupted during enterovirus D68 infection.,PMC XML unusable for normalization.,publisher_pdf_or_user_download,PMC XML body element is missing. Unusable PMC XML deleted from run artifacts.
pmid-38804236,38804236,,10.1021/acs.analchem.4c00993,Novel Strategy for Screening Target Proteins by the Common Drugs─Sofosbuvir-Specific Profiling of HCV Patient Serum.,No PMCID coverage available.,publisher_pdf_or_user_download,No PMCID found via NCBI idconv; PDF fallback will be needed.
pmid-38797030,38797030,,10.1016/j.phymed.2024.155764,Tanreqing injection demonstrates anti-dengue activity through the regulation of the NF-κB-ICAM-1/VCAM-1 axis.,No PMCID coverage available.,publisher_pdf_or_user_download,No PMCID found via NCBI idconv; PDF fallback will be needed.
pmid-38783022,38783022,,10.1038/s41564-024-01703-z,Molecular insights into the Ebola virus life cycle.,No PMCID coverage available.,publisher_pdf_or_user_download,No PMCID found via NCBI idconv; PDF fallback will be needed.
pmid-38762278,38762278,,10.1016/bs.apcsb.2023.12.003,Decoding macrophage immunometabolism in human viral infection.,No PMCID coverage available.,publisher_pdf_or_user_download,No PMCID found via NCBI idconv; PDF fallback will be needed.
pmid-38742902,38742902,PMC11237476,10.1128/jvi.01705-23,LINC08148 promotes the caveola-mediated endocytosis of Zika virus through upregulating transcription of Src.,PMC XML unusable for normalization.,publisher_pdf_or_user_download,PMC XML body element is missing. Unusable PMC XML deleted from run artifacts.
pmid-38729515,38729515,,10.1016/j.ijid.2024.107091,"Echovirus 11 lineage I and other enteroviruses in hospitalized children with acute respiratory infection in Southern Italy, 2022- 2023.",No PMCID coverage available.,publisher_pdf_or_user_download,No PMCID found via NCBI idconv; PDF fallback will be needed.
pmid-38457193,38457193,,10.1097/COH.0000000000000845,"""Block and lock"" viral integration sites in persons with drug-free control of HIV-1 infection.",No PMCID coverage available.,publisher_pdf_or_user_download,No PMCID found via NCBI idconv; PDF fallback will be needed.
pmid-38417690,38417690,,10.1016/j.abb.2024.109947,Cellular HSF1 expression is induced during HIV-1 infection by activation of its promoter mediated through the cooperative interaction of HSF1 and viral Nef protein.,No PMCID coverage available.,publisher_pdf_or_user_download,No PMCID found via NCBI idconv; PDF fallback will be needed.
pmid-38408720,38408720,,10.1016/j.biochi.2024.02.005,Characterization of SLA RNA promoter from dengue virus and its interaction with the viral non-structural NS5 protein.,No PMCID coverage available.,publisher_pdf_or_user_download,No PMCID found via NCBI idconv; PDF fallback will be needed.
pmid-38405757,38405757,PMC10888991,10.1101/2024.02.13.24302797,Proteomic Signature of HIV-Associated Subclinical Left Atrial Remodeling and Incident Heart Failure.,PMC XML unusable for normalization.,publisher_pdf_or_user_download,PMC XML body element is missing. Unusable PMC XML deleted from run artifacts.
pmid-38385286,38385286,,10.1161/ATVBAHA.123.320157,TF-FVIIa PAR2-β-Arrestin Signaling Sustains Organ Dysfunction in Coxsackievirus B3 Infection of Mice.,No PMCID coverage available.,publisher_pdf_or_user_download,No PMCID found via NCBI idconv; PDF fallback will be needed.
pmid-38325682,38325682,,10.1016/j.ijbiomac.2024.129915,Production and characterization of polyhydroxybutyrate bioplastic precursor from Parageobacillus toebii using low-cost substrates and its potential antiviral activity.,No PMCID coverage available.,publisher_pdf_or_user_download,No PMCID found via NCBI idconv; PDF fallback will be needed.
pmid-38289119,38289119,PMC10883805,10.1128/jvi.01504-23,MicroRNA-22-3p displaces critical host factors from the 5' UTR and inhibits the translation of Coxsackievirus B3 RNA.,PMC XML unusable for normalization.,publisher_pdf_or_user_download,PMC XML body element is missing. Unusable PMC XML deleted from run artifacts.
pmid-38219014,38219014,PMC10928138,10.1016/j.ymthe.2024.01.010,Instability of the HLA-E peptidome of HIV presents a major barrier to therapeutic targeting.,PMC XML unusable for normalization.,publisher_pdf_or_user_download,PMC XML body element is missing. Unusable PMC XML deleted from run artifacts.
pmid-38191051,38191051,,10.1016/j.lfs.2024.122412,Akt1 is involved in HCV release by promoting endoplasmic reticulum-to-endosome transition of infectious virions.,No PMCID coverage available.,publisher_pdf_or_user_download,No PMCID found via NCBI idconv; PDF fallback will be needed.
pmid-38189249,38189249,PMC10878262,10.1128/jvi.01749-23,N-terminal acetyltransferase 6 facilitates enterovirus 71 replication by regulating PI4KB expression and replication organelle biogenesis.,PMC XML unusable for normalization.,publisher_pdf_or_user_download,PMC XML body element is missing. Unusable PMC XML deleted from run artifacts.
pmid-38169212,38169212,,10.1016/j.freeradbiomed.2023.12.038,Complement components regulates ferroptosis in CVB3 viral myocarditis by interatction with TFRC.,No PMCID coverage available.,publisher_pdf_or_user_download,No PMCID found via NCBI idconv; PDF fallback will be needed.
pmid-38110348,38110348,,10.1021/acsinfecdis.3c00566,Roles of NS1 Protein in Flavivirus Pathogenesis.,No PMCID coverage available.,publisher_pdf_or_user_download,No PMCID found via NCBI idconv; PDF fallback will be needed.
pmid-38044807,38044807,,10.1002/dta.3614,"Detection of drugs and hepatitis C virus in used syringes from a needle exchange in Gothenburg, Sweden.",No PMCID coverage available.,publisher_pdf_or_user_download,No PMCID found via NCBI idconv; PDF fallback will be needed.
pmid-37995479,37995479,,10.1016/j.jpba.2023.115841,Carbonized aerogel/ZnO-based dispersive solid phase extraction of daclatasvir and sofosbuvir from biological samples prior to liquid chromatography-tandem mass spectrometry.,No PMCID coverage available.,publisher_pdf_or_user_download,No PMCID found via NCBI idconv; PDF fallback will be needed.
pmid-37961097,37961097,PMC10635066,10.1101/2023.11.01.565224,Ligand-Dependent Mechanisms of CC Chemokine Receptor 5 (CCR5) Trafficking Revealed by APEX2 Proximity Labeling Proteomics.,PMC XML unusable for normalization.,publisher_pdf_or_user_download,PMC XML body element is missing. Unusable PMC XML deleted from run artifacts.
pmid-37424095,37424095,PMC11062395,10.1080/15548627.2023.2232225,The autophagy-related protein ATG5 is a central mediator of a non-canonical autophagy pathway hijacked by HIV-1 to weaken the host's response to infection.,PMC XML unusable for normalization.,publisher_pdf_or_user_download,PMC XML body element is missing. Unusable PMC XML deleted from run artifacts.
pmid-38156565,38156565,,10.36233/0507-4088-207,Cellular proteins as potential targets for antiretroviral therapy.,No PMCID coverage available.,publisher_pdf_or_user_download,No PMCID found via NCBI idconv; PDF fallback will be needed.
pmid-38018543,38018543,,,Pathway analysis of host responses to dengue virus serotype 2 infection and inhibition of viral envelope protein by naringenin from Ganoderma lucidum.,No PMCID coverage available.,publisher_pdf_or_user_download,No PMCID found via NCBI idconv; PDF fallback will be needed.
pmid-37919063,37919063,,10.31083/j.fbl2810239,A Conserved Domain of HCV E2 Glycoprotein Interacts with Human CD81 and Induces Interferon-Gamma Secretion from Peripheral Blood Mononuclear Cells.,No PMCID coverage available.,publisher_pdf_or_user_download,No PMCID found via NCBI idconv; PDF fallback will be needed.
pmid-37914261,37914261,,10.1248/cpb.c23-00489,Anti-hepatitis C Virus Activity of Juglorubin Derivatives.,No PMCID coverage available.,publisher_pdf_or_user_download,No PMCID found via NCBI idconv; PDF fallback will be needed.
pmid-37905837,37905837,PMC10688328,10.1128/jvi.01044-23,HIV-1 Tat commandeers nuclear export of Rev-viral RNA complex by controlling hnRNPA2-mediated splicing.,PMC XML unusable for normalization.,publisher_pdf_or_user_download,PMC XML body element is missing. Unusable PMC XML deleted from run artifacts.
pmid-37888983,37888983,PMC10688343,10.1128/jvi.01389-23,KSHV RTA utilizes the host E3 ubiquitin ligase complex RNF20/40 to drive lytic reactivation.,PMC XML unusable for normalization.,publisher_pdf_or_user_download,PMC XML body element is missing. Unusable PMC XML deleted from run artifacts.
pmid-37796124,37796124,PMC10617417,10.1128/jvi.00631-23,Tryptophan-based motifs in the LLP3 region of the HIV-1 envelope glycoprotein cytoplasmic tail direct trafficking to the endosomal recycling compartment and mediate particle incorporation.,PMC XML unusable for normalization.,publisher_pdf_or_user_download,PMC XML body element is missing. Unusable PMC XML deleted from run artifacts.
pmid-37789674,37789674,PMC10626439,10.15252/embr.202256614,ATAD1 inhibits hepatitis C virus infection by removing the viral TA-protein NS5B from mitochondria.,PMC XML unusable for normalization.,publisher_pdf_or_user_download,PMC XML body element is missing. Unusable PMC XML deleted from run artifacts.
pmid-37665454,37665454,,10.1007/978-1-0716-3457-8_4,Virotrap: Trapping Protein Complexes in Virus-Like Particles.,No PMCID coverage available.,publisher_pdf_or_user_download,No PMCID found via NCBI idconv; PDF fallback will be needed.
pmid-37604466,37604466,PMC10551070,10.4269/ajtmh.22-0587,Multisystem Failure in Fatal Dengue: Associations between the Infectious Viral Serotype and Clinical and Histopathological Findings.,PMC XML unusable for normalization.,publisher_pdf_or_user_download,PMC XML body element is missing. Unusable PMC XML deleted from run artifacts.
pmid-37597114,37597114,PMC10624792,10.1007/s40199-023-00471-1,COVID-19: A novel holistic systems biology approach to predict its molecular mechanisms (in vitro) and repurpose drugs.,PMC XML unusable for normalization.,publisher_pdf_or_user_download,PMC XML body element is missing. Unusable PMC XML deleted from run artifacts.
pmid-37562033,37562033,PMC10651195,10.1093/infdis/jiad325,An Antiviral Role for TRIM14 in Ebola Virus Infection.,PMC XML unusable for normalization.,publisher_pdf_or_user_download,PMC XML body element is missing. Unusable PMC XML deleted from run artifacts.
pmid-37540094,37540094,,10.1021/acs.jproteome.3c00162,Quantitative Proteomics of the CDK9 Interactome Reveals a Function of the HSP90-CDC37-P-TEFb Complex for BETi-Induced HIV-1 Latency Reactivation.,No PMCID coverage available.,publisher_pdf_or_user_download,No PMCID found via NCBI idconv; PDF fallback will be needed.
pmid-37524962,37524962,,10.1007/s00705-023-05821-7,Tandem mass tag (TMT) labeling-based quantitative proteomic analysis reveals the cellular protein characteristics of 16HBE cells infected with coxsackievirus A10 and the potential effect of HMGB1 on viral replication.,No PMCID coverage available.,publisher_pdf_or_user_download,No PMCID found via NCBI idconv; PDF fallback will be needed.
pmid-37522762,37522762,PMC10549787,10.1093/hmg/ddad122,Human herpesvirus 8 ORF57 protein is able to reduce TDP-43 pathology: network analysis identifies interacting pathways.,PMC XML unusable for normalization.,publisher_pdf_or_user_download,PMC XML body element is missing. Unusable PMC XML deleted from run artifacts.
pmid-37406340,37406340,,10.1146/annurev-virology-111821-100816,Small but Highly Versatile: The Viral Accessory Protein Vpu.,No PMCID coverage available.,publisher_pdf_or_user_download,No PMCID found via NCBI idconv; PDF fallback will be needed.
pmid-37358446,37358446,PMC10373548,10.1128/jvi.00255-23,KIF16B Mediates Anterograde Transport and Modulates Lysosomal Degradation of the HIV-1 Envelope Glycoprotein.,PMC XML unusable for normalization.,publisher_pdf_or_user_download,PMC XML body element is missing. Unusable PMC XML deleted from run artifacts.
pmid-37330106,37330106,,10.1016/j.exppara.2023.108570,Crude saliva of Amblyomma cajennense sensu stricto (Acari: Ixodidae) reduces locomotor activity and increases the hemocyte number in the females of Aedes aegypti (Diptera: Culicidae).,No PMCID coverage available.,publisher_pdf_or_user_download,No PMCID found via NCBI idconv; PDF fallback will be needed.
pmid-37193327,37193327,PMC10182223,10.1007/s13205-023-03569-0,Prediction of human protein interactome of dengue virus non-structural protein 5 (NS5) and its downstream immunological implications.,PMC XML unusable for normalization.,publisher_pdf_or_user_download,PMC XML body element is missing. Unusable PMC XML deleted from run artifacts.
pmid-37149044,37149044,,10.1016/j.antiviral.2023.105622,Host factor DUSP5 potently inhibits dengue virus infection by modulating cytoskeleton rearrangement.,No PMCID coverage available.,publisher_pdf_or_user_download,No PMCID found via NCBI idconv; PDF fallback will be needed.
pmid-37076471,37076471,,10.2174/0929866530666230418101606,"Effects of Glutathionylation on Guanylyltransferase Activity of NS5 N-terminal Capping Domain from Dengue, Japanese Encephalitis, and Zika Viruses.",No PMCID coverage available.,publisher_pdf_or_user_download,No PMCID found via NCBI idconv; PDF fallback will be needed.
pmid-37066255,37066255,PMC10104128,10.1101/2023.04.07.536043,The Rous sarcoma virus Gag polyprotein forms biomolecular condensates driven by intrinsically-disordered regions.,PMC XML unusable for normalization.,publisher_pdf_or_user_download,PMC XML body element is missing. Unusable PMC XML deleted from run artifacts.
pmid-37060797,37060797,,10.1016/j.virol.2023.03.016,"A cellular screening platform, stably expressing DENV2 NS5, defines a novel anti-DENV mechanism of action of Apigenin based on STAT2 activation.",No PMCID coverage available.,publisher_pdf_or_user_download,No PMCID found via NCBI idconv; PDF fallback will be needed.
pmid-37026216,37026216,,10.4103/0972-9062.361177,"Chemical constituents and strong larvicidal activity of Solanum xanthocarpum among selected plants extracts against the malaria, filaria, and dengue vectors.",No PMCID coverage available.,publisher_pdf_or_user_download,No PMCID found via NCBI idconv; PDF fallback will be needed.
pmid-37017532,37017532,PMC10134801,10.1128/jvi.00065-23,The alg-1 Gene Is Necessary for Orsay Virus Replication in Caenorhabditis elegans.,PMC XML unusable for normalization.,publisher_pdf_or_user_download,PMC XML body element is missing. Unusable PMC XML deleted from run artifacts.
pmid-36995092,36995092,PMC10062123,10.1128/jvi.01763-22,KSHV Viral Protein Kinase Interacts with USP9X to Modulate the Viral Lifecycle.,PMC XML unusable for normalization.,publisher_pdf_or_user_download,PMC XML body element is missing. Unusable PMC XML deleted from run artifacts.
pmid-36856207,36856207,PMC9978736,10.12122/j.issn.1673-4254.2023.01.04,[Phosphoproteomic analysis of human umbilical venous endothelial cells with DENV-2 infection].,PMC XML unusable for normalization.,publisher_pdf_or_user_download,PMC XML body element is missing. Unusable PMC XML deleted from run artifacts.
pmid-36843559,36843559,,10.1002/jgm.3490,Network pharmacology and bioinformatics analysis on the underlying mechanisms of baicalein against oral squamous cell carcinoma.,No PMCID coverage available.,publisher_pdf_or_user_download,No PMCID found via NCBI idconv; PDF fallback will be needed.
pmid-36737007,36737007,,10.1016/j.antiviral.2023.105553,Antiviral activity of the HSP90 inhibitor VER-50589 against enterovirus 71.,No PMCID coverage available.,publisher_pdf_or_user_download,No PMCID found via NCBI idconv; PDF fallback will be needed.
pmid-36648422,36648422,,10.1089/omi.2022.0130,Pathogenesis of Human Immunodeficiency Virus and Mycobacterium tuberculosis Infection as Revealed by Transcriptome and Interactome Data.,No PMCID coverage available.,publisher_pdf_or_user_download,No PMCID found via NCBI idconv; PDF fallback will be needed.
pmid-36631013,36631013,,,[Coxsackie virus B3 (CVB3) triggers the activation of NLRP3 in mouse macrophages by activating nicotinamide adenine dinucleotide kinase 2 (NADK2)].,No PMCID coverage available.,publisher_pdf_or_user_download,No PMCID found via NCBI idconv; PDF fallback will be needed.
pmid-36604511,36604511,,10.1038/s41564-022-01289-4,Mosquito vector competence for dengue is modulated by insect-specific viruses.,No PMCID coverage available.,publisher_pdf_or_user_download,No PMCID found via NCBI idconv; PDF fallback will be needed.
pmid-36576956,36576956,,10.1161/CIRCULATIONAHA.122.057443,Cardiovascular Disease Among Persons Living With HIV: New Insights Into Pathogenesis and Clinical Manifestations in a Global Context.,No PMCID coverage available.,publisher_pdf_or_user_download,No PMCID found via NCBI idconv; PDF fallback will be needed.
pmid-36331362,36331362,,10.1111/jdv.18718,Cholesterol-conjugated siRNAs silence gene expression in mucosal dendritic cells in cervicovaginal tissue in mice.,No PMCID coverage available.,publisher_pdf_or_user_download,No PMCID found via NCBI idconv; PDF fallback will be needed.
pmid-35996254,35996254,,10.2174/1566524023666220822102805,Quercetin against Emerging RNA Viral Diseases: Potential and Challenges for Translation.,No PMCID coverage available.,publisher_pdf_or_user_download,No PMCID found via NCBI idconv; PDF fallback will be needed.
pmid-36411658,36411658,,10.1016/j.biopha.2022.113850,Assessing the potential of repurposing ion channel inhibitors to treat emerging viral diseases and the role of this host factor in virus replication.,No PMCID coverage available.,publisher_pdf_or_user_download,No PMCID found via NCBI idconv; PDF fallback will be needed.
pmid-36326276,36326276,PMC9682979,10.1128/jvi.01469-22,Shiftless Restricts Viral Gene Expression and Influences RNA Granule Formation during Kaposi's Sarcoma-Associated Herpesvirus Lytic Replication.,PMC XML unusable for normalization.,publisher_pdf_or_user_download,PMC XML body element is missing. Unusable PMC XML deleted from run artifacts.
pmid-36124480,36124480,,10.4103/0972-9062.335770,Gamma radiation induced changes in expression of heat shock proteins (Hsc70 and Hsp83) in the dengue vector Aedes aegypti (L.).,No PMCID coverage available.,publisher_pdf_or_user_download,No PMCID found via NCBI idconv; PDF fallback will be needed.
pmid-36094316,36094316,PMC9517705,10.1128/jvi.01011-22,HIV-1 Preintegration Complex Preferentially Integrates the Viral DNA into Nucleosomes Containing Trimethylated Histone 3-Lysine 36 Modification and Flanking Linker DNA.,PMC XML unusable for normalization.,publisher_pdf_or_user_download,PMC XML body element is missing. Unusable PMC XML deleted from run artifacts.
pmid-35977432,35977432,,10.1016/j.jmgm.2022.108291,In silico study on miRNA regulation and NSs protein interactome characterization of the SFTS virus.,No PMCID coverage available.,publisher_pdf_or_user_download,No PMCID found via NCBI idconv; PDF fallback will be needed.
pmid-35964311,35964311,,10.31857/S0026898422040115,[HIV Restriction Factor APOBEC3G and Prospects for Its Use in Gene Therapy for HIV].,No PMCID coverage available.,publisher_pdf_or_user_download,No PMCID found via NCBI idconv; PDF fallback will be needed.
pmid-35964258,35964258,PMC12978114,10.1007/s13402-022-00701-9,Nm23-H1 induces apoptosis in primary effusion lymphoma cells via inhibition of NF-κB signaling through interaction with oncogenic latent protein vFLIP K13 of Kaposi's sarcoma-associated herpes virus.,PMC XML unusable for normalization.,publisher_pdf_or_user_download,PMC XML body element is missing. Unusable PMC XML deleted from run artifacts.
pmid-35913217,35913217,PMC9400502,10.1128/jvi.00526-22,Riplet Binds the Zinc Finger Antiviral Protein (ZAP) and Augments ZAP-Mediated Restriction of HIV-1.,PMC XML unusable for normalization.,publisher_pdf_or_user_download,PMC XML body element is missing. Unusable PMC XML deleted from run artifacts.
pmid-35899912,35899912,,10.1021/acs.jmedchem.2c00755,DEAD-Box Helicase DDX3X as a Host Target against Emerging Viruses: New Insights for Medicinal Chemical Approaches.,No PMCID coverage available.,publisher_pdf_or_user_download,No PMCID found via NCBI idconv; PDF fallback will be needed.
pmid-35862260,35862260,,10.1021/acs.jmedchem.2c00649,Targeting the RNA G-Quadruplex and Protein Interactome for Antiviral Therapy.,No PMCID coverage available.,publisher_pdf_or_user_download,No PMCID found via NCBI idconv; PDF fallback will be needed.
pmid-35766490,35766490,PMC9327697,10.1128/jvi.00652-22,The Myeloid-Specific Transcription Factor PU.1 Upregulates Mannose Receptor Expression but Represses Basal Activity of the HIV-LTR Promoter.,PMC XML unusable for normalization.,publisher_pdf_or_user_download,PMC XML body element is missing. Unusable PMC XML deleted from run artifacts.
pmid-35732867,35732867,,10.1007/s12035-022-02922-3,Zika Virus Strains and Dengue Virus Induce Distinct Proteomic Changes in Neural Stem Cells and Neurospheres.,No PMCID coverage available.,publisher_pdf_or_user_download,No PMCID found via NCBI idconv; PDF fallback will be needed.
pmid-35653259,35653259,,10.1111/febs.16546,Staufen-2 functions as a cofactor for enhanced Rev-mediated nucleocytoplasmic trafficking of HIV-1 genomic RNA via the CRM1 pathway.,No PMCID coverage available.,publisher_pdf_or_user_download,No PMCID found via NCBI idconv; PDF fallback will be needed.
pmid-35652656,35652656,PMC9215245,10.1128/jvi.00704-22,The Dengue Virus Nonstructural Protein 1 (NS1) Interacts with the Putative Epigenetic Regulator DIDO1 to Promote Flavivirus Replication in Mosquito Cells.,PMC XML unusable for normalization.,publisher_pdf_or_user_download,PMC XML body element is missing. Unusable PMC XML deleted from run artifacts.
pmid-35604218,35604218,PMC9215225,10.1128/jvi.00101-22,KSHV RTA Induces Degradation of the Host Transcription Repressor ID2 To Promote the Viral Lytic Cycle.,PMC XML unusable for normalization.,publisher_pdf_or_user_download,PMC XML body element is missing. Unusable PMC XML deleted from run artifacts.
pmid-35579435,35579435,PMC9175630,10.1128/jvi.00435-22,Chemokine PF4 Inhibits EV71 and CA16 Infections at the Entry Stage.,PMC XML unusable for normalization.,publisher_pdf_or_user_download,PMC XML body element is missing. Unusable PMC XML deleted from run artifacts.
pmid-35438384,35438384,,10.1007/s11904-022-00607-z,Viral and Host Biomarkers of HIV Remission Post Treatment Interruption.,No PMCID coverage available.,publisher_pdf_or_user_download,No PMCID found via NCBI idconv; PDF fallback will be needed.
pmid-35412803,35412803,,10.1021/acs.analchem.1c04984,Single Molecule-Level Detection via Liposome-Based Signal Amplification Mass Spectrometry Counting Assay.,No PMCID coverage available.,publisher_pdf_or_user_download,No PMCID found via NCBI idconv; PDF fallback will be needed.
pmid-35397701,35397701,PMC11072344,10.1007/s00018-022-04245-x,Mapping of molecular interactions between human E3 ligase TRIM69 and Dengue virus NS3 protease using hydrogen-deuterium exchange mass spectrometry.,PMC XML unusable for normalization.,publisher_pdf_or_user_download,PMC XML body element is missing. Unusable PMC XML deleted from run artifacts.
pmid-35390695,35390695,,10.1016/j.virol.2022.03.007,Septin 2 interacts with dengue virus replication complex proteins and participates in virus replication in mosquito cells.,No PMCID coverage available.,publisher_pdf_or_user_download,No PMCID found via NCBI idconv; PDF fallback will be needed.
pmid-35293767,35293767,PMC9006904,10.1128/jvi.00107-22,Sequential Phosphorylation of Hepatitis C Virus NS5A Protein Requires the ATP-Binding Domain of NS3 Helicase.,PMC XML unusable for normalization.,publisher_pdf_or_user_download,PMC XML body element is missing. Unusable PMC XML deleted from run artifacts.
pmid-35266803,35266803,PMC9006918,10.1128/jvi.01962-21,RACK1 Associates with RNA-Binding Proteins Vigilin and SERBP1 to Facilitate Dengue Virus Replication.,PMC XML unusable for normalization.,publisher_pdf_or_user_download,PMC XML body element is missing. Unusable PMC XML deleted from run artifacts.
pmid-35254825,35254825,,10.1021/acsinfecdis.1c00470,miR-383 Regulates Hepatic Lipid Homeostasis and Response to Dengue Virus Infection.,No PMCID coverage available.,publisher_pdf_or_user_download,No PMCID found via NCBI idconv; PDF fallback will be needed.
pmid-35157071,35157071,,10.1093/jme/tjac009,"Mosquito Repellent Potential of Carpesium abrotanoides Essential Oil and Its Main Components Against a Dengue Vector, Aedes aegypti (Diptera: Culicidae).",No PMCID coverage available.,publisher_pdf_or_user_download,No PMCID found via NCBI idconv; PDF fallback will be needed.
pmid-35045743,35045743,PMC9052835,10.1177/00220345211049395,HCV Infection Alters Salivary Gland Histology and Saliva Composition.,PMC XML unusable for normalization.,publisher_pdf_or_user_download,PMC XML body element is missing. Unusable PMC XML deleted from run artifacts.
pmid-35020715,35020715,,10.24875/AIDSRev.21000048,Determinants of natural HIV-1 control.,No PMCID coverage available.,publisher_pdf_or_user_download,No PMCID found via NCBI idconv; PDF fallback will be needed.
pmid-34971702,34971702,,10.1016/j.virusres.2021.198668,High-mobility group box 1 protein promotes dengue virus replication by interacting with untranslated regions of viral genome.,No PMCID coverage available.,publisher_pdf_or_user_download,No PMCID found via NCBI idconv; PDF fallback will be needed.
pmid-34954236,34954236,,10.1016/j.jmb.2021.167421,Feline Leukemia Virus-B Envelope Together With its GlycoGag and Human Immunodeficiency Virus-1 Nef Mediate Resistance to Feline SERINC5.,No PMCID coverage available.,publisher_pdf_or_user_download,No PMCID found via NCBI idconv; PDF fallback will be needed.
pmid-34896364,34896364,,10.1016/j.jmb.2021.167395,Novel Bent Conformation of CD4 Induced by HIV-1 Inhibitor Indirectly Prevents Productive Viral Attachment.,No PMCID coverage available.,publisher_pdf_or_user_download,No PMCID found via NCBI idconv; PDF fallback will be needed.
pmid-34807376,34807376,,10.1007/s11033-021-06955-0,MicroRNA let-7b inhibits hepatitis C virus and induces apoptosis in human hepatoma cells.,No PMCID coverage available.,publisher_pdf_or_user_download,No PMCID found via NCBI idconv; PDF fallback will be needed.
pmid-34787459,34787459,PMC8826805,10.1128/JVI.01782-21,Protein-RNA Interactome Analysis Reveals Wide Association of Kaposi's Sarcoma-Associated Herpesvirus ORF57 with Host Noncoding RNAs and Polysomes.,PMC XML unusable for normalization.,publisher_pdf_or_user_download,PMC XML body element is missing. Unusable PMC XML deleted from run artifacts.
pmid-34773511,34773511,,10.1007/s00705-021-05292-8,Transcriptomic analysis reveals that coxsackievirus B3 Woodruff and GD strains use similar key genes to induce FoxO signaling pathway activation in HeLa cells.,No PMCID coverage available.,publisher_pdf_or_user_download,No PMCID found via NCBI idconv; PDF fallback will be needed.
pmid-34773341,34773341,,10.1111/jvh.13630,Electronic nose versus quadrupole mass spectrometry for identifying viral hepatitis C patients.,No PMCID coverage available.,publisher_pdf_or_user_download,No PMCID found via NCBI idconv; PDF fallback will be needed.
pmid-34757838,34757838,PMC8791308,10.1128/JVI.01597-21,MicroRNA-376b-3p Promotes Porcine Reproductive and Respiratory Syndrome Virus Replication by Targeting Viral Restriction Factor TRIM22.,PMC XML unusable for normalization.,publisher_pdf_or_user_download,PMC XML body element is missing. Unusable PMC XML deleted from run artifacts.
pmid-34735992,34735992,,10.1016/j.jpba.2021.114437,"Simultaneous determination of ZL-01, a novel nucleotide prodrug, and its metabolites in rat plasma by LC-MS/MS: Application to pharmacokinetic study.",No PMCID coverage available.,publisher_pdf_or_user_download,No PMCID found via NCBI idconv; PDF fallback will be needed.
pmid-34730395,34730395,PMC8791300,10.1128/JVI.01708-21,Host Restriction Factor A3G Inhibits the Replication of Enterovirus D68 by Competitively Binding the 5' Untranslated Region with PCBP1.,PMC XML unusable for normalization.,publisher_pdf_or_user_download,PMC XML body element is missing. Unusable PMC XML deleted from run artifacts.
pmid-34718046,34718046,,10.1016/j.virusres.2021.198610,Review of -omics studies on mosquito-borne viruses of the Flavivirus genus.,No PMCID coverage available.,publisher_pdf_or_user_download,No PMCID found via NCBI idconv; PDF fallback will be needed.
pmid-34709640,34709640,,10.1007/978-1-0716-1879-0_10,Isolation and Identification of Dengue Virus Interactome with Human Plasma Proteins by Affinity Purification-Mass Spectrometry.,No PMCID coverage available.,publisher_pdf_or_user_download,No PMCID found via NCBI idconv; PDF fallback will be needed.
pmid-34464956,34464956,PMC9153338,10.1159/000519241,Updating on Roles of HIV Intrinsic Factors: A Review of Their Antiviral Mechanisms and Emerging Functions.,PMC XML unusable for normalization.,publisher_pdf_or_user_download,PMC XML body element is missing. Unusable PMC XML deleted from run artifacts.
pmid-34425576,34425576,PMC9082198,10.1159/000517628,"Activating Natural Killer Cell Receptors, Selectins, and Inhibitory Siglecs Recognize Ebolavirus Glycoprotein.",PMC XML unusable for normalization.,publisher_pdf_or_user_download,PMC XML body element is missing. Unusable PMC XML deleted from run artifacts.
pmid-34027810,34027810,,10.1080/09537104.2021.1921722,Platelets in dengue infection: more than a numbers game.,No PMCID coverage available.,publisher_pdf_or_user_download,No PMCID found via NCBI idconv; PDF fallback will be needed.
pmid-34852238,34852238,,10.1016/j.cell.2021.11.009,Human antibody C10 neutralizes by diminishing Zika but enhancing dengue virus dynamics.,No PMCID coverage available.,publisher_pdf_or_user_download,No PMCID found via NCBI idconv; PDF fallback will be needed.
pmid-34818858,34818858,,10.4103/0972-9062.313961,Lipids fluctuations in mosquitoes upon arboviral infections.,No PMCID coverage available.,publisher_pdf_or_user_download,No PMCID found via NCBI idconv; PDF fallback will be needed.
pmid-34550340,34550340,,10.1093/femspd/ftab046,Computational analysis of human host binding partners of chikungunya and dengue viruses during coinfection.,No PMCID coverage available.,publisher_pdf_or_user_download,No PMCID found via NCBI idconv; PDF fallback will be needed.
pmid-34379504,34379504,PMC8513467,10.1128/JVI.01310-21,Determinants in Nonstructural Protein 4A of Dengue Virus Required for RNA Replication and Replication Organelle Biogenesis.,PMC XML unusable for normalization.,publisher_pdf_or_user_download,PMC XML body element is missing. Unusable PMC XML deleted from run artifacts.
pmid-34260076,34260076,PMC8441301,10.15252/embj.2020105658,Non-canonical proline-tyrosine interactions with multiple host proteins regulate Ebola virus infection.,PMC XML unusable for normalization.,publisher_pdf_or_user_download,PMC XML body element is missing. Unusable PMC XML deleted from run artifacts.
pmid-34256890,34256890,,10.1691/ph.2021.1442,"Determination of SK7324, a new class of hepatitis C virus inhibitor, in rat plasma by UPLC-MS/MS and its application to the pharmacokinetic study of SK7324.",No PMCID coverage available.,publisher_pdf_or_user_download,No PMCID found via NCBI idconv; PDF fallback will be needed.
pmid-34242702,34242702,,10.1016/j.jhep.2021.06.038,Novel function of SART1 in HNF4α transcriptional regulation contributes to its antiviral role during HBV infection.,No PMCID coverage available.,publisher_pdf_or_user_download,No PMCID found via NCBI idconv; PDF fallback will be needed.
pmid-34160260,34160260,PMC8354323,10.1128/JVI.00952-21,Hepatitis C Virus Evades Interferon Signaling by Suppressing Long Noncoding RNA Linc-Pint Involving C/EBP-β.,PMC XML unusable for normalization.,publisher_pdf_or_user_download,PMC XML body element is missing. Unusable PMC XML deleted from run artifacts.
pmid-34160255,34160255,PMC8387037,10.1128/JVI.00439-21,Functional Heterogeneity of Mammalian IFITM Proteins against HIV-1.,PMC XML unusable for normalization.,publisher_pdf_or_user_download,PMC XML body element is missing. Unusable PMC XML deleted from run artifacts.
pmid-34153376,34153376,,10.1016/j.biochi.2021.06.006,Soluble resistance-related calcium-binding protein participates in multiple diseases via protein-protein interactions.,No PMCID coverage available.,publisher_pdf_or_user_download,No PMCID found via NCBI idconv; PDF fallback will be needed.
pmid-34132569,34132569,PMC8354244,10.1128/JVI.00510-21,Specific Interaction of DDX6 with an RNA Hairpin in the 3' UTR of the Dengue Virus Genome Mediates G(1) Phase Arrest.,PMC XML unusable for normalization.,publisher_pdf_or_user_download,PMC XML body element is missing. Unusable PMC XML deleted from run artifacts.
pmid-34015403,34015403,,10.1016/j.ijbiomac.2021.04.184,Ebolabase: Zaire ebolavirus-human protein interaction database for drug-repurposing.,No PMCID coverage available.,publisher_pdf_or_user_download,No PMCID found via NCBI idconv; PDF fallback will be needed.
pmid-34011540,34011540,PMC8274603,10.1128/JVI.00971-20,"Human Immunodeficiency Virus Type 1 Vpr Mediates Degradation of APC1, a Scaffolding Component of the Anaphase-Promoting Complex/Cyclosome.",PMC XML unusable for normalization.,publisher_pdf_or_user_download,PMC XML body element is missing. Unusable PMC XML deleted from run artifacts.
pmid-33999509,33999509,,10.1111/febs.16025,APOBEC3G rescues cells from the deleterious effects of DNA damage.,No PMCID coverage available.,publisher_pdf_or_user_download,No PMCID found via NCBI idconv; PDF fallback will be needed.
pmid-33982326,33982326,,10.1002/prot.26145,"Fungal Ice2p is in the same superfamily as SERINCs, restriction factors for HIV and other viruses.",No PMCID coverage available.,publisher_pdf_or_user_download,No PMCID found via NCBI idconv; PDF fallback will be needed.
pmid-33849358,33849358,,10.1080/14789450.2021.1911652,An overview of proteomic methods for the study of 'cytokine storms'.,No PMCID coverage available.,publisher_pdf_or_user_download,No PMCID found via NCBI idconv; PDF fallback will be needed.
pmid-33791829,33791829,,10.1007/s00228-021-03130-z,Pharmacokinetic interaction between atorvastatin and fixed-dose combination of sofosbuvir/ledipasvir in healthy male Egyptian volunteers.,No PMCID coverage available.,publisher_pdf_or_user_download,No PMCID found via NCBI idconv; PDF fallback will be needed.
pmid-33731458,33731458,PMC8139707,10.1128/JVI.02336-20,Valosin-containing protein/p97 plays critical roles in the Japanese encephalitis virus life cycle.,PMC XML unusable for normalization.,publisher_pdf_or_user_download,PMC XML body element is missing. Unusable PMC XML deleted from run artifacts.
pmid-33692209,33692209,PMC8139688,10.1128/JVI.00331-21,KDM2B Overexpression Facilitates Lytic De Novo KSHV Infection by Inducing AP-1 Activity Through Interaction with the SCF E3 Ubiquitin Ligase Complex.,PMC XML unusable for normalization.,publisher_pdf_or_user_download,PMC XML body element is missing. Unusable PMC XML deleted from run artifacts.
pmid-33691013,33691013,,,Protein sequence models for prediction and comparative analysis of the SARS-CoV-2 -human interactome.,No PMCID coverage available.,publisher_pdf_or_user_download,No PMCID found via NCBI idconv; PDF fallback will be needed.
pmid-33688653,33688653,PMC7941624,10.1101/2021.03.02.433604,Blockade of SARS-CoV-2 infection in vitro by highly potent PI3K-α/mTOR/BRD4 inhibitor.,PMC XML unusable for normalization.,publisher_pdf_or_user_download,PMC XML body element is missing. Unusable PMC XML deleted from run artifacts.
pmid-33627385,33627385,PMC8139669,10.1128/JVI.02194-20,The FAT10 post-translational modification is involved in the lytic replication of Kaposi's sarcoma-associated herpesvirus.,PMC XML unusable for normalization.,publisher_pdf_or_user_download,PMC XML body element is missing. Unusable PMC XML deleted from run artifacts.
pmid-33595031,33595031,,10.1039/d0cs01084g,Medicinal chemistry strategies for discovering antivirals effective against drug-resistant viruses.,No PMCID coverage available.,publisher_pdf_or_user_download,No PMCID found via NCBI idconv; PDF fallback will be needed.
pmid-33454908,33454908,,10.1007/s11033-020-06119-6,"Molecular characterization, gas chromatography mass spectrometry analysis, phytochemical screening and insecticidal activities of ethanol extract of Lentinus squarrosulus against Aedes aegypti (Linnaeus).",No PMCID coverage available.,publisher_pdf_or_user_download,No PMCID found via NCBI idconv; PDF fallback will be needed.
pmid-33432690,33432690,,10.1111/cmi.13302,Valosin-containing protein ATPase activity regulates the morphogenesis of Zika virus replication organelles and virus-induced cell death.,No PMCID coverage available.,publisher_pdf_or_user_download,No PMCID found via NCBI idconv; PDF fallback will be needed.
pmid-33383067,33383067,,10.1016/j.jip.2020.107525,Bacillus spp. metabolites are effective in eradicating Aedes aegypti (Diptera: Culicidae) larvae with low toxicity to non-target species.,No PMCID coverage available.,publisher_pdf_or_user_download,No PMCID found via NCBI idconv; PDF fallback will be needed.
pmid-33368410,33368410,,10.1002/jmv.26755,miR-150-mediated increase in glucose uptake in HIV-infected cells.,No PMCID coverage available.,publisher_pdf_or_user_download,No PMCID found via NCBI idconv; PDF fallback will be needed.
pmid-33297066,33297066,,10.1016/j.chemosphere.2020.128060,Effects of cypermethrin on the hepatic transcriptome and proteome of the red claw crayfish Cherax quadricarinatus.,No PMCID coverage available.,publisher_pdf_or_user_download,No PMCID found via NCBI idconv; PDF fallback will be needed.
pmid-33279463,33279463,,10.1016/j.jand.2020.10.024,"Postprandial Dried Blood Spot-Based Nutritional Metabolomic Analysis Discriminates a High-Fat, High-Protein Meat-Based Diet from a High Carbohydrate Vegan Diet: A Randomized Controlled Crossover Trial.",No PMCID coverage available.,publisher_pdf_or_user_download,No PMCID found via NCBI idconv; PDF fallback will be needed.
pmid-33208444,33208444,PMC7851561,10.1128/JVI.01800-20,Dual Effects of Let-7b in the Early Stage of Hepatitis C Virus Infection.,PMC XML unusable for normalization.,publisher_pdf_or_user_download,PMC XML body element is missing. Unusable PMC XML deleted from run artifacts.
pmid-33009687,33009687,,10.1111/imb.12670,Genetic transformation of mosquitoes by microparticle bombardment.,No PMCID coverage available.,publisher_pdf_or_user_download,No PMCID found via NCBI idconv; PDF fallback will be needed.
pmid-32959892,32959892,PMC7536980,10.1002/jcp.30055,"Quantitative proteomics reveals a broad-spectrum antiviral property of ivermectin, benefiting for COVID-19 treatment.",PMC XML unusable for normalization.,publisher_pdf_or_user_download,PMC XML body element is missing. Unusable PMC XML deleted from run artifacts.
pmid-32949786,32949786,,10.1016/j.aohep.2020.09.002,Efficacy and safety of glecaprevir/pibrentasvir in treatment-naïve adults with chronic hepatitis C virus genotypes 1-6 in Brazil.,No PMCID coverage available.,publisher_pdf_or_user_download,No PMCID found via NCBI idconv; PDF fallback will be needed.
pmid-32910509,32910509,,10.1096/fj.202000879RR,The Kv1.3 ion channel acts as a host factor restricting viral entry.,No PMCID coverage available.,publisher_pdf_or_user_download,No PMCID found via NCBI idconv; PDF fallback will be needed.
pmid-32507070,32507070,PMC8078713,10.1080/15548627.2020.1775394,Puncta intended: connecting the dots between autophagy and cell stress networks.,PMC XML unusable for normalization.,publisher_pdf_or_user_download,PMC XML body element is missing. Unusable PMC XML deleted from run artifacts.
pmid-31217126,31217126,,10.1109/TCBB.2019.2923173,Colored Network Motif Analysis by Dynamic Programming Approach: An Application in Host Pathogen Interaction Network.,No PMCID coverage available.,publisher_pdf_or_user_download,No PMCID found via NCBI idconv; PDF fallback will be needed.
pmid-33122441,33122441,PMC7668072,10.1073/pnas.2011645117,A CRISPR-Cas9 screen identifies mitochondrial translation as an essential process in latent KSHV infection of human endothelial cells.,PMC XML unusable for normalization.,publisher_pdf_or_user_download,PMC XML body element is missing. Unusable PMC XML deleted from run artifacts.
pmid-33009785,33009785,,10.31857/S0026898420050031,[Retrovirus Restriction Factor TRIM5α: The Mechanism of Action and Prospects for Use in Gene Therapy of HIV Infection].,No PMCID coverage available.,publisher_pdf_or_user_download,No PMCID found via NCBI idconv; PDF fallback will be needed.
pmid-32961008,32961008,,10.1002/cmdc.202000464,Broad-Spectrum Flavivirus Inhibitors: a Medicinal Chemistry Point of View.,No PMCID coverage available.,publisher_pdf_or_user_download,No PMCID found via NCBI idconv; PDF fallback will be needed.
pmid-32912430,32912430,,10.1016/j.bmc.2020.115679,SAR study of bisamides as cyclophilin a inhibitors for the development of host-targeting therapy for hepatitis C virus infection.,No PMCID coverage available.,publisher_pdf_or_user_download,No PMCID found via NCBI idconv; PDF fallback will be needed.
pmid-32885853,32885853,,10.1002/elps.202000133,Metabolomics applied in the study of emerging arboviruses caused by Aedes aegypti mosquitoes: A review.,No PMCID coverage available.,publisher_pdf_or_user_download,No PMCID found via NCBI idconv; PDF fallback will be needed.
pmid-32873704,32873704,PMC7667984,10.1074/jbc.RA120.014668,Nef homodimers down-regulate SERINC5 by AP-2-mediated endocytosis to promote HIV-1 infectivity.,PMC XML unusable for normalization.,publisher_pdf_or_user_download,PMC XML body element is missing. Unusable PMC XML deleted from run artifacts.
pmid-32817318,32817318,PMC7573273,10.1074/jbc.RA120.014835,HIV-1 Gag protein with or without p6 specifically dimerizes on the viral RNA packaging signal.,PMC XML unusable for normalization.,publisher_pdf_or_user_download,PMC XML body element is missing. Unusable PMC XML deleted from run artifacts.
pmid-32796061,32796061,PMC7527036,10.1128/JVI.01146-20,Interaction Interface of Mason-Pfizer Monkey Virus Matrix and Envelope Proteins.,PMC XML unusable for normalization.,publisher_pdf_or_user_download,PMC XML body element is missing. Unusable PMC XML deleted from run artifacts.
pmid-32787106,32787106,,10.1021/acs.jmedchem.0c01039,Unique Domain for a Unique Target: Selective Inhibitors of Host Cell DDX3X to Fight Emerging Viruses.,No PMCID coverage available.,publisher_pdf_or_user_download,No PMCID found via NCBI idconv; PDF fallback will be needed.
pmid-32738280,32738280,,10.1016/j.virusres.2020.198087,Interferon stimulated gene 15 promotes Zika virus replication through regulating Jak/STAT and ISGylation pathways.,No PMCID coverage available.,publisher_pdf_or_user_download,No PMCID found via NCBI idconv; PDF fallback will be needed.
pmid-32727880,32727880,PMC7495382,10.1128/JVI.01306-20,Cortactin Interacts with Hepatitis C Virus Core and NS5A Proteins: Implications for Virion Assembly.,PMC XML unusable for normalization.,publisher_pdf_or_user_download,PMC XML body element is missing. Unusable PMC XML deleted from run artifacts.
pmid-32727878,32727878,PMC7527057,10.1128/JVI.00532-20,ISGylation of Hepatitis C Virus NS5A Protein Promotes Viral RNA Replication via Recruitment of Cyclophilin A.,PMC XML unusable for normalization.,publisher_pdf_or_user_download,PMC XML body element is missing. Unusable PMC XML deleted from run artifacts.
pmid-32712372,32712372,,10.1016/j.jprot.2020.103918,Identification of Lysinibacillus sphaericus Binary toxin binding proteins in a malarial mosquito cell line by proteomics: A novel approach towards improving mosquito control.,No PMCID coverage available.,publisher_pdf_or_user_download,No PMCID found via NCBI idconv; PDF fallback will be needed.
pmid-32686414,32686414,,10.1021/acs.jnatprod.9b01169,Carneic Acids from an Endophytic Phomopsis sp. as Dengue Virus Polymerase Inhibitors.,No PMCID coverage available.,publisher_pdf_or_user_download,No PMCID found via NCBI idconv; PDF fallback will be needed.
pmid-32671418,32671418,,10.1007/s00203-020-01980-2,Identification of an antiviral compound isolated from Pistacia lentiscus.,No PMCID coverage available.,publisher_pdf_or_user_download,No PMCID found via NCBI idconv; PDF fallback will be needed.
pmid-32669340,32669340,PMC7495386,10.1128/JVI.00909-20,Genetic Analyses of Contributions of Viral Interleukin-6 Interactions and Signaling to Human Herpesvirus 8 Productive Replication.,PMC XML unusable for normalization.,publisher_pdf_or_user_download,PMC XML body element is missing. Unusable PMC XML deleted from run artifacts.
pmid-32651277,32651277,PMC7395565,10.1073/pnas.1922366117,Human TRIM5α senses and restricts LINE-1 elements.,PMC XML unusable for normalization.,publisher_pdf_or_user_download,PMC XML body element is missing. Unusable PMC XML deleted from run artifacts.
pmid-32622669,32622669,,10.1016/j.ejphar.2020.173323,Aloperine inhibits hepatitis C virus entry into cells by disturbing internalisation from endocytosis to the membrane fusion process.,No PMCID coverage available.,publisher_pdf_or_user_download,No PMCID found via NCBI idconv; PDF fallback will be needed.
pmid-32609483,32609483,,10.1021/acsinfecdis.0c00018,Examining the Role of Niemann-Pick C1 Protein in the Permissiveness of Aedes Mosquitoes to Filoviruses.,No PMCID coverage available.,publisher_pdf_or_user_download,No PMCID found via NCBI idconv; PDF fallback will be needed.
pmid-32493824,32493824,PMC7394894,10.1128/JVI.02100-19,Ebola Virus Inclusion Body Formation and RNA Synthesis Are Controlled by a Novel Domain of Nucleoprotein Interacting with VP35.,PMC XML unusable for normalization.,publisher_pdf_or_user_download,PMC XML body element is missing. Unusable PMC XML deleted from run artifacts.
pmid-32376621,32376621,PMC7343206,10.1128/JVI.00287-20,Kaposi's Sarcoma-Associated Herpesvirus Fine-Tunes the Temporal Expression of Late Genes by Manipulating a Host RNA Quality Control Pathway.,PMC XML unusable for normalization.,publisher_pdf_or_user_download,PMC XML body element is missing. Unusable PMC XML deleted from run artifacts.
pmid-32327259,32327259,,10.1016/j.bbrc.2020.04.041,Proximity proteomics identifies novel function of Rab14 in trafficking of Ebola virus matrix protein VP40.,No PMCID coverage available.,publisher_pdf_or_user_download,No PMCID found via NCBI idconv; PDF fallback will be needed.
pmid-32294532,32294532,,10.1016/j.jhep.2020.03.047,C19orf66 is an interferon-induced inhibitor of HCV replication that restricts formation of the viral replication organelle.,No PMCID coverage available.,publisher_pdf_or_user_download,No PMCID found via NCBI idconv; PDF fallback will be needed.
pmid-32291285,32291285,PMC7247306,10.1074/jbc.RA120.013280,The viral protein U (Vpu)-interacting host protein ATP6V0C down-regulates cell-surface expression of tetherin and thereby contributes to HIV-1 release.,PMC XML unusable for normalization.,publisher_pdf_or_user_download,PMC XML body element is missing. Unusable PMC XML deleted from run artifacts.
pmid-32259429,32259429,,10.1021/acs.bioconjchem.0c00191,A Bifunctional Nucleoside Probe for the Inhibition of the Human Immunodeficiency Virus-Type 1 Reverse Transcriptase.,No PMCID coverage available.,publisher_pdf_or_user_download,No PMCID found via NCBI idconv; PDF fallback will be needed.
pmid-32238588,32238588,PMC7307100,10.1128/JVI.00416-20,Antiviral Activity and Adaptive Evolution of Avian Tetherins.,PMC XML unusable for normalization.,publisher_pdf_or_user_download,PMC XML body element is missing. Unusable PMC XML deleted from run artifacts.
pmid-32216351,32216351,,10.1021/acs.jproteome.0c00068,"The Development of RNA-KISS, a Mammalian Three-Hybrid Method to Detect RNA-Protein Interactions in Living Mammalian Cells.",No PMCID coverage available.,publisher_pdf_or_user_download,No PMCID found via NCBI idconv; PDF fallback will be needed.
pmid-32213614,32213614,PMC7269450,10.1128/JVI.02176-19,Salt Enhances the Thermostability of Enteroviruses by Stabilizing Capsid Protein Interfaces.,PMC XML unusable for normalization.,publisher_pdf_or_user_download,PMC XML body element is missing. Unusable PMC XML deleted from run artifacts.
pmid-32206696,32206696,PMC7085497,10.1007/s13337-020-00570-6,Understanding of Zaire ebolavirus-human protein interaction for drug repurposing.,PMC XML unusable for normalization.,publisher_pdf_or_user_download,PMC XML body element is missing. Unusable PMC XML deleted from run artifacts.
pmid-32168154,32168154,,10.1097/FJC.0000000000000821,Transduction Efficiency of Adenovirus Vectors in Endothelial Cells and Vascular Smooth Muscle Cells.,No PMCID coverage available.,publisher_pdf_or_user_download,No PMCID found via NCBI idconv; PDF fallback will be needed.
pmid-32161174,32161174,PMC7199406,10.1128/JVI.01923-19,PIWIL4 Maintains HIV-1 Latency by Enforcing Epigenetically Suppressive Modifications on the 5' Long Terminal Repeat.,PMC XML unusable for normalization.,publisher_pdf_or_user_download,PMC XML body element is missing. Unusable PMC XML deleted from run artifacts.
pmid-32152226,32152226,PMC7152771,10.1074/jbc.RA119.010534,The HIV-1 capsid-binding host factor CPSF6 is post-transcriptionally regulated by the cellular microRNA miR-125b.,PMC XML unusable for normalization.,publisher_pdf_or_user_download,PMC XML body element is missing. Unusable PMC XML deleted from run artifacts.
pmid-32119870,32119870,,10.1016/j.antiviral.2020.104756,"Apolipoprotein M, identified as a novel hepatitis C virus (HCV) particle associated protein, contributes to HCV assembly and interacts with E2 protein.",No PMCID coverage available.,publisher_pdf_or_user_download,No PMCID found via NCBI idconv; PDF fallback will be needed.
pmid-32102879,32102879,PMC7163125,10.1128/JVI.02177-19,Concurrent Control of the Kaposi's Sarcoma-Associated Herpesvirus Life Cycle through Chromatin Modulation and Host Hedgehog Signaling: a New Prospect for the Therapeutic Potential of Lipoxin A4.,PMC XML unusable for normalization.,publisher_pdf_or_user_download,PMC XML body element is missing. Unusable PMC XML deleted from run artifacts.
pmid-32102874,32102874,PMC7163128,10.1128/JVI.00029-20,BPIFB3 Regulates Endoplasmic Reticulum Morphology To Facilitate Flavivirus Replication.,PMC XML unusable for normalization.,publisher_pdf_or_user_download,PMC XML body element is missing. Unusable PMC XML deleted from run artifacts.
pmid-32085689,32085689,,10.1080/1744666X.2020.1732820,Genetic and epigenetic regulation of natural resistance to HIV-1 infection: new approaches to unveil the HESN secret.,No PMCID coverage available.,publisher_pdf_or_user_download,No PMCID found via NCBI idconv; PDF fallback will be needed.
pmid-32075911,32075911,PMC7105322,10.1074/jbc.RA120.012767,The C-terminal domain of feline and bovine SAMHD1 proteins has a crucial role in lentiviral restriction.,PMC XML unusable for normalization.,publisher_pdf_or_user_download,PMC XML body element is missing. Unusable PMC XML deleted from run artifacts.
pmid-32045204,32045204,,10.1021/acsinfecdis.9b00290,(Thia)calixarenephosphonic Acids as Potent Inhibitors of the Nucleic Acid Chaperone Activity of the HIV-1 Nucleocapsid Protein with a New Binding Mode and Multitarget Antiviral Activity.,No PMCID coverage available.,publisher_pdf_or_user_download,No PMCID found via NCBI idconv; PDF fallback will be needed.
pmid-32020196,32020196,,10.1093/jme/tjaa014,Screening for Enhancement of Permethrin Toxicity by Plant Essential Oils Against Adult Females of the Yellow Fever Mosquito (Diptera: Culicidae).,No PMCID coverage available.,publisher_pdf_or_user_download,No PMCID found via NCBI idconv; PDF fallback will be needed.
pmid-31929110,31929110,PMC7029120,10.1074/jbc.RA119.009502,"Unlike for cellular mRNAs and other viral internal ribosome entry sites (IRESs), the eIF3 subunit e is not required for the translational activity of the HCV IRES.",PMC XML unusable for normalization.,publisher_pdf_or_user_download,PMC XML body element is missing. Unusable PMC XML deleted from run artifacts.
pmid-31925640,31925640,,10.1007/s11262-020-01731-x,Human immunodeficiency virus type-1 Tat protein induces secretory leukocyte protease inhibitor expression in African green monkey but not human cells.,No PMCID coverage available.,publisher_pdf_or_user_download,No PMCID found via NCBI idconv; PDF fallback will be needed.
pmid-31915280,31915280,PMC7081898,10.1128/JVI.01751-19,A Genome-Wide CRISPR-Cas9 Screen Identifies the Dolichol-Phosphate Mannose Synthase Complex as a Host Dependency Factor for Dengue Virus Infection.,PMC XML unusable for normalization.,publisher_pdf_or_user_download,PMC XML body element is missing. Unusable PMC XML deleted from run artifacts.
pmid-31889261,31889261,,10.1007/978-1-0716-0231-7_14,Disordered RNA-Binding Region Prediction with DisoRDPbind.,No PMCID coverage available.,publisher_pdf_or_user_download,No PMCID found via NCBI idconv; PDF fallback will be needed.
pmid-31863794,31863794,,10.1016/j.jhep.2019.12.009,Interferon-inducible MX2 is a host restriction factor of hepatitis B virus replication.,No PMCID coverage available.,publisher_pdf_or_user_download,No PMCID found via NCBI idconv; PDF fallback will be needed.
pmid-31821132,31821132,,10.1099/jgv.0.001356,mTORC1 restricts hepatitis C virus RNA replication through ULK1-mediated suppression of miR-122 and facilitates post-replication events.,No PMCID coverage available.,publisher_pdf_or_user_download,No PMCID found via NCBI idconv; PDF fallback will be needed.
pmid-31804823,31804823,,10.1021/acs.jmedchem.9b00759,Peptide-β-lactam Inhibitors of Dengue and West Nile Virus NS2B-NS3 Protease Display Two Distinct Binding Modes.,No PMCID coverage available.,publisher_pdf_or_user_download,No PMCID found via NCBI idconv; PDF fallback will be needed.
pmid-31801866,31801866,PMC7022371,10.1128/JVI.01531-19,PACSIN2 Interacts with Nonstructural Protein 5A and Regulates Hepatitis C Virus Assembly.,PMC XML unusable for normalization.,publisher_pdf_or_user_download,PMC XML body element is missing. Unusable PMC XML deleted from run artifacts.
pmid-31792053,31792053,PMC6956528,10.1074/jbc.RA119.011617,The RNA-binding protein QKI-7 recruits the poly(A) polymerase GLD-2 for 3' adenylation and selective stabilization of microRNA-122.,PMC XML unusable for normalization.,publisher_pdf_or_user_download,PMC XML body element is missing. Unusable PMC XML deleted from run artifacts.
pmid-31748797,31748797,PMC7713676,10.1093/cid/ciz1117,Altered Gut Microbiota and Host Metabolite Profiles in Women With Human Immunodeficiency Virus.,PMC XML unusable for normalization.,publisher_pdf_or_user_download,PMC XML body element is missing. Unusable PMC XML deleted from run artifacts.
pmid-31645450,31645450,PMC6955281,10.1128/JVI.00858-19,Surfeit 4 Contributes to the Replication of Hepatitis C Virus Using Double-Membrane Vesicles.,PMC XML unusable for normalization.,publisher_pdf_or_user_download,PMC XML body element is missing. Unusable PMC XML deleted from run artifacts.
pmid-31562565,31562565,PMC7101265,10.1007/s00018-019-03303-1,Global phosphoproteomic analysis of Ebola virions reveals a novel role for VP35 phosphorylation-dependent regulation of genome transcription.,PMC XML unusable for normalization.,publisher_pdf_or_user_download,PMC XML body element is missing. Unusable PMC XML deleted from run artifacts.
pmid-31556466,31556466,PMC7159099,10.1002/jmv.25599,ATP1B3 cooperates with BST-2 to promote hepatitis B virus restriction.,PMC XML unusable for normalization.,publisher_pdf_or_user_download,PMC XML body element is missing. Unusable PMC XML deleted from run artifacts.
pmid-31486690,31486690,,10.1089/cmb.2019.0171,A Graph-Based Approach for Finding the Dengue Infection Pathways in Humans Using Protein-Protein Interactions.,No PMCID coverage available.,publisher_pdf_or_user_download,No PMCID found via NCBI idconv; PDF fallback will be needed.
pmid-31470744,31470744,,10.1080/17460441.2019.1659241,"Recent progress and challenges in drug development to fight hand, foot and mouth disease.",No PMCID coverage available.,publisher_pdf_or_user_download,No PMCID found via NCBI idconv; PDF fallback will be needed.
pmid-31427285,31427285,PMC6996445,10.1101/cshperspect.a036830,Hepatitis C Virus Entry: Protein Interactions and Fusion Determinants Governing Productive Hepatocyte Invasion.,PMC XML unusable for normalization.,publisher_pdf_or_user_download,PMC XML body element is missing. Unusable PMC XML deleted from run artifacts.
pmid-30837187,30837187,,10.1016/j.jmii.2019.01.003,Differential dynamics of hepatic protein expressions with long-term cultivated hepatitis C virus infection.,No PMCID coverage available.,publisher_pdf_or_user_download,No PMCID found via NCBI idconv; PDF fallback will be needed.
pmid-31797572,31797572,,10.1002/cpmc.94,Quantitative Proteomic Profiling of Cryptococcus neoformans.,No PMCID coverage available.,publisher_pdf_or_user_download,No PMCID found via NCBI idconv; PDF fallback will be needed.
pmid-31778201,31778201,PMC6886375,10.1093/milmed/usy430,The US Military HIV Natural History Study: Informing Military HIV Care and Policy for Over 30 Years.,PMC XML unusable for normalization.,publisher_pdf_or_user_download,PMC XML body element is missing. Unusable PMC XML deleted from run artifacts.
pmid-31611641,31611641,,10.1038/s41564-019-0575-6,Transportin-1 binds to the HIV-1 capsid via a nuclear localization signal and triggers uncoating.,No PMCID coverage available.,publisher_pdf_or_user_download,No PMCID found via NCBI idconv; PDF fallback will be needed.
pmid-31597760,31597760,PMC6912122,10.1128/JVI.01398-19,Multifunctional Roles of the N-Terminal Region of HIV-1(SF2)Nef Are Mediated by Three Independent Protein Interaction Sites.,PMC XML unusable for normalization.,publisher_pdf_or_user_download,PMC XML body element is missing. Unusable PMC XML deleted from run artifacts.
pmid-31590195,31590195,,10.1055/a-1014-3303,Virucidal Effect of Guggulsterone Isolated from Commiphora gileadensis.,No PMCID coverage available.,publisher_pdf_or_user_download,No PMCID found via NCBI idconv; PDF fallback will be needed.
pmid-31585734,31585734,,10.1016/j.bbrc.2019.09.105,HCV NS5A hyperphosphorylation is involved in viral translation modulation.,No PMCID coverage available.,publisher_pdf_or_user_download,No PMCID found via NCBI idconv; PDF fallback will be needed.
pmid-31578294,31578294,PMC6880157,10.1128/JVI.01275-19,Flexibility in Nucleic Acid Binding Is Central to APOBEC3H Antiviral Activity.,PMC XML unusable for normalization.,publisher_pdf_or_user_download,PMC XML body element is missing. Unusable PMC XML deleted from run artifacts.
pmid-31484750,31484750,PMC6819923,10.1128/JVI.00869-19,"The Coxsackievirus and Adenovirus Receptor, a Required Host Factor for Recovirus Infection, Is a Putative Enteric Calicivirus Receptor.",PMC XML unusable for normalization.,publisher_pdf_or_user_download,PMC XML body element is missing. Unusable PMC XML deleted from run artifacts.
pmid-31462560,31462560,PMC6819943,10.1128/JVI.01191-19,In Vivo Dynamics of Reporter Flaviviridae Viruses.,PMC XML unusable for normalization.,publisher_pdf_or_user_download,PMC XML body element is missing. Unusable PMC XML deleted from run artifacts.
pmid-31423536,31423536,,10.1093/jtm/taz062,"Severe dengue in travellers: pathogenesis, risk and clinical management.",No PMCID coverage available.,publisher_pdf_or_user_download,No PMCID found via NCBI idconv; PDF fallback will be needed.
pmid-31421165,31421165,,10.1016/j.antiviral.2019.104589,Antiviral activity of ST081006 against the dengue virus.,No PMCID coverage available.,publisher_pdf_or_user_download,No PMCID found via NCBI idconv; PDF fallback will be needed.
pmid-31357191,31357191,,10.1159/000501015,Altered Platelet Fatty Acids in Dengue Cases by Gas Chromatography-Mass Spectrometry Analysis.,No PMCID coverage available.,publisher_pdf_or_user_download,No PMCID found via NCBI idconv; PDF fallback will be needed.
pmid-31346035,31346035,PMC6746445,10.1074/jbc.RA118.006797,The anti-parasitic drug suramin potently inhibits formation of seminal amyloid fibrils and their interaction with HIV-1.,PMC XML unusable for normalization.,publisher_pdf_or_user_download,PMC XML body element is missing. Unusable PMC XML deleted from run artifacts.
pmid-31344550,31344550,,10.1016/j.virol.2019.07.011,Association of polymorphisms in NFκB1 promoter and NFκBIA gene with the development of antibodies against HHV-8 in HIV-infected individuals.,No PMCID coverage available.,publisher_pdf_or_user_download,No PMCID found via NCBI idconv; PDF fallback will be needed.
pmid-31341272,31341272,,10.1038/s41579-019-0233-2,Therapeutic strategies to target the Ebola virus life cycle.,No PMCID coverage available.,publisher_pdf_or_user_download,No PMCID found via NCBI idconv; PDF fallback will be needed.
pmid-31305524,31305524,,10.3791/59329,Identification of Nucleolar Factors During HIV-1 Replication Through Rev Immunoprecipitation and Mass Spectrometry.,No PMCID coverage available.,publisher_pdf_or_user_download,No PMCID found via NCBI idconv; PDF fallback will be needed.
pmid-31292246,31292246,PMC6744251,10.1128/JVI.00733-19,Replicons of a Rodent Hepatitis C Model Virus Permit Selection of Highly Permissive Cells.,PMC XML unusable for normalization.,publisher_pdf_or_user_download,PMC XML body element is missing. Unusable PMC XML deleted from run artifacts.
pmid-31234696,31234696,PMC6693535,10.1080/15476286.2019.1629208,Strand-specific affinity of host factor hnRNP C1/C2 guides positive to negative-strand ratio in Coxsackievirus B3 infection.,PMC XML unusable for normalization.,publisher_pdf_or_user_download,PMC XML body element is missing. Unusable PMC XML deleted from run artifacts.
pmid-31199160,31199160,,10.1021/acs.jproteome.9b00130,Differential Proteomics Reveals Discrete Functions of Proteins Interacting with Hypo- versus Hyper-phosphorylated NS5A of the Hepatitis C Virus.,No PMCID coverage available.,publisher_pdf_or_user_download,No PMCID found via NCBI idconv; PDF fallback will be needed.
pmid-31199156,31199156,,10.1021/acs.jproteome.9b00318,Analysis of the Zika and Japanese Encephalitis Virus NS5 Interactomes.,No PMCID coverage available.,publisher_pdf_or_user_download,No PMCID found via NCBI idconv; PDF fallback will be needed.
pmid-31167922,31167922,PMC6675898,10.1128/JVI.00706-19,A Novel Phenotype Links HIV-1 Capsid Stability to cGAS-Mediated DNA Sensing.,PMC XML unusable for normalization.,publisher_pdf_or_user_download,PMC XML body element is missing. Unusable PMC XML deleted from run artifacts.
pmid-31134586,31134586,PMC6814695,10.1007/s12250-019-00131-2,Proteomics Profiling of Host Cell Response via Protein Expression and Phosphorylation upon Dengue Virus Infection.,PMC XML unusable for normalization.,publisher_pdf_or_user_download,PMC XML body element is missing. Unusable PMC XML deleted from run artifacts.
pmid-31122859,31122859,,10.1016/j.vaccine.2019.05.012,Complementary use of mass spectrometry and cryo-electron microscopy to assess the maturity of live attenuated dengue vaccine viruses.,No PMCID coverage available.,publisher_pdf_or_user_download,No PMCID found via NCBI idconv; PDF fallback will be needed.
pmid-31118263,31118263,PMC6714797,10.1128/JVI.00715-19,Characterization of Novel Splice Variants of Zinc Finger Antiviral Protein (ZAP).,PMC XML unusable for normalization.,publisher_pdf_or_user_download,PMC XML body element is missing. Unusable PMC XML deleted from run artifacts.
pmid-31091448,31091448,,10.1016/j.celrep.2019.04.063,Guanylate-Binding Proteins 2 and 5 Exert Broad Antiviral Activity by Inhibiting Furin-Mediated Processing of Viral Envelope Proteins.,No PMCID coverage available.,publisher_pdf_or_user_download,No PMCID found via NCBI idconv; PDF fallback will be needed.
pmid-31077760,31077760,,10.1016/j.biochi.2019.05.004,Exploiting the unique features of Zika and Dengue proteases for inhibitor design.,No PMCID coverage available.,publisher_pdf_or_user_download,No PMCID found via NCBI idconv; PDF fallback will be needed.
pmid-31068426,31068426,PMC6600202,10.1128/JVI.00558-19,K63-Linked Ubiquitin Is Required for Restriction of HIV-1 Reverse Transcription and Capsid Destabilization by Rhesus TRIM5α.,PMC XML unusable for normalization.,publisher_pdf_or_user_download,PMC XML body element is missing. Unusable PMC XML deleted from run artifacts.
pmid-31068419,31068419,PMC6600183,10.1128/JVI.00693-19,Sam68 Promotes Hepatitis C Virus Replication by Interaction with Stem-Loop 2 of Viral 5' Untranslated Region.,PMC XML unusable for normalization.,publisher_pdf_or_user_download,PMC XML body element is missing. Unusable PMC XML deleted from run artifacts.
pmid-31063043,31063043,,10.1089/vim.2018.0137,Screening the Action Targets of Enterovirus 71 in Human SH-SY5Y Cells Using RNA Sequencing Data.,No PMCID coverage available.,publisher_pdf_or_user_download,No PMCID found via NCBI idconv; PDF fallback will be needed.
pmid-31057110,31057110,,10.2174/1570162X17666190506155222,Plasma Membrane Proteomic Profile Discovers Macrophage-capping Protein Related to Latent HIV-1.,No PMCID coverage available.,publisher_pdf_or_user_download,No PMCID found via NCBI idconv; PDF fallback will be needed.
pmid-31057087,31057087,PMC6602411,10.1080/15476286.2019.1608754,Gld2 activity is regulated by phosphorylation in the N-terminal domain.,PMC XML unusable for normalization.,publisher_pdf_or_user_download,PMC XML body element is missing. Unusable PMC XML deleted from run artifacts.
pmid-31055190,31055190,,10.1016/j.jchromb.2019.04.048,"A liquid chromatography-tandem mass spectrometry method for simultaneous determination of simeprevir, daclatasvir, sofosbuvir, and GS-331007 applied to a retrospective clinical pharmacological study.",No PMCID coverage available.,publisher_pdf_or_user_download,No PMCID found via NCBI idconv; PDF fallback will be needed.
pmid-31043528,31043528,PMC6600204,10.1128/JVI.00544-19,CD4 Expression and Env Conformation Are Critical for HIV-1 Restriction by SERINC5.,PMC XML unusable for normalization.,publisher_pdf_or_user_download,PMC XML body element is missing. Unusable PMC XML deleted from run artifacts.
pmid-30962119,30962119,,10.1016/S2352-3018(19)30051-7,Phylogenetic inference for the study of within-host HIV-1 dynamics and persistence on antiretroviral therapy.,No PMCID coverage available.,publisher_pdf_or_user_download,No PMCID found via NCBI idconv; PDF fallback will be needed.
pmid-30904944,30904944,,10.1007/s00425-019-03147-w,Phytochemical composition and larvicidal activity of essential oils from herbal plants.,No PMCID coverage available.,publisher_pdf_or_user_download,No PMCID found via NCBI idconv; PDF fallback will be needed.
pmid-30862674,30862674,PMC6497950,10.1074/jbc.RA119.007662,"The retroviral accessory proteins S2, Nef, and glycoMA use similar mechanisms for antagonizing the host restriction factor SERINC5.",PMC XML unusable for normalization.,publisher_pdf_or_user_download,PMC XML body element is missing. Unusable PMC XML deleted from run artifacts.
pmid-30862444,30862444,,10.1016/j.antiviral.2019.03.005,APOBEC3G is a restriction factor of EV71 and mediator of IMB-Z antiviral activity.,No PMCID coverage available.,publisher_pdf_or_user_download,No PMCID found via NCBI idconv; PDF fallback will be needed.
pmid-30859472,30859472,,10.1007/s00705-019-04194-0,Polymorphisms in the APOBEC3G gene of Chinese rhesus macaques affect resistance to ubiquitination and degradation mediated by HIV-2 Vif.,No PMCID coverage available.,publisher_pdf_or_user_download,No PMCID found via NCBI idconv; PDF fallback will be needed.
pmid-30853381,30853381,,10.1016/j.antiviral.2019.03.002,Stearoyl-CoA desaturase-1 is required for flavivirus RNA replication.,No PMCID coverage available.,publisher_pdf_or_user_download,No PMCID found via NCBI idconv; PDF fallback will be needed.
pmid-30851494,30851494,,10.1016/j.bios.2019.02.036,Localized surface plasmon resonance (LSPR) biosensor based on thermally annealed silver nanostructures with on-chip blood-plasma separation for the detection of dengue non-structural protein NS1 antigen.,No PMCID coverage available.,publisher_pdf_or_user_download,No PMCID found via NCBI idconv; PDF fallback will be needed.
pmid-30833724,30833724,,10.1038/s41564-019-0372-2,Proteomic profiling of HIV-1 infection of human CD4(+) T cells identifies PSGL-1 as an HIV restriction factor.,No PMCID coverage available.,publisher_pdf_or_user_download,No PMCID found via NCBI idconv; PDF fallback will be needed.
pmid-30817906,30817906,,10.1016/j.clinbiochem.2019.02.011,Identification of SAA and ACTB as potential biomarker of patients with severe HFMD using iTRAQ quantitative proteomics.,No PMCID coverage available.,publisher_pdf_or_user_download,No PMCID found via NCBI idconv; PDF fallback will be needed.
pmid-30814280,30814280,PMC6475785,10.1128/JVI.00214-19,CA Mutation N57A Has Distinct Strain-Specific HIV-1 Capsid Uncoating and Infectivity Phenotypes.,PMC XML unusable for normalization.,publisher_pdf_or_user_download,PMC XML body element is missing. Unusable PMC XML deleted from run artifacts.
pmid-30808769,30808769,PMC6397561,10.1073/pnas.1815356116,Plasma lipidome reveals critical illness and recovery from human Ebola virus disease.,PMC XML unusable for normalization.,publisher_pdf_or_user_download,PMC XML body element is missing. Unusable PMC XML deleted from run artifacts.
pmid-30807789,30807789,,10.1016/j.fitote.2019.02.015,"Cytotoxic, antimicrobial and antiviral secondary metabolites produced by the plant pathogenic fungus Cytospora sp. CCTU A309.",No PMCID coverage available.,publisher_pdf_or_user_download,No PMCID found via NCBI idconv; PDF fallback will be needed.
pmid-30771682,30771682,,10.1016/j.jss.2019.01.008,SELDI-TOF MS Analysis of Hepatocellular Carcinoma in an Australian Cohort.,No PMCID coverage available.,publisher_pdf_or_user_download,No PMCID found via NCBI idconv; PDF fallback will be needed.
pmid-30708217,30708217,,10.1016/j.scitotenv.2019.01.325,"Prenatal exposure to perfluoroalkyl substances is associated with lower hand, foot and mouth disease viruses antibody response in infancy: Findings from the Guangzhou Birth Cohort Study.",No PMCID coverage available.,publisher_pdf_or_user_download,No PMCID found via NCBI idconv; PDF fallback will be needed.
pmid-30700597,30700597,PMC6450115,10.1128/JVI.01948-18,JC Polyomavirus Entry by Clathrin-Mediated Endocytosis Is Driven by β-Arrestin.,PMC XML unusable for normalization.,publisher_pdf_or_user_download,PMC XML body element is missing. Unusable PMC XML deleted from run artifacts.
pmid-30694421,30694421,,10.1007/s11262-019-01638-2,Recombinant HCV NS3 and NS5B enzymes exhibit multiple posttranslational modifications for potential regulation.,No PMCID coverage available.,publisher_pdf_or_user_download,No PMCID found via NCBI idconv; PDF fallback will be needed.
pmid-30686666,30686666,,10.1016/j.str.2018.12.006,Infectivity of Dengue Virus Serotypes 1 and 2 Is Correlated with E-Protein Intrinsic Dynamics but Not to Envelope Conformations.,No PMCID coverage available.,publisher_pdf_or_user_download,No PMCID found via NCBI idconv; PDF fallback will be needed.
pmid-30671730,30671730,,10.1007/s00436-019-06212-1,"Chemical composition, Aedes mosquito larvicidal activity, and repellent activity against Triatoma rubrofasciata of Severinia monophylla leaf essential oil.",No PMCID coverage available.,publisher_pdf_or_user_download,No PMCID found via NCBI idconv; PDF fallback will be needed.
pmid-30664855,30664855,,10.1016/j.lfs.2019.01.025,HIV-1 Nef and host proteome analysis: Current perspective.,No PMCID coverage available.,publisher_pdf_or_user_download,No PMCID found via NCBI idconv; PDF fallback will be needed.
pmid-30639520,30639520,,10.1016/j.meegid.2018.12.033,Vitamin D-mediated attenuation of miR-155 in human macrophages infected with dengue virus: Implications for the cytokine response.,No PMCID coverage available.,publisher_pdf_or_user_download,No PMCID found via NCBI idconv; PDF fallback will be needed.
pmid-30633983,30633983,,10.1016/j.micpath.2019.01.012,Isolation of an antiviral compound from Tunisian olive twig cultivars.,No PMCID coverage available.,publisher_pdf_or_user_download,No PMCID found via NCBI idconv; PDF fallback will be needed.
pmid-30626683,30626683,PMC6401473,10.1128/JVI.01708-18,USP15 Participates in Hepatitis C Virus Propagation through Regulation of Viral RNA Translation and Lipid Droplet Formation.,PMC XML unusable for normalization.,publisher_pdf_or_user_download,PMC XML body element is missing. Unusable PMC XML deleted from run artifacts.
pmid-30614131,30614131,,10.1002/rmv.2033,Hepatitis C virus protein interaction network for HCV clearance and association of DAA to HCC occurrence via data mining approach: A systematic review and critical analysis.,No PMCID coverage available.,publisher_pdf_or_user_download,No PMCID found via NCBI idconv; PDF fallback will be needed.
pmid-30605241,30605241,,10.1002/cmdc.201800641,"Synthesis, Biological Evaluation, and Molecular Docking of Combretastatin and Colchicine Derivatives and their hCE1-Activated Prodrugs as Antiviral Agents.",No PMCID coverage available.,publisher_pdf_or_user_download,No PMCID found via NCBI idconv; PDF fallback will be needed.
pmid-30599163,30599163,,10.1016/j.virusres.2018.12.013,The cellular stress response in hepatitis C virus infection: A balancing act to promote viral persistence and host cell survival.,No PMCID coverage available.,publisher_pdf_or_user_download,No PMCID found via NCBI idconv; PDF fallback will be needed.
pmid-30593625,30593625,,10.1007/978-1-4939-8976-8_11,Expression Cloning of Host Factors Required for the HCV Replication Cycle.,No PMCID coverage available.,publisher_pdf_or_user_download,No PMCID found via NCBI idconv; PDF fallback will be needed.
pmid-30572232,30572232,,10.1016/j.chemosphere.2018.12.096,"Target screening analysis of 970 semi-volatile organic compounds adsorbed on atmospheric particulate matter in Hanoi, Vietnam.",No PMCID coverage available.,publisher_pdf_or_user_download,No PMCID found via NCBI idconv; PDF fallback will be needed.
pmid-30567983,30567983,PMC6401423,10.1128/JVI.01459-18,Functional and Physical Interaction between the Arf Activator GBF1 and Hepatitis C Virus NS3 Protein.,PMC XML unusable for normalization.,publisher_pdf_or_user_download,PMC XML body element is missing. Unusable PMC XML deleted from run artifacts.
pmid-30566069,30566069,,10.1099/jgv.0.001205,Role of APOBEC3 proteins in proteasome inhibitor-mediated reactivation of latent HIV-1 viruses.,No PMCID coverage available.,publisher_pdf_or_user_download,No PMCID found via NCBI idconv; PDF fallback will be needed.
pmid-30552291,30552291,PMC6427228,10.1074/mcp.RA118.001067,"Proteins, Transcripts, and Genetic Architecture of Seminal Fluid and Sperm in the Mosquito Aedes aegypti.",PMC XML unusable for normalization.,publisher_pdf_or_user_download,PMC XML body element is missing. Unusable PMC XML deleted from run artifacts.
pmid-30543544,30543544,,10.1097/COH.0000000000000522,New Th17-specific therapeutic strategies for HIV remission.,No PMCID coverage available.,publisher_pdf_or_user_download,No PMCID found via NCBI idconv; PDF fallback will be needed.
pmid-30541837,30541837,PMC6384073,10.1128/JVI.01978-18,Genome-Wide Identification of Direct RTA Targets Reveals Key Host Factors for Kaposi's Sarcoma-Associated Herpesvirus Lytic Reactivation.,PMC XML unusable for normalization.,publisher_pdf_or_user_download,PMC XML body element is missing. Unusable PMC XML deleted from run artifacts.
pmid-30532036,30532036,,10.1038/s41429-018-0117-0,"New tetrahydroquinoline and indoline compounds containing a hydroxy cyclopentenone, virantmycin B and C, produced by Streptomyces sp. AM-2504.",No PMCID coverage available.,publisher_pdf_or_user_download,No PMCID found via NCBI idconv; PDF fallback will be needed.
pmid-30518643,30518643,PMC6363989,10.1128/JVI.01749-18,Histidine-Rich Glycoprotein Inhibits HIV-1 Infection in a pH-Dependent Manner.,PMC XML unusable for normalization.,publisher_pdf_or_user_download,PMC XML body element is missing. Unusable PMC XML deleted from run artifacts.
pmid-30516462,30516462,,10.1099/jgv.0.001180,Hepatitis C virus NS5A inhibitor daclatasvir allosterically impairs NS4B-involved protein-protein interactions within the viral replicase and disrupts the replicase quaternary structure in a replicase assembly surrogate system.,No PMCID coverage available.,publisher_pdf_or_user_download,No PMCID found via NCBI idconv; PDF fallback will be needed.
pmid-30502581,30502581,,10.1016/j.saa.2018.11.056,Stability of β-turn in LaR2C-N7 peptide for its translation-inhibitory activity against hepatitis C viral infection: A molecular dynamics study.,No PMCID coverage available.,publisher_pdf_or_user_download,No PMCID found via NCBI idconv; PDF fallback will be needed.
pmid-30472319,30472319,,10.1016/j.jhep.2018.11.012,"SEC14L2, a lipid-binding protein, regulates HCV replication in culture with inter- and intra-genotype variations.",No PMCID coverage available.,publisher_pdf_or_user_download,No PMCID found via NCBI idconv; PDF fallback will be needed.
pmid-30463971,30463971,PMC6363994,10.1128/JVI.01306-18,RNA Helicase A Is an Important Host Factor Involved in Dengue Virus Replication.,PMC XML unusable for normalization.,publisher_pdf_or_user_download,PMC XML body element is missing. Unusable PMC XML deleted from run artifacts.
pmid-30396090,30396090,,10.1016/j.biopha.2018.10.054,A proteomic analysis of the anti-dengue virus activity of andrographolide.,No PMCID coverage available.,publisher_pdf_or_user_download,No PMCID found via NCBI idconv; PDF fallback will be needed.
pmid-30355687,30355687,PMC6321930,10.1128/JVI.01651-18,Murine Leukemia Virus Glycosylated Gag Reduces Murine SERINC5 Protein Expression at Steady-State Levels via the Endosome/Lysosome Pathway to Counteract SERINC5 Antiretroviral Activity.,PMC XML unusable for normalization.,publisher_pdf_or_user_download,PMC XML body element is missing. Unusable PMC XML deleted from run artifacts.
pmid-30299483,30299483,PMC6376916,10.1093/infdis/jiy583,Sex Influences SAMHD1 Activity and Susceptibility to Human Immunodeficiency Virus-1 in Primary Human Macrophages.,PMC XML unusable for normalization.,publisher_pdf_or_user_download,PMC XML body element is missing. Unusable PMC XML deleted from run artifacts.
pmid-30191624,30191624,,10.1002/pca.2790,Comprehensive characterisation of polyphenols in leaves and stems of three anti-dengue virus type-2 active Brazilian Faramea species (Rubiaceae) by HPLC-DAD-ESI-MS/MS.,No PMCID coverage available.,publisher_pdf_or_user_download,No PMCID found via NCBI idconv; PDF fallback will be needed.
pmid-30070380,30070380,,10.1002/hep.30149,Negative Regulation of Mitochondrial Antiviral Signaling Protein-Mediated Antiviral Signaling by the Mitochondrial Protein LRPPRC During Hepatitis C Virus Infection.,No PMCID coverage available.,publisher_pdf_or_user_download,No PMCID found via NCBI idconv; PDF fallback will be needed.
pmid-30044201,30044201,,10.1080/07391102.2018.1479659,Structure-based prediction of West Nile virus-human protein-protein interactions.,No PMCID coverage available.,publisher_pdf_or_user_download,No PMCID found via NCBI idconv; PDF fallback will be needed.
pmid-28713027,28713027,,10.1016/j.jprot.2017.07.004,"An ""on-matrix"" digestion procedure for AP-MS experiments dissects the interplay between complex-conserved and serotype-specific reactivities in Dengue virus-human plasma interactome.",No PMCID coverage available.,publisher_pdf_or_user_download,No PMCID found via NCBI idconv; PDF fallback will be needed.
pmid-34532551,34532551,PMC8342114,10.21769/BioProtoc.3108,In vitro Membrane Interaction and Liposome Fusion Assays Using Recombinant Hepatitis C Virus Envelope Protein E2.,PMC XML unusable for normalization.,publisher_pdf_or_user_download,PMC XML body element is missing. Unusable PMC XML deleted from run artifacts.
pmid-33111682,33111682,,10.1684/vir.2018.0741,SAMHD1: mechanisms of regulation and viral evasion.,No PMCID coverage available.,publisher_pdf_or_user_download,No PMCID found via NCBI idconv; PDF fallback will be needed.
pmid-33111680,33111680,,10.1684/vir.2018.0742,[SAMHD1: mechanisms of regulation and viral evasion].,No PMCID coverage available.,publisher_pdf_or_user_download,No PMCID found via NCBI idconv; PDF fallback will be needed.
pmid-33111669,33111669,,10.1684/vir.2018.0716,"[Solute carrier NTCP, a key actor in liver infections by hepatitis viruses and a promising antiviral target].",No PMCID coverage available.,publisher_pdf_or_user_download,No PMCID found via NCBI idconv; PDF fallback will be needed.
pmid-31949838,31949838,PMC6962950,,The susceptibility of human hepatoma-derived oval-like cells to hepatitis B virus infection.,PMC XML unusable for normalization.,publisher_pdf_or_user_download,PMC XML body element is missing. Unusable PMC XML deleted from run artifacts.
pmid-30964011,30964011,PMC8676226,10.1049/iet-nbt.2018.5083,"Green synthesis of copper oxide nanoparticles and mosquito larvicidal activity against dengue, zika and chikungunya causing vector Aedes aegypti.",PMC XML unusable for normalization.,publisher_pdf_or_user_download,PMC XML body element is missing. Unusable PMC XML deleted from run artifacts.
pmid-30618454,30618454,,10.4103/0972-9062.249485,"Protein tyrosine phosphatase, opisthorchiasis and dengue: A proteomics interrelationship.",No PMCID coverage available.,publisher_pdf_or_user_download,No PMCID found via NCBI idconv; PDF fallback will be needed.
pmid-30550784,30550784,,10.1016/j.cell.2018.11.033,Deception through Mimicry: A Cellular Antiviral Strategy.,No PMCID coverage available.,publisher_pdf_or_user_download,No PMCID found via NCBI idconv; PDF fallback will be needed.
pmid-30539049,30539049,PMC6261891,10.1007/s13337-018-0484-y,Differentially expressed serum host proteins in hepatitis B and C viral infections.,PMC XML unusable for normalization.,publisher_pdf_or_user_download,PMC XML body element is missing. Unusable PMC XML deleted from run artifacts.
pmid-30366550,30366550,,10.1016/j.ncl.2018.07.001,Viral Encephalitis.,No PMCID coverage available.,publisher_pdf_or_user_download,No PMCID found via NCBI idconv; PDF fallback will be needed.
pmid-30333189,30333189,PMC6233135,10.1073/pnas.1800796115,Dynamic regulation of HIV-1 capsid interaction with the restriction factor TRIM5α identified by magic-angle spinning NMR and molecular dynamics simulations.,PMC XML unusable for normalization.,publisher_pdf_or_user_download,PMC XML body element is missing. Unusable PMC XML deleted from run artifacts.
pmid-30265629,30265629,,10.1146/annurev-virology-092917-043308,SERINC5 as a New Restriction Factor for Human Immunodeficiency Virus and Murine Leukemia Virus.,No PMCID coverage available.,publisher_pdf_or_user_download,No PMCID found via NCBI idconv; PDF fallback will be needed.
pmid-30259143,30259143,,10.1007/s00705-018-4044-y,Correction to: The expression of HCV-associated host factors is dependent on the hepatoma cell line used in HCV studies.,No PMCID coverage available.,publisher_pdf_or_user_download,No PMCID found via NCBI idconv; PDF fallback will be needed.
pmid-30258001,30258001,PMC6258934,10.1128/JVI.00737-18,Characterization of a Threonine-Rich Cluster in Hepatitis C Virus Nonstructural Protein 5A and Its Contribution to Hyperphosphorylation.,PMC XML unusable for normalization.,publisher_pdf_or_user_download,PMC XML body element is missing. Unusable PMC XML deleted from run artifacts.
pmid-30257946,30257946,PMC6187195,10.1073/pnas.1806695115,IL-15 regulates susceptibility of CD4(+) T cells to HIV infection.,PMC XML unusable for normalization.,publisher_pdf_or_user_download,PMC XML body element is missing. Unusable PMC XML deleted from run artifacts.
pmid-30241016,30241016,,10.1016/j.cyto.2018.09.006,Human interleukin-34-derived macrophages have increased resistance to HIV-1 infection.,No PMCID coverage available.,publisher_pdf_or_user_download,No PMCID found via NCBI idconv; PDF fallback will be needed.
pmid-30195251,30195251,,10.1016/j.virol.2018.08.013,Impaired heterologous protein-protein interaction is an essential cause for non-viability of WNV/DENV recombinants.,No PMCID coverage available.,publisher_pdf_or_user_download,No PMCID found via NCBI idconv; PDF fallback will be needed.
pmid-30176115,30176115,,10.1002/iub.1916,"Chemical Crosslinking-Mass Spectrometry (CXL-MS) for Proteomics, Antibody-Drug Conjugates (ADCs) and Cryo-Electron Microscopy (cryo-EM).",No PMCID coverage available.,publisher_pdf_or_user_download,No PMCID found via NCBI idconv; PDF fallback will be needed.
pmid-30151572,30151572,,10.1007/978-1-4939-8678-1_7,Phenotypic Lentivirus Screens to Identify Antiviral Single Domain Antibodies.,No PMCID coverage available.,publisher_pdf_or_user_download,No PMCID found via NCBI idconv; PDF fallback will be needed.
pmid-30151571,30151571,,10.1007/978-1-4939-8678-1_6,Haploid Screening for the Identification of Host Factors in Virus Infection.,No PMCID coverage available.,publisher_pdf_or_user_download,No PMCID found via NCBI idconv; PDF fallback will be needed.
pmid-30135121,30135121,PMC6189487,10.1128/JVI.00426-18,Phosphorylated VP30 of Marburg Virus Is a Repressor of Transcription.,PMC XML unusable for normalization.,publisher_pdf_or_user_download,PMC XML body element is missing. Unusable PMC XML deleted from run artifacts.
pmid-30133337,30133337,PMC6425983,10.1089/nat.2018.0722,Development of Locked Nucleic Acid Antisense Oligonucleotides Targeting Ebola Viral Proteins and Host Factor Niemann-Pick C1.,PMC XML unusable for normalization.,publisher_pdf_or_user_download,PMC XML body element is missing. Unusable PMC XML deleted from run artifacts.
pmid-30111563,30111563,PMC6189502,10.1128/JVI.01123-18,Neuralized E3 Ubiquitin Protein Ligase 3 Is an Inducible Antiviral Effector That Inhibits Hepatitis C Virus Assembly by Targeting Viral E1 Glycoprotein.,PMC XML unusable for normalization.,publisher_pdf_or_user_download,PMC XML body element is missing. Unusable PMC XML deleted from run artifacts.
pmid-30097692,30097692,PMC7613421,10.1007/s00018-018-2892-y,"The functional role of sodium taurocholate cotransporting polypeptide NTCP in the life cycle of hepatitis B, C and D viruses.",PMC XML unusable for normalization.,publisher_pdf_or_user_download,PMC XML body element is missing. Unusable PMC XML deleted from run artifacts.
pmid-30081309,30081309,,10.1016/j.virol.2018.07.024,Equine MX2 is a restriction factor of equine infectious anemia virus (EIAV).,No PMCID coverage available.,publisher_pdf_or_user_download,No PMCID found via NCBI idconv; PDF fallback will be needed.
pmid-30068654,30068654,PMC6158439,10.1128/JVI.00592-18,USP18 (UBP43) Abrogates p21-Mediated Inhibition of HIV-1.,PMC XML unusable for normalization.,publisher_pdf_or_user_download,PMC XML body element is missing. Unusable PMC XML deleted from run artifacts.
pmid-30058773,30058773,,10.1002/cpcb.54,Hepatitis C Virus Infection of Cultured Cells and Primary Human Hepatocytes.,No PMCID coverage available.,publisher_pdf_or_user_download,No PMCID found via NCBI idconv; PDF fallback will be needed.
pmid-30053682,30053682,,10.1016/j.jpba.2018.07.042,Cross-platform metabolic profiling deciphering the potential targets of Shenfu injection against acute viral myocarditis in mice.,No PMCID coverage available.,publisher_pdf_or_user_download,No PMCID found via NCBI idconv; PDF fallback will be needed.
pmid-30039812,30039812,,10.1039/c8an00969d,Enzyme-containing spin membranes for rapid digestion and characterization of single proteins.,No PMCID coverage available.,publisher_pdf_or_user_download,No PMCID found via NCBI idconv; PDF fallback will be needed.
pmid-29997176,29997176,PMC6065015,10.1073/pnas.1803909115,Affinity switching of the LEDGF/p75 IBD interactome is governed by kinase-dependent phosphorylation.,PMC XML unusable for normalization.,publisher_pdf_or_user_download,PMC XML body element is missing. Unusable PMC XML deleted from run artifacts.
pmid-29996094,29996094,,10.1016/j.celrep.2018.06.047,RIG-I Recognizes the 5' Region of Dengue and Zika Virus Genomes.,No PMCID coverage available.,publisher_pdf_or_user_download,No PMCID found via NCBI idconv; PDF fallback will be needed.
pmid-29985958,29985958,PMC6053240,10.1371/journal.ppat.1007175,KSHV-induced ligand mediated activation of PDGF receptor-alpha drives Kaposi's sarcomagenesis.,PMC XML download failed.,publisher_pdf_or_user_download,"PMC download error: Command '['curl', '--silent', '--show-error', '--fail', '--location', '--max-time', '60', 'https://eutils.ncbi.nlm.nih.gov/entrez/eutils/efetch.fcgi?db=pmc&id=PMC6053240&retmode=xml']' returned non-zero exit status 56."
pmid-29976668,29976668,PMC6146695,10.1128/JVI.00276-18,Preadaptation of Simian Immunodeficiency Virus SIVsmm Facilitated Env-Mediated Counteraction of Human Tetherin by Human Immunodeficiency Virus Type 2.,PMC XML unusable for normalization.,publisher_pdf_or_user_download,PMC XML body element is missing. Unusable PMC XML deleted from run artifacts.
pmid-29950425,29950425,PMC6096797,10.1128/JVI.00544-18,Kaposi's Sarcoma-Associated Herpesvirus Nonstructural Membrane Protein pK15 Recruits the Class II Phosphatidylinositol 3-Kinase PI3K-C2α To Activate Productive Viral Replication.,PMC XML unusable for normalization.,publisher_pdf_or_user_download,PMC XML body element is missing. Unusable PMC XML deleted from run artifacts.
pmid-29950411,29950411,PMC6096802,10.1128/JVI.01056-18,Human MxB Protein Is a Pan-herpesvirus Restriction Factor.,PMC XML unusable for normalization.,publisher_pdf_or_user_download,PMC XML body element is missing. Unusable PMC XML deleted from run artifacts.
pmid-29941593,29941593,PMC6048544,10.1073/pnas.1721646115,Enhancement of Ebola virus infection by seminal amyloid fibrils.,PMC XML unusable for normalization.,publisher_pdf_or_user_download,PMC XML body element is missing. Unusable PMC XML deleted from run artifacts.
pmid-29923822,29923822,,10.1099/jgv.0.001099,Investigation of the role of GBF1 in the replication of positive-sense single-stranded RNA viruses.,No PMCID coverage available.,publisher_pdf_or_user_download,No PMCID found via NCBI idconv; PDF fallback will be needed.
pmid-29902443,29902443,,10.1016/j.chom.2018.05.005,Flaviviruses Exploit the Lipid Droplet Protein AUP1 to Trigger Lipophagy and Drive Virus Production.,No PMCID coverage available.,publisher_pdf_or_user_download,No PMCID found via NCBI idconv; PDF fallback will be needed.
pmid-29891865,29891865,,10.1038/s41564-018-0179-6,HIV-2/SIV viral protein X counteracts HUSH repressor complex.,No PMCID coverage available.,publisher_pdf_or_user_download,No PMCID found via NCBI idconv; PDF fallback will be needed.
pmid-29885618,29885618,,10.1016/j.ecoenv.2018.05.062,Target and non-target toxicity of fern extracts against mosquito vectors and beneficial aquatic organisms.,No PMCID coverage available.,publisher_pdf_or_user_download,No PMCID found via NCBI idconv; PDF fallback will be needed.
pmid-29845539,29845539,,10.1007/978-981-10-8727-1_19,Structural Insights into the Broad-Spectrum Antiviral Target Endoplasmic Reticulum Alpha-Glucosidase II.,No PMCID coverage available.,publisher_pdf_or_user_download,No PMCID found via NCBI idconv; PDF fallback will be needed.
pmid-29845529,29845529,,10.1007/978-981-10-8727-1_9,The Dengue Virus Replication Complex: From RNA Replication to Protein-Protein Interactions to Evasion of Innate Immunity.,No PMCID coverage available.,publisher_pdf_or_user_download,No PMCID found via NCBI idconv; PDF fallback will be needed.
pmid-29793806,29793806,,10.1016/j.pt.2018.04.011,Diverse Host and Restriction Factors Regulate Mosquito-Pathogen Interactions.,No PMCID coverage available.,publisher_pdf_or_user_download,No PMCID found via NCBI idconv; PDF fallback will be needed.
pmid-29792674,29792674,,10.1021/acschembio.8b00231,Partial Intrinsic Disorder Governs the Dengue Capsid Protein Conformational Ensemble.,No PMCID coverage available.,publisher_pdf_or_user_download,No PMCID found via NCBI idconv; PDF fallback will be needed.
pmid-29769351,29769351,PMC6052284,10.1128/JVI.02068-17,Protein Phosphatase 1α Interacts with Venezuelan Equine Encephalitis Virus Capsid Protein and Regulates Viral Replication through Modulation of Capsid Phosphorylation.,PMC XML unusable for normalization.,publisher_pdf_or_user_download,PMC XML body element is missing. Unusable PMC XML deleted from run artifacts.
pmid-29769341,29769341,PMC6052288,10.1128/JVI.01974-17,Mutational Analysis of the Bovine Hepacivirus Internal Ribosome Entry Site.,PMC XML unusable for normalization.,publisher_pdf_or_user_download,PMC XML body element is missing. Unusable PMC XML deleted from run artifacts.
pmid-29743366,29743366,PMC6026753,10.1128/JVI.00478-18,Regulation of Virus-Associated Lymphoma Growth and Gene Expression by Bacterial Quorum-Sensing Molecules.,PMC XML unusable for normalization.,publisher_pdf_or_user_download,PMC XML body element is missing. Unusable PMC XML deleted from run artifacts.
pmid-29607934,29607934,,10.1248/bpb.b17-00991,Virion-Packaged Pyruvate Kinase Muscle Type 2 Affects Reverse Transcription Efficiency of Human Immunodeficiency Virus Type 1 by Blocking Virion Recruitment of tRNA(Lys3).,No PMCID coverage available.,publisher_pdf_or_user_download,No PMCID found via NCBI idconv; PDF fallback will be needed.
pmid-29600765,29600765,,10.2174/1568026618666180330141351,Network Pharmacology: Exploring the Resources and Methodologies.,No PMCID coverage available.,publisher_pdf_or_user_download,No PMCID found via NCBI idconv; PDF fallback will be needed.
pmid-29570075,29570075,,10.1109/TNB.2018.2797696,Computational Prediction of HCV-Human Protein-Protein Interaction via Topological Analysis of HCV Infected PPI Modules.,No PMCID coverage available.,publisher_pdf_or_user_download,No PMCID found via NCBI idconv; PDF fallback will be needed.
pmid-29567952,29567952,,10.1038/s41429-018-0044-0,"Cystargamide B, a cyclic lipodepsipeptide with protease inhibitory activity from Streptomyces sp.",No PMCID coverage available.,publisher_pdf_or_user_download,No PMCID found via NCBI idconv; PDF fallback will be needed.
pmid-29526438,29526438,,10.1016/j.cytogfr.2018.02.006,Let me in: Control of HIV nuclear entry at the nuclear envelope.,No PMCID coverage available.,publisher_pdf_or_user_download,No PMCID found via NCBI idconv; PDF fallback will be needed.
pmid-29514909,29514909,PMC5952139,10.1128/JVI.00196-18,HIV-1 Nef Antagonizes SERINC5 Restriction by Downregulation of SERINC5 via the Endosome/Lysosome System.,PMC XML unusable for normalization.,publisher_pdf_or_user_download,PMC XML body element is missing. Unusable PMC XML deleted from run artifacts.
pmid-29505169,29505169,,10.1002/prca.201700012,Effects of let-7e on LPS-Stimulated THP-1 Cells Assessed by iTRAQ Proteomic Analysis.,No PMCID coverage available.,publisher_pdf_or_user_download,No PMCID found via NCBI idconv; PDF fallback will be needed.
pmid-29498742,29498742,,,Potential associations between atazanavir exposure and clinical outcome: a pharmacokinetic sub-study from the MODAt randomized trial.,No PMCID coverage available.,publisher_pdf_or_user_download,No PMCID found via NCBI idconv; PDF fallback will be needed.
pmid-29491159,29491159,PMC5923087,10.1128/JVI.01982-17,Identification of Piperazinylbenzenesulfonamides as New Inhibitors of Claudin-1 Trafficking and Hepatitis C Virus Entry.,PMC XML unusable for normalization.,publisher_pdf_or_user_download,PMC XML body element is missing. Unusable PMC XML deleted from run artifacts.
pmid-29468972,29468972,,10.2174/1570162X16666180219155324,Investigating HIV-Human Interaction Networks to Unravel Pathogenic Mechanism for Drug Discovery: A Systems Biology Approach.,No PMCID coverage available.,publisher_pdf_or_user_download,No PMCID found via NCBI idconv; PDF fallback will be needed.
pmid-29465030,29465030,,10.1099/jgv.0.001026,Novel host restriction factors implicated in HIV-1 replication.,No PMCID coverage available.,publisher_pdf_or_user_download,No PMCID found via NCBI idconv; PDF fallback will be needed.
pmid-29451539,29451539,PMC5794927,10.1210/js.2018-00011,"CORRIGENDUM FOR ""Coxsackievirus-Induced Proteomic Alterations in Primary Human Islets Provide Insights for the Etiology of Diabetes"".",PMC XML unusable for normalization.,publisher_pdf_or_user_download,PMC XML body element is missing. Unusable PMC XML deleted from run artifacts.
pmid-29437969,29437969,PMC5874423,10.1128/JVI.02258-17,Monoclonal Antibodies against Occludin Completely Prevented Hepatitis C Virus Infection in a Mouse Model.,PMC XML unusable for normalization.,publisher_pdf_or_user_download,PMC XML body element is missing. Unusable PMC XML deleted from run artifacts.
pmid-29404888,29404888,,10.1007/s11010-018-3300-5,HIV-1 Nef CAWLEAQ motif: a regulator of monocytes invasion through ENO1 modulation.,No PMCID coverage available.,publisher_pdf_or_user_download,No PMCID found via NCBI idconv; PDF fallback will be needed.
pmid-29386121,29386121,,10.1016/j.celrep.2018.01.038,A Global Interactome Map of the Dengue Virus NS1 Identifies Virus Restriction and Dependency Host Factors.,No PMCID coverage available.,publisher_pdf_or_user_download,No PMCID found via NCBI idconv; PDF fallback will be needed.
pmid-29358114,29358114,,10.1016/j.virol.2018.01.009,Expression of flavivirus capsids enhance the cellular environment for viral replication by activating Akt-signalling pathways.,No PMCID coverage available.,publisher_pdf_or_user_download,No PMCID found via NCBI idconv; PDF fallback will be needed.
pmid-29326001,29326001,,10.1016/j.tem.2017.12.002,Coxsackievirus and Type 1 Diabetes Mellitus: The Wolf's Footprints.,No PMCID coverage available.,publisher_pdf_or_user_download,No PMCID found via NCBI idconv; PDF fallback will be needed.
pmid-29321329,29321329,PMC5827405,10.1128/JVI.01787-17,"A Cyclin-Binding Motif in Human SAMHD1 Is Required for Its HIV-1 Restriction, dNTPase Activity, Tetramer Formation, and Efficient Phosphorylation.",PMC XML unusable for normalization.,publisher_pdf_or_user_download,PMC XML body element is missing. Unusable PMC XML deleted from run artifacts.
pmid-29321307,29321307,PMC5972905,10.1128/JVI.02177-17,Kaposi's Sarcoma-Associated Herpesvirus K8 Is an RNA Binding Protein That Regulates Viral DNA Replication in Coordination with a Noncoding RNA.,PMC XML unusable for normalization.,publisher_pdf_or_user_download,PMC XML body element is missing. Unusable PMC XML deleted from run artifacts.
pmid-29313175,29313175,,10.1007/s12013-017-0837-y,A Biomolecular Network Driven Proteinic Interaction in HCV Clearance.,No PMCID coverage available.,publisher_pdf_or_user_download,No PMCID found via NCBI idconv; PDF fallback will be needed.
pmid-29273334,29273334,,10.1016/j.bbamem.2017.12.017,Fusogenic properties of the Ectodomain of HCV E2 envelope protein.,No PMCID coverage available.,publisher_pdf_or_user_download,No PMCID found via NCBI idconv; PDF fallback will be needed.
pmid-29263261,29263261,PMC5827407,10.1128/JVI.01647-17,The Host Factor AUF1 p45 Supports Flavivirus Propagation by Triggering the RNA Switch Required for Viral Genome Cyclization.,PMC XML unusable for normalization.,publisher_pdf_or_user_download,PMC XML body element is missing. Unusable PMC XML deleted from run artifacts.
pmid-29211501,29211501,,10.1080/08830185.2017.1403596,Viral subversion of APOBEC3s: Lessons for anti-tumor immunity and tumor immunotherapy.,No PMCID coverage available.,publisher_pdf_or_user_download,No PMCID found via NCBI idconv; PDF fallback will be needed.
pmid-29167336,29167336,PMC5790950,10.1128/JVI.01376-17,"Insight into the Roles of E3 Ubiquitin Ligase c-Cbl, ESCRT Machinery, and Host Cell Signaling in Kaposi's Sarcoma-Associated Herpesvirus Entry and Trafficking.",PMC XML unusable for normalization.,publisher_pdf_or_user_download,PMC XML body element is missing. Unusable PMC XML deleted from run artifacts.
pmid-29084447,29084447,PMC5771535,10.1089/AID.2017.0077,Proteomic Profiling of a Primary CD4(+) T Cell Model of HIV-1 Latency Identifies Proteins Whose Differential Expression Correlates with Reactivation of Latent HIV-1.,PMC XML unusable for normalization.,publisher_pdf_or_user_download,PMC XML body element is missing. Unusable PMC XML deleted from run artifacts.
pmid-29028879,29028879,PMC7109800,10.1093/bfgp/elx026,Review of computational methods for virus-host protein interaction prediction: a case study on novel Ebola-human interactions.,PMC XML unusable for normalization.,publisher_pdf_or_user_download,PMC XML body element is missing. Unusable PMC XML deleted from run artifacts.
pmid-29028477,29028477,,10.1016/j.virol.2017.09.024,Modulation of the NF-κB signaling pathway by the HIV-2 envelope glycoprotein and its incomplete BST-2 antagonism.,No PMCID coverage available.,publisher_pdf_or_user_download,No PMCID found via NCBI idconv; PDF fallback will be needed.
pmid-28772350,28772350,,10.1111/jvh.12767,"Claudin-1, miR-122 and apolipoprotein E transductions improve the permissivity of SNU-182, SNU-398 and SNU-449 hepatoma cells to hepatitis C virus.",No PMCID coverage available.,publisher_pdf_or_user_download,No PMCID found via NCBI idconv; PDF fallback will be needed.
pmid-28710692,28710692,,10.1007/82_2017_27,Host Factors Involved in Ebola Virus Replication.,No PMCID coverage available.,publisher_pdf_or_user_download,No PMCID found via NCBI idconv; PDF fallback will be needed.
pmid-28685292,28685292,,10.1007/82_2017_29,Role of Innate Genes in HIV Replication.,No PMCID coverage available.,publisher_pdf_or_user_download,No PMCID found via NCBI idconv; PDF fallback will be needed.
pmid-28647517,28647517,,10.1016/j.jprot.2017.06.018,Proteomics to study macrophage response to viral infection.,No PMCID coverage available.,publisher_pdf_or_user_download,No PMCID found via NCBI idconv; PDF fallback will be needed.
pmid-39193130,39193130,PMC11322781,10.1016/j.clinms.2017.08.003,Subtyping of hepatitis C virus with high resolution mass spectrometry.,PMC XML unusable for normalization.,publisher_pdf_or_user_download,PMC XML body element is missing. Unusable PMC XML deleted from run artifacts.
pmid-29372760,29372760,,10.3724/SP.J.1123.2017.07020,[High sensitive non-derivative determination of cyclovirobuxin D by high-performance liquid chromatography-electrochemical determination].,No PMCID coverage available.,publisher_pdf_or_user_download,No PMCID found via NCBI idconv; PDF fallback will be needed.
pmid-29281836,29281836,,10.1016/j.celrep.2017.11.094,A Global Interactome Map of the Dengue Virus NS1 Identifies Virus Restriction and Dependency Host Factors.,No PMCID coverage available.,publisher_pdf_or_user_download,No PMCID found via NCBI idconv; PDF fallback will be needed.
pmid-29117567,29117567,,10.1016/j.celrep.2017.10.055,The Host Protein Reticulon 3.1A Is Utilized by Flaviviruses to Facilitate Membrane Remodelling.,No PMCID coverage available.,publisher_pdf_or_user_download,No PMCID found via NCBI idconv; PDF fallback will be needed.
pmid-29117523,29117523,PMC5685779,10.1016/j.bpj.2017.09.010,FRET Analysis of the Promiscuous yet Specific Interactions of the HIV-1 Vpu Transmembrane Domain.,PMC XML unusable for normalization.,publisher_pdf_or_user_download,PMC XML body element is missing. Unusable PMC XML deleted from run artifacts.
pmid-29079575,29079575,PMC5743084,10.1074/jbc.M117.798801,HIV-1 Vpr protein directly loads helicase-like transcription factor (HLTF) onto the CRL4-DCAF1 E3 ubiquitin ligase.,PMC XML unusable for normalization.,publisher_pdf_or_user_download,PMC XML body element is missing. Unusable PMC XML deleted from run artifacts.
pmid-29074218,29074218,,10.1016/j.antiviral.2017.10.016,Avasimibe: A novel hepatitis C virus inhibitor that targets the assembly of infectious viral particles.,No PMCID coverage available.,publisher_pdf_or_user_download,No PMCID found via NCBI idconv; PDF fallback will be needed.
pmid-29054407,29054407,,10.1016/j.bbrc.2017.10.086,Ubiquitination of non-lysine residues in the retroviral integrase.,No PMCID coverage available.,publisher_pdf_or_user_download,No PMCID found via NCBI idconv; PDF fallback will be needed.
pmid-29024767,29024767,,10.1016/j.antiviral.2017.10.006,Modulation of proteolytic polyprotein processing by coxsackievirus mutants resistant to inhibitors targeting phosphatidylinositol-4-kinase IIIβ or oxysterol binding protein.,No PMCID coverage available.,publisher_pdf_or_user_download,No PMCID found via NCBI idconv; PDF fallback will be needed.
pmid-28965915,28965915,,10.1016/j.antiviral.2017.09.017,"Interplay between dengue virus and Toll-like receptors, RIG-I/MDA5 and microRNAs: Implications for pathogenesis.",No PMCID coverage available.,publisher_pdf_or_user_download,No PMCID found via NCBI idconv; PDF fallback will be needed.
pmid-28956771,28956771,PMC5686720,10.1128/JVI.01264-17,NLRX1 Mediates MAVS Degradation To Attenuate the Hepatitis C Virus-Induced Innate Immune Response through PCBP2.,PMC XML unusable for normalization.,publisher_pdf_or_user_download,PMC XML body element is missing. Unusable PMC XML deleted from run artifacts.
pmid-28931675,28931675,PMC5686711,10.1128/JVI.01174-17,Comparative Transcriptomics Highlights the Role of the Activator Protein 1 Transcription Factor in the Host Response to Ebolavirus.,PMC XML unusable for normalization.,publisher_pdf_or_user_download,PMC XML body element is missing. Unusable PMC XML deleted from run artifacts.
pmid-28919545,28919545,,10.1016/j.meegid.2017.09.008,"Mechanisms behind TB, HBV, and HIV chronic infections.",No PMCID coverage available.,publisher_pdf_or_user_download,No PMCID found via NCBI idconv; PDF fallback will be needed.
pmid-28912275,28912275,PMC5672029,10.1074/jbc.M117.813766,NMR reveals the intrinsically disordered domain 2 of NS5A protein as an allosteric regulator of the hepatitis C virus RNA polymerase NS5B.,PMC XML unusable for normalization.,publisher_pdf_or_user_download,PMC XML body element is missing. Unusable PMC XML deleted from run artifacts.
pmid-28912011,28912011,,10.1016/j.antiviral.2017.09.004,Cell-line dependent antiviral activity of sofosbuvir against Zika virus.,No PMCID coverage available.,publisher_pdf_or_user_download,No PMCID found via NCBI idconv; PDF fallback will be needed.
pmid-28864671,28864671,,10.1042/BCJ20170353,Expression of an RNA glycosidase inhibits HIV-1 transactivation of transcription.,No PMCID coverage available.,publisher_pdf_or_user_download,No PMCID found via NCBI idconv; PDF fallback will be needed.
pmid-28857040,28857040,,10.1099/jgv.0.000901,Hepatitis C virus down-regulates SERPINE1/PAI-1 expression to facilitate its replication.,No PMCID coverage available.,publisher_pdf_or_user_download,No PMCID found via NCBI idconv; PDF fallback will be needed.
pmid-28840565,28840565,PMC6598887,10.1007/s12250-017-4000-0,Interplay between hepatitis C virus and ARF4.,PMC XML unusable for normalization.,publisher_pdf_or_user_download,PMC XML body element is missing. Unusable PMC XML deleted from run artifacts.
pmid-28835547,28835547,PMC5623871,10.15252/embr.201744100,IFITM3 requires an amphipathic helix for antiviral activity.,PMC XML unusable for normalization.,publisher_pdf_or_user_download,PMC XML body element is missing. Unusable PMC XML deleted from run artifacts.
pmid-28825520,28825520,,10.1177/0022034517723325,Postnatal Identification of Zika Virus Peptides from Saliva.,No PMCID coverage available.,publisher_pdf_or_user_download,No PMCID found via NCBI idconv; PDF fallback will be needed.
pmid-28823471,28823471,,10.1016/j.str.2017.07.007,Epitope and Paratope Mapping Reveals Temperature-Dependent Alterations in the Dengue-Antibody Interface.,No PMCID coverage available.,publisher_pdf_or_user_download,No PMCID found via NCBI idconv; PDF fallback will be needed.
pmid-28814526,28814526,PMC5640844,10.1128/JVI.01240-17,HIV-1 Exploits a Dynamic Multi-aminoacyl-tRNA Synthetase Complex To Enhance Viral Replication.,PMC XML unusable for normalization.,publisher_pdf_or_user_download,PMC XML body element is missing. Unusable PMC XML deleted from run artifacts.
pmid-28803141,28803141,,10.1016/j.virol.2017.07.022,The poly-proline tail of SIVmac Vpx provides gain of function for resistance to a cryptic proteasome-dependent degradation pathway.,No PMCID coverage available.,publisher_pdf_or_user_download,No PMCID found via NCBI idconv; PDF fallback will be needed.
pmid-28783500,28783500,,10.1016/j.virol.2017.08.002,Treatment with PTEN-Long protein inhibits hepatitis C virus replication.,No PMCID coverage available.,publisher_pdf_or_user_download,No PMCID found via NCBI idconv; PDF fallback will be needed.
pmid-28751105,28751105,,10.1016/j.virusres.2017.07.018,Permissiveness of human hepatocellular carcinoma cell lines for hepatitis C virus entry and replication.,No PMCID coverage available.,publisher_pdf_or_user_download,No PMCID found via NCBI idconv; PDF fallback will be needed.
pmid-28712153,28712153,,10.1111/tmi.12931,Proteomic analysis reveals the enhancement of human serum apolipoprotein A-1(APO A-1) in individuals infected with multiple dengue virus serotypes.,No PMCID coverage available.,publisher_pdf_or_user_download,No PMCID found via NCBI idconv; PDF fallback will be needed.
pmid-28691899,28691899,,10.1099/jgv.0.000828,Aggregation of a hepatitis C virus replicase module induced by ablation of p97/VCP.,No PMCID coverage available.,publisher_pdf_or_user_download,No PMCID found via NCBI idconv; PDF fallback will be needed.
pmid-28690024,28690024,,10.1016/j.jmii.2017.06.006,The p53 gene with emphasis on its paralogues in mosquitoes.,No PMCID coverage available.,publisher_pdf_or_user_download,No PMCID found via NCBI idconv; PDF fallback will be needed.
pmid-28681817,28681817,,10.4103/ijmm.IJMM_16_309,The evaluation of interferon lambda 4 rs368234815 as a predictor factor in treated patients with chronic hepatitis C genotype 1a infection.,No PMCID coverage available.,publisher_pdf_or_user_download,No PMCID found via NCBI idconv; PDF fallback will be needed.
pmid-28681198,28681198,,10.1007/s11011-017-0062-9,Childhood maltreatment and HIV-associated neurocognitive disorders share similar pathophysiology: a potential sensitisation mechanism?,No PMCID coverage available.,publisher_pdf_or_user_download,No PMCID found via NCBI idconv; PDF fallback will be needed.
pmid-28679761,28679761,PMC5571272,10.1128/JVI.00833-17,The Host E3-Ubiquitin Ligase TRIM6 Ubiquitinates the Ebola Virus VP35 Protein and Promotes Virus Replication.,PMC XML unusable for normalization.,publisher_pdf_or_user_download,PMC XML body element is missing. Unusable PMC XML deleted from run artifacts.
pmid-28679754,28679754,PMC5571274,10.1128/JVI.00629-17,Sec24C-Dependent Transport of Claudin-1 Regulates Hepatitis C Virus Entry.,PMC XML unusable for normalization.,publisher_pdf_or_user_download,PMC XML body element is missing. Unusable PMC XML deleted from run artifacts.
pmid-28660234,28660234,PMC5484154,10.21769/BioProtoc.2216,Isolation of Exosomes from Semen for in vitro Uptake and HIV-1 Infection Assays.,PMC XML unusable for normalization.,publisher_pdf_or_user_download,PMC XML body element is missing. Unusable PMC XML deleted from run artifacts.
pmid-28659343,28659343,PMC5566525,10.1074/jbc.M117.797332,The host-cell restriction factor SERINC5 restricts HIV-1 infectivity without altering the lipid composition and organization of viral particles.,PMC XML unusable for normalization.,publisher_pdf_or_user_download,PMC XML body element is missing. Unusable PMC XML deleted from run artifacts.
pmid-28606917,28606917,PMC5546197,10.1074/mcp.M116.066019,Quantitative Temporal Viromics of an Inducible HIV-1 Model Yields Insight to Global Host Targets and Phospho-Dynamics Associated with Protein Vpr.,PMC XML unusable for normalization.,publisher_pdf_or_user_download,PMC XML body element is missing. Unusable PMC XML deleted from run artifacts.
pmid-28594571,28594571,PMC5512318,10.1089/dna.2017.3791,ZMPSTE24 Is Downstream Effector of Interferon-Induced Transmembrane Antiviral Activity.,PMC XML unusable for normalization.,publisher_pdf_or_user_download,PMC XML body element is missing. Unusable PMC XML deleted from run artifacts.
pmid-28574091,28574091,,10.1039/c7ob00012j,Macrocyclic peptide inhibitors for the protein-protein interaction of Zaire Ebola virus protein 24 and karyopherin alpha 5.,No PMCID coverage available.,publisher_pdf_or_user_download,No PMCID found via NCBI idconv; PDF fallback will be needed.
pmid-28561835,28561835,,10.1039/c6mb00841k,vhfRNAi: a web-platform for analysis of host genes involved in viral infections discovered by genome wide RNAi screens.,No PMCID coverage available.,publisher_pdf_or_user_download,No PMCID found via NCBI idconv; PDF fallback will be needed.
pmid-28548037,28548037,,10.1099/jgv.0.000754,Moonlighting glycolytic enzyme glyceraldehyde-3-phosphate dehydrogenase (GAPDH) is required for efficient hepatitis C virus and dengue virus infections in human Huh-7.5.1 cells.,No PMCID coverage available.,publisher_pdf_or_user_download,No PMCID found via NCBI idconv; PDF fallback will be needed.
pmid-28543875,28543875,,10.1111/1348-0421.12493,Unconjugated interferon-stimulated gene 15 specifically interacts with the hepatitis C virus NS5A protein via domain I.,No PMCID coverage available.,publisher_pdf_or_user_download,No PMCID found via NCBI idconv; PDF fallback will be needed.
pmid-28515293,28515293,PMC5651724,10.1128/JVI.00362-17,Virus-Like Vesicles of Kaposi's Sarcoma-Associated Herpesvirus Activate Lytic Replication by Triggering Differentiation Signaling.,PMC XML unusable for normalization.,publisher_pdf_or_user_download,PMC XML body element is missing. Unusable PMC XML deleted from run artifacts.
pmid-28483922,28483922,PMC5500786,10.1074/jbc.M117.777045,Quantitative microspectroscopic imaging reveals viral and cellular RNA helicase interactions in live cells.,PMC XML unusable for normalization.,publisher_pdf_or_user_download,PMC XML body element is missing. Unusable PMC XML deleted from run artifacts.
pmid-28448054,28448054,PMC5564943,10.3791/55585,Lipid Droplet Isolation for Quantitative Mass Spectrometry Analysis.,PMC XML unusable for normalization.,publisher_pdf_or_user_download,PMC XML body element is missing. Unusable PMC XML deleted from run artifacts.
pmid-28446670,28446670,PMC5487551,10.1128/JVI.01081-16,Collateral Damage during Dengue Virus Infection: Making Sense of DNA by cGAS.,PMC XML unusable for normalization.,publisher_pdf_or_user_download,PMC XML body element is missing. Unusable PMC XML deleted from run artifacts.
pmid-28446668,28446668,PMC5487554,10.1128/JVI.00194-17,Serine 235 Is the Primary NS5A Hyperphosphorylation Site Responsible for Hepatitis C Virus Replication.,PMC XML unusable for normalization.,publisher_pdf_or_user_download,PMC XML body element is missing. Unusable PMC XML deleted from run artifacts.
pmid-28438609,28438609,,10.1016/j.jviromet.2017.04.009,Novel replicons and trans-encapsidation systems for Hepatitis C Virus proteins live imaging and virus-host interaction proteomics.,No PMCID coverage available.,publisher_pdf_or_user_download,No PMCID found via NCBI idconv; PDF fallback will be needed.
pmid-28427827,28427827,,10.1016/j.antiviral.2017.04.008,"Antiviral screen identifies EV71 inhibitors and reveals camptothecin-target, DNA topoisomerase 1 as a novel EV71 host factor.",No PMCID coverage available.,publisher_pdf_or_user_download,No PMCID found via NCBI idconv; PDF fallback will be needed.
pmid-28424288,28424288,PMC5469257,10.1128/JVI.00051-17,Virion-Associated Vpr Alleviates a Postintegration Block to HIV-1 Infection of Dendritic Cells.,PMC XML unusable for normalization.,publisher_pdf_or_user_download,PMC XML body element is missing. Unusable PMC XML deleted from run artifacts.
pmid-28399283,28399283,,10.1093/jme/tjw222,Repellent and Larvicidal Activity of the Essential Oil From Eucalyptus nitens Against Aedes aegypti and Aedes albopictus (Diptera: Culicidae).,No PMCID coverage available.,publisher_pdf_or_user_download,No PMCID found via NCBI idconv; PDF fallback will be needed.
pmid-28397482,28397482,,10.7754/Clin.Lab.2016.161203,Genetic Polymorphism of Epidermal Growth Factor rs4444903 Influences Susceptibility to HCV-Related Liver Cirrhosis and Hepatocellular Carcinoma in a Chinese Han Population.,No PMCID coverage available.,publisher_pdf_or_user_download,No PMCID found via NCBI idconv; PDF fallback will be needed.
pmid-28389578,28389578,PMC5392592,10.1074/jbc.H117.777714,Exposing HIV's weaknesses.,PMC XML unusable for normalization.,publisher_pdf_or_user_download,PMC XML body element is missing. Unusable PMC XML deleted from run artifacts.
pmid-28381554,28381554,PMC5448093,10.1074/jbc.M116.767889,DNA mutagenic activity and capacity for HIV-1 restriction of the cytidine deaminase APOBEC3G depend on whether DNA or RNA binds to tyrosine 315.,PMC XML unusable for normalization.,publisher_pdf_or_user_download,PMC XML body element is missing. Unusable PMC XML deleted from run artifacts.
pmid-28374641,28374641,,10.1080/17512433.2017.1313111,Why highly effective drugs are not enough: the need for an affordable solution to eliminating HCV.,No PMCID coverage available.,publisher_pdf_or_user_download,No PMCID found via NCBI idconv; PDF fallback will be needed.
pmid-28358392,28358392,,10.1038/nprot.2017.014,Analyzing trapped protein complexes by Virotrap and SFINX.,No PMCID coverage available.,publisher_pdf_or_user_download,No PMCID found via NCBI idconv; PDF fallback will be needed.
pmid-28356354,28356354,PMC5465493,10.1074/jbc.M117.777029,N-terminal half of transportin SR2 interacts with HIV integrase.,PMC XML unusable for normalization.,publisher_pdf_or_user_download,PMC XML body element is missing. Unusable PMC XML deleted from run artifacts.
pmid-28336330,28336330,,10.1016/j.bbalip.2017.03.007,Requirement of cytosolic phospholipase A2 gamma in lipid droplet formation.,No PMCID coverage available.,publisher_pdf_or_user_download,No PMCID found via NCBI idconv; PDF fallback will be needed.
pmid-28321930,28321930,,10.1002/prot.25287,Uncovering allostery and regulation in SAMHD1 through molecular dynamics simulations.,No PMCID coverage available.,publisher_pdf_or_user_download,No PMCID found via NCBI idconv; PDF fallback will be needed.
pmid-28299671,28299671,,10.1007/978-981-10-3233-2_25,CBFß and HIV Infection.,No PMCID coverage available.,publisher_pdf_or_user_download,No PMCID found via NCBI idconv; PDF fallback will be needed.
pmid-28294056,28294056,,10.2174/1386207320666170310114816,Prediction of the Ebola Virus Infection Related Human Genes Using Protein-Protein Interaction Network.,No PMCID coverage available.,publisher_pdf_or_user_download,No PMCID found via NCBI idconv; PDF fallback will be needed.
pmid-28279342,28279342,,10.1016/j.chom.2017.02.017,West African Ebola Virus Strains: Unstable and Ready to Invade?,No PMCID coverage available.,publisher_pdf_or_user_download,No PMCID found via NCBI idconv; PDF fallback will be needed.
pmid-28274805,28274805,,10.1016/j.pep.2017.03.004,"Expression, refolding and bio-structural analysis of a tetravalent recombinant dengue envelope domain III protein for serological diagnosis.",No PMCID coverage available.,publisher_pdf_or_user_download,No PMCID found via NCBI idconv; PDF fallback will be needed.
pmid-28271980,28271980,,10.1089/omi.2016.0160,Mosquito-Borne Diseases and Omics: Salivary Gland Proteome of the Female Aedes aegypti Mosquito.,No PMCID coverage available.,publisher_pdf_or_user_download,No PMCID found via NCBI idconv; PDF fallback will be needed.
pmid-28240606,28240606,PMC5373883,10.1172/JCI89857,Anticancer kinase inhibitors impair intracellular viral trafficking and exert broad-spectrum antiviral effects.,PMC XML unusable for normalization.,publisher_pdf_or_user_download,PMC XML body element is missing. Unusable PMC XML deleted from run artifacts.
pmid-28202764,28202764,PMC5391446,10.1128/JVI.00088-17,TRIM25 Is Required for the Antiviral Activity of Zinc Finger Antiviral Protein.,PMC XML unusable for normalization.,publisher_pdf_or_user_download,PMC XML body element is missing. Unusable PMC XML deleted from run artifacts.
pmid-28202763,28202763,PMC5391453,10.1128/JVI.00225-17,Inhibition of Vpx-Mediated SAMHD1 and Vpr-Mediated Host Helicase Transcription Factor Degradation by Selective Disruption of Viral CRL4 (DCAF1) E3 Ubiquitin Ligase Assembly.,PMC XML unusable for normalization.,publisher_pdf_or_user_download,PMC XML body element is missing. Unusable PMC XML deleted from run artifacts.
pmid-28192064,28192064,,10.1089/vbz.2016.2040,Aedes-Borne Virus-Mosquito Interactions: Mass Spectrometry Strategies and Findings.,No PMCID coverage available.,publisher_pdf_or_user_download,No PMCID found via NCBI idconv; PDF fallback will be needed.
pmid-28190076,28190076,PMC5407679,10.3791/54849,Development of a Hepatitis B Virus Reporter System to Monitor the Early Stages of the Replication Cycle.,PMC XML unusable for normalization.,publisher_pdf_or_user_download,PMC XML body element is missing. Unusable PMC XML deleted from run artifacts.
pmid-28171790,28171790,,10.1016/j.jpba.2017.01.033,Study on the forced degradation behaviour of ledipasvir: Identification of major degradation products using LC-QTOF-MS/MS and NMR.,No PMCID coverage available.,publisher_pdf_or_user_download,No PMCID found via NCBI idconv; PDF fallback will be needed.
pmid-28137230,28137230,,10.2174/1568026617666170130122231,Proteases in Mosquito Borne Diseases: New Avenues in Drug Development.,No PMCID coverage available.,publisher_pdf_or_user_download,No PMCID found via NCBI idconv; PDF fallback will be needed.
pmid-28124222,28124222,PMC6598876,10.1007/s12250-016-3902-6,Recent advances in the identification of the host factors involved in dengue virus replication.,PMC XML unusable for normalization.,publisher_pdf_or_user_download,PMC XML body element is missing. Unusable PMC XML deleted from run artifacts.
pmid-28104704,28104704,PMC5393395,10.1074/mcp.O116.065201,The Promise of Proteomics in the Study of Oncogenic Viruses.,PMC XML unusable for normalization.,publisher_pdf_or_user_download,PMC XML body element is missing. Unusable PMC XML deleted from run artifacts.
pmid-28102736,28102736,PMC5324851,10.1080/15548627.2016.1265192,Dengue and Zika viruses subvert reticulophagy by NS2B3-mediated cleavage of FAM134B.,PMC XML unusable for normalization.,publisher_pdf_or_user_download,PMC XML body element is missing. Unusable PMC XML deleted from run artifacts.
pmid-28087069,28087069,,10.1016/S0140-6736(16)31715-9,"Safety, tolerability, and antiviral effect of RG-101 in patients with chronic hepatitis C: a phase 1B, double-blind, randomised controlled trial.",No PMCID coverage available.,publisher_pdf_or_user_download,No PMCID found via NCBI idconv; PDF fallback will be needed.
pmid-28077653,28077653,PMC5331825,10.1128/JVI.02515-16,Characterizing HIV-1 Splicing by Using Next-Generation Sequencing.,PMC XML unusable for normalization.,publisher_pdf_or_user_download,PMC XML body element is missing. Unusable PMC XML deleted from run artifacts.
pmid-28077643,28077643,PMC5331793,10.1128/JVI.02177-16,Efficient Vpu-Mediated Tetherin Antagonism by an HIV-1 Group O Strain.,PMC XML unusable for normalization.,publisher_pdf_or_user_download,PMC XML body element is missing. Unusable PMC XML deleted from run artifacts.
pmid-28069134,28069134,,10.1016/bs.ircmb.2016.08.006,"The Multifaceted Contributions of Chromatin to HIV-1 Integration, Transcription, and Latency.",No PMCID coverage available.,publisher_pdf_or_user_download,No PMCID found via NCBI idconv; PDF fallback will be needed.
pmid-28053106,28053106,PMC5331813,10.1128/JVI.02274-16,GRP78 Is an Important Host Factor for Japanese Encephalitis Virus Entry and Replication in Mammalian Cells.,PMC XML unusable for normalization.,publisher_pdf_or_user_download,PMC XML body element is missing. Unusable PMC XML deleted from run artifacts.
pmid-28053103,28053103,PMC5331794,10.1128/JVI.02051-16,Cytokines Elevated in HIV Elite Controllers Reduce HIV Replication In Vitro and Modulate HIV Restriction Factor Expression.,PMC XML unusable for normalization.,publisher_pdf_or_user_download,PMC XML body element is missing. Unusable PMC XML deleted from run artifacts.
pmid-28004946,28004946,,10.1021/acs.jmedchem.6b01466,Fluorescent Inhibitors as Tools To Characterize Enzymes: Case Study of the Lipid Kinase Phosphatidylinositol 4-Kinase IIIβ (PI4KB).,No PMCID coverage available.,publisher_pdf_or_user_download,No PMCID found via NCBI idconv; PDF fallback will be needed.
pmid-27986543,27986543,,10.1016/j.actatropica.2016.12.011,"Magnitude of viremia, antigenemia and infection of circulating monocytes in children with mild and severe dengue.",No PMCID coverage available.,publisher_pdf_or_user_download,No PMCID found via NCBI idconv; PDF fallback will be needed.
pmid-27974556,27974556,PMC5286887,10.1128/JVI.01706-16,RPLP1 and RPLP2 Are Essential Flavivirus Host Factors That Promote Early Viral Protein Accumulation.,PMC XML unusable for normalization.,publisher_pdf_or_user_download,PMC XML body element is missing. Unusable PMC XML deleted from run artifacts.
pmid-27951510,27951510,,10.1016/j.jmgm.2016.12.003,Modeling global changes induced by local perturbations to the HIV-1 capsid.,No PMCID coverage available.,publisher_pdf_or_user_download,No PMCID found via NCBI idconv; PDF fallback will be needed.
pmid-27860197,27860197,,10.1111/cmi.12693,CRISPR/Cas9-The ultimate weapon to battle infectious diseases?,No PMCID coverage available.,publisher_pdf_or_user_download,No PMCID found via NCBI idconv; PDF fallback will be needed.
pmid-27852857,27852857,PMC5244344,10.1128/JVI.01662-16,Hepatitis C Virus-Induced Rab32 Aggregation and Its Implications for Virion Assembly.,PMC XML unusable for normalization.,publisher_pdf_or_user_download,PMC XML body element is missing. Unusable PMC XML deleted from run artifacts.
pmid-27826075,27826075,,10.1016/j.jprot.2016.11.001,The effect of the dengue non-structural 1 protein expression over the HepG2 cell proteins in a proteomic approach.,No PMCID coverage available.,publisher_pdf_or_user_download,No PMCID found via NCBI idconv; PDF fallback will be needed.
pmid-27825248,27825248,,10.1080/14786419.2016.1239089,Two new sesquiterpene glycosides isolated from the fresh needles of Pinus massoniana Lamb.,No PMCID coverage available.,publisher_pdf_or_user_download,No PMCID found via NCBI idconv; PDF fallback will be needed.
pmid-27807232,27807232,PMC5215346,10.1128/JVI.01947-16,Structure of the Open Reading Frame 49 Protein Encoded by Kaposi's Sarcoma-Associated Herpesvirus.,PMC XML unusable for normalization.,publisher_pdf_or_user_download,PMC XML body element is missing. Unusable PMC XML deleted from run artifacts.
pmid-27803127,27803127,,10.1189/jlb.3RU0316-148RR,Phospholipases: at the crossroads of the immune system and the pathogenesis of HIV-1 infection.,No PMCID coverage available.,publisher_pdf_or_user_download,No PMCID found via NCBI idconv; PDF fallback will be needed.
pmid-27795422,27795422,PMC5165201,10.1128/JVI.01552-16,Native Folding of a Recombinant gpE1/gpE2 Heterodimer Vaccine Antigen from a Precursor Protein Fused with Fc IgG.,PMC XML unusable for normalization.,publisher_pdf_or_user_download,PMC XML body element is missing. Unusable PMC XML deleted from run artifacts.
pmid-27665576,27665576,,10.1111/cmi.12673,Lipoprotein lipase liberates free fatty acids to inhibit HCV infection and prevent hepatic lipid accumulation.,No PMCID coverage available.,publisher_pdf_or_user_download,No PMCID found via NCBI idconv; PDF fallback will be needed.
pmid-27427332,27427332,,10.1016/j.jprot.2016.07.011,Proteomic analysis of the secretome of HepG2 cells indicates differential proteolytic processing after infection with dengue virus.,No PMCID coverage available.,publisher_pdf_or_user_download,No PMCID found via NCBI idconv; PDF fallback will be needed.
pmid-26245474,26245474,,10.2174/1389450116666150806123119,How Current Direct-Acting Antiviral and Novel Cell Culture Systems for HCV are Shaping Therapy and Molecular Diagnosis of Chronic HCV Infection?,No PMCID coverage available.,publisher_pdf_or_user_download,No PMCID found via NCBI idconv; PDF fallback will be needed.
pmid-29786989,29786989,,,Gallus gallus coxsackievirus and adenovirus receptor facilitates the binding of fowl adenovirus serotype 1 in chickens.,No PMCID coverage available.,publisher_pdf_or_user_download,No PMCID found via NCBI idconv; PDF fallback will be needed.
pmid-27919079,27919079,,10.1038/nature20567,Receptor usage dictates HIV-1 restriction by human TRIM5α in dendritic cell subsets.,No PMCID coverage available.,publisher_pdf_or_user_download,No PMCID found via NCBI idconv; PDF fallback will be needed.
pmid-27880899,27880899,,10.1016/j.celrep.2016.10.045,LC3C Contributes to Vpu-Mediated Antagonism of BST2/Tetherin Restriction on HIV-1 Release through a Non-canonical Autophagy Pathway.,No PMCID coverage available.,publisher_pdf_or_user_download,No PMCID found via NCBI idconv; PDF fallback will be needed.
pmid-27844277,27844277,,10.1007/s12664-016-0709-1,Chronic hepatitis C virus infection in India: Regional demographics and distribution of viral genotypes.,No PMCID coverage available.,publisher_pdf_or_user_download,No PMCID found via NCBI idconv; PDF fallback will be needed.
pmid-27786485,27786485,,10.1021/acs.jproteome.6b00337,Elucidation of the Cellular Interactome of Ebola Virus Nucleoprotein and Identification of Therapeutic Targets.,No PMCID coverage available.,publisher_pdf_or_user_download,No PMCID found via NCBI idconv; PDF fallback will be needed.
pmid-27758855,27758855,PMC5122761,10.1074/jbc.M116.734673,"Core Binding Factor β Protects HIV, Type 1 Accessory Protein Viral Infectivity Factor from MDM2-mediated Degradation.",PMC XML unusable for normalization.,publisher_pdf_or_user_download,PMC XML body element is missing. Unusable PMC XML deleted from run artifacts.
pmid-27749368,27749368,,10.1097/QCO.0000000000000322,Retroviral restriction: nature's own solution.,No PMCID coverage available.,publisher_pdf_or_user_download,No PMCID found via NCBI idconv; PDF fallback will be needed.
pmid-27693583,27693583,,10.1016/j.bbrc.2016.09.150,vIRF3 encoded by Kaposi's sarcoma-associated herpesvirus inhibits T-cell factor-dependent transcription via a CREB-binding protein-interaction motif.,No PMCID coverage available.,publisher_pdf_or_user_download,No PMCID found via NCBI idconv; PDF fallback will be needed.
pmid-27681141,27681141,PMC5126365,10.1128/JVI.01451-16,Antagonism of BST-2/Tetherin Is a Conserved Function of the Env Glycoprotein of Primary HIV-2 Isolates.,PMC XML unusable for normalization.,publisher_pdf_or_user_download,PMC XML body element is missing. Unusable PMC XML deleted from run artifacts.
pmid-27681140,27681140,PMC5110172,10.1128/JVI.01246-16,The Antagonism of HIV-1 Nef to SERINC5 Particle Infectivity Restriction Involves the Counteraction of Virion-Associated Pools of the Restriction Factor.,PMC XML unusable for normalization.,publisher_pdf_or_user_download,PMC XML body element is missing. Unusable PMC XML deleted from run artifacts.
pmid-27676132,27676132,,10.1021/acsinfecdis.6b00143,"Interactions of the Disordered Domain II of Hepatitis C Virus NS5A with Cyclophilin A, NS5B, and Viral RNA Show Extensive Overlap.",No PMCID coverage available.,publisher_pdf_or_user_download,No PMCID found via NCBI idconv; PDF fallback will be needed.
pmid-27609421,27609421,PMC5098041,10.1074/mcp.M116.060509,TNIP2 is a Hub Protein in the NF-κB Network with Both Protein and RNA Mediated Interactions.,PMC XML unusable for normalization.,publisher_pdf_or_user_download,PMC XML body element is missing. Unusable PMC XML deleted from run artifacts.
pmid-27581991,27581991,PMC5105659,10.1128/JVI.01131-16,Differential Control of BST2 Restriction and Plasmacytoid Dendritic Cell Antiviral Response by Antagonists Encoded by HIV-1 Group M and O Strains.,PMC XML unusable for normalization.,publisher_pdf_or_user_download,PMC XML body element is missing. Unusable PMC XML deleted from run artifacts.
pmid-27572460,27572460,,10.2174/2211536605666160829123118,Roles of microRNAs in HIV-1 Replication and Latency.,No PMCID coverage available.,publisher_pdf_or_user_download,No PMCID found via NCBI idconv; PDF fallback will be needed.
pmid-27566653,27566653,PMC5070624,,Phospho-Network Analysis Identifies and Quantifies Hepatitis C Virus (HCV)-induced Hepatocellular Carcinoma (HCC) Proteins Regulating Viral-mediated Tumor Growth.,PMC XML unusable for normalization.,publisher_pdf_or_user_download,PMC XML body element is missing. Unusable PMC XML deleted from run artifacts.
pmid-27558430,27558430,PMC5068543,10.1128/JVI.01140-16,"Affinity Purification of the Hepatitis C Virus Replicase Identifies Valosin-Containing Protein, a Member of the ATPases Associated with Diverse Cellular Activities Family, as an Active Virus Replication Modulator.",PMC XML unusable for normalization.,publisher_pdf_or_user_download,PMC XML body element is missing. Unusable PMC XML deleted from run artifacts.
pmid-27545892,27545892,,10.1016/j.celrep.2016.07.068,Unique Requirement for ESCRT Factors in Flavivirus Particle Formation on the Endoplasmic Reticulum.,No PMCID coverage available.,publisher_pdf_or_user_download,No PMCID found via NCBI idconv; PDF fallback will be needed.
pmid-27510577,27510577,,10.1016/j.antiviral.2016.08.004,Long-term HIV-1 infection induces an antiviral state in primary macrophages.,No PMCID coverage available.,publisher_pdf_or_user_download,No PMCID found via NCBI idconv; PDF fallback will be needed.
pmid-27489280,27489280,PMC5044839,10.1128/JVI.00856-16,"Fungus-Derived Neoechinulin B as a Novel Antagonist of Liver X Receptor, Identified by Chemical Genetics Using a Hepatitis C Virus Cell Culture System.",PMC XML unusable for normalization.,publisher_pdf_or_user_download,PMC XML body element is missing. Unusable PMC XML deleted from run artifacts.
pmid-27466416,27466416,PMC5021400,10.1128/JVI.01003-16,Nuclear Innate Immune DNA Sensor IFI16 Is Degraded during Lytic Reactivation of Kaposi's Sarcoma-Associated Herpesvirus (KSHV): Role of IFI16 in Maintenance of KSHV Latency.,PMC XML unusable for normalization.,publisher_pdf_or_user_download,PMC XML body element is missing. Unusable PMC XML deleted from run artifacts.
pmid-27454292,27454292,PMC4966322,10.1172/JCI82360,Stem-loop binding protein is a multifaceted cellular regulator of HIV-1 replication.,PMC XML unusable for normalization.,publisher_pdf_or_user_download,PMC XML body element is missing. Unusable PMC XML deleted from run artifacts.
pmid-27444387,27444387,,10.1016/j.bbrc.2016.07.069,Multiscale simulations on conformational dynamics and membrane interactions of the non-structural 2 (NS2) transmembrane domain.,No PMCID coverage available.,publisher_pdf_or_user_download,No PMCID found via NCBI idconv; PDF fallback will be needed.
pmid-27429716,27429716,PMC4937168,10.4254/wjh.v8.i19.796,Assembly and release of infectious hepatitis C virus involving unusual organization of the secretory pathway.,PMC XML unusable for normalization.,publisher_pdf_or_user_download,PMC XML body element is missing. Unusable PMC XML deleted from run artifacts.
pmid-27396621,27396621,,10.1016/j.bbrc.2016.07.029,Drug repurposing of minocycline against dengue virus infection.,No PMCID coverage available.,publisher_pdf_or_user_download,No PMCID found via NCBI idconv; PDF fallback will be needed.
pmid-27387229,27387229,,10.1016/j.bbrc.2016.07.013,"SAMHD1, the Aicardi-Goutières syndrome gene and retroviral restriction factor, is a phosphorolytic ribonuclease rather than a hydrolytic ribonuclease.",No PMCID coverage available.,publisher_pdf_or_user_download,No PMCID found via NCBI idconv; PDF fallback will be needed.
pmid-27376494,27376494,,10.1016/j.ejmech.2016.06.041,Bicyclic octahydrocyclohepta[b]pyrrol-4(1H)one derivatives as novel selective anti-hepatitis C virus agents.,No PMCID coverage available.,publisher_pdf_or_user_download,No PMCID found via NCBI idconv; PDF fallback will be needed.
pmid-27356902,27356902,PMC5008085,10.1128/JVI.00972-16,The Evolutionary Histories of Antiretroviral Proteins SERINC3 and SERINC5 Do Not Support an Evolutionary Arms Race in Primates.,PMC XML unusable for normalization.,publisher_pdf_or_user_download,PMC XML body element is missing. Unusable PMC XML deleted from run artifacts.
pmid-27353267,27353267,PMC4997838,10.1128/AAC.01019-16,Analysis of the Endogenous Deoxynucleoside Triphosphate Pool in HIV-Positive and -Negative Individuals Receiving Tenofovir-Emtricitabine.,PMC XML unusable for normalization.,publisher_pdf_or_user_download,PMC XML body element is missing. Unusable PMC XML deleted from run artifacts.
pmid-27343150,27343150,,10.1002/pmic.201600126,Comparative proteome analysis reveals that blood and sugar meals induce differential protein expression in Aedes aegypti female heads.,No PMCID coverage available.,publisher_pdf_or_user_download,No PMCID found via NCBI idconv; PDF fallback will be needed.
pmid-27342126,27342126,,10.1016/j.celrep.2016.06.028,Identification of Zika Virus and Dengue Virus Dependency Factors using Functional Genomics.,No PMCID coverage available.,publisher_pdf_or_user_download,No PMCID found via NCBI idconv; PDF fallback will be needed.
pmid-27298373,27298373,PMC4941495,10.1073/pnas.1602701113,Hepatitis C virus depends on E-cadherin as an entry factor and regulates its expression in epithelial-to-mesenchymal transition.,PMC XML unusable for normalization.,publisher_pdf_or_user_download,PMC XML body element is missing. Unusable PMC XML deleted from run artifacts.
pmid-27279607,27279607,PMC4984626,10.1128/JVI.00685-16,Role of Conserved E2 Residue W420 in Receptor Binding and Hepatitis C Virus Infection.,PMC XML unusable for normalization.,publisher_pdf_or_user_download,PMC XML body element is missing. Unusable PMC XML deleted from run artifacts.
pmid-27254595,27254595,,10.1016/j.virol.2016.05.020,Localization of latency-associated nuclear antigen (LANA) on mitotic chromosomes.,No PMCID coverage available.,publisher_pdf_or_user_download,No PMCID found via NCBI idconv; PDF fallback will be needed.
pmid-27252525,27252525,PMC4984627,10.1128/JVI.00326-16,Nonstructural 3 Protein of Hepatitis C Virus Modulates the Tribbles Homolog 3/Akt Signaling Pathway for Persistent Viral Infection.,PMC XML unusable for normalization.,publisher_pdf_or_user_download,PMC XML body element is missing. Unusable PMC XML deleted from run artifacts.
pmid-27238486,27238486,,10.1016/j.xphs.2016.03.017,Structure Elucidation of Poly-Faldaprevir: Polymer Backbone Solved Using Solid-State and Solution Nuclear Magnetic Resonance Spectroscopy.,No PMCID coverage available.,publisher_pdf_or_user_download,No PMCID found via NCBI idconv; PDF fallback will be needed.
pmid-27235396,27235396,PMC4965572,10.1074/jbc.M116.735415,The HIV-1 Tat Protein Is Monomethylated at Lysine 71 by the Lysine Methyltransferase KMT7.,PMC XML unusable for normalization.,publisher_pdf_or_user_download,PMC XML body element is missing. Unusable PMC XML deleted from run artifacts.
pmid-27221318,27221318,,10.1099/jgv.0.000511,Calsyntenin-1 mediates hepatitis C virus replication.,No PMCID coverage available.,publisher_pdf_or_user_download,No PMCID found via NCBI idconv; PDF fallback will be needed.
pmid-27219130,27219130,,10.1097/QAD.0000000000001166,Interferon-induced sterile alpha motif and histidine/aspartic acid domain-containing protein 1 expression in astrocytes and microglia is mediated by microRNA-181a.,No PMCID coverage available.,publisher_pdf_or_user_download,No PMCID found via NCBI idconv; PDF fallback will be needed.
pmid-27209411,27209411,,10.1007/s13277-016-5077-z,Genetic polymorphism of HLA-DQ confers susceptibility to hepatitis B virus-related hepatocellular carcinoma: a case-control study in Han population in China.,No PMCID coverage available.,publisher_pdf_or_user_download,No PMCID found via NCBI idconv; PDF fallback will be needed.
pmid-27200480,27200480,,10.1016/j.virol.2016.04.024,Equine schlafen 11 restricts the production of equine infectious anemia virus via a codon usage-dependent mechanism.,No PMCID coverage available.,publisher_pdf_or_user_download,No PMCID found via NCBI idconv; PDF fallback will be needed.
pmid-27183594,27183594,,10.4049/jimmunol.1502062,Characterization of the Antigen Processing Machinery and Endogenous Peptide Presentation of a Bat MHC Class I Molecule.,No PMCID coverage available.,publisher_pdf_or_user_download,No PMCID found via NCBI idconv; PDF fallback will be needed.
pmid-27178211,27178211,,10.1016/j.bbrc.2016.05.043,Fatty acid biosynthesis is involved in the production of hepatitis B virus particles.,No PMCID coverage available.,publisher_pdf_or_user_download,No PMCID found via NCBI idconv; PDF fallback will be needed.
pmid-27169864,27169864,,10.1007/s00436-016-5106-2,Toxicological evaluation of essential oil from the leaves of Croton tetradenius (Euphorbiaceae) on Aedes aegypti and Mus musculus.,No PMCID coverage available.,publisher_pdf_or_user_download,No PMCID found via NCBI idconv; PDF fallback will be needed.
pmid-27147086,27147086,,10.1146/annurev-genom-083115-022446,Host Factors in Ebola Infection.,No PMCID coverage available.,publisher_pdf_or_user_download,No PMCID found via NCBI idconv; PDF fallback will be needed.
pmid-27118832,27118832,PMC4868442,10.1073/pnas.1522987113,Human DDX3 protein is a valuable target to develop broad spectrum antiviral agents.,PMC XML unusable for normalization.,publisher_pdf_or_user_download,PMC XML body element is missing. Unusable PMC XML deleted from run artifacts.
pmid-27114546,27114546,PMC4868422,10.1073/pnas.1600485113,HIV-1 Vpr degrades the HLTF DNA translocase in T cells and macrophages.,PMC XML unusable for normalization.,publisher_pdf_or_user_download,PMC XML body element is missing. Unusable PMC XML deleted from run artifacts.
pmid-27109913,27109913,,10.1016/j.virusres.2015.11.029,NACE: A web-based tool for prediction of intercompartmental efficiency of human molecular genetic networks.,No PMCID coverage available.,publisher_pdf_or_user_download,No PMCID found via NCBI idconv; PDF fallback will be needed.
pmid-27094836,27094836,,10.18926/AMO/54190,Rab13 Is Involved in the Entry Step of Hepatitis C Virus Infection.,No PMCID coverage available.,publisher_pdf_or_user_download,No PMCID found via NCBI idconv; PDF fallback will be needed.
pmid-27080060,27080060,,10.1111/1348-0421.12383,Hepatitis C virus NS5A protein interacts with lysine methyltransferase SET and MYND domain-containing 3 and induces activator protein 1 activation.,No PMCID coverage available.,publisher_pdf_or_user_download,No PMCID found via NCBI idconv; PDF fallback will be needed.
pmid-27076642,27076642,PMC4886767,10.1128/JVI.03116-15,Roles of Capsid-Interacting Host Factors in Multimodal Inhibition of HIV-1 by PF74.,PMC XML unusable for normalization.,publisher_pdf_or_user_download,PMC XML body element is missing. Unusable PMC XML deleted from run artifacts.
pmid-27072633,27072633,,10.1111/mve.12172,Differential protein expression in the midgut of Culex quinquefasciatus mosquitoes induced by the insecticide temephos.,No PMCID coverage available.,publisher_pdf_or_user_download,No PMCID found via NCBI idconv; PDF fallback will be needed.
pmid-27059433,27059433,,10.1002/rmv.1881,"MicroRNAs, HIV and HCV: a complex relation towards pathology.",No PMCID coverage available.,publisher_pdf_or_user_download,No PMCID found via NCBI idconv; PDF fallback will be needed.
pmid-27039024,27039024,,10.1016/j.gene.2016.03.053,Role of human GRP75 in miRNA mediated regulation of dengue virus replication.,No PMCID coverage available.,publisher_pdf_or_user_download,No PMCID found via NCBI idconv; PDF fallback will be needed.
pmid-27029743,27029743,,10.1124/dmd.115.068866,Biotransformation of Daclatasvir In Vitro and in Nonclinical Species: Formation of the Main Metabolite by Pyrrolidine δ-Oxidation and Rearrangement.,No PMCID coverage available.,publisher_pdf_or_user_download,No PMCID found via NCBI idconv; PDF fallback will be needed.
pmid-27012366,27012366,,10.1016/j.bbagrm.2016.03.009,DEAD-box RNA helicase DDX3 connects CRM1-dependent nuclear export and translation of the HIV-1 unspliced mRNA through its N-terminal domain.,No PMCID coverage available.,publisher_pdf_or_user_download,No PMCID found via NCBI idconv; PDF fallback will be needed.
pmid-26993082,26993082,,10.1016/j.exppara.2016.03.017,Composition and biological activities of the essential oil of Piper corcovadensis (Miq.) C. DC (Piperaceae).,No PMCID coverage available.,publisher_pdf_or_user_download,No PMCID found via NCBI idconv; PDF fallback will be needed.
pmid-26962226,26962226,PMC4859712,10.1128/JVI.00170-16,BPIFB6 Regulates Secretory Pathway Trafficking and Enterovirus Replication.,PMC XML unusable for normalization.,publisher_pdf_or_user_download,PMC XML body element is missing. Unusable PMC XML deleted from run artifacts.
pmid-26945847,26945847,,10.1016/j.virusres.2016.02.009,The deletion of residues 268-292 of E1 impairs the ability of HCV envelope proteins to induce pore formation.,No PMCID coverage available.,publisher_pdf_or_user_download,No PMCID found via NCBI idconv; PDF fallback will be needed.
pmid-26919938,26919938,,10.1016/j.apjtm.2016.01.015,Dengue virus non-structural 1 protein interacts with heterogeneous nuclear ribonucleoprotein H in human monocytic cells.,No PMCID coverage available.,publisher_pdf_or_user_download,No PMCID found via NCBI idconv; PDF fallback will be needed.
pmid-26896692,26896692,PMC5807932,10.1016/j.ajpath.2015.11.027,Cellular Mechanism for Impaired Hepatitis C Virus Clearance by Interferon Associated with IFNL3 Gene Polymorphisms Relates to Intrahepatic Interferon-λ Expression.,PMC XML unusable for normalization.,publisher_pdf_or_user_download,PMC XML body element is missing. Unusable PMC XML deleted from run artifacts.
pmid-26884193,26884193,PMC4780614,10.1073/pnas.1518934113,Proteomics of HCV virions reveals an essential role for the nucleoporin Nup98 in virus morphogenesis.,PMC XML unusable for normalization.,publisher_pdf_or_user_download,PMC XML body element is missing. Unusable PMC XML deleted from run artifacts.
pmid-26860912,26860912,,10.1007/s00705-016-2777-z,The influence of host factors and sequence variability of the p7 region on the response to pegylated interferon/ribavirin therapy for chronic hepatitis C genotype 1b in patients from Serbia.,No PMCID coverage available.,publisher_pdf_or_user_download,No PMCID found via NCBI idconv; PDF fallback will be needed.
pmid-26858452,26858452,PMC4776470,10.1073/pnas.1524213113,A critical role for alternative polyadenylation factor CPSF6 in targeting HIV-1 integration to transcriptionally active chromatin.,PMC XML unusable for normalization.,publisher_pdf_or_user_download,PMC XML body element is missing. Unusable PMC XML deleted from run artifacts.
pmid-26843184,26843184,,10.1007/s00705-016-2771-5,Khaya grandifoliola C.DC: a potential source of active ingredients against hepatitis C virus in vitro.,No PMCID coverage available.,publisher_pdf_or_user_download,No PMCID found via NCBI idconv; PDF fallback will be needed.
pmid-26833585,26833585,,10.1111/jvh.12508,"Hepatic expression of proteasome subunit alpha type-6 is upregulated during viral hepatitis and putatively regulates the expression of ISG15 ubiquitin-like modifier, a proviral host gene in hepatitis C virus infection.",No PMCID coverage available.,publisher_pdf_or_user_download,No PMCID found via NCBI idconv; PDF fallback will be needed.
pmid-26814617,26814617,,10.1111/cmi.12572,Identification of class II ADP-ribosylation factors as cellular factors required for hepatitis C virus replication.,No PMCID coverage available.,publisher_pdf_or_user_download,No PMCID found via NCBI idconv; PDF fallback will be needed.
pmid-26783419,26783419,PMC4705456,10.4254/wjh.v8.i1.9,Chaperones in hepatitis C virus infection.,PMC XML unusable for normalization.,publisher_pdf_or_user_download,PMC XML body element is missing. Unusable PMC XML deleted from run artifacts.
pmid-26771861,26771861,,10.1021/acs.jmedchem.5b01653,The Medicinal Chemistry of Dengue Virus.,No PMCID coverage available.,publisher_pdf_or_user_download,No PMCID found via NCBI idconv; PDF fallback will be needed.
pmid-26769399,26769399,,10.1002/wrna.1323,The KSHV RNA regulator ORF57: target specificity and its role in the viral life cycle.,No PMCID coverage available.,publisher_pdf_or_user_download,No PMCID found via NCBI idconv; PDF fallback will be needed.
pmid-26743460,26743460,,10.1099/jgv.0.000391,Genomic characterization of coxsackievirus type B3 strains associated with acute flaccid paralysis in south-western India.,No PMCID coverage available.,publisher_pdf_or_user_download,No PMCID found via NCBI idconv; PDF fallback will be needed.
pmid-26739056,26739056,PMC4810664,10.1128/JVI.01540-15,Prolactin Regulatory Element Binding Protein Is Involved in Hepatitis C Virus Replication by Interaction with NS4B.,PMC XML unusable for normalization.,publisher_pdf_or_user_download,PMC XML body element is missing. Unusable PMC XML deleted from run artifacts.
pmid-26714709,26714709,,10.1007/978-1-4939-3046-3_9,Isolation of Cognate Cellular and Viral Ribonucleoprotein Complexes of HIV-1 RNA Applicable to Proteomic Discovery and Molecular Investigations.,No PMCID coverage available.,publisher_pdf_or_user_download,No PMCID found via NCBI idconv; PDF fallback will be needed.
pmid-26708624,26708624,,10.1016/j.jchromb.2015.12.011,"Phospholipidomic identification of potential serum biomarkers in dengue fever, hepatitis B and hepatitis C using liquid chromatography-electrospray ionization-tandem mass spectrometry.",No PMCID coverage available.,publisher_pdf_or_user_download,No PMCID found via NCBI idconv; PDF fallback will be needed.
pmid-26708070,26708070,,10.1016/j.jphotobiol.2015.10.011,"Design, synthesis, structure information and biochemical activity of new floro substituted organotin(IV) carboxylates.",No PMCID coverage available.,publisher_pdf_or_user_download,No PMCID found via NCBI idconv; PDF fallback will be needed.
pmid-26702051,26702051,PMC4759171,10.1074/jbc.M115.675413,Phosphoproteomics Identified an NS5A Phosphorylation Site Involved in Hepatitis C Virus Replication.,PMC XML unusable for normalization.,publisher_pdf_or_user_download,PMC XML body element is missing. Unusable PMC XML deleted from run artifacts.
pmid-26699506,26699506,PMC4711846,10.1073/pnas.1506524113,Hepatitis C virus utilizes VLDLR as a novel entry pathway.,PMC XML unusable for normalization.,publisher_pdf_or_user_download,PMC XML body element is missing. Unusable PMC XML deleted from run artifacts.
pmid-26699451,26699451,,10.1039/c5mb00732a,A novel topological centrality measure capturing biologically important proteins.,No PMCID coverage available.,publisher_pdf_or_user_download,No PMCID found via NCBI idconv; PDF fallback will be needed.
pmid-26676782,26676782,PMC4733990,10.1128/JVI.01948-15,TRIM5α-Mediated Ubiquitin Chain Conjugation Is Required for Inhibition of HIV-1 Reverse Transcription and Capsid Destabilization.,PMC XML unusable for normalization.,publisher_pdf_or_user_download,PMC XML body element is missing. Unusable PMC XML deleted from run artifacts.
pmid-26673098,26673098,,10.1016/j.virusres.2015.12.003,Interactome of the hepatitis C virus: Literature mining with ANDSystem.,No PMCID coverage available.,publisher_pdf_or_user_download,No PMCID found via NCBI idconv; PDF fallback will be needed.
pmid-26616333,26616333,,10.1111/1348-0421.12345,Interaction of the hepatitis B virus X protein with the lysine methyltransferase SET and MYND domain-containing 3 induces activator protein 1 activation.,No PMCID coverage available.,publisher_pdf_or_user_download,No PMCID found via NCBI idconv; PDF fallback will be needed.
pmid-26584407,26584407,,10.1111/jgh.13236,"Development of hepatocellular carcinoma in patients with hepatitis C virus infection who achieved sustained virological response following interferon therapy: A large-scale, long-term cohort study.",No PMCID coverage available.,publisher_pdf_or_user_download,No PMCID found via NCBI idconv; PDF fallback will be needed.
pmid-26582000,26582000,PMC4719611,10.1128/JVI.01880-15,Three-Dimensional Structural Characterization of HIV-1 Tethered to Human Cells.,PMC XML unusable for normalization.,publisher_pdf_or_user_download,PMC XML body element is missing. Unusable PMC XML deleted from run artifacts.
pmid-26581985,26581985,PMC4719591,10.1128/JVI.02022-15,Identification of Viral and Host Proteins That Interact with Murine Gammaherpesvirus 68 Latency-Associated Nuclear Antigen during Lytic Replication: a Role for Hsc70 in Viral Replication.,PMC XML download failed.,publisher_pdf_or_user_download,"PMC download error: Command '['curl', '--silent', '--show-error', '--fail', '--location', '--max-time', '60', 'https://eutils.ncbi.nlm.nih.gov/entrez/eutils/efetch.fcgi?db=pmc&id=PMC4719591&retmode=xml']' returned non-zero exit status 56."
pmid-26546555,26546555,,10.1016/j.jprot.2015.11.003,Novel interactions of domain III from the envelope glycoprotein of dengue 2 virus with human plasma proteins.,No PMCID coverage available.,publisher_pdf_or_user_download,No PMCID found via NCBI idconv; PDF fallback will be needed.
pmid-26340409,26340409,PMC4687510,10.1111/cei.12701,Single point mutations in the helicase domain of the NS3 protein enhance dengue virus replicative capacity in human monocyte-derived dendritic cells and circumvent the type I interferon response.,PMC XML unusable for normalization.,publisher_pdf_or_user_download,PMC XML body element is missing. Unusable PMC XML deleted from run artifacts.
pmid-25516417,25516417,,10.1136/gutjnl-2014-307904,Glutathione peroxidase 4 is reversibly induced by HCV to control lipid peroxidation and to increase virion infectivity.,No PMCID coverage available.,publisher_pdf_or_user_download,No PMCID found via NCBI idconv; PDF fallback will be needed.
pmid-27760923,27760923,,10.2222/jsv.65.245,[Anti-hepatitis C virus strategy targeting host entry factor claudin-1].,No PMCID coverage available.,publisher_pdf_or_user_download,No PMCID found via NCBI idconv; PDF fallback will be needed.
pmid-26923960,26923960,,10.2222/jsv.65.71,[Ebola virus host cell entry].,No PMCID coverage available.,publisher_pdf_or_user_download,No PMCID found via NCBI idconv; PDF fallback will be needed.
pmid-26668372,26668372,PMC4703010,10.1073/pnas.1516305112,Specific induction of endogenous viral restriction factors using CRISPR/Cas-derived transcriptional activators.,PMC XML unusable for normalization.,publisher_pdf_or_user_download,PMC XML body element is missing. Unusable PMC XML deleted from run artifacts.
pmid-26656705,26656705,PMC4810710,10.1128/JVI.02795-15,HMGB1 Promotes Hepatitis C Virus Replication by Interaction with Stem-Loop 4 in the Viral 5' Untranslated Region.,PMC XML unusable for normalization.,publisher_pdf_or_user_download,PMC XML body element is missing. Unusable PMC XML deleted from run artifacts.
pmid-26648287,26648287,,,[Expression of Dengue virus type 2 nonstructural protein 3 and isolation of host proteins interacting with it].,No PMCID coverage available.,publisher_pdf_or_user_download,No PMCID found via NCBI idconv; PDF fallback will be needed.
pmid-26609345,26609345,PMC4651912,10.4254/wjh.v7.i26.2681,Factors associated with the response to interferon-based antiviral therapies for chronic hepatitis C.,PMC XML unusable for normalization.,publisher_pdf_or_user_download,PMC XML body element is missing. Unusable PMC XML deleted from run artifacts.
pmid-26599333,26599333,,10.1089/aid.2014.0377,Comparative Interactome of HIV-1 Tat and Human T Lymphotropic Virus Type-1 Tax and the Cellular Transcriptional Machinery.,No PMCID coverage available.,publisher_pdf_or_user_download,No PMCID found via NCBI idconv; PDF fallback will be needed.
pmid-26553990,26553990,PMC4664340,10.1073/pnas.1516920112,Dynamic allostery governs cyclophilin A-HIV capsid interplay.,PMC XML unusable for normalization.,publisher_pdf_or_user_download,PMC XML body element is missing. Unusable PMC XML deleted from run artifacts.
pmid-26546678,26546678,PMC4692237,10.1074/jbc.M115.654855,Antiviral Cystine Knot α-Amylase Inhibitors from Alstonia scholaris.,PMC XML unusable for normalization.,publisher_pdf_or_user_download,PMC XML body element is missing. Unusable PMC XML deleted from run artifacts.
pmid-26544088,26544088,,10.1021/acs.jcim.5b00419,Homology Model-Based Virtual Screening for the Identification of Human Helicase DDX3 Inhibitors.,No PMCID coverage available.,publisher_pdf_or_user_download,No PMCID found via NCBI idconv; PDF fallback will be needed.
pmid-26527147,26527147,PMC4631481,10.1107/S1399004715017721,Structural insight and flexible features of NS5 proteins from all four serotypes of Dengue virus in solution.,PMC XML unusable for normalization.,publisher_pdf_or_user_download,PMC XML body element is missing. Unusable PMC XML deleted from run artifacts.
pmid-26526510,26526510,,10.1016/j.ajg.2015.09.013,Epstein-Barr virus and Interleukin-28B polymorphism in the prediction of response to interferon therapy in hepatitis C patients.,No PMCID coverage available.,publisher_pdf_or_user_download,No PMCID found via NCBI idconv; PDF fallback will be needed.
pmid-26466653,26466653,,10.1016/j.cld.2015.06.005,Mechanisms of Virologic Failure with Direct-Acting Antivirals in Hepatitis C and Strategies for Retreatment.,No PMCID coverage available.,publisher_pdf_or_user_download,No PMCID found via NCBI idconv; PDF fallback will be needed.
pmid-26439297,26439297,,10.1016/j.tim.2015.08.002,"SAMHD1: at the crossroads of cell proliferation, immune responses, and virus restriction.",No PMCID coverage available.,publisher_pdf_or_user_download,No PMCID found via NCBI idconv; PDF fallback will be needed.
pmid-26420481,26420481,PMC4653668,10.1074/jbc.M115.674622,The Kaposi Sarcoma Herpesvirus Latency-associated Nuclear Antigen DNA Binding Domain Dorsal Positive Electrostatic Patch Facilitates DNA Replication and Episome Persistence.,PMC XML unusable for normalization.,publisher_pdf_or_user_download,PMC XML body element is missing. Unusable PMC XML deleted from run artifacts.
pmid-26416874,26416874,PMC4649184,10.1128/AAC.01693-15,Validation and Application of a Liquid Chromatography-Tandem Mass Spectrometry Method To Determine the Concentrations of Sofosbuvir Anabolites in Cells.,PMC XML unusable for normalization.,publisher_pdf_or_user_download,PMC XML body element is missing. Unusable PMC XML deleted from run artifacts.
pmid-26396192,26396192,PMC4646388,10.1074/jbc.M115.666065,Natural Polymorphisms and Oligomerization of Human APOBEC3H Contribute to Single-stranded DNA Scanning Ability.,PMC XML unusable for normalization.,publisher_pdf_or_user_download,PMC XML body element is missing. Unusable PMC XML deleted from run artifacts.
pmid-26389741,26389741,PMC4651055,10.1089/aid.2015.0168,"Analysis of Immunological, Viral, Genetic, and Environmental Factors That Might Be Associated with Decreased Susceptibility to HIV Infection in Serodiscordant Couples in Florianópolis, Southern Brazil.",PMC XML unusable for normalization.,publisher_pdf_or_user_download,PMC XML body element is missing. Unusable PMC XML deleted from run artifacts.
pmid-26378236,26378236,PMC4646377,10.1074/jbc.M115.652339,"FACT Proteins, SUPT16H and SSRP1, Are Transcriptional Suppressors of HIV-1 and HTLV-1 That Facilitate Viral Latency.",PMC XML unusable for normalization.,publisher_pdf_or_user_download,PMC XML body element is missing. Unusable PMC XML deleted from run artifacts.
pmid-26378168,26378168,PMC4645323,10.1128/JVI.01855-15,"A Novel Tricyclic Polyketide, Vanitaracin A, Specifically Inhibits the Entry of Hepatitis B and D Viruses by Targeting Sodium Taurocholate Cotransporting Polypeptide.",PMC XML unusable for normalization.,publisher_pdf_or_user_download,PMC XML body element is missing. Unusable PMC XML deleted from run artifacts.
pmid-26378163,26378163,PMC4645327,10.1128/JVI.02274-15,Severe Acute Respiratory Syndrome Coronavirus ORF7a Inhibits Bone Marrow Stromal Antigen 2 Virion Tethering through a Novel Mechanism of Glycosylation Interference.,PMC XML unusable for normalization.,publisher_pdf_or_user_download,PMC XML body element is missing. Unusable PMC XML deleted from run artifacts.
pmid-26342162,26342162,,10.1016/j.jchromb.2015.08.022,An LC/MS quantitative and microdialysis method for cyclovirobuxine D pharmacokinetics in rat plasma and brain: The pharmacokinetic comparison of three different drug delivery routes.,No PMCID coverage available.,publisher_pdf_or_user_download,No PMCID found via NCBI idconv; PDF fallback will be needed.
pmid-26341041,26341041,,10.1016/j.eimc.2015.06.013,[Development of new vaccines].,No PMCID coverage available.,publisher_pdf_or_user_download,No PMCID found via NCBI idconv; PDF fallback will be needed.
pmid-26339049,26339049,PMC4645635,10.1128/JVI.01714-15,HuR Displaces Polypyrimidine Tract Binding Protein To Facilitate La Binding to the 3' Untranslated Region and Enhances Hepatitis C Virus Replication.,PMC XML unusable for normalization.,publisher_pdf_or_user_download,PMC XML body element is missing. Unusable PMC XML deleted from run artifacts.
pmid-26336241,26336241,,10.1093/jme/tjv101,"Sterol Carrier Protein 2, a Critical Host Factor for Dengue Virus Infection, Alters the Cholesterol Distribution in Mosquito Aag2 Cells.",No PMCID coverage available.,publisher_pdf_or_user_download,No PMCID found via NCBI idconv; PDF fallback will be needed.
pmid-26336230,26336230,,10.1093/jme/tjv090,Comparison of the Insecticidal Characteristics of Commercially Available Plant Essential Oils Against Aedes aegypti and Anopheles gambiae (Diptera: Culicidae).,No PMCID coverage available.,publisher_pdf_or_user_download,No PMCID found via NCBI idconv; PDF fallback will be needed.
pmid-26333781,26333781,,10.2174/1871526515666150903121956,"Design, synthesis, and delivery studies of organotin(IV) based HCV inhibitor.",No PMCID coverage available.,publisher_pdf_or_user_download,No PMCID found via NCBI idconv; PDF fallback will be needed.
pmid-26332118,26332118,,10.1111/jmp.12185,Transcription profiling of CD4⁺ T cells in rhesus macaques that infected with simian-human immunodeficiency virus and re-challenged with SIVmac251.,No PMCID coverage available.,publisher_pdf_or_user_download,No PMCID found via NCBI idconv; PDF fallback will be needed.
pmid-26320641,26320641,,10.1016/j.aca.2015.06.017,Multiple ligand detection and affinity measurement by ultrafiltration and mass spectrometry analysis applied to fragment mixture screening.,No PMCID coverage available.,publisher_pdf_or_user_download,No PMCID found via NCBI idconv; PDF fallback will be needed.
pmid-26319372,26319372,,10.1016/j.tim.2015.08.003,"SRFBP1, an Additional Player in HCV Entry.",No PMCID coverage available.,publisher_pdf_or_user_download,No PMCID found via NCBI idconv; PDF fallback will be needed.
pmid-26314548,26314548,,10.1002/pmic.201500169,Activity-based profiling of the proteasome pathway during hepatitis C virus infection.,No PMCID coverage available.,publisher_pdf_or_user_download,No PMCID found via NCBI idconv; PDF fallback will be needed.
pmid-26312888,26312888,,10.1016/S0140-6736(15)60381-6,Antagonism of aminoacid transport in primary CD4 T cells by HIV-1 Vpu.,No PMCID coverage available.,publisher_pdf_or_user_download,No PMCID found via NCBI idconv; PDF fallback will be needed.
pmid-26301630,26301630,,10.1016/j.bbrc.2015.08.082,Phosphorylation at the N-terminal finger subdomain of a viral RNA-dependent RNA polymerase.,No PMCID coverage available.,publisher_pdf_or_user_download,No PMCID found via NCBI idconv; PDF fallback will be needed.
pmid-26299195,26299195,,10.1016/j.actatropica.2015.08.010,Further evidences for the mode of action of the larvicidal m-pentadecadienyl-phenol isolated from Myracrodruon urundeuva seeds against Aedes aegypti.,No PMCID coverage available.,publisher_pdf_or_user_download,No PMCID found via NCBI idconv; PDF fallback will be needed.
pmid-26275799,26275799,,10.1016/j.antiviral.2015.08.007,Pokeweed antiviral protein restores levels of cellular APOBEC3G during HIV-1 infection by depurinating Vif mRNA.,No PMCID coverage available.,publisher_pdf_or_user_download,No PMCID found via NCBI idconv; PDF fallback will be needed.
pmid-26246577,26246577,PMC4580175,10.1128/JVI.01736-15,Suppressor of Cytokine Signaling 3 Is an Inducible Host Factor That Regulates Virus Egress during Ebola Virus Infection.,PMC XML unusable for normalization.,publisher_pdf_or_user_download,PMC XML body element is missing. Unusable PMC XML deleted from run artifacts.
pmid-26231487,26231487,,10.1016/bs.acc.2015.03.001,Biomarkers in HCV Infection.,No PMCID coverage available.,publisher_pdf_or_user_download,No PMCID found via NCBI idconv; PDF fallback will be needed.
pmid-26221025,26221025,,10.1042/BJ20150445,"Dengue NS3, an RNAi suppressor, modulates the human miRNA pathways through its interacting partner.",No PMCID coverage available.,publisher_pdf_or_user_download,No PMCID found via NCBI idconv; PDF fallback will be needed.
pmid-26220962,26220962,,10.1093/bioinformatics/btv434,MetTailor: dynamic block summary and intensity normalization for robust analysis of mass spectrometry data in metabolomics.,No PMCID coverage available.,publisher_pdf_or_user_download,No PMCID found via NCBI idconv; PDF fallback will be needed.
pmid-26211835,26211835,,10.1016/j.chom.2015.06.018,HIV-1 Exploits the Host Factor RuvB-like 2 to Balance Viral Protein Expression.,No PMCID coverage available.,publisher_pdf_or_user_download,No PMCID found via NCBI idconv; PDF fallback will be needed.
pmid-26205729,26205729,,10.1002/pmic.201500101,Absolute quantification of dengue virus serotype 4 chimera vaccine candidate in Vero cell culture by targeted mass spectrometry.,No PMCID coverage available.,publisher_pdf_or_user_download,No PMCID found via NCBI idconv; PDF fallback will be needed.
pmid-26202252,26202252,PMC4577879,10.1128/JVI.01707-15,Pim Kinase Interacts with Nonstructural 5A Protein and Regulates Hepatitis C Virus Entry.,PMC XML unusable for normalization.,publisher_pdf_or_user_download,PMC XML body element is missing. Unusable PMC XML deleted from run artifacts.
pmid-26183055,26183055,,,Recurrent invasive pneumococcal disease in children--host factors and vaccination response.,No PMCID coverage available.,publisher_pdf_or_user_download,No PMCID found via NCBI idconv; PDF fallback will be needed.
pmid-26181685,26181685,,10.1039/c5mb00187k,Characterization of host response to Cryptococcus neoformans through quantitative proteomic analysis of cryptococcal meningitis co-infected with HIV.,No PMCID coverage available.,publisher_pdf_or_user_download,No PMCID found via NCBI idconv; PDF fallback will be needed.
pmid-26166390,26166390,,10.1039/c5mb00309a,Exploring the associations of host genes for viral infection revealed by genome-wide RNAi and virus-host protein interactions.,No PMCID coverage available.,publisher_pdf_or_user_download,No PMCID found via NCBI idconv; PDF fallback will be needed.
pmid-26163104,26163104,,10.1016/j.cmi.2015.06.026,Chronic hepatitis B virus and hepatitis C virus infections and cancer: synergy between viral and host factors.,No PMCID coverage available.,publisher_pdf_or_user_download,No PMCID found via NCBI idconv; PDF fallback will be needed.
pmid-26157130,26157130,PMC4542354,10.1128/JVI.00559-15,Downregulation of Poly(ADP-Ribose) Polymerase 1 by a Viral Processivity Factor Facilitates Lytic Replication of Gammaherpesvirus.,PMC XML unusable for normalization.,publisher_pdf_or_user_download,PMC XML body element is missing. Unusable PMC XML deleted from run artifacts.
pmid-26151372,26151372,,10.1016/j.micpath.2015.07.003,Evidence of plasticity in the dengue virus: Host cell interaction.,No PMCID coverage available.,publisher_pdf_or_user_download,No PMCID found via NCBI idconv; PDF fallback will be needed.
pmid-26136569,26136569,PMC4542394,10.1128/JVI.01178-15,P2X1 Receptor Antagonists Inhibit HIV-1 Fusion by Blocking Virus-Coreceptor Interactions.,PMC XML unusable for normalization.,publisher_pdf_or_user_download,PMC XML body element is missing. Unusable PMC XML deleted from run artifacts.
pmid-26109731,26109731,PMC4524096,10.1128/JVI.00340-15,HIV-1 Resistance to the Capsid-Targeting Inhibitor PF74 Results in Altered Dependence on Host Factors Required for Virus Nuclear Entry.,PMC XML unusable for normalization.,publisher_pdf_or_user_download,PMC XML body element is missing. Unusable PMC XML deleted from run artifacts.
pmid-26109723,26109723,PMC4542386,10.1128/JVI.01072-15,A Screen for Extracellular Signal-Regulated Kinase-Primed Glycogen Synthase Kinase 3 Substrates Identifies the p53 Inhibitor iASPP.,PMC XML unusable for normalization.,publisher_pdf_or_user_download,PMC XML body element is missing. Unusable PMC XML deleted from run artifacts.
pmid-26100052,26100052,,10.1016/j.jprot.2015.06.008,Proteomic changes occurring in the malaria mosquitoes Anopheles gambiae and Anopheles stephensi during aging.,No PMCID coverage available.,publisher_pdf_or_user_download,No PMCID found via NCBI idconv; PDF fallback will be needed.
pmid-26096987,26096987,,10.1111/febs.13349,Unstructural biology of the Dengue virus proteins.,No PMCID coverage available.,publisher_pdf_or_user_download,No PMCID found via NCBI idconv; PDF fallback will be needed.
pmid-26085144,26085144,PMC4524071,10.1128/JVI.00756-15,Molecular Signatures of Immune Activation and Epithelial Barrier Remodeling Are Enhanced during the Luteal Phase of the Menstrual Cycle: Implications for HIV Susceptibility.,PMC XML unusable for normalization.,publisher_pdf_or_user_download,PMC XML body element is missing. Unusable PMC XML deleted from run artifacts.
pmid-26085105,26085105,PMC4521034,10.1074/jbc.M115.644419,A Proline-Tryptophan Turn in the Intrinsically Disordered Domain 2 of NS5A Protein Is Essential for Hepatitis C Virus RNA Replication.,PMC XML unusable for normalization.,publisher_pdf_or_user_download,PMC XML body element is missing. Unusable PMC XML deleted from run artifacts.
pmid-26076730,26076730,PMC4630796,10.1089/hum.2015.059,Preclinical Assessment of Mutant Human TRIM5α as an Anti-HIV-1 Transgene.,PMC XML unusable for normalization.,publisher_pdf_or_user_download,PMC XML body element is missing. Unusable PMC XML deleted from run artifacts.
pmid-26075078,26075078,PMC4448076,10.3892/br.2014.406,MHC class I-related chain B gene polymorphism is associated with virological response to pegylated interferon plus ribavirin therapy in patients with chronic hepatitis C infection.,PMC XML unusable for normalization.,publisher_pdf_or_user_download,PMC XML body element is missing. Unusable PMC XML deleted from run artifacts.
pmid-26054892,26054892,,10.1016/j.jiph.2015.04.022,Proteomic analysis of immunogenic proteins from salivary glands of Aedes aegypti.,No PMCID coverage available.,publisher_pdf_or_user_download,No PMCID found via NCBI idconv; PDF fallback will be needed.
pmid-26039671,26039671,,10.1021/acs.jmedchem.5b00108,Discovery of Multitarget Antivirals Acting on Both the Dengue Virus NS5-NS3 Interaction and the Host Src/Fyn Kinases.,No PMCID coverage available.,publisher_pdf_or_user_download,No PMCID found via NCBI idconv; PDF fallback will be needed.
pmid-26004032,26004032,,10.1016/j.tim.2015.04.006,Emerging intracellular receptors for hemorrhagic fever viruses.,No PMCID coverage available.,publisher_pdf_or_user_download,No PMCID found via NCBI idconv; PDF fallback will be needed.
pmid-26003530,26003530,,10.1016/j.jprot.2015.05.016,Cellular proteome alterations in response to enterovirus 71 and coxsackievirus A16 infections in neuronal and intestinal cell lines.,No PMCID coverage available.,publisher_pdf_or_user_download,No PMCID found via NCBI idconv; PDF fallback will be needed.
pmid-25978123,25978123,,10.1039/c5dt00862j,"Organotin(IV) based anti-HCV drugs: synthesis, characterization and biochemical activity.",No PMCID coverage available.,publisher_pdf_or_user_download,No PMCID found via NCBI idconv; PDF fallback will be needed.
pmid-25970171,25970171,PMC4534180,10.1002/pro.2703,Top-down mass spectrometry of intact membrane protein complexes reveals oligomeric state and sequence information in a single experiment.,PMC XML unusable for normalization.,publisher_pdf_or_user_download,PMC XML body element is missing. Unusable PMC XML deleted from run artifacts.
pmid-25966194,25966194,,10.4238/2015.April.28.4,Structural modeling and analysis of dengue-mediated inhibition of interferon signaling pathway.,No PMCID coverage available.,publisher_pdf_or_user_download,No PMCID found via NCBI idconv; PDF fallback will be needed.
pmid-25960372,25960372,,10.1016/j.semcdb.2015.04.011,Claudins and pathogenesis of viral infection.,No PMCID coverage available.,publisher_pdf_or_user_download,No PMCID found via NCBI idconv; PDF fallback will be needed.
pmid-25927601,25927601,,10.1517/17460441.2015.1041497,Preclinical discovery and development of maraviroc for the treatment of HIV.,No PMCID coverage available.,publisher_pdf_or_user_download,No PMCID found via NCBI idconv; PDF fallback will be needed.
pmid-25926642,25926642,PMC4473559,10.1128/JVI.02977-14,Heterogeneous Nuclear Ribonucleoprotein M Facilitates Enterovirus Infection.,PMC XML unusable for normalization.,publisher_pdf_or_user_download,PMC XML body element is missing. Unusable PMC XML deleted from run artifacts.
pmid-25926641,25926641,PMC4473547,10.1128/JVI.00867-15,A Combined Genetic-Proteomic Approach Identifies Residues within Dengue Virus NS4B Critical for Interaction with NS3 and Viral Replication.,PMC XML unusable for normalization.,publisher_pdf_or_user_download,PMC XML body element is missing. Unusable PMC XML deleted from run artifacts.
pmid-25914180,25914180,,10.1002/pmic.201400628,Purification of mRNA-programmed translation initiation complexes suitable for mass spectrometry analysis.,No PMCID coverage available.,publisher_pdf_or_user_download,No PMCID found via NCBI idconv; PDF fallback will be needed.
pmid-25903344,25903344,PMC4468503,10.1128/JVI.00194-15,The Serum Very-Low-Density Lipoprotein Serves as a Restriction Factor against Hepatitis C Virus Infection.,PMC XML unusable for normalization.,publisher_pdf_or_user_download,PMC XML body element is missing. Unusable PMC XML deleted from run artifacts.
pmid-25894765,25894765,,10.1007/s00430-015-0417-y,The innate immune roles of host factors TRIM5α and Cyclophilin A on HIV-1 replication.,No PMCID coverage available.,publisher_pdf_or_user_download,No PMCID found via NCBI idconv; PDF fallback will be needed.
pmid-25878102,25878102,PMC4468487,10.1128/JVI.00364-15,EFTUD2 Is a Novel Innate Immune Regulator Restricting Hepatitis C Virus Infection through the RIG-I/MDA5 Pathway.,PMC XML unusable for normalization.,publisher_pdf_or_user_download,PMC XML body element is missing. Unusable PMC XML deleted from run artifacts.
pmid-25869657,25869657,,10.1016/j.jviromet.2015.04.004,Production and characterization of monospecific and bispecific antibodies against dengue virus NS1 protein.,No PMCID coverage available.,publisher_pdf_or_user_download,No PMCID found via NCBI idconv; PDF fallback will be needed.
pmid-25866185,25866185,,10.1016/j.bbrc.2015.04.004,Eukaryotic initiation factor 4AI interacts with NS4A of Dengue virus and plays an antiviral role.,No PMCID coverage available.,publisher_pdf_or_user_download,No PMCID found via NCBI idconv; PDF fallback will be needed.
pmid-25865411,25865411,,10.1016/j.virusres.2015.04.001,The heterogeneous nuclear ribonucleoprotein K (hnRNP K) is a host factor required for dengue virus and Junín virus multiplication.,No PMCID coverage available.,publisher_pdf_or_user_download,No PMCID found via NCBI idconv; PDF fallback will be needed.
pmid-25854854,25854854,,10.1016/j.jpba.2015.02.021,Rapid screening and identification of active ingredients in licorice extract interacting with V3 loop region of HIV-1 gp120 using ACE and CE-MS.,No PMCID coverage available.,publisher_pdf_or_user_download,No PMCID found via NCBI idconv; PDF fallback will be needed.
pmid-25833046,25833046,PMC4468510,10.1128/JVI.00016-15,Quantification of Hepatitis C Virus Cell-to-Cell Spread Using a Stochastic Modeling Approach.,PMC XML unusable for normalization.,publisher_pdf_or_user_download,PMC XML body element is missing. Unusable PMC XML deleted from run artifacts.
pmid-25821226,25821226,PMC4564538,10.1093/infdis/jiv125,Ebola Virus Glycoprotein Promotes Enhanced Viral Egress by Preventing Ebola VP40 From Associating With the Host Restriction Factor BST2/Tetherin.,PMC XML unusable for normalization.,publisher_pdf_or_user_download,PMC XML body element is missing. Unusable PMC XML deleted from run artifacts.
pmid-25805936,25805936,PMC4363759,10.3748/wjg.v21.i11.3291,Hepcidin/ferroportin expression levels involve efficacy of pegylated-interferon plus ribavirin in hepatitis C virus-infected liver.,PMC XML unusable for normalization.,publisher_pdf_or_user_download,PMC XML body element is missing. Unusable PMC XML deleted from run artifacts.
pmid-25801562,25801562,PMC4432178,10.1128/AAC.04795-14,Telaprevir and ribavirin interaction: higher ribavirin levels are not only due to renal dysfunction during triple therapy.,PMC XML unusable for normalization.,publisher_pdf_or_user_download,PMC XML body element is missing. Unusable PMC XML deleted from run artifacts.
pmid-25798684,25798684,,10.1089/vim.2014.0111,Role of interferon gamma and tumor necrosis factor-related apoptosis-inducing ligand receptor 1 single nucleotide polymorphism in natural clearance and treatment response of HCV infection.,No PMCID coverage available.,publisher_pdf_or_user_download,No PMCID found via NCBI idconv; PDF fallback will be needed.
pmid-25773182,25773182,,10.1007/s00436-015-4409-z,"Angelica sinensis (Umbelliferae) with proven repellent properties against Aedes aegypti, the primary dengue fever vector in Thailand.",No PMCID coverage available.,publisher_pdf_or_user_download,No PMCID found via NCBI idconv; PDF fallback will be needed.
pmid-25764679,25764679,,,[Pegylated interferon plus ribavirin combination therapy for patients with chronic hepatitis C].,No PMCID coverage available.,publisher_pdf_or_user_download,No PMCID found via NCBI idconv; PDF fallback will be needed.
pmid-25762730,25762730,PMC4442546,10.1128/JVI.03684-14,The Road Less Traveled: HIV's Use of Alternative Routes through Cellular Pathways.,PMC XML unusable for normalization.,publisher_pdf_or_user_download,PMC XML body element is missing. Unusable PMC XML deleted from run artifacts.
pmid-25759385,25759385,PMC4409254,10.1074/jbc.M114.630095,Membrane Anchoring by a C-terminal Tryptophan Enables HIV-1 Vpu to Displace Bone Marrow Stromal Antigen 2 (BST2) from Sites of Viral Assembly.,PMC XML unusable for normalization.,publisher_pdf_or_user_download,PMC XML body element is missing. Unusable PMC XML deleted from run artifacts.
pmid-25759111,25759111,,10.1007/s10096-015-2337-6,TBX21 polymorphisms are associated with virus persistence in hepatitis C virus infection patients from a high-risk Chinese population.,No PMCID coverage available.,publisher_pdf_or_user_download,No PMCID found via NCBI idconv; PDF fallback will be needed.
pmid-25753416,25753416,,10.1016/j.celrep.2015.02.021,KDEL Receptors Assist Dengue Virus Exit from the Endoplasmic Reticulum.,No PMCID coverage available.,publisher_pdf_or_user_download,No PMCID found via NCBI idconv; PDF fallback will be needed.
pmid-25740981,25740981,PMC4442532,10.1128/JVI.03197-14,"Dynamic Interaction of Stress Granules, DDX3X, and IKK-α Mediates Multiple Functions in Hepatitis C Virus Infection.",PMC XML unusable for normalization.,publisher_pdf_or_user_download,PMC XML body element is missing. Unusable PMC XML deleted from run artifacts.
pmid-25717111,25717111,PMC4403497,10.1128/JVI.03464-14,Anti-APOBEC3G activity of HIV-1 Vif protein is attenuated in elite controllers.,PMC XML unusable for normalization.,publisher_pdf_or_user_download,PMC XML body element is missing. Unusable PMC XML deleted from run artifacts.
pmid-25694600,25694600,PMC4403494,10.1128/JVI.02925-14,"A survey of the interactome of Kaposi's sarcoma-associated herpesvirus ORF45 revealed its binding to viral ORF33 and cellular USP7, resulting in stabilization of ORF33 that is required for production of progeny viruses.",PMC XML unusable for normalization.,publisher_pdf_or_user_download,PMC XML body element is missing. Unusable PMC XML deleted from run artifacts.
pmid-25684102,25684102,,10.1002/pmic.201400279,Proteomic alteration of equine monocyte-derived macrophages infected with equine infectious anemia virus.,No PMCID coverage available.,publisher_pdf_or_user_download,No PMCID found via NCBI idconv; PDF fallback will be needed.
pmid-25673725,25673725,PMC4403477,10.1128/JVI.03676-14,Monoclonal antibodies against extracellular domains of claudin-1 block hepatitis C virus infection in a mouse model.,PMC XML unusable for normalization.,publisher_pdf_or_user_download,PMC XML body element is missing. Unusable PMC XML deleted from run artifacts.
pmid-25673723,25673723,PMC4403451,10.1128/JVI.03692-14,Dissecting the roles of the 5' exoribonucleases Xrn1 and Xrn2 in restricting hepatitis C virus replication.,PMC XML unusable for normalization.,publisher_pdf_or_user_download,PMC XML body element is missing. Unusable PMC XML deleted from run artifacts.
pmid-25653444,25653444,PMC4442395,10.1128/JVI.02705-14,AP-2-associated protein kinase 1 and cyclin G-associated kinase regulate hepatitis C virus entry and are potential drug targets.,PMC XML unusable for normalization.,publisher_pdf_or_user_download,PMC XML body element is missing. Unusable PMC XML deleted from run artifacts.
pmid-25653431,25653431,PMC4442402,10.1128/JVI.03087-14,p53-derived host restriction of HIV-1 replication by protein kinase R-mediated Tat phosphorylation and inactivation.,PMC XML unusable for normalization.,publisher_pdf_or_user_download,PMC XML body element is missing. Unusable PMC XML deleted from run artifacts.
pmid-25645595,25645595,,10.1111/cmi.12425,Cholesterol shuttling is important for RNA replication of coxsackievirus B3 and encephalomyocarditis virus.,No PMCID coverage available.,publisher_pdf_or_user_download,No PMCID found via NCBI idconv; PDF fallback will be needed.
pmid-25628391,25628391,,10.1124/jpet.114.217653,Discovery of anti-claudin-1 antibodies as candidate therapeutics against hepatitis C virus.,No PMCID coverage available.,publisher_pdf_or_user_download,No PMCID found via NCBI idconv; PDF fallback will be needed.
pmid-25627404,25627404,,10.1097/FTD.0000000000000189,Determination of the HCV Protease Inhibitor Telaprevir in Plasma and Dried Blood Spot by Liquid Chromatography-Tandem Mass Spectrometry.,No PMCID coverage available.,publisher_pdf_or_user_download,No PMCID found via NCBI idconv; PDF fallback will be needed.
pmid-25609815,25609815,PMC4403431,10.1128/JVI.03060-14,A trans-dominant form of Gag restricts Ty1 retrotransposition and mediates copy number control.,PMC XML unusable for normalization.,publisher_pdf_or_user_download,PMC XML body element is missing. Unusable PMC XML deleted from run artifacts.
pmid-25594315,25594315,,10.1097/COH.0000000000000138,Evolutionary genomics and HIV restriction factors.,No PMCID coverage available.,publisher_pdf_or_user_download,No PMCID found via NCBI idconv; PDF fallback will be needed.
pmid-25589658,25589658,PMC4403413,10.1128/JVI.03232-14,Mining the human complexome database identifies RBM14 as an XPO1-associated protein involved in HIV-1 Rev function.,PMC XML unusable for normalization.,publisher_pdf_or_user_download,PMC XML body element is missing. Unusable PMC XML deleted from run artifacts.
pmid-25582776,25582776,,10.1016/j.bbrc.2015.01.001,Multiple lysines combined in HIV-1 Vif determines the responsiveness to CBF-β.,No PMCID coverage available.,publisher_pdf_or_user_download,No PMCID found via NCBI idconv; PDF fallback will be needed.
pmid-25580897,25580897,,10.1002/hep.27689,Experimental transmission of equine hepacivirus in horses as a model for hepatitis C virus.,No PMCID coverage available.,publisher_pdf_or_user_download,No PMCID found via NCBI idconv; PDF fallback will be needed.
pmid-25568208,25568208,PMC4403404,10.1128/JVI.03453-14,Characterization of dengue virus NS4A and NS4B protein interaction.,PMC XML unusable for normalization.,publisher_pdf_or_user_download,PMC XML body element is missing. Unusable PMC XML deleted from run artifacts.
pmid-25568207,25568207,PMC4337553,10.1128/JVI.03721-14,Stability of structured Kaposi's sarcoma-associated herpesvirus ORF57 protein is regulated by protein phosphorylation and homodimerization.,PMC XML unusable for normalization.,publisher_pdf_or_user_download,PMC XML body element is missing. Unusable PMC XML deleted from run artifacts.
pmid-25520503,25520503,PMC4325709,10.1128/JVI.03105-14,COMMD1/Murr1 reinforces HIV-1 latent infection through IκB-α stabilization.,PMC XML unusable for normalization.,publisher_pdf_or_user_download,PMC XML body element is missing. Unusable PMC XML deleted from run artifacts.
pmid-25505071,25505071,PMC4338883,10.1128/JVI.02982-14,Phosphatidylserine-specific phospholipase A1 involved in hepatitis C virus assembly through NS2 complex formation.,PMC XML unusable for normalization.,publisher_pdf_or_user_download,PMC XML body element is missing. Unusable PMC XML deleted from run artifacts.
pmid-25490467,25490467,,10.1097/QAD.0000000000000554,HIV-1 viral infectivity factor interacts with microtubule-associated protein light chain 3 and inhibits autophagy.,No PMCID coverage available.,publisher_pdf_or_user_download,No PMCID found via NCBI idconv; PDF fallback will be needed.
pmid-25488659,25488659,PMC4303688,10.1074/jbc.M114.607341,The C-terminal 50 amino acid residues of dengue NS3 protein are important for NS3-NS5 interaction and viral replication.,PMC XML unusable for normalization.,publisher_pdf_or_user_download,PMC XML body element is missing. Unusable PMC XML deleted from run artifacts.
pmid-25487531,25487531,,10.1111/jvh.12376,Metabolomics reveals that aldose reductase activity due to AKR1B10 is upregulated in hepatitis C virus infection.,No PMCID coverage available.,publisher_pdf_or_user_download,No PMCID found via NCBI idconv; PDF fallback will be needed.
pmid-25479794,25479794,,10.1093/bib/bbu041,A review of in silico approaches for analysis and prediction of HIV-1-human protein-protein interactions.,No PMCID coverage available.,publisher_pdf_or_user_download,No PMCID found via NCBI idconv; PDF fallback will be needed.
pmid-25462350,25462350,,10.1016/j.virol.2014.11.005,Tetherin restricts HSV-2 release and is counteracted by multiple viral glycoproteins.,No PMCID coverage available.,publisher_pdf_or_user_download,No PMCID found via NCBI idconv; PDF fallback will be needed.
pmid-25428870,25428870,PMC4300767,10.1128/JVI.02027-14,Unraveling the web of viroinformatics: computational tools and databases in virus research.,PMC XML unusable for normalization.,publisher_pdf_or_user_download,PMC XML body element is missing. Unusable PMC XML deleted from run artifacts.
pmid-25424537,25424537,PMC4315660,10.1002/pro.2608,Intrinsic disorder mediates hepatitis C virus core-host cell protein interactions.,PMC XML unusable for normalization.,publisher_pdf_or_user_download,PMC XML body element is missing. Unusable PMC XML deleted from run artifacts.
pmid-25408426,25408426,,10.1007/s12272-014-0519-x,The assembly of Vif ubiquitin E3 ligase for APOBEC3 degradation.,No PMCID coverage available.,publisher_pdf_or_user_download,No PMCID found via NCBI idconv; PDF fallback will be needed.
pmid-25392215,25392215,PMC4300664,10.1128/JVI.01730-14,Distinct characteristics of endometrial and decidual macrophages and regulation of their permissivity to HIV-1 infection by SAMHD1.,PMC XML unusable for normalization.,publisher_pdf_or_user_download,PMC XML body element is missing. Unusable PMC XML deleted from run artifacts.
pmid-25380415,25380415,,10.1002/jssc.201400749,Profiling of esterified fatty acids as biomarkers in the blood of dengue fever patients using a microliter-scale extraction followed by gas chromatography and mass spectrometry.,No PMCID coverage available.,publisher_pdf_or_user_download,No PMCID found via NCBI idconv; PDF fallback will be needed.
pmid-25252731,25252731,,10.1177/1087057114551141,Identifying initiation and elongation inhibitors of dengue virus RNA polymerase in a high-throughput lead-finding campaign.,No PMCID coverage available.,publisher_pdf_or_user_download,No PMCID found via NCBI idconv; PDF fallback will be needed.
pmid-25239021,25239021,,10.1007/s12013-014-0241-9,Gene polymorphisms of IL-10 and MxA in responders and non-responders to interferon therapy in HCV Egyptian patients genotype 4.,No PMCID coverage available.,publisher_pdf_or_user_download,No PMCID found via NCBI idconv; PDF fallback will be needed.
pmid-25099894,25099894,,10.1109/JBHI.2014.2344732,Analysis of protein interaction networks for the detection of candidate hepatitis B and C biomarkers.,No PMCID coverage available.,publisher_pdf_or_user_download,No PMCID found via NCBI idconv; PDF fallback will be needed.
pmid-24649882,24649882,,10.1111/liv.12532,Telaprevir drug monitoring during antiviral therapy of hepatitis C graft infection after liver transplantation.,No PMCID coverage available.,publisher_pdf_or_user_download,No PMCID found via NCBI idconv; PDF fallback will be needed.
pmid-23810703,23810703,,10.1016/j.jfma.2013.04.013,Serum proteome predicts virological response in chronic hepatitis C genotype 1b patients treated with pegylated interferon plus ribavirin.,No PMCID coverage available.,publisher_pdf_or_user_download,No PMCID found via NCBI idconv; PDF fallback will be needed.
pmid-23720098,23720098,,10.1007/s11095-013-1064-x,The cellular isopeptidase T deubiquitinating enzyme regulates Kaposi's sarcoma-associated herpesvirus K7 degradation.,No PMCID coverage available.,publisher_pdf_or_user_download,No PMCID found via NCBI idconv; PDF fallback will be needed.
pmid-25674628,25674628,PMC4262306,10.1007/s13337-014-0240-x,Host proteins associated with Hepatitis C virus encoded NS4A.,PMC XML unusable for normalization.,publisher_pdf_or_user_download,PMC XML body element is missing. Unusable PMC XML deleted from run artifacts.
pmid-25587751,25587751,PMC4502693,10.4161/15548627.2014.984278,TRIM proteins regulate autophagy: TRIM5 is a selective autophagy receptor mediating HIV-1 restriction.,PMC XML unusable for normalization.,publisher_pdf_or_user_download,PMC XML body element is missing. Unusable PMC XML deleted from run artifacts.
pmid-25518710,25518710,,10.4149/av_2014_04_301,Targeting microRNA-122: walking on cutting edge of hepatitis C virus infection therapy.,No PMCID coverage available.,publisher_pdf_or_user_download,No PMCID found via NCBI idconv; PDF fallback will be needed.
pmid-25464088,25464088,,10.1016/j.jchromb.2014.10.005,"A validated LC-MS/MS method for the simultaneous determination of BMS-791325, a hepatitis C virus NS5B RNA polymerase inhibitor, and its metabolite in plasma.",No PMCID coverage available.,publisher_pdf_or_user_download,No PMCID found via NCBI idconv; PDF fallback will be needed.
pmid-25369007,25369007,,,Association of SNPs in interferon receptor genes in chronic hepatitis C with response to combined therapy of interferon and ribavirin.,No PMCID coverage available.,publisher_pdf_or_user_download,No PMCID found via NCBI idconv; PDF fallback will be needed.
pmid-25275127,25275127,PMC4249113,10.1128/JVI.02333-14,"HIV-1 Nef and Vpu are functionally redundant broad-spectrum modulators of cell surface receptors, including tetraspanins.",PMC XML unusable for normalization.,publisher_pdf_or_user_download,PMC XML body element is missing. Unusable PMC XML deleted from run artifacts.
pmid-25268799,25268799,PMC4179963,10.4161/rna.29545,Re-analysis of cryoEM data on HCV IRES bound to 40S subunit of human ribosome integrated with recent structural information suggests new contact regions between ribosomal proteins and HCV RNA.,PMC XML unusable for normalization.,publisher_pdf_or_user_download,PMC XML body element is missing. Unusable PMC XML deleted from run artifacts.
pmid-25262680,25262680,,10.4014/jmb.1409.09063,Interaction of stomatin with hepatitis C virus RNA polymerase stabilizes the viral RNA replicase complexes on detergent-resistant membranes.,No PMCID coverage available.,publisher_pdf_or_user_download,No PMCID found via NCBI idconv; PDF fallback will be needed.
pmid-25253338,25253338,PMC4248981,10.1128/JVI.02505-14,Overlapping and distinct molecular determinants dictating the antiviral activities of TRIM56 against flaviviruses and coronavirus.,PMC XML unusable for normalization.,publisher_pdf_or_user_download,PMC XML body element is missing. Unusable PMC XML deleted from run artifacts.
pmid-25240798,25240798,,10.1016/j.cytogfr.2014.08.006,Unmasking immune sensing of retroviruses: interplay between innate sensors and host effectors.,No PMCID coverage available.,publisher_pdf_or_user_download,No PMCID found via NCBI idconv; PDF fallback will be needed.
pmid-25239874,25239874,,10.1016/j.micpath.2014.09.002,Arthropods as a source of new RNA viruses.,No PMCID coverage available.,publisher_pdf_or_user_download,No PMCID found via NCBI idconv; PDF fallback will be needed.
pmid-25210194,25210194,PMC4248984,10.1128/JVI.02234-14,The HERV-K human endogenous retrovirus envelope protein antagonizes Tetherin antiviral activity.,PMC XML unusable for normalization.,publisher_pdf_or_user_download,PMC XML body element is missing. Unusable PMC XML deleted from run artifacts.
pmid-25201733,25201733,,10.1016/j.bbrc.2014.08.151,MicroRNA-181 expression regulates specific post-transcriptional level of SAMHD1 expression in vitro.,No PMCID coverage available.,publisher_pdf_or_user_download,No PMCID found via NCBI idconv; PDF fallback will be needed.
pmid-25200433,25200433,,10.1007/s11033-014-3621-8,Establishment of a novel triple-transgenic mouse: conditionally and liver-specifically expressing hepatitis C virus NS3/4A protease.,No PMCID coverage available.,publisher_pdf_or_user_download,No PMCID found via NCBI idconv; PDF fallback will be needed.
pmid-25178700,25178700,,10.1038/ajg.2014.243,Hepatitis C in African Americans.,No PMCID coverage available.,publisher_pdf_or_user_download,No PMCID found via NCBI idconv; PDF fallback will be needed.
pmid-25158218,25158218,,10.1021/pr500556d,Elucidation of the Ebola virus VP24 cellular interactome and disruption of virus biology through targeted inhibition of host-cell protein function.,No PMCID coverage available.,publisher_pdf_or_user_download,No PMCID found via NCBI idconv; PDF fallback will be needed.
pmid-25142595,25142595,PMC4248924,10.1128/JVI.01145-14,Role of hypervariable region 1 for the interplay of hepatitis C virus with entry factors and lipoproteins.,PMC XML unusable for normalization.,publisher_pdf_or_user_download,PMC XML body element is missing. Unusable PMC XML deleted from run artifacts.
pmid-25122791,25122791,PMC4248942,10.1128/JVI.01678-14,Stearoyl coenzyme A desaturase 1 is associated with hepatitis C virus replication complex and regulates viral replication.,PMC XML unusable for normalization.,publisher_pdf_or_user_download,PMC XML body element is missing. Unusable PMC XML deleted from run artifacts.
pmid-25122780,25122780,PMC4178706,10.1128/JVI.01924-14,Core-binding factor subunit beta is not required for non-primate lentiviral Vif-mediated APOBEC3 degradation.,PMC XML unusable for normalization.,publisher_pdf_or_user_download,PMC XML body element is missing. Unusable PMC XML deleted from run artifacts.
pmid-25122776,25122776,PMC4178724,10.1128/JVI.01860-14,Increased replicative fitness can lead to decreased drug sensitivity of hepatitis C virus.,PMC XML unusable for normalization.,publisher_pdf_or_user_download,PMC XML body element is missing. Unusable PMC XML deleted from run artifacts.
pmid-25107902,25107902,PMC4176237,10.1074/jbc.M114.561662,"Identification of RFPL3 protein as a novel E3 ubiquitin ligase modulating the integration activity of human immunodeficiency virus, type 1 preintegration complex using a microtiter plate-based assay.",PMC XML unusable for normalization.,publisher_pdf_or_user_download,PMC XML body element is missing. Unusable PMC XML deleted from run artifacts.
pmid-25100798,25100798,,10.1099/vir.0.068544-0,Receptor-activated human α2-macroglobulin interacts with the envelope protein of dengue virus and protects virions from temperature-induced inactivation through multivalent binding.,No PMCID coverage available.,publisher_pdf_or_user_download,No PMCID found via NCBI idconv; PDF fallback will be needed.
pmid-25088618,25088618,,10.1016/j.jcv.2014.07.010,Multiplex PCR/mass spectrometry screening of biological carcinogenic agents in human mammary tumors.,No PMCID coverage available.,publisher_pdf_or_user_download,No PMCID found via NCBI idconv; PDF fallback will be needed.
pmid-25076193,25076193,,10.1021/bi500724k,Membranotropic regions of the dengue virus prM protein.,No PMCID coverage available.,publisher_pdf_or_user_download,No PMCID found via NCBI idconv; PDF fallback will be needed.
pmid-25044019,25044019,PMC4223490,10.1074/mcp.M113.028977,A novel immuno-competitive capture mass spectrometry strategy for protein-protein interaction profiling reveals that LATS kinases regulate HCV replication through NS5A phosphorylation.,PMC XML unusable for normalization.,publisher_pdf_or_user_download,PMC XML body element is missing. Unusable PMC XML deleted from run artifacts.
pmid-25034285,25034285,,10.1159/000360830,The HCV life cycle: in vitro tissue culture systems and therapeutic targets.,No PMCID coverage available.,publisher_pdf_or_user_download,No PMCID found via NCBI idconv; PDF fallback will be needed.
pmid-25031347,25031347,PMC4178819,10.1128/JVI.01582-14,Seed sequence-matched controls reveal limitations of small interfering RNA knockdown in functional and structural studies of hepatitis C virus NS5A-MOBKL1B interaction.,PMC XML unusable for normalization.,publisher_pdf_or_user_download,PMC XML body element is missing. Unusable PMC XML deleted from run artifacts.
pmid-25031343,25031343,PMC4178806,10.1128/JVI.01826-14,Phosphorylation of hepatitis C virus RNA polymerases ser29 and ser42 by protein kinase C-related kinase 2 regulates viral RNA replication.,PMC XML unusable for normalization.,publisher_pdf_or_user_download,PMC XML body element is missing. Unusable PMC XML deleted from run artifacts.
pmid-25017472,25017472,,10.1016/j.antiviral.2014.07.004,HSPA5 is an essential host factor for Ebola virus infection.,No PMCID coverage available.,publisher_pdf_or_user_download,No PMCID found via NCBI idconv; PDF fallback will be needed.
pmid-25010285,25010285,,10.1016/j.virol.2014.04.038,Proteome analysis of the HIV-1 Gag interactome.,No PMCID coverage available.,publisher_pdf_or_user_download,No PMCID found via NCBI idconv; PDF fallback will be needed.
pmid-25009145,25009145,,10.1016/j.jprot.2014.06.029,Quantitative proteomic analysis of Huh-7 cells infected with Dengue virus by label-free LC-MS.,No PMCID coverage available.,publisher_pdf_or_user_download,No PMCID found via NCBI idconv; PDF fallback will be needed.
pmid-24999865,24999865,,10.1016/j.jpba.2014.06.019,Quantification of 2'-deoxy-2'-β-fluoro-4'-azidocytidine in rat and dog plasma using liquid chromatography-quadrupole time-of-flight and liquid chromatography-triple quadrupole mass spectrometry: Application to bioavailability and pharmacokinetic studies.,No PMCID coverage available.,publisher_pdf_or_user_download,No PMCID found via NCBI idconv; PDF fallback will be needed.
pmid-24980280,24980280,,10.1111/febs.12901,Investigating the antiviral role of cell death-inducing DFF45-like effector B in HCV replication.,No PMCID coverage available.,publisher_pdf_or_user_download,No PMCID found via NCBI idconv; PDF fallback will be needed.
pmid-24966931,24966931,PMC4069921,,A high throughput RNAi screen reveals determinants of HIV-1 activity in host kinases.,PMC XML unusable for normalization.,publisher_pdf_or_user_download,PMC XML body element is missing. Unusable PMC XML deleted from run artifacts.
pmid-24966193,24966193,,10.1093/infdis/jiu159,Sex differences in infectious diseases-common but neglected.,No PMCID coverage available.,publisher_pdf_or_user_download,No PMCID found via NCBI idconv; PDF fallback will be needed.
pmid-24965468,24965468,PMC4178846,10.1128/JVI.00745-14,The linker region of NS3 plays a critical role in the replication and infectivity of hepatitis C virus.,PMC XML unusable for normalization.,publisher_pdf_or_user_download,PMC XML body element is missing. Unusable PMC XML deleted from run artifacts.
pmid-24956436,24956436,,10.1016/j.meegid.2014.06.014,Biomarkers for virus-induced hepatocellular carcinoma (HCC).,No PMCID coverage available.,publisher_pdf_or_user_download,No PMCID found via NCBI idconv; PDF fallback will be needed.
pmid-24947213,24947213,,,DENVirDB: a web portal of dengue virus sequence information on Asian isolates.,No PMCID coverage available.,publisher_pdf_or_user_download,No PMCID found via NCBI idconv; PDF fallback will be needed.
pmid-24920820,24920820,PMC4136347,10.1128/JVI.01063-14,Mapping of functional domains of the lipid kinase phosphatidylinositol 4-kinase type III alpha involved in enzymatic activity and hepatitis C virus replication.,PMC XML unusable for normalization.,publisher_pdf_or_user_download,PMC XML body element is missing. Unusable PMC XML deleted from run artifacts.
pmid-24920810,24920810,PMC4136275,10.1128/JVI.00511-14,Modulation of Kaposi's sarcoma-associated herpesvirus interleukin-6 function by hypoxia-upregulated protein 1.,PMC XML unusable for normalization.,publisher_pdf_or_user_download,PMC XML body element is missing. Unusable PMC XML deleted from run artifacts.
pmid-24910013,24910013,,10.2174/1389201015666140608142728,Insight into structural organization and protein-protein interaction of non structural 3 (NS3) proteins from dengue serotypes.,No PMCID coverage available.,publisher_pdf_or_user_download,No PMCID found via NCBI idconv; PDF fallback will be needed.
pmid-24899196,24899196,PMC4136266,10.1128/JVI.01428-14,Hepatitis C virus entry is impaired by claudin-1 downregulation in diacylglycerol acyltransferase-1-deficient cells.,PMC XML unusable for normalization.,publisher_pdf_or_user_download,PMC XML body element is missing. Unusable PMC XML deleted from run artifacts.
pmid-24856902,24856902,PMC4118700,10.1089/aid.2014.0003,Inteleukin-23 promotes interferon-α responsiveness in hepatitis C virus/HIV-coinfected patients.,PMC XML unusable for normalization.,publisher_pdf_or_user_download,PMC XML body element is missing. Unusable PMC XML deleted from run artifacts.
pmid-24855065,24855065,PMC4223476,10.1074/mcp.M114.038984,Quantitative proteomic analysis of host-virus interactions reveals a role for Golgi brefeldin A resistance factor 1 (GBF1) in dengue infection.,PMC XML unusable for normalization.,publisher_pdf_or_user_download,PMC XML body element is missing. Unusable PMC XML deleted from run artifacts.
pmid-24820090,24820090,PMC4136077,10.1128/AAC.02690-14,Zinc finger endonuclease targeting PSIP1 inhibits HIV-1 integration.,PMC XML unusable for normalization.,publisher_pdf_or_user_download,PMC XML body element is missing. Unusable PMC XML deleted from run artifacts.
pmid-24815023,24815023,,10.1016/j.antiviral.2014.04.009,Hepatitis C virus polymerase-polymerase contact interface: significance for virus replication and antiviral design.,No PMCID coverage available.,publisher_pdf_or_user_download,No PMCID found via NCBI idconv; PDF fallback will be needed.
pmid-24797426,24797426,PMC4083108,10.1074/mcp.M113.036301,The intraviral protein interaction network of hepatitis C virus.,PMC XML unusable for normalization.,publisher_pdf_or_user_download,PMC XML body element is missing. Unusable PMC XML deleted from run artifacts.
pmid-24786669,24786669,PMC4217005,10.1089/jir.2013.0136,IFN-λ4: the paradoxical new member of the interferon lambda family.,PMC XML unusable for normalization.,publisher_pdf_or_user_download,PMC XML body element is missing. Unusable PMC XML deleted from run artifacts.
pmid-24782258,24782258,,10.1055/s-0034-1371010,Interferon-free strategies without a nucleoside/nucleotide analogue.,No PMCID coverage available.,publisher_pdf_or_user_download,No PMCID found via NCBI idconv; PDF fallback will be needed.
pmid-24778195,24778195,PMC4080554,10.4269/ajtmh.13-0624,A highly conserved region between amino acids 221 and 266 of dengue virus non-structural protein 1 is a major epitope region in infected patients.,PMC XML unusable for normalization.,publisher_pdf_or_user_download,PMC XML body element is missing. Unusable PMC XML deleted from run artifacts.
pmid-24760886,24760886,PMC4054430,10.1128/JVI.03170-13,Involvement of hepatitis C virus NS5A hyperphosphorylation mediated by casein kinase I-α in infectious virus production.,PMC XML unusable for normalization.,publisher_pdf_or_user_download,PMC XML body element is missing. Unusable PMC XML deleted from run artifacts.
pmid-24721496,24721496,,10.1016/j.coviro.2014.03.004,Hepatitis C virus and microRNAs: miRed in a host of possibilities.,No PMCID coverage available.,publisher_pdf_or_user_download,No PMCID found via NCBI idconv; PDF fallback will be needed.
pmid-24719423,24719423,PMC4054450,10.1128/JVI.00225-14,hnRNP L and NF90 interact with hepatitis C virus 5'-terminal untranslated RNA and promote efficient replication.,PMC XML unusable for normalization.,publisher_pdf_or_user_download,PMC XML body element is missing. Unusable PMC XML deleted from run artifacts.
pmid-24698129,24698129,,10.1111/febs.12802,Fusogenic properties of the ectodomains of hepatitis C virus envelope proteins.,No PMCID coverage available.,publisher_pdf_or_user_download,No PMCID found via NCBI idconv; PDF fallback will be needed.
pmid-24696343,24696343,,10.1007/978-1-4939-0348-1_17,Analysis of affinity of dengue virus protein interaction using Biacore.,No PMCID coverage available.,publisher_pdf_or_user_download,No PMCID found via NCBI idconv; PDF fallback will be needed.
pmid-24696342,24696342,,10.1007/978-1-4939-0348-1_16,Identification of dengue RNA binding proteins using RNA chromatography and quantitative mass spectrometry.,No PMCID coverage available.,publisher_pdf_or_user_download,No PMCID found via NCBI idconv; PDF fallback will be needed.
pmid-24690320,24690320,,10.1016/j.febslet.2014.03.043,Farnesyl-diphosphate farnesyltransferase 1 regulates hepatitis C virus propagation.,No PMCID coverage available.,publisher_pdf_or_user_download,No PMCID found via NCBI idconv; PDF fallback will be needed.
pmid-24665823,24665823,PMC4010161,10.1089/dna.2014.2378,The innate immune response to HIV-1: to sense or not to sense.,PMC XML unusable for normalization.,publisher_pdf_or_user_download,PMC XML body element is missing. Unusable PMC XML deleted from run artifacts.
pmid-24659882,24659882,PMC3961968,10.3748/wjg.v20.i11.2913,Understanding the interaction of hepatitis C virus with host DEAD-box RNA helicases.,PMC XML unusable for normalization.,publisher_pdf_or_user_download,PMC XML body element is missing. Unusable PMC XML deleted from run artifacts.
pmid-24659876,24659876,PMC3961989,10.3748/wjg.v20.i11.2839,Individualization of chronic hepatitis C treatment according to the host characteristics.,PMC XML unusable for normalization.,publisher_pdf_or_user_download,PMC XML body element is missing. Unusable PMC XML deleted from run artifacts.
pmid-24652670,24652670,,10.1002/ardp.201300431,Synthesis of novel purine-based coxsackievirus inhibitors bearing polycylic substituents at the N-9 position.,No PMCID coverage available.,publisher_pdf_or_user_download,No PMCID found via NCBI idconv; PDF fallback will be needed.
pmid-24642660,24642660,,10.3851/IMP2766,MicroRNAs: role and therapeutic targets in viral hepatitis.,No PMCID coverage available.,publisher_pdf_or_user_download,No PMCID found via NCBI idconv; PDF fallback will be needed.
pmid-24641719,24641719,,10.1586/17474124.2014.898562,Liver transplant complications in hepatitis C infected recipients: recurrence versus rejection.,No PMCID coverage available.,publisher_pdf_or_user_download,No PMCID found via NCBI idconv; PDF fallback will be needed.
pmid-24623438,24623438,PMC4093857,10.1128/JVI.03738-13,Hepatitis C virus NS5A hijacks ARFGAP1 to maintain a phosphatidylinositol 4-phosphate-enriched microenvironment.,PMC XML unusable for normalization.,publisher_pdf_or_user_download,PMC XML body element is missing. Unusable PMC XML deleted from run artifacts.
pmid-24623419,24623419,PMC4019113,10.1128/JVI.00155-14,Identification of cellular proteins interacting with the retroviral restriction factor SAMHD1.,PMC XML unusable for normalization.,publisher_pdf_or_user_download,PMC XML body element is missing. Unusable PMC XML deleted from run artifacts.
pmid-24616218,24616218,,10.1002/pmic.201300422,Spike-in SILAC proteomic approach reveals the vitronectin as an early molecular signature of liver fibrosis in hepatitis C infections with hepatic iron overload.,No PMCID coverage available.,publisher_pdf_or_user_download,No PMCID found via NCBI idconv; PDF fallback will be needed.
pmid-24602294,24602294,,10.1111/jvh.12241,SUMOylation of nonstructural 5A protein regulates hepatitis C virus replication.,No PMCID coverage available.,publisher_pdf_or_user_download,No PMCID found via NCBI idconv; PDF fallback will be needed.
pmid-24599999,24599999,PMC4019116,10.1128/JVI.03839-13,Novel permissive cell lines for complete propagation of hepatitis C virus.,PMC XML unusable for normalization.,publisher_pdf_or_user_download,PMC XML body element is missing. Unusable PMC XML deleted from run artifacts.
pmid-24574390,24574390,PMC3993804,10.1128/JVI.03057-13,Dendritic cell-lymphocyte cross talk downregulates host restriction factor SAMHD1 and stimulates HIV-1 replication in dendritic cells.,PMC XML unusable for normalization.,publisher_pdf_or_user_download,PMC XML body element is missing. Unusable PMC XML deleted from run artifacts.
pmid-24554660,24554660,PMC3993799,10.1128/JVI.03241-13,Determining the involvement and therapeutic implications of host cellular factors in hepatitis C virus cell-to-cell spread.,PMC XML unusable for normalization.,publisher_pdf_or_user_download,PMC XML body element is missing. Unusable PMC XML deleted from run artifacts.
pmid-24514093,24514093,PMC4023727,10.1128/AAC.02156-13,"Mass balance and metabolite profiling of steady-state faldaprevir, a hepatitis C virus NS3/4 protease inhibitor, in healthy male subjects.",PMC XML unusable for normalization.,publisher_pdf_or_user_download,PMC XML body element is missing. Unusable PMC XML deleted from run artifacts.
pmid-24478427,24478427,PMC3993764,10.1128/JVI.00049-14,Specific sequence of a Beta turn in human la protein may contribute to species specificity of hepatitis C virus.,PMC XML unusable for normalization.,publisher_pdf_or_user_download,PMC XML body element is missing. Unusable PMC XML deleted from run artifacts.
pmid-24449914,24449914,PMC3932936,10.1073/pnas.1320755111,Structural basis for nuclear import of splicing factors by human Transportin 3.,PMC XML unusable for normalization.,publisher_pdf_or_user_download,PMC XML body element is missing. Unusable PMC XML deleted from run artifacts.
pmid-24449862,24449862,PMC3918791,10.1073/pnas.1314268111,"Novel antiviral host factor, TNK1, regulates IFN signaling through serine phosphorylation of STAT1.",PMC XML unusable for normalization.,publisher_pdf_or_user_download,PMC XML body element is missing. Unusable PMC XML deleted from run artifacts.
pmid-24445208,24445208,PMC3945687,10.4269/ajtmh.13-0412,Effect of dengue-2 virus infection on protein expression in the salivary glands of Aedes aegypti mosquitoes.,PMC XML unusable for normalization.,publisher_pdf_or_user_download,PMC XML body element is missing. Unusable PMC XML deleted from run artifacts.
pmid-24429364,24429364,PMC3993538,10.1128/JVI.02490-13,Dynamic imaging of the hepatitis C virus NS5A protein during a productive infection.,PMC XML unusable for normalization.,publisher_pdf_or_user_download,PMC XML body element is missing. Unusable PMC XML deleted from run artifacts.
pmid-24415756,24415756,PMC3937678,10.1074/jbc.M113.531426,"Pharmacological and genetic targeting of the PI4KA enzyme reveals its important role in maintaining plasma membrane phosphatidylinositol 4-phosphate and phosphatidylinositol 4,5-bisphosphate levels.",PMC XML unusable for normalization.,publisher_pdf_or_user_download,PMC XML body element is missing. Unusable PMC XML deleted from run artifacts.
pmid-24390335,24390335,PMC3957933,10.1128/JVI.03833-13,Evolutionarily conserved requirement for core binding factor beta in the assembly of the human immunodeficiency virus/simian immunodeficiency virus Vif-cullin 5-RING E3 ubiquitin ligase.,PMC XML unusable for normalization.,publisher_pdf_or_user_download,PMC XML body element is missing. Unusable PMC XML deleted from run artifacts.
pmid-24390334,24390334,PMC3957939,10.1128/JVI.02782-13,Dimerization of flavivirus NS4B protein.,PMC XML unusable for normalization.,publisher_pdf_or_user_download,PMC XML body element is missing. Unusable PMC XML deleted from run artifacts.
pmid-24390322,24390322,PMC3957917,10.1128/JVI.03814-13,Feline immunodeficiency virus envelope glycoproteins antagonize tetherin through a distinctive mechanism that requires virion incorporation.,PMC XML unusable for normalization.,publisher_pdf_or_user_download,PMC XML body element is missing. Unusable PMC XML deleted from run artifacts.
pmid-24385319,24385319,,10.1007/s12272-013-0318-9,MicroRNA-targeting therapeutics for hepatitis C.,No PMCID coverage available.,publisher_pdf_or_user_download,No PMCID found via NCBI idconv; PDF fallback will be needed.
pmid-24374781,24374781,,10.1002/jmv.23857,Infection of epithelial cells with dengue virus promotes the expression of proteins favoring the replication of certain viral strains.,No PMCID coverage available.,publisher_pdf_or_user_download,No PMCID found via NCBI idconv; PDF fallback will be needed.
pmid-24373310,24373310,,10.1016/B978-0-12-800098-4.00001-5,Revisiting dengue virus-host cell interaction: new insights into molecular and cellular virology.,No PMCID coverage available.,publisher_pdf_or_user_download,No PMCID found via NCBI idconv; PDF fallback will be needed.
pmid-24352456,24352456,PMC3958084,10.1128/JVI.03650-13,"Recruitment of PI4KIIIβ to coxsackievirus B3 replication organelles is independent of ACBD3, GBF1, and Arf1.",PMC XML unusable for normalization.,publisher_pdf_or_user_download,PMC XML body element is missing. Unusable PMC XML deleted from run artifacts.
pmid-24343737,24343737,,10.1309/AJCPBLFBNAP6N2UN,Increased concentrations of apo A-I and apo A-II fragments in the serum of patients with hepatocellular carcinoma by magnetic beads-assisted MALDI-TOF mass spectrometry.,No PMCID coverage available.,publisher_pdf_or_user_download,No PMCID found via NCBI idconv; PDF fallback will be needed.
pmid-24329419,24329419,,10.1089/dna.2013.2261,Interferon lambda genetic polymorphisms and viral infection: the tip of the iceberg?,No PMCID coverage available.,publisher_pdf_or_user_download,No PMCID found via NCBI idconv; PDF fallback will be needed.
pmid-24284321,24284321,PMC3911532,10.1128/JVI.01249-13,Cellular vimentin regulates construction of dengue virus replication complexes through interaction with NS4A protein.,PMC XML unusable for normalization.,publisher_pdf_or_user_download,PMC XML body element is missing. Unusable PMC XML deleted from run artifacts.
pmid-24227834,24227834,PMC3911658,10.1128/JVI.03148-13,Equine tetherin blocks retrovirus release and its activity is antagonized by equine infectious anemia virus envelope protein.,PMC XML unusable for normalization.,publisher_pdf_or_user_download,PMC XML body element is missing. Unusable PMC XML deleted from run artifacts.
pmid-24173232,24173232,PMC3911621,10.1128/JVI.01815-13,Apolipoprotein E codetermines tissue tropism of hepatitis C virus and is crucial for viral cell-to-cell transmission by contributing to a postenvelopment step of assembly.,PMC XML unusable for normalization.,publisher_pdf_or_user_download,PMC XML body element is missing. Unusable PMC XML deleted from run artifacts.
pmid-24173222,24173222,PMC3911751,10.1128/JVI.02052-13,Hepatitis C virus RNA replication and virus particle assembly require specific dimerization of the NS4A protein transmembrane domain.,PMC XML unusable for normalization.,publisher_pdf_or_user_download,PMC XML body element is missing. Unusable PMC XML deleted from run artifacts.
pmid-24173214,24173214,PMC3911732,10.1128/JVI.02828-13,The innate immune factor apolipoprotein L1 restricts HIV-1 infection.,PMC XML unusable for normalization.,publisher_pdf_or_user_download,PMC XML body element is missing. Unusable PMC XML deleted from run artifacts.
pmid-24169621,24169621,PMC3879614,10.1074/mcp.M113.030155,Elucidating novel hepatitis C virus-host interactions using combined mass spectrometry and functional genomics approaches.,PMC XML unusable for normalization.,publisher_pdf_or_user_download,PMC XML body element is missing. Unusable PMC XML deleted from run artifacts.
pmid-24155399,24155399,PMC3911728,10.1128/JVI.02687-13,Effects of alpha interferon treatment on intrinsic anti-HIV-1 immunity in vivo.,PMC XML unusable for normalization.,publisher_pdf_or_user_download,PMC XML body element is missing. Unusable PMC XML deleted from run artifacts.
pmid-24136724,24136724,,10.1007/s00705-013-1888-z,A potential cellular host factor homologous to ZNF-136 can interact with truncated nonstructural protein 2 of hepatitis C virus.,No PMCID coverage available.,publisher_pdf_or_user_download,No PMCID found via NCBI idconv; PDF fallback will be needed.
pmid-24059298,24059298,,10.2174/18715273113126660164,An association of virus infection with type 2 diabetes and Alzheimer's disease.,No PMCID coverage available.,publisher_pdf_or_user_download,No PMCID found via NCBI idconv; PDF fallback will be needed.
pmid-24035804,24035804,,10.1016/j.bbamem.2013.08.017,"Viral channel proteins in intracellular protein-protein communication: Vpu of HIV-1, E5 of HPV16 and p7 of HCV.",No PMCID coverage available.,publisher_pdf_or_user_download,No PMCID found via NCBI idconv; PDF fallback will be needed.
pmid-24034338,24034338,,10.1111/liv.12279,Elderly age is not a negative predictive factor for virological response to therapy with pegylated interferon-α and ribavirin in chronic hepatitis C virus patients.,No PMCID coverage available.,publisher_pdf_or_user_download,No PMCID found via NCBI idconv; PDF fallback will be needed.
pmid-24025983,24025983,,10.2133/dmpk.dmpk-13-rg-016,Single-dose pharmacokinetics of the HCV polymerase inhibitor mericitabine in healthy Caucasian and Japanese subjects.,No PMCID coverage available.,publisher_pdf_or_user_download,No PMCID found via NCBI idconv; PDF fallback will be needed.
pmid-23979177,23979177,,10.1007/s00705-013-1803-7,Current and future therapies for hepatitis C virus infection: from viral proteins to host targets.,No PMCID coverage available.,publisher_pdf_or_user_download,No PMCID found via NCBI idconv; PDF fallback will be needed.
pmid-23944848,23944848,,10.1111/liv.12277,Identification of candidate biomarkers for hepatocellular carcinoma in plasma of HCV-infected cirrhotic patients by 2-D DIGE.,No PMCID coverage available.,publisher_pdf_or_user_download,No PMCID found via NCBI idconv; PDF fallback will be needed.
pmid-23873628,23873628,,10.1002/hep.26626,"Cell entry, efficient RNA replication, and production of infectious hepatitis C virus progeny in mouse liver-derived cells.",No PMCID coverage available.,publisher_pdf_or_user_download,No PMCID found via NCBI idconv; PDF fallback will be needed.
pmid-23774196,23774196,,10.1016/j.bbapap.2013.06.002,Comparative analysis of viral protein interaction networks in Hepatitis B virus and Hepatitis C virus infected HCC.,No PMCID coverage available.,publisher_pdf_or_user_download,No PMCID found via NCBI idconv; PDF fallback will be needed.
pmid-26201802,26201802,,10.1007/s12072-012-9404-1,SNPs in the promoter region of the osteopontin gene as a possible host factor for sex difference in hepatocellular carcinoma development in patients with HCV.,No PMCID coverage available.,publisher_pdf_or_user_download,No PMCID found via NCBI idconv; PDF fallback will be needed.
pmid-25366053,25366053,,10.2222/jsv.63.187,[Multifunctional HIV accessory proteins are hub proteins antagonizing host antiviral factors].,No PMCID coverage available.,publisher_pdf_or_user_download,No PMCID found via NCBI idconv; PDF fallback will be needed.
pmid-24594570,24594570,,10.1051/jbio/2013021,[Plasmodium sporozoite entry pathways during malaria liver infection].,No PMCID coverage available.,publisher_pdf_or_user_download,No PMCID found via NCBI idconv; PDF fallback will be needed.
pmid-24416772,24416772,,10.1016/j.antiviral.2013.10.009,Identification of proteins that mediate the pro-viral functions of the interferon stimulated gene 15 in hepatitis C virus replication.,No PMCID coverage available.,publisher_pdf_or_user_download,No PMCID found via NCBI idconv; PDF fallback will be needed.
pmid-24345507,24345507,,10.1016/S1875-5364(13)60076-X,Metabolomics and proteomics approaches to characterize and assess proteins of bear bile powder for hepatitis C virus.,No PMCID coverage available.,publisher_pdf_or_user_download,No PMCID found via NCBI idconv; PDF fallback will be needed.
pmid-24180113,24180113,,10.1603/me12155,Quantitative proteomic analysis of the Anopheles gambiae (Diptera: Culicidae) midgut infected with o'nyong-nyong virus.,No PMCID coverage available.,publisher_pdf_or_user_download,No PMCID found via NCBI idconv; PDF fallback will be needed.
pmid-24175227,24175227,PMC3785050,10.5501/wjv.v2.i2.18,High-throughput RNA interference screens integrative analysis: Towards a comprehensive understanding of the virus-host interplay.,PMC XML unusable for normalization.,publisher_pdf_or_user_download,PMC XML body element is missing. Unusable PMC XML deleted from run artifacts.
pmid-24161438,24161438,,10.1016/j.jmb.2013.10.022,SAMHD1 host restriction factor: a link with innate immune sensing of retrovirus infection.,No PMCID coverage available.,publisher_pdf_or_user_download,No PMCID found via NCBI idconv; PDF fallback will be needed.
pmid-24144106,24144106,,10.1021/pr400578h,Elevated concentrations of milk β2-microglobulin are associated with increased risk of breastfeeding transmission of HIV-1 (Vertical Transmission Study).,No PMCID coverage available.,publisher_pdf_or_user_download,No PMCID found via NCBI idconv; PDF fallback will be needed.
pmid-24108617,24108617,PMC3838038,10.1128/JCM.01978-13,Broad-range PCR-electrospray ionization mass spectrometry for detection and typing of adenovirus and other opportunistic viruses in stem cell transplant patients.,PMC XML unusable for normalization.,publisher_pdf_or_user_download,PMC XML body element is missing. Unusable PMC XML deleted from run artifacts.
pmid-24088354,24088354,,10.1248/yakushi.13-00200,[Study of molecular function of proteins in human immunodeficiency virus].,No PMCID coverage available.,publisher_pdf_or_user_download,No PMCID found via NCBI idconv; PDF fallback will be needed.
pmid-24088012,24088012,,10.1586/14789450.2013.842900,Novel type of protein chip for multiplex detection of autoantibodies.,No PMCID coverage available.,publisher_pdf_or_user_download,No PMCID found via NCBI idconv; PDF fallback will be needed.
pmid-24074594,24074594,,10.1016/j.virol.2013.08.009,The interaction between claudin-1 and dengue viral prM/M protein for its entry.,No PMCID coverage available.,publisher_pdf_or_user_download,No PMCID found via NCBI idconv; PDF fallback will be needed.
pmid-24018490,24018490,,,Use of proteomic analysis tools to identify HCV-proteins down-regulated by acetylsalicylic acid.,No PMCID coverage available.,publisher_pdf_or_user_download,No PMCID found via NCBI idconv; PDF fallback will be needed.
pmid-23986595,23986595,PMC3807372,10.1128/JVI.01474-13,A host YB-1 ribonucleoprotein complex is hijacked by hepatitis C virus for the control of NS3-dependent particle production.,PMC XML unusable for normalization.,publisher_pdf_or_user_download,PMC XML body element is missing. Unusable PMC XML deleted from run artifacts.
pmid-23979356,23979356,PMC3795231,10.1074/jbc.M113.504175,A biochemical analysis linking APOBEC3A to disparate HIV-1 restriction and skin cancer.,PMC XML unusable for normalization.,publisher_pdf_or_user_download,PMC XML body element is missing. Unusable PMC XML deleted from run artifacts.
pmid-23943653,23943653,PMC3798998,10.1182/blood-2013-01-479972,Targeting the Hsp90-associated viral oncoproteome in gammaherpesvirus-associated malignancies.,PMC XML unusable for normalization.,publisher_pdf_or_user_download,PMC XML body element is missing. Unusable PMC XML deleted from run artifacts.
pmid-23933394,23933394,,10.1016/j.jviromet.2013.07.061,Analysis of Kaposi's sarcoma-associated herpesvirus latent replication using a real-time polymerase chain reaction technique.,No PMCID coverage available.,publisher_pdf_or_user_download,No PMCID found via NCBI idconv; PDF fallback will be needed.
pmid-23930976,23930976,PMC3741427,10.1089/vbz.2012.1110,Mosquito protein kinase G phosphorylates flavivirus NS5 and alters flight behavior in Aedes aegypti and Anopheles gambiae.,PMC XML unusable for normalization.,publisher_pdf_or_user_download,PMC XML body element is missing. Unusable PMC XML deleted from run artifacts.
pmid-23903848,23903848,PMC3807424,10.1128/JVI.01535-13,Isolate-specific differences in the conformational dynamics and antigenicity of HIV-1 gp120.,PMC XML unusable for normalization.,publisher_pdf_or_user_download,PMC XML body element is missing. Unusable PMC XML deleted from run artifacts.
pmid-23896472,23896472,PMC3811463,10.1128/AAC.01175-13,"A novel, broad-spectrum inhibitor of enterovirus replication that targets host cell factor phosphatidylinositol 4-kinase IIIβ.",PMC XML unusable for normalization.,publisher_pdf_or_user_download,PMC XML body element is missing. Unusable PMC XML deleted from run artifacts.
pmid-23885072,23885072,PMC3807400,10.1128/JVI.01370-13,Morphological and biochemical characterization of the membranous hepatitis C virus replication compartment.,PMC XML unusable for normalization.,publisher_pdf_or_user_download,PMC XML body element is missing. Unusable PMC XML deleted from run artifacts.
pmid-23877703,23877703,PMC3811474,10.1128/AAC.00868-13,P2' benzene carboxylic acid moiety is associated with decrease in cellular uptake: evaluation of novel nonpeptidic HIV-1 protease inhibitors containing P2 bis-tetrahydrofuran moiety.,PMC XML unusable for normalization.,publisher_pdf_or_user_download,PMC XML body element is missing. Unusable PMC XML deleted from run artifacts.
pmid-23872947,23872947,PMC3770946,10.1038/emboj.2013.163,SAMHD1-dependent retroviral control and escape in mice.,PMC XML unusable for normalization.,publisher_pdf_or_user_download,PMC XML body element is missing. Unusable PMC XML deleted from run artifacts.
pmid-23845028,23845028,,10.1021/ac401793d,Ultraperformance liquid chromatography-mass spectrometry based comprehensive metabolomics combined with pattern recognition and network analysis methods for characterization of metabolites and metabolic pathways from biological data sets.,No PMCID coverage available.,publisher_pdf_or_user_download,No PMCID found via NCBI idconv; PDF fallback will be needed.
pmid-23824794,23824794,PMC3754137,10.1128/JVI.00802-13,High-throughput profiling of alpha interferon- and interleukin-28B-regulated microRNAs and identification of let-7s with anti-hepatitis C virus activity by targeting IGF2BP1.,PMC XML unusable for normalization.,publisher_pdf_or_user_download,PMC XML body element is missing. Unusable PMC XML deleted from run artifacts.
pmid-23821271,23821271,,10.1007/978-1-62703-484-5_17,High-throughput screening using dengue virus reporter genomes.,No PMCID coverage available.,publisher_pdf_or_user_download,No PMCID found via NCBI idconv; PDF fallback will be needed.
pmid-23818640,23818640,PMC3732930,10.1073/pnas.1303906110,Modulation of B-cell exosome proteins by gamma herpesvirus infection.,PMC XML unusable for normalization.,publisher_pdf_or_user_download,PMC XML body element is missing. Unusable PMC XML deleted from run artifacts.
pmid-23816433,23816433,,10.1016/j.virol.2013.06.001,"Differential proteomics of Aedes albopictus salivary gland, midgut and C6/36 cell induced by dengue virus infection.",No PMCID coverage available.,publisher_pdf_or_user_download,No PMCID found via NCBI idconv; PDF fallback will be needed.
pmid-23799296,23799296,PMC3785812,10.1089/AID.2013.0029,Using antiubiquitin antibodies to probe the ubiquitination state within rhTRIM5α cytoplasmic bodies.,PMC XML unusable for normalization.,publisher_pdf_or_user_download,PMC XML body element is missing. Unusable PMC XML deleted from run artifacts.
pmid-23781096,23781096,,10.1096/fj.13-229187,Hepatitis C virus/human interactome identifies SMURF2 and the viral protease as critical elements for the control of TGF-β signaling.,No PMCID coverage available.,publisher_pdf_or_user_download,No PMCID found via NCBI idconv; PDF fallback will be needed.
pmid-23703790,23703790,,10.1002/hep.26496,Signal transducer and activator of transcription 3 is a proviral host factor for hepatitis C virus.,No PMCID coverage available.,publisher_pdf_or_user_download,No PMCID found via NCBI idconv; PDF fallback will be needed.
pmid-23696271,23696271,,10.1002/jcp.24397,"Some mechanisms of FLIP expression in inhibition of HIV-1 replication in Jurkat cells, CD4+ T cells and PBMCs.",No PMCID coverage available.,publisher_pdf_or_user_download,No PMCID found via NCBI idconv; PDF fallback will be needed.
pmid-23682656,23682656,,10.1021/pr3011217,Understanding the biological context of NS5A-host interactions in HCV infection: a network-based approach.,No PMCID coverage available.,publisher_pdf_or_user_download,No PMCID found via NCBI idconv; PDF fallback will be needed.
pmid-23659500,23659500,,10.1042/CS20120594,Amiodarone inhibits the entry and assembly steps of hepatitis C virus life cycle.,No PMCID coverage available.,publisher_pdf_or_user_download,No PMCID found via NCBI idconv; PDF fallback will be needed.
pmid-23658456,23658456,PMC3754039,10.1128/JVI.03544-12,DNA topoisomerase 1 facilitates the transcription and replication of the Ebola virus genome.,PMC XML unusable for normalization.,publisher_pdf_or_user_download,PMC XML body element is missing. Unusable PMC XML deleted from run artifacts.
pmid-23640893,23640893,PMC3682580,10.1074/jbc.M113.468975,Interleukin-2 inhibits HIV-1 replication in some human T cell lymphotrophic virus-1-infected cell lines via the induction and incorporation of APOBEC3G into the virion.,PMC XML unusable for normalization.,publisher_pdf_or_user_download,PMC XML body element is missing. Unusable PMC XML deleted from run artifacts.
pmid-23629707,23629707,PMC3697367,10.1128/AAC.00281-13,"Multiplex liquid chromatography-tandem mass spectrometry assay for simultaneous therapeutic drug monitoring of ribavirin, boceprevir, and telaprevir.",PMC XML unusable for normalization.,publisher_pdf_or_user_download,PMC XML body element is missing. Unusable PMC XML deleted from run artifacts.
pmid-23612972,23612972,PMC3675592,10.1074/jbc.M112.437129,Site-specific acetylation of the proteasome activator REGγ directs its heptameric structure and functions.,PMC XML unusable for normalization.,publisher_pdf_or_user_download,PMC XML body element is missing. Unusable PMC XML deleted from run artifacts.
pmid-23611896,23611896,,10.1097/MEG.0b013e328360aeb4,Mutations in the NS5A gene are associated with response to interferon+ribavirin combination therapy in patients with chronic hepatitis C virus 3a infection.,No PMCID coverage available.,publisher_pdf_or_user_download,No PMCID found via NCBI idconv; PDF fallback will be needed.
pmid-23601646,23601646,,10.1016/j.chembiol.2013.03.014,Modulation of fatty acid synthase enzyme activity and expression during hepatitis C virus replication.,No PMCID coverage available.,publisher_pdf_or_user_download,No PMCID found via NCBI idconv; PDF fallback will be needed.
pmid-23580777,23580777,,10.1093/glycob/cwt028,O-GlcNAc transferase inhibits KSHV propagation and modifies replication relevant viral proteins as detected by systematic O-GlcNAcylation analysis.,No PMCID coverage available.,publisher_pdf_or_user_download,No PMCID found via NCBI idconv; PDF fallback will be needed.
pmid-23569282,23569282,PMC3637786,10.1073/pnas.1303645110,Redesign of a cross-reactive antibody to dengue virus with broad-spectrum activity and increased in vivo potency.,PMC XML unusable for normalization.,publisher_pdf_or_user_download,PMC XML body element is missing. Unusable PMC XML deleted from run artifacts.
pmid-23552423,23552423,PMC3676111,10.1128/JVI.01006-12,EWSR1 binds the hepatitis C virus cis-acting replication element and is required for efficient viral replication.,PMC XML unusable for normalization.,publisher_pdf_or_user_download,PMC XML body element is missing. Unusable PMC XML deleted from run artifacts.
pmid-23552417,23552417,PMC3676093,10.1128/JVI.00525-13,Human La protein interaction with GCAC near the initiator AUG enhances hepatitis C Virus RNA replication by promoting linkage between 5' and 3' untranslated regions.,PMC XML unusable for normalization.,publisher_pdf_or_user_download,PMC XML body element is missing. Unusable PMC XML deleted from run artifacts.
pmid-23552407,23552407,PMC3676112,10.1128/JVI.00538-13,Genome-wide analysis of host mRNA translation during hepatitis C virus infection.,PMC XML unusable for normalization.,publisher_pdf_or_user_download,PMC XML body element is missing. Unusable PMC XML deleted from run artifacts.
pmid-23545144,23545144,,10.1016/j.virol.2013.03.005,DNA methyltransferases 1 and 3B are required for hepatitis C virus infection in cell culture.,No PMCID coverage available.,publisher_pdf_or_user_download,No PMCID found via NCBI idconv; PDF fallback will be needed.
pmid-23542347,23542347,,10.1016/j.jhep.2013.03.022,"Arylacetamide deacetylase: a novel host factor with important roles in the lipolysis of cellular triacylglycerol stores, VLDL assembly and HCV production.",No PMCID coverage available.,publisher_pdf_or_user_download,No PMCID found via NCBI idconv; PDF fallback will be needed.
pmid-23541657,23541657,,10.1016/j.chroma.2013.02.030,Immunocapture couples with matrix-assisted laser desorption/ionization time-of-flight mass spectrometry for rapid detection of type 1 dengue virus.,No PMCID coverage available.,publisher_pdf_or_user_download,No PMCID found via NCBI idconv; PDF fallback will be needed.
pmid-23536653,23536653,PMC3648113,10.1128/JVI.03327-12,"The cellular decapping activators LSm1, Pat1, and Dhh1 control the ratio of subgenomic to genomic Flock House virus RNAs.",PMC XML unusable for normalization.,publisher_pdf_or_user_download,PMC XML body element is missing. Unusable PMC XML deleted from run artifacts.
pmid-23529134,23529134,,10.1016/j.jcv.2013.03.002,Proteomic characterization of hepatitis C eradication: enzyme switch in the healing liver.,No PMCID coverage available.,publisher_pdf_or_user_download,No PMCID found via NCBI idconv; PDF fallback will be needed.
pmid-23522085,23522085,,10.1111/liv.12151,Ca(2+) /S100 proteins regulate HCV virus NS5A-FKBP8/FKBP38 interaction and HCV virus RNA replication.,No PMCID coverage available.,publisher_pdf_or_user_download,No PMCID found via NCBI idconv; PDF fallback will be needed.
pmid-23498955,23498955,,10.1016/j.chom.2013.02.006,HRas signal transduction promotes hepatitis C virus cell entry by triggering assembly of the host tetraspanin receptor complex.,No PMCID coverage available.,publisher_pdf_or_user_download,No PMCID found via NCBI idconv; PDF fallback will be needed.
pmid-23478265,23478265,PMC3647972,10.1128/MCB.01603-12,Human DEAD box helicase 3 couples IκB kinase ε to interferon regulatory factor 3 activation.,PMC XML unusable for normalization.,publisher_pdf_or_user_download,PMC XML body element is missing. Unusable PMC XML deleted from run artifacts.
pmid-23459477,23459477,PMC3632909,10.1128/AAC.02294-12,Pharmacokinetics of phase I nevirapine metabolites following a single dose and at steady state.,PMC XML unusable for normalization.,publisher_pdf_or_user_download,PMC XML body element is missing. Unusable PMC XML deleted from run artifacts.
pmid-23435345,23435345,,10.1016/j.jchromb.2013.01.029,"A rugged and accurate liquid chromatography-tandem mass spectrometry method for the determination of asunaprevir, an NS3 protease inhibitor, in plasma.",No PMCID coverage available.,publisher_pdf_or_user_download,No PMCID found via NCBI idconv; PDF fallback will be needed.
pmid-23432487,23432487,,10.2174/1570162x11311020004,Antiretroviral drugs to prevent mother-to-child transmission of HIV during breastfeeding.,No PMCID coverage available.,publisher_pdf_or_user_download,No PMCID found via NCBI idconv; PDF fallback will be needed.
pmid-23420847,23420847,PMC3617291,10.1074/jbc.M112.434910,Diacylglycerol acyltransferase-1 localizes hepatitis C virus NS5A protein to lipid droplets and enhances NS5A interaction with the viral capsid core.,PMC XML unusable for normalization.,publisher_pdf_or_user_download,PMC XML body element is missing. Unusable PMC XML deleted from run artifacts.
pmid-23380655,23380655,,10.1097/COH.0b013e32835d3271,Proteomics as a novel HIV immune monitoring tool.,No PMCID coverage available.,publisher_pdf_or_user_download,No PMCID found via NCBI idconv; PDF fallback will be needed.
pmid-23376163,23376163,,10.1016/j.micinf.2013.01.004,Identification and characterization of a 43 kDa actin protein involved in the DENV-2 binding and infection of ECV304 cells.,No PMCID coverage available.,publisher_pdf_or_user_download,No PMCID found via NCBI idconv; PDF fallback will be needed.
pmid-23365451,23365451,PMC3624358,10.1128/JVI.00954-12,Contrasting roles of mitogen-activated protein kinases in cellular entry and replication of hepatitis C virus: MKNK1 facilitates cell entry.,PMC XML unusable for normalization.,publisher_pdf_or_user_download,PMC XML body element is missing. Unusable PMC XML deleted from run artifacts.
pmid-23354285,23354285,,10.1016/j.jhep.2013.01.022,TIP47 plays a crucial role in the life cycle of hepatitis C virus.,No PMCID coverage available.,publisher_pdf_or_user_download,No PMCID found via NCBI idconv; PDF fallback will be needed.
pmid-23350850,23350850,,10.1517/14712598.2013.764409,Antiviral activity of the interferon α family: biological and pharmacological aspects of the treatment of chronic hepatitis C.,No PMCID coverage available.,publisher_pdf_or_user_download,No PMCID found via NCBI idconv; PDF fallback will be needed.
pmid-23341616,23341616,PMC3568341,10.1073/pnas.1219702110,Uracil DNA glycosylase initiates degradation of HIV-1 cDNA containing misincorporated dUTP and prevents viral integration.,PMC XML unusable for normalization.,publisher_pdf_or_user_download,PMC XML body element is missing. Unusable PMC XML deleted from run artifacts.
pmid-23334837,23334837,,10.1007/s00705-013-1602-1,Deciphering the host-pathogen protein interface in chikungunya virus-mediated sickness.,No PMCID coverage available.,publisher_pdf_or_user_download,No PMCID found via NCBI idconv; PDF fallback will be needed.
pmid-23325685,23325685,PMC3592152,10.1128/JVI.03299-12,Reevaluation of the requirement for TIP47 in human immunodeficiency virus type 1 envelope glycoprotein incorporation.,PMC XML unusable for normalization.,publisher_pdf_or_user_download,PMC XML body element is missing. Unusable PMC XML deleted from run artifacts.
pmid-23300164,23300164,,10.1093/infdis/jis938,Detection of hepatitis C virus transmission by use of DNA mass spectrometry.,No PMCID coverage available.,publisher_pdf_or_user_download,No PMCID found via NCBI idconv; PDF fallback will be needed.
pmid-23266878,23266878,,10.1007/s11262-012-0865-z,Kaposi's sarcoma: a computational approach through protein-protein interaction and gene regulatory networks analysis.,No PMCID coverage available.,publisher_pdf_or_user_download,No PMCID found via NCBI idconv; PDF fallback will be needed.
pmid-23265151,23265151,,10.1586/egh.12.69,Sex hormones and HCV: an unresolved mystery.,No PMCID coverage available.,publisher_pdf_or_user_download,No PMCID found via NCBI idconv; PDF fallback will be needed.
pmid-23264353,23264353,PMC3591663,10.1074/mcp.M112.019141,Metabolomic analysis of key regulatory metabolites in hepatitis C virus-infected tree shrews.,PMC XML unusable for normalization.,publisher_pdf_or_user_download,PMC XML body element is missing. Unusable PMC XML deleted from run artifacts.
pmid-23242014,23242014,,10.1093/glycob/cws171,Mass spectrometric analysis of hepatitis C viral envelope protein E2 reveals extended microheterogeneity of mucin-type O-linked glycosylation.,No PMCID coverage available.,publisher_pdf_or_user_download,No PMCID found via NCBI idconv; PDF fallback will be needed.
pmid-23221546,23221546,PMC3571454,10.1128/JVI.02272-12,Stimulation of NF-κB activity by the HIV restriction factor BST2.,PMC XML unusable for normalization.,publisher_pdf_or_user_download,PMC XML body element is missing. Unusable PMC XML deleted from run artifacts.
pmid-23216931,23216931,,10.1111/hepr.12018,"Serum peptides, represented by complement 3f des-arginine, are useful for prediction of the response to pegylated interferon-α plus ribavirin in patients with chronic hepatitis C.",No PMCID coverage available.,publisher_pdf_or_user_download,No PMCID found via NCBI idconv; PDF fallback will be needed.
pmid-23115293,23115293,PMC3554099,10.1128/JVI.01634-12,AMP-activated protein kinase is required for the macropinocytic internalization of ebolavirus.,PMC XML unusable for normalization.,publisher_pdf_or_user_download,PMC XML body element is missing. Unusable PMC XML deleted from run artifacts.
pmid-23103333,23103333,,10.1016/j.pharmthera.2012.10.007,"Dengue virus therapeutic intervention strategies based on viral, vector and host factors involved in disease pathogenesis.",No PMCID coverage available.,publisher_pdf_or_user_download,No PMCID found via NCBI idconv; PDF fallback will be needed.
pmid-23097449,23097449,PMC3536371,10.1128/JVI.01047-12,Rapid intracellular competition between hepatitis C viral genomes as a result of mitosis.,PMC XML unusable for normalization.,publisher_pdf_or_user_download,PMC XML body element is missing. Unusable PMC XML deleted from run artifacts.
pmid-23075915,23075915,,10.1097/QAI.0b013e318275da93,Pharmacokinetic interaction between boceprevir and etravirine in HIV/HCV seronegative volunteers.,No PMCID coverage available.,publisher_pdf_or_user_download,No PMCID found via NCBI idconv; PDF fallback will be needed.
pmid-23068963,23068963,,10.1016/j.jviromet.2012.10.003,Multiple phosphorylable sites in the Zaire Ebolavirus nucleoprotein evidenced by high resolution tandem mass spectrometry.,No PMCID coverage available.,publisher_pdf_or_user_download,No PMCID found via NCBI idconv; PDF fallback will be needed.
pmid-22959093,22959093,,10.1016/j.clinre.2012.07.002,Hepatitis C virus and lipids in the era of direct acting antivirals (DAAs).,No PMCID coverage available.,publisher_pdf_or_user_download,No PMCID found via NCBI idconv; PDF fallback will be needed.
pmid-22954720,22954720,,10.3851/IMP2354,ITX 5061 quantitation in human plasma with reverse phase liquid chromatography and mass spectrometry detection.,No PMCID coverage available.,publisher_pdf_or_user_download,No PMCID found via NCBI idconv; PDF fallback will be needed.
pmid-22911572,22911572,,10.1002/hep.26017,Hepatitis C virus NS4B protein targets STING and abrogates RIG-I-mediated type I interferon-dependent innate immunity.,No PMCID coverage available.,publisher_pdf_or_user_download,No PMCID found via NCBI idconv; PDF fallback will be needed.
pmid-22689516,22689516,,10.1136/gutjnl-2011-301798,Very low-density lipoprotein/lipo-viro particles reverse lipoprotein lipase-mediated inhibition of hepatitis C virus infection via apolipoprotein C-III.,No PMCID coverage available.,publisher_pdf_or_user_download,No PMCID found via NCBI idconv; PDF fallback will be needed.
pmid-22429134,22429134,,10.2174/13892010113149990201,Capsid assembly as a point of intervention for novel anti-viral therapeutics.,No PMCID coverage available.,publisher_pdf_or_user_download,No PMCID found via NCBI idconv; PDF fallback will be needed.
pmid-23322623,23322623,,10.3851/IMP2466,Application of mass spectrometry to molecular surveillance of hepatitis B and C viral infections.,No PMCID coverage available.,publisher_pdf_or_user_download,No PMCID found via NCBI idconv; PDF fallback will be needed.
pmid-23254580,23254580,,10.18926/AMO/49042,Eradication of hepatitis C virus subgenomic replicon by interferon results in aberrant retinol-related protein expression.,No PMCID coverage available.,publisher_pdf_or_user_download,No PMCID found via NCBI idconv; PDF fallback will be needed.
pmid-23139125,23139125,,10.1007/s12272-012-1006-x,Bioactive anthraquinones from endophytic fungus Aspergillus versicolor isolated from red sea algae.,No PMCID coverage available.,publisher_pdf_or_user_download,No PMCID found via NCBI idconv; PDF fallback will be needed.
pmid-23139120,23139120,,10.1007/s12272-012-1001-2,Roles of phosphoinositides and phosphoinositides kinases in hepatitis C virus RNA replication.,No PMCID coverage available.,publisher_pdf_or_user_download,No PMCID found via NCBI idconv; PDF fallback will be needed.
pmid-23121365,23121365,,10.1111/j.1365-2893.2012.01631.x,IL28B genetic variation and hepatitis C virus-specific CD4(+) T-cell responses in anti-HCV-positive blood donors.,No PMCID coverage available.,publisher_pdf_or_user_download,No PMCID found via NCBI idconv; PDF fallback will be needed.
pmid-23076149,23076149,PMC3510820,10.1074/jbc.M112.403816,Functional analysis of the relationship between Vpx and the restriction factor SAMHD1.,PMC XML unusable for normalization.,publisher_pdf_or_user_download,PMC XML body element is missing. Unusable PMC XML deleted from run artifacts.
pmid-23072882,23072882,,10.1016/j.antiviral.2012.09.023,Establishment of a robust dengue virus NS3-NS5 binding assay for identification of protein-protein interaction inhibitors.,No PMCID coverage available.,publisher_pdf_or_user_download,No PMCID found via NCBI idconv; PDF fallback will be needed.
pmid-23059949,23059949,,,[Genetics in the study of HIV infection].,No PMCID coverage available.,publisher_pdf_or_user_download,No PMCID found via NCBI idconv; PDF fallback will be needed.
pmid-23043384,23043384,,10.1111/j.1365-2893.2012.01605.x,Modulation of replication efficacy of the hepatitis C virus replicon Con1 by site-directed mutagenesis of an NS4B aminoterminal basic leucine zipper.,No PMCID coverage available.,publisher_pdf_or_user_download,No PMCID found via NCBI idconv; PDF fallback will be needed.
pmid-23043109,23043109,PMC3510789,10.1074/jbc.R112.397760,Retroviral integrase proteins and HIV-1 DNA integration.,PMC XML unusable for normalization.,publisher_pdf_or_user_download,PMC XML body element is missing. Unusable PMC XML deleted from run artifacts.
pmid-23025912,23025912,,10.1016/j.coviro.2012.09.001,New horizons for antiviral drug discovery from virus-host protein interaction networks.,No PMCID coverage available.,publisher_pdf_or_user_download,No PMCID found via NCBI idconv; PDF fallback will be needed.
pmid-23019037,23019037,,10.3724/SP.J.1141.2012.05537,[SAMHD1 − a HIV-1 restriction factor derived from Myeloid lineage monocytes].,No PMCID coverage available.,publisher_pdf_or_user_download,No PMCID found via NCBI idconv; PDF fallback will be needed.
pmid-23018509,23018509,,,"Comparative genetic analysis of VP4, VP1 and 3D gene regions of enterovirus 71 and coxsackievirus A16 circulating in Malaysia between 1997-2008.",No PMCID coverage available.,publisher_pdf_or_user_download,No PMCID found via NCBI idconv; PDF fallback will be needed.
pmid-22946841,22946841,,10.1021/pr300683a,Serum metabolic profiling study of hepatocellular carcinoma infected with hepatitis B or hepatitis C virus by using liquid chromatography-mass spectrometry.,No PMCID coverage available.,publisher_pdf_or_user_download,No PMCID found via NCBI idconv; PDF fallback will be needed.
pmid-22945356,22945356,PMC3494396,10.1038/cr.2012.129,Coxsackievirus mutants that can bypass host factor PI4KIIIβ and the need for high levels of PI4P lipids for replication.,PMC XML unusable for normalization.,publisher_pdf_or_user_download,PMC XML body element is missing. Unusable PMC XML deleted from run artifacts.
pmid-22944692,22944692,,10.1515/hsz-2012-0168,A catalogue of putative HIV-1 protease host cell substrates.,No PMCID coverage available.,publisher_pdf_or_user_download,No PMCID found via NCBI idconv; PDF fallback will be needed.
pmid-22933860,22933860,PMC3424424,,Hepatitis C virus infection and nonalcoholic steatohepatitis.,PMC XML unusable for normalization.,publisher_pdf_or_user_download,PMC XML body element is missing. Unusable PMC XML deleted from run artifacts.
pmid-22930805,22930805,PMC3448970,10.1093/infdis/jis492,Modulation of innate host factors by Mycobacterium avium complex in human macrophages includes interleukin 17.,PMC XML unusable for normalization.,publisher_pdf_or_user_download,PMC XML body element is missing. Unusable PMC XML deleted from run artifacts.
pmid-22926205,22926205,,10.1038/nrmicro2862,Restricting HIV the SAMHD1 way: through nucleotide starvation.,No PMCID coverage available.,publisher_pdf_or_user_download,No PMCID found via NCBI idconv; PDF fallback will be needed.
pmid-22896615,22896615,PMC3486316,10.1128/JVI.01066-12,Reconstitution of the entire hepatitis C virus life cycle in nonhepatic cells.,PMC XML unusable for normalization.,publisher_pdf_or_user_download,PMC XML body element is missing. Unusable PMC XML deleted from run artifacts.
pmid-22878095,22878095,,10.1016/j.meegid.2012.07.010,Hepatitis C virus entry: role of host and viral factors.,No PMCID coverage available.,publisher_pdf_or_user_download,No PMCID found via NCBI idconv; PDF fallback will be needed.
pmid-22872640,22872640,PMC3464514,10.1074/jbc.M112.384669,Interaction of the HIV-1 intasome with transportin 3 protein (TNPO3 or TRN-SR2).,PMC XML unusable for normalization.,publisher_pdf_or_user_download,PMC XML body element is missing. Unusable PMC XML deleted from run artifacts.
pmid-22842595,22842595,,,Cross-talk between virus and host innate immunity in pediatric HIV-1 infection and disease progression.,No PMCID coverage available.,publisher_pdf_or_user_download,No PMCID found via NCBI idconv; PDF fallback will be needed.
pmid-22835829,22835829,,10.1096/fj.12-209023,Translation of Pur-α is targeted by cellular miRNAs to modulate the differentiation-dependent susceptibility of monocytes to HIV-1 infection.,No PMCID coverage available.,publisher_pdf_or_user_download,No PMCID found via NCBI idconv; PDF fallback will be needed.
pmid-22796893,22796893,,10.1016/j.jhep.2012.07.006,Hepatitis C virus non-structural 5B protein interacts with cyclin A2 and regulates viral propagation.,No PMCID coverage available.,publisher_pdf_or_user_download,No PMCID found via NCBI idconv; PDF fallback will be needed.
pmid-22761383,22761383,PMC3446556,10.1128/JVI.00839-12,Kaposi's sarcoma-associated herpesvirus-encoded LANA recruits topoisomerase IIβ for latent DNA replication of the terminal repeats.,PMC XML unusable for normalization.,publisher_pdf_or_user_download,PMC XML body element is missing. Unusable PMC XML deleted from run artifacts.
pmid-22753500,22753500,PMC3406816,10.1073/pnas.1116584109,Cardiomyocyte-specific IκB kinase (IKK)/NF-κB activation induces reversible inflammatory cardiomyopathy and heart failure.,PMC XML unusable for normalization.,publisher_pdf_or_user_download,PMC XML body element is missing. Unusable PMC XML deleted from run artifacts.
pmid-22722598,22722598,PMC3429549,10.4161/auto.20339,Autophagy and RNA virus interactomes reveal IRGM as a common target.,PMC XML unusable for normalization.,publisher_pdf_or_user_download,PMC XML body element is missing. Unusable PMC XML deleted from run artifacts.
pmid-22689540,22689540,,10.1002/ps.3316,Insecticidal activity against Aedes aegypti of m-pentadecadienyl-phenol isolated from Myracrodruon urundeuva seeds.,No PMCID coverage available.,publisher_pdf_or_user_download,No PMCID found via NCBI idconv; PDF fallback will be needed.
pmid-22646850,22646850,,10.1021/pr300121a,Proteomic analysis of hepatitis C virus (HCV) core protein transfection and host regulator PA28γ knockout in HCV pathogenesis: a network-based study.,No PMCID coverage available.,publisher_pdf_or_user_download,No PMCID found via NCBI idconv; PDF fallback will be needed.
pmid-22613073,22613073,,10.1016/j.fitote.2012.05.004,Chemical constituents of Anacolosa pervilleana and their antiviral activities.,No PMCID coverage available.,publisher_pdf_or_user_download,No PMCID found via NCBI idconv; PDF fallback will be needed.
pmid-22580540,22580540,,10.1053/j.gastro.2012.04.053,Hepatocytes that express variants of cyclophilin A are resistant to HCV infection and replication.,No PMCID coverage available.,publisher_pdf_or_user_download,No PMCID found via NCBI idconv; PDF fallback will be needed.
pmid-22579629,22579629,PMC3391419,10.1016/j.jmoldx.2012.02.006,Detection and typing of viruses using broadly sensitive cocktail-PCR and mass spectrometric cataloging: demonstration with dengue virus.,PMC XML unusable for normalization.,publisher_pdf_or_user_download,PMC XML body element is missing. Unusable PMC XML deleted from run artifacts.
pmid-22554520,22554520,,10.1016/j.bbrc.2012.04.099,Serum anti-Ku86 is a potential biomarker for early detection of hepatitis C virus-related hepatocellular carcinoma.,No PMCID coverage available.,publisher_pdf_or_user_download,No PMCID found via NCBI idconv; PDF fallback will be needed.
pmid-22553322,22553322,PMC3416313,10.1128/JVI.00157-12,Evidence for a genetic and physical interaction between nonstructural proteins NS1 and NS4B that modulates replication of West Nile virus.,PMC XML unusable for normalization.,publisher_pdf_or_user_download,PMC XML body element is missing. Unusable PMC XML deleted from run artifacts.
pmid-22545703,22545703,,10.1089/nat.2011.0332,A locked nucleic acid oligonucleotide targeting microRNA 122 is well-tolerated in cynomolgus monkeys.,No PMCID coverage available.,publisher_pdf_or_user_download,No PMCID found via NCBI idconv; PDF fallback will be needed.
pmid-22544824,22544824,,10.1002/prot.24105,Computational identification of self-inhibitory peptides from envelope proteins.,No PMCID coverage available.,publisher_pdf_or_user_download,No PMCID found via NCBI idconv; PDF fallback will be needed.
pmid-22537441,22537441,,10.1053/j.gastro.2012.02.015,Anti-hepatitis C virus drugs in development.,No PMCID coverage available.,publisher_pdf_or_user_download,No PMCID found via NCBI idconv; PDF fallback will be needed.
pmid-22524424,22524424,,10.1111/j.1749-6632.2012.06475.x,"Glycans, galectins, and HIV-1 infection.",No PMCID coverage available.,publisher_pdf_or_user_download,No PMCID found via NCBI idconv; PDF fallback will be needed.
pmid-22524176,22524176,,10.2174/157016212800792423,Sites of action of HIV-1 Vpu in BST-2/tetherin downregulation.,No PMCID coverage available.,publisher_pdf_or_user_download,No PMCID found via NCBI idconv; PDF fallback will be needed.
pmid-22516225,22516225,,10.1016/j.meegid.2012.04.001,Computational identification of interplay between phosphorylation and O-β-glycosylation of human occludin as potential mechanism to impair hepatitis C virus entry.,No PMCID coverage available.,publisher_pdf_or_user_download,No PMCID found via NCBI idconv; PDF fallback will be needed.
pmid-22514281,22514281,PMC3391094,10.1074/jbc.M111.306373,Glycogen synthase kinase 3β (GSK3β) modulates antiviral activity of zinc-finger antiviral protein (ZAP).,PMC XML unusable for normalization.,publisher_pdf_or_user_download,PMC XML body element is missing. Unusable PMC XML deleted from run artifacts.
pmid-22509030,22509030,PMC3358903,10.1073/pnas.1119592109,Kaposi's sarcoma-associated herpesvirus interacts with EphrinA2 receptor to amplify signaling essential for productive infection.,PMC XML unusable for normalization.,publisher_pdf_or_user_download,PMC XML body element is missing. Unusable PMC XML deleted from run artifacts.
pmid-22497815,22497815,,10.1111/j.1365-2893.2011.01556.x,Nonstructural 5A protein of hepatitis C virus regulates heat shock protein 72 for its own propagation.,No PMCID coverage available.,publisher_pdf_or_user_download,No PMCID found via NCBI idconv; PDF fallback will be needed.
pmid-22485076,22485076,PMC3317517,,Advances in the treatment of hepatitis C virus infection.,PMC XML unusable for normalization.,publisher_pdf_or_user_download,PMC XML body element is missing. Unusable PMC XML deleted from run artifacts.
pmid-22467683,22467683,,10.1093/jmcb/mjs011,Coexpression network analysis in chronic hepatitis B and C hepatic lesions reveals distinct patterns of disease progression to hepatocellular carcinoma.,No PMCID coverage available.,publisher_pdf_or_user_download,No PMCID found via NCBI idconv; PDF fallback will be needed.
pmid-22443280,22443280,,10.1021/pr201128s,Ferritin heavy chain is the host factor responsible for HCV-induced inhibition of apoB-100 production and is required for efficient viral infection.,No PMCID coverage available.,publisher_pdf_or_user_download,No PMCID found via NCBI idconv; PDF fallback will be needed.
pmid-22431021,22431021,,10.1002/jmv.23250,Hepatitis C virus promotes expression of the 3β-hydroxysterol δ24-reductase through Sp1.,No PMCID coverage available.,publisher_pdf_or_user_download,No PMCID found via NCBI idconv; PDF fallback will be needed.
pmid-22404723,22404723,,10.1111/j.1365-2893.2011.01541.x,Lymphotropic hepatitis C virus has an interferon-resistant phenotype.,No PMCID coverage available.,publisher_pdf_or_user_download,No PMCID found via NCBI idconv; PDF fallback will be needed.
pmid-22404213,22404213,PMC3448097,10.1089/AID.2011.0358,Identification of cellular proteins required for replication of human immunodeficiency virus type 1.,PMC XML unusable for normalization.,publisher_pdf_or_user_download,PMC XML body element is missing. Unusable PMC XML deleted from run artifacts.
pmid-22399431,22399431,,10.1007/978-94-007-2869-1_16,Iatrogenic mitochondriopathies: a recent lesson from nucleoside/nucleotide reverse transcriptase inhibitors.,No PMCID coverage available.,publisher_pdf_or_user_download,No PMCID found via NCBI idconv; PDF fallback will be needed.
pmid-22398279,22398279,PMC3347301,10.1128/JVI.06280-11,Anti-tetherin activities of HIV-1 Vpu and Ebola virus glycoprotein do not involve removal of tetherin from lipid rafts.,PMC XML unusable for normalization.,publisher_pdf_or_user_download,PMC XML body element is missing. Unusable PMC XML deleted from run artifacts.
pmid-22379092,22379092,PMC3347335,10.1128/JVI.00169-12,"A protein array screen for Kaposi's sarcoma-associated herpesvirus LANA interactors links LANA to TIP60, PP2A activity, and telomere shortening.",PMC XML unusable for normalization.,publisher_pdf_or_user_download,PMC XML body element is missing. Unusable PMC XML deleted from run artifacts.
pmid-22379090,22379090,PMC3347272,10.1128/JVI.00114-12,Valosin-containing protein (VCP/p97) is required for poliovirus replication and is involved in cellular protein secretion pathway in poliovirus infection.,PMC XML unusable for normalization.,publisher_pdf_or_user_download,PMC XML body element is missing. Unusable PMC XML deleted from run artifacts.
pmid-22350260,22350260,,10.1007/s00253-012-3933-3,Intracellular interactome of secreted antibody Fab fragment in Pichia pastoris reveals its routes of secretion and degradation.,No PMCID coverage available.,publisher_pdf_or_user_download,No PMCID found via NCBI idconv; PDF fallback will be needed.
pmid-22329740,22329740,,10.1111/j.1462-5822.2012.01773.x,Interaction networks of hepatitis C virus NS4B: implications for antiviral therapy.,No PMCID coverage available.,publisher_pdf_or_user_download,No PMCID found via NCBI idconv; PDF fallback will be needed.
pmid-22318991,22318991,,10.1002/hep.25642,Major vault protein: a virus-induced host factor against viral replication through the induction of type-I interferon.,No PMCID coverage available.,publisher_pdf_or_user_download,No PMCID found via NCBI idconv; PDF fallback will be needed.
pmid-22318146,22318146,PMC3318669,10.1128/JVI.06996-11,Hepatitis C virus induces CD81 and claudin-1 endocytosis.,PMC XML unusable for normalization.,publisher_pdf_or_user_download,PMC XML body element is missing. Unusable PMC XML deleted from run artifacts.
pmid-22238300,22238300,PMC3302343,10.1128/JVI.05741-11,Characterization of the RNA silencing suppression activity of the Ebola virus VP35 protein in plants and mammalian cells.,PMC XML unusable for normalization.,publisher_pdf_or_user_download,PMC XML body element is missing. Unusable PMC XML deleted from run artifacts.
pmid-22221062,22221062,,10.2174/138620712799361834,The application of high throughput siRNA screening technology to study host-pathogen interactions.,No PMCID coverage available.,publisher_pdf_or_user_download,No PMCID found via NCBI idconv; PDF fallback will be needed.
pmid-22215596,22215596,PMC3271899,10.1073/pnas.1112263109,Stabilization of hepatitis C virus RNA by an Ago2-miR-122 complex.,PMC XML unusable for normalization.,publisher_pdf_or_user_download,PMC XML body element is missing. Unusable PMC XML deleted from run artifacts.
pmid-22207023,22207023,,10.1016/j.virusres.2011.12.010,Dengue virus infection induces upregulation of hn RNP-H and PDIA3 for its multiplication in the host cell.,No PMCID coverage available.,publisher_pdf_or_user_download,No PMCID found via NCBI idconv; PDF fallback will be needed.
pmid-22189820,22189820,PMC3293378,10.4161/cc.11.2.18699,Differential stimulation of hepatitis C virus RNA translation by microRNA-122 in different cell cycle phases.,PMC XML unusable for normalization.,publisher_pdf_or_user_download,PMC XML body element is missing. Unusable PMC XML deleted from run artifacts.
pmid-22174317,22174317,PMC3322577,10.1074/mcp.M111.015313,Host cell interactome of HIV-1 Rev includes RNA helicases involved in multiple facets of virus production.,PMC XML unusable for normalization.,publisher_pdf_or_user_download,PMC XML body element is missing. Unusable PMC XML deleted from run artifacts.
pmid-22171279,22171279,PMC3302389,10.1128/JVI.06035-11,Productive replication and evolution of HIV-1 in ferret cells.,PMC XML unusable for normalization.,publisher_pdf_or_user_download,PMC XML body element is missing. Unusable PMC XML deleted from run artifacts.
pmid-22170636,22170636,,10.1099/vir.0.039396-0,Characterization of the interaction between hepatitis C virus NS5B and the human oestrogen receptor alpha.,No PMCID coverage available.,publisher_pdf_or_user_download,No PMCID found via NCBI idconv; PDF fallback will be needed.
pmid-22168813,22168813,,10.1111/j.1440-1746.2011.07054.x,"Discovery of critical host factor, IL-28B, associated with response to hepatitis C virus treatment.",No PMCID coverage available.,publisher_pdf_or_user_download,No PMCID found via NCBI idconv; PDF fallback will be needed.
pmid-22154809,22154809,,10.1016/j.jmb.2011.11.034,Solution structure of the HIV-1 exon splicing silencer 3.,No PMCID coverage available.,publisher_pdf_or_user_download,No PMCID found via NCBI idconv; PDF fallback will be needed.
pmid-22114337,22114337,PMC3264374,10.1128/JVI.06242-11,Establishment of a novel permissive cell line for the propagation of hepatitis C virus by expression of microRNA miR122.,PMC XML unusable for normalization.,publisher_pdf_or_user_download,PMC XML body element is missing. Unusable PMC XML deleted from run artifacts.
pmid-22098443,22098443,,10.1021/pr2006445,Liver protein profiling in chronic hepatitis C: identification of potential predictive markers for interferon therapy outcome.,No PMCID coverage available.,publisher_pdf_or_user_download,No PMCID found via NCBI idconv; PDF fallback will be needed.
pmid-22072767,22072767,PMC3255807,10.1128/JVI.05442-11,Proteomic profiling of the human cytomegalovirus UL35 gene products reveals a role for UL35 in the DNA repair response.,PMC XML unusable for normalization.,publisher_pdf_or_user_download,PMC XML body element is missing. Unusable PMC XML deleted from run artifacts.
pmid-22072710,22072710,PMC3249111,10.1074/jbc.M111.296772,HIV-1 Vpu protein antagonizes innate restriction factor BST-2 via lipid-embedded helix-helix interactions.,PMC XML unusable for normalization.,publisher_pdf_or_user_download,PMC XML body element is missing. Unusable PMC XML deleted from run artifacts.
pmid-22040846,22040846,,10.1016/j.jviromet.2011.10.006,Monoclonal antibodies against dengue NS2B and NS3 proteins for the study of protein interactions in the flaviviral replication complex.,No PMCID coverage available.,publisher_pdf_or_user_download,No PMCID found via NCBI idconv; PDF fallback will be needed.
pmid-22013042,22013042,PMC3255900,10.1128/JVI.05720-11,Secretion modification region-derived peptide disrupts HIV-1 Nef's interaction with mortalin and blocks virus and Nef exosome release.,PMC XML unusable for normalization.,publisher_pdf_or_user_download,PMC XML body element is missing. Unusable PMC XML deleted from run artifacts.
pmid-21942845,21942845,,10.1146/annurev-ento-120710-100651,Mosquito genomics: progress and challenges.,No PMCID coverage available.,publisher_pdf_or_user_download,No PMCID found via NCBI idconv; PDF fallback will be needed.
pmid-29348780,29348780,PMC5769959,10.2217/fvl.11.119,"Host factors that influence mother-to-child transmission of HIV-1: genetics, coinfections, behavior and nutrition.",PMC XML unusable for normalization.,publisher_pdf_or_user_download,PMC XML body element is missing. Unusable PMC XML deleted from run artifacts.
pmid-23202423,23202423,,10.3233/ISB-2012-0456,Coordinated evolution among hepatitis C virus genomic sites is coupled to host factors and resistance to interferon.,No PMCID coverage available.,publisher_pdf_or_user_download,No PMCID found via NCBI idconv; PDF fallback will be needed.
pmid-23202420,23202420,,10.3233/ISB-2012-0453,"Evaluation of viral heterogeneity using next-generation sequencing, end-point limiting-dilution and mass spectrometry.",No PMCID coverage available.,publisher_pdf_or_user_download,No PMCID found via NCBI idconv; PDF fallback will be needed.
pmid-22157768,22157768,,,Efficacy of pegylated interferon alfa-2a or alfa-2b in combination with ribavirin in the treatment of chronic hepatitis caused by hepatitis C virus genotype 1b.,No PMCID coverage available.,publisher_pdf_or_user_download,No PMCID found via NCBI idconv; PDF fallback will be needed.
pmid-22096931,22096931,,,"[New antivirals against hepatitis C virus(protease inhibitors, polymerase inhibitors, and host factor targeting antivirals)].",No PMCID coverage available.,publisher_pdf_or_user_download,No PMCID found via NCBI idconv; PDF fallback will be needed.
pmid-22096902,22096902,,,[Functions of host factors regarding HCV pathogenicity].,No PMCID coverage available.,publisher_pdf_or_user_download,No PMCID found via NCBI idconv; PDF fallback will be needed.
pmid-22077229,22077229,,10.1111/j.1574-695X.2011.00848.x,Extensive viral mimicry of 22 AIDS-related autoantigens by HIV-1 proteins and pathway analysis of 561 viral/human homologues suggest an initial treatable autoimmune component of AIDS.,No PMCID coverage available.,publisher_pdf_or_user_download,No PMCID found via NCBI idconv; PDF fallback will be needed.
pmid-21998962,21998962,,,[The recent breakthroughs in the understanding of host factors contributing to hepatitis C virus].,No PMCID coverage available.,publisher_pdf_or_user_download,No PMCID found via NCBI idconv; PDF fallback will be needed.
pmid-21987770,21987770,PMC3189986,10.1093/infdis/jir324,Contribution of Sec61α to the life cycle of Ebola virus.,PMC XML unusable for normalization.,publisher_pdf_or_user_download,PMC XML body element is missing. Unusable PMC XML deleted from run artifacts.
pmid-21987769,21987769,PMC3218669,10.1093/infdis/jir343,DRBP76 associates with Ebola virus VP35 and suppresses viral polymerase function.,PMC XML unusable for normalization.,publisher_pdf_or_user_download,PMC XML body element is missing. Unusable PMC XML deleted from run artifacts.
pmid-21978398,21978398,PMC3243494,10.1089/omi.2011.0004,Investigation of plasma biomarkers in HIV-1/HCV mono- and coinfected individuals by multiplex iTRAQ quantitative proteomics.,PMC XML unusable for normalization.,publisher_pdf_or_user_download,PMC XML body element is missing. Unusable PMC XML deleted from run artifacts.
pmid-21957497,21957497,PMC3256426,10.4161/rna.8.6.17836,Quantitative mass spectrometry of DENV-2 RNA-interacting proteins reveals that the DEAD-box RNA helicase DDX6 binds the DB1 and DB2 3' UTR structures.,PMC XML unusable for normalization.,publisher_pdf_or_user_download,PMC XML body element is missing. Unusable PMC XML deleted from run artifacts.
pmid-21957289,21957289,PMC3233155,10.1128/JVI.05886-11,Kaposi's sarcoma-associated herpesvirus noncoding polyadenylated nuclear RNA interacts with virus- and host cell-encoded proteins and suppresses expression of genes involved in immune modulation.,PMC XML unusable for normalization.,publisher_pdf_or_user_download,PMC XML body element is missing. Unusable PMC XML deleted from run artifacts.
pmid-21957284,21957284,PMC3233182,10.1128/JVI.00174-11,The cellular protein lyric interacts with HIV-1 Gag.,PMC XML unusable for normalization.,publisher_pdf_or_user_download,PMC XML body element is missing. Unusable PMC XML deleted from run artifacts.
pmid-21955851,21955851,,,Arrest all accessories--inhibition of hepatitis C virus by compounds that target host factors.,No PMCID coverage available.,publisher_pdf_or_user_download,No PMCID found via NCBI idconv; PDF fallback will be needed.
pmid-21954127,21954127,,10.1002/pmic.201100229,Virus-induced dilated cardiomyopathy is characterized by increased levels of fibrotic extracellular matrix proteins and reduced amounts of energy-producing enzymes.,No PMCID coverage available.,publisher_pdf_or_user_download,No PMCID found via NCBI idconv; PDF fallback will be needed.
pmid-21947260,21947260,,10.1007/s00284-011-0009-z,Rhesus monkey TRIM5α has distinct HIV-1 restriction activity among different mammalian cell lines.,No PMCID coverage available.,publisher_pdf_or_user_download,No PMCID found via NCBI idconv; PDF fallback will be needed.
pmid-21930248,21930248,,10.1016/j.meegid.2011.09.001,HCVpro: hepatitis C virus protein interaction database.,No PMCID coverage available.,publisher_pdf_or_user_download,No PMCID found via NCBI idconv; PDF fallback will be needed.
pmid-21920361,21920361,,10.1016/j.febslet.2011.08.041,c-Fos regulates hepatitis C virus propagation.,No PMCID coverage available.,publisher_pdf_or_user_download,No PMCID found via NCBI idconv; PDF fallback will be needed.
pmid-21918865,21918865,,10.1007/s00705-011-1097-6,Rhesus monkey TRIM5α represses HIV-1 LTR promoter activity by negatively regulating TAK1/TAB1/TAB2/TAB3-complex-mediated NF-κB activation.,No PMCID coverage available.,publisher_pdf_or_user_download,No PMCID found via NCBI idconv; PDF fallback will be needed.
pmid-21911577,21911577,PMC3237087,10.1074/mcp.M111.012187,A physical interaction network of dengue virus and human proteins.,PMC XML unusable for normalization.,publisher_pdf_or_user_download,PMC XML body element is missing. Unusable PMC XML deleted from run artifacts.
pmid-21911467,21911467,PMC3257920,10.1128/IAI.05622-11,Insight into bacterial virulence mechanisms against host immune response via the Yersinia pestis-human protein-protein interaction network.,PMC XML unusable for normalization.,publisher_pdf_or_user_download,PMC XML body element is missing. Unusable PMC XML deleted from run artifacts.
pmid-21871504,21871504,,10.1016/j.virusres.2011.08.001,Host factors mediating HIV-1 replication.,No PMCID coverage available.,publisher_pdf_or_user_download,No PMCID found via NCBI idconv; PDF fallback will be needed.
pmid-21849455,21849455,PMC3194978,10.1128/JVI.00719-11,Y-box-binding protein 1 interacts with hepatitis C virus NS3/4A and influences the equilibrium between viral RNA replication and infectious particle production.,PMC XML unusable for normalization.,publisher_pdf_or_user_download,PMC XML body element is missing. Unusable PMC XML deleted from run artifacts.
pmid-21835772,21835772,,10.1093/bioinformatics/btr469,Contextual analysis of RNAi-based functional screens using interaction networks.,No PMCID coverage available.,publisher_pdf_or_user_download,No PMCID found via NCBI idconv; PDF fallback will be needed.
pmid-21825869,21825869,,10.1097/COH.0b013e3283499e11,Innate immune factors associated with HIV-1 transmission.,No PMCID coverage available.,publisher_pdf_or_user_download,No PMCID found via NCBI idconv; PDF fallback will be needed.
pmid-21823664,21823664,,10.1021/pr200338d,"Identification of hnRNPH1, NF45, and C14orf166 as novel host interacting partners of the mature hepatitis C virus core protein.",No PMCID coverage available.,publisher_pdf_or_user_download,No PMCID found via NCBI idconv; PDF fallback will be needed.
pmid-21806988,21806988,,10.1016/j.febslet.2011.07.019,Phospholipid scramblase 1 mediates hepatitis C virus entry into host cells.,No PMCID coverage available.,publisher_pdf_or_user_download,No PMCID found via NCBI idconv; PDF fallback will be needed.
pmid-21766396,21766396,,10.1002/jms.1948,Screening and rank ordering of reversible mechanism-based inhibitors of hepatitis C virus NS3 protease using electrospray ionization mass spectrometry.,No PMCID coverage available.,publisher_pdf_or_user_download,No PMCID found via NCBI idconv; PDF fallback will be needed.
pmid-21757214,21757214,,10.1016/j.virol.2011.06.012,Vpu-mediated tetherin antagonism of ongoing HIV-1 infection in CD4(+) T-cells is not directly related to the extent of tetherin cell surface downmodulation.,No PMCID coverage available.,publisher_pdf_or_user_download,No PMCID found via NCBI idconv; PDF fallback will be needed.
pmid-21734383,21734383,,10.1159/000323884,Infections and the liver.,No PMCID coverage available.,publisher_pdf_or_user_download,No PMCID found via NCBI idconv; PDF fallback will be needed.
pmid-21734034,21734034,PMC3165752,10.1128/JVI.02620-10,Ribosomal protein S6 interacts with the latency-associated nuclear antigen of Kaposi's sarcoma-associated herpesvirus.,PMC XML unusable for normalization.,publisher_pdf_or_user_download,PMC XML body element is missing. Unusable PMC XML deleted from run artifacts.
pmid-21726049,21726049,,10.1002/pmic.201100043,A proteomic view of mycobacteria.,No PMCID coverage available.,publisher_pdf_or_user_download,No PMCID found via NCBI idconv; PDF fallback will be needed.
pmid-21709085,21709085,PMC3165365,10.1128/AAC.00644-11,Knockdown of USP18 increases α 2a interferon signaling and induction of interferon-stimulating genes but does not increase antiviral activity in Huh7 cells.,PMC XML unusable for normalization.,publisher_pdf_or_user_download,PMC XML body element is missing. Unusable PMC XML deleted from run artifacts.
pmid-21703796,21703796,,10.1016/j.jpba.2011.05.033,"Isolation, identification and antiviral activities of metabolites of calycosin-7-O-β-D-glucopyranoside.",No PMCID coverage available.,publisher_pdf_or_user_download,No PMCID found via NCBI idconv; PDF fallback will be needed.
pmid-21680504,21680504,PMC3165832,10.1128/JVI.02533-10,Peptidyl-prolyl isomerase Pin1 is a cellular factor required for hepatitis C virus propagation.,PMC XML unusable for normalization.,publisher_pdf_or_user_download,PMC XML body element is missing. Unusable PMC XML deleted from run artifacts.
pmid-21653666,21653666,PMC3147987,10.1128/JVI.00624-11,Polymorphism in human APOBEC3H affects a phenotype dominant for subcellular localization and antiviral activity.,PMC XML unusable for normalization.,publisher_pdf_or_user_download,PMC XML body element is missing. Unusable PMC XML deleted from run artifacts.
pmid-21528537,21528537,,,[HIV-1 infection affects the expression of host cell factor TSG101 and Alix].,No PMCID coverage available.,publisher_pdf_or_user_download,No PMCID found via NCBI idconv; PDF fallback will be needed.
pmid-21489334,21489334,,10.1017/S1462399411001785,Scavenger receptor class B type I and the hypervariable region-1 of hepatitis C virus in cell entry and neutralisation.,No PMCID coverage available.,publisher_pdf_or_user_download,No PMCID found via NCBI idconv; PDF fallback will be needed.
pmid-21480319,21480319,,10.1002/hep.24214,c-Src is required for complex formation between the hepatitis C virus-encoded proteins NS5A and NS5B: a prerequisite for replication.,No PMCID coverage available.,publisher_pdf_or_user_download,No PMCID found via NCBI idconv; PDF fallback will be needed.
pmid-21468474,21468474,,10.1590/s0037-86822011005000010,[Ultrastructural alterations in larvae of Aedes aegypti subject to labdane diterpene isolated from Copaifera reticulata (Leguminosae) and a fraction enriched with tannins of Magonia pubescens (Sapindaceae)].,No PMCID coverage available.,publisher_pdf_or_user_download,No PMCID found via NCBI idconv; PDF fallback will be needed.
pmid-21458454,21458454,,10.1053/j.gastro.2011.03.051,Malnutrition impairs interferon signaling through mTOR and FoxO pathways in patients with chronic hepatitis C.,No PMCID coverage available.,publisher_pdf_or_user_download,No PMCID found via NCBI idconv; PDF fallback will be needed.
pmid-21450827,21450827,PMC3094952,10.1128/JVI.00846-10,The cellular factors Vps18 and Mon2 are required for efficient production of infectious HIV-1 particles.,PMC XML unusable for normalization.,publisher_pdf_or_user_download,PMC XML body element is missing. Unusable PMC XML deleted from run artifacts.
pmid-21441493,21441493,PMC6699119,10.1177/0022034511399917,Innate immunity including epithelial and nonspecific host factors: workshop 1B.,PMC XML unusable for normalization.,publisher_pdf_or_user_download,PMC XML body element is missing. Unusable PMC XML deleted from run artifacts.
pmid-21441480,21441480,PMC3144040,10.1177/0022034511399284,Candida-host interactions in HIV disease: implications for oropharyngeal candidiasis.,PMC XML unusable for normalization.,publisher_pdf_or_user_download,PMC XML body element is missing. Unusable PMC XML deleted from run artifacts.
pmid-21412387,21412387,,,Host factors involved in low susceptibility to HIV infection.,No PMCID coverage available.,publisher_pdf_or_user_download,No PMCID found via NCBI idconv; PDF fallback will be needed.
pmid-21376334,21376334,,10.1016/j.chroma.2011.02.005,Gold nanoparticle-based inductively coupled plasma mass spectrometry amplification and magnetic separation for the sensitive detection of a virus-specific RNA sequence.,No PMCID coverage available.,publisher_pdf_or_user_download,No PMCID found via NCBI idconv; PDF fallback will be needed.
pmid-21376045,21376045,,10.1016/j.febslet.2011.02.035,Disturbance of the microRNA pathway by commonly used lentiviral shRNA libraries limits the application for screening host factors involved in hepatitis C virus infection.,No PMCID coverage available.,publisher_pdf_or_user_download,No PMCID found via NCBI idconv; PDF fallback will be needed.
pmid-21374668,21374668,,10.1002/hep.24177,Triglyceride synthesis and hepatitis C virus production: identification of a novel host factor as antiviral target.,No PMCID coverage available.,publisher_pdf_or_user_download,No PMCID found via NCBI idconv; PDF fallback will be needed.
pmid-21354164,21354164,,10.1053/j.gastro.2011.02.037,Diacylglycerol acyltransferase-1: a critical host factor for hepatitis C virus assembly and potential new drug target.,No PMCID coverage available.,publisher_pdf_or_user_download,No PMCID found via NCBI idconv; PDF fallback will be needed.
pmid-21345952,21345952,PMC3126286,10.1128/JVI.01925-10,N-terminal hemagglutinin tag renders lysine-deficient APOBEC3G resistant to HIV-1 Vif-induced degradation by reduced polyubiquitination.,PMC XML unusable for normalization.,publisher_pdf_or_user_download,PMC XML body element is missing. Unusable PMC XML deleted from run artifacts.
pmid-21341383,21341383,,10.3724/SP.J.1141.2011.01040,[Identification of the TRIM5/TRIMCyp heterozygous genotype in Macaca assamensis].,No PMCID coverage available.,publisher_pdf_or_user_download,No PMCID found via NCBI idconv; PDF fallback will be needed.
pmid-21330691,21330691,,10.1504/IJCBDD.2011.038654,The role of Hepatitis C Virus in the dynamic protein interaction networks of hepatocellular cirrhosis and carcinoma.,No PMCID coverage available.,publisher_pdf_or_user_download,No PMCID found via NCBI idconv; PDF fallback will be needed.
pmid-21320693,21320693,,10.1016/j.chom.2011.01.006,Antiviral inhibition targeting the HCMV kinase pUL97 requires pUL27-dependent degradation of Tip60 acetyltransferase and cell-cycle arrest.,No PMCID coverage available.,publisher_pdf_or_user_download,No PMCID found via NCBI idconv; PDF fallback will be needed.
pmid-21309730,21309730,,10.1089/aid.2010.0342,HIV-associated immune activation: from bench to bedside.,No PMCID coverage available.,publisher_pdf_or_user_download,No PMCID found via NCBI idconv; PDF fallback will be needed.
pmid-21297162,21297162,PMC3064185,10.1074/jbc.M110.194472,Hepatitis C virus NS5A protein interacts with phosphatidylinositol 4-kinase type IIIalpha and regulates viral propagation.,PMC XML unusable for normalization.,publisher_pdf_or_user_download,PMC XML body element is missing. Unusable PMC XML deleted from run artifacts.
pmid-21289118,21289118,PMC3126137,10.1128/JVI.02546-10,TRIM56 is a virus- and interferon-inducible E3 ubiquitin ligase that restricts pestivirus infection.,PMC XML unusable for normalization.,publisher_pdf_or_user_download,PMC XML body element is missing. Unusable PMC XML deleted from run artifacts.
pmid-21282347,21282347,PMC3062177,10.1261/rna.2462011,Identification of Tat-SF1 cellular targets by exon array analysis reveals dual roles in transcription and splicing.,PMC XML unusable for normalization.,publisher_pdf_or_user_download,PMC XML body element is missing. Unusable PMC XML deleted from run artifacts.
pmid-21217078,21217078,,10.1182/blood-2010-05-287193,The nerve growth factor reduces APOBEC3G synthesis and enhances HIV-1 transcription and replication in human primary macrophages.,No PMCID coverage available.,publisher_pdf_or_user_download,No PMCID found via NCBI idconv; PDF fallback will be needed.
pmid-21177810,21177810,PMC3067798,10.1128/JVI.02249-10,Phosphatidylinositol 4-kinase III beta is a target of enviroxime-like compounds for antipoliovirus activity.,PMC XML unusable for normalization.,publisher_pdf_or_user_download,PMC XML body element is missing. Unusable PMC XML deleted from run artifacts.
pmid-21173177,21173177,PMC3067080,10.1128/AAC.01319-10,Inhibitors of endoplasmic reticulum alpha-glucosidases potently suppress hepatitis C virus virion assembly and release.,PMC XML unusable for normalization.,publisher_pdf_or_user_download,PMC XML body element is missing. Unusable PMC XML deleted from run artifacts.
pmid-21164346,21164346,,10.1097/MEG.0b013e3283424e3e,Early proteomic analysis may allow noninvasive identification of hepatitis C response to treatment with pegylated interferon α-2b and ribavirin.,No PMCID coverage available.,publisher_pdf_or_user_download,No PMCID found via NCBI idconv; PDF fallback will be needed.
pmid-21149631,21149631,PMC3320848,10.1182/blood-2010-06-289215,HIV-1 Vif promotes the G₁- to S-phase cell-cycle transition.,PMC XML unusable for normalization.,publisher_pdf_or_user_download,PMC XML body element is missing. Unusable PMC XML deleted from run artifacts.
pmid-21148275,21148275,,10.1099/vir.0.028597-0,Functional interaction between cellular p100 and the dengue virus 3' UTR.,No PMCID coverage available.,publisher_pdf_or_user_download,No PMCID found via NCBI idconv; PDF fallback will be needed.
pmid-21143008,21143008,,10.1515/CCLM.2011.055,Mass spectrometry measurement of plasma hepcidin for the prediction of iron overload.,No PMCID coverage available.,publisher_pdf_or_user_download,No PMCID found via NCBI idconv; PDF fallback will be needed.
pmid-21142412,21142412,PMC3132007,10.1089/AID.2010.0313,Outcomes of a National Institute of Allergy and Infectious Diseases Workshop on understanding HIV-exposed but seronegative individuals.,PMC XML unusable for normalization.,publisher_pdf_or_user_download,PMC XML body element is missing. Unusable PMC XML deleted from run artifacts.
pmid-21093005,21093005,,10.1016/j.virol.2010.10.026,Chaperonin TRiC/CCT participates in replication of hepatitis C virus genome via interaction with the viral NS5B protein.,No PMCID coverage available.,publisher_pdf_or_user_download,No PMCID found via NCBI idconv; PDF fallback will be needed.
pmid-21084470,21084470,PMC3020499,10.1128/JVI.01966-10,Mapping the landscape of host-pathogen coevolution: HLA class I binding and its relationship with evolutionary conservation in human and viral proteins.,PMC XML unusable for normalization.,publisher_pdf_or_user_download,PMC XML body element is missing. Unusable PMC XML deleted from run artifacts.
pmid-21068253,21068253,PMC3020017,10.1128/JVI.01825-10,Hepatitis B virus regulatory HBx protein binds to adaptor protein IPS-1 and inhibits the activation of beta interferon.,PMC XML unusable for normalization.,publisher_pdf_or_user_download,PMC XML body element is missing. Unusable PMC XML deleted from run artifacts.
pmid-21056986,21056986,PMC3024796,10.1074/jbc.M110.175018,Biochemical and morphological properties of hepatitis C virus particles and determination of their lipidome.,PMC XML unusable for normalization.,publisher_pdf_or_user_download,PMC XML body element is missing. Unusable PMC XML deleted from run artifacts.
pmid-20980512,20980512,PMC3014196,10.1128/JVI.01795-10,Serine-threonine ubiquitination mediates downregulation of BST-2/tetherin and relief of restricted virion release by HIV-1 Vpu.,PMC XML unusable for normalization.,publisher_pdf_or_user_download,PMC XML body element is missing. Unusable PMC XML deleted from run artifacts.
pmid-20962083,20962083,PMC3014163,10.1128/JVI.01406-10,Small-molecule inhibition of human immunodeficiency virus type 1 infection by virus capsid destabilization.,PMC XML unusable for normalization.,publisher_pdf_or_user_download,PMC XML body element is missing. Unusable PMC XML deleted from run artifacts.
pmid-20955815,20955815,,10.1016/j.micinf.2010.10.001,Improved capacity of a monkey-tropic HIV-1 derivative to replicate in cynomolgus monkeys with minimal modifications.,No PMCID coverage available.,publisher_pdf_or_user_download,No PMCID found via NCBI idconv; PDF fallback will be needed.
pmid-20723035,20723035,,10.1111/j.1365-2893.2010.01363.x,The role of bile acid retention and a common polymorphism in the ABCB11 gene as host factors affecting antiviral treatment response in chronic hepatitis C.,No PMCID coverage available.,publisher_pdf_or_user_download,No PMCID found via NCBI idconv; PDF fallback will be needed.
pmid-20579278,20579278,,10.1111/j.1365-2893.2010.01339.x,Hepatitis C virus enters human peripheral neuroblastoma cells - evidence for extra-hepatic cells sustaining hepatitis C virus penetration.,No PMCID coverage available.,publisher_pdf_or_user_download,No PMCID found via NCBI idconv; PDF fallback will be needed.
pmid-21328909,21328909,,10.18097/pbmc20105601026,[Visualization and identification of hepatitis C viral particles by atomic force microscopy combined with MS/MS analysis].,No PMCID coverage available.,publisher_pdf_or_user_download,No PMCID found via NCBI idconv; PDF fallback will be needed.
pmid-21203916,21203916,PMC4875198,10.1007/s13238-010-0096-9,Analyses of SELEX-derived ZAP-binding RNA aptamers suggest that the binding specificity is determined by both structure and sequence of the RNA.,PMC XML unusable for normalization.,publisher_pdf_or_user_download,PMC XML body element is missing. Unusable PMC XML deleted from run artifacts.
pmid-21170300,21170300,PMC3003333,10.4161/viru.1.5.12966,Regulation of herpesvirus lifecycle by viral microRNAs.,PMC XML unusable for normalization.,publisher_pdf_or_user_download,PMC XML body element is missing. Unusable PMC XML deleted from run artifacts.
pmid-21160983,21160983,PMC2998961,10.4254/wjh.v2.i3.127,Proteomic analysis for developing new biomarkers of hepatocellular carcinoma.,PMC XML unusable for normalization.,publisher_pdf_or_user_download,PMC XML body element is missing. Unusable PMC XML deleted from run artifacts.
pmid-21160280,21160280,PMC3073334,10.4161/rna.7.6.14115,Role of HIV-1 nucleocapsid protein in HIV-1 reverse transcription.,PMC XML unusable for normalization.,publisher_pdf_or_user_download,PMC XML body element is missing. Unusable PMC XML deleted from run artifacts.
pmid-21028968,21028968,,10.1515/BC.2010.108,Inhibition of interferon-α-induced signaling by hyperosmolarity and hydrophobic bile acids.,No PMCID coverage available.,publisher_pdf_or_user_download,No PMCID found via NCBI idconv; PDF fallback will be needed.
pmid-20960374,20960374,,10.1055/s-0030-1267535,New insights into structure and replication of the hepatitis C virus and clinical implications.,No PMCID coverage available.,publisher_pdf_or_user_download,No PMCID found via NCBI idconv; PDF fallback will be needed.
pmid-20954703,20954703,,10.1021/pr100727m,Metabolomics approach for investigation of effects of dengue virus infection using the EA.hy926 cell line.,No PMCID coverage available.,publisher_pdf_or_user_download,No PMCID found via NCBI idconv; PDF fallback will be needed.
pmid-20953506,20953506,,10.1039/c0mb00103a,Network based analysis of hepatitis C virus core and NS4B protein interactions.,No PMCID coverage available.,publisher_pdf_or_user_download,No PMCID found via NCBI idconv; PDF fallback will be needed.
pmid-20940320,20940320,PMC2972963,10.1073/pnas.1011485107,Structural insight into the mechanisms of enveloped virus tethering by tetherin.,PMC XML unusable for normalization.,publisher_pdf_or_user_download,PMC XML body element is missing. Unusable PMC XML deleted from run artifacts.
pmid-20886141,20886141,,10.1039/c0cc03156a,Simultaneous detection of attomolar pathogen DNAs by Bio-MassCode mass spectrometry.,No PMCID coverage available.,publisher_pdf_or_user_download,No PMCID found via NCBI idconv; PDF fallback will be needed.
pmid-20876368,20876368,PMC2981289,10.1128/AAC.00507-10,Total raltegravir concentrations in cerebrospinal fluid exceed the 50-percent inhibitory concentration for wild-type HIV-1.,PMC XML unusable for normalization.,publisher_pdf_or_user_download,PMC XML body element is missing. Unusable PMC XML deleted from run artifacts.
pmid-20865513,20865513,,10.1007/978-1-4419-5913-3_34,An integrated methodology for mining promiscuous proteins: a case study of an integrative bioinformatics approach for hepatitis C virus non-structural 5A protein.,No PMCID coverage available.,publisher_pdf_or_user_download,No PMCID found via NCBI idconv; PDF fallback will be needed.
pmid-20861257,20861257,PMC2976402,10.1128/JVI.01447-10,Cell-cell spread of human immunodeficiency virus type 1 overcomes tetherin/BST-2-mediated restriction in T cells.,PMC XML unusable for normalization.,publisher_pdf_or_user_download,PMC XML body element is missing. Unusable PMC XML deleted from run artifacts.
pmid-20858994,20858994,,,A Hepatitis C virus-host interaction involved in viral replication: toward the identification of antiviral targets.,No PMCID coverage available.,publisher_pdf_or_user_download,No PMCID found via NCBI idconv; PDF fallback will be needed.
pmid-20839642,20839642,,,Virucidal activity and chemical composition of essential oils from aromatic plants of central west Argentina.,No PMCID coverage available.,publisher_pdf_or_user_download,No PMCID found via NCBI idconv; PDF fallback will be needed.
pmid-20833710,20833710,PMC2975155,10.1074/jbc.M110.112763,Contribution of lysine 11-linked ubiquitination to MIR2-mediated major histocompatibility complex class I internalization.,PMC XML unusable for normalization.,publisher_pdf_or_user_download,PMC XML body element is missing. Unusable PMC XML deleted from run artifacts.
pmid-20807705,20807705,,10.1189/jlb.0310176,Arsenic modulates APOBEC3G-mediated restriction to HIV-1 infection in myeloid dendritic cells.,No PMCID coverage available.,publisher_pdf_or_user_download,No PMCID found via NCBI idconv; PDF fallback will be needed.
pmid-20804757,20804757,,10.1016/j.febslet.2010.08.032,Modulation of interferon signaling by hepatitis C virus non-structural 5A protein: implication of genotypic difference in interferon treatment.,No PMCID coverage available.,publisher_pdf_or_user_download,No PMCID found via NCBI idconv; PDF fallback will be needed.
pmid-20721640,20721640,,10.1007/s12026-010-8164-z,A new functional role of HIV-1 integrase during uncoating of the viral core.,No PMCID coverage available.,publisher_pdf_or_user_download,No PMCID found via NCBI idconv; PDF fallback will be needed.
pmid-20718508,20718508,,10.1021/pr100219y,The ubiquitin-proteasome pathway is important for dengue virus infection in primary human endothelial cells.,No PMCID coverage available.,publisher_pdf_or_user_download,No PMCID found via NCBI idconv; PDF fallback will be needed.
pmid-20702783,20702783,PMC3101857,10.1074/mcp.M110.003418,Identification of essential filovirion-associated host factors by serial proteomic analysis and RNAi screen.,PMC XML unusable for normalization.,publisher_pdf_or_user_download,PMC XML body element is missing. Unusable PMC XML deleted from run artifacts.
pmid-20660191,20660191,PMC2937805,10.1128/JVI.00713-10,Bub1 and CENP-F can contribute to Kaposi's sarcoma-associated herpesvirus genome persistence by targeting LANA to kinetochores.,PMC XML unusable for normalization.,publisher_pdf_or_user_download,PMC XML body element is missing. Unusable PMC XML deleted from run artifacts.
pmid-20642434,20642434,,10.2174/157016210793499231,Regulation of HIV-1 infection in cells derived from purified CD34+ cells through manipulation of APOBEC3G expression.,No PMCID coverage available.,publisher_pdf_or_user_download,No PMCID found via NCBI idconv; PDF fallback will be needed.
pmid-20592082,20592082,PMC2937658,10.1128/JVI.00559-10,Replication of subgenomic hepatitis C virus replicons in mouse fibroblasts is facilitated by deletion of interferon regulatory factor 3 and expression of liver-specific microRNA 122.,PMC XML unusable for normalization.,publisher_pdf_or_user_download,PMC XML body element is missing. Unusable PMC XML deleted from run artifacts.
pmid-20571839,20571839,,10.1007/s00705-010-0728-7,Dengue-2-virus-interacting polypeptides involved in mosquito cell infection.,No PMCID coverage available.,publisher_pdf_or_user_download,No PMCID found via NCBI idconv; PDF fallback will be needed.
pmid-20567765,20567765,,10.1039/b923864f,Vimentin interacts with heterogeneous nuclear ribonucleoproteins and dengue nonstructural protein 1 and is important for viral replication and release.,No PMCID coverage available.,publisher_pdf_or_user_download,No PMCID found via NCBI idconv; PDF fallback will be needed.
pmid-20549003,20549003,,10.1039/b924668c,Host-virus interactions during hepatitis C virus infection: a complex and dynamic molecular biosystem.,No PMCID coverage available.,publisher_pdf_or_user_download,No PMCID found via NCBI idconv; PDF fallback will be needed.
pmid-20534861,20534861,PMC2916529,10.1128/JVI.00068-10,Polo-like kinase 1 is involved in hepatitis C virus replication by hyperphosphorylating NS5A.,PMC XML unusable for normalization.,publisher_pdf_or_user_download,PMC XML body element is missing. Unusable PMC XML deleted from run artifacts.
pmid-20510744,20510744,,10.1016/j.vaccine.2009.10.020,Contribution of Cyclophilin A to determination of simian immunodeficiency virus tropism: a progress update.,No PMCID coverage available.,publisher_pdf_or_user_download,No PMCID found via NCBI idconv; PDF fallback will be needed.
pmid-20509833,20509833,,10.1515/CCLM.2010.248,Serum albumin-bound proteomic signature for early detection and staging of hepatocarcinoma: sample variability and data classification.,No PMCID coverage available.,publisher_pdf_or_user_download,No PMCID found via NCBI idconv; PDF fallback will be needed.
pmid-20505011,20505011,,10.1099/vir.0.022210-0,Comparison of U2OS and Huh-7 cells for identifying host factors that affect hepatitis C virus RNA replication.,No PMCID coverage available.,publisher_pdf_or_user_download,No PMCID found via NCBI idconv; PDF fallback will be needed.
pmid-20498328,20498328,PMC2916360,10.1128/AAC.00113-10,Inhibition of hepatitis C virus replication by a specific inhibitor of serine-arginine-rich protein kinase.,PMC XML unusable for normalization.,publisher_pdf_or_user_download,PMC XML body element is missing. Unusable PMC XML deleted from run artifacts.
pmid-20482493,20482493,,10.2174/157488710792007293,Recent advances in hepatitis C virus treatment: review of HCV protease inhibitor clinical trials.,No PMCID coverage available.,publisher_pdf_or_user_download,No PMCID found via NCBI idconv; PDF fallback will be needed.
pmid-20473303,20473303,,10.1038/nchembio.370,Rational design of small-molecule inhibitors of the LEDGF/p75-integrase interaction and HIV replication.,No PMCID coverage available.,publisher_pdf_or_user_download,No PMCID found via NCBI idconv; PDF fallback will be needed.
pmid-20437153,20437153,,10.1007/s12275-010-0021-1,Kaposi's sarcoma-associated herpesvirus viral protein kinase interacts with RNA helicase a and regulates host gene expression.,No PMCID coverage available.,publisher_pdf_or_user_download,No PMCID found via NCBI idconv; PDF fallback will be needed.
pmid-20412852,20412852,,10.1016/j.mcp.2010.04.003,Rapid identification of vector-borne flaviviruses by mass spectrometry.,No PMCID coverage available.,publisher_pdf_or_user_download,No PMCID found via NCBI idconv; PDF fallback will be needed.
pmid-20410272,20410272,PMC2903270,10.1128/JVI.00210-10,TRIM5alpha disrupts the structure of assembled HIV-1 capsid complexes in vitro.,PMC XML unusable for normalization.,publisher_pdf_or_user_download,PMC XML body element is missing. Unusable PMC XML deleted from run artifacts.
pmid-20407278,20407278,PMC2889261,10.1159/000312882,HIV-1 and kidney cells: better understanding of viral interaction.,PMC XML unusable for normalization.,publisher_pdf_or_user_download,PMC XML body element is missing. Unusable PMC XML deleted from run artifacts.
pmid-20353390,20353390,,10.2174/157016210791208613,Involvement of regulatory T cells in HIV immunopathogenesis.,No PMCID coverage available.,publisher_pdf_or_user_download,No PMCID found via NCBI idconv; PDF fallback will be needed.
pmid-20345479,20345479,PMC11158022,10.1111/j.1349-7006.2010.01549.x,Identification of genes preferentially methylated in hepatitis C virus-related hepatocellular carcinoma.,PMC XML unusable for normalization.,publisher_pdf_or_user_download,PMC XML body element is missing. Unusable PMC XML deleted from run artifacts.
pmid-20335258,20335258,PMC2876593,10.1128/JVI.02343-09,Role of annexin A2 in the production of infectious hepatitis C virus particles.,PMC XML unusable for normalization.,publisher_pdf_or_user_download,PMC XML body element is missing. Unusable PMC XML deleted from run artifacts.
pmid-20303334,20303334,,10.1016/j.bbrc.2010.03.086,DNA-PK/Ku complex binds to latency-associated nuclear antigen and negatively regulates Kaposi's sarcoma-associated herpesvirus latent replication.,No PMCID coverage available.,publisher_pdf_or_user_download,No PMCID found via NCBI idconv; PDF fallback will be needed.
pmid-20219898,20219898,,10.1099/vir.0.019851-0,Replication of not-known-vector flaviviruses in mosquito cells is restricted by intracellular host factors rather than by the viral envelope proteins.,No PMCID coverage available.,publisher_pdf_or_user_download,No PMCID found via NCBI idconv; PDF fallback will be needed.
pmid-20213679,20213679,,10.1002/pmic.200900734,Viral myocarditis induced by Coxsackievirus B3 in A.BY/SnJ mice: analysis of changes in the myocardial proteome.,No PMCID coverage available.,publisher_pdf_or_user_download,No PMCID found via NCBI idconv; PDF fallback will be needed.
pmid-20120039,20120039,,10.1002/bmc.1400,Characterization of anti-Coxsackie virus B3 constituents of Radix Astragali by high-performance liquid chromatography coupled with electrospray ionization tandem mass spectrometry.,No PMCID coverage available.,publisher_pdf_or_user_download,No PMCID found via NCBI idconv; PDF fallback will be needed.
pmid-20118637,20118637,,10.1248/yakushi.130.157,[Suppression of hepatitis C virus (HCV) replication with serine palmitoyltransferase inhibitor].,No PMCID coverage available.,publisher_pdf_or_user_download,No PMCID found via NCBI idconv; PDF fallback will be needed.
pmid-20110098,20110098,,10.1016/j.virol.2010.01.003,Contribution of RING domain to retrovirus restriction by TRIM5alpha depends on combination of host and virus.,No PMCID coverage available.,publisher_pdf_or_user_download,No PMCID found via NCBI idconv; PDF fallback will be needed.
pmid-20053985,20053985,PMC2844226,10.1074/jbc.M109.040618,Hsp70 interacts with the retroviral restriction factor TRIM5alpha and assists the folding of TRIM5alpha.,PMC XML unusable for normalization.,publisher_pdf_or_user_download,PMC XML body element is missing. Unusable PMC XML deleted from run artifacts.
pmid-20053739,20053739,PMC2826059,10.1128/JVI.02151-09,Biochemical and structural characterization of cathepsin L-processed Ebola virus glycoprotein: implications for viral entry and immunogenicity.,PMC XML unusable for normalization.,publisher_pdf_or_user_download,PMC XML body element is missing. Unusable PMC XML deleted from run artifacts.
pmid-20049904,20049904,,10.1002/rmv.637,Anti-retroviral activity of TRIM5 alpha.,No PMCID coverage available.,publisher_pdf_or_user_download,No PMCID found via NCBI idconv; PDF fallback will be needed.
pmid-20040515,20040515,PMC2900887,10.1093/glycob/cwp204,KSHV downregulation of galectin-3 in Kaposi's sarcoma.,PMC XML unusable for normalization.,publisher_pdf_or_user_download,PMC XML body element is missing. Unusable PMC XML deleted from run artifacts.
pmid-20023216,20023216,PMC2830761,10.1182/blood-2009-06-226423,CCR6 ligands inhibit HIV by inducing APOBEC3G.,PMC XML unusable for normalization.,publisher_pdf_or_user_download,PMC XML body element is missing. Unusable PMC XML deleted from run artifacts.
pmid-20018238,20018238,,10.1016/j.bbadis.2009.12.003,Host proteins involved in HIV infection: new therapeutic targets.,No PMCID coverage available.,publisher_pdf_or_user_download,No PMCID found via NCBI idconv; PDF fallback will be needed.
pmid-20015996,20015996,PMC2820933,10.1128/JVI.02105-08,Targeted delivery of small interfering RNA to human dendritic cells to suppress dengue virus infection and associated proinflammatory cytokine production.,PMC XML unusable for normalization.,publisher_pdf_or_user_download,PMC XML body element is missing. Unusable PMC XML deleted from run artifacts.
pmid-20014138,20014138,,10.1002/hep.23278,Apolipoprotein E interacts with hepatitis C virus nonstructural protein 5A and determines assembly of infectious particles.,No PMCID coverage available.,publisher_pdf_or_user_download,No PMCID found via NCBI idconv; PDF fallback will be needed.
pmid-20013946,20013946,,10.1002/biot.200900226,From experimental setup to bioinformatics: an RNAi screening platform to identify host factors involved in HIV-1 replication.,No PMCID coverage available.,publisher_pdf_or_user_download,No PMCID found via NCBI idconv; PDF fallback will be needed.
pmid-20012654,20012654,,10.1007/s00535-009-0162-3,Comparison of HCV-associated gene expression and cell signaling pathways in cells with or without HCV replicon and in replicon-cured cells.,No PMCID coverage available.,publisher_pdf_or_user_download,No PMCID found via NCBI idconv; PDF fallback will be needed.
pmid-20002211,20002211,PMC2842497,10.1111/j.1365-2567.2009.03202.x,Cytoskeletal proteins bound to heat-shock protein 70 may elicit resistance to simian immunodeficiency virus infection of CD4(+) T cells.,PMC XML unusable for normalization.,publisher_pdf_or_user_download,PMC XML body element is missing. Unusable PMC XML deleted from run artifacts.
pmid-19941902,19941902,,10.1016/j.jviromet.2009.11.021,High yield expression and purification of HIV-1 Tat1-72 for structural studies.,No PMCID coverage available.,publisher_pdf_or_user_download,No PMCID found via NCBI idconv; PDF fallback will be needed.
pmid-19923258,19923258,,10.1099/vir.0.016881-0,Characterization of hepatitis C virus NS3 modifications in the context of replication.,No PMCID coverage available.,publisher_pdf_or_user_download,No PMCID found via NCBI idconv; PDF fallback will be needed.
pmid-19906930,19906930,PMC2798365,10.1128/JVI.01190-09,Identification of GBF1 as a cellular factor required for hepatitis C virus RNA replication.,PMC XML unusable for normalization.,publisher_pdf_or_user_download,PMC XML body element is missing. Unusable PMC XML deleted from run artifacts.
pmid-19802575,19802575,,10.1007/978-3-642-02215-9_2,Control of dengue virus translation and replication.,No PMCID coverage available.,publisher_pdf_or_user_download,No PMCID found via NCBI idconv; PDF fallback will be needed.
pmid-19761796,19761796,,10.1016/j.jviromet.2009.09.004,Construction and characterization of a stable subgenomic replicon system of a Brazilian dengue virus type 3 strain (BR DEN3 290-02).,No PMCID coverage available.,publisher_pdf_or_user_download,No PMCID found via NCBI idconv; PDF fallback will be needed.
pmid-21180537,21180537,PMC3002513,10.1177/1756283X08101217,Rapid virological response to peginterferon alfa and ribavirin treatment of chronic hepatitis C predicts sustained virological response and relapse in genotype 1 patients.,PMC XML unusable for normalization.,publisher_pdf_or_user_download,PMC XML body element is missing. Unusable PMC XML deleted from run artifacts.
pmid-21089521,21089521,,,[Host factors involved in regulation of replication and pathogenesis of hepatitis C virus ].,No PMCID coverage available.,publisher_pdf_or_user_download,No PMCID found via NCBI idconv; PDF fallback will be needed.
pmid-20218329,20218329,,10.2222/jsv.59.205,[Entry process of enveloped viruses to host cells].,No PMCID coverage available.,publisher_pdf_or_user_download,No PMCID found via NCBI idconv; PDF fallback will be needed.
pmid-20061678,20061678,,10.3855/jidc.586,"Diarrheagenic Escherichia coli in sub-Saharan Africa: status, uncertainties and necessities.",No PMCID coverage available.,publisher_pdf_or_user_download,No PMCID found via NCBI idconv; PDF fallback will be needed.
pmid-19966942,19966942,PMC2776286,,FGI-104: a broad-spectrum small molecule inhibitor of viral infection.,PMC XML unusable for normalization.,publisher_pdf_or_user_download,PMC XML body element is missing. Unusable PMC XML deleted from run artifacts.
pmid-19941400,19941400,,10.4149/av_2009_03_185,Hepatitis C virus infection of mouse hepatoma cell expressing human CD81 or LDLR.,No PMCID coverage available.,publisher_pdf_or_user_download,No PMCID found via NCBI idconv; PDF fallback will be needed.
pmid-19837671,19837671,PMC2787367,10.1074/jbc.M109.058305,HIV-1 accessory protein Vpu internalizes cell-surface BST-2/tetherin through transmembrane interactions leading to lysosomes.,PMC XML unusable for normalization.,publisher_pdf_or_user_download,PMC XML body element is missing. Unusable PMC XML deleted from run artifacts.
pmid-19825046,19825046,,10.1111/j.1742-4658.2009.07315.x,The capsid protein of human immunodeficiency virus: interactions of HIV-1 capsid with host protein factors.,No PMCID coverage available.,publisher_pdf_or_user_download,No PMCID found via NCBI idconv; PDF fallback will be needed.
pmid-19811073,19811073,,10.1586/epr.09.73,Cell-type-specific proteome and interactome: using HIV-1 Tat as a test case.,No PMCID coverage available.,publisher_pdf_or_user_download,No PMCID found via NCBI idconv; PDF fallback will be needed.
pmid-19793816,19793816,PMC2786853,10.1128/JVI.01419-09,"Dengue virus infection induces upregulation of GRP78, which acts to chaperone viral antigen production.",PMC XML unusable for normalization.,publisher_pdf_or_user_download,PMC XML body element is missing. Unusable PMC XML deleted from run artifacts.
pmid-19781804,19781804,,10.1016/j.jhep.2009.08.004,The long and winding road leading to the identification of the hepatitis C virus.,No PMCID coverage available.,publisher_pdf_or_user_download,No PMCID found via NCBI idconv; PDF fallback will be needed.
pmid-19717417,19717417,PMC2752535,10.1073/pnas.0907439106,A genome-wide genetic screen for host factors required for hepatitis C virus propagation.,PMC XML unusable for normalization.,publisher_pdf_or_user_download,PMC XML body element is missing. Unusable PMC XML deleted from run artifacts.
pmid-19712667,19712667,,10.1016/j.bbrc.2009.08.108,Specific interaction of capsid protein and importin-alpha/beta influences West Nile virus production.,No PMCID coverage available.,publisher_pdf_or_user_download,No PMCID found via NCBI idconv; PDF fallback will be needed.
pmid-19696987,19696987,,10.1007/s12664-009-0016-1,Improvement of steatosis after interferon therapy in HCV genotype 4 is related to weight loss.,No PMCID coverage available.,publisher_pdf_or_user_download,No PMCID found via NCBI idconv; PDF fallback will be needed.
pmid-19666601,19666601,PMC2729017,10.1073/pnas.0907344106,The autophagy machinery is required to initiate hepatitis C virus replication.,PMC XML unusable for normalization.,publisher_pdf_or_user_download,PMC XML body element is missing. Unusable PMC XML deleted from run artifacts.
pmid-19654214,19654214,PMC2729262,10.1242/jcs.045658,Engagement of CD81 induces ezrin tyrosine phosphorylation and its cellular redistribution with filamentous actin.,PMC XML unusable for normalization.,publisher_pdf_or_user_download,PMC XML body element is missing. Unusable PMC XML deleted from run artifacts.
pmid-19641037,19641037,,10.1189/jlb.0409261,HIV-1 Nef-mediated inhibition of T cell migration and its molecular determinants.,No PMCID coverage available.,publisher_pdf_or_user_download,No PMCID found via NCBI idconv; PDF fallback will be needed.
pmid-19628699,19628699,PMC2714764,10.1073/pnas.0906413106,Translation and replication of hepatitis C virus genomic RNA depends on ancient cellular proteins that control mRNA fates.,PMC XML unusable for normalization.,publisher_pdf_or_user_download,PMC XML body element is missing. Unusable PMC XML deleted from run artifacts.
pmid-19628159,19628159,,10.1016/j.cld.2009.05.008,"Boceprevir, an NS3 protease inhibitor of HCV.",No PMCID coverage available.,publisher_pdf_or_user_download,No PMCID found via NCBI idconv; PDF fallback will be needed.
pmid-19605472,19605472,PMC2748026,10.1128/JVI.00597-09,Molecular mechanism of BST2/tetherin downregulation by K5/MIR2 of Kaposi's sarcoma-associated herpesvirus.,PMC XML unusable for normalization.,publisher_pdf_or_user_download,PMC XML body element is missing. Unusable PMC XML deleted from run artifacts.
pmid-19605471,19605471,PMC2748049,10.1128/JVI.02418-08,Class III phosphatidylinositol 4-kinase alpha and beta are novel host factor regulators of hepatitis C virus replication.,PMC XML unusable for normalization.,publisher_pdf_or_user_download,PMC XML body element is missing. Unusable PMC XML deleted from run artifacts.
pmid-19591124,19591124,,10.1002/hep.22998,"Proteomics analysis of mitochondrial proteins reveals overexpression of a mitochondrial protein chaperon, prohibitin, in cells expressing hepatitis C virus core protein.",No PMCID coverage available.,publisher_pdf_or_user_download,No PMCID found via NCBI idconv; PDF fallback will be needed.
pmid-19587052,19587052,PMC2738255,10.1128/JVI.00814-09,Dynamic host energetics and cytoskeletal proteomes in human immunodeficiency virus type 1-infected human primary CD4 cells: analysis by multiplexed label-free mass spectrometry.,PMC XML unusable for normalization.,publisher_pdf_or_user_download,PMC XML body element is missing. Unusable PMC XML deleted from run artifacts.
pmid-19587048,19587048,PMC2738234,10.1128/JVI.00271-09,Protein kinase G phosphorylates mosquito-borne flavivirus NS5.,PMC XML unusable for normalization.,publisher_pdf_or_user_download,PMC XML body element is missing. Unusable PMC XML deleted from run artifacts.
pmid-19570870,19570870,PMC2738263,10.1128/JVI.00958-09,Role of oxysterol binding protein in hepatitis C virus infection.,PMC XML unusable for normalization.,publisher_pdf_or_user_download,PMC XML body element is missing. Unusable PMC XML deleted from run artifacts.
pmid-19539482,19539482,,10.1016/j.bmc.2009.05.045,Proteochemometrics mapping of the interaction space for retroviral proteases and their substrates.,No PMCID coverage available.,publisher_pdf_or_user_download,No PMCID found via NCBI idconv; PDF fallback will be needed.
pmid-19519339,19519339,,10.2174/157016309788488302,Calixarenes as new platforms for drug design.,No PMCID coverage available.,publisher_pdf_or_user_download,No PMCID found via NCBI idconv; PDF fallback will be needed.
pmid-19515779,19515779,PMC2715753,10.1128/JVI.00242-09,Vpu directs the degradation of the human immunodeficiency virus restriction factor BST-2/Tetherin via a {beta}TrCP-dependent mechanism.,PMC XML unusable for normalization.,publisher_pdf_or_user_download,PMC XML body element is missing. Unusable PMC XML deleted from run artifacts.
pmid-19451286,19451286,PMC2715601,10.1128/AAC.00189-09,Cyclosporine inhibits flavivirus replication through blocking the interaction between host cyclophilins and viral NS5 protein.,PMC XML unusable for normalization.,publisher_pdf_or_user_download,PMC XML body element is missing. Unusable PMC XML deleted from run artifacts.
pmid-19401213,19401213,,10.1016/j.biochi.2009.04.014,Identification by high throughput screening of small compounds inhibiting the nucleic acid destabilization activity of the HIV-1 nucleocapsid protein.,No PMCID coverage available.,publisher_pdf_or_user_download,No PMCID found via NCBI idconv; PDF fallback will be needed.
pmid-19391501,19391501,,,[Impact of pegylated interferon alpha and ribavirin therapy of chronic hepatitis C on peripheral blood and intrahepatic lymphocytes].,No PMCID coverage available.,publisher_pdf_or_user_download,No PMCID found via NCBI idconv; PDF fallback will be needed.
pmid-19376974,19376974,PMC2678598,10.1073/pnas.0902693106,Roles for endocytic trafficking and phosphatidylinositol 4-kinase III alpha in hepatitis C virus replication.,PMC XML unusable for normalization.,publisher_pdf_or_user_download,PMC XML body element is missing. Unusable PMC XML deleted from run artifacts.
pmid-19327355,19327355,,10.1016/j.febslet.2009.03.041,Requirement for microtubule integrity in the SOCS1-mediated intracellular dynamics of HIV-1 Gag.,No PMCID coverage available.,publisher_pdf_or_user_download,No PMCID found via NCBI idconv; PDF fallback will be needed.
pmid-19304308,19304308,,10.1016/j.virol.2009.02.039,Identification of a lipid kinase as a host factor involved in hepatitis C virus RNA replication.,No PMCID coverage available.,publisher_pdf_or_user_download,No PMCID found via NCBI idconv; PDF fallback will be needed.
pmid-19297497,19297497,PMC2681949,10.1128/JVI.00011-09,DDX3 DEAD-Box RNA helicase inhibits hepatitis B virus reverse transcription by incorporation into nucleocapsids.,PMC XML unusable for normalization.,publisher_pdf_or_user_download,PMC XML body element is missing. Unusable PMC XML deleted from run artifacts.
pmid-19281230,19281230,,10.1021/pr900060g,Alterations in actin cytoskeletal assembly and junctional protein complexes in human endothelial cells induced by dengue virus infection and mimicry of leukocyte transendothelial migration.,No PMCID coverage available.,publisher_pdf_or_user_download,No PMCID found via NCBI idconv; PDF fallback will be needed.
pmid-19279330,19279330,,10.1182/blood-2008-10-185728,"Gram-positive bacteria enhance HIV-1 susceptibility in Langerhans cells, but not in dendritic cells, via Toll-like receptor activation.",No PMCID coverage available.,publisher_pdf_or_user_download,No PMCID found via NCBI idconv; PDF fallback will be needed.
pmid-19278657,19278657,,10.1016/j.str.2008.12.020,Three-dimensional structure of AAA ATPase Vps4: advancing structural insights into the mechanisms of endosomal sorting and enveloped virus budding.,No PMCID coverage available.,publisher_pdf_or_user_download,No PMCID found via NCBI idconv; PDF fallback will be needed.
pmid-19273254,19273254,,10.2741/3432,The host immunologic response to West Nile encephalitis virus.,No PMCID coverage available.,publisher_pdf_or_user_download,No PMCID found via NCBI idconv; PDF fallback will be needed.
pmid-19269968,19269968,PMC2679479,10.1074/jbc.M807873200,Initiation of hepatitis C virus infection requires the dynamic microtubule network: role of the viral nucleocapsid protein.,PMC XML unusable for normalization.,publisher_pdf_or_user_download,PMC XML body element is missing. Unusable PMC XML deleted from run artifacts.
pmid-19264632,19264632,,10.1099/vir.0.008565-0,Peptide inhibitors of hepatitis C virus core oligomerization and virus production.,No PMCID coverage available.,publisher_pdf_or_user_download,No PMCID found via NCBI idconv; PDF fallback will be needed.
pmid-19249526,19249526,,10.1016/j.transproceed.2008.10.056,Efficacy of interferon Beta combined with cyclosporine induction and intensified therapy for retreatment of chronic hepatitis C.,No PMCID coverage available.,publisher_pdf_or_user_download,No PMCID found via NCBI idconv; PDF fallback will be needed.
pmid-19246919,19246919,,10.1159/000203639,"Pegylated interferon plus ribavirin combination therapy for chronic hepatitis C with high viral load of serum hepatitis C virus RNA, genotype 1b, discontinued on attaining sustained virological response at week 16 after onset of acute pancreatitis.",No PMCID coverage available.,publisher_pdf_or_user_download,No PMCID found via NCBI idconv; PDF fallback will be needed.
pmid-19243496,19243496,,10.1111/j.1365-2893.2009.01108.x,Suppression of hepatitis C virus replication by protein kinase C-related kinase 2 inhibitors that block phosphorylation of viral RNA polymerase.,No PMCID coverage available.,publisher_pdf_or_user_download,No PMCID found via NCBI idconv; PDF fallback will be needed.
pmid-19229293,19229293,PMC2670869,10.1038/emboj.2009.41,"Structural basis for HIV-1 DNA integration in the human genome, role of the LEDGF/P75 cofactor.",PMC XML unusable for normalization.,publisher_pdf_or_user_download,PMC XML body element is missing. Unusable PMC XML deleted from run artifacts.
pmid-19167518,19167518,,10.1016/j.bbalip.2008.12.012,Lipid droplets and hepatitis C virus infection.,No PMCID coverage available.,publisher_pdf_or_user_download,No PMCID found via NCBI idconv; PDF fallback will be needed.
pmid-19144459,19144459,,10.1016/j.canlet.2008.12.002,Systematic -omics analysis of HBV-associated liver diseases.,No PMCID coverage available.,publisher_pdf_or_user_download,No PMCID found via NCBI idconv; PDF fallback will be needed.
pmid-19140155,19140155,,10.1002/hep.22729,Early gene expression profiles of patients with chronic hepatitis C treated with pegylated interferon-alfa and ribavirin.,No PMCID coverage available.,publisher_pdf_or_user_download,No PMCID found via NCBI idconv; PDF fallback will be needed.
pmid-19048195,19048195,PMC7120301,10.1007/978-3-540-79086-0_1,Antiviral strategies.,PMC XML unusable for normalization.,publisher_pdf_or_user_download,PMC XML body element is missing. Unusable PMC XML deleted from run artifacts.
pmid-19013628,19013628,,10.1016/j.virol.2008.10.009,Cellular vimentin content regulates the protein level of hepatitis C virus core protein and the hepatitis C virus production in cultured cells.,No PMCID coverage available.,publisher_pdf_or_user_download,No PMCID found via NCBI idconv; PDF fallback will be needed.
pmid-19009263,19009263,,10.1007/978-1-59745-394-3_15,Investigation of the hepatitis C virus replication complex.,No PMCID coverage available.,publisher_pdf_or_user_download,No PMCID found via NCBI idconv; PDF fallback will be needed.
pmid-19009262,19009262,,10.1007/978-1-59745-394-3_14,Proteomics study of the hepatitis C virus replication complex.,No PMCID coverage available.,publisher_pdf_or_user_download,No PMCID found via NCBI idconv; PDF fallback will be needed.
pmid-19009254,19009254,,10.1007/978-1-59745-394-3_6,Characterization of HCV quasispecies in the hypervariable region 1 (HVR1) by in vitro translation and mass spectrometry.,No PMCID coverage available.,publisher_pdf_or_user_download,No PMCID found via NCBI idconv; PDF fallback will be needed.
pmid-18997103,18997103,,10.3181/0805-RM-147,Proteomic analysis of endothelial cell autoantigens recognized by anti-dengue virus nonstructural protein 1 antibodies.,No PMCID coverage available.,publisher_pdf_or_user_download,No PMCID found via NCBI idconv; PDF fallback will be needed.
pmid-18848602,18848602,,10.1016/j.bbagen.2008.09.002,Co-factors in liver disease: the role of HFE-related hereditary hemochromatosis and iron.,No PMCID coverage available.,publisher_pdf_or_user_download,No PMCID found via NCBI idconv; PDF fallback will be needed.
pmid-18847318,18847318,,10.1089/vbz.2008.0056,Sialome individuality between Aedes aegypti colonies.,No PMCID coverage available.,publisher_pdf_or_user_download,No PMCID found via NCBI idconv; PDF fallback will be needed.
pmid-18027104,18027104,,10.1007/s11033-007-9174-3,Molecular analysis of the role of IRES stem-loop V in replicative capacities and translation efficiencies of Coxsackievirus B3 mutants.,No PMCID coverage available.,publisher_pdf_or_user_download,No PMCID found via NCBI idconv; PDF fallback will be needed.
pmid-19374199,19374199,,10.2222/jsv.58.207,[Suppression of hepatitis C virus with the reagent targetting host factors].,No PMCID coverage available.,publisher_pdf_or_user_download,No PMCID found via NCBI idconv; PDF fallback will be needed.
pmid-19208986,19208986,PMC7090734,10.1007/s12038-008-0079-7,Rapid and real-time detection technologies for emerging viruses of biomedical importance.,PMC XML unusable for normalization.,publisher_pdf_or_user_download,PMC XML body element is missing. Unusable PMC XML deleted from run artifacts.
pmid-19072356,19072356,,10.1586/17474124.2.2.207,"Interaction of metabolic syndrome, nonalcoholic fatty liver disease and chronic hepatitis C.",No PMCID coverage available.,publisher_pdf_or_user_download,No PMCID found via NCBI idconv; PDF fallback will be needed.
pmid-18976975,18976975,,10.1016/j.chom.2008.10.004,Genome-scale RNAi screen for host factors required for HIV replication.,No PMCID coverage available.,publisher_pdf_or_user_download,No PMCID found via NCBI idconv; PDF fallback will be needed.
pmid-18937254,18937254,,10.1002/pmic.200800338,Riboproteomic analysis of polypeptides interacting with the internal ribosome-entry site element of foot-and-mouth disease viral RNA.,No PMCID coverage available.,publisher_pdf_or_user_download,No PMCID found via NCBI idconv; PDF fallback will be needed.
pmid-18925312,18925312,,10.1590/s0100-879x2008005000041,Distribution of the human leukocyte antigen class II alleles in Brazilian patients with chronic hepatitis C virus infection.,No PMCID coverage available.,publisher_pdf_or_user_download,No PMCID found via NCBI idconv; PDF fallback will be needed.
pmid-18854243,18854243,,10.1016/j.chom.2008.08.013,HIV Nef enhances Tat-mediated viral transcription through a hnRNP-K-nucleated signaling complex.,No PMCID coverage available.,publisher_pdf_or_user_download,No PMCID found via NCBI idconv; PDF fallback will be needed.
pmid-18851679,18851679,PMC2928122,10.1089/aid.2008.0072,The level of APOBEC3G (hA3G)-related G-to-A mutations does not correlate with viral load in HIV type 1-infected individuals.,PMC XML unusable for normalization.,publisher_pdf_or_user_download,PMC XML body element is missing. Unusable PMC XML deleted from run artifacts.
pmid-18836454,18836454,,10.1038/nsmb.1497,Phosphorylation of APOBEC3G by protein kinase A regulates its interaction with HIV-1 Vif.,No PMCID coverage available.,publisher_pdf_or_user_download,No PMCID found via NCBI idconv; PDF fallback will be needed.
pmid-18819912,18819912,PMC2662242,10.1074/jbc.M804587200,Role of HRB in clathrin-dependent endocytosis.,PMC XML unusable for normalization.,publisher_pdf_or_user_download,PMC XML body element is missing. Unusable PMC XML deleted from run artifacts.
pmid-18817285,18817285,,10.1159/000317143,Proteomic dissection of viral pathogenesis.,No PMCID coverage available.,publisher_pdf_or_user_download,No PMCID found via NCBI idconv; PDF fallback will be needed.
pmid-18799730,18799730,PMC2567209,10.1073/pnas.0807298105,Structural determinants for membrane association and dynamic organization of the hepatitis C virus NS3-4A complex.,PMC XML unusable for normalization.,publisher_pdf_or_user_download,PMC XML body element is missing. Unusable PMC XML deleted from run artifacts.
pmid-18799588,18799588,PMC2583649,10.1128/JVI.01303-08,Baseline resistance of primary human immunodeficiency virus type 1 strains to the CXCR4 inhibitor AMD3100.,PMC XML unusable for normalization.,publisher_pdf_or_user_download,PMC XML body element is missing. Unusable PMC XML deleted from run artifacts.
pmid-18790690,18790690,,10.1016/j.ab.2008.08.012,Methods to measure the intracellular concentration of unlabeled compounds within cultured cells using liquid chromatography/tandem mass spectrometry.,No PMCID coverage available.,publisher_pdf_or_user_download,No PMCID found via NCBI idconv; PDF fallback will be needed.
pmid-18776047,18776047,PMC2567145,10.1073/pnas.0804461105,Resistance to RevM10 inhibition reflects a conformational switch in the HIV-1 Rev response element.,PMC XML unusable for normalization.,publisher_pdf_or_user_download,PMC XML body element is missing. Unusable PMC XML deleted from run artifacts.
pmid-18775939,18775939,,10.1242/jeb.016360,Natural odor ligands for olfactory receptor neurons of the female mosquito Aedes aegypti: use of gas chromatography-linked single sensillum recordings.,No PMCID coverage available.,publisher_pdf_or_user_download,No PMCID found via NCBI idconv; PDF fallback will be needed.
pmid-18753793,18753793,,10.1159/000151631,Proteome analysis identifies the role of heat stress in production of progeny HCV in Huh7 cells harboring intact HCV.,No PMCID coverage available.,publisher_pdf_or_user_download,No PMCID found via NCBI idconv; PDF fallback will be needed.
pmid-18676177,18676177,,10.1016/j.it.2008.07.001,Novel innate immune functions of the whey acidic protein family.,No PMCID coverage available.,publisher_pdf_or_user_download,No PMCID found via NCBI idconv; PDF fallback will be needed.
pmid-18639654,18639654,,10.1016/j.bbapap.2008.06.015,Secretome of HepG2 cells infected with dengue virus: implications for pathogenesis.,No PMCID coverage available.,publisher_pdf_or_user_download,No PMCID found via NCBI idconv; PDF fallback will be needed.
pmid-18637118,18637118,,10.1111/j.1742-4658.2008.06566.x,Hepatitis C virus internal ribosome entry site-mediated translation is stimulated by cis-acting RNA elements and trans-acting viral factors.,No PMCID coverage available.,publisher_pdf_or_user_download,No PMCID found via NCBI idconv; PDF fallback will be needed.
pmid-18636654,18636654,PMC2725370,10.3748/wjg.14.4120,Hepatic steatosis: a benign disease or a silent killer.,PMC XML unusable for normalization.,publisher_pdf_or_user_download,PMC XML body element is missing. Unusable PMC XML deleted from run artifacts.
pmid-18618487,18618487,,10.1002/ardp.200700261,Structural modifications of salicylates: inhibitors of human CD81-receptor HCV-E2 interaction.,No PMCID coverage available.,publisher_pdf_or_user_download,No PMCID found via NCBI idconv; PDF fallback will be needed.
pmid-18599441,18599441,PMC2587604,10.1073/pnas.0801313105,Mass spectrometry reveals modularity and a complete subunit interaction map of the eukaryotic translation factor eIF3.,PMC XML unusable for normalization.,publisher_pdf_or_user_download,PMC XML body element is missing. Unusable PMC XML deleted from run artifacts.
pmid-18570290,18570290,,10.1002/hep.22288,Morphological changes in intracellular lipid droplets induced by different hepatitis C virus genotype core sequences and relationship with steatosis.,No PMCID coverage available.,publisher_pdf_or_user_download,No PMCID found via NCBI idconv; PDF fallback will be needed.
pmid-18569454,18569454,PMC2715278,10.1080/13550280801993648,Molecular mechanism(s) involved in the synergistic induction of CXCL10 by human immunodeficiency virus type 1 Tat and interferon-gamma in macrophages.,PMC XML unusable for normalization.,publisher_pdf_or_user_download,PMC XML body element is missing. Unusable PMC XML deleted from run artifacts.
pmid-18562515,18562515,PMC2519675,10.1128/JVI.00306-08,Intramembrane processing by signal peptide peptidase regulates the membrane localization of hepatitis C virus core protein and viral propagation.,PMC XML unusable for normalization.,publisher_pdf_or_user_download,PMC XML body element is missing. Unusable PMC XML deleted from run artifacts.
pmid-18559928,18559928,,10.1099/vir.0.83618-0,Virological characterization of the hepatitis C virus JFH-1 strain in lymphocytic cell lines.,No PMCID coverage available.,publisher_pdf_or_user_download,No PMCID found via NCBI idconv; PDF fallback will be needed.
pmid-18520607,18520607,,10.1097/FTD.0b013e3181678ecb,High-speed simultaneous determination of nine antiepileptic drugs using liquid chromatography-mass spectrometry.,No PMCID coverage available.,publisher_pdf_or_user_download,No PMCID found via NCBI idconv; PDF fallback will be needed.
pmid-18519884,18519884,,10.1097/PSY.0b013e318177354f,Coping as a multisystem construct associated with pathways mediating HIV-relevant immune function and disease progression.,No PMCID coverage available.,publisher_pdf_or_user_download,No PMCID found via NCBI idconv; PDF fallback will be needed.
pmid-18508616,18508616,,10.2741/3110,Modulating HIV-1 RNA processing and utilization.,No PMCID coverage available.,publisher_pdf_or_user_download,No PMCID found via NCBI idconv; PDF fallback will be needed.
pmid-18501119,18501119,,10.1111/j.1745-7254.2008.00789.x,Proteomic analysis of HuH-7 cells harboring in vitro-transcribed full-length hepatitis C virus 1b RNA.,No PMCID coverage available.,publisher_pdf_or_user_download,No PMCID found via NCBI idconv; PDF fallback will be needed.
pmid-18471994,18471994,,10.1016/j.bbrc.2008.04.165,Identification of human hnRNP C1/C2 as a dengue virus NS1-interacting protein.,No PMCID coverage available.,publisher_pdf_or_user_download,No PMCID found via NCBI idconv; PDF fallback will be needed.
pmid-18467742,18467742,,10.1093/jmicro/dfn007,Imaging the interaction between dengue 2 virus and human blood platelets using atomic force and electron microscopy.,No PMCID coverage available.,publisher_pdf_or_user_download,No PMCID found via NCBI idconv; PDF fallback will be needed.
pmid-18462673,18462673,PMC2697820,10.1016/j.str.2008.01.020,Crystal structure of NFAT bound to the HIV-1 LTR tandem kappaB enhancer element.,PMC XML unusable for normalization.,publisher_pdf_or_user_download,PMC XML body element is missing. Unusable PMC XML deleted from run artifacts.
pmid-18444802,18444802,,10.1086/587699,Differences in global gene expression in peripheral blood mononuclear cells indicate a significant role of the innate responses in progression of dengue fever but not dengue hemorrhagic fever.,No PMCID coverage available.,publisher_pdf_or_user_download,No PMCID found via NCBI idconv; PDF fallback will be needed.
pmid-18442978,18442978,PMC2459299,10.1074/jbc.M801490200,A locking mechanism regulates RNA synthesis and host protein interaction by the hepatitis C virus polymerase.,PMC XML unusable for normalization.,publisher_pdf_or_user_download,PMC XML body element is missing. Unusable PMC XML deleted from run artifacts.
pmid-18424434,18424434,,10.1074/jbc.M710042200,Antitopes define preferential proteasomal cleavage site usage.,No PMCID coverage available.,publisher_pdf_or_user_download,No PMCID found via NCBI idconv; PDF fallback will be needed.
pmid-18397234,18397234,,10.1111/j.1478-3231.2008.01725.x,Association of interferon regulatory factor-7 gene polymorphism with liver cirrhosis in chronic hepatitis C patients.,No PMCID coverage available.,publisher_pdf_or_user_download,No PMCID found via NCBI idconv; PDF fallback will be needed.
pmid-18394341,18394341,,,[Mass spectrometric analysis of peripheral blood mononuclear cells in HCV infected patients].,No PMCID coverage available.,publisher_pdf_or_user_download,No PMCID found via NCBI idconv; PDF fallback will be needed.
pmid-18385767,18385767,,10.1038/gt.2008.50,Tissue-specific restriction of cyclophilin A-independent HIV-1- and SIV-derived lentiviral vectors.,No PMCID coverage available.,publisher_pdf_or_user_download,No PMCID found via NCBI idconv; PDF fallback will be needed.
pmid-18370256,18370256,,10.1007/978-1-59745-102-4_13,Biochemical analyses of the interactions between viral polymerases and RNAs.,No PMCID coverage available.,publisher_pdf_or_user_download,No PMCID found via NCBI idconv; PDF fallback will be needed.
pmid-18357767,18357767,,10.1007/978-3-540-75546-3_5,Coxsackievirus B RNA replication: lessons from poliovirus.,No PMCID coverage available.,publisher_pdf_or_user_download,No PMCID found via NCBI idconv; PDF fallback will be needed.
pmid-18350626,18350626,PMC2700423,10.3748/wjg.14.1878,Factors influencing a low rate of hepatitis C viral RNA clearance in heroin users from Southern China.,PMC XML unusable for normalization.,publisher_pdf_or_user_download,PMC XML body element is missing. Unusable PMC XML deleted from run artifacts.
pmid-18342597,18342597,PMC2474773,10.1016/j.chom.2008.03.001,The interferon-induced protein BST-2 restricts HIV-1 release and is downregulated from the cell surface by the viral Vpu protein.,PMC XML unusable for normalization.,publisher_pdf_or_user_download,PMC XML body element is missing. Unusable PMC XML deleted from run artifacts.
pmid-18337570,18337570,PMC2346731,10.1128/JVI.02286-07,CD81 and claudin 1 coreceptor association: role in hepatitis C virus entry.,PMC XML unusable for normalization.,publisher_pdf_or_user_download,PMC XML body element is missing. Unusable PMC XML deleted from run artifacts.
pmid-18329616,18329616,PMC2330329,10.1016/j.chom.2008.02.001,Ebola virus matrix protein VP40 uses the COPII transport system for its intracellular transport.,PMC XML unusable for normalization.,publisher_pdf_or_user_download,PMC XML body element is missing. Unusable PMC XML deleted from run artifacts.
pmid-18321973,18321973,PMC2346726,10.1128/JVI.02745-07,Virion-wide protein interactions of Kaposi's sarcoma-associated herpesvirus.,PMC XML unusable for normalization.,publisher_pdf_or_user_download,PMC XML body element is missing. Unusable PMC XML deleted from run artifacts.
pmid-18315584,18315584,,10.1111/j.1365-2036.2008.03672.x,Review article: nonalcoholic fatty liver disease and hepatitis C virus--partners in crime.,No PMCID coverage available.,publisher_pdf_or_user_download,No PMCID found via NCBI idconv; PDF fallback will be needed.
pmid-18287796,18287796,,10.1159/000112966,Hepatic steatosis in Iranian patients with chronic hepatitis C.,No PMCID coverage available.,publisher_pdf_or_user_download,No PMCID found via NCBI idconv; PDF fallback will be needed.
pmid-18287035,18287035,PMC2265179,10.1073/pnas.0709003105,Independent evolution of an antiviral TRIMCyp in rhesus macaques.,PMC XML unusable for normalization.,publisher_pdf_or_user_download,PMC XML body element is missing. Unusable PMC XML deleted from run artifacts.
pmid-18272751,18272751,,10.1099/vir.0.83426-0,New insights into internal ribosome entry site elements relevant for viral gene expression.,No PMCID coverage available.,publisher_pdf_or_user_download,No PMCID found via NCBI idconv; PDF fallback will be needed.
pmid-18258926,18258926,PMC2259467,10.2353/jmoldx.2008.070130,Toward universal flavivirus identification by mass cataloging.,PMC XML unusable for normalization.,publisher_pdf_or_user_download,PMC XML body element is missing. Unusable PMC XML deleted from run artifacts.
pmid-18216094,18216094,PMC2268490,10.1128/JVI.02478-07,Scavenger receptor class B is required for hepatitis C virus uptake and cross-presentation by human dendritic cells.,PMC XML unusable for normalization.,publisher_pdf_or_user_download,PMC XML body element is missing. Unusable PMC XML deleted from run artifacts.
pmid-18207079,18207079,PMC2758040,10.1016/j.ibmb.2007.10.007,"Identity and transfer of male reproductive gland proteins of the dengue vector mosquito, Aedes aegypti: potential tools for control of female feeding and reproduction.",PMC XML unusable for normalization.,publisher_pdf_or_user_download,PMC XML body element is missing. Unusable PMC XML deleted from run artifacts.
pmid-18199640,18199640,PMC2259006,10.1128/JVI.01319-07,Kaposi's sarcoma-associated herpesvirus ori-Lyt-dependent DNA replication: involvement of host cellular factors.,PMC XML unusable for normalization.,publisher_pdf_or_user_download,PMC XML body element is missing. Unusable PMC XML deleted from run artifacts.
pmid-18187620,18187620,,10.1126/science.1152725,Identification of host proteins required for HIV infection through a functional genomic screen.,No PMCID coverage available.,publisher_pdf_or_user_download,No PMCID found via NCBI idconv; PDF fallback will be needed.
pmid-18184716,18184716,PMC2258979,10.1128/JVI.01856-07,Kaposi's sarcoma-associated herpesvirus ORF57 functions as a viral splicing factor and promotes expression of intron-containing viral lytic genes in spliceosome-mediated RNA splicing.,PMC XML unusable for normalization.,publisher_pdf_or_user_download,PMC XML body element is missing. Unusable PMC XML deleted from run artifacts.
pmid-18172216,18172216,PMC2224204,10.1073/pnas.0704831105,SOCS1 is an inducible host factor during HIV-1 infection and regulates the intracellular trafficking and stability of HIV-1 Gag.,PMC XML unusable for normalization.,publisher_pdf_or_user_download,PMC XML body element is missing. Unusable PMC XML deleted from run artifacts.
pmid-18165230,18165230,,10.1074/jbc.M708567200,Nuclear Exclusion of the HIV-1 host defense factor APOBEC3G requires a novel cytoplasmic retention signal and is not dependent on RNA binding.,No PMCID coverage available.,publisher_pdf_or_user_download,No PMCID found via NCBI idconv; PDF fallback will be needed.
pmid-18039131,18039131,,10.1146/annurev.pathmechdis.3.121806.151534,Molecular biology and pathogenesis of viral myocarditis.,No PMCID coverage available.,publisher_pdf_or_user_download,No PMCID found via NCBI idconv; PDF fallback will be needed.
pmid-18006034,18006034,,10.1016/j.virol.2007.10.012,"TULA proteins bind to ABCE-1, a host factor of HIV-1 assembly, and inhibit HIV-1 biogenesis in a UBA-dependent fashion.",No PMCID coverage available.,publisher_pdf_or_user_download,No PMCID found via NCBI idconv; PDF fallback will be needed.
pmid-17888900,17888900,,10.1016/j.envres.2007.08.002,Tissue uptake of mercury is changed during the course of a common viral infection in mice.,No PMCID coverage available.,publisher_pdf_or_user_download,No PMCID found via NCBI idconv; PDF fallback will be needed.
pmid-21136693,21136693,,10.1002/prca.200600798,Anticancer effects of aloe-emodin on HepG2 cells: Cellular and proteomic studies.,No PMCID coverage available.,publisher_pdf_or_user_download,No PMCID found via NCBI idconv; PDF fallback will be needed.
pmid-21136672,21136672,,10.1002/prca.200600522,Proteomics analysis of cellular components in lentiviral vector production using Gel-LC-MS/MS.,No PMCID coverage available.,publisher_pdf_or_user_download,No PMCID found via NCBI idconv; PDF fallback will be needed.
pmid-19372918,19372918,,10.1097/COH.0b013e3282ced163,Virus-host interactions in paediatric HIV-1 infection.,No PMCID coverage available.,publisher_pdf_or_user_download,No PMCID found via NCBI idconv; PDF fallback will be needed.
pmid-18257225,18257225,,,[Expression and study of the functional proteins of hepatitis C virus in CHO cell line].,No PMCID coverage available.,publisher_pdf_or_user_download,No PMCID found via NCBI idconv; PDF fallback will be needed.
pmid-18036100,18036100,,10.1111/j.1478-3231.2007.01600.x,Evolution of hepatitis C virus infection under host factor influence in an ethnically complex population.,No PMCID coverage available.,publisher_pdf_or_user_download,No PMCID found via NCBI idconv; PDF fallback will be needed.
pmid-18000990,18000990,,10.1002/hep.21994,Scavenger receptor class B type I is a key host factor for hepatitis C virus infection required for an entry step closely linked to CD81.,No PMCID coverage available.,publisher_pdf_or_user_download,No PMCID found via NCBI idconv; PDF fallback will be needed.
pmid-17985990,17985990,,10.1089/cmb.2007.0073,Estimating the relative contribution of dNTP pool imbalance and APOBEC3G/3F editing to HIV evolution in vivo.,No PMCID coverage available.,publisher_pdf_or_user_download,No PMCID found via NCBI idconv; PDF fallback will be needed.
pmid-17982940,17982940,,,"Intracellular destinies: degradation, targeting, assembly, and endocytosis of HIV Gag.",No PMCID coverage available.,publisher_pdf_or_user_download,No PMCID found via NCBI idconv; PDF fallback will be needed.
pmid-17979228,17979228,,10.1021/pr070366b,Proteomic analysis of host responses in HepG2 cells during dengue virus infection.,No PMCID coverage available.,publisher_pdf_or_user_download,No PMCID found via NCBI idconv; PDF fallback will be needed.
pmid-17958646,17958646,,10.1111/j.1365-2893.2007.00919.x,"The scavenger receptor BI and its ligand, HDL: partners in crime against HCV neutralizing antibodies.",No PMCID coverage available.,publisher_pdf_or_user_download,No PMCID found via NCBI idconv; PDF fallback will be needed.
pmid-17952079,17952079,,10.1038/ni1521,CCL3L1 and CCR5 influence cell-mediated immunity and affect HIV-AIDS pathogenesis via viral entry-independent mechanisms.,No PMCID coverage available.,publisher_pdf_or_user_download,No PMCID found via NCBI idconv; PDF fallback will be needed.
pmid-17940963,17940963,,10.1086/520595,Mapping of a region of Ebola virus VP40 that is important in the production of virus-like particles.,No PMCID coverage available.,publisher_pdf_or_user_download,No PMCID found via NCBI idconv; PDF fallback will be needed.
pmid-17936232,17936232,,10.1016/s1590-8658(07)80018-1,Pegylated interferon therapy in chronic hepatitis C: lights and shadows of an innovative treatment.,No PMCID coverage available.,publisher_pdf_or_user_download,No PMCID found via NCBI idconv; PDF fallback will be needed.
pmid-17919490,17919490,,10.1053/j.gastro.2007.07.007,Ultra-rapid cardiotoxicity of the hepatitis C virus protease inhibitor BILN 2061 in the urokinase-type plasminogen activator mouse.,No PMCID coverage available.,publisher_pdf_or_user_download,No PMCID found via NCBI idconv; PDF fallback will be needed.
pmid-17901050,17901050,,10.1074/jbc.M705221200,TBC1D20 is a Rab1 GTPase-activating protein that mediates hepatitis C virus replication.,No PMCID coverage available.,publisher_pdf_or_user_download,No PMCID found via NCBI idconv; PDF fallback will be needed.
pmid-17895834,17895834,,10.1097/mpa.0b013e3180986e84,Coxsackievirus B3 infection affects metal-binding/transporting proteins and trace elements in the pancreas in mice.,No PMCID coverage available.,publisher_pdf_or_user_download,No PMCID found via NCBI idconv; PDF fallback will be needed.
pmid-17881511,17881511,,10.1189/jlb.0507268,HCV core protein interaction with gC1q receptor inhibits Th1 differentiation of CD4+ T cells via suppression of dendritic cell IL-12 production.,No PMCID coverage available.,publisher_pdf_or_user_download,No PMCID found via NCBI idconv; PDF fallback will be needed.
pmid-17825259,17825259,,10.1016/j.bbrc.2007.08.137,Secreted complement regulatory protein clusterin interacts with dengue virus nonstructural protein 1.,No PMCID coverage available.,publisher_pdf_or_user_download,No PMCID found via NCBI idconv; PDF fallback will be needed.
pmid-17724797,17724797,PMC4611574,10.3748/wjg.v13.i33.4431,New therapeutic opportunities for hepatitis C based on small RNA.,PMC XML unusable for normalization.,publisher_pdf_or_user_download,PMC XML body element is missing. Unusable PMC XML deleted from run artifacts.
pmid-17715216,17715216,PMC2168785,10.1128/JVI.00620-07,Analysis of human cell heterokaryons demonstrates that target cell restriction of cyclosporine-resistant human immunodeficiency virus type 1 mutants is genetically dominant.,PMC XML unusable for normalization.,publisher_pdf_or_user_download,PMC XML body element is missing. Unusable PMC XML deleted from run artifacts.
pmid-17705192,17705192,,10.1002/jmv.20958,Dengue neurovirulence in mice: identification of molecular signatures in the E and NS3 helicase domains.,No PMCID coverage available.,publisher_pdf_or_user_download,No PMCID found via NCBI idconv; PDF fallback will be needed.
pmid-17702639,17702639,PMC2757293,10.1016/j.cytogfr.2007.06.006,Innate immune evasion by hepatitis C virus and West Nile virus.,PMC XML unusable for normalization.,publisher_pdf_or_user_download,PMC XML body element is missing. Unusable PMC XML deleted from run artifacts.
pmid-17696407,17696407,,10.1021/bi700357s,The K15 protein of Kaposi's sarcoma-associated herpesvirus recruits the endocytic regulator intersectin 2 through a selective SH3 domain interaction.,No PMCID coverage available.,publisher_pdf_or_user_download,No PMCID found via NCBI idconv; PDF fallback will be needed.
pmid-17662476,17662476,,10.1016/j.antiviral.2007.06.011,The human fatty acid synthase: a new therapeutic target for coxsackievirus B3-induced diseases?,No PMCID coverage available.,publisher_pdf_or_user_download,No PMCID found via NCBI idconv; PDF fallback will be needed.
pmid-17654742,17654742,,10.1002/hep.21751,Proteomic profiling of human liver biopsies: hepatitis C virus-induced fibrosis and mitochondrial dysfunction.,No PMCID coverage available.,publisher_pdf_or_user_download,No PMCID found via NCBI idconv; PDF fallback will be needed.
pmid-17643463,17643463,,10.1016/j.virol.2007.06.028,The RING finger ubiquitin ligase RNF125/TRAC-1 down-modulates HIV-1 replication in primary human peripheral blood mononuclear cells.,No PMCID coverage available.,publisher_pdf_or_user_download,No PMCID found via NCBI idconv; PDF fallback will be needed.
pmid-17642525,17642525,,,Transcriptomic comparison of human hepatoma Huh-7 cell clones with different hepatitis C virus replication efficiencies.,No PMCID coverage available.,publisher_pdf_or_user_download,No PMCID found via NCBI idconv; PDF fallback will be needed.
pmid-17637459,17637459,,10.1016/j.carres.2007.06.021,Structure elucidation and sulfated derivatives preparation of two alpha-D-glucans from Gastrodia elata Bl. and their anti-dengue virus bioactivities.,No PMCID coverage available.,publisher_pdf_or_user_download,No PMCID found via NCBI idconv; PDF fallback will be needed.
pmid-17636864,17636864,,10.1142/s0219720007002849,Mathematical model for suppression of subgenomic hepatitis C virus RNA replication in cell culture.,No PMCID coverage available.,publisher_pdf_or_user_download,No PMCID found via NCBI idconv; PDF fallback will be needed.
pmid-17635075,17635075,,10.1515/CCLM.2007.262,New perspectives and strategy research biomarkers for hepatocellular carcinoma.,No PMCID coverage available.,publisher_pdf_or_user_download,No PMCID found via NCBI idconv; PDF fallback will be needed.
pmid-17619884,17619884,,10.1007/s00345-007-0192-5,Urinary biomarkers of IgA nephropathy and other IgA-associated renal diseases.,No PMCID coverage available.,publisher_pdf_or_user_download,No PMCID found via NCBI idconv; PDF fallback will be needed.
pmid-17611312,17611312,,,[Mechanism of hepatocyte transformation by HCV NS3 using two-dimensional electrophoresis and mass spectrometry].,No PMCID coverage available.,publisher_pdf_or_user_download,No PMCID found via NCBI idconv; PDF fallback will be needed.
pmid-17598142,17598142,PMC3366188,10.1002/prot.21471,Mass spectrometry analysis of HIV-1 Vif reveals an increase in ordered structure upon oligomerization in regions necessary for viral infectivity.,PMC XML unusable for normalization.,publisher_pdf_or_user_download,PMC XML body element is missing. Unusable PMC XML deleted from run artifacts.
pmid-17569707,17569707,,10.1093/jb/mvm102,Functional interaction of hepatitis C Virus NS5B with Nucleolin GAR domain.,No PMCID coverage available.,publisher_pdf_or_user_download,No PMCID found via NCBI idconv; PDF fallback will be needed.
pmid-17560945,17560945,,10.1016/j.bbrc.2007.05.173,Identification of the suppressive factors for human immunodeficiency virus type-1 replication using the siRNA mini-library directed against host cellular genes.,No PMCID coverage available.,publisher_pdf_or_user_download,No PMCID found via NCBI idconv; PDF fallback will be needed.
pmid-17559964,17559964,,10.1016/j.jhep.2007.04.008,The GNB3 C825T polymorphism affects response to HCV therapy with pegylated interferon in HCV/HIV co-infected but not in HCV mono-infected patients.,No PMCID coverage available.,publisher_pdf_or_user_download,No PMCID found via NCBI idconv; PDF fallback will be needed.
pmid-17518369,17518369,,10.1002/hep.21608,Identification of host genes involved in hepatitis C virus replication by small interfering RNA technology.,No PMCID coverage available.,publisher_pdf_or_user_download,No PMCID found via NCBI idconv; PDF fallback will be needed.
pmid-17494070,17494070,PMC1933372,10.1128/JVI.00288-07,Quantitative analysis of human immunodeficiency virus type 1-infected CD4+ cell proteome: dysregulated cell cycle progression and nuclear transport coincide with robust virus production.,PMC XML unusable for normalization.,publisher_pdf_or_user_download,PMC XML body element is missing. Unusable PMC XML deleted from run artifacts.
pmid-17470915,17470915,PMC7167958,10.1196/annals.1408.008,Rapid identification of emerging infectious agents using PCR and electrospray ionization mass spectrometry.,PMC XML unusable for normalization.,publisher_pdf_or_user_download,PMC XML body element is missing. Unusable PMC XML deleted from run artifacts.
pmid-17449464,17449464,,10.1074/jbc.M701973200,High resolution footprinting of the hepatitis C virus polymerase NS5B in complex with RNA.,No PMCID coverage available.,publisher_pdf_or_user_download,No PMCID found via NCBI idconv; PDF fallback will be needed.
pmid-17434559,17434559,PMC4067005,10.1016/j.virol.2007.03.010,Protein complexes associated with the Kaposi's sarcoma-associated herpesvirus-encoded LANA.,PMC XML unusable for normalization.,publisher_pdf_or_user_download,PMC XML body element is missing. Unusable PMC XML deleted from run artifacts.
pmid-17428871,17428871,PMC1933301,10.1128/JVI.00272-07,Human immunodeficiency virus type 1 cDNAs produced in the presence of APOBEC3G exhibit defects in plus-strand DNA transfer and integration.,PMC XML unusable for normalization.,publisher_pdf_or_user_download,PMC XML body element is missing. Unusable PMC XML deleted from run artifacts.
pmid-17427231,17427231,,10.1002/prot.21415,Computational proteomics analysis of HIV-1 protease interactome.,No PMCID coverage available.,publisher_pdf_or_user_download,No PMCID found via NCBI idconv; PDF fallback will be needed.
pmid-17410445,17410445,,10.1007/s10620-006-9726-8,Hepatitis C hypervariable region 1: association of reduced selection pressure in african americans with treatment failure.,No PMCID coverage available.,publisher_pdf_or_user_download,No PMCID found via NCBI idconv; PDF fallback will be needed.
pmid-17409159,17409159,PMC1900108,10.1128/JVI.02648-06,The transcriptional repressor K-RBP modulates RTA-mediated transactivation and lytic replication of Kaposi's sarcoma-associated herpesvirus.,PMC XML unusable for normalization.,publisher_pdf_or_user_download,PMC XML body element is missing. Unusable PMC XML deleted from run artifacts.
pmid-17400754,17400754,PMC1851072,10.1073/pnas.0609174104,Structural basis for PRYSPRY-mediated tripartite motif (TRIM) protein function.,PMC XML unusable for normalization.,publisher_pdf_or_user_download,PMC XML body element is missing. Unusable PMC XML deleted from run artifacts.
pmid-17360488,17360488,PMC1820720,10.1073/pnas.0610167104,HIV-1 Vpr function is mediated by interaction with the damage-specific DNA-binding protein DDB1.,PMC XML unusable for normalization.,publisher_pdf_or_user_download,PMC XML body element is missing. Unusable PMC XML deleted from run artifacts.
pmid-17350067,17350067,PMC2743720,10.1016/j.virol.2007.02.002,A TRIM5alpha-independent post-entry restriction to HIV-1 infection of macaque cells that is dependent on the path of entry.,PMC XML unusable for normalization.,publisher_pdf_or_user_download,PMC XML body element is missing. Unusable PMC XML deleted from run artifacts.
pmid-17349711,17349711,PMC1950453,10.1016/j.virusres.2007.01.019,Human immunodeficiency virus (HIV-1) Vpr induced downregulation of NHE1 induces alteration in intracellular pH and loss of ERM complex in target cells.,PMC XML unusable for normalization.,publisher_pdf_or_user_download,PMC XML body element is missing. Unusable PMC XML deleted from run artifacts.
pmid-17346312,17346312,,10.1111/j.1462-5822.2007.00904.x,Specific interaction of HeLa cell proteins with coxsackievirus B3 3'UTR: La autoantigen binds the 3' and 5'UTR independently of the poly(A) tail.,No PMCID coverage available.,publisher_pdf_or_user_download,No PMCID found via NCBI idconv; PDF fallback will be needed.
pmid-17344295,17344295,PMC1900209,10.1128/JVI.02237-06,APOBEC3G multimers are recruited to the plasma membrane for packaging into human immunodeficiency virus type 1 virus-like particles in an RNA-dependent process requiring the NC basic linker.,PMC XML unusable for normalization.,publisher_pdf_or_user_download,PMC XML body element is missing. Unusable PMC XML deleted from run artifacts.
pmid-17329343,17329343,PMC1900197,10.1128/JVI.01573-06,CD81 expression is important for the permissiveness of Huh7 cell clones for heterogeneous hepatitis C virus infection.,PMC XML unusable for normalization.,publisher_pdf_or_user_download,PMC XML body element is missing. Unusable PMC XML deleted from run artifacts.
pmid-17324355,17324355,,10.1007/s11908-007-0013-4,The retroviral restriction factor TRIM5alpha.,No PMCID coverage available.,publisher_pdf_or_user_download,No PMCID found via NCBI idconv; PDF fallback will be needed.
pmid-17320137,17320137,PMC1993545,10.1016/j.virol.2007.01.013,Investigating the human immunodeficiency virus type 1-infected monocyte-derived macrophage secretome.,PMC XML unusable for normalization.,publisher_pdf_or_user_download,PMC XML body element is missing. Unusable PMC XML deleted from run artifacts.
pmid-17317523,17317523,,10.1016/j.jtemb.2006.11.003,Sequential trace element changes in serum and blood during a common viral infection in mice.,No PMCID coverage available.,publisher_pdf_or_user_download,No PMCID found via NCBI idconv; PDF fallback will be needed.
pmid-17314519,17314519,,10.1097/QAD.0b013e32801424a5,"Inhibiting lentiviral replication by HEXIM1, a cellular negative regulator of the CDK9/cyclin T complex.",No PMCID coverage available.,publisher_pdf_or_user_download,No PMCID found via NCBI idconv; PDF fallback will be needed.
pmid-17257639,17257639,,10.1016/j.virol.2006.11.036,Identification of novel therapeutic targets for HIV infection through functional genomic cDNA screening.,No PMCID coverage available.,publisher_pdf_or_user_download,No PMCID found via NCBI idconv; PDF fallback will be needed.
pmid-17251552,17251552,,10.1099/vir.0.82537-0,"Dengue virus (DENV) antibody-dependent enhancement of infection upregulates the production of anti-inflammatory cytokines, but suppresses anti-DENV free radical and pro-inflammatory cytokine production, in THP-1 cells.",No PMCID coverage available.,publisher_pdf_or_user_download,No PMCID found via NCBI idconv; PDF fallback will be needed.
pmid-17234885,17234885,PMC1770902,10.1101/gad.1505307,Evolutionary constraints on chaperone-mediated folding provide an antiviral approach refractory to development of drug resistance.,PMC XML unusable for normalization.,publisher_pdf_or_user_download,PMC XML body element is missing. Unusable PMC XML deleted from run artifacts.
pmid-17229863,17229863,PMC1829126,10.1128/JCM.02512-06,Monitoring of hepatitis C virus quasispecies in chronic infection by matrix-assisted laser desorption ionization-time of flight mass spectrometry mutation detection.,PMC XML unusable for normalization.,publisher_pdf_or_user_download,PMC XML body element is missing. Unusable PMC XML deleted from run artifacts.
pmid-17229681,17229681,PMC1866118,10.1128/JVI.01311-06,"An RNA-binding protein, hnRNP A1, and a scaffold protein, septin 6, facilitate hepatitis C virus replication.",PMC XML unusable for normalization.,publisher_pdf_or_user_download,PMC XML body element is missing. Unusable PMC XML deleted from run artifacts.
pmid-17223968,17223968,PMC1810469,10.1111/j.1365-2249.2006.03280.x,Expression of biomarkers of interferon type I in patients suffering from chronic diseases.,PMC XML unusable for normalization.,publisher_pdf_or_user_download,PMC XML body element is missing. Unusable PMC XML deleted from run artifacts.
pmid-17192310,17192310,PMC1866014,10.1128/JVI.01279-06,Conserved determinants for membrane association of nonstructural protein 5A from hepatitis C virus and related viruses.,PMC XML unusable for normalization.,publisher_pdf_or_user_download,PMC XML body element is missing. Unusable PMC XML deleted from run artifacts.
pmid-17162498,17162498,,10.1080/15287390600748880,Determinants of the variability of aflatoxin-albumin adduct levels in Ghanaians.,No PMCID coverage available.,publisher_pdf_or_user_download,No PMCID found via NCBI idconv; PDF fallback will be needed.
pmid-17110377,17110377,,10.1074/jbc.M610138200,"Distinct patterns of cytokine regulation of APOBEC3G expression and activity in primary lymphocytes, macrophages, and dendritic cells.",No PMCID coverage available.,publisher_pdf_or_user_download,No PMCID found via NCBI idconv; PDF fallback will be needed.
pmid-17108031,17108031,PMC1797542,10.1128/JVI.01684-06,E6AP ubiquitin ligase mediates ubiquitylation and degradation of hepatitis C virus core protein.,PMC XML unusable for normalization.,publisher_pdf_or_user_download,PMC XML body element is missing. Unusable PMC XML deleted from run artifacts.
pmid-17089799,17089799,,10.1007/978-3-540-34344-8_8,Endothelial cell- and lymphocyte-based in vitro systems for understanding KSHV biology.,No PMCID coverage available.,publisher_pdf_or_user_download,No PMCID found via NCBI idconv; PDF fallback will be needed.
pmid-17089794,17089794,,10.1007/978-3-540-34344-8_3,The Rta/Orf50 transactivator proteins of the gamma-herpesviridae.,No PMCID coverage available.,publisher_pdf_or_user_download,No PMCID found via NCBI idconv; PDF fallback will be needed.
pmid-17055026,17055026,PMC1905837,10.1016/j.virol.2006.09.032,Essential role of RBP-Jkappa in activation of the K8 delayed-early promoter of Kaposi's sarcoma-associated herpesvirus by ORF50/RTA.,PMC XML unusable for normalization.,publisher_pdf_or_user_download,PMC XML body element is missing. Unusable PMC XML deleted from run artifacts.
pmid-18040780,18040780,,10.1007/s11481-006-9011-9,Mechanisms of neuroimmunity and neurodegeneration associated with HIV-1 infection and AIDS.,No PMCID coverage available.,publisher_pdf_or_user_download,No PMCID found via NCBI idconv; PDF fallback will be needed.
pmid-17547068,17547068,,,Inhibitory potential of Quercus lusitanica extract on dengue virus type 2 replication.,No PMCID coverage available.,publisher_pdf_or_user_download,No PMCID found via NCBI idconv; PDF fallback will be needed.
pmid-17302370,17302370,,,Exploiting information inherent in binding sites of virus-specific antibodies: design of an HCV vaccine candidate cross-reactive with multiple genotypes.,No PMCID coverage available.,publisher_pdf_or_user_download,No PMCID found via NCBI idconv; PDF fallback will be needed.
pmid-17073615,17073615,,10.2174/157016206778560063,Interaction between HIV-1 and APOBEC3 sub-family of proteins.,No PMCID coverage available.,publisher_pdf_or_user_download,No PMCID found via NCBI idconv; PDF fallback will be needed.
pmid-16996479,16996479,,10.1016/j.bbrc.2006.09.027,Subproteomic study of hepatitis C virus replicon reveals Ras-GTPase-activating protein binding protein 1 as potential HCV RC component.,No PMCID coverage available.,publisher_pdf_or_user_download,No PMCID found via NCBI idconv; PDF fallback will be needed.
pmid-16968670,16968670,,10.1016/j.micinf.2006.08.003,"HIV-1 Vpr induces G2 cell cycle arrest in fission yeast associated with Rad24/14-3-3-dependent, Chk1/Cds1-independent Wee1 upregulation.",No PMCID coverage available.,publisher_pdf_or_user_download,No PMCID found via NCBI idconv; PDF fallback will be needed.
pmid-16943187,16943187,,10.1074/mcp.M600121-MCP200,Modification of host lipid raft proteome upon hepatitis C virus replication.,No PMCID coverage available.,publisher_pdf_or_user_download,No PMCID found via NCBI idconv; PDF fallback will be needed.
pmid-16940516,16940516,PMC1563931,10.1128/JVI.01013-06,Proteomic and biochemical analysis of purified human immunodeficiency virus type 1 produced from infected monocyte-derived macrophages.,PMC XML unusable for normalization.,publisher_pdf_or_user_download,PMC XML body element is missing. Unusable PMC XML deleted from run artifacts.
pmid-16940514,16940514,PMC1563930,10.1128/JVI.00297-06,Proteomic analysis of the Kaposi's sarcoma-associated herpesvirus terminal repeat element binding proteins.,PMC XML unusable for normalization.,publisher_pdf_or_user_download,PMC XML body element is missing. Unusable PMC XML deleted from run artifacts.
pmid-16940503,16940503,PMC1563901,10.1128/JVI.00502-06,Kaposi's sarcoma-associated herpesvirus latency-associated nuclear antigen interacts with bromodomain protein Brd4 on host mitotic chromosomes.,PMC XML unusable for normalization.,publisher_pdf_or_user_download,PMC XML body element is missing. Unusable PMC XML deleted from run artifacts.
pmid-16940091,16940091,PMC1563518,10.1128/AAC.00310-06,"NIM811, a cyclophilin inhibitor, exhibits potent in vitro activity against hepatitis C virus alone or in combination with alpha interferon.",PMC XML unusable for normalization.,publisher_pdf_or_user_download,PMC XML body element is missing. Unusable PMC XML deleted from run artifacts.
pmid-16894202,16894202,,10.1099/vir.0.81819-0,Proteome alterations in human host cells infected with coxsackievirus B3.,No PMCID coverage available.,publisher_pdf_or_user_download,No PMCID found via NCBI idconv; PDF fallback will be needed.
pmid-16890533,16890533,,10.1016/j.cub.2006.06.055,Murine retrovirus escapes from murine APOBEC3 via two distinct novel mechanisms.,No PMCID coverage available.,publisher_pdf_or_user_download,No PMCID found via NCBI idconv; PDF fallback will be needed.
pmid-16890148,16890148,,10.1016/j.trsl.2006.03.004,Analysis of prognostic factors in therapeutic responses to interferon in patients with chronic hepatitis C.,No PMCID coverage available.,publisher_pdf_or_user_download,No PMCID found via NCBI idconv; PDF fallback will be needed.
pmid-16871559,16871559,,10.1002/hep.21318,HepatoProteomics: applying proteomic technologies to the study of liver function and disease.,No PMCID coverage available.,publisher_pdf_or_user_download,No PMCID found via NCBI idconv; PDF fallback will be needed.
pmid-16842083,16842083,,10.2174/157016206777709384,Mechanisms of neuronal injury and death in HIV-1 associated dementia.,No PMCID coverage available.,publisher_pdf_or_user_download,No PMCID found via NCBI idconv; PDF fallback will be needed.
pmid-16822726,16822726,,10.1016/j.jchromb.2006.05.040,Sensitive HPLC-APCI-MS method for the determination of cyclovirobuxine D in human plasma.,No PMCID coverage available.,publisher_pdf_or_user_download,No PMCID found via NCBI idconv; PDF fallback will be needed.
pmid-16785052,16785052,,10.1016/j.jtemb.2005.12.002,Arsenic is decreased in target organs during viral infection in mice.,No PMCID coverage available.,publisher_pdf_or_user_download,No PMCID found via NCBI idconv; PDF fallback will be needed.
pmid-16784224,16784224,,10.1021/bi060438x,Conformational features of the full-length HIV and SIV Nef proteins determined by mass spectrometry.,No PMCID coverage available.,publisher_pdf_or_user_download,No PMCID found via NCBI idconv; PDF fallback will be needed.
pmid-16766523,16766523,PMC1880881,10.1074/jbc.M605418200,Translation initiation factor eIF4G-1 binds to eIF3 through the eIF3e subunit.,PMC XML unusable for normalization.,publisher_pdf_or_user_download,PMC XML body element is missing. Unusable PMC XML deleted from run artifacts.
pmid-16762639,16762639,,10.1053/j.gastro.2006.02.059,Serum proteome to predict virologic response in patients with hepatitis C treated by pegylated interferon plus ribavirin.,No PMCID coverage available.,publisher_pdf_or_user_download,No PMCID found via NCBI idconv; PDF fallback will be needed.
pmid-16751600,16751600,,10.1093/jb/mvj104,Proteomic profiling of lipid droplet proteins in hepatoma cell lines expressing hepatitis C virus core protein.,No PMCID coverage available.,publisher_pdf_or_user_download,No PMCID found via NCBI idconv; PDF fallback will be needed.
pmid-16731940,16731940,PMC1472571,10.1128/JVI.00053-06,Palmitoylation and polymerization of hepatitis C virus NS4B protein.,PMC XML unusable for normalization.,publisher_pdf_or_user_download,PMC XML body element is missing. Unusable PMC XML deleted from run artifacts.
pmid-16683188,16683188,,10.1007/s11010-005-9082-6,The zinc containing pro-apoptotic protein siva interacts with the peroxisomal membrane protein pmp22.,No PMCID coverage available.,publisher_pdf_or_user_download,No PMCID found via NCBI idconv; PDF fallback will be needed.
pmid-16650449,16650449,,10.1016/j.virol.2006.03.023,Requirements for capsid-binding and an effector function in TRIMCyp-mediated restriction of HIV-1.,No PMCID coverage available.,publisher_pdf_or_user_download,No PMCID found via NCBI idconv; PDF fallback will be needed.
pmid-16641285,16641285,PMC1472091,10.1128/JVI.80.10.4940-4948.2006,Different domains of CD81 mediate distinct stages of hepatitis C virus pseudoparticle entry.,PMC XML unusable for normalization.,publisher_pdf_or_user_download,PMC XML body element is missing. Unusable PMC XML deleted from run artifacts.
pmid-16629595,16629595,PMC2861419,10.1089/dna.2006.25.223,Are viral-encoded microRNAs mediating latent HIV-1 infection?,PMC XML unusable for normalization.,publisher_pdf_or_user_download,PMC XML body element is missing. Unusable PMC XML deleted from run artifacts.
pmid-16629470,16629470,,10.5357/koubyou.73.47,[Identification of the novel host factor that interacts with HIV-1 integrase and analysis of the expression profile of the interactor in vivo].,No PMCID coverage available.,publisher_pdf_or_user_download,No PMCID found via NCBI idconv; PDF fallback will be needed.
pmid-16624363,16624363,,10.1016/j.virol.2006.03.013,Saturation of TRIM5 alpha-mediated restriction of HIV-1 infection depends on the stability of the incoming viral capsid.,No PMCID coverage available.,publisher_pdf_or_user_download,No PMCID found via NCBI idconv; PDF fallback will be needed.
pmid-16616136,16616136,,10.1016/j.envres.2006.02.004,Iron and copper accumulation in the brain of coxsackievirus-infected mice exposed to cadmium.,No PMCID coverage available.,publisher_pdf_or_user_download,No PMCID found via NCBI idconv; PDF fallback will be needed.
pmid-16611896,16611896,PMC1472009,10.1128/JVI.80.9.4372-4379.2006,Hepatitis C virus core protein inhibits tumor necrosis factor alpha-mediated apoptosis by a protective effect involving cellular FLICE inhibitory protein.,PMC XML unusable for normalization.,publisher_pdf_or_user_download,PMC XML body element is missing. Unusable PMC XML deleted from run artifacts.
pmid-16611052,16611052,,10.2174/157016206776055048,Dynamics of virus-host interplay in HIV-1 replication.,No PMCID coverage available.,publisher_pdf_or_user_download,No PMCID found via NCBI idconv; PDF fallback will be needed.
pmid-16557185,16557185,,,Non-alcoholic fatty liver disease and hepatitis C infection.,No PMCID coverage available.,publisher_pdf_or_user_download,No PMCID found via NCBI idconv; PDF fallback will be needed.
pmid-16557184,16557184,,,"Steatosis, insulin resistance and fibrosis progression in chronic hepatitis C.",No PMCID coverage available.,publisher_pdf_or_user_download,No PMCID found via NCBI idconv; PDF fallback will be needed.
pmid-16533043,16533043,,10.1021/bi051483s,"Biochemical and pre-steady-state kinetic characterization of the hepatitis C virus RNA polymerase (NS5BDelta21, HC-J4).",No PMCID coverage available.,publisher_pdf_or_user_download,No PMCID found via NCBI idconv; PDF fallback will be needed.
pmid-16530520,16530520,,10.1053/j.gastro.2005.12.030,The SH3 binding motif of HCV [corrected] NS5A protein interacts with Bin1 and is important for apoptosis and infectivity.,No PMCID coverage available.,publisher_pdf_or_user_download,No PMCID found via NCBI idconv; PDF fallback will be needed.
pmid-16515484,16515484,,10.2174/138161206776055877,Developments in HIV neuropathogenesis.,No PMCID coverage available.,publisher_pdf_or_user_download,No PMCID found via NCBI idconv; PDF fallback will be needed.
pmid-16500930,16500930,,10.1074/mcp.M500429-MCP200,Identification of cellular factors associated with the 3'-nontranslated region of the hepatitis C virus genome.,No PMCID coverage available.,publisher_pdf_or_user_download,No PMCID found via NCBI idconv; PDF fallback will be needed.
pmid-16495264,16495264,PMC1426438,10.1128/AAC.50.3.1013-1020.2006,"SCH 503034, a mechanism-based inhibitor of hepatitis C virus NS3 protease, suppresses polyprotein maturation and enhances the antiviral activity of alpha interferon in replicon cells.",PMC XML unusable for normalization.,publisher_pdf_or_user_download,PMC XML body element is missing. Unusable PMC XML deleted from run artifacts.
pmid-16468024,16468024,,10.1007/s00216-005-0263-7,Development of an on-line automated sample clean-up method and liquid chromatography-tandem mass spectrometry analysis: application in an in vitro proteolytic assay.,No PMCID coverage available.,publisher_pdf_or_user_download,No PMCID found via NCBI idconv; PDF fallback will be needed.
pmid-16415032,16415032,PMC1346966,10.1128/JVI.80.3.1574-1583.2006,Mass spectrometric analyses of purified rhesus monkey rhadinovirus reveal 33 virion-associated proteins.,PMC XML unusable for normalization.,publisher_pdf_or_user_download,PMC XML body element is missing. Unusable PMC XML deleted from run artifacts.
pmid-16407286,16407286,,10.1074/jbc.M512438200,Modulation of the transforming growth factor-beta signal transduction pathway by hepatitis C virus nonstructural 5A protein.,No PMCID coverage available.,publisher_pdf_or_user_download,No PMCID found via NCBI idconv; PDF fallback will be needed.
pmid-16339411,16339411,,10.1126/science.1116804,Herpesviral protein networks and their interaction with the human proteome.,No PMCID coverage available.,publisher_pdf_or_user_download,No PMCID found via NCBI idconv; PDF fallback will be needed.
pmid-16317778,16317778,,10.1002/pmic.200500233,Proteome analysis of human liver carcinoma Huh7 cells harboring hepatitis C virus subgenomic replicon.,No PMCID coverage available.,publisher_pdf_or_user_download,No PMCID found via NCBI idconv; PDF fallback will be needed.
pmid-16306038,16306038,,10.1074/jbc.M512100200,Structural and biological identification of residues on the surface of NS3 helicase required for optimal replication of the hepatitis C virus.,No PMCID coverage available.,publisher_pdf_or_user_download,No PMCID found via NCBI idconv; PDF fallback will be needed.
pmid-16303161,16303161,,10.1016/j.virol.2005.10.028,Ubiquitination of APOBEC3 proteins by the Vif-Cullin5-ElonginB-ElonginC complex.,No PMCID coverage available.,publisher_pdf_or_user_download,No PMCID found via NCBI idconv; PDF fallback will be needed.
pmid-16228287,16228287,,10.1007/s11373-005-9030-1,Enhanced nuclear factor-kappa B-associated Wnt-1 expression in hepatitis B- and C-related hepatocarcinogenesis: identification by functional proteomics.,No PMCID coverage available.,publisher_pdf_or_user_download,No PMCID found via NCBI idconv; PDF fallback will be needed.
pmid-16214197,16214197,,10.1016/j.virol.2005.08.034,Inhibition of dengue virus translation and RNA synthesis by a morpholino oligomer targeted to the top of the terminal 3' stem-loop structure.,No PMCID coverage available.,publisher_pdf_or_user_download,No PMCID found via NCBI idconv; PDF fallback will be needed.
pmid-16450014,16450014,PMC1240033,,Recent developments in the first detection of hepatocellular carcinoma.,PMC XML unusable for normalization.,publisher_pdf_or_user_download,PMC XML body element is missing. Unusable PMC XML deleted from run artifacts.
pmid-16447754,16447754,,,[HIV encephalopathy].,No PMCID coverage available.,publisher_pdf_or_user_download,No PMCID found via NCBI idconv; PDF fallback will be needed.
pmid-16375755,16375755,,10.2174/138955705774933383,Modulation of HIV-1 transcription by cytokines and chemokines.,No PMCID coverage available.,publisher_pdf_or_user_download,No PMCID found via NCBI idconv; PDF fallback will be needed.
pmid-16327074,16327074,,10.1385/BTER:108:1-3:215,Selenium and mercury are redistributed to the brain during viral infection in mice.,No PMCID coverage available.,publisher_pdf_or_user_download,No PMCID found via NCBI idconv; PDF fallback will be needed.
pmid-16306627,16306627,PMC1316013,10.1128/JVI.79.24.15567-15572.2005,"Restriction of human immunodeficiency virus type 1 by TRIM-CypA occurs with rapid kinetics and independently of cytoplasmic bodies, ubiquitin, and proteasome activity.",PMC XML unusable for normalization.,publisher_pdf_or_user_download,PMC XML body element is missing. Unusable PMC XML deleted from run artifacts.
pmid-16279767,16279767,,10.1021/jm050815o,SAR by MS: discovery of a new class of RNA-binding small molecules for the hepatitis C virus: internal ribosome entry site IIA subdomain.,No PMCID coverage available.,publisher_pdf_or_user_download,No PMCID found via NCBI idconv; PDF fallback will be needed.
pmid-16276514,16276514,,10.1002/jemt.20227,HCV-hepatocellular carcinoma: new findings and hope for effective treatment.,No PMCID coverage available.,publisher_pdf_or_user_download,No PMCID found via NCBI idconv; PDF fallback will be needed.
pmid-16260736,16260736,PMC1297672,10.1073/pnas.0506924102,Structural basis for the recognition between HIV-1 integrase and transcriptional coactivator p75.,PMC XML unusable for normalization.,publisher_pdf_or_user_download,PMC XML body element is missing. Unusable PMC XML deleted from run artifacts.
pmid-16227268,16227268,PMC1262604,10.1128/JVI.79.21.13473-13482.2005,Human VAP-B is involved in hepatitis C virus replication through interaction with NS5A and NS5B.,PMC XML unusable for normalization.,publisher_pdf_or_user_download,PMC XML body element is missing. Unusable PMC XML deleted from run artifacts.
pmid-16188890,16188890,,10.1074/jbc.M506407200,Binding site characterization and resistance to a class of non-nucleoside inhibitors of the hepatitis C virus NS5B polymerase.,No PMCID coverage available.,publisher_pdf_or_user_download,No PMCID found via NCBI idconv; PDF fallback will be needed.
pmid-16173723,16173723,PMC2873035,10.1021/ja053444+,Inhibiting HIV fusion with a beta-peptide foldamer.,PMC XML unusable for normalization.,publisher_pdf_or_user_download,PMC XML body element is missing. Unusable PMC XML deleted from run artifacts.
pmid-16173012,16173012,,10.1002/jmv.20470,Specific interactions of mouse organ proteins with the 5'untranslated region of coxsackievirus B3: potential determinants of viral tissue tropism.,No PMCID coverage available.,publisher_pdf_or_user_download,No PMCID found via NCBI idconv; PDF fallback will be needed.
pmid-16166071,16166071,,10.1074/jbc.M508145200,Functional analysis of RNA binding by the hepatitis C virus RNA-dependent RNA polymerase.,No PMCID coverage available.,publisher_pdf_or_user_download,No PMCID found via NCBI idconv; PDF fallback will be needed.
pmid-16139795,16139795,,10.1016/j.bbrc.2005.08.142,Reduction of hepatitis C virus NS5A phosphorylation through its interaction with amphiphysin II.,No PMCID coverage available.,publisher_pdf_or_user_download,No PMCID found via NCBI idconv; PDF fallback will be needed.
pmid-16099067,16099067,,10.1016/j.virusres.2005.06.010,Partial reconstitution of hepatitis C virus RNA polymerization by heterologous expression of NS5B polymerase and template RNA in bacterial cell.,No PMCID coverage available.,publisher_pdf_or_user_download,No PMCID found via NCBI idconv; PDF fallback will be needed.
pmid-16097891,16097891,,10.1586/14789450.2.4.589,Current progress in proteomic study of hepatitis C virus-related human hepatocellular carcinoma.,No PMCID coverage available.,publisher_pdf_or_user_download,No PMCID found via NCBI idconv; PDF fallback will be needed.
pmid-16097890,16097890,,10.1586/14789450.2.4.577,New insights into viral structure and virus-cell interactions through proteomics.,No PMCID coverage available.,publisher_pdf_or_user_download,No PMCID found via NCBI idconv; PDF fallback will be needed.
pmid-16092505,16092505,,,Intracellular interactions between nucleos(t)ide inhibitors of HIV reverse transcriptase.,No PMCID coverage available.,publisher_pdf_or_user_download,No PMCID found via NCBI idconv; PDF fallback will be needed.
pmid-16019105,16019105,,10.1016/j.jhep.2005.03.020,GNB3 C825T polymorphism and response to interferon-alfa/ribavirin treatment in patients with hepatitis C virus genotype 1 (HCV-1) infection.,No PMCID coverage available.,publisher_pdf_or_user_download,No PMCID found via NCBI idconv; PDF fallback will be needed.
pmid-15994768,15994768,PMC1168775,10.1128/JVI.79.14.8742-8749.2005,Activation of the N-Ras-PI3K-Akt-mTOR pathway by hepatitis C virus: control of cell survival and viral replication.,PMC XML unusable for normalization.,publisher_pdf_or_user_download,PMC XML body element is missing. Unusable PMC XML deleted from run artifacts.
pmid-15994766,15994766,PMC1168746,10.1128/JVI.79.14.8724-8731.2005,Foamy virus Bet proteins function as novel inhibitors of the APOBEC3 family of innate antiretroviral defense factors.,PMC XML unusable for normalization.,publisher_pdf_or_user_download,PMC XML body element is missing. Unusable PMC XML deleted from run artifacts.
pmid-15976095,15976095,,10.1373/clinchem.2005.051706,Mass spectrometry for genotyping hepatitis C virus: a promising new approach.,No PMCID coverage available.,publisher_pdf_or_user_download,No PMCID found via NCBI idconv; PDF fallback will be needed.
pmid-15973003,15973003,,,The interaction of HIV-1 with the host factors.,No PMCID coverage available.,publisher_pdf_or_user_download,No PMCID found via NCBI idconv; PDF fallback will be needed.
pmid-15956402,15956402,PMC1151883,10.1128/JCM.43.6.2810-2815.2005,Matrix-assisted laser desorption ionization-time of flight (mass spectrometry) for hepatitis C virus genotyping.,PMC XML unusable for normalization.,publisher_pdf_or_user_download,PMC XML body element is missing. Unusable PMC XML deleted from run artifacts.
pmid-15954090,15954090,,10.1002/hep.20742,Viral and host factors in early hepatitis C virus infection.,No PMCID coverage available.,publisher_pdf_or_user_download,No PMCID found via NCBI idconv; PDF fallback will be needed.
pmid-15933374,15933374,,10.1074/mcp.M500047-MCP200,"Probing lysine acetylation in proteins: strategies, limitations, and pitfalls of in vitro acetyltransferase assays.",No PMCID coverage available.,publisher_pdf_or_user_download,No PMCID found via NCBI idconv; PDF fallback will be needed.
pmid-15919947,15919947,PMC1143632,10.1128/JVI.79.12.7911-7917.2005,Characterization of nonstructural protein membrane anchor deletion mutants expressed in the context of the hepatitis C virus polyprotein.,PMC XML unusable for normalization.,publisher_pdf_or_user_download,PMC XML body element is missing. Unusable PMC XML deleted from run artifacts.
pmid-15890891,15890891,,10.1373/clinchem.2004.047506,Population genotyping of hepatitis C virus by matrix-assisted laser desorption/ionization time-of-flight mass spectrometry analysis of short DNA fragments.,No PMCID coverage available.,publisher_pdf_or_user_download,No PMCID found via NCBI idconv; PDF fallback will be needed.
pmid-15883184,15883184,PMC2253395,10.1110/ps.041293005,Mass spectrometric analysis of the human 40S ribosomal subunit: native and HCV IRES-bound complexes.,PMC XML unusable for normalization.,publisher_pdf_or_user_download,PMC XML body element is missing. Unusable PMC XML deleted from run artifacts.
pmid-15867491,15867491,,10.1097/01.aids.0000168971.57681.6e,Characterization of humoral and cell-mediated immune responses directed against hepatitis C virus F protein in subjects co-infected with hepatitis C virus and HIV-1.,No PMCID coverage available.,publisher_pdf_or_user_download,No PMCID found via NCBI idconv; PDF fallback will be needed.
pmid-15850217,15850217,,,[Using the mass spectrometry analysis for hepatitis C virus typing].,No PMCID coverage available.,publisher_pdf_or_user_download,No PMCID found via NCBI idconv; PDF fallback will be needed.
pmid-15846844,15846844,,10.1002/pmic.200401093,Proteomic profiling of cellular proteins interacting with the hepatitis C virus core protein.,No PMCID coverage available.,publisher_pdf_or_user_download,No PMCID found via NCBI idconv; PDF fallback will be needed.
pmid-15829920,15829920,,10.1038/nature03493,Cellular APOBEC3G restricts HIV-1 infection in resting CD4+ T cells.,No PMCID coverage available.,publisher_pdf_or_user_download,No PMCID found via NCBI idconv; PDF fallback will be needed.
pmid-15817942,15817942,,,Immunopathogenesis of HIV infection.,No PMCID coverage available.,publisher_pdf_or_user_download,No PMCID found via NCBI idconv; PDF fallback will be needed.
pmid-15800975,15800975,,10.1002/pmic.200401022,Overexpression of alpha enolase in hepatitis C virus-related hepatocellular carcinoma: association with tumor progression as determined by proteomic analysis.,No PMCID coverage available.,publisher_pdf_or_user_download,No PMCID found via NCBI idconv; PDF fallback will be needed.
pmid-15795242,15795242,PMC1069525,10.1128/JVI.79.8.4557-4567.2005,Heat shock protein 90 and heat shock protein 70 are components of dengue virus receptor complex in human cells.,PMC XML unusable for normalization.,publisher_pdf_or_user_download,PMC XML body element is missing. Unusable PMC XML deleted from run artifacts.
pmid-15713840,15713840,PMC548945,10.1101/gad.1267905,Genome-wide RNAi screen reveals a specific sensitivity of IRES-containing RNA viruses to host translation inhibition.,PMC XML unusable for normalization.,publisher_pdf_or_user_download,PMC XML body element is missing. Unusable PMC XML deleted from run artifacts.
pmid-15710247,15710247,,10.1016/j.molbrainres.2004.10.024,Proteomic analysis of oxidatively modified proteins induced by the mitochondrial toxin 3-nitropropionic acid in human astrocytes expressing the HIV protein tat.,No PMCID coverage available.,publisher_pdf_or_user_download,No PMCID found via NCBI idconv; PDF fallback will be needed.
pmid-15709027,15709027,PMC548442,10.1128/JVI.79.5.3071-3083.2005,Quasispecies heterogeneity within the E1/E2 region as a pretreatment variable during pegylated interferon therapy of chronic hepatitis C virus infection.,PMC XML unusable for normalization.,publisher_pdf_or_user_download,PMC XML body element is missing. Unusable PMC XML deleted from run artifacts.
pmid-15613315,15613315,PMC538572,10.1128/JVI.79.2.869-875.2005,Structural requirements for recognition of the human immunodeficiency virus type 1 core during host restriction in owl monkey cells.,PMC XML unusable for normalization.,publisher_pdf_or_user_download,PMC XML body element is missing. Unusable PMC XML deleted from run artifacts.
pmid-15613308,15613308,PMC538588,10.1128/JVI.79.2.800-811.2005,Virion proteins of Kaposi's sarcoma-associated herpesvirus.,PMC XML unusable for normalization.,publisher_pdf_or_user_download,PMC XML body element is missing. Unusable PMC XML deleted from run artifacts.
pmid-15563596,15563596,PMC534415,10.1073/pnas.0407402101,Coordinated assembly of human translation initiation complexes by the hepatitis C virus internal ribosome entry site RNA.,PMC XML unusable for normalization.,publisher_pdf_or_user_download,PMC XML body element is missing. Unusable PMC XML deleted from run artifacts.
pmid-15542678,15542678,PMC524999,10.1128/JVI.78.23.13278-13284.2004,Membrane association of the RNA-dependent RNA polymerase is essential for hepatitis C virus RNA replication.,PMC XML unusable for normalization.,publisher_pdf_or_user_download,PMC XML body element is missing. Unusable PMC XML deleted from run artifacts.
pmid-15507651,15507651,PMC525075,10.1128/JVI.78.22.12647-12656.2004,Serotype-specific entry of dengue virus into liver cells: identification of the 37-kilodalton/67-kilodalton high-affinity laminin receptor as a dengue virus serotype 1 receptor.,PMC XML unusable for normalization.,publisher_pdf_or_user_download,PMC XML body element is missing. Unusable PMC XML deleted from run artifacts.
pmid-15507644,15507644,PMC525046,10.1128/JVI.78.22.12566-12575.2004,"ORC, MCM, and histone hyperacetylation at the Kaposi's sarcoma-associated herpesvirus latent replication origin.",PMC XML unusable for normalization.,publisher_pdf_or_user_download,PMC XML body element is missing. Unusable PMC XML deleted from run artifacts.
pmid-15489322,15489322,,10.1101/gr.2583304,From ORFeomes to protein interaction maps in viruses.,No PMCID coverage available.,publisher_pdf_or_user_download,No PMCID found via NCBI idconv; PDF fallback will be needed.
pmid-15479818,15479818,PMC523247,10.1128/JVI.78.21.11766-11777.2004,Membrane binding properties and terminal residues of the mature hepatitis C virus capsid protein in insect cells.,PMC XML unusable for normalization.,publisher_pdf_or_user_download,PMC XML body element is missing. Unusable PMC XML deleted from run artifacts.
pmid-15452254,15452254,PMC521800,10.1128/JVI.78.20.11334-11339.2004,Small molecules blocking the entry of severe acute respiratory syndrome coronavirus into host cells.,PMC XML unusable for normalization.,publisher_pdf_or_user_download,PMC XML body element is missing. Unusable PMC XML deleted from run artifacts.
pmid-15369806,15369806,,10.1016/j.bbrc.2004.08.148,Disulfide bond assignment of the Ebola virus secreted glycoprotein SGP.,No PMCID coverage available.,publisher_pdf_or_user_download,No PMCID found via NCBI idconv; PDF fallback will be needed.
pmid-15357902,15357902,,10.1089/vim.2004.17.358,Coxsackievirus-induced pancreatitis.,No PMCID coverage available.,publisher_pdf_or_user_download,No PMCID found via NCBI idconv; PDF fallback will be needed.
pmid-15331704,15331704,PMC514971,10.1128/JVI.78.18.9713-9720.2004,Regulation of hepatitis C virus replication by interferon regulatory factor 1.,PMC XML unusable for normalization.,publisher_pdf_or_user_download,PMC XML body element is missing. Unusable PMC XML deleted from run artifacts.
pmid-15326295,15326295,PMC516513,10.1073/pnas.0405152101,Phosphorylation of hepatitis C virus nonstructural protein 5A modulates its protein interactions and viral RNA replication.,PMC XML unusable for normalization.,publisher_pdf_or_user_download,PMC XML body element is missing. Unusable PMC XML deleted from run artifacts.
pmid-15293139,15293139,,10.1007/s00535-003-1364-8,Types of human leukocyte antigen and decrease in HCV core antigen in serum for predicting efficacy of interferon-Alpha in patients with chronic hepatitis C: analysis by a prospective study.,No PMCID coverage available.,publisher_pdf_or_user_download,No PMCID found via NCBI idconv; PDF fallback will be needed.
pmid-15269248,15269248,,10.1074/mcp.D400001-MCP200,A dataset of human liver proteins identified by protein profiling via isotope-coded affinity tag (ICAT) and tandem mass spectrometry.,No PMCID coverage available.,publisher_pdf_or_user_download,No PMCID found via NCBI idconv; PDF fallback will be needed.
pmid-15228667,15228667,,,[Cloning and expression of a biotinylated multiple-epitope HCV fusion antigen gene].,No PMCID coverage available.,publisher_pdf_or_user_download,No PMCID found via NCBI idconv; PDF fallback will be needed.
pmid-15221772,15221772,,10.1002/pmic.200300712,Proteomic profiling of proteins decreased in hepatocellular carcinoma from patients infected with hepatitis C virus.,No PMCID coverage available.,publisher_pdf_or_user_download,No PMCID found via NCBI idconv; PDF fallback will be needed.
pmid-15207695,15207695,,10.1016/j.bbrc.2004.05.124,Identification of a 48kDa tubulin or tubulin-like C6/36 mosquito cells protein that binds dengue virus 2 using mass spectrometry.,No PMCID coverage available.,publisher_pdf_or_user_download,No PMCID found via NCBI idconv; PDF fallback will be needed.
pmid-15162441,15162441,,10.1002/eji.200424892,HIV infection of primary human T cells is determined by tunable thresholds of T cell activation.,No PMCID coverage available.,publisher_pdf_or_user_download,No PMCID found via NCBI idconv; PDF fallback will be needed.
pmid-15144978,15144978,,10.1016/j.jasms.2004.02.010,High throughput screening of library compounds against an oligonucleotide substructure of an RNA target.,No PMCID coverage available.,publisher_pdf_or_user_download,No PMCID found via NCBI idconv; PDF fallback will be needed.
pmid-15141007,15141007,PMC415831,10.1128/JVI.78.11.6073-6076.2004,Human APOBEC3F is another host factor that blocks human immunodeficiency virus type 1 replication.,PMC XML unusable for normalization.,publisher_pdf_or_user_download,PMC XML body element is missing. Unusable PMC XML deleted from run artifacts.
pmid-15140952,15140952,PMC415830,10.1128/JVI.78.11.5554-5563.2004,Context-dependent effects of L domains and ubiquitination on viral budding.,PMC XML unusable for normalization.,publisher_pdf_or_user_download,PMC XML body element is missing. Unusable PMC XML deleted from run artifacts.
pmid-15120631,15120631,,10.1016/j.bbrc.2004.04.052,Proteomic approach identifies HSP27 as an interacting partner of the hepatitis C virus NS5A protein.,No PMCID coverage available.,publisher_pdf_or_user_download,No PMCID found via NCBI idconv; PDF fallback will be needed.
pmid-15117331,15117331,,10.1111/j.1365-2893.2004.00509.x,Single nucleotide polymorphism of the MxA gene promoter influences the response to interferon monotherapy in patients with hepatitis C viral infection.,No PMCID coverage available.,publisher_pdf_or_user_download,No PMCID found via NCBI idconv; PDF fallback will be needed.
pmid-15113910,15113910,PMC400326,10.1128/jvi.78.10.5288-5298.2004,Cellular RNA helicase p68 relocalization and interaction with the hepatitis C virus (HCV) NS5B protein and the potential role of p68 in HCV RNA replication.,PMC XML unusable for normalization.,publisher_pdf_or_user_download,PMC XML body element is missing. Unusable PMC XML deleted from run artifacts.
pmid-15108830,15108830,,10.1097/01.SMJ.0000118903.35704.30,Hepatitis C infection: a clinical review.,No PMCID coverage available.,publisher_pdf_or_user_download,No PMCID found via NCBI idconv; PDF fallback will be needed.
pmid-15108364,15108364,,10.1002/jcb.20065,Repression of the human immunodeficiency virus type-1 long terminal repeat by the c-Myc oncoprotein.,No PMCID coverage available.,publisher_pdf_or_user_download,No PMCID found via NCBI idconv; PDF fallback will be needed.
pmid-15103018,15103018,PMC406467,10.1073/pnas.0304859101,HIV-1-mediated apoptosis of neuronal cells: Proximal molecular mechanisms of HIV-1-induced encephalopathy.,PMC XML unusable for normalization.,publisher_pdf_or_user_download,PMC XML body element is missing. Unusable PMC XML deleted from run artifacts.
pmid-15098107,15098107,,10.1007/s00705-003-0263-x,Identification of GRP 78 (BiP) as a liver cell expressed receptor element for dengue virus serotype 2.,No PMCID coverage available.,publisher_pdf_or_user_download,No PMCID found via NCBI idconv; PDF fallback will be needed.
pmid-15073158,15073158,,10.1093/jac/dkh170,Treatment choices for people infected with HCV.,No PMCID coverage available.,publisher_pdf_or_user_download,No PMCID found via NCBI idconv; PDF fallback will be needed.
pmid-15064363,15064363,PMC390370,10.1093/nar/gkh519,"Ded1p, a conserved DExD/H-box translation factor, can promote yeast L-A virus negative-strand RNA synthesis in vitro.",PMC XML unusable for normalization.,publisher_pdf_or_user_download,PMC XML body element is missing. Unusable PMC XML deleted from run artifacts.
pmid-15057887,15057887,,10.1002/hep.20139,Host factors and failure of interferon-alpha treatment in hepatitis C virus.,No PMCID coverage available.,publisher_pdf_or_user_download,No PMCID found via NCBI idconv; PDF fallback will be needed.
pmid-15019586,15019586,,10.1016/j.meegid.2003.11.001,Comparative proteomics of the Mycobacterium leprae binding protein myelin P0: its implication in leprosy and other neurodegenerative diseases.,No PMCID coverage available.,publisher_pdf_or_user_download,No PMCID found via NCBI idconv; PDF fallback will be needed.
pmid-15016871,15016871,PMC371042,10.1128/jvi.78.7.3480-3488.2004,Interactions between viral nonstructural proteins and host protein hVAP-33 mediate the formation of hepatitis C virus RNA replication complex on lipid raft.,PMC XML unusable for normalization.,publisher_pdf_or_user_download,PMC XML body element is missing. Unusable PMC XML deleted from run artifacts.
pmid-15013426,15013426,,10.1016/j.bbrc.2004.01.023,The Vif protein of human immunodeficiency virus type 1 is posttranslationally modified by ubiquitin.,No PMCID coverage available.,publisher_pdf_or_user_download,No PMCID found via NCBI idconv; PDF fallback will be needed.
pmid-14990685,14990685,PMC353768,10.1128/jvi.78.6.2657-2665.2004,Budding of PPxY-containing rhabdoviruses is not dependent on host proteins TGS101 and VPS4A.,PMC XML unusable for normalization.,publisher_pdf_or_user_download,PMC XML body element is missing. Unusable PMC XML deleted from run artifacts.
pmid-14981082,14981082,,10.1074/jbc.M312907200,Determination of the disulfide bond arrangement of dengue virus NS1 protein.,No PMCID coverage available.,publisher_pdf_or_user_download,No PMCID found via NCBI idconv; PDF fallback will be needed.
pmid-14748069,14748069,,10.1002/jmv.20003,Mechanisms of beta cell death during restricted and unrestricted enterovirus infection.,No PMCID coverage available.,publisher_pdf_or_user_download,No PMCID found via NCBI idconv; PDF fallback will be needed.
pmid-14741425,14741425,,10.1016/j.jneuroim.2003.10.039,Proteomic fingerprinting of HIV-1-infected human monocyte-derived macrophages: a preliminary report.,No PMCID coverage available.,publisher_pdf_or_user_download,No PMCID found via NCBI idconv; PDF fallback will be needed.
pmid-14730399,14730399,PMC11032799,10.1007/s00262-003-0477-5,Tetraspanins connect several types of Ig proteins: IgM is a novel component of the tetraspanin web on B-lymphoid cells.,PMC XML unusable for normalization.,publisher_pdf_or_user_download,PMC XML body element is missing. Unusable PMC XML deleted from run artifacts.
pmid-14730212,14730212,,10.1007/BF02256551,Activation of RNA polymerase I transcription by hepatitis C virus core protein.,No PMCID coverage available.,publisher_pdf_or_user_download,No PMCID found via NCBI idconv; PDF fallback will be needed.
pmid-14730030,14730030,PMC1370543,10.1261/rna.5124404,Two-step affinity purification of the hepatitis C virus ribonucleoprotein complex.,PMC XML unusable for normalization.,publisher_pdf_or_user_download,PMC XML body element is missing. Unusable PMC XML deleted from run artifacts.
pmid-14673163,14673163,PMC303347,10.1128/MCB.24.1.294-305.2004,Mice deficient for the ets transcription factor elk-1 show normal immune responses and mildly impaired neuronal gene activation.,PMC XML unusable for normalization.,publisher_pdf_or_user_download,PMC XML body element is missing. Unusable PMC XML deleted from run artifacts.
pmid-15043208,15043208,,10.2174/1570162033352084,HIV capsid assembly.,No PMCID coverage available.,publisher_pdf_or_user_download,No PMCID found via NCBI idconv; PDF fallback will be needed.
pmid-15043201,15043201,,10.2174/1570162033485276,The physiological relevance of CD4 receptor down-modulation during HIV infection.,No PMCID coverage available.,publisher_pdf_or_user_download,No PMCID found via NCBI idconv; PDF fallback will be needed.
pmid-15012002,15012002,,,Mechanisms involved in non-progressive HIV disease.,No PMCID coverage available.,publisher_pdf_or_user_download,No PMCID found via NCBI idconv; PDF fallback will be needed.
pmid-14689694,14689694,,10.1016/s0065-3527(03)60005-9,Mechanisms of dengue virus-induced cell death.,No PMCID coverage available.,publisher_pdf_or_user_download,No PMCID found via NCBI idconv; PDF fallback will be needed.
pmid-14685242,14685242,,10.1038/nature02171,The gene product Murr1 restricts HIV-1 replication in resting CD4+ lymphocytes.,No PMCID coverage available.,publisher_pdf_or_user_download,No PMCID found via NCBI idconv; PDF fallback will be needed.
pmid-14673798,14673798,,10.1002/pmic.200300621,Proteomic profiling of heat shock protein 70 family members as biomarkers for hepatitis C virus-related hepatocellular carcinoma.,No PMCID coverage available.,publisher_pdf_or_user_download,No PMCID found via NCBI idconv; PDF fallback will be needed.
pmid-14671320,14671320,PMC307642,10.1073/pnas.2536857100,"Systematic, genome-wide identification of host genes affecting replication of a positive-strand RNA virus.",PMC XML unusable for normalization.,publisher_pdf_or_user_download,PMC XML body element is missing. Unusable PMC XML deleted from run artifacts.
pmid-14654528,14654528,,,Comparison of proteome between hepatitis B virus- and hepatitis C virus-associated hepatocellular carcinoma.,No PMCID coverage available.,publisher_pdf_or_user_download,No PMCID found via NCBI idconv; PDF fallback will be needed.
pmid-14596821,14596821,,10.1016/j.ab.2003.08.002,"A combined oligonucleotide and protein microarray for the codetection of nucleic acids and antibodies associated with human immunodeficiency virus, hepatitis B virus, and hepatitis C virus infections.",No PMCID coverage available.,publisher_pdf_or_user_download,No PMCID found via NCBI idconv; PDF fallback will be needed.
pmid-14592965,14592965,PMC275419,10.1093/emboj/cdg562,Members of the NF90/NFAR protein group are involved in the life cycle of a positive-strand RNA virus.,PMC XML unusable for normalization.,publisher_pdf_or_user_download,PMC XML body element is missing. Unusable PMC XML deleted from run artifacts.
pmid-14517076,14517076,,10.1016/s0042-6822(03)00400-8,Control of HIV-1 env RNA splicing and transport: investigating the role of hnRNP A1 in exon splicing silencer (ESS3a) function.,No PMCID coverage available.,publisher_pdf_or_user_download,No PMCID found via NCBI idconv; PDF fallback will be needed.
pmid-12923767,12923767,,10.1002/pmic.200300482,High resolution proteome analysis of cryoglobulins using Fourier transform-ion cyclotron resonance mass spectrometry.,No PMCID coverage available.,publisher_pdf_or_user_download,No PMCID found via NCBI idconv; PDF fallback will be needed.
pmid-12890756,12890756,,10.1242/jcs.00691,KSHV vFLIP binds to IKK-gamma to activate IKK.,No PMCID coverage available.,publisher_pdf_or_user_download,No PMCID found via NCBI idconv; PDF fallback will be needed.
pmid-12878215,12878215,,10.1016/s0006-291x(03)01292-0,Anti-HIV activity of olive leaf extract (OLE) and modulation of host cell gene expression by HIV-1 infection and OLE treatment.,No PMCID coverage available.,publisher_pdf_or_user_download,No PMCID found via NCBI idconv; PDF fallback will be needed.
pmid-12838682,12838682,,,[Chemokine receptors: their role in human immunodeficiency virus (HIV) pathogenicity and resistance to HIV infections].,No PMCID coverage available.,publisher_pdf_or_user_download,No PMCID found via NCBI idconv; PDF fallback will be needed.
pmid-12799548,12799548,PMC4415361,10.1097/00002030-200306130-00001,Activation of the signal transducer and activator of transcription 1 signaling pathway in thymocytes from HIV-1-infected human thymus.,PMC XML unusable for normalization.,publisher_pdf_or_user_download,PMC XML body element is missing. Unusable PMC XML deleted from run artifacts.
pmid-12776006,12776006,,,Pegylated interferon plus ribavirin for the treatment of chronic hepatitis C.,No PMCID coverage available.,publisher_pdf_or_user_download,No PMCID found via NCBI idconv; PDF fallback will be needed.
pmid-12729724,12729724,,10.1016/s1046-5928(03)00017-2,Expression and purification of recombinant Kaposi's sarcoma-associated herpesvirus DNA polymerase using a Baculovirus vector system.,No PMCID coverage available.,publisher_pdf_or_user_download,No PMCID found via NCBI idconv; PDF fallback will be needed.
pmid-12719606,12719606,,10.1385/BTER:91:2:111,"Sequential changes in Fe, Cu, and Zn in target organs during early Coxsackievirus B3 infection in mice.",No PMCID coverage available.,publisher_pdf_or_user_download,No PMCID found via NCBI idconv; PDF fallback will be needed.
pmid-12693932,12693932,,10.1021/bi027314e,Extending the family of UNCG-like tetraloop motifs: NMR structure of a CACG tetraloop from coxsackievirus B3.,No PMCID coverage available.,publisher_pdf_or_user_download,No PMCID found via NCBI idconv; PDF fallback will be needed.
pmid-12692242,12692242,PMC153952,10.1128/jvi.77.9.5401-5414.2003,Protein-protein interactions between hepatitis C virus nonstructural proteins.,PMC XML unusable for normalization.,publisher_pdf_or_user_download,PMC XML body element is missing. Unusable PMC XML deleted from run artifacts.
pmid-12634379,12634379,PMC150667,10.1128/jvi.77.7.4221-4230.2003,The ORF45 protein of Kaposi's sarcoma-associated herpesvirus is associated with purified virions.,PMC XML unusable for normalization.,publisher_pdf_or_user_download,PMC XML body element is missing. Unusable PMC XML deleted from run artifacts.
pmid-12604919,12604919,,10.1097/00006676-200303000-00017,Trace element changes in the pancreas during viral infection in mice.,No PMCID coverage available.,publisher_pdf_or_user_download,No PMCID found via NCBI idconv; PDF fallback will be needed.
pmid-12604805,12604805,,10.1099/vir.0.18801-0,Identification and characterization of amphiphysin II as a novel cellular interaction partner of the hepatitis C virus NS5A protein.,No PMCID coverage available.,publisher_pdf_or_user_download,No PMCID found via NCBI idconv; PDF fallback will be needed.
pmid-12584317,12584317,PMC149762,10.1128/jvi.77.5.2928-2935.2003,Persistent replication of hepatitis C virus replicons expressing the beta-lactamase reporter in subpopulations of highly permissive Huh7 cells.,PMC XML unusable for normalization.,publisher_pdf_or_user_download,PMC XML body element is missing. Unusable PMC XML deleted from run artifacts.
pmid-12525668,12525668,PMC140981,10.1128/jvi.77.3.2295-2300.2003,In vitro RNA replication directed by replicase complexes isolated from the subgenomic replicon cells of hepatitis C virus.,PMC XML unusable for normalization.,publisher_pdf_or_user_download,PMC XML body element is missing. Unusable PMC XML deleted from run artifacts.
pmid-22908419,22908419,,,Resolution of a complex ionic mixture of an apparently homogenous protein preparation by preparative electrophoresis.,No PMCID coverage available.,publisher_pdf_or_user_download,No PMCID found via NCBI idconv; PDF fallback will be needed.
pmid-12477296,12477296,,,Cell cycle dysregulation during HIV infection: perspectives of a target based therapy.,No PMCID coverage available.,publisher_pdf_or_user_download,No PMCID found via NCBI idconv; PDF fallback will be needed.
pmid-12438637,12438637,PMC136709,10.1128/jvi.76.24.13088-13093.2002,The hepatitis C virus RNA-dependent RNA polymerase membrane insertion sequence is a transmembrane segment.,PMC XML unusable for normalization.,publisher_pdf_or_user_download,PMC XML body element is missing. Unusable PMC XML deleted from run artifacts.
pmid-12433279,12433279,,10.1089/107999002760624224,Hepatitis C virus-host interactions: the NS5A protein and the interferon/chemokine systems.,No PMCID coverage available.,publisher_pdf_or_user_download,No PMCID found via NCBI idconv; PDF fallback will be needed.
pmid-12395887,12395887,,10.1023/a:1020114722763,Lower th-1/th-2 ratio before interferon therapy may favor long-term virological responses in patients with chronic hepatitis C.,No PMCID coverage available.,publisher_pdf_or_user_download,No PMCID found via NCBI idconv; PDF fallback will be needed.
pmid-12381356,12381356,,10.1016/s0003-2697(02)00295-6,Determination of the stoichiometry of noncovalent complexes using reverse-phase high-performance liquid chromatography coupled with electrospray ion trap mass spectrometry.,No PMCID coverage available.,publisher_pdf_or_user_download,No PMCID found via NCBI idconv; PDF fallback will be needed.
pmid-12362382,12362382,,10.1002/rcm.814,Reactivity of the NS2/3(907-1206)ASK(4) protein with beta-mercaptoethanol studied by electrospray ion trap mass spectrometry.,No PMCID coverage available.,publisher_pdf_or_user_download,No PMCID found via NCBI idconv; PDF fallback will be needed.
pmid-12324256,12324256,,10.1016/s1471-4892(02)00201-1,Novel technologies for studying virus-host interaction and discovering new drug targets for HCV and HIV.,No PMCID coverage available.,publisher_pdf_or_user_download,No PMCID found via NCBI idconv; PDF fallback will be needed.
pmid-12235135,12235135,,10.1074/jbc.M204124200,Modulation of the hepatitis C virus RNA-dependent RNA polymerase activity by the non-structural (NS) 3 helicase and the NS4B membrane protein.,No PMCID coverage available.,publisher_pdf_or_user_download,No PMCID found via NCBI idconv; PDF fallback will be needed.
pmid-12225333,12225333,,10.1046/j.1365-2893.2002.00365.x,A single nucleotide polymorphism of the low molecular mass polypeptide 7 gene influences the interferon response in patients with chronic hepatitis C.,No PMCID coverage available.,publisher_pdf_or_user_download,No PMCID found via NCBI idconv; PDF fallback will be needed.
pmid-12202593,12202593,PMC130814,10.1128/JCM.40.9.3455-3462.2002,Characterization of hepatitis C virus quasispecies by matrix-assisted laser desorption ionization-time of flight (mass spectrometry) mutation detection.,PMC XML unusable for normalization.,publisher_pdf_or_user_download,PMC XML body element is missing. Unusable PMC XML deleted from run artifacts.
pmid-12192066,12192066,PMC2373603,10.1110/ps.0206602,The effect of prime-site occupancy on the hepatitis C virus NS3 protease structure.,PMC XML unusable for normalization.,publisher_pdf_or_user_download,PMC XML body element is missing. Unusable PMC XML deleted from run artifacts.
pmid-12154231,12154231,PMC129369,10.1073/pnas.172384599,Restriction of lentivirus in monkeys.,PMC XML unusable for normalization.,publisher_pdf_or_user_download,PMC XML body element is missing. Unusable PMC XML deleted from run artifacts.
pmid-12096119,12096119,,10.1074/mcp.m100029-mcp200,A distinct repertoire of autoantibodies in hepatocellular carcinoma identified by proteomic analysis.,No PMCID coverage available.,publisher_pdf_or_user_download,No PMCID found via NCBI idconv; PDF fallback will be needed.
pmid-12021334,12021334,PMC136199,10.1128/jvi.76.12.6016-6026.2002,Rhesus macaque resistance to mucosal simian immunodeficiency virus infection is associated with a postentry block in viral replication.,PMC XML unusable for normalization.,publisher_pdf_or_user_download,PMC XML body element is missing. Unusable PMC XML deleted from run artifacts.
pmid-11982722,11982722,,10.1046/j.1440-1746.2002.02725.x,Management issues in chronic viral hepatitis: hepatitis C.,No PMCID coverage available.,publisher_pdf_or_user_download,No PMCID found via NCBI idconv; PDF fallback will be needed.
pmid-11968771,11968771,,,[HIV-suppressive factors].,No PMCID coverage available.,publisher_pdf_or_user_download,No PMCID found via NCBI idconv; PDF fallback will be needed.
pmid-11968770,11968770,,,[Molecular mechanism of HIV-1 replication].,No PMCID coverage available.,publisher_pdf_or_user_download,No PMCID found via NCBI idconv; PDF fallback will be needed.
pmid-11861846,11861846,PMC135952,10.1128/jvi.76.6.2789-2795.2002,In vivo interference of Rous sarcoma virus budding by cis expression of a WW domain.,PMC XML download failed.,publisher_pdf_or_user_download,"PMC download error: Command '['curl', '--silent', '--show-error', '--fail', '--location', '--max-time', '60', 'https://eutils.ncbi.nlm.nih.gov/entrez/eutils/efetch.fcgi?db=pmc&id=PMC135952&retmode=xml']' returned non-zero exit status 56."
pmid-11821405,11821405,,10.1074/jbc.M111134200,Mass spectrometric analysis of the N terminus of translational initiation factor eIF4G-1 reveals novel isoforms.,No PMCID coverage available.,publisher_pdf_or_user_download,No PMCID found via NCBI idconv; PDF fallback will be needed.
pmid-11821384,11821384,,10.1074/jbc.M108026200,"Transcriptional regulation of Kaposi's sarcoma-associated herpesvirus-encoded oncogene viral interferon regulatory factor by a novel transcriptional silencer, Tis.",No PMCID coverage available.,publisher_pdf_or_user_download,No PMCID found via NCBI idconv; PDF fallback will be needed.
pmid-11804552,11804552,,10.1089/088922202753394673,Trophoblasts are productively infected by CD4-independent isolate of HIV type 1.,No PMCID coverage available.,publisher_pdf_or_user_download,No PMCID found via NCBI idconv; PDF fallback will be needed.
pmid-11747608,11747608,,10.1089/104454901317094981,The heterogeneous nuclear ribonucleoprotein K (hnRNP K) interacts with dengue virus core protein.,No PMCID coverage available.,publisher_pdf_or_user_download,No PMCID found via NCBI idconv; PDF fallback will be needed.
pmid-11676530,11676530,,10.1006/jmbi.2001.5055,Recent advances in the molecular biology of hepatitis C virus.,No PMCID coverage available.,publisher_pdf_or_user_download,No PMCID found via NCBI idconv; PDF fallback will be needed.
pmid-11573284,11573284,,,[The examinations associating with hepatitis C virus and medical reimbursement].,No PMCID coverage available.,publisher_pdf_or_user_download,No PMCID found via NCBI idconv; PDF fallback will be needed.
pmid-11544326,11544326,,10.4049/jimmunol.167.6.3360,Synergistic induction of apoptosis in primary CD4(+) T cells by macrophage-tropic HIV-1 and TGF-beta1.,No PMCID coverage available.,publisher_pdf_or_user_download,No PMCID found via NCBI idconv; PDF fallback will be needed.
pmid-11514734,11514734,,10.1099/0022-1317-82-9-2235,p53-dependent transcriptional repression of p21(waf1) by hepatitis C virus NS3.,No PMCID coverage available.,publisher_pdf_or_user_download,No PMCID found via NCBI idconv; PDF fallback will be needed.
pmid-11444382,11444382,,10.1385/IR:23:2-3:167,T cell signaling mechanisms that regulate HIV-1 infection.,No PMCID coverage available.,publisher_pdf_or_user_download,No PMCID found via NCBI idconv; PDF fallback will be needed.
pmid-11402859,11402859,,10.1007/s007050170142,Down-regulation of translation driven by hepatitis C virus internal ribosomal entry site by the 3' untranslated region of RNA.,No PMCID coverage available.,publisher_pdf_or_user_download,No PMCID found via NCBI idconv; PDF fallback will be needed.
pmid-11394702,11394702,,,Genes of major histocompatibility complex class II influence chronic C hepatitis treatment with interferon in hemodialysis patients.,No PMCID coverage available.,publisher_pdf_or_user_download,No PMCID found via NCBI idconv; PDF fallback will be needed.
pmid-11390639,11390639,PMC87071,10.1128/MCB.21.13.4097-4109.2001,Eukaryotic initiation factor 4G-poly(A) binding protein interaction is required for poly(A) tail-mediated stimulation of picornavirus internal ribosome entry segment-driven translation but not for X-mediated stimulation of hepatitis C virus translation.,PMC XML unusable for normalization.,publisher_pdf_or_user_download,PMC XML body element is missing. Unusable PMC XML deleted from run artifacts.
pmid-11329234,11329234,,10.7326/0003-4819-134-9_part_1-200105010-00013,Host determinants in HIV infection and disease. Part 1: cellular and humoral immune responses.,No PMCID coverage available.,publisher_pdf_or_user_download,No PMCID found via NCBI idconv; PDF fallback will be needed.
pmid-11238844,11238844,PMC114111,10.1128/JVI.75.7.3175-3184.2001,Kaposi's sarcoma-associated herpesvirus K-bZIP protein is phosphorylated by cyclin-dependent kinases.,PMC XML unusable for normalization.,publisher_pdf_or_user_download,PMC XML body element is missing. Unusable PMC XML deleted from run artifacts.
pmid-11160669,11160669,PMC114080,10.1128/JVI.75.4.1708-1721.2001,Specific interaction of hepatitis C virus protease/helicase NS3 with the 3'-terminal sequences of viral positive- and negative-strand RNA.,PMC XML unusable for normalization.,publisher_pdf_or_user_download,PMC XML body element is missing. Unusable PMC XML deleted from run artifacts.
pmid-11155147,11155147,,10.1046/j.1365-2893.2001.00253.x,"Viral, host and interferon-related factors modulating the effect of interferon therapy for hepatitis C virus infection.",No PMCID coverage available.,publisher_pdf_or_user_download,No PMCID found via NCBI idconv; PDF fallback will be needed.
pmid-12879134,12879134,,,Trends in medicinal chemistry.,No PMCID coverage available.,publisher_pdf_or_user_download,No PMCID found via NCBI idconv; PDF fallback will be needed.
pmid-11236273,11236273,,10.1590/s0004-28032000000300010,[Chronic viral hepatitis C. Part 1. General considerations].,No PMCID coverage available.,publisher_pdf_or_user_download,No PMCID found via NCBI idconv; PDF fallback will be needed.
pmid-11118372,11118372,,10.1006/viro.2000.0662,Ser(2194) is a highly conserved major phosphorylation site of the hepatitis C virus nonstructural protein NS5A.,No PMCID coverage available.,publisher_pdf_or_user_download,No PMCID found via NCBI idconv; PDF fallback will be needed.
pmid-11049744,11049744,,10.1006/prep.2000.1301,"Expression and purification of an active, full-length hepatitis C viral NS4A.",No PMCID coverage available.,publisher_pdf_or_user_download,No PMCID found via NCBI idconv; PDF fallback will be needed.
pmid-11049229,11049229,,10.1385/BTER:76:2:149,Trace element changes in the myocardium during coxsackievirus B3 myocarditis in the mouse.,No PMCID coverage available.,publisher_pdf_or_user_download,No PMCID found via NCBI idconv; PDF fallback will be needed.
pmid-10980053,10980053,,10.1053/jlts.2000.9741,Liver transplantation for hepatitis C: recurrence and disease progression in 300 patients.,No PMCID coverage available.,publisher_pdf_or_user_download,No PMCID found via NCBI idconv; PDF fallback will be needed.
pmid-10959809,10959809,,10.1034/j.1600-0676.2000.020004305.x,Role of serum soluble Fas/soluble Fas ligand and TNF-alpha on response to interferon-alpha therapy in chronic hepatitis C.,No PMCID coverage available.,publisher_pdf_or_user_download,No PMCID found via NCBI idconv; PDF fallback will be needed.
pmid-10950797,10950797,,10.1086/315768,In vivo virulence of Candida albicans isolates causing mucosal infections in people infected with the human immunodeficiency virus.,No PMCID coverage available.,publisher_pdf_or_user_download,No PMCID found via NCBI idconv; PDF fallback will be needed.
pmid-10950369,10950369,,,"Acquired immunodeficiency syndrome-related Kaposi's sarcoma: clinical features, staging, and treatment.",No PMCID coverage available.,publisher_pdf_or_user_download,No PMCID found via NCBI idconv; PDF fallback will be needed.
pmid-10921398,10921398,,10.1046/j.1440-1746.2000.02116.x,Predictors of the efficacy of interferon therapy for patients with chronic hepatitis C before and during therapy: how does this modify the treatment course?,No PMCID coverage available.,publisher_pdf_or_user_download,No PMCID found via NCBI idconv; PDF fallback will be needed.
pmid-10803634,10803634,,,Hepatitis C virus and liver transplantation.,No PMCID coverage available.,publisher_pdf_or_user_download,No PMCID found via NCBI idconv; PDF fallback will be needed.
pmid-10799599,10799599,PMC110877,10.1128/jvi.74.11.5233-5241.2000,Nonstructural protein 5A of hepatitis C virus inhibits the function of karyopherin beta3.,PMC XML unusable for normalization.,publisher_pdf_or_user_download,PMC XML body element is missing. Unusable PMC XML deleted from run artifacts.
pmid-10742150,10742150,,10.1038/74689,The tyrosine kinase p56lck is essential in coxsackievirus B3-mediated heart disease.,No PMCID coverage available.,publisher_pdf_or_user_download,No PMCID found via NCBI idconv; PDF fallback will be needed.
pmid-10721731,10721731,,10.1016/s0378-1119(99)00511-9,A genomic approach of the hepatitis C virus generates a protein interaction map.,No PMCID coverage available.,publisher_pdf_or_user_download,No PMCID found via NCBI idconv; PDF fallback will be needed.
pmid-10702371,10702371,,10.2741/A494,Pathogenesis and treatment of HIV-1 infection: recent developments (Y2K update).,No PMCID coverage available.,publisher_pdf_or_user_download,No PMCID found via NCBI idconv; PDF fallback will be needed.
pmid-9882379,9882379,PMC103998,10.1128/JVI.73.2.1672-1681.1999,Hepatitis C virus core protein enhances NF-kappaB signal pathway triggering by lymphotoxin-beta receptor ligand and tumor necrosis factor alpha.,PMC XML unusable for normalization.,publisher_pdf_or_user_download,PMC XML body element is missing. Unusable PMC XML deleted from run artifacts.
pmid-21374380,21374380,,10.1385/0-89603-521-2:385,Methods for the study of sequence-specific binding of proteins to the HCV RNA genome.,No PMCID coverage available.,publisher_pdf_or_user_download,No PMCID found via NCBI idconv; PDF fallback will be needed.
pmid-21374362,21374362,,10.1385/0-89603-521-2:207,Determination of HCV quasispecies by cloning and sequencing.,No PMCID coverage available.,publisher_pdf_or_user_download,No PMCID found via NCBI idconv; PDF fallback will be needed.
pmid-17277505,17277505,,10.5144/0256-4947.1999.410,Hepatitis C virus genotypes in a cohort of Middle Eastern patients.,No PMCID coverage available.,publisher_pdf_or_user_download,No PMCID found via NCBI idconv; PDF fallback will be needed.
pmid-10518303,10518303,,10.1055/s-2007-1007113,Genetic aspects of hepatocellular carcinogenesis.,No PMCID coverage available.,publisher_pdf_or_user_download,No PMCID found via NCBI idconv; PDF fallback will be needed.
pmid-10512629,10512629,,10.1021/bi990935w,Characterization of the noncovalent complex of human immunodeficiency virus glycoprotein 120 with its cellular receptor CD4 by matrix-assisted laser desorption/ionization mass spectrometry.,No PMCID coverage available.,publisher_pdf_or_user_download,No PMCID found via NCBI idconv; PDF fallback will be needed.
pmid-10457158,10457158,,10.1046/j.1365-2362.1999.00525.x,Laureate ESCI award for excellence in clinical science 1999. Cytokines and the human immunodeficiency virus: from bench to bedside. European Society for Clinical Investigation.,No PMCID coverage available.,publisher_pdf_or_user_download,No PMCID found via NCBI idconv; PDF fallback will be needed.
pmid-10422832,10422832,PMC2144388,10.1110/ps.8.7.1445,Conformational changes in the NS3 protease from hepatitis C virus strain Bk monitored by limited proteolysis and mass spectrometry.,PMC XML unusable for normalization.,publisher_pdf_or_user_download,PMC XML body element is missing. Unusable PMC XML deleted from run artifacts.
pmid-10421661,10421661,,10.1002/hep.510300224,Nonsteroidal anti-inflammatory drug metabolism potentiates interferon alfa signaling by increasing STAT1 phosphorylation.,No PMCID coverage available.,publisher_pdf_or_user_download,No PMCID found via NCBI idconv; PDF fallback will be needed.
pmid-10406175,10406175,,10.1016/s0168-8278(99)80251-7,Ethnic difference in the prevalence of monoclonal B-cell proliferation in patients affected by hepatitis C virus chronic liver disease.,No PMCID coverage available.,publisher_pdf_or_user_download,No PMCID found via NCBI idconv; PDF fallback will be needed.
pmid-10365161,10365161,,10.1007/s007050050536,Characterisation of non-structural protein 3 of hepatitis C virus as modulator of protein phosphorylation mediated by PKA and PKC: evidences for action on the level of substrate and enzyme.,No PMCID coverage available.,publisher_pdf_or_user_download,No PMCID found via NCBI idconv; PDF fallback will be needed.
pmid-10235612,10235612,,10.1023/a:1026625001168,Viral and host factors in determining response of relapsers with chronic hepatitis C to retreatment with interferon.,No PMCID coverage available.,publisher_pdf_or_user_download,No PMCID found via NCBI idconv; PDF fallback will be needed.
pmid-10200596,10200596,,,Unique properties of a second human herpesvirus 8-encoded interferon regulatory factor (vIRF-2).,No PMCID coverage available.,publisher_pdf_or_user_download,No PMCID found via NCBI idconv; PDF fallback will be needed.
pmid-10075966,10075966,PMC1727458,10.1136/gut.44.4.563,"The natural course of hepatitis C virus infection 18 years after an epidemic outbreak of non-A, non-B hepatitis in a plasmapheresis centre.",PMC XML unusable for normalization.,publisher_pdf_or_user_download,PMC XML body element is missing. Unusable PMC XML deleted from run artifacts.
pmid-10065629,10065629,,10.1016/s0165-2478(98)00126-6,The role of the viral glycoprotein in HIV-1 persistence.,No PMCID coverage available.,publisher_pdf_or_user_download,No PMCID found via NCBI idconv; PDF fallback will be needed.
pmid-9857349,9857349,,10.1046/j.1365-2893.1998.00127.x,Viral and host factors in the prediction of response to interferon-alpha therapy in chronic hepatitis C after long-term follow-up.,No PMCID coverage available.,publisher_pdf_or_user_download,No PMCID found via NCBI idconv; PDF fallback will be needed.
pmid-9851697,9851697,,10.1046/j.1432-1327.1998.2580100.x,Self-association of the C-terminal domain of the hepatitis-C virus core protein.,No PMCID coverage available.,publisher_pdf_or_user_download,No PMCID found via NCBI idconv; PDF fallback will be needed.
pmid-9845362,9845362,,10.1016/s0092-8674(00)81630-x,Host control of HIV-1 parasitism in T cells by the nuclear factor of activated T cells.,No PMCID coverage available.,publisher_pdf_or_user_download,No PMCID found via NCBI idconv; PDF fallback will be needed.
pmid-9821325,9821325,,10.1002/(SICI)1096-9888(1998100)33:10<911::AID-JMS737>3.0.CO;2-5,Electrospray ionization mass spectrometry for the study of non-covalent complexes: an emerging technology.,No PMCID coverage available.,publisher_pdf_or_user_download,No PMCID found via NCBI idconv; PDF fallback will be needed.
pmid-9783688,9783688,,10.1002/(sici)1096-9071(199811)56:3<217::aid-jmv7>3.0.co;2-a,Expression of interferon alpha/beta receptor in the liver of chronic hepatitis C patients.,No PMCID coverage available.,publisher_pdf_or_user_download,No PMCID found via NCBI idconv; PDF fallback will be needed.
pmid-9765423,9765423,PMC110295,10.1128/JVI.72.11.8789-8796.1998,The 3'-untranslated region of hepatitis C virus RNA enhances translation from an internal ribosomal entry site.,PMC XML unusable for normalization.,publisher_pdf_or_user_download,PMC XML body element is missing. Unusable PMC XML deleted from run artifacts.
pmid-9733813,9733813,PMC110087,10.1128/JVI.72.10.7772-7784.1998,Effect of immune activation on the dynamics of human immunodeficiency virus replication and on the distribution of viral quasispecies.,PMC XML unusable for normalization.,publisher_pdf_or_user_download,PMC XML body element is missing. Unusable PMC XML deleted from run artifacts.
pmid-9581891,9581891,,,The HIV type 1 coreceptor CCR5 and its role in viral transmission and disease progression.,No PMCID coverage available.,publisher_pdf_or_user_download,No PMCID found via NCBI idconv; PDF fallback will be needed.
pmid-9550655,9550655,,10.1093/ndt/13.3.731,Hepatitis C virus genotypes in patients on renal replacement therapy.,No PMCID coverage available.,publisher_pdf_or_user_download,No PMCID found via NCBI idconv; PDF fallback will be needed.
pmid-9672587,9672587,,10.1007/s007050050236,Expression and interaction of the hepatitis C virus structural proteins and the 5' untranslated region in baculovirus infected cells.,No PMCID coverage available.,publisher_pdf_or_user_download,No PMCID found via NCBI idconv; PDF fallback will be needed.
pmid-9476189,9476189,,,Interferon therapy in HCV-positive mixed cryoglobulinaemia: viral and host factors contributing to efficacy of the therapy.,No PMCID coverage available.,publisher_pdf_or_user_download,No PMCID found via NCBI idconv; PDF fallback will be needed.
pmid-9371602,9371602,PMC230246,10.1128/JVI.71.12.9417-9426.1997,Direct interaction of hepatitis C virus core protein with the cellular lymphotoxin-beta receptor modulates the signal pathway of the lymphotoxin-beta receptor.,PMC XML unusable for normalization.,publisher_pdf_or_user_download,PMC XML body element is missing. Unusable PMC XML deleted from run artifacts.
pmid-9371597,9371597,PMC230241,10.1128/JVI.71.12.9375-9382.1997,Repression of human immunodeficiency virus type 1 through the novel cooperation of human factors YY1 and LSF.,PMC XML unusable for normalization.,publisher_pdf_or_user_download,PMC XML body element is missing. Unusable PMC XML deleted from run artifacts.
pmid-9365244,9365244,,10.1038/sj.onc.1201571,KSHV ORF K9 (vIRF) is an oncogene which inhibits the interferon signaling pathway.,No PMCID coverage available.,publisher_pdf_or_user_download,No PMCID found via NCBI idconv; PDF fallback will be needed.
pmid-9349451,9349451,,10.1093/qjmed/90.9.587,Outcome of post-transfusion hepatitis C: disease severity in blood-component recipients and their implicated donors.,No PMCID coverage available.,publisher_pdf_or_user_download,No PMCID found via NCBI idconv; PDF fallback will be needed.
pmid-9294203,9294203,PMC23355,10.1073/pnas.94.19.10289,Severe genital herpes infections in HIV-infected individuals with impaired herpes simplex virus-specific CD8+ cytotoxic T lymphocyte responses.,PMC XML unusable for normalization.,publisher_pdf_or_user_download,PMC XML body element is missing. Unusable PMC XML deleted from run artifacts.
pmid-9201213,9201213,,10.1006/viro.1997.8600,Genetic analysis of internal ribosomal entry site on hepatitis C virus RNA: implication for involvement of the highly ordered structure and cell type-specific transacting factors.,No PMCID coverage available.,publisher_pdf_or_user_download,No PMCID found via NCBI idconv; PDF fallback will be needed.
pmid-9191926,9191926,,10.1099/0022-1317-78-6-1331,Analysis of hepatitis C virus core protein interaction domains.,No PMCID coverage available.,publisher_pdf_or_user_download,No PMCID found via NCBI idconv; PDF fallback will be needed.
pmid-9159223,9159223,,10.2741/a179,Pathogenesis and treatment of HIV-1 infection: recent developments.,No PMCID coverage available.,publisher_pdf_or_user_download,No PMCID found via NCBI idconv; PDF fallback will be needed.
pmid-9147825,9147825,,10.3109/13550289709015796,Genomic and template RNA transcription in a model of persistent enteroviral infection.,No PMCID coverage available.,publisher_pdf_or_user_download,No PMCID found via NCBI idconv; PDF fallback will be needed.
pmid-9116494,9116494,,10.1006/prep.1996.0674,Production of a thermostable DNA polymerase by site-specific cleavage of a heat-eluted affinity fusion protein.,No PMCID coverage available.,publisher_pdf_or_user_download,No PMCID found via NCBI idconv; PDF fallback will be needed.
pmid-8995696,8995696,PMC191227,10.1128/JVI.71.2.1662-1666.1997,The sequence element of the internal ribosome entry site and a 25-kilodalton cellular protein contribute to efficient internal initiation of translation of hepatitis C virus RNA.,PMC XML unusable for normalization.,publisher_pdf_or_user_download,PMC XML body element is missing. Unusable PMC XML deleted from run artifacts.
pmid-9013095,9013095,,10.1046/j.1365-2362.1996.610607.x,Development and exacerbation of oral lichen planus during and after interferon therapy for hepatitis C.,No PMCID coverage available.,publisher_pdf_or_user_download,No PMCID found via NCBI idconv; PDF fallback will be needed.
pmid-8970993,8970993,PMC190961,10.1128/JVI.70.12.8669-8674.1996,"Feline aminopeptidase N serves as a receptor for feline, canine, porcine, and human coronaviruses in serogroup I.",PMC XML unusable for normalization.,publisher_pdf_or_user_download,PMC XML body element is missing. Unusable PMC XML deleted from run artifacts.
pmid-8970952,8970952,PMC190920,10.1128/JVI.70.12.8332-8339.1996,Human immunodeficiency virus type 1 Rev function requires continued synthesis of its target mRNA.,PMC XML unusable for normalization.,publisher_pdf_or_user_download,PMC XML body element is missing. Unusable PMC XML deleted from run artifacts.
pmid-8955040,8955040,,10.1006/viro.1996.0648,Preliminary in vitro growth cycle and transmission studies of HIV-1 in an autologous primary cell assay of blood-derived macrophages and peripheral blood mononuclear cells.,No PMCID coverage available.,publisher_pdf_or_user_download,No PMCID found via NCBI idconv; PDF fallback will be needed.
pmid-8898424,8898424,,10.3109/00365529609003123,Treatment with recombinant interferon-alpha 2a for patients with chronic hepatitis C: predictive factors for biochemical and virologic response. Osaka Liver Disease Study Group.,No PMCID coverage available.,publisher_pdf_or_user_download,No PMCID found via NCBI idconv; PDF fallback will be needed.
pmid-8862403,8862403,,10.1006/viro.1996.0510,Hepatitis C virus core protein: carboxy-terminal boundaries of two processed species suggest cleavage by a signal peptide peptidase.,No PMCID coverage available.,publisher_pdf_or_user_download,No PMCID found via NCBI idconv; PDF fallback will be needed.
pmid-8853954,8853954,,10.1615/critrevneurobiol.v10.i1.30,Pathogenesis of HIV-1 associated neurodegeneration.,No PMCID coverage available.,publisher_pdf_or_user_download,No PMCID found via NCBI idconv; PDF fallback will be needed.
pmid-8843666,8843666,,10.1016/0021-9673(96)00184-7,Comparative peptide mapping of a hepatitis C viral recombinant protein by capillary electrophoresis and matrix-assisted laser desorption time-of-flight mass spectrometry.,No PMCID coverage available.,publisher_pdf_or_user_download,No PMCID found via NCBI idconv; PDF fallback will be needed.
pmid-8835353,8835353,,10.1002/(SICI)1096-9071(199602)48:2<184::AID-JMV11>3.0.CO;2-F,Influence of viraemia and genotype upon serological reactivity in screening assays for antibody to hepatitis C virus.,No PMCID coverage available.,publisher_pdf_or_user_download,No PMCID found via NCBI idconv; PDF fallback will be needed.
pmid-8817164,8817164,,10.1046/j.1365-2362.1996.167314.x,Quantitative analysis of HCV RNA and genotype in patients with chronic hepatitis C accompanied by oral lichen planus.,No PMCID coverage available.,publisher_pdf_or_user_download,No PMCID found via NCBI idconv; PDF fallback will be needed.
pmid-8811643,8811643,,10.1111/j.1365-2893.1996.tb00086.x,Virus and host factors are both important determinants of response to interferon treatment among patients with chronic hepatitis C.,No PMCID coverage available.,publisher_pdf_or_user_download,No PMCID found via NCBI idconv; PDF fallback will be needed.
pmid-8783635,8783635,,10.1016/s0022-2143(96)90029-3,Genetic determinants of susceptibility to coxsackievirus B1-induced chronic inflammatory myopathy: effects of host background and major histocompatibility complex genes.,No PMCID coverage available.,publisher_pdf_or_user_download,No PMCID found via NCBI idconv; PDF fallback will be needed.
pmid-8773905,8773905,,10.1016/s0168-8278(96)80135-8,"Epidemiological, clinical and therapeutic associations of hepatitis C types in western European patients.",No PMCID coverage available.,publisher_pdf_or_user_download,No PMCID found via NCBI idconv; PDF fallback will be needed.
pmid-8713520,8713520,,,Dengue haemorrhagic fever and the dengue shock syndrome in India.,No PMCID coverage available.,publisher_pdf_or_user_download,No PMCID found via NCBI idconv; PDF fallback will be needed.
pmid-8692620,8692620,,,Clinical and virologic features of hepatitis C virus infection associated with intravenous immunoglobulin.,No PMCID coverage available.,publisher_pdf_or_user_download,No PMCID found via NCBI idconv; PDF fallback will be needed.
pmid-11363930,11363930,,,A delicate balance: levels of HIV replication are strongly influenced by interaction of positive and negative host factors.,No PMCID coverage available.,publisher_pdf_or_user_download,No PMCID found via NCBI idconv; PDF fallback will be needed.
pmid-8875615,8875615,,,Mechanism of translation initiation on hepatitis C virus RNA.,No PMCID coverage available.,publisher_pdf_or_user_download,No PMCID found via NCBI idconv; PDF fallback will be needed.
pmid-8837877,8837877,,10.1016/0168-1702(95)00075-5,Coxsackieviral proteins functionally recognize the polioviral cloverleaf structure of the 5'-NTR of a chimeric enterovirus RNA: influence of species-specific host cell factors on virus growth.,No PMCID coverage available.,publisher_pdf_or_user_download,No PMCID found via NCBI idconv; PDF fallback will be needed.
pmid-7825205,7825205,,10.1046/j.1537-2995.1995.35295125732.x,Hepatitis C virus RNA in factor VIII concentrates.,No PMCID coverage available.,publisher_pdf_or_user_download,No PMCID found via NCBI idconv; PDF fallback will be needed.
pmid-7533115,7533115,,10.1016/0378-1119(94)00782-n,"Hepatitis C virus core protein: synthesis, affinity purification and immunoreactivity with infected human sera.",No PMCID coverage available.,publisher_pdf_or_user_download,No PMCID found via NCBI idconv; PDF fallback will be needed.
pmid-27214632,27214632,,10.1111/j.1365-2516.1995.tb00084.x,The impact of hepatitis C antibody screening of source plasma donors on hepatitis C virus RNA in factor VIII concentrates.,No PMCID coverage available.,publisher_pdf_or_user_download,No PMCID found via NCBI idconv; PDF fallback will be needed.
pmid-8200260,8200260,,10.1007/BF02093793,Viral and host factors that contribute to efficacy of interferon-alpha 2a therapy in patients with chronic hepatitis C.,No PMCID coverage available.,publisher_pdf_or_user_download,No PMCID found via NCBI idconv; PDF fallback will be needed.
pmid-8194127,8194127,,10.1016/0009-2797(94)90030-2,Ultraviolet irradiation and cytokines as regulators of HIV latency and expression.,No PMCID coverage available.,publisher_pdf_or_user_download,No PMCID found via NCBI idconv; PDF fallback will be needed.
pmid-8190669,8190669,,,Psychoneuroimmunology of HIV infection.,No PMCID coverage available.,publisher_pdf_or_user_download,No PMCID found via NCBI idconv; PDF fallback will be needed.
pmid-7993935,7993935,,10.1007/BF01696556,Molecular pathology of AIDS-related lymphomas. Biologic aspects and clinicopathologic heterogeneity.,No PMCID coverage available.,publisher_pdf_or_user_download,No PMCID found via NCBI idconv; PDF fallback will be needed.
pmid-7848686,7848686,,10.1089/aid.1994.10.1305,Mechanisms of HIV/SIV mucosal transmission.,No PMCID coverage available.,publisher_pdf_or_user_download,No PMCID found via NCBI idconv; PDF fallback will be needed.
pmid-7519807,7519807,,10.1006/viro.1994.1494,"Entry of coxsackievirus A9 into host cells: specific interactions with alpha v beta 3 integrin, the vitronectin receptor.",No PMCID coverage available.,publisher_pdf_or_user_download,No PMCID found via NCBI idconv; PDF fallback will be needed.
pmid-1602550,1602550,PMC241243,10.1128/JVI.66.7.4364-4376.1992,Conservation of RNA-protein interactions among picornaviruses.,PMC XML unusable for normalization.,publisher_pdf_or_user_download,PMC XML body element is missing. Unusable PMC XML deleted from run artifacts.
pmid-1511177,1511177,,10.1016/s0950-3536(11)80020-x,Viruses and the blood.,No PMCID coverage available.,publisher_pdf_or_user_download,No PMCID found via NCBI idconv; PDF fallback will be needed.
pmid-1279199,1279199,PMC240407,10.1128/JVI.66.12.7159-7167.1992,Effects of the human immunodeficiency virus type 1 Tat protein on the expression of inflammatory cytokines.,PMC XML unusable for normalization.,publisher_pdf_or_user_download,PMC XML body element is missing. Unusable PMC XML deleted from run artifacts.
pmid-1848602,1848602,,10.1099/0022-1317-72-3-677,"Sequence of the major nucleocapsid protein gene of pneumonia virus of mice: sequence comparisons suggest structural homology between nucleocapsid proteins of pneumoviruses, paramyxoviruses, rhabdoviruses and filoviruses.",No PMCID coverage available.,publisher_pdf_or_user_download,No PMCID found via NCBI idconv; PDF fallback will be needed.
pmid-1708818,1708818,,,"Translational regulation by HIV leader RNA, TAT, and interferon-inducible enzymes.",No PMCID coverage available.,publisher_pdf_or_user_download,No PMCID found via NCBI idconv; PDF fallback will be needed.
pmid-2548562,2548562,PMC2040566,,Coxsackievirus B3-induced acute pancreatitis: analysis of histopathological and viral parameters in a mouse model.,PMC XML unusable for normalization.,publisher_pdf_or_user_download,PMC XML body element is missing. Unusable PMC XML deleted from run artifacts.
pmid-6246572,6246572,,10.1093/schbul/6.2.347,Studies of platelet monoamine oxidase activity in Epstein-Barr and dengue virus infections.,No PMCID coverage available.,publisher_pdf_or_user_download,No PMCID found via NCBI idconv; PDF fallback will be needed.
