paper_id,pmid,doi,title,year,priority,shortlist_decision,evidence_category,learned_criteria_matched,shortlist_rationale,source_query,abstract_reviewer2_decision,promotion_decision
pmid-16003751,16003751,10.1002/ijc.21290,Enhanced cytotoxicity induced by gefitinib and specific inhibitors of the Ras or phosphatidyl inositol-3 kinase pathways in non-small cell lung cancer cells.,2006,high,request_pdf,strong_learned_match,manual pass-2 promotion: title/query matched PI3K-alpha inhibitor resistance/sensitization learned criteria,Request PDF: strongest PDF-only learned match for final access triage.,"((PIK3CA[Title/Abstract] OR ""PI3K alpha""[Title/Abstract] OR ""PI3K-alpha""[Title/Abstract]) AND (""PI3K inhibitor""[Title/Abstract] OR ""PI3K-alpha inhibitor""[Title/Abstract] OR ""PI3K alpha inhibitor""[Title/Abstract] OR alpelisib[Title/Abstract] OR BYL719[Title/Abstract] OR inavolisib[Title/Abstract]) AND (""RTK""[Title/Abstract] OR HER3[Title/Abstract] OR ERBB3[Title/Abstract] OR insulin[Title/Abstract] OR IGF1R[Title/Abstract] OR ESR1[Title/Abstract] OR PTEN[Title/Abstract] OR RB1[Title/Abstract] OR NF1[Title/Abstract] OR ""vertical inhibition""[Title/Abstract] OR ""pathway rebound""[Title/Abstract] OR ""feedback activation""[Title/Abstract]))",confirm_include,advance_to_import
pmid-18059185,18059185,10.4161/cbt.7.2.5334,Response and determinants of cancer cell susceptibility to PI3K inhibitors: combined targeting of PI3K and Mek1 as an effective anticancer strategy.,2008,high,request_pdf,strong_learned_match,manual pass-2 promotion: title/query matched PI3K-alpha inhibitor resistance/sensitization learned criteria,Request PDF: strongest PDF-only learned match for final access triage.,"((PIK3CA[Title/Abstract] OR ""PI3K alpha""[Title/Abstract] OR ""PI3K-alpha""[Title/Abstract]) AND (""PI3K inhibitor""[Title/Abstract] OR ""PI3K-alpha inhibitor""[Title/Abstract] OR ""PI3K alpha inhibitor""[Title/Abstract] OR alpelisib[Title/Abstract] OR BYL719[Title/Abstract] OR inavolisib[Title/Abstract]) AND (""RTK""[Title/Abstract] OR HER3[Title/Abstract] OR ERBB3[Title/Abstract] OR insulin[Title/Abstract] OR IGF1R[Title/Abstract] OR ESR1[Title/Abstract] OR PTEN[Title/Abstract] OR RB1[Title/Abstract] OR NF1[Title/Abstract] OR ""vertical inhibition""[Title/Abstract] OR ""pathway rebound""[Title/Abstract] OR ""feedback activation""[Title/Abstract]))",confirm_include,advance_to_import
pmid-20522531,20522531,10.1124/jpet.110.167940,"WJD008, a dual phosphatidylinositol 3-kinase (PI3K)/mammalian target of rapamycin inhibitor, prevents PI3K signaling and inhibits the proliferation of transformed cells with oncogenic PI3K mutant.",2010,high,request_pdf,strong_learned_match,manual pass-2 promotion: title/query matched PI3K-alpha inhibitor resistance/sensitization learned criteria,Request PDF: strongest PDF-only learned match for final access triage.,"((PIK3CA[Title/Abstract] OR ""PI3K alpha""[Title/Abstract] OR ""PI3K-alpha""[Title/Abstract]) AND (""PI3K inhibitor""[Title/Abstract] OR ""PI3K-alpha inhibitor""[Title/Abstract] OR ""PI3K alpha inhibitor""[Title/Abstract] OR alpelisib[Title/Abstract] OR BYL719[Title/Abstract] OR inavolisib[Title/Abstract]) AND (""RTK""[Title/Abstract] OR HER3[Title/Abstract] OR ERBB3[Title/Abstract] OR insulin[Title/Abstract] OR IGF1R[Title/Abstract] OR ESR1[Title/Abstract] OR PTEN[Title/Abstract] OR RB1[Title/Abstract] OR NF1[Title/Abstract] OR ""vertical inhibition""[Title/Abstract] OR ""pathway rebound""[Title/Abstract] OR ""feedback activation""[Title/Abstract]))",confirm_include,advance_to_import
pmid-22975517,22975517,10.1248/bpb.b12-00327,Development of an immunohistochemical protein quantification system in conjunction with tissue microarray technology for identifying predictive biomarkers for phosphatidylinositol 3-kinase inhibitors.,2012,high,request_pdf,strong_learned_match,manual pass-2 promotion: title/query matched PI3K-alpha inhibitor resistance/sensitization learned criteria,Request PDF: strongest PDF-only learned match for final access triage.,"((PIK3CA[Title/Abstract] OR ""PI3K alpha""[Title/Abstract] OR ""PI3K-alpha""[Title/Abstract]) AND (""PI3K inhibitor""[Title/Abstract] OR ""PI3K-alpha inhibitor""[Title/Abstract] OR ""PI3K alpha inhibitor""[Title/Abstract] OR alpelisib[Title/Abstract] OR BYL719[Title/Abstract] OR inavolisib[Title/Abstract]) AND (""RTK""[Title/Abstract] OR HER3[Title/Abstract] OR ERBB3[Title/Abstract] OR insulin[Title/Abstract] OR IGF1R[Title/Abstract] OR ESR1[Title/Abstract] OR PTEN[Title/Abstract] OR RB1[Title/Abstract] OR NF1[Title/Abstract] OR ""vertical inhibition""[Title/Abstract] OR ""pathway rebound""[Title/Abstract] OR ""feedback activation""[Title/Abstract]))",confirm_include,advance_to_import
pmid-22188813,22188813,10.1158/1535-7163.MCT-11-0474,"Identification and characterization of NVP-BKM120, an orally available pan-class I PI3-kinase inhibitor.",2012,high,request_pdf,strong_learned_match,manual pass-2 promotion: title/query matched PI3K-alpha inhibitor resistance/sensitization learned criteria,Request PDF: strongest PDF-only learned match for final access triage.,"((PIK3CA[Title/Abstract] OR ""PI3K alpha""[Title/Abstract] OR ""PI3K-alpha""[Title/Abstract]) AND (""PI3K inhibitor""[Title/Abstract] OR ""PI3K-alpha inhibitor""[Title/Abstract] OR ""PI3K alpha inhibitor""[Title/Abstract] OR alpelisib[Title/Abstract] OR BYL719[Title/Abstract] OR inavolisib[Title/Abstract]) AND (""RTK""[Title/Abstract] OR HER3[Title/Abstract] OR ERBB3[Title/Abstract] OR insulin[Title/Abstract] OR IGF1R[Title/Abstract] OR ESR1[Title/Abstract] OR PTEN[Title/Abstract] OR RB1[Title/Abstract] OR NF1[Title/Abstract] OR ""vertical inhibition""[Title/Abstract] OR ""pathway rebound""[Title/Abstract] OR ""feedback activation""[Title/Abstract]))",confirm_include,advance_to_import
pmid-22723336,22723336,10.1158/1535-7163.MCT-12-0290,Molecular profiling of patients with colorectal cancer and matched targeted therapy in phase I clinical trials.,2012,high,request_pdf,strong_learned_match,manual pass-2 promotion: title/query matched PI3K-alpha inhibitor resistance/sensitization learned criteria,Request PDF: strongest PDF-only learned match for final access triage.,"((PIK3CA[Title/Abstract] OR ""PI3K alpha""[Title/Abstract] OR ""PI3K-alpha""[Title/Abstract]) AND (""PI3K inhibitor""[Title/Abstract] OR ""PI3K-alpha inhibitor""[Title/Abstract] OR ""PI3K alpha inhibitor""[Title/Abstract] OR alpelisib[Title/Abstract] OR BYL719[Title/Abstract] OR inavolisib[Title/Abstract]) AND (""RTK""[Title/Abstract] OR HER3[Title/Abstract] OR ERBB3[Title/Abstract] OR insulin[Title/Abstract] OR IGF1R[Title/Abstract] OR ESR1[Title/Abstract] OR PTEN[Title/Abstract] OR RB1[Title/Abstract] OR NF1[Title/Abstract] OR ""vertical inhibition""[Title/Abstract] OR ""pathway rebound""[Title/Abstract] OR ""feedback activation""[Title/Abstract]))",confirm_include,advance_to_import
pmid-23136191,23136191,10.1158/1078-0432.CCR-12-2347,Phosphoinositide 3-kinase (PI3K) pathway alterations are associated with histologic subtypes and are predictive of sensitivity to PI3K inhibitors in lung cancer preclinical models.,2012,high,request_pdf,strong_learned_match,manual pass-2 promotion: title/query matched PI3K-alpha inhibitor resistance/sensitization learned criteria,Request PDF: strongest PDF-only learned match for final access triage.,"((PIK3CA[Title/Abstract] OR ""PI3K alpha""[Title/Abstract] OR ""PI3K-alpha""[Title/Abstract]) AND (""PI3K inhibitor""[Title/Abstract] OR ""PI3K-alpha inhibitor""[Title/Abstract] OR ""PI3K alpha inhibitor""[Title/Abstract] OR alpelisib[Title/Abstract] OR BYL719[Title/Abstract] OR inavolisib[Title/Abstract]) AND (""RTK""[Title/Abstract] OR HER3[Title/Abstract] OR ERBB3[Title/Abstract] OR insulin[Title/Abstract] OR IGF1R[Title/Abstract] OR ESR1[Title/Abstract] OR PTEN[Title/Abstract] OR RB1[Title/Abstract] OR NF1[Title/Abstract] OR ""vertical inhibition""[Title/Abstract] OR ""pathway rebound""[Title/Abstract] OR ""feedback activation""[Title/Abstract]))",confirm_include,advance_to_import
pmid-23403163,23403163,10.1016/j.ygyno.2013.02.008,Combination of a novel HDAC inhibitor OBP-801/YM753 and a PI3K inhibitor LY294002 synergistically induces apoptosis in human endometrial carcinoma cells due to increase of Bim with accumulation of ROS.,2013,high,request_pdf,strong_learned_match,manual pass-2 promotion: title/query matched PI3K-alpha inhibitor resistance/sensitization learned criteria,Request PDF: strongest PDF-only learned match for final access triage.,"((PIK3CA[Title/Abstract] OR ""PI3K alpha""[Title/Abstract] OR ""PI3K-alpha""[Title/Abstract]) AND (""PI3K inhibitor""[Title/Abstract] OR ""PI3K-alpha inhibitor""[Title/Abstract] OR ""PI3K alpha inhibitor""[Title/Abstract] OR alpelisib[Title/Abstract] OR BYL719[Title/Abstract] OR inavolisib[Title/Abstract]) AND (""RTK""[Title/Abstract] OR HER3[Title/Abstract] OR ERBB3[Title/Abstract] OR insulin[Title/Abstract] OR IGF1R[Title/Abstract] OR ESR1[Title/Abstract] OR PTEN[Title/Abstract] OR RB1[Title/Abstract] OR NF1[Title/Abstract] OR ""vertical inhibition""[Title/Abstract] OR ""pathway rebound""[Title/Abstract] OR ""feedback activation""[Title/Abstract]))",confirm_include,advance_to_import
pmid-23200321,23200321,10.1016/j.molonc.2012.11.001,Molecular phenotype predicts sensitivity of squamous cell carcinoma of the head and neck to epidermal growth factor receptor inhibition.,2013,high,request_pdf,strong_learned_match,manual pass-2 promotion: title/query matched PI3K-alpha inhibitor resistance/sensitization learned criteria,Request PDF: strongest PDF-only learned match for final access triage.,"((PIK3CA[Title/Abstract] OR ""PI3K alpha""[Title/Abstract] OR ""PI3K-alpha""[Title/Abstract]) AND (""PI3K inhibitor""[Title/Abstract] OR ""PI3K-alpha inhibitor""[Title/Abstract] OR ""PI3K alpha inhibitor""[Title/Abstract] OR alpelisib[Title/Abstract] OR BYL719[Title/Abstract] OR inavolisib[Title/Abstract]) AND (""RTK""[Title/Abstract] OR HER3[Title/Abstract] OR ERBB3[Title/Abstract] OR insulin[Title/Abstract] OR IGF1R[Title/Abstract] OR ESR1[Title/Abstract] OR PTEN[Title/Abstract] OR RB1[Title/Abstract] OR NF1[Title/Abstract] OR ""vertical inhibition""[Title/Abstract] OR ""pathway rebound""[Title/Abstract] OR ""feedback activation""[Title/Abstract]))",confirm_include,advance_to_import
pmid-25285632,25285632,10.1016/j.bbrc.2014.09.129,An IL6-STAT3 loop mediates resistance to PI3K inhibitors by inducing epithelial-mesenchymal transition and cancer stem cell expansion in human breast cancer cells.,2014,high,request_pdf,strong_learned_match,manual pass-2 promotion: title/query matched PI3K-alpha inhibitor resistance/sensitization learned criteria,Request PDF: strongest PDF-only learned match for final access triage.,"((PIK3CA[Title/Abstract] OR ""PI3K alpha""[Title/Abstract] OR ""PI3K-alpha""[Title/Abstract]) AND (""PI3K inhibitor""[Title/Abstract] OR ""PI3K-alpha inhibitor""[Title/Abstract] OR ""PI3K alpha inhibitor""[Title/Abstract] OR alpelisib[Title/Abstract] OR BYL719[Title/Abstract] OR inavolisib[Title/Abstract]) AND (""RTK""[Title/Abstract] OR HER3[Title/Abstract] OR ERBB3[Title/Abstract] OR insulin[Title/Abstract] OR IGF1R[Title/Abstract] OR ESR1[Title/Abstract] OR PTEN[Title/Abstract] OR RB1[Title/Abstract] OR NF1[Title/Abstract] OR ""vertical inhibition""[Title/Abstract] OR ""pathway rebound""[Title/Abstract] OR ""feedback activation""[Title/Abstract]))",confirm_include,advance_to_import
pmid-24561032,24561032,10.1016/j.ygyno.2014.02.022,Assessing the efficacy of targeting the phosphatidylinositol 3-kinase/AKT/mTOR signaling pathway in endometrial cancer.,2014,high,request_pdf,strong_learned_match,manual pass-2 promotion: title/query matched PI3K-alpha inhibitor resistance/sensitization learned criteria,Request PDF: strongest PDF-only learned match for final access triage.,"((PIK3CA[Title/Abstract] OR ""PI3K alpha""[Title/Abstract] OR ""PI3K-alpha""[Title/Abstract]) AND (""PI3K inhibitor""[Title/Abstract] OR ""PI3K-alpha inhibitor""[Title/Abstract] OR ""PI3K alpha inhibitor""[Title/Abstract] OR alpelisib[Title/Abstract] OR BYL719[Title/Abstract] OR inavolisib[Title/Abstract]) AND (""RTK""[Title/Abstract] OR HER3[Title/Abstract] OR ERBB3[Title/Abstract] OR insulin[Title/Abstract] OR IGF1R[Title/Abstract] OR ESR1[Title/Abstract] OR PTEN[Title/Abstract] OR RB1[Title/Abstract] OR NF1[Title/Abstract] OR ""vertical inhibition""[Title/Abstract] OR ""pathway rebound""[Title/Abstract] OR ""feedback activation""[Title/Abstract]))",confirm_include,advance_to_import
pmid-24608574,24608574,10.1158/1535-7163.MCT-13-0865,Characterization of the novel and specific PI3Kα inhibitor NVP-BYL719 and development of the patient stratification strategy for clinical trials.,2014,high,request_pdf,strong_learned_match,manual pass-2 promotion: title/query matched PI3K-alpha inhibitor resistance/sensitization learned criteria,Request PDF: strongest PDF-only learned match for final access triage.,"((alpelisib[Title/Abstract] OR BYL719[Title/Abstract] OR inavolisib[Title/Abstract] OR ""GDC-0077""[Title/Abstract] OR RLY2608[Title/Abstract] OR ""RLY-2608""[Title/Abstract]) AND (PIK3CA[Title/Abstract] OR ""PI3K alpha""[Title/Abstract] OR ""PI3K-alpha""[Title/Abstract] OR ""p110 alpha""[Title/Abstract] OR p110alpha[Title/Abstract]) AND (resistance[Title/Abstract] OR resistant[Title/Abstract] OR sensitivity[Title/Abstract] OR sensitization[Title/Abstract] OR adaptive[Title/Abstract] OR feedback[Title/Abstract] OR bypass[Title/Abstract] OR biomarker[Title/Abstract] OR mutation[Title/Abstract])); ((PIK3CA[Title/Abstract] OR ""PI3K alpha""[Title/Abstract] OR ""PI3K-alpha""[Title/Abstract]) AND (""PI3K inhibitor""[Title/Abstract] OR ""PI3K-alpha inhibitor""[Title/Abstract] OR ""PI3K alpha inhibitor""[Title/Abstract] OR alpelisib[Title/Abstract] OR BYL719[Title/Abstract] OR inavolisib[Title/Abstract]) AND (""RTK""[Title/Abstract] OR HER3[Title/Abstract] OR ERBB3[Title/Abstract] OR insulin[Title/Abstract] OR IGF1R[Title/Abstract] OR ESR1[Title/Abstract] OR PTEN[Title/Abstract] OR RB1[Title/Abstract] OR NF1[Title/Abstract] OR ""vertical inhibition""[Title/Abstract] OR ""pathway rebound""[Title/Abstract] OR ""feedback activation""[Title/Abstract]))",confirm_include,advance_to_import
pmid-25146167,25146167,10.1007/s00428-014-1641-3,"Complex interactions between the components of the PI3K/AKT/mTOR pathway, and with components of MAPK, JAK/STAT and Notch-1 pathways, indicate their involvement in meningioma development.",2014,low,defer_pdf,access_uncertain,pi3k-alpha; inhibitor; pathway; feedback; for; pi3k,Defer PDF: paper matches run terms but lacks explicit PMC-learned mechanism criteria in title/abstract.,"((PIK3CA[Title/Abstract] OR ""PI3K alpha""[Title/Abstract] OR ""PI3K-alpha""[Title/Abstract]) AND (""PI3K inhibitor""[Title/Abstract] OR ""PI3K-alpha inhibitor""[Title/Abstract] OR ""PI3K alpha inhibitor""[Title/Abstract] OR alpelisib[Title/Abstract] OR BYL719[Title/Abstract] OR inavolisib[Title/Abstract]) AND (""RTK""[Title/Abstract] OR HER3[Title/Abstract] OR ERBB3[Title/Abstract] OR insulin[Title/Abstract] OR IGF1R[Title/Abstract] OR ESR1[Title/Abstract] OR PTEN[Title/Abstract] OR RB1[Title/Abstract] OR NF1[Title/Abstract] OR ""vertical inhibition""[Title/Abstract] OR ""pathway rebound""[Title/Abstract] OR ""feedback activation""[Title/Abstract]))",confirm_include,advance_to_import
pmid-24895459,24895459,10.1158/1078-0432.CCR-13-3377,Cotargeting of epidermal growth factor receptor and PI3K overcomes PI3K-Akt oncogenic dependence in pancreatic ductal adenocarcinoma.,2014,low,defer_pdf,access_uncertain,pi3k-alpha; inhibitor; response; resistance; pathway; inhibitors; sensitization; feedback,Defer PDF: paper matches run terms but lacks explicit PMC-learned mechanism criteria in title/abstract.,"((alpelisib[Title/Abstract] OR BYL719[Title/Abstract] OR inavolisib[Title/Abstract] OR ""GDC-0077""[Title/Abstract] OR RLY2608[Title/Abstract] OR ""RLY-2608""[Title/Abstract]) AND (PIK3CA[Title/Abstract] OR ""PI3K alpha""[Title/Abstract] OR ""PI3K-alpha""[Title/Abstract] OR ""p110 alpha""[Title/Abstract] OR p110alpha[Title/Abstract]) AND (resistance[Title/Abstract] OR resistant[Title/Abstract] OR sensitivity[Title/Abstract] OR sensitization[Title/Abstract] OR adaptive[Title/Abstract] OR feedback[Title/Abstract] OR bypass[Title/Abstract] OR biomarker[Title/Abstract] OR mutation[Title/Abstract])); ((alpelisib[Title/Abstract] OR BYL719[Title/Abstract] OR inavolisib[Title/Abstract] OR ""GDC-0077""[Title/Abstract]) AND (combination[Title/Abstract] OR synergy[Title/Abstract] OR synergistic[Title/Abstract] OR sensitization[Title/Abstract] OR sensitizes[Title/Abstract] OR resensitization[Title/Abstract]) AND (PIK3CA[Title/Abstract] OR ""PI3K alpha""[Title/Abstract] OR ""PI3K-alpha""[Title/Abstract] OR endocrine[Title/Abstract] OR HER2[Title/Abstract] OR ERBB[Title/Abstract] OR mTOR[Title/Abstract] OR MEK[Title/Abstract] OR MAPK[Title/Abstract] OR CDK4[Title/Abstract] OR CDK6[Title/Abstract] OR AKT[Title/Abstract])); ((PIK3CA[Title/Abstract] OR ""PI3K alpha""[Title/Abstract] OR ""PI3K-alpha""[Title/Abstract]) AND (""PI3K inhibitor""[Title/Abstract] OR ""PI3K-alpha inhibitor""[Title/Abstract] OR ""PI3K alpha inhibitor""[Title/Abstract] OR alpelisib[Title/Abstract] OR BYL719[Title/Abstract] OR inavolisib[Title/Abstract]) AND (""RTK""[Title/Abstract] OR HER3[Title/Abstract] OR ERBB3[Title/Abstract] OR insulin[Title/Abstract] OR IGF1R[Title/Abstract] OR ESR1[Title/Abstract] OR PTEN[Title/Abstract] OR RB1[Title/Abstract] OR NF1[Title/Abstract] OR ""vertical inhibition""[Title/Abstract] OR ""pathway rebound""[Title/Abstract] OR ""feedback activation""[Title/Abstract]))",confirm_include,advance_to_import
pmid-24563619,24563619,10.1593/neo.131694,Doubling down on the PI3K-AKT-mTOR pathway enhances the antitumor efficacy of PARP inhibitor in triple negative breast cancer model beyond BRCA-ness.,2014,low,defer_pdf,access_uncertain,pi3k-alpha; inhibitor; pathway; when; sensitization; feedback; combination; pi3k,Defer PDF: paper matches run terms but lacks explicit PMC-learned mechanism criteria in title/abstract.,"((PIK3CA[Title/Abstract] OR ""PI3K alpha""[Title/Abstract] OR ""PI3K-alpha""[Title/Abstract]) AND (""PI3K inhibitor""[Title/Abstract] OR ""PI3K-alpha inhibitor""[Title/Abstract] OR ""PI3K alpha inhibitor""[Title/Abstract] OR alpelisib[Title/Abstract] OR BYL719[Title/Abstract] OR inavolisib[Title/Abstract]) AND (""RTK""[Title/Abstract] OR HER3[Title/Abstract] OR ERBB3[Title/Abstract] OR insulin[Title/Abstract] OR IGF1R[Title/Abstract] OR ESR1[Title/Abstract] OR PTEN[Title/Abstract] OR RB1[Title/Abstract] OR NF1[Title/Abstract] OR ""vertical inhibition""[Title/Abstract] OR ""pathway rebound""[Title/Abstract] OR ""feedback activation""[Title/Abstract]))",confirm_include,advance_to_import
pmid-24405121,24405121,10.1111/bjh.12734,"PI3KCA plays a major role in multiple myeloma and its inhibition with BYL719 decreases proliferation, synergizes with other therapies and overcomes stroma-induced resistance.",2014,low,defer_pdf,access_uncertain,pi3k-alpha; inhibitor; resistance; pathway; sensitization; feedback; bypass; combination,Defer PDF: paper matches run terms but lacks explicit PMC-learned mechanism criteria in title/abstract.,"((alpelisib[Title/Abstract] OR BYL719[Title/Abstract] OR inavolisib[Title/Abstract] OR ""GDC-0077""[Title/Abstract] OR RLY2608[Title/Abstract] OR ""RLY-2608""[Title/Abstract]) AND (PIK3CA[Title/Abstract] OR ""PI3K alpha""[Title/Abstract] OR ""PI3K-alpha""[Title/Abstract] OR ""p110 alpha""[Title/Abstract] OR p110alpha[Title/Abstract]) AND (resistance[Title/Abstract] OR resistant[Title/Abstract] OR sensitivity[Title/Abstract] OR sensitization[Title/Abstract] OR adaptive[Title/Abstract] OR feedback[Title/Abstract] OR bypass[Title/Abstract] OR biomarker[Title/Abstract] OR mutation[Title/Abstract])); ((alpelisib[Title/Abstract] OR BYL719[Title/Abstract] OR inavolisib[Title/Abstract] OR ""GDC-0077""[Title/Abstract]) AND (combination[Title/Abstract] OR synergy[Title/Abstract] OR synergistic[Title/Abstract] OR sensitization[Title/Abstract] OR sensitizes[Title/Abstract] OR resensitization[Title/Abstract]) AND (PIK3CA[Title/Abstract] OR ""PI3K alpha""[Title/Abstract] OR ""PI3K-alpha""[Title/Abstract] OR endocrine[Title/Abstract] OR HER2[Title/Abstract] OR ERBB[Title/Abstract] OR mTOR[Title/Abstract] OR MEK[Title/Abstract] OR MAPK[Title/Abstract] OR CDK4[Title/Abstract] OR CDK6[Title/Abstract] OR AKT[Title/Abstract]))",confirm_include,advance_to_import
pmid-24652201,24652201,10.1007/s10637-014-0082-9,"Phase I dose-escalation and -expansion study of buparlisib (BKM120), an oral pan-Class I PI3K inhibitor, in patients with advanced solid tumors.",2014,low,defer_pdf,access_uncertain,pi3k-alpha; inhibitor; response; pathway; feedback; combination; for; pi3k,Defer PDF: paper matches run terms but lacks explicit PMC-learned mechanism criteria in title/abstract.,"((PIK3CA[Title/Abstract] OR ""PI3K alpha""[Title/Abstract] OR ""PI3K-alpha""[Title/Abstract]) AND (""PI3K inhibitor""[Title/Abstract] OR ""PI3K-alpha inhibitor""[Title/Abstract] OR ""PI3K alpha inhibitor""[Title/Abstract] OR alpelisib[Title/Abstract] OR BYL719[Title/Abstract] OR inavolisib[Title/Abstract]) AND (""RTK""[Title/Abstract] OR HER3[Title/Abstract] OR ERBB3[Title/Abstract] OR insulin[Title/Abstract] OR IGF1R[Title/Abstract] OR ESR1[Title/Abstract] OR PTEN[Title/Abstract] OR RB1[Title/Abstract] OR NF1[Title/Abstract] OR ""vertical inhibition""[Title/Abstract] OR ""pathway rebound""[Title/Abstract] OR ""feedback activation""[Title/Abstract]))",confirm_include,advance_to_import
pmid-23960014,23960014,10.1002/ijc.28444,"Phosphatidylinositol-3-kinase pathway aberrations in gastric and colorectal cancer: meta-analysis, co-occurrence and ethnic variation.",2014,low,defer_pdf,access_uncertain,pi3k-alpha; inhibitor; pathway; feedback; signaling; for; pi3k; clinical,Defer PDF: paper matches run terms but lacks explicit PMC-learned mechanism criteria in title/abstract.,"((PIK3CA[Title/Abstract] OR ""PI3K alpha""[Title/Abstract] OR ""PI3K-alpha""[Title/Abstract]) AND (""PI3K inhibitor""[Title/Abstract] OR ""PI3K-alpha inhibitor""[Title/Abstract] OR ""PI3K alpha inhibitor""[Title/Abstract] OR alpelisib[Title/Abstract] OR BYL719[Title/Abstract] OR inavolisib[Title/Abstract]) AND (""RTK""[Title/Abstract] OR HER3[Title/Abstract] OR ERBB3[Title/Abstract] OR insulin[Title/Abstract] OR IGF1R[Title/Abstract] OR ESR1[Title/Abstract] OR PTEN[Title/Abstract] OR RB1[Title/Abstract] OR NF1[Title/Abstract] OR ""vertical inhibition""[Title/Abstract] OR ""pathway rebound""[Title/Abstract] OR ""feedback activation""[Title/Abstract]))",confirm_include,advance_to_import
pmid-25317974,25317974,10.1021/ci500493m,Structure and ligand-based design of mTOR and PI3-kinase inhibitors leading to the clinical candidates VS-5584 (SB2343) and SB2602.,2014,low,defer_pdf,access_uncertain,pi3k-alpha; inhibitor; pathway; inhibitors; feedback; signaling; for; pi3k,Defer PDF: paper matches run terms but lacks explicit PMC-learned mechanism criteria in title/abstract.,"((PIK3CA[Title/Abstract] OR ""PI3K alpha""[Title/Abstract] OR ""PI3K-alpha""[Title/Abstract]) AND (""PI3K inhibitor""[Title/Abstract] OR ""PI3K-alpha inhibitor""[Title/Abstract] OR ""PI3K alpha inhibitor""[Title/Abstract] OR alpelisib[Title/Abstract] OR BYL719[Title/Abstract] OR inavolisib[Title/Abstract]) AND (""RTK""[Title/Abstract] OR HER3[Title/Abstract] OR ERBB3[Title/Abstract] OR insulin[Title/Abstract] OR IGF1R[Title/Abstract] OR ESR1[Title/Abstract] OR PTEN[Title/Abstract] OR RB1[Title/Abstract] OR NF1[Title/Abstract] OR ""vertical inhibition""[Title/Abstract] OR ""pathway rebound""[Title/Abstract] OR ""feedback activation""[Title/Abstract]))",confirm_include,advance_to_import
pmid-24879796,24879796,10.1158/1078-0432.CCR-13-2769,Targeting PI3K/mTOR overcomes resistance to HER2-targeted therapy independent of feedback activation of AKT.,2014,low,defer_pdf,access_uncertain,pi3k-alpha; inhibitor; resistance; pathway; inhibitors; sensitization; feedback; bypass,Defer PDF: paper matches run terms but lacks explicit PMC-learned mechanism criteria in title/abstract.,"((alpelisib[Title/Abstract] OR BYL719[Title/Abstract] OR inavolisib[Title/Abstract] OR ""GDC-0077""[Title/Abstract] OR RLY2608[Title/Abstract] OR ""RLY-2608""[Title/Abstract]) AND (PIK3CA[Title/Abstract] OR ""PI3K alpha""[Title/Abstract] OR ""PI3K-alpha""[Title/Abstract] OR ""p110 alpha""[Title/Abstract] OR p110alpha[Title/Abstract]) AND (resistance[Title/Abstract] OR resistant[Title/Abstract] OR sensitivity[Title/Abstract] OR sensitization[Title/Abstract] OR adaptive[Title/Abstract] OR feedback[Title/Abstract] OR bypass[Title/Abstract] OR biomarker[Title/Abstract] OR mutation[Title/Abstract])); ((alpelisib[Title/Abstract] OR BYL719[Title/Abstract] OR inavolisib[Title/Abstract] OR ""GDC-0077""[Title/Abstract]) AND (combination[Title/Abstract] OR synergy[Title/Abstract] OR synergistic[Title/Abstract] OR sensitization[Title/Abstract] OR sensitizes[Title/Abstract] OR resensitization[Title/Abstract]) AND (PIK3CA[Title/Abstract] OR ""PI3K alpha""[Title/Abstract] OR ""PI3K-alpha""[Title/Abstract] OR endocrine[Title/Abstract] OR HER2[Title/Abstract] OR ERBB[Title/Abstract] OR mTOR[Title/Abstract] OR MEK[Title/Abstract] OR MAPK[Title/Abstract] OR CDK4[Title/Abstract] OR CDK6[Title/Abstract] OR AKT[Title/Abstract]))",confirm_include,advance_to_import
pmid-25528022,25528022,10.1007/s10549-014-3239-5,A preclinical evaluation of the PI3K alpha/delta dominant inhibitor BAY 80-6946 in HER2-positive breast cancer models with acquired resistance to the HER2-targeted therapies trastuzumab and lapatinib.,2015,low,defer_pdf,access_uncertain,pi3k-alpha; inhibitor; response; resistance; pathway; when; inhibitors; feedback,Defer PDF: paper matches run terms but lacks explicit PMC-learned mechanism criteria in title/abstract.,"((PIK3CA[Title/Abstract] OR ""PI3K alpha""[Title/Abstract] OR ""PI3K-alpha""[Title/Abstract]) AND (""PI3K inhibitor""[Title/Abstract] OR ""PI3K-alpha inhibitor""[Title/Abstract] OR ""PI3K alpha inhibitor""[Title/Abstract] OR alpelisib[Title/Abstract] OR BYL719[Title/Abstract] OR inavolisib[Title/Abstract]) AND (""RTK""[Title/Abstract] OR HER3[Title/Abstract] OR ERBB3[Title/Abstract] OR insulin[Title/Abstract] OR IGF1R[Title/Abstract] OR ESR1[Title/Abstract] OR PTEN[Title/Abstract] OR RB1[Title/Abstract] OR NF1[Title/Abstract] OR ""vertical inhibition""[Title/Abstract] OR ""pathway rebound""[Title/Abstract] OR ""feedback activation""[Title/Abstract]))",confirm_include,advance_to_import
pmid-25342139,25342139,10.1007/s10637-014-0163-9,"BYL719, a selective inhibitor of phosphoinositide 3-Kinase α, enhances the effect of selumetinib (AZD6244, ARRY-142886) in KRAS-mutant non-small cell lung cancer.",2015,low,defer_pdf,access_uncertain,pi3k-alpha; inhibitor; resistance; pathway; inhibitors; sensitization; combination; for,Defer PDF: paper matches run terms but lacks explicit PMC-learned mechanism criteria in title/abstract.,"((alpelisib[Title/Abstract] OR BYL719[Title/Abstract] OR inavolisib[Title/Abstract] OR ""GDC-0077""[Title/Abstract]) AND (combination[Title/Abstract] OR synergy[Title/Abstract] OR synergistic[Title/Abstract] OR sensitization[Title/Abstract] OR sensitizes[Title/Abstract] OR resensitization[Title/Abstract]) AND (PIK3CA[Title/Abstract] OR ""PI3K alpha""[Title/Abstract] OR ""PI3K-alpha""[Title/Abstract] OR endocrine[Title/Abstract] OR HER2[Title/Abstract] OR ERBB[Title/Abstract] OR mTOR[Title/Abstract] OR MEK[Title/Abstract] OR MAPK[Title/Abstract] OR CDK4[Title/Abstract] OR CDK6[Title/Abstract] OR AKT[Title/Abstract]))",confirm_include,advance_to_import
pmid-25550549,25550549,,In vitro anticancer activity of PI3K alpha selective inhibitor BYL719 in head and neck cancer.,2015,low,defer_pdf,access_uncertain,pi3k-alpha; inhibitor; sensitization; signaling; combination; for; pi3k,Defer PDF: paper matches run terms but lacks explicit PMC-learned mechanism criteria in title/abstract.,"((alpelisib[Title/Abstract] OR BYL719[Title/Abstract] OR inavolisib[Title/Abstract] OR ""GDC-0077""[Title/Abstract]) AND (combination[Title/Abstract] OR synergy[Title/Abstract] OR synergistic[Title/Abstract] OR sensitization[Title/Abstract] OR sensitizes[Title/Abstract] OR resensitization[Title/Abstract]) AND (PIK3CA[Title/Abstract] OR ""PI3K alpha""[Title/Abstract] OR ""PI3K-alpha""[Title/Abstract] OR endocrine[Title/Abstract] OR HER2[Title/Abstract] OR ERBB[Title/Abstract] OR mTOR[Title/Abstract] OR MEK[Title/Abstract] OR MAPK[Title/Abstract] OR CDK4[Title/Abstract] OR CDK6[Title/Abstract] OR AKT[Title/Abstract]))",confirm_include,advance_to_import
pmid-26013318,26013318,10.1158/1535-7163.MCT-14-0892,Inhibition of PI3K Pathway Reduces Invasiveness and Epithelial-to-Mesenchymal Transition in Squamous Lung Cancer Cell Lines Harboring PIK3CA Gene Alterations.,2015,low,defer_pdf,access_uncertain,pi3k-alpha; inhibitor; response; resistance; pathway; inhibitors; sensitization; feedback,Defer PDF: paper matches run terms but lacks explicit PMC-learned mechanism criteria in title/abstract.,"((alpelisib[Title/Abstract] OR BYL719[Title/Abstract] OR inavolisib[Title/Abstract] OR ""GDC-0077""[Title/Abstract] OR RLY2608[Title/Abstract] OR ""RLY-2608""[Title/Abstract]) AND (PIK3CA[Title/Abstract] OR ""PI3K alpha""[Title/Abstract] OR ""PI3K-alpha""[Title/Abstract] OR ""p110 alpha""[Title/Abstract] OR p110alpha[Title/Abstract]) AND (resistance[Title/Abstract] OR resistant[Title/Abstract] OR sensitivity[Title/Abstract] OR sensitization[Title/Abstract] OR adaptive[Title/Abstract] OR feedback[Title/Abstract] OR bypass[Title/Abstract] OR biomarker[Title/Abstract] OR mutation[Title/Abstract]))",confirm_include,advance_to_import
pmid-25618408,25618408,10.1093/cvr/cvv016,PI3Kα is essential for the recovery from Cre/tamoxifen cardiotoxicity and in myocardial insulin signalling but is not required for normal myocardial contractility in the adult heart.,2015,low,defer_pdf,access_uncertain,pi3k-alpha; inhibitor; pathway; when; inhibitors; sensitization; combination; for,Defer PDF: paper matches run terms but lacks explicit PMC-learned mechanism criteria in title/abstract.,"((alpelisib[Title/Abstract] OR BYL719[Title/Abstract] OR inavolisib[Title/Abstract] OR ""GDC-0077""[Title/Abstract]) AND (combination[Title/Abstract] OR synergy[Title/Abstract] OR synergistic[Title/Abstract] OR sensitization[Title/Abstract] OR sensitizes[Title/Abstract] OR resensitization[Title/Abstract]) AND (PIK3CA[Title/Abstract] OR ""PI3K alpha""[Title/Abstract] OR ""PI3K-alpha""[Title/Abstract] OR endocrine[Title/Abstract] OR HER2[Title/Abstract] OR ERBB[Title/Abstract] OR mTOR[Title/Abstract] OR MEK[Title/Abstract] OR MAPK[Title/Abstract] OR CDK4[Title/Abstract] OR CDK6[Title/Abstract] OR AKT[Title/Abstract]))",confirm_include,advance_to_import
pmid-25605819,25605819,10.1093/neuonc/nou365,Phase II study of PX-866 in recurrent glioblastoma.,2015,low,defer_pdf,access_uncertain,pi3k-alpha; inhibitor; response; pathway; feedback; for; pi3k; biomarker,Defer PDF: paper matches run terms but lacks explicit PMC-learned mechanism criteria in title/abstract.,"((PIK3CA[Title/Abstract] OR ""PI3K alpha""[Title/Abstract] OR ""PI3K-alpha""[Title/Abstract]) AND (""PI3K inhibitor""[Title/Abstract] OR ""PI3K-alpha inhibitor""[Title/Abstract] OR ""PI3K alpha inhibitor""[Title/Abstract] OR alpelisib[Title/Abstract] OR BYL719[Title/Abstract] OR inavolisib[Title/Abstract]) AND (""RTK""[Title/Abstract] OR HER3[Title/Abstract] OR ERBB3[Title/Abstract] OR insulin[Title/Abstract] OR IGF1R[Title/Abstract] OR ESR1[Title/Abstract] OR PTEN[Title/Abstract] OR RB1[Title/Abstract] OR NF1[Title/Abstract] OR ""vertical inhibition""[Title/Abstract] OR ""pathway rebound""[Title/Abstract] OR ""feedback activation""[Title/Abstract]))",confirm_include,advance_to_import
pmid-26101713,26101713,,Preclinical evaluation of PI3K inhibitor BYL719 as a single agent and its synergism in combination with cisplatin or MEK inhibitor in nasopharyngeal carcinoma (NPC).,2015,low,defer_pdf,access_uncertain,pi3k-alpha; inhibitor; resistance; pathway; when; sensitization; feedback; bypass,Defer PDF: paper matches run terms but lacks explicit PMC-learned mechanism criteria in title/abstract.,"((alpelisib[Title/Abstract] OR BYL719[Title/Abstract] OR inavolisib[Title/Abstract] OR ""GDC-0077""[Title/Abstract] OR RLY2608[Title/Abstract] OR ""RLY-2608""[Title/Abstract]) AND (PIK3CA[Title/Abstract] OR ""PI3K alpha""[Title/Abstract] OR ""PI3K-alpha""[Title/Abstract] OR ""p110 alpha""[Title/Abstract] OR p110alpha[Title/Abstract]) AND (resistance[Title/Abstract] OR resistant[Title/Abstract] OR sensitivity[Title/Abstract] OR sensitization[Title/Abstract] OR adaptive[Title/Abstract] OR feedback[Title/Abstract] OR bypass[Title/Abstract] OR biomarker[Title/Abstract] OR mutation[Title/Abstract])); ((alpelisib[Title/Abstract] OR BYL719[Title/Abstract] OR inavolisib[Title/Abstract] OR ""GDC-0077""[Title/Abstract]) AND (combination[Title/Abstract] OR synergy[Title/Abstract] OR synergistic[Title/Abstract] OR sensitization[Title/Abstract] OR sensitizes[Title/Abstract] OR resensitization[Title/Abstract]) AND (PIK3CA[Title/Abstract] OR ""PI3K alpha""[Title/Abstract] OR ""PI3K-alpha""[Title/Abstract] OR endocrine[Title/Abstract] OR HER2[Title/Abstract] OR ERBB[Title/Abstract] OR mTOR[Title/Abstract] OR MEK[Title/Abstract] OR MAPK[Title/Abstract] OR CDK4[Title/Abstract] OR CDK6[Title/Abstract] OR AKT[Title/Abstract])); ((PIK3CA[Title/Abstract] OR ""PI3K alpha""[Title/Abstract] OR ""PI3K-alpha""[Title/Abstract]) AND (""PI3K inhibitor""[Title/Abstract] OR ""PI3K-alpha inhibitor""[Title/Abstract] OR ""PI3K alpha inhibitor""[Title/Abstract] OR alpelisib[Title/Abstract] OR BYL719[Title/Abstract] OR inavolisib[Title/Abstract]) AND (""RTK""[Title/Abstract] OR HER3[Title/Abstract] OR ERBB3[Title/Abstract] OR insulin[Title/Abstract] OR IGF1R[Title/Abstract] OR ESR1[Title/Abstract] OR PTEN[Title/Abstract] OR RB1[Title/Abstract] OR NF1[Title/Abstract] OR ""vertical inhibition""[Title/Abstract] OR ""pathway rebound""[Title/Abstract] OR ""feedback activation""[Title/Abstract]))",confirm_include,advance_to_import
pmid-27639383,27639383,10.1007/s13277-016-5381-7,Addition of the p110α inhibitor BYL719 overcomes targeted therapy resistance in cells from Her2-positive-PTEN-loss breast cancer.,2016,low,defer_pdf,access_uncertain,pi3k-alpha; inhibitor; resistance; inhibitors; sensitization; feedback; bypass; combination,Defer PDF: paper matches run terms but lacks explicit PMC-learned mechanism criteria in title/abstract.,"((alpelisib[Title/Abstract] OR BYL719[Title/Abstract] OR inavolisib[Title/Abstract] OR ""GDC-0077""[Title/Abstract] OR RLY2608[Title/Abstract] OR ""RLY-2608""[Title/Abstract]) AND (PIK3CA[Title/Abstract] OR ""PI3K alpha""[Title/Abstract] OR ""PI3K-alpha""[Title/Abstract] OR ""p110 alpha""[Title/Abstract] OR p110alpha[Title/Abstract]) AND (resistance[Title/Abstract] OR resistant[Title/Abstract] OR sensitivity[Title/Abstract] OR sensitization[Title/Abstract] OR adaptive[Title/Abstract] OR feedback[Title/Abstract] OR bypass[Title/Abstract] OR biomarker[Title/Abstract] OR mutation[Title/Abstract])); ((alpelisib[Title/Abstract] OR BYL719[Title/Abstract] OR inavolisib[Title/Abstract] OR ""GDC-0077""[Title/Abstract]) AND (combination[Title/Abstract] OR synergy[Title/Abstract] OR synergistic[Title/Abstract] OR sensitization[Title/Abstract] OR sensitizes[Title/Abstract] OR resensitization[Title/Abstract]) AND (PIK3CA[Title/Abstract] OR ""PI3K alpha""[Title/Abstract] OR ""PI3K-alpha""[Title/Abstract] OR endocrine[Title/Abstract] OR HER2[Title/Abstract] OR ERBB[Title/Abstract] OR mTOR[Title/Abstract] OR MEK[Title/Abstract] OR MAPK[Title/Abstract] OR CDK4[Title/Abstract] OR CDK6[Title/Abstract] OR AKT[Title/Abstract]))",confirm_include,advance_to_import
pmid-26779597,26779597,10.1111/bju.13415,Phase II study of dual phosphoinositol-3-kinase (PI3K) and mammalian target of rapamycin (mTOR) inhibitor BEZ235 in patients with locally advanced or metastatic transitional cell carcinoma.,2016,low,defer_pdf,access_uncertain,pi3k-alpha; inhibitor; response; pathway; feedback; for; pi3k; clinical,Defer PDF: paper matches run terms but lacks explicit PMC-learned mechanism criteria in title/abstract.,"((PIK3CA[Title/Abstract] OR ""PI3K alpha""[Title/Abstract] OR ""PI3K-alpha""[Title/Abstract]) AND (""PI3K inhibitor""[Title/Abstract] OR ""PI3K-alpha inhibitor""[Title/Abstract] OR ""PI3K alpha inhibitor""[Title/Abstract] OR alpelisib[Title/Abstract] OR BYL719[Title/Abstract] OR inavolisib[Title/Abstract]) AND (""RTK""[Title/Abstract] OR HER3[Title/Abstract] OR ERBB3[Title/Abstract] OR insulin[Title/Abstract] OR IGF1R[Title/Abstract] OR ESR1[Title/Abstract] OR PTEN[Title/Abstract] OR RB1[Title/Abstract] OR NF1[Title/Abstract] OR ""vertical inhibition""[Title/Abstract] OR ""pathway rebound""[Title/Abstract] OR ""feedback activation""[Title/Abstract]))",confirm_include,advance_to_import
pmid-26830312,26830312,10.1016/j.drup.2015.11.001,Treatment strategies for advanced hormone receptor-positive and human epidermal growth factor 2-negative breast cancer: the role of treatment order.,2016,low,defer_pdf,access_uncertain,pi3k-alpha; inhibitor; resistance; pathway; inhibitors; sensitization; combination; for,Defer PDF: paper matches run terms but lacks explicit PMC-learned mechanism criteria in title/abstract.,"((alpelisib[Title/Abstract] OR BYL719[Title/Abstract] OR inavolisib[Title/Abstract] OR ""GDC-0077""[Title/Abstract]) AND (combination[Title/Abstract] OR synergy[Title/Abstract] OR synergistic[Title/Abstract] OR sensitization[Title/Abstract] OR sensitizes[Title/Abstract] OR resensitization[Title/Abstract]) AND (PIK3CA[Title/Abstract] OR ""PI3K alpha""[Title/Abstract] OR ""PI3K-alpha""[Title/Abstract] OR endocrine[Title/Abstract] OR HER2[Title/Abstract] OR ERBB[Title/Abstract] OR mTOR[Title/Abstract] OR MEK[Title/Abstract] OR MAPK[Title/Abstract] OR CDK4[Title/Abstract] OR CDK6[Title/Abstract] OR AKT[Title/Abstract]))",confirm_include,advance_to_import
pmid-27220786,27220786,,[Current Progress and Feasibility of Using Molecular-Targeted Agent Combinations for Metastatic Colorectal Cancer].,2016,low,defer_pdf,access_uncertain,pi3k-alpha; sensitization; combination; for; pi3k; clinical,Defer PDF: paper matches run terms but lacks explicit PMC-learned mechanism criteria in title/abstract.,"((alpelisib[Title/Abstract] OR BYL719[Title/Abstract] OR inavolisib[Title/Abstract] OR ""GDC-0077""[Title/Abstract]) AND (combination[Title/Abstract] OR synergy[Title/Abstract] OR synergistic[Title/Abstract] OR sensitization[Title/Abstract] OR sensitizes[Title/Abstract] OR resensitization[Title/Abstract]) AND (PIK3CA[Title/Abstract] OR ""PI3K alpha""[Title/Abstract] OR ""PI3K-alpha""[Title/Abstract] OR endocrine[Title/Abstract] OR HER2[Title/Abstract] OR ERBB[Title/Abstract] OR mTOR[Title/Abstract] OR MEK[Title/Abstract] OR MAPK[Title/Abstract] OR CDK4[Title/Abstract] OR CDK6[Title/Abstract] OR AKT[Title/Abstract]))",confirm_include,advance_to_import
pmid-28923937,28923937,10.1073/pnas.1711449114,Direct engagement of the PI3K pathway by mutant KIT dominates oncogenic signaling in gastrointestinal stromal tumor.,2017,low,defer_pdf,access_uncertain,pi3k-alpha; inhibitor; resistance; pathway; sensitization; feedback; bypass; signaling,Defer PDF: paper matches run terms but lacks explicit PMC-learned mechanism criteria in title/abstract.,"((alpelisib[Title/Abstract] OR BYL719[Title/Abstract] OR inavolisib[Title/Abstract] OR ""GDC-0077""[Title/Abstract] OR RLY2608[Title/Abstract] OR ""RLY-2608""[Title/Abstract]) AND (PIK3CA[Title/Abstract] OR ""PI3K alpha""[Title/Abstract] OR ""PI3K-alpha""[Title/Abstract] OR ""p110 alpha""[Title/Abstract] OR p110alpha[Title/Abstract]) AND (resistance[Title/Abstract] OR resistant[Title/Abstract] OR sensitivity[Title/Abstract] OR sensitization[Title/Abstract] OR adaptive[Title/Abstract] OR feedback[Title/Abstract] OR bypass[Title/Abstract] OR biomarker[Title/Abstract] OR mutation[Title/Abstract]))",confirm_include,advance_to_import
pmid-28119489,28119489,10.1158/1535-7163.MCT-16-0415,PI3K Inhibitors Synergize with FGFR Inhibitors to Enhance Antitumor Responses in FGFR2(mutant) Endometrial Cancers.,2017,low,defer_pdf,access_uncertain,pi3k-alpha; inhibitor; response; pathway; when; inhibitors; sensitization; feedback,Defer PDF: paper matches run terms but lacks explicit PMC-learned mechanism criteria in title/abstract.,"((alpelisib[Title/Abstract] OR BYL719[Title/Abstract] OR inavolisib[Title/Abstract] OR ""GDC-0077""[Title/Abstract]) AND (combination[Title/Abstract] OR synergy[Title/Abstract] OR synergistic[Title/Abstract] OR sensitization[Title/Abstract] OR sensitizes[Title/Abstract] OR resensitization[Title/Abstract]) AND (PIK3CA[Title/Abstract] OR ""PI3K alpha""[Title/Abstract] OR ""PI3K-alpha""[Title/Abstract] OR endocrine[Title/Abstract] OR HER2[Title/Abstract] OR ERBB[Title/Abstract] OR mTOR[Title/Abstract] OR MEK[Title/Abstract] OR MAPK[Title/Abstract] OR CDK4[Title/Abstract] OR CDK6[Title/Abstract] OR AKT[Title/Abstract])); ((PIK3CA[Title/Abstract] OR ""PI3K alpha""[Title/Abstract] OR ""PI3K-alpha""[Title/Abstract]) AND (""PI3K inhibitor""[Title/Abstract] OR ""PI3K-alpha inhibitor""[Title/Abstract] OR ""PI3K alpha inhibitor""[Title/Abstract] OR alpelisib[Title/Abstract] OR BYL719[Title/Abstract] OR inavolisib[Title/Abstract]) AND (""RTK""[Title/Abstract] OR HER3[Title/Abstract] OR ERBB3[Title/Abstract] OR insulin[Title/Abstract] OR IGF1R[Title/Abstract] OR ESR1[Title/Abstract] OR PTEN[Title/Abstract] OR RB1[Title/Abstract] OR NF1[Title/Abstract] OR ""vertical inhibition""[Title/Abstract] OR ""pathway rebound""[Title/Abstract] OR ""feedback activation""[Title/Abstract]))",confirm_include,advance_to_import
pmid-28486103,28486103,10.1016/j.ccell.2017.04.010,Tackling Resistance to PI3K Inhibition by Targeting the Epigenome.,2017,low,defer_pdf,access_uncertain,pi3k-alpha; inhibitor; resistance; pathway; inhibitors; sensitization; feedback; bypass,Defer PDF: paper matches run terms but lacks explicit PMC-learned mechanism criteria in title/abstract.,"((alpelisib[Title/Abstract] OR BYL719[Title/Abstract] OR inavolisib[Title/Abstract] OR ""GDC-0077""[Title/Abstract] OR RLY2608[Title/Abstract] OR ""RLY-2608""[Title/Abstract]) AND (PIK3CA[Title/Abstract] OR ""PI3K alpha""[Title/Abstract] OR ""PI3K-alpha""[Title/Abstract] OR ""p110 alpha""[Title/Abstract] OR p110alpha[Title/Abstract]) AND (resistance[Title/Abstract] OR resistant[Title/Abstract] OR sensitivity[Title/Abstract] OR sensitization[Title/Abstract] OR adaptive[Title/Abstract] OR feedback[Title/Abstract] OR bypass[Title/Abstract] OR biomarker[Title/Abstract] OR mutation[Title/Abstract]))",confirm_include,advance_to_import
pmid-28835385,28835385,10.1158/1535-7163.MCT-17-0326,Targeting Phosphatidylinositol 3-Kinase Signaling Pathway for Therapeutic Enhancement of Vascular-Targeted Photodynamic Therapy.,2017,low,defer_pdf,access_uncertain,pi3k-alpha; inhibitor; response; pathway; inhibitors; sensitization; signaling; combination,Defer PDF: paper matches run terms but lacks explicit PMC-learned mechanism criteria in title/abstract.,"((alpelisib[Title/Abstract] OR BYL719[Title/Abstract] OR inavolisib[Title/Abstract] OR ""GDC-0077""[Title/Abstract]) AND (combination[Title/Abstract] OR synergy[Title/Abstract] OR synergistic[Title/Abstract] OR sensitization[Title/Abstract] OR sensitizes[Title/Abstract] OR resensitization[Title/Abstract]) AND (PIK3CA[Title/Abstract] OR ""PI3K alpha""[Title/Abstract] OR ""PI3K-alpha""[Title/Abstract] OR endocrine[Title/Abstract] OR HER2[Title/Abstract] OR ERBB[Title/Abstract] OR mTOR[Title/Abstract] OR MEK[Title/Abstract] OR MAPK[Title/Abstract] OR CDK4[Title/Abstract] OR CDK6[Title/Abstract] OR AKT[Title/Abstract]))",confirm_include,advance_to_import
pmid-30115483,30115483,10.1016/j.oraloncology.2018.07.010,ERK-TSC2 signalling in constitutively-active HRAS mutant HNSCC cells promotes resistance to PI3K inhibition.,2018,low,defer_pdf,access_uncertain,pi3k-alpha; inhibitor; response; resistance; pathway; inhibitors; sensitization; combination,Defer PDF: paper matches run terms but lacks explicit PMC-learned mechanism criteria in title/abstract.,"((alpelisib[Title/Abstract] OR BYL719[Title/Abstract] OR inavolisib[Title/Abstract] OR ""GDC-0077""[Title/Abstract]) AND (combination[Title/Abstract] OR synergy[Title/Abstract] OR synergistic[Title/Abstract] OR sensitization[Title/Abstract] OR sensitizes[Title/Abstract] OR resensitization[Title/Abstract]) AND (PIK3CA[Title/Abstract] OR ""PI3K alpha""[Title/Abstract] OR ""PI3K-alpha""[Title/Abstract] OR endocrine[Title/Abstract] OR HER2[Title/Abstract] OR ERBB[Title/Abstract] OR mTOR[Title/Abstract] OR MEK[Title/Abstract] OR MAPK[Title/Abstract] OR CDK4[Title/Abstract] OR CDK6[Title/Abstract] OR AKT[Title/Abstract]))",confirm_include,advance_to_import
pmid-30066286,30066286,10.1007/s12020-018-1677-2,Effect of combined treatment with a pan-PI3K inhibitor or an isoform-specific PI3K inhibitor and everolimus on cell proliferation in GH-secreting pituitary tumour in an experimental setting.,2018,low,defer_pdf,access_uncertain,pi3k-alpha; inhibitor; pathway; when; inhibitors; sensitization; combination; for,Defer PDF: paper matches run terms but lacks explicit PMC-learned mechanism criteria in title/abstract.,"((alpelisib[Title/Abstract] OR BYL719[Title/Abstract] OR inavolisib[Title/Abstract] OR ""GDC-0077""[Title/Abstract]) AND (combination[Title/Abstract] OR synergy[Title/Abstract] OR synergistic[Title/Abstract] OR sensitization[Title/Abstract] OR sensitizes[Title/Abstract] OR resensitization[Title/Abstract]) AND (PIK3CA[Title/Abstract] OR ""PI3K alpha""[Title/Abstract] OR ""PI3K-alpha""[Title/Abstract] OR endocrine[Title/Abstract] OR HER2[Title/Abstract] OR ERBB[Title/Abstract] OR mTOR[Title/Abstract] OR MEK[Title/Abstract] OR MAPK[Title/Abstract] OR CDK4[Title/Abstract] OR CDK6[Title/Abstract] OR AKT[Title/Abstract]))",confirm_include,advance_to_import
pmid-29252036,29252036,10.1080/13543784.2018.1417384,PI3K inhibition to overcome endocrine resistance in breast cancer.,2018,low,defer_pdf,access_uncertain,pi3k-alpha; inhibitor; resistance; pathway; inhibitors; sensitization; feedback; bypass,Defer PDF: paper matches run terms but lacks explicit PMC-learned mechanism criteria in title/abstract.,"((alpelisib[Title/Abstract] OR BYL719[Title/Abstract] OR inavolisib[Title/Abstract] OR ""GDC-0077""[Title/Abstract] OR RLY2608[Title/Abstract] OR ""RLY-2608""[Title/Abstract]) AND (PIK3CA[Title/Abstract] OR ""PI3K alpha""[Title/Abstract] OR ""PI3K-alpha""[Title/Abstract] OR ""p110 alpha""[Title/Abstract] OR p110alpha[Title/Abstract]) AND (resistance[Title/Abstract] OR resistant[Title/Abstract] OR sensitivity[Title/Abstract] OR sensitization[Title/Abstract] OR adaptive[Title/Abstract] OR feedback[Title/Abstract] OR bypass[Title/Abstract] OR biomarker[Title/Abstract] OR mutation[Title/Abstract]))",confirm_include,advance_to_import
pmid-29850984,29850984,10.1007/s10549-018-4792-0,Phase I study of alpelisib (BYL-719) and trastuzumab emtansine (T-DM1) in HER2-positive metastatic breast cancer (MBC) after trastuzumab and taxane therapy.,2018,low,defer_pdf,access_uncertain,pi3k-alpha; inhibitor; response; resistance; pathway; sensitization; feedback; bypass,Defer PDF: paper matches run terms but lacks explicit PMC-learned mechanism criteria in title/abstract.,"((alpelisib[Title/Abstract] OR BYL719[Title/Abstract] OR inavolisib[Title/Abstract] OR ""GDC-0077""[Title/Abstract] OR RLY2608[Title/Abstract] OR ""RLY-2608""[Title/Abstract]) AND (PIK3CA[Title/Abstract] OR ""PI3K alpha""[Title/Abstract] OR ""PI3K-alpha""[Title/Abstract] OR ""p110 alpha""[Title/Abstract] OR p110alpha[Title/Abstract]) AND (resistance[Title/Abstract] OR resistant[Title/Abstract] OR sensitivity[Title/Abstract] OR sensitization[Title/Abstract] OR adaptive[Title/Abstract] OR feedback[Title/Abstract] OR bypass[Title/Abstract] OR biomarker[Title/Abstract] OR mutation[Title/Abstract])); ((alpelisib[Title/Abstract] OR BYL719[Title/Abstract] OR inavolisib[Title/Abstract] OR ""GDC-0077""[Title/Abstract]) AND (combination[Title/Abstract] OR synergy[Title/Abstract] OR synergistic[Title/Abstract] OR sensitization[Title/Abstract] OR sensitizes[Title/Abstract] OR resensitization[Title/Abstract]) AND (PIK3CA[Title/Abstract] OR ""PI3K alpha""[Title/Abstract] OR ""PI3K-alpha""[Title/Abstract] OR endocrine[Title/Abstract] OR HER2[Title/Abstract] OR ERBB[Title/Abstract] OR mTOR[Title/Abstract] OR MEK[Title/Abstract] OR MAPK[Title/Abstract] OR CDK4[Title/Abstract] OR CDK6[Title/Abstract] OR AKT[Title/Abstract]))",confirm_include,advance_to_import
pmid-29401002,29401002,10.1200/JCO.2017.72.7107,Phosphatidylinositol 3-Kinase α-Selective Inhibition With Alpelisib (BYL719) in PIK3CA-Altered Solid Tumors: Results From the First-in-Human Study.,2018,low,defer_pdf,access_uncertain,pi3k-alpha; inhibitor; response; sensitization; combination; for; pi3k; clinical,Defer PDF: paper matches run terms but lacks explicit PMC-learned mechanism criteria in title/abstract.,"((alpelisib[Title/Abstract] OR BYL719[Title/Abstract] OR inavolisib[Title/Abstract] OR ""GDC-0077""[Title/Abstract]) AND (combination[Title/Abstract] OR synergy[Title/Abstract] OR synergistic[Title/Abstract] OR sensitization[Title/Abstract] OR sensitizes[Title/Abstract] OR resensitization[Title/Abstract]) AND (PIK3CA[Title/Abstract] OR ""PI3K alpha""[Title/Abstract] OR ""PI3K-alpha""[Title/Abstract] OR endocrine[Title/Abstract] OR HER2[Title/Abstract] OR ERBB[Title/Abstract] OR mTOR[Title/Abstract] OR MEK[Title/Abstract] OR MAPK[Title/Abstract] OR CDK4[Title/Abstract] OR CDK6[Title/Abstract] OR AKT[Title/Abstract]))",confirm_include,advance_to_import
pmid-29483220,29483220,10.1158/1535-7163.MCT-17-0784,p110α Inhibition Overcomes Stromal Cell-Mediated Ibrutinib Resistance in Mantle Cell Lymphoma.,2018,low,defer_pdf,access_uncertain,pi3k-alpha; inhibitor; response; resistance; sensitization; feedback; bypass; signaling,Defer PDF: paper matches run terms but lacks explicit PMC-learned mechanism criteria in title/abstract.,"((alpelisib[Title/Abstract] OR BYL719[Title/Abstract] OR inavolisib[Title/Abstract] OR ""GDC-0077""[Title/Abstract] OR RLY2608[Title/Abstract] OR ""RLY-2608""[Title/Abstract]) AND (PIK3CA[Title/Abstract] OR ""PI3K alpha""[Title/Abstract] OR ""PI3K-alpha""[Title/Abstract] OR ""p110 alpha""[Title/Abstract] OR p110alpha[Title/Abstract]) AND (resistance[Title/Abstract] OR resistant[Title/Abstract] OR sensitivity[Title/Abstract] OR sensitization[Title/Abstract] OR adaptive[Title/Abstract] OR feedback[Title/Abstract] OR bypass[Title/Abstract] OR biomarker[Title/Abstract] OR mutation[Title/Abstract]))",confirm_include,advance_to_import
pmid-30413407,30413407,10.1158/2159-8290.CD-NB2018-146,Alpelisib Extends PFS in PIK3CA-Mutant Breast Cancer.,2019,low,defer_pdf,access_uncertain,pi3k-alpha; inhibitor; response; sensitization; combination; pi3k,Defer PDF: paper matches run terms but lacks explicit PMC-learned mechanism criteria in title/abstract.,"((alpelisib[Title/Abstract] OR BYL719[Title/Abstract] OR inavolisib[Title/Abstract] OR ""GDC-0077""[Title/Abstract]) AND (combination[Title/Abstract] OR synergy[Title/Abstract] OR synergistic[Title/Abstract] OR sensitization[Title/Abstract] OR sensitizes[Title/Abstract] OR resensitization[Title/Abstract]) AND (PIK3CA[Title/Abstract] OR ""PI3K alpha""[Title/Abstract] OR ""PI3K-alpha""[Title/Abstract] OR endocrine[Title/Abstract] OR HER2[Title/Abstract] OR ERBB[Title/Abstract] OR mTOR[Title/Abstract] OR MEK[Title/Abstract] OR MAPK[Title/Abstract] OR CDK4[Title/Abstract] OR CDK6[Title/Abstract] OR AKT[Title/Abstract]))",confirm_include,advance_to_import
pmid-30543347,30543347,10.1001/jamaoncol.2018.4475,Alpelisib Plus Fulvestrant in PIK3CA-Altered and PIK3CA-Wild-Type Estrogen Receptor-Positive Advanced Breast Cancer: A Phase 1b Clinical Trial.,2019,low,defer_pdf,access_uncertain,pi3k-alpha; inhibitor; response; resistance; pathway; when; sensitization; feedback,Defer PDF: paper matches run terms but lacks explicit PMC-learned mechanism criteria in title/abstract.,"((alpelisib[Title/Abstract] OR BYL719[Title/Abstract] OR inavolisib[Title/Abstract] OR ""GDC-0077""[Title/Abstract] OR RLY2608[Title/Abstract] OR ""RLY-2608""[Title/Abstract]) AND (PIK3CA[Title/Abstract] OR ""PI3K alpha""[Title/Abstract] OR ""PI3K-alpha""[Title/Abstract] OR ""p110 alpha""[Title/Abstract] OR p110alpha[Title/Abstract]) AND (resistance[Title/Abstract] OR resistant[Title/Abstract] OR sensitivity[Title/Abstract] OR sensitization[Title/Abstract] OR adaptive[Title/Abstract] OR feedback[Title/Abstract] OR bypass[Title/Abstract] OR biomarker[Title/Abstract] OR mutation[Title/Abstract])); ((alpelisib[Title/Abstract] OR BYL719[Title/Abstract] OR inavolisib[Title/Abstract] OR ""GDC-0077""[Title/Abstract]) AND (combination[Title/Abstract] OR synergy[Title/Abstract] OR synergistic[Title/Abstract] OR sensitization[Title/Abstract] OR sensitizes[Title/Abstract] OR resensitization[Title/Abstract]) AND (PIK3CA[Title/Abstract] OR ""PI3K alpha""[Title/Abstract] OR ""PI3K-alpha""[Title/Abstract] OR endocrine[Title/Abstract] OR HER2[Title/Abstract] OR ERBB[Title/Abstract] OR mTOR[Title/Abstract] OR MEK[Title/Abstract] OR MAPK[Title/Abstract] OR CDK4[Title/Abstract] OR CDK6[Title/Abstract] OR AKT[Title/Abstract]))",confirm_include,advance_to_import
pmid-31091374,31091374,10.1056/NEJMoa1813904,"Alpelisib for PIK3CA-Mutated, Hormone Receptor-Positive Advanced Breast Cancer.",2019,low,defer_pdf,access_uncertain,pi3k-alpha; inhibitor; response; resistance; sensitization; feedback; bypass; for,Defer PDF: paper matches run terms but lacks explicit PMC-learned mechanism criteria in title/abstract.,"((alpelisib[Title/Abstract] OR BYL719[Title/Abstract] OR inavolisib[Title/Abstract] OR ""GDC-0077""[Title/Abstract] OR RLY2608[Title/Abstract] OR ""RLY-2608""[Title/Abstract]) AND (PIK3CA[Title/Abstract] OR ""PI3K alpha""[Title/Abstract] OR ""PI3K-alpha""[Title/Abstract] OR ""p110 alpha""[Title/Abstract] OR p110alpha[Title/Abstract]) AND (resistance[Title/Abstract] OR resistant[Title/Abstract] OR sensitivity[Title/Abstract] OR sensitization[Title/Abstract] OR adaptive[Title/Abstract] OR feedback[Title/Abstract] OR bypass[Title/Abstract] OR biomarker[Title/Abstract] OR mutation[Title/Abstract]))",confirm_include,advance_to_import
pmid-31159599,31159599,10.1080/14740338.2019.1623877,Benefits versus risk profile of buparlisib for the treatment of breast cancer.,2019,low,defer_pdf,access_uncertain,pi3k-alpha; inhibitor; resistance; pathway; inhibitors; sensitization; feedback; bypass,Defer PDF: paper matches run terms but lacks explicit PMC-learned mechanism criteria in title/abstract.,"((alpelisib[Title/Abstract] OR BYL719[Title/Abstract] OR inavolisib[Title/Abstract] OR ""GDC-0077""[Title/Abstract] OR RLY2608[Title/Abstract] OR ""RLY-2608""[Title/Abstract]) AND (PIK3CA[Title/Abstract] OR ""PI3K alpha""[Title/Abstract] OR ""PI3K-alpha""[Title/Abstract] OR ""p110 alpha""[Title/Abstract] OR p110alpha[Title/Abstract]) AND (resistance[Title/Abstract] OR resistant[Title/Abstract] OR sensitivity[Title/Abstract] OR sensitization[Title/Abstract] OR adaptive[Title/Abstract] OR feedback[Title/Abstract] OR bypass[Title/Abstract] OR biomarker[Title/Abstract] OR mutation[Title/Abstract])); ((alpelisib[Title/Abstract] OR BYL719[Title/Abstract] OR inavolisib[Title/Abstract] OR ""GDC-0077""[Title/Abstract]) AND (combination[Title/Abstract] OR synergy[Title/Abstract] OR synergistic[Title/Abstract] OR sensitization[Title/Abstract] OR sensitizes[Title/Abstract] OR resensitization[Title/Abstract]) AND (PIK3CA[Title/Abstract] OR ""PI3K alpha""[Title/Abstract] OR ""PI3K-alpha""[Title/Abstract] OR endocrine[Title/Abstract] OR HER2[Title/Abstract] OR ERBB[Title/Abstract] OR mTOR[Title/Abstract] OR MEK[Title/Abstract] OR MAPK[Title/Abstract] OR CDK4[Title/Abstract] OR CDK6[Title/Abstract] OR AKT[Title/Abstract])); ((PIK3CA[Title/Abstract] OR ""PI3K alpha""[Title/Abstract] OR ""PI3K-alpha""[Title/Abstract]) AND (""PI3K inhibitor""[Title/Abstract] OR ""PI3K-alpha inhibitor""[Title/Abstract] OR ""PI3K alpha inhibitor""[Title/Abstract] OR alpelisib[Title/Abstract] OR BYL719[Title/Abstract] OR inavolisib[Title/Abstract]) AND (""RTK""[Title/Abstract] OR HER3[Title/Abstract] OR ERBB3[Title/Abstract] OR insulin[Title/Abstract] OR IGF1R[Title/Abstract] OR ESR1[Title/Abstract] OR PTEN[Title/Abstract] OR RB1[Title/Abstract] OR NF1[Title/Abstract] OR ""vertical inhibition""[Title/Abstract] OR ""pathway rebound""[Title/Abstract] OR ""feedback activation""[Title/Abstract]))",confirm_include,advance_to_import
pmid-35100734,35100734,10.1200/PO.19.00221,"Combined PIK3CA and FGFR Inhibition With Alpelisib and Infigratinib in Patients With PIK3CA-Mutant Solid Tumors, With or Without FGFR Alterations.",2019,low,defer_pdf,access_uncertain,pi3k-alpha; inhibitor; response; resistance; sensitization; feedback; bypass; combination,Defer PDF: paper matches run terms but lacks explicit PMC-learned mechanism criteria in title/abstract.,"((alpelisib[Title/Abstract] OR BYL719[Title/Abstract] OR inavolisib[Title/Abstract] OR ""GDC-0077""[Title/Abstract] OR RLY2608[Title/Abstract] OR ""RLY-2608""[Title/Abstract]) AND (PIK3CA[Title/Abstract] OR ""PI3K alpha""[Title/Abstract] OR ""PI3K-alpha""[Title/Abstract] OR ""p110 alpha""[Title/Abstract] OR p110alpha[Title/Abstract]) AND (resistance[Title/Abstract] OR resistant[Title/Abstract] OR sensitivity[Title/Abstract] OR sensitization[Title/Abstract] OR adaptive[Title/Abstract] OR feedback[Title/Abstract] OR bypass[Title/Abstract] OR biomarker[Title/Abstract] OR mutation[Title/Abstract])); ((alpelisib[Title/Abstract] OR BYL719[Title/Abstract] OR inavolisib[Title/Abstract] OR ""GDC-0077""[Title/Abstract]) AND (combination[Title/Abstract] OR synergy[Title/Abstract] OR synergistic[Title/Abstract] OR sensitization[Title/Abstract] OR sensitizes[Title/Abstract] OR resensitization[Title/Abstract]) AND (PIK3CA[Title/Abstract] OR ""PI3K alpha""[Title/Abstract] OR ""PI3K-alpha""[Title/Abstract] OR endocrine[Title/Abstract] OR HER2[Title/Abstract] OR ERBB[Title/Abstract] OR mTOR[Title/Abstract] OR MEK[Title/Abstract] OR MAPK[Title/Abstract] OR CDK4[Title/Abstract] OR CDK6[Title/Abstract] OR AKT[Title/Abstract]))",confirm_include,advance_to_import
pmid-31911865,31911865,,"ER+ metastatic breast cancer: past, present, and a prescription for an apoptosis-targeted future.",2019,low,defer_pdf,access_uncertain,pi3k-alpha; inhibitor; response; resistance; pathway; inhibitors; sensitization; signaling,Defer PDF: paper matches run terms but lacks explicit PMC-learned mechanism criteria in title/abstract.,"((alpelisib[Title/Abstract] OR BYL719[Title/Abstract] OR inavolisib[Title/Abstract] OR ""GDC-0077""[Title/Abstract]) AND (combination[Title/Abstract] OR synergy[Title/Abstract] OR synergistic[Title/Abstract] OR sensitization[Title/Abstract] OR sensitizes[Title/Abstract] OR resensitization[Title/Abstract]) AND (PIK3CA[Title/Abstract] OR ""PI3K alpha""[Title/Abstract] OR ""PI3K-alpha""[Title/Abstract] OR endocrine[Title/Abstract] OR HER2[Title/Abstract] OR ERBB[Title/Abstract] OR mTOR[Title/Abstract] OR MEK[Title/Abstract] OR MAPK[Title/Abstract] OR CDK4[Title/Abstract] OR CDK6[Title/Abstract] OR AKT[Title/Abstract]))",confirm_include,advance_to_import
pmid-31928690,31928690,10.1093/annonc/mdz381,Efficacy of PI3K inhibitors in advanced breast cancer.,2019,low,defer_pdf,access_uncertain,pi3k-alpha; inhibitor; resistance; pathway; inhibitors; sensitization; feedback; bypass,Defer PDF: paper matches run terms but lacks explicit PMC-learned mechanism criteria in title/abstract.,"((alpelisib[Title/Abstract] OR BYL719[Title/Abstract] OR inavolisib[Title/Abstract] OR ""GDC-0077""[Title/Abstract] OR RLY2608[Title/Abstract] OR ""RLY-2608""[Title/Abstract]) AND (PIK3CA[Title/Abstract] OR ""PI3K alpha""[Title/Abstract] OR ""PI3K-alpha""[Title/Abstract] OR ""p110 alpha""[Title/Abstract] OR p110alpha[Title/Abstract]) AND (resistance[Title/Abstract] OR resistant[Title/Abstract] OR sensitivity[Title/Abstract] OR sensitization[Title/Abstract] OR adaptive[Title/Abstract] OR feedback[Title/Abstract] OR bypass[Title/Abstract] OR biomarker[Title/Abstract] OR mutation[Title/Abstract])); ((alpelisib[Title/Abstract] OR BYL719[Title/Abstract] OR inavolisib[Title/Abstract] OR ""GDC-0077""[Title/Abstract]) AND (combination[Title/Abstract] OR synergy[Title/Abstract] OR synergistic[Title/Abstract] OR sensitization[Title/Abstract] OR sensitizes[Title/Abstract] OR resensitization[Title/Abstract]) AND (PIK3CA[Title/Abstract] OR ""PI3K alpha""[Title/Abstract] OR ""PI3K-alpha""[Title/Abstract] OR endocrine[Title/Abstract] OR HER2[Title/Abstract] OR ERBB[Title/Abstract] OR mTOR[Title/Abstract] OR MEK[Title/Abstract] OR MAPK[Title/Abstract] OR CDK4[Title/Abstract] OR CDK6[Title/Abstract] OR AKT[Title/Abstract]))",confirm_include,advance_to_import
pmid-31494037,31494037,10.1016/S1470-2045(19)30420-6,"Endocrine treatment versus chemotherapy in postmenopausal women with hormone receptor-positive, HER2-negative, metastatic breast cancer: a systematic review and network meta-analysis.",2019,low,defer_pdf,access_uncertain,pi3k-alpha; inhibitor; response; resistance; inhibitors; sensitization; feedback; bypass,Defer PDF: paper matches run terms but lacks explicit PMC-learned mechanism criteria in title/abstract.,"((alpelisib[Title/Abstract] OR BYL719[Title/Abstract] OR inavolisib[Title/Abstract] OR ""GDC-0077""[Title/Abstract] OR RLY2608[Title/Abstract] OR ""RLY-2608""[Title/Abstract]) AND (PIK3CA[Title/Abstract] OR ""PI3K alpha""[Title/Abstract] OR ""PI3K-alpha""[Title/Abstract] OR ""p110 alpha""[Title/Abstract] OR p110alpha[Title/Abstract]) AND (resistance[Title/Abstract] OR resistant[Title/Abstract] OR sensitivity[Title/Abstract] OR sensitization[Title/Abstract] OR adaptive[Title/Abstract] OR feedback[Title/Abstract] OR bypass[Title/Abstract] OR biomarker[Title/Abstract] OR mutation[Title/Abstract]))",confirm_include,advance_to_import
pmid-30651399,30651399,10.1634/theoncologist.2018-0314,"Exploring Biomarkers of Phosphoinositide 3-Kinase Pathway Activation in the Treatment of Hormone Receptor Positive, Human Epidermal Growth Receptor 2 Negative Advanced Breast Cancer.",2019,low,defer_pdf,access_uncertain,pi3k-alpha; inhibitor; resistance; pathway; inhibitors; sensitization; feedback; bypass,Defer PDF: paper matches run terms but lacks explicit PMC-learned mechanism criteria in title/abstract.,"((alpelisib[Title/Abstract] OR BYL719[Title/Abstract] OR inavolisib[Title/Abstract] OR ""GDC-0077""[Title/Abstract] OR RLY2608[Title/Abstract] OR ""RLY-2608""[Title/Abstract]) AND (PIK3CA[Title/Abstract] OR ""PI3K alpha""[Title/Abstract] OR ""PI3K-alpha""[Title/Abstract] OR ""p110 alpha""[Title/Abstract] OR p110alpha[Title/Abstract]) AND (resistance[Title/Abstract] OR resistant[Title/Abstract] OR sensitivity[Title/Abstract] OR sensitization[Title/Abstract] OR adaptive[Title/Abstract] OR feedback[Title/Abstract] OR bypass[Title/Abstract] OR biomarker[Title/Abstract] OR mutation[Title/Abstract])); ((alpelisib[Title/Abstract] OR BYL719[Title/Abstract] OR inavolisib[Title/Abstract] OR ""GDC-0077""[Title/Abstract]) AND (combination[Title/Abstract] OR synergy[Title/Abstract] OR synergistic[Title/Abstract] OR sensitization[Title/Abstract] OR sensitizes[Title/Abstract] OR resensitization[Title/Abstract]) AND (PIK3CA[Title/Abstract] OR ""PI3K alpha""[Title/Abstract] OR ""PI3K-alpha""[Title/Abstract] OR endocrine[Title/Abstract] OR HER2[Title/Abstract] OR ERBB[Title/Abstract] OR mTOR[Title/Abstract] OR MEK[Title/Abstract] OR MAPK[Title/Abstract] OR CDK4[Title/Abstract] OR CDK6[Title/Abstract] OR AKT[Title/Abstract]))",confirm_include,advance_to_import
pmid-30315845,30315845,10.1016/j.canlet.2018.09.030,Inhibition of BTF3 sensitizes luminal breast cancer cells to PI3Kα inhibition through the transcriptional regulation of ERα.,2019,low,defer_pdf,access_uncertain,pi3k-alpha; inhibitor; response; pathway; inhibitors; sensitization; feedback; combination,Defer PDF: paper matches run terms but lacks explicit PMC-learned mechanism criteria in title/abstract.,"((alpelisib[Title/Abstract] OR BYL719[Title/Abstract] OR inavolisib[Title/Abstract] OR ""GDC-0077""[Title/Abstract]) AND (combination[Title/Abstract] OR synergy[Title/Abstract] OR synergistic[Title/Abstract] OR sensitization[Title/Abstract] OR sensitizes[Title/Abstract] OR resensitization[Title/Abstract]) AND (PIK3CA[Title/Abstract] OR ""PI3K alpha""[Title/Abstract] OR ""PI3K-alpha""[Title/Abstract] OR endocrine[Title/Abstract] OR HER2[Title/Abstract] OR ERBB[Title/Abstract] OR mTOR[Title/Abstract] OR MEK[Title/Abstract] OR MAPK[Title/Abstract] OR CDK4[Title/Abstract] OR CDK6[Title/Abstract] OR AKT[Title/Abstract])); ((PIK3CA[Title/Abstract] OR ""PI3K alpha""[Title/Abstract] OR ""PI3K-alpha""[Title/Abstract]) AND (""PI3K inhibitor""[Title/Abstract] OR ""PI3K-alpha inhibitor""[Title/Abstract] OR ""PI3K alpha inhibitor""[Title/Abstract] OR alpelisib[Title/Abstract] OR BYL719[Title/Abstract] OR inavolisib[Title/Abstract]) AND (""RTK""[Title/Abstract] OR HER3[Title/Abstract] OR ERBB3[Title/Abstract] OR insulin[Title/Abstract] OR IGF1R[Title/Abstract] OR ESR1[Title/Abstract] OR PTEN[Title/Abstract] OR RB1[Title/Abstract] OR NF1[Title/Abstract] OR ""vertical inhibition""[Title/Abstract] OR ""pathway rebound""[Title/Abstract] OR ""feedback activation""[Title/Abstract]))",confirm_include,advance_to_import
pmid-31828441,31828441,10.1007/s11912-019-0846-7,PI3K Inhibitors in Breast Cancer Therapy.,2019,low,defer_pdf,access_uncertain,pi3k-alpha; inhibitor; pathway; inhibitors; sensitization; signaling; combination; for,Defer PDF: paper matches run terms but lacks explicit PMC-learned mechanism criteria in title/abstract.,"((alpelisib[Title/Abstract] OR BYL719[Title/Abstract] OR inavolisib[Title/Abstract] OR ""GDC-0077""[Title/Abstract]) AND (combination[Title/Abstract] OR synergy[Title/Abstract] OR synergistic[Title/Abstract] OR sensitization[Title/Abstract] OR sensitizes[Title/Abstract] OR resensitization[Title/Abstract]) AND (PIK3CA[Title/Abstract] OR ""PI3K alpha""[Title/Abstract] OR ""PI3K-alpha""[Title/Abstract] OR endocrine[Title/Abstract] OR HER2[Title/Abstract] OR ERBB[Title/Abstract] OR mTOR[Title/Abstract] OR MEK[Title/Abstract] OR MAPK[Title/Abstract] OR CDK4[Title/Abstract] OR CDK6[Title/Abstract] OR AKT[Title/Abstract]))",confirm_include,advance_to_import
pmid-30860495,30860495,10.1172/jci.insight.125341,Repression of AXL expression by AP-1/JNK blockage overcomes resistance to PI3Ka therapy.,2019,low,defer_pdf,access_uncertain,pi3k-alpha; inhibitor; resistance; pathway; sensitization; feedback; bypass; combination,Defer PDF: paper matches run terms but lacks explicit PMC-learned mechanism criteria in title/abstract.,"((alpelisib[Title/Abstract] OR BYL719[Title/Abstract] OR inavolisib[Title/Abstract] OR ""GDC-0077""[Title/Abstract] OR RLY2608[Title/Abstract] OR ""RLY-2608""[Title/Abstract]) AND (PIK3CA[Title/Abstract] OR ""PI3K alpha""[Title/Abstract] OR ""PI3K-alpha""[Title/Abstract] OR ""p110 alpha""[Title/Abstract] OR p110alpha[Title/Abstract]) AND (resistance[Title/Abstract] OR resistant[Title/Abstract] OR sensitivity[Title/Abstract] OR sensitization[Title/Abstract] OR adaptive[Title/Abstract] OR feedback[Title/Abstract] OR bypass[Title/Abstract] OR biomarker[Title/Abstract] OR mutation[Title/Abstract])); ((alpelisib[Title/Abstract] OR BYL719[Title/Abstract] OR inavolisib[Title/Abstract] OR ""GDC-0077""[Title/Abstract]) AND (combination[Title/Abstract] OR synergy[Title/Abstract] OR synergistic[Title/Abstract] OR sensitization[Title/Abstract] OR sensitizes[Title/Abstract] OR resensitization[Title/Abstract]) AND (PIK3CA[Title/Abstract] OR ""PI3K alpha""[Title/Abstract] OR ""PI3K-alpha""[Title/Abstract] OR endocrine[Title/Abstract] OR HER2[Title/Abstract] OR ERBB[Title/Abstract] OR mTOR[Title/Abstract] OR MEK[Title/Abstract] OR MAPK[Title/Abstract] OR CDK4[Title/Abstract] OR CDK6[Title/Abstract] OR AKT[Title/Abstract]))",confirm_include,advance_to_import
pmid-30649751,30649751,10.1007/s40264-018-0778-4,Safety and Tolerability of Phosphatidylinositol-3-Kinase (PI3K) Inhibitors in Oncology.,2019,low,defer_pdf,access_uncertain,pi3k-alpha; inhibitor; pathway; when; inhibitors; sensitization; combination; for,Defer PDF: paper matches run terms but lacks explicit PMC-learned mechanism criteria in title/abstract.,"((alpelisib[Title/Abstract] OR BYL719[Title/Abstract] OR inavolisib[Title/Abstract] OR ""GDC-0077""[Title/Abstract]) AND (combination[Title/Abstract] OR synergy[Title/Abstract] OR synergistic[Title/Abstract] OR sensitization[Title/Abstract] OR sensitizes[Title/Abstract] OR resensitization[Title/Abstract]) AND (PIK3CA[Title/Abstract] OR ""PI3K alpha""[Title/Abstract] OR ""PI3K-alpha""[Title/Abstract] OR endocrine[Title/Abstract] OR HER2[Title/Abstract] OR ERBB[Title/Abstract] OR mTOR[Title/Abstract] OR MEK[Title/Abstract] OR MAPK[Title/Abstract] OR CDK4[Title/Abstract] OR CDK6[Title/Abstract] OR AKT[Title/Abstract]))",confirm_include,advance_to_import
pmid-31322702,31322702,10.1210/en.2019-00410,Synergistic Highly Potent Targeted Drug Combinations in Different Pheochromocytoma Models Including Human Tumor Cultures.,2019,low,defer_pdf,access_uncertain,pi3k-alpha; inhibitor; inhibitors; sensitization; combination; for; pi3k; only,Defer PDF: paper matches run terms but lacks explicit PMC-learned mechanism criteria in title/abstract.,"((alpelisib[Title/Abstract] OR BYL719[Title/Abstract] OR inavolisib[Title/Abstract] OR ""GDC-0077""[Title/Abstract]) AND (combination[Title/Abstract] OR synergy[Title/Abstract] OR synergistic[Title/Abstract] OR sensitization[Title/Abstract] OR sensitizes[Title/Abstract] OR resensitization[Title/Abstract]) AND (PIK3CA[Title/Abstract] OR ""PI3K alpha""[Title/Abstract] OR ""PI3K-alpha""[Title/Abstract] OR endocrine[Title/Abstract] OR HER2[Title/Abstract] OR ERBB[Title/Abstract] OR mTOR[Title/Abstract] OR MEK[Title/Abstract] OR MAPK[Title/Abstract] OR CDK4[Title/Abstract] OR CDK6[Title/Abstract] OR AKT[Title/Abstract]))",confirm_include,advance_to_import
pmid-31506897,31506897,10.1007/s10637-019-00814-3,A phase Ib study of a PI3Kinase inhibitor BKM120 in combination with panitumumab in patients with KRAS wild-type advanced colorectal cancer.,2020,low,defer_pdf,access_uncertain,pi3k-alpha; inhibitor; response; resistance; pathway; feedback; signaling; combination,Defer PDF: paper matches run terms but lacks explicit PMC-learned mechanism criteria in title/abstract.,"((PIK3CA[Title/Abstract] OR ""PI3K alpha""[Title/Abstract] OR ""PI3K-alpha""[Title/Abstract]) AND (""PI3K inhibitor""[Title/Abstract] OR ""PI3K-alpha inhibitor""[Title/Abstract] OR ""PI3K alpha inhibitor""[Title/Abstract] OR alpelisib[Title/Abstract] OR BYL719[Title/Abstract] OR inavolisib[Title/Abstract]) AND (""RTK""[Title/Abstract] OR HER3[Title/Abstract] OR ERBB3[Title/Abstract] OR insulin[Title/Abstract] OR IGF1R[Title/Abstract] OR ESR1[Title/Abstract] OR PTEN[Title/Abstract] OR RB1[Title/Abstract] OR NF1[Title/Abstract] OR ""vertical inhibition""[Title/Abstract] OR ""pathway rebound""[Title/Abstract] OR ""feedback activation""[Title/Abstract]))",confirm_include,advance_to_import
pmid-32525134,32525134,10.1358/dot.2020.56.6.3137526,Alpelisib to treat breast cancer.,2020,low,defer_pdf,access_uncertain,pi3k-alpha; inhibitor; resistance; sensitization; feedback; bypass; combination; adaptive,Defer PDF: paper matches run terms but lacks explicit PMC-learned mechanism criteria in title/abstract.,"((alpelisib[Title/Abstract] OR BYL719[Title/Abstract] OR inavolisib[Title/Abstract] OR ""GDC-0077""[Title/Abstract] OR RLY2608[Title/Abstract] OR ""RLY-2608""[Title/Abstract]) AND (PIK3CA[Title/Abstract] OR ""PI3K alpha""[Title/Abstract] OR ""PI3K-alpha""[Title/Abstract] OR ""p110 alpha""[Title/Abstract] OR p110alpha[Title/Abstract]) AND (resistance[Title/Abstract] OR resistant[Title/Abstract] OR sensitivity[Title/Abstract] OR sensitization[Title/Abstract] OR adaptive[Title/Abstract] OR feedback[Title/Abstract] OR bypass[Title/Abstract] OR biomarker[Title/Abstract] OR mutation[Title/Abstract])); ((alpelisib[Title/Abstract] OR BYL719[Title/Abstract] OR inavolisib[Title/Abstract] OR ""GDC-0077""[Title/Abstract]) AND (combination[Title/Abstract] OR synergy[Title/Abstract] OR synergistic[Title/Abstract] OR sensitization[Title/Abstract] OR sensitizes[Title/Abstract] OR resensitization[Title/Abstract]) AND (PIK3CA[Title/Abstract] OR ""PI3K alpha""[Title/Abstract] OR ""PI3K-alpha""[Title/Abstract] OR endocrine[Title/Abstract] OR HER2[Title/Abstract] OR ERBB[Title/Abstract] OR mTOR[Title/Abstract] OR MEK[Title/Abstract] OR MAPK[Title/Abstract] OR CDK4[Title/Abstract] OR CDK6[Title/Abstract] OR AKT[Title/Abstract]))",confirm_include,advance_to_import
pmid-32169477,32169477,10.1016/j.jtho.2020.01.027,Alterations in the PI3K Pathway Drive Resistance to MET Inhibitors in NSCLC Harboring MET Exon 14 Skipping Mutations.,2020,low,defer_pdf,access_uncertain,pi3k-alpha; inhibitor; response; resistance; pathway; inhibitors; feedback; signaling,Defer PDF: paper matches run terms but lacks explicit PMC-learned mechanism criteria in title/abstract.,"((PIK3CA[Title/Abstract] OR ""PI3K alpha""[Title/Abstract] OR ""PI3K-alpha""[Title/Abstract]) AND (""PI3K inhibitor""[Title/Abstract] OR ""PI3K-alpha inhibitor""[Title/Abstract] OR ""PI3K alpha inhibitor""[Title/Abstract] OR alpelisib[Title/Abstract] OR BYL719[Title/Abstract] OR inavolisib[Title/Abstract]) AND (""RTK""[Title/Abstract] OR HER3[Title/Abstract] OR ERBB3[Title/Abstract] OR insulin[Title/Abstract] OR IGF1R[Title/Abstract] OR ESR1[Title/Abstract] OR PTEN[Title/Abstract] OR RB1[Title/Abstract] OR NF1[Title/Abstract] OR ""vertical inhibition""[Title/Abstract] OR ""pathway rebound""[Title/Abstract] OR ""feedback activation""[Title/Abstract]))",confirm_include,advance_to_import
pmid-32869930,32869930,10.1634/theoncologist.2020-0449,Biomarkers in Breast Cancer: An Integrated Analysis of Comprehensive Genomic Profiling and PD-L1 Immunohistochemistry Biomarkers in 312 Patients with Breast Cancer.,2020,low,defer_pdf,access_uncertain,pi3k-alpha; resistance; when; sensitization; feedback; bypass; for; adaptive,Defer PDF: paper matches run terms but lacks explicit PMC-learned mechanism criteria in title/abstract.,"((alpelisib[Title/Abstract] OR BYL719[Title/Abstract] OR inavolisib[Title/Abstract] OR ""GDC-0077""[Title/Abstract] OR RLY2608[Title/Abstract] OR ""RLY-2608""[Title/Abstract]) AND (PIK3CA[Title/Abstract] OR ""PI3K alpha""[Title/Abstract] OR ""PI3K-alpha""[Title/Abstract] OR ""p110 alpha""[Title/Abstract] OR p110alpha[Title/Abstract]) AND (resistance[Title/Abstract] OR resistant[Title/Abstract] OR sensitivity[Title/Abstract] OR sensitization[Title/Abstract] OR adaptive[Title/Abstract] OR feedback[Title/Abstract] OR bypass[Title/Abstract] OR biomarker[Title/Abstract] OR mutation[Title/Abstract]))",confirm_include,advance_to_import
pmid-35663259,35663259,10.36401/JIPO-20-5,"Case Report: Sustained Complete Response to PI3K Inhibition in a Patient with Metastatic Breast Cancer Harboring PIK3CA, NF1, and CDH1 Mutations.",2020,low,defer_pdf,access_uncertain,pi3k-alpha; inhibitor; response; pathway; feedback; pi3k; sensitivity; clinical,Defer PDF: paper matches run terms but lacks explicit PMC-learned mechanism criteria in title/abstract.,"((PIK3CA[Title/Abstract] OR ""PI3K alpha""[Title/Abstract] OR ""PI3K-alpha""[Title/Abstract]) AND (""PI3K inhibitor""[Title/Abstract] OR ""PI3K-alpha inhibitor""[Title/Abstract] OR ""PI3K alpha inhibitor""[Title/Abstract] OR alpelisib[Title/Abstract] OR BYL719[Title/Abstract] OR inavolisib[Title/Abstract]) AND (""RTK""[Title/Abstract] OR HER3[Title/Abstract] OR ERBB3[Title/Abstract] OR insulin[Title/Abstract] OR IGF1R[Title/Abstract] OR ESR1[Title/Abstract] OR PTEN[Title/Abstract] OR RB1[Title/Abstract] OR NF1[Title/Abstract] OR ""vertical inhibition""[Title/Abstract] OR ""pathway rebound""[Title/Abstract] OR ""feedback activation""[Title/Abstract]))",confirm_include,advance_to_import
pmid-32958261,32958261,10.1053/j.seminoncol.2020.07.005,Management of ER positive metastatic breast cancer.,2020,low,defer_pdf,access_uncertain,pi3k-alpha; inhibitor; response; resistance; when; inhibitors; sensitization; signaling,Defer PDF: paper matches run terms but lacks explicit PMC-learned mechanism criteria in title/abstract.,"((alpelisib[Title/Abstract] OR BYL719[Title/Abstract] OR inavolisib[Title/Abstract] OR ""GDC-0077""[Title/Abstract]) AND (combination[Title/Abstract] OR synergy[Title/Abstract] OR synergistic[Title/Abstract] OR sensitization[Title/Abstract] OR sensitizes[Title/Abstract] OR resensitization[Title/Abstract]) AND (PIK3CA[Title/Abstract] OR ""PI3K alpha""[Title/Abstract] OR ""PI3K-alpha""[Title/Abstract] OR endocrine[Title/Abstract] OR HER2[Title/Abstract] OR ERBB[Title/Abstract] OR mTOR[Title/Abstract] OR MEK[Title/Abstract] OR MAPK[Title/Abstract] OR CDK4[Title/Abstract] OR CDK6[Title/Abstract] OR AKT[Title/Abstract]))",confirm_include,advance_to_import
pmid-32274666,32274666,10.1007/s10549-020-05618-1,Mechanistic basis for PI3K inhibitor antitumor activity and adverse reactions in advanced breast cancer.,2020,low,defer_pdf,access_uncertain,pi3k-alpha; inhibitor; resistance; pathway; inhibitors; feedback; signaling; combination,Defer PDF: paper matches run terms but lacks explicit PMC-learned mechanism criteria in title/abstract.,"((PIK3CA[Title/Abstract] OR ""PI3K alpha""[Title/Abstract] OR ""PI3K-alpha""[Title/Abstract]) AND (""PI3K inhibitor""[Title/Abstract] OR ""PI3K-alpha inhibitor""[Title/Abstract] OR ""PI3K alpha inhibitor""[Title/Abstract] OR alpelisib[Title/Abstract] OR BYL719[Title/Abstract] OR inavolisib[Title/Abstract]) AND (""RTK""[Title/Abstract] OR HER3[Title/Abstract] OR ERBB3[Title/Abstract] OR insulin[Title/Abstract] OR IGF1R[Title/Abstract] OR ESR1[Title/Abstract] OR PTEN[Title/Abstract] OR RB1[Title/Abstract] OR NF1[Title/Abstract] OR ""vertical inhibition""[Title/Abstract] OR ""pathway rebound""[Title/Abstract] OR ""feedback activation""[Title/Abstract]))",confirm_include,advance_to_import
pmid-32929011,32929011,10.1073/pnas.2000060117,PIK3CA C-terminal frameshift mutations are novel oncogenic events that sensitize tumors to PI3K-α inhibition.,2020,low,defer_pdf,access_uncertain,pi3k-alpha; inhibitor; resistance; inhibitors; sensitization; feedback; bypass; for,Defer PDF: paper matches run terms but lacks explicit PMC-learned mechanism criteria in title/abstract.,"((alpelisib[Title/Abstract] OR BYL719[Title/Abstract] OR inavolisib[Title/Abstract] OR ""GDC-0077""[Title/Abstract] OR RLY2608[Title/Abstract] OR ""RLY-2608""[Title/Abstract]) AND (PIK3CA[Title/Abstract] OR ""PI3K alpha""[Title/Abstract] OR ""PI3K-alpha""[Title/Abstract] OR ""p110 alpha""[Title/Abstract] OR p110alpha[Title/Abstract]) AND (resistance[Title/Abstract] OR resistant[Title/Abstract] OR sensitivity[Title/Abstract] OR sensitization[Title/Abstract] OR adaptive[Title/Abstract] OR feedback[Title/Abstract] OR bypass[Title/Abstract] OR biomarker[Title/Abstract] OR mutation[Title/Abstract]))",confirm_include,advance_to_import
pmid-31780379,31780379,10.1016/j.clbc.2019.06.017,Practical Treatment Strategies and Future Directions After Progression While Receiving CDK4/6 Inhibition and Endocrine Therapy in Advanced HR(+)/HER2(-) Breast Cancer.,2020,low,defer_pdf,access_uncertain,pi3k-alpha; inhibitor; resistance; pathway; inhibitors; sensitization; feedback; bypass,Defer PDF: paper matches run terms but lacks explicit PMC-learned mechanism criteria in title/abstract.,"((alpelisib[Title/Abstract] OR BYL719[Title/Abstract] OR inavolisib[Title/Abstract] OR ""GDC-0077""[Title/Abstract] OR RLY2608[Title/Abstract] OR ""RLY-2608""[Title/Abstract]) AND (PIK3CA[Title/Abstract] OR ""PI3K alpha""[Title/Abstract] OR ""PI3K-alpha""[Title/Abstract] OR ""p110 alpha""[Title/Abstract] OR p110alpha[Title/Abstract]) AND (resistance[Title/Abstract] OR resistant[Title/Abstract] OR sensitivity[Title/Abstract] OR sensitization[Title/Abstract] OR adaptive[Title/Abstract] OR feedback[Title/Abstract] OR bypass[Title/Abstract] OR biomarker[Title/Abstract] OR mutation[Title/Abstract])); ((alpelisib[Title/Abstract] OR BYL719[Title/Abstract] OR inavolisib[Title/Abstract] OR ""GDC-0077""[Title/Abstract]) AND (combination[Title/Abstract] OR synergy[Title/Abstract] OR synergistic[Title/Abstract] OR sensitization[Title/Abstract] OR sensitizes[Title/Abstract] OR resensitization[Title/Abstract]) AND (PIK3CA[Title/Abstract] OR ""PI3K alpha""[Title/Abstract] OR ""PI3K-alpha""[Title/Abstract] OR endocrine[Title/Abstract] OR HER2[Title/Abstract] OR ERBB[Title/Abstract] OR mTOR[Title/Abstract] OR MEK[Title/Abstract] OR MAPK[Title/Abstract] OR CDK4[Title/Abstract] OR CDK6[Title/Abstract] OR AKT[Title/Abstract])); ((PIK3CA[Title/Abstract] OR ""PI3K alpha""[Title/Abstract] OR ""PI3K-alpha""[Title/Abstract]) AND (""PI3K inhibitor""[Title/Abstract] OR ""PI3K-alpha inhibitor""[Title/Abstract] OR ""PI3K alpha inhibitor""[Title/Abstract] OR alpelisib[Title/Abstract] OR BYL719[Title/Abstract] OR inavolisib[Title/Abstract]) AND (""RTK""[Title/Abstract] OR HER3[Title/Abstract] OR ERBB3[Title/Abstract] OR insulin[Title/Abstract] OR IGF1R[Title/Abstract] OR ESR1[Title/Abstract] OR PTEN[Title/Abstract] OR RB1[Title/Abstract] OR NF1[Title/Abstract] OR ""vertical inhibition""[Title/Abstract] OR ""pathway rebound""[Title/Abstract] OR ""feedback activation""[Title/Abstract]))",confirm_include,advance_to_import
pmid-31534012,31534012,10.1158/1535-7163.MCT-19-0284,Predictive and Pharmacodynamic Biomarkers of Response to the Phosphatidylinositol 3-Kinase Inhibitor Taselisib in Breast Cancer Preclinical Models.,2020,low,defer_pdf,access_uncertain,pi3k-alpha; inhibitor; response; pathway; when; feedback; signaling; combination,Defer PDF: paper matches run terms but lacks explicit PMC-learned mechanism criteria in title/abstract.,"((PIK3CA[Title/Abstract] OR ""PI3K alpha""[Title/Abstract] OR ""PI3K-alpha""[Title/Abstract]) AND (""PI3K inhibitor""[Title/Abstract] OR ""PI3K-alpha inhibitor""[Title/Abstract] OR ""PI3K alpha inhibitor""[Title/Abstract] OR alpelisib[Title/Abstract] OR BYL719[Title/Abstract] OR inavolisib[Title/Abstract]) AND (""RTK""[Title/Abstract] OR HER3[Title/Abstract] OR ERBB3[Title/Abstract] OR insulin[Title/Abstract] OR IGF1R[Title/Abstract] OR ESR1[Title/Abstract] OR PTEN[Title/Abstract] OR RB1[Title/Abstract] OR NF1[Title/Abstract] OR ""vertical inhibition""[Title/Abstract] OR ""pathway rebound""[Title/Abstract] OR ""feedback activation""[Title/Abstract]))",confirm_include,advance_to_import
pmid-32416251,32416251,10.1016/j.annonc.2020.05.001,Time course and management of key adverse events during the randomized phase III SOLAR-1 study of PI3K inhibitor alpelisib plus fulvestrant in patients with HR-positive advanced breast cancer.,2020,low,defer_pdf,access_uncertain,pi3k-alpha; inhibitor; sensitization; combination; for; pi3k; clinical,Defer PDF: paper matches run terms but lacks explicit PMC-learned mechanism criteria in title/abstract.,"((alpelisib[Title/Abstract] OR BYL719[Title/Abstract] OR inavolisib[Title/Abstract] OR ""GDC-0077""[Title/Abstract]) AND (combination[Title/Abstract] OR synergy[Title/Abstract] OR synergistic[Title/Abstract] OR sensitization[Title/Abstract] OR sensitizes[Title/Abstract] OR resensitization[Title/Abstract]) AND (PIK3CA[Title/Abstract] OR ""PI3K alpha""[Title/Abstract] OR ""PI3K-alpha""[Title/Abstract] OR endocrine[Title/Abstract] OR HER2[Title/Abstract] OR ERBB[Title/Abstract] OR mTOR[Title/Abstract] OR MEK[Title/Abstract] OR MAPK[Title/Abstract] OR CDK4[Title/Abstract] OR CDK6[Title/Abstract] OR AKT[Title/Abstract]))",confirm_include,advance_to_import
pmid-33213227,33213227,10.1080/17425255.2021.1844662,"A pharmacokinetic evaluation of alpelisib for the treatment of HR+, HER2-negative, PIK3CA-mutated advanced or metastatic breast cancer.",2021,low,defer_pdf,access_uncertain,pi3k-alpha; inhibitor; resistance; inhibitors; sensitization; feedback; bypass; combination,Defer PDF: paper matches run terms but lacks explicit PMC-learned mechanism criteria in title/abstract.,"((alpelisib[Title/Abstract] OR BYL719[Title/Abstract] OR inavolisib[Title/Abstract] OR ""GDC-0077""[Title/Abstract] OR RLY2608[Title/Abstract] OR ""RLY-2608""[Title/Abstract]) AND (PIK3CA[Title/Abstract] OR ""PI3K alpha""[Title/Abstract] OR ""PI3K-alpha""[Title/Abstract] OR ""p110 alpha""[Title/Abstract] OR p110alpha[Title/Abstract]) AND (resistance[Title/Abstract] OR resistant[Title/Abstract] OR sensitivity[Title/Abstract] OR sensitization[Title/Abstract] OR adaptive[Title/Abstract] OR feedback[Title/Abstract] OR bypass[Title/Abstract] OR biomarker[Title/Abstract] OR mutation[Title/Abstract])); ((alpelisib[Title/Abstract] OR BYL719[Title/Abstract] OR inavolisib[Title/Abstract] OR ""GDC-0077""[Title/Abstract]) AND (combination[Title/Abstract] OR synergy[Title/Abstract] OR synergistic[Title/Abstract] OR sensitization[Title/Abstract] OR sensitizes[Title/Abstract] OR resensitization[Title/Abstract]) AND (PIK3CA[Title/Abstract] OR ""PI3K alpha""[Title/Abstract] OR ""PI3K-alpha""[Title/Abstract] OR endocrine[Title/Abstract] OR HER2[Title/Abstract] OR ERBB[Title/Abstract] OR mTOR[Title/Abstract] OR MEK[Title/Abstract] OR MAPK[Title/Abstract] OR CDK4[Title/Abstract] OR CDK6[Title/Abstract] OR AKT[Title/Abstract]))",confirm_include,advance_to_import
pmid-33622114,33622114,10.1080/14656566.2021.1873952,"Alpelisib for the treatment of PIK3CA-mutated, hormone receptor-positive, HER2-negative metastatic breast cancer.",2021,low,defer_pdf,access_uncertain,pi3k-alpha; inhibitor; resistance; sensitization; feedback; bypass; for; adaptive,Defer PDF: paper matches run terms but lacks explicit PMC-learned mechanism criteria in title/abstract.,"((alpelisib[Title/Abstract] OR BYL719[Title/Abstract] OR inavolisib[Title/Abstract] OR ""GDC-0077""[Title/Abstract] OR RLY2608[Title/Abstract] OR ""RLY-2608""[Title/Abstract]) AND (PIK3CA[Title/Abstract] OR ""PI3K alpha""[Title/Abstract] OR ""PI3K-alpha""[Title/Abstract] OR ""p110 alpha""[Title/Abstract] OR p110alpha[Title/Abstract]) AND (resistance[Title/Abstract] OR resistant[Title/Abstract] OR sensitivity[Title/Abstract] OR sensitization[Title/Abstract] OR adaptive[Title/Abstract] OR feedback[Title/Abstract] OR bypass[Title/Abstract] OR biomarker[Title/Abstract] OR mutation[Title/Abstract]))",confirm_include,advance_to_import
pmid-33964572,33964572,10.1016/j.ejca.2021.03.042,"Alpelisib in combination with everolimus ± exemestane in solid tumours: Phase Ib randomised, open-label, multicentre study.",2021,low,defer_pdf,access_uncertain,pi3k-alpha; inhibitor; sensitization; combination; for; pi3k; clinical,Defer PDF: paper matches run terms but lacks explicit PMC-learned mechanism criteria in title/abstract.,"((alpelisib[Title/Abstract] OR BYL719[Title/Abstract] OR inavolisib[Title/Abstract] OR ""GDC-0077""[Title/Abstract]) AND (combination[Title/Abstract] OR synergy[Title/Abstract] OR synergistic[Title/Abstract] OR sensitization[Title/Abstract] OR sensitizes[Title/Abstract] OR resensitization[Title/Abstract]) AND (PIK3CA[Title/Abstract] OR ""PI3K alpha""[Title/Abstract] OR ""PI3K-alpha""[Title/Abstract] OR endocrine[Title/Abstract] OR HER2[Title/Abstract] OR ERBB[Title/Abstract] OR mTOR[Title/Abstract] OR MEK[Title/Abstract] OR MAPK[Title/Abstract] OR CDK4[Title/Abstract] OR CDK6[Title/Abstract] OR AKT[Title/Abstract]))",confirm_include,advance_to_import
pmid-32964734,32964734,10.2217/fon-2020-0464,Alpelisib in the treatment of metastatic HR+ breast cancer with PIK3CA mutations.,2021,low,defer_pdf,access_uncertain,pi3k-alpha; inhibitor; resistance; inhibitors; sensitization; feedback; bypass; for,Defer PDF: paper matches run terms but lacks explicit PMC-learned mechanism criteria in title/abstract.,"((alpelisib[Title/Abstract] OR BYL719[Title/Abstract] OR inavolisib[Title/Abstract] OR ""GDC-0077""[Title/Abstract] OR RLY2608[Title/Abstract] OR ""RLY-2608""[Title/Abstract]) AND (PIK3CA[Title/Abstract] OR ""PI3K alpha""[Title/Abstract] OR ""PI3K-alpha""[Title/Abstract] OR ""p110 alpha""[Title/Abstract] OR p110alpha[Title/Abstract]) AND (resistance[Title/Abstract] OR resistant[Title/Abstract] OR sensitivity[Title/Abstract] OR sensitization[Title/Abstract] OR adaptive[Title/Abstract] OR feedback[Title/Abstract] OR bypass[Title/Abstract] OR biomarker[Title/Abstract] OR mutation[Title/Abstract]))",confirm_include,advance_to_import
pmid-33246021,33246021,10.1016/j.annonc.2020.11.011,"Alpelisib plus fulvestrant for PIK3CA-mutated, hormone receptor-positive, human epidermal growth factor receptor-2-negative advanced breast cancer: final overall survival results from SOLAR-1.",2021,low,defer_pdf,access_uncertain,pi3k-alpha; inhibitor; resistance; pathway; when; sensitization; feedback; bypass,Defer PDF: paper matches run terms but lacks explicit PMC-learned mechanism criteria in title/abstract.,"((alpelisib[Title/Abstract] OR BYL719[Title/Abstract] OR inavolisib[Title/Abstract] OR ""GDC-0077""[Title/Abstract] OR RLY2608[Title/Abstract] OR ""RLY-2608""[Title/Abstract]) AND (PIK3CA[Title/Abstract] OR ""PI3K alpha""[Title/Abstract] OR ""PI3K-alpha""[Title/Abstract] OR ""p110 alpha""[Title/Abstract] OR p110alpha[Title/Abstract]) AND (resistance[Title/Abstract] OR resistant[Title/Abstract] OR sensitivity[Title/Abstract] OR sensitization[Title/Abstract] OR adaptive[Title/Abstract] OR feedback[Title/Abstract] OR bypass[Title/Abstract] OR biomarker[Title/Abstract] OR mutation[Title/Abstract]))",confirm_include,advance_to_import
pmid-34765318,34765318,,Chemoresistance in breast cancer: PI3K/Akt pathway inhibitors vs the current chemotherapy.,2021,low,defer_pdf,access_uncertain,pi3k-alpha; inhibitor; response; resistance; pathway; inhibitors; sensitization; feedback,Defer PDF: paper matches run terms but lacks explicit PMC-learned mechanism criteria in title/abstract.,"((alpelisib[Title/Abstract] OR BYL719[Title/Abstract] OR inavolisib[Title/Abstract] OR ""GDC-0077""[Title/Abstract] OR RLY2608[Title/Abstract] OR ""RLY-2608""[Title/Abstract]) AND (PIK3CA[Title/Abstract] OR ""PI3K alpha""[Title/Abstract] OR ""PI3K-alpha""[Title/Abstract] OR ""p110 alpha""[Title/Abstract] OR p110alpha[Title/Abstract]) AND (resistance[Title/Abstract] OR resistant[Title/Abstract] OR sensitivity[Title/Abstract] OR sensitization[Title/Abstract] OR adaptive[Title/Abstract] OR feedback[Title/Abstract] OR bypass[Title/Abstract] OR biomarker[Title/Abstract] OR mutation[Title/Abstract])); ((alpelisib[Title/Abstract] OR BYL719[Title/Abstract] OR inavolisib[Title/Abstract] OR ""GDC-0077""[Title/Abstract]) AND (combination[Title/Abstract] OR synergy[Title/Abstract] OR synergistic[Title/Abstract] OR sensitization[Title/Abstract] OR sensitizes[Title/Abstract] OR resensitization[Title/Abstract]) AND (PIK3CA[Title/Abstract] OR ""PI3K alpha""[Title/Abstract] OR ""PI3K-alpha""[Title/Abstract] OR endocrine[Title/Abstract] OR HER2[Title/Abstract] OR ERBB[Title/Abstract] OR mTOR[Title/Abstract] OR MEK[Title/Abstract] OR MAPK[Title/Abstract] OR CDK4[Title/Abstract] OR CDK6[Title/Abstract] OR AKT[Title/Abstract]))",confirm_include,advance_to_import
pmid-34498152,34498152,10.1007/s10549-021-06376-4,"Effects of PI3K inhibition in AI-resistant breast cancer cell lines: autophagy, apoptosis, and cell cycle progression.",2021,low,defer_pdf,access_uncertain,pi3k-alpha; inhibitor; response; resistance; pathway; inhibitors; sensitization; combination,Defer PDF: paper matches run terms but lacks explicit PMC-learned mechanism criteria in title/abstract.,"((alpelisib[Title/Abstract] OR BYL719[Title/Abstract] OR inavolisib[Title/Abstract] OR ""GDC-0077""[Title/Abstract]) AND (combination[Title/Abstract] OR synergy[Title/Abstract] OR synergistic[Title/Abstract] OR sensitization[Title/Abstract] OR sensitizes[Title/Abstract] OR resensitization[Title/Abstract]) AND (PIK3CA[Title/Abstract] OR ""PI3K alpha""[Title/Abstract] OR ""PI3K-alpha""[Title/Abstract] OR endocrine[Title/Abstract] OR HER2[Title/Abstract] OR ERBB[Title/Abstract] OR mTOR[Title/Abstract] OR MEK[Title/Abstract] OR MAPK[Title/Abstract] OR CDK4[Title/Abstract] OR CDK6[Title/Abstract] OR AKT[Title/Abstract]))",confirm_include,advance_to_import
pmid-34324367,34324367,10.1200/JCO.21.01392,"Endocrine Treatment and Targeted Therapy for Hormone Receptor-Positive, Human Epidermal Growth Factor Receptor 2-Negative Metastatic Breast Cancer: ASCO Guideline Update.",2021,low,defer_pdf,access_uncertain,pi3k-alpha; inhibitor; resistance; pathway; inhibitors; sensitization; feedback; bypass,Defer PDF: paper matches run terms but lacks explicit PMC-learned mechanism criteria in title/abstract.,"((alpelisib[Title/Abstract] OR BYL719[Title/Abstract] OR inavolisib[Title/Abstract] OR ""GDC-0077""[Title/Abstract] OR RLY2608[Title/Abstract] OR ""RLY-2608""[Title/Abstract]) AND (PIK3CA[Title/Abstract] OR ""PI3K alpha""[Title/Abstract] OR ""PI3K-alpha""[Title/Abstract] OR ""p110 alpha""[Title/Abstract] OR p110alpha[Title/Abstract]) AND (resistance[Title/Abstract] OR resistant[Title/Abstract] OR sensitivity[Title/Abstract] OR sensitization[Title/Abstract] OR adaptive[Title/Abstract] OR feedback[Title/Abstract] OR bypass[Title/Abstract] OR biomarker[Title/Abstract] OR mutation[Title/Abstract])); ((alpelisib[Title/Abstract] OR BYL719[Title/Abstract] OR inavolisib[Title/Abstract] OR ""GDC-0077""[Title/Abstract]) AND (combination[Title/Abstract] OR synergy[Title/Abstract] OR synergistic[Title/Abstract] OR sensitization[Title/Abstract] OR sensitizes[Title/Abstract] OR resensitization[Title/Abstract]) AND (PIK3CA[Title/Abstract] OR ""PI3K alpha""[Title/Abstract] OR ""PI3K-alpha""[Title/Abstract] OR endocrine[Title/Abstract] OR HER2[Title/Abstract] OR ERBB[Title/Abstract] OR mTOR[Title/Abstract] OR MEK[Title/Abstract] OR MAPK[Title/Abstract] OR CDK4[Title/Abstract] OR CDK6[Title/Abstract] OR AKT[Title/Abstract])); ((PIK3CA[Title/Abstract] OR ""PI3K alpha""[Title/Abstract] OR ""PI3K-alpha""[Title/Abstract]) AND (""PI3K inhibitor""[Title/Abstract] OR ""PI3K-alpha inhibitor""[Title/Abstract] OR ""PI3K alpha inhibitor""[Title/Abstract] OR alpelisib[Title/Abstract] OR BYL719[Title/Abstract] OR inavolisib[Title/Abstract]) AND (""RTK""[Title/Abstract] OR HER3[Title/Abstract] OR ERBB3[Title/Abstract] OR insulin[Title/Abstract] OR IGF1R[Title/Abstract] OR ESR1[Title/Abstract] OR PTEN[Title/Abstract] OR RB1[Title/Abstract] OR NF1[Title/Abstract] OR ""vertical inhibition""[Title/Abstract] OR ""pathway rebound""[Title/Abstract] OR ""feedback activation""[Title/Abstract]))",confirm_include,advance_to_import
pmid-33972086,33972086,10.1016/j.ygyno.2021.04.028,Establishment and preclinical application of a patient-derived xenograft model for uterine cancer.,2021,low,defer_pdf,access_uncertain,pi3k-alpha; inhibitor; pathway; feedback; for; pi3k; clinical,Defer PDF: paper matches run terms but lacks explicit PMC-learned mechanism criteria in title/abstract.,"((PIK3CA[Title/Abstract] OR ""PI3K alpha""[Title/Abstract] OR ""PI3K-alpha""[Title/Abstract]) AND (""PI3K inhibitor""[Title/Abstract] OR ""PI3K-alpha inhibitor""[Title/Abstract] OR ""PI3K alpha inhibitor""[Title/Abstract] OR alpelisib[Title/Abstract] OR BYL719[Title/Abstract] OR inavolisib[Title/Abstract]) AND (""RTK""[Title/Abstract] OR HER3[Title/Abstract] OR ERBB3[Title/Abstract] OR insulin[Title/Abstract] OR IGF1R[Title/Abstract] OR ESR1[Title/Abstract] OR PTEN[Title/Abstract] OR RB1[Title/Abstract] OR NF1[Title/Abstract] OR ""vertical inhibition""[Title/Abstract] OR ""pathway rebound""[Title/Abstract] OR ""feedback activation""[Title/Abstract]))",confirm_include,advance_to_import
pmid-34012367,34012367,10.1159/000514794,First Experiences with Alpelisib in Clinical Routine: Case Reports from a German Breast Center.,2021,low,defer_pdf,access_uncertain,pi3k-alpha; inhibitor; resistance; pathway; sensitization; feedback; bypass; for,Defer PDF: paper matches run terms but lacks explicit PMC-learned mechanism criteria in title/abstract.,"((alpelisib[Title/Abstract] OR BYL719[Title/Abstract] OR inavolisib[Title/Abstract] OR ""GDC-0077""[Title/Abstract] OR RLY2608[Title/Abstract] OR ""RLY-2608""[Title/Abstract]) AND (PIK3CA[Title/Abstract] OR ""PI3K alpha""[Title/Abstract] OR ""PI3K-alpha""[Title/Abstract] OR ""p110 alpha""[Title/Abstract] OR p110alpha[Title/Abstract]) AND (resistance[Title/Abstract] OR resistant[Title/Abstract] OR sensitivity[Title/Abstract] OR sensitization[Title/Abstract] OR adaptive[Title/Abstract] OR feedback[Title/Abstract] OR bypass[Title/Abstract] OR biomarker[Title/Abstract] OR mutation[Title/Abstract])); ((PIK3CA[Title/Abstract] OR ""PI3K alpha""[Title/Abstract] OR ""PI3K-alpha""[Title/Abstract]) AND (""PI3K inhibitor""[Title/Abstract] OR ""PI3K-alpha inhibitor""[Title/Abstract] OR ""PI3K alpha inhibitor""[Title/Abstract] OR alpelisib[Title/Abstract] OR BYL719[Title/Abstract] OR inavolisib[Title/Abstract]) AND (""RTK""[Title/Abstract] OR HER3[Title/Abstract] OR ERBB3[Title/Abstract] OR insulin[Title/Abstract] OR IGF1R[Title/Abstract] OR ESR1[Title/Abstract] OR PTEN[Title/Abstract] OR RB1[Title/Abstract] OR NF1[Title/Abstract] OR ""vertical inhibition""[Title/Abstract] OR ""pathway rebound""[Title/Abstract] OR ""feedback activation""[Title/Abstract]))",confirm_include,advance_to_import
pmid-33865994,33865994,10.1016/j.critrevonc.2021.103334,PI3K inhibition in breast cancer: Identifying and overcoming different flavors of resistance.,2021,low,defer_pdf,access_uncertain,pi3k-alpha; inhibitor; resistance; pathway; inhibitors; sensitization; feedback; bypass,Defer PDF: paper matches run terms but lacks explicit PMC-learned mechanism criteria in title/abstract.,"((alpelisib[Title/Abstract] OR BYL719[Title/Abstract] OR inavolisib[Title/Abstract] OR ""GDC-0077""[Title/Abstract] OR RLY2608[Title/Abstract] OR ""RLY-2608""[Title/Abstract]) AND (PIK3CA[Title/Abstract] OR ""PI3K alpha""[Title/Abstract] OR ""PI3K-alpha""[Title/Abstract] OR ""p110 alpha""[Title/Abstract] OR p110alpha[Title/Abstract]) AND (resistance[Title/Abstract] OR resistant[Title/Abstract] OR sensitivity[Title/Abstract] OR sensitization[Title/Abstract] OR adaptive[Title/Abstract] OR feedback[Title/Abstract] OR bypass[Title/Abstract] OR biomarker[Title/Abstract] OR mutation[Title/Abstract])); ((alpelisib[Title/Abstract] OR BYL719[Title/Abstract] OR inavolisib[Title/Abstract] OR ""GDC-0077""[Title/Abstract]) AND (combination[Title/Abstract] OR synergy[Title/Abstract] OR synergistic[Title/Abstract] OR sensitization[Title/Abstract] OR sensitizes[Title/Abstract] OR resensitization[Title/Abstract]) AND (PIK3CA[Title/Abstract] OR ""PI3K alpha""[Title/Abstract] OR ""PI3K-alpha""[Title/Abstract] OR endocrine[Title/Abstract] OR HER2[Title/Abstract] OR ERBB[Title/Abstract] OR mTOR[Title/Abstract] OR MEK[Title/Abstract] OR MAPK[Title/Abstract] OR CDK4[Title/Abstract] OR CDK6[Title/Abstract] OR AKT[Title/Abstract]))",confirm_include,advance_to_import
pmid-33148674,33148674,10.1158/1078-0432.CCR-20-2657,"Phase I Basket Study of Taselisib, an Isoform-Selective PI3K Inhibitor, in Patients with PIK3CA-Mutant Cancers.",2021,low,defer_pdf,access_uncertain,pi3k-alpha; inhibitor; response; resistance; pathway; when; inhibitors; feedback,Defer PDF: paper matches run terms but lacks explicit PMC-learned mechanism criteria in title/abstract.,"((PIK3CA[Title/Abstract] OR ""PI3K alpha""[Title/Abstract] OR ""PI3K-alpha""[Title/Abstract]) AND (""PI3K inhibitor""[Title/Abstract] OR ""PI3K-alpha inhibitor""[Title/Abstract] OR ""PI3K alpha inhibitor""[Title/Abstract] OR alpelisib[Title/Abstract] OR BYL719[Title/Abstract] OR inavolisib[Title/Abstract]) AND (""RTK""[Title/Abstract] OR HER3[Title/Abstract] OR ERBB3[Title/Abstract] OR insulin[Title/Abstract] OR IGF1R[Title/Abstract] OR ESR1[Title/Abstract] OR PTEN[Title/Abstract] OR RB1[Title/Abstract] OR NF1[Title/Abstract] OR ""vertical inhibition""[Title/Abstract] OR ""pathway rebound""[Title/Abstract] OR ""feedback activation""[Title/Abstract]))",confirm_include,advance_to_import
pmid-32887722,32887722,10.1158/1078-0432.CCR-20-0645,Phase Ib Study of Ribociclib plus Fulvestrant and Ribociclib plus Fulvestrant plus PI3K Inhibitor (Alpelisib or Buparlisib) for HR(+) Advanced Breast Cancer.,2021,low,defer_pdf,access_uncertain,pi3k-alpha; inhibitor; response; resistance; pathway; sensitization; combination; for,Defer PDF: paper matches run terms but lacks explicit PMC-learned mechanism criteria in title/abstract.,"((alpelisib[Title/Abstract] OR BYL719[Title/Abstract] OR inavolisib[Title/Abstract] OR ""GDC-0077""[Title/Abstract]) AND (combination[Title/Abstract] OR synergy[Title/Abstract] OR synergistic[Title/Abstract] OR sensitization[Title/Abstract] OR sensitizes[Title/Abstract] OR resensitization[Title/Abstract]) AND (PIK3CA[Title/Abstract] OR ""PI3K alpha""[Title/Abstract] OR ""PI3K-alpha""[Title/Abstract] OR endocrine[Title/Abstract] OR HER2[Title/Abstract] OR ERBB[Title/Abstract] OR mTOR[Title/Abstract] OR MEK[Title/Abstract] OR MAPK[Title/Abstract] OR CDK4[Title/Abstract] OR CDK6[Title/Abstract] OR AKT[Title/Abstract]))",confirm_include,advance_to_import
pmid-34552006,34552006,10.1158/1535-7163.MCT-20-0981,Phosphoproteomics Identifies PI3K Inhibitor-selective Adaptive Responses in Pancreatic Cancer Cell Therapy and Resistance.,2021,low,defer_pdf,access_uncertain,pi3k-alpha; inhibitor; response; resistance; pathway; inhibitors; sensitization; signaling,Defer PDF: paper matches run terms but lacks explicit PMC-learned mechanism criteria in title/abstract.,"((alpelisib[Title/Abstract] OR BYL719[Title/Abstract] OR inavolisib[Title/Abstract] OR ""GDC-0077""[Title/Abstract]) AND (combination[Title/Abstract] OR synergy[Title/Abstract] OR synergistic[Title/Abstract] OR sensitization[Title/Abstract] OR sensitizes[Title/Abstract] OR resensitization[Title/Abstract]) AND (PIK3CA[Title/Abstract] OR ""PI3K alpha""[Title/Abstract] OR ""PI3K-alpha""[Title/Abstract] OR endocrine[Title/Abstract] OR HER2[Title/Abstract] OR ERBB[Title/Abstract] OR mTOR[Title/Abstract] OR MEK[Title/Abstract] OR MAPK[Title/Abstract] OR CDK4[Title/Abstract] OR CDK6[Title/Abstract] OR AKT[Title/Abstract]))",confirm_include,advance_to_import
pmid-34904814,34904814,10.1097/PPO.0000000000000565,Poly(ADP-Ribose) Polymerase Inhibitor Combination Therapy.,2021,low,defer_pdf,access_uncertain,pi3k-alpha; inhibitor; resistance; pathway; inhibitors; sensitization; combination; for,Defer PDF: paper matches run terms but lacks explicit PMC-learned mechanism criteria in title/abstract.,"((alpelisib[Title/Abstract] OR BYL719[Title/Abstract] OR inavolisib[Title/Abstract] OR ""GDC-0077""[Title/Abstract]) AND (combination[Title/Abstract] OR synergy[Title/Abstract] OR synergistic[Title/Abstract] OR sensitization[Title/Abstract] OR sensitizes[Title/Abstract] OR resensitization[Title/Abstract]) AND (PIK3CA[Title/Abstract] OR ""PI3K alpha""[Title/Abstract] OR ""PI3K-alpha""[Title/Abstract] OR endocrine[Title/Abstract] OR HER2[Title/Abstract] OR ERBB[Title/Abstract] OR mTOR[Title/Abstract] OR MEK[Title/Abstract] OR MAPK[Title/Abstract] OR CDK4[Title/Abstract] OR CDK6[Title/Abstract] OR AKT[Title/Abstract]))",confirm_include,advance_to_import
pmid-34173298,34173298,10.1002/onco.13873,Potential for Long-Term Disease Control with Alpelisib Plus Fulvestrant Spans Patient Subgroups in HR+ PIK3CA-Mutated Advanced Breast Cancer.,2021,low,defer_pdf,access_uncertain,pi3k-alpha; resistance; sensitization; feedback; bypass; for; adaptive; pi3k,Defer PDF: paper matches run terms but lacks explicit PMC-learned mechanism criteria in title/abstract.,"((alpelisib[Title/Abstract] OR BYL719[Title/Abstract] OR inavolisib[Title/Abstract] OR ""GDC-0077""[Title/Abstract] OR RLY2608[Title/Abstract] OR ""RLY-2608""[Title/Abstract]) AND (PIK3CA[Title/Abstract] OR ""PI3K alpha""[Title/Abstract] OR ""PI3K-alpha""[Title/Abstract] OR ""p110 alpha""[Title/Abstract] OR p110alpha[Title/Abstract]) AND (resistance[Title/Abstract] OR resistant[Title/Abstract] OR sensitivity[Title/Abstract] OR sensitization[Title/Abstract] OR adaptive[Title/Abstract] OR feedback[Title/Abstract] OR bypass[Title/Abstract] OR biomarker[Title/Abstract] OR mutation[Title/Abstract]))",confirm_include,advance_to_import
pmid-33774181,33774181,10.1016/j.phrs.2021.105579,Properties of FDA-approved small molecule phosphatidylinositol 3-kinase inhibitors prescribed for the treatment of malignancies.,2021,low,defer_pdf,access_uncertain,pi3k-alpha; inhibitor; resistance; pathway; inhibitors; sensitization; feedback; bypass,Defer PDF: paper matches run terms but lacks explicit PMC-learned mechanism criteria in title/abstract.,"((alpelisib[Title/Abstract] OR BYL719[Title/Abstract] OR inavolisib[Title/Abstract] OR ""GDC-0077""[Title/Abstract] OR RLY2608[Title/Abstract] OR ""RLY-2608""[Title/Abstract]) AND (PIK3CA[Title/Abstract] OR ""PI3K alpha""[Title/Abstract] OR ""PI3K-alpha""[Title/Abstract] OR ""p110 alpha""[Title/Abstract] OR p110alpha[Title/Abstract]) AND (resistance[Title/Abstract] OR resistant[Title/Abstract] OR sensitivity[Title/Abstract] OR sensitization[Title/Abstract] OR adaptive[Title/Abstract] OR feedback[Title/Abstract] OR bypass[Title/Abstract] OR biomarker[Title/Abstract] OR mutation[Title/Abstract]))",confirm_include,advance_to_import
pmid-34986950,34986950,10.1691/ph.2021.1820,Recent clinical advances in PI3K inhibitors on colorectal cancer.,2021,low,defer_pdf,access_uncertain,pi3k-alpha; inhibitor; resistance; pathway; inhibitors; sensitization; feedback; bypass,Defer PDF: paper matches run terms but lacks explicit PMC-learned mechanism criteria in title/abstract.,"((alpelisib[Title/Abstract] OR BYL719[Title/Abstract] OR inavolisib[Title/Abstract] OR ""GDC-0077""[Title/Abstract] OR RLY2608[Title/Abstract] OR ""RLY-2608""[Title/Abstract]) AND (PIK3CA[Title/Abstract] OR ""PI3K alpha""[Title/Abstract] OR ""PI3K-alpha""[Title/Abstract] OR ""p110 alpha""[Title/Abstract] OR p110alpha[Title/Abstract]) AND (resistance[Title/Abstract] OR resistant[Title/Abstract] OR sensitivity[Title/Abstract] OR sensitization[Title/Abstract] OR adaptive[Title/Abstract] OR feedback[Title/Abstract] OR bypass[Title/Abstract] OR biomarker[Title/Abstract] OR mutation[Title/Abstract])); ((alpelisib[Title/Abstract] OR BYL719[Title/Abstract] OR inavolisib[Title/Abstract] OR ""GDC-0077""[Title/Abstract]) AND (combination[Title/Abstract] OR synergy[Title/Abstract] OR synergistic[Title/Abstract] OR sensitization[Title/Abstract] OR sensitizes[Title/Abstract] OR resensitization[Title/Abstract]) AND (PIK3CA[Title/Abstract] OR ""PI3K alpha""[Title/Abstract] OR ""PI3K-alpha""[Title/Abstract] OR endocrine[Title/Abstract] OR HER2[Title/Abstract] OR ERBB[Title/Abstract] OR mTOR[Title/Abstract] OR MEK[Title/Abstract] OR MAPK[Title/Abstract] OR CDK4[Title/Abstract] OR CDK6[Title/Abstract] OR AKT[Title/Abstract]))",confirm_include,advance_to_import
pmid-33822253,33822253,10.1007/s00292-021-00929-6,[Relevant mutations in predictive breast cancer pathology].,2021,low,defer_pdf,access_uncertain,pi3k-alpha; inhibitor; resistance; pathway; when; inhibitors; sensitization; feedback,Defer PDF: paper matches run terms but lacks explicit PMC-learned mechanism criteria in title/abstract.,"((alpelisib[Title/Abstract] OR BYL719[Title/Abstract] OR inavolisib[Title/Abstract] OR ""GDC-0077""[Title/Abstract] OR RLY2608[Title/Abstract] OR ""RLY-2608""[Title/Abstract]) AND (PIK3CA[Title/Abstract] OR ""PI3K alpha""[Title/Abstract] OR ""PI3K-alpha""[Title/Abstract] OR ""p110 alpha""[Title/Abstract] OR p110alpha[Title/Abstract]) AND (resistance[Title/Abstract] OR resistant[Title/Abstract] OR sensitivity[Title/Abstract] OR sensitization[Title/Abstract] OR adaptive[Title/Abstract] OR feedback[Title/Abstract] OR bypass[Title/Abstract] OR biomarker[Title/Abstract] OR mutation[Title/Abstract])); ((PIK3CA[Title/Abstract] OR ""PI3K alpha""[Title/Abstract] OR ""PI3K-alpha""[Title/Abstract]) AND (""PI3K inhibitor""[Title/Abstract] OR ""PI3K-alpha inhibitor""[Title/Abstract] OR ""PI3K alpha inhibitor""[Title/Abstract] OR alpelisib[Title/Abstract] OR BYL719[Title/Abstract] OR inavolisib[Title/Abstract]) AND (""RTK""[Title/Abstract] OR HER3[Title/Abstract] OR ERBB3[Title/Abstract] OR insulin[Title/Abstract] OR IGF1R[Title/Abstract] OR ESR1[Title/Abstract] OR PTEN[Title/Abstract] OR RB1[Title/Abstract] OR NF1[Title/Abstract] OR ""vertical inhibition""[Title/Abstract] OR ""pathway rebound""[Title/Abstract] OR ""feedback activation""[Title/Abstract]))",confirm_include,advance_to_import
pmid-35465733,35465733,10.2217/fon-2022-0045,A phase III trial of alpelisib + trastuzumab ± fulvestrant versus trastuzumab + chemotherapy in HER2+ PIK3CA-mutated breast cancer.,2022,low,defer_pdf,access_uncertain,pi3k-alpha; resistance; sensitization; feedback; bypass; combination; adaptive; pi3k,Defer PDF: paper matches run terms but lacks explicit PMC-learned mechanism criteria in title/abstract.,"((alpelisib[Title/Abstract] OR BYL719[Title/Abstract] OR inavolisib[Title/Abstract] OR ""GDC-0077""[Title/Abstract] OR RLY2608[Title/Abstract] OR ""RLY-2608""[Title/Abstract]) AND (PIK3CA[Title/Abstract] OR ""PI3K alpha""[Title/Abstract] OR ""PI3K-alpha""[Title/Abstract] OR ""p110 alpha""[Title/Abstract] OR p110alpha[Title/Abstract]) AND (resistance[Title/Abstract] OR resistant[Title/Abstract] OR sensitivity[Title/Abstract] OR sensitization[Title/Abstract] OR adaptive[Title/Abstract] OR feedback[Title/Abstract] OR bypass[Title/Abstract] OR biomarker[Title/Abstract] OR mutation[Title/Abstract])); ((alpelisib[Title/Abstract] OR BYL719[Title/Abstract] OR inavolisib[Title/Abstract] OR ""GDC-0077""[Title/Abstract]) AND (combination[Title/Abstract] OR synergy[Title/Abstract] OR synergistic[Title/Abstract] OR sensitization[Title/Abstract] OR sensitizes[Title/Abstract] OR resensitization[Title/Abstract]) AND (PIK3CA[Title/Abstract] OR ""PI3K alpha""[Title/Abstract] OR ""PI3K-alpha""[Title/Abstract] OR endocrine[Title/Abstract] OR HER2[Title/Abstract] OR ERBB[Title/Abstract] OR mTOR[Title/Abstract] OR MEK[Title/Abstract] OR MAPK[Title/Abstract] OR CDK4[Title/Abstract] OR CDK6[Title/Abstract] OR AKT[Title/Abstract]))",confirm_include,advance_to_import
pmid-35771551,35771551,10.1158/2159-8290.CD-21-1696,"Alpelisib Monotherapy for PI3K-Altered, Pretreated Advanced Breast Cancer: A Phase II Study.",2022,low,defer_pdf,access_uncertain,pi3k-alpha; inhibitor; response; resistance; pathway; sensitization; feedback; bypass,Defer PDF: paper matches run terms but lacks explicit PMC-learned mechanism criteria in title/abstract.,"((alpelisib[Title/Abstract] OR BYL719[Title/Abstract] OR inavolisib[Title/Abstract] OR ""GDC-0077""[Title/Abstract] OR RLY2608[Title/Abstract] OR ""RLY-2608""[Title/Abstract]) AND (PIK3CA[Title/Abstract] OR ""PI3K alpha""[Title/Abstract] OR ""PI3K-alpha""[Title/Abstract] OR ""p110 alpha""[Title/Abstract] OR p110alpha[Title/Abstract]) AND (resistance[Title/Abstract] OR resistant[Title/Abstract] OR sensitivity[Title/Abstract] OR sensitization[Title/Abstract] OR adaptive[Title/Abstract] OR feedback[Title/Abstract] OR bypass[Title/Abstract] OR biomarker[Title/Abstract] OR mutation[Title/Abstract])); ((PIK3CA[Title/Abstract] OR ""PI3K alpha""[Title/Abstract] OR ""PI3K-alpha""[Title/Abstract]) AND (""PI3K inhibitor""[Title/Abstract] OR ""PI3K-alpha inhibitor""[Title/Abstract] OR ""PI3K alpha inhibitor""[Title/Abstract] OR alpelisib[Title/Abstract] OR BYL719[Title/Abstract] OR inavolisib[Title/Abstract]) AND (""RTK""[Title/Abstract] OR HER3[Title/Abstract] OR ERBB3[Title/Abstract] OR insulin[Title/Abstract] OR IGF1R[Title/Abstract] OR ESR1[Title/Abstract] OR PTEN[Title/Abstract] OR RB1[Title/Abstract] OR NF1[Title/Abstract] OR ""vertical inhibition""[Title/Abstract] OR ""pathway rebound""[Title/Abstract] OR ""feedback activation""[Title/Abstract]))",confirm_include,advance_to_import
pmid-35759724,35759724,10.1200/JCO.22.01063,Biomarkers for Systemic Therapy in Metastatic Breast Cancer: ASCO Guideline Update.,2022,low,defer_pdf,access_uncertain,pi3k-alpha; inhibitor; response; resistance; pathway; inhibitors; sensitization; feedback,Defer PDF: paper matches run terms but lacks explicit PMC-learned mechanism criteria in title/abstract.,"((alpelisib[Title/Abstract] OR BYL719[Title/Abstract] OR inavolisib[Title/Abstract] OR ""GDC-0077""[Title/Abstract] OR RLY2608[Title/Abstract] OR ""RLY-2608""[Title/Abstract]) AND (PIK3CA[Title/Abstract] OR ""PI3K alpha""[Title/Abstract] OR ""PI3K-alpha""[Title/Abstract] OR ""p110 alpha""[Title/Abstract] OR p110alpha[Title/Abstract]) AND (resistance[Title/Abstract] OR resistant[Title/Abstract] OR sensitivity[Title/Abstract] OR sensitization[Title/Abstract] OR adaptive[Title/Abstract] OR feedback[Title/Abstract] OR bypass[Title/Abstract] OR biomarker[Title/Abstract] OR mutation[Title/Abstract])); ((PIK3CA[Title/Abstract] OR ""PI3K alpha""[Title/Abstract] OR ""PI3K-alpha""[Title/Abstract]) AND (""PI3K inhibitor""[Title/Abstract] OR ""PI3K-alpha inhibitor""[Title/Abstract] OR ""PI3K alpha inhibitor""[Title/Abstract] OR alpelisib[Title/Abstract] OR BYL719[Title/Abstract] OR inavolisib[Title/Abstract]) AND (""RTK""[Title/Abstract] OR HER3[Title/Abstract] OR ERBB3[Title/Abstract] OR insulin[Title/Abstract] OR IGF1R[Title/Abstract] OR ESR1[Title/Abstract] OR PTEN[Title/Abstract] OR RB1[Title/Abstract] OR NF1[Title/Abstract] OR ""vertical inhibition""[Title/Abstract] OR ""pathway rebound""[Title/Abstract] OR ""feedback activation""[Title/Abstract]))",confirm_include,advance_to_import
pmid-33356909,33356909,10.1080/07391102.2020.1861980,In-silico prediction of potential inhibitors against phosphatidylinositol 3-kinase catalytic subunit alpha involved in head and neck squamous cell carcinomas.,2022,low,defer_pdf,access_uncertain,pi3k-alpha; inhibitor; resistance; pathway; inhibitors; sensitization; feedback; bypass,Defer PDF: paper matches run terms but lacks explicit PMC-learned mechanism criteria in title/abstract.,"((alpelisib[Title/Abstract] OR BYL719[Title/Abstract] OR inavolisib[Title/Abstract] OR ""GDC-0077""[Title/Abstract] OR RLY2608[Title/Abstract] OR ""RLY-2608""[Title/Abstract]) AND (PIK3CA[Title/Abstract] OR ""PI3K alpha""[Title/Abstract] OR ""PI3K-alpha""[Title/Abstract] OR ""p110 alpha""[Title/Abstract] OR p110alpha[Title/Abstract]) AND (resistance[Title/Abstract] OR resistant[Title/Abstract] OR sensitivity[Title/Abstract] OR sensitization[Title/Abstract] OR adaptive[Title/Abstract] OR feedback[Title/Abstract] OR bypass[Title/Abstract] OR biomarker[Title/Abstract] OR mutation[Title/Abstract]))",confirm_include,advance_to_import
pmid-35968355,35968355,,PI3K inhibitors in trastuzumab-resistant HER2-positive breast cancer cells with PI3K pathway alterations.,2022,low,defer_pdf,access_uncertain,pi3k-alpha; inhibitor; resistance; pathway; inhibitors; sensitization; feedback; bypass,Defer PDF: paper matches run terms but lacks explicit PMC-learned mechanism criteria in title/abstract.,"((alpelisib[Title/Abstract] OR BYL719[Title/Abstract] OR inavolisib[Title/Abstract] OR ""GDC-0077""[Title/Abstract] OR RLY2608[Title/Abstract] OR ""RLY-2608""[Title/Abstract]) AND (PIK3CA[Title/Abstract] OR ""PI3K alpha""[Title/Abstract] OR ""PI3K-alpha""[Title/Abstract] OR ""p110 alpha""[Title/Abstract] OR p110alpha[Title/Abstract]) AND (resistance[Title/Abstract] OR resistant[Title/Abstract] OR sensitivity[Title/Abstract] OR sensitization[Title/Abstract] OR adaptive[Title/Abstract] OR feedback[Title/Abstract] OR bypass[Title/Abstract] OR biomarker[Title/Abstract] OR mutation[Title/Abstract])); ((alpelisib[Title/Abstract] OR BYL719[Title/Abstract] OR inavolisib[Title/Abstract] OR ""GDC-0077""[Title/Abstract]) AND (combination[Title/Abstract] OR synergy[Title/Abstract] OR synergistic[Title/Abstract] OR sensitization[Title/Abstract] OR sensitizes[Title/Abstract] OR resensitization[Title/Abstract]) AND (PIK3CA[Title/Abstract] OR ""PI3K alpha""[Title/Abstract] OR ""PI3K-alpha""[Title/Abstract] OR endocrine[Title/Abstract] OR HER2[Title/Abstract] OR ERBB[Title/Abstract] OR mTOR[Title/Abstract] OR MEK[Title/Abstract] OR MAPK[Title/Abstract] OR CDK4[Title/Abstract] OR CDK6[Title/Abstract] OR AKT[Title/Abstract])); ((PIK3CA[Title/Abstract] OR ""PI3K alpha""[Title/Abstract] OR ""PI3K-alpha""[Title/Abstract]) AND (""PI3K inhibitor""[Title/Abstract] OR ""PI3K-alpha inhibitor""[Title/Abstract] OR ""PI3K alpha inhibitor""[Title/Abstract] OR alpelisib[Title/Abstract] OR BYL719[Title/Abstract] OR inavolisib[Title/Abstract]) AND (""RTK""[Title/Abstract] OR HER3[Title/Abstract] OR ERBB3[Title/Abstract] OR insulin[Title/Abstract] OR IGF1R[Title/Abstract] OR ESR1[Title/Abstract] OR PTEN[Title/Abstract] OR RB1[Title/Abstract] OR NF1[Title/Abstract] OR ""vertical inhibition""[Title/Abstract] OR ""pathway rebound""[Title/Abstract] OR ""feedback activation""[Title/Abstract]))",confirm_include,advance_to_import
pmid-35133871,35133871,10.1200/JCO.21.01648,Phase II Study of Copanlisib in Patients With Tumors With PIK3CA Mutations: Results From the NCI-MATCH ECOG-ACRIN Trial (EAY131) Subprotocol Z1F.,2022,low,defer_pdf,access_uncertain,pi3k-alpha; inhibitor; response; pathway; feedback; for; pi3k; clinical,Defer PDF: paper matches run terms but lacks explicit PMC-learned mechanism criteria in title/abstract.,"((PIK3CA[Title/Abstract] OR ""PI3K alpha""[Title/Abstract] OR ""PI3K-alpha""[Title/Abstract]) AND (""PI3K inhibitor""[Title/Abstract] OR ""PI3K-alpha inhibitor""[Title/Abstract] OR ""PI3K alpha inhibitor""[Title/Abstract] OR alpelisib[Title/Abstract] OR BYL719[Title/Abstract] OR inavolisib[Title/Abstract]) AND (""RTK""[Title/Abstract] OR HER3[Title/Abstract] OR ERBB3[Title/Abstract] OR insulin[Title/Abstract] OR IGF1R[Title/Abstract] OR ESR1[Title/Abstract] OR PTEN[Title/Abstract] OR RB1[Title/Abstract] OR NF1[Title/Abstract] OR ""vertical inhibition""[Title/Abstract] OR ""pathway rebound""[Title/Abstract] OR ""feedback activation""[Title/Abstract]))",confirm_include,advance_to_import
pmid-34754095,34754095,10.1038/s41416-021-01601-9,Sensitive and robust liquid biopsy-based detection of PIK3CA mutations in hormone-receptor-positive metastatic breast cancer patients.,2022,low,defer_pdf,access_uncertain,pi3k-alpha; resistance; sensitization; feedback; bypass; combination; for; adaptive,Defer PDF: paper matches run terms but lacks explicit PMC-learned mechanism criteria in title/abstract.,"((alpelisib[Title/Abstract] OR BYL719[Title/Abstract] OR inavolisib[Title/Abstract] OR ""GDC-0077""[Title/Abstract] OR RLY2608[Title/Abstract] OR ""RLY-2608""[Title/Abstract]) AND (PIK3CA[Title/Abstract] OR ""PI3K alpha""[Title/Abstract] OR ""PI3K-alpha""[Title/Abstract] OR ""p110 alpha""[Title/Abstract] OR p110alpha[Title/Abstract]) AND (resistance[Title/Abstract] OR resistant[Title/Abstract] OR sensitivity[Title/Abstract] OR sensitization[Title/Abstract] OR adaptive[Title/Abstract] OR feedback[Title/Abstract] OR bypass[Title/Abstract] OR biomarker[Title/Abstract] OR mutation[Title/Abstract])); ((alpelisib[Title/Abstract] OR BYL719[Title/Abstract] OR inavolisib[Title/Abstract] OR ""GDC-0077""[Title/Abstract]) AND (combination[Title/Abstract] OR synergy[Title/Abstract] OR synergistic[Title/Abstract] OR sensitization[Title/Abstract] OR sensitizes[Title/Abstract] OR resensitization[Title/Abstract]) AND (PIK3CA[Title/Abstract] OR ""PI3K alpha""[Title/Abstract] OR ""PI3K-alpha""[Title/Abstract] OR endocrine[Title/Abstract] OR HER2[Title/Abstract] OR ERBB[Title/Abstract] OR mTOR[Title/Abstract] OR MEK[Title/Abstract] OR MAPK[Title/Abstract] OR CDK4[Title/Abstract] OR CDK6[Title/Abstract] OR AKT[Title/Abstract]))",confirm_include,advance_to_import
pmid-35530641,35530641,10.21873/cdp.10122,ZAP70 Activation Compensates for Loss of Class IA PI3K Isoforms Through Activation of the JAK-STAT3 Pathway.,2022,low,defer_pdf,access_uncertain,pi3k-alpha; inhibitor; resistance; pathway; inhibitors; sensitization; feedback; bypass,Defer PDF: paper matches run terms but lacks explicit PMC-learned mechanism criteria in title/abstract.,"((alpelisib[Title/Abstract] OR BYL719[Title/Abstract] OR inavolisib[Title/Abstract] OR ""GDC-0077""[Title/Abstract] OR RLY2608[Title/Abstract] OR ""RLY-2608""[Title/Abstract]) AND (PIK3CA[Title/Abstract] OR ""PI3K alpha""[Title/Abstract] OR ""PI3K-alpha""[Title/Abstract] OR ""p110 alpha""[Title/Abstract] OR p110alpha[Title/Abstract]) AND (resistance[Title/Abstract] OR resistant[Title/Abstract] OR sensitivity[Title/Abstract] OR sensitization[Title/Abstract] OR adaptive[Title/Abstract] OR feedback[Title/Abstract] OR bypass[Title/Abstract] OR biomarker[Title/Abstract] OR mutation[Title/Abstract]))",confirm_include,advance_to_import
pmid-35880333,35880333,10.3760/cma.j.cn112152-20220412-00251,[Expert consensus on the clinical application of PI3K/AKT/mTOR inhibitors in the treatment of advanced breast cancer].,2022,low,defer_pdf,access_uncertain,pi3k-alpha; inhibitor; resistance; pathway; inhibitors; sensitization; feedback; bypass,Defer PDF: paper matches run terms but lacks explicit PMC-learned mechanism criteria in title/abstract.,"((alpelisib[Title/Abstract] OR BYL719[Title/Abstract] OR inavolisib[Title/Abstract] OR ""GDC-0077""[Title/Abstract] OR RLY2608[Title/Abstract] OR ""RLY-2608""[Title/Abstract]) AND (PIK3CA[Title/Abstract] OR ""PI3K alpha""[Title/Abstract] OR ""PI3K-alpha""[Title/Abstract] OR ""p110 alpha""[Title/Abstract] OR p110alpha[Title/Abstract]) AND (resistance[Title/Abstract] OR resistant[Title/Abstract] OR sensitivity[Title/Abstract] OR sensitization[Title/Abstract] OR adaptive[Title/Abstract] OR feedback[Title/Abstract] OR bypass[Title/Abstract] OR biomarker[Title/Abstract] OR mutation[Title/Abstract]))",confirm_include,advance_to_import
pmid-38025143,38025143,10.5863/1551-6776-28.7.590,Alpelisib: A Novel Agent for PIK3CA-Related Overgrowth Spectrum.,2023,low,defer_pdf,access_uncertain,pi3k-alpha; inhibitor; resistance; when; sensitization; feedback; bypass; for,Defer PDF: paper matches run terms but lacks explicit PMC-learned mechanism criteria in title/abstract.,"((alpelisib[Title/Abstract] OR BYL719[Title/Abstract] OR inavolisib[Title/Abstract] OR ""GDC-0077""[Title/Abstract] OR RLY2608[Title/Abstract] OR ""RLY-2608""[Title/Abstract]) AND (PIK3CA[Title/Abstract] OR ""PI3K alpha""[Title/Abstract] OR ""PI3K-alpha""[Title/Abstract] OR ""p110 alpha""[Title/Abstract] OR p110alpha[Title/Abstract]) AND (resistance[Title/Abstract] OR resistant[Title/Abstract] OR sensitivity[Title/Abstract] OR sensitization[Title/Abstract] OR adaptive[Title/Abstract] OR feedback[Title/Abstract] OR bypass[Title/Abstract] OR biomarker[Title/Abstract] OR mutation[Title/Abstract]))",confirm_include,advance_to_import
pmid-35311394,35311394,10.1177/03008916211073621,"BYL719 (alpelisib) for the treatment of PIK3CA-mutated, recurrent/advanced cervical cancer.",2023,low,defer_pdf,access_uncertain,pi3k-alpha; response; resistance; sensitization; feedback; bypass; combination; for,Defer PDF: paper matches run terms but lacks explicit PMC-learned mechanism criteria in title/abstract.,"((alpelisib[Title/Abstract] OR BYL719[Title/Abstract] OR inavolisib[Title/Abstract] OR ""GDC-0077""[Title/Abstract] OR RLY2608[Title/Abstract] OR ""RLY-2608""[Title/Abstract]) AND (PIK3CA[Title/Abstract] OR ""PI3K alpha""[Title/Abstract] OR ""PI3K-alpha""[Title/Abstract] OR ""p110 alpha""[Title/Abstract] OR p110alpha[Title/Abstract]) AND (resistance[Title/Abstract] OR resistant[Title/Abstract] OR sensitivity[Title/Abstract] OR sensitization[Title/Abstract] OR adaptive[Title/Abstract] OR feedback[Title/Abstract] OR bypass[Title/Abstract] OR biomarker[Title/Abstract] OR mutation[Title/Abstract])); ((alpelisib[Title/Abstract] OR BYL719[Title/Abstract] OR inavolisib[Title/Abstract] OR ""GDC-0077""[Title/Abstract]) AND (combination[Title/Abstract] OR synergy[Title/Abstract] OR synergistic[Title/Abstract] OR sensitization[Title/Abstract] OR sensitizes[Title/Abstract] OR resensitization[Title/Abstract]) AND (PIK3CA[Title/Abstract] OR ""PI3K alpha""[Title/Abstract] OR ""PI3K-alpha""[Title/Abstract] OR endocrine[Title/Abstract] OR HER2[Title/Abstract] OR ERBB[Title/Abstract] OR mTOR[Title/Abstract] OR MEK[Title/Abstract] OR MAPK[Title/Abstract] OR CDK4[Title/Abstract] OR CDK6[Title/Abstract] OR AKT[Title/Abstract]))",confirm_include,advance_to_import
pmid-36409396,36409396,10.1007/s10549-022-06798-8,"Evaluation of alpelisib-induced hyperglycemia prophylaxis and associated risk factors in PIK3CA-mutated hormone-receptor positive, human epidermal growth factor-2 negative advanced breast cancer.",2023,low,defer_pdf,access_uncertain,pi3k-alpha; inhibitor; pathway; feedback; for; pi3k; only; clinical,Defer PDF: paper matches run terms but lacks explicit PMC-learned mechanism criteria in title/abstract.,"((PIK3CA[Title/Abstract] OR ""PI3K alpha""[Title/Abstract] OR ""PI3K-alpha""[Title/Abstract]) AND (""PI3K inhibitor""[Title/Abstract] OR ""PI3K-alpha inhibitor""[Title/Abstract] OR ""PI3K alpha inhibitor""[Title/Abstract] OR alpelisib[Title/Abstract] OR BYL719[Title/Abstract] OR inavolisib[Title/Abstract]) AND (""RTK""[Title/Abstract] OR HER3[Title/Abstract] OR ERBB3[Title/Abstract] OR insulin[Title/Abstract] OR IGF1R[Title/Abstract] OR ESR1[Title/Abstract] OR PTEN[Title/Abstract] OR RB1[Title/Abstract] OR NF1[Title/Abstract] OR ""vertical inhibition""[Title/Abstract] OR ""pathway rebound""[Title/Abstract] OR ""feedback activation""[Title/Abstract]))",confirm_include,advance_to_import
pmid-36481616,36481616,10.1159/000528578,Genomic Landscape of Circulating-Tumor DNA in a Diverse Cohort of Metastatic Breast Cancer Patients.,2023,low,defer_pdf,access_uncertain,pi3k-alpha; inhibitor; pathway; feedback; for; pi3k; only; clinical,Defer PDF: paper matches run terms but lacks explicit PMC-learned mechanism criteria in title/abstract.,"((PIK3CA[Title/Abstract] OR ""PI3K alpha""[Title/Abstract] OR ""PI3K-alpha""[Title/Abstract]) AND (""PI3K inhibitor""[Title/Abstract] OR ""PI3K-alpha inhibitor""[Title/Abstract] OR ""PI3K alpha inhibitor""[Title/Abstract] OR alpelisib[Title/Abstract] OR BYL719[Title/Abstract] OR inavolisib[Title/Abstract]) AND (""RTK""[Title/Abstract] OR HER3[Title/Abstract] OR ERBB3[Title/Abstract] OR insulin[Title/Abstract] OR IGF1R[Title/Abstract] OR ESR1[Title/Abstract] OR PTEN[Title/Abstract] OR RB1[Title/Abstract] OR NF1[Title/Abstract] OR ""vertical inhibition""[Title/Abstract] OR ""pathway rebound""[Title/Abstract] OR ""feedback activation""[Title/Abstract]))",confirm_include,advance_to_import
pmid-36905114,36905114,10.1002/jmv.28656,Genomic analysis of cervical carcinoma identifies Alpelisib as a therapeutic option for PIK3CA-mutant cervical carcinoma via the PI3K/AKT pathway.,2023,low,defer_pdf,access_uncertain,pi3k-alpha; inhibitor; resistance; pathway; sensitization; feedback; bypass; combination,Defer PDF: paper matches run terms but lacks explicit PMC-learned mechanism criteria in title/abstract.,"((alpelisib[Title/Abstract] OR BYL719[Title/Abstract] OR inavolisib[Title/Abstract] OR ""GDC-0077""[Title/Abstract] OR RLY2608[Title/Abstract] OR ""RLY-2608""[Title/Abstract]) AND (PIK3CA[Title/Abstract] OR ""PI3K alpha""[Title/Abstract] OR ""PI3K-alpha""[Title/Abstract] OR ""p110 alpha""[Title/Abstract] OR p110alpha[Title/Abstract]) AND (resistance[Title/Abstract] OR resistant[Title/Abstract] OR sensitivity[Title/Abstract] OR sensitization[Title/Abstract] OR adaptive[Title/Abstract] OR feedback[Title/Abstract] OR bypass[Title/Abstract] OR biomarker[Title/Abstract] OR mutation[Title/Abstract])); ((alpelisib[Title/Abstract] OR BYL719[Title/Abstract] OR inavolisib[Title/Abstract] OR ""GDC-0077""[Title/Abstract]) AND (combination[Title/Abstract] OR synergy[Title/Abstract] OR synergistic[Title/Abstract] OR sensitization[Title/Abstract] OR sensitizes[Title/Abstract] OR resensitization[Title/Abstract]) AND (PIK3CA[Title/Abstract] OR ""PI3K alpha""[Title/Abstract] OR ""PI3K-alpha""[Title/Abstract] OR endocrine[Title/Abstract] OR HER2[Title/Abstract] OR ERBB[Title/Abstract] OR mTOR[Title/Abstract] OR MEK[Title/Abstract] OR MAPK[Title/Abstract] OR CDK4[Title/Abstract] OR CDK6[Title/Abstract] OR AKT[Title/Abstract])); ((PIK3CA[Title/Abstract] OR ""PI3K alpha""[Title/Abstract] OR ""PI3K-alpha""[Title/Abstract]) AND (""PI3K inhibitor""[Title/Abstract] OR ""PI3K-alpha inhibitor""[Title/Abstract] OR ""PI3K alpha inhibitor""[Title/Abstract] OR alpelisib[Title/Abstract] OR BYL719[Title/Abstract] OR inavolisib[Title/Abstract]) AND (""RTK""[Title/Abstract] OR HER3[Title/Abstract] OR ERBB3[Title/Abstract] OR insulin[Title/Abstract] OR IGF1R[Title/Abstract] OR ESR1[Title/Abstract] OR PTEN[Title/Abstract] OR RB1[Title/Abstract] OR NF1[Title/Abstract] OR ""vertical inhibition""[Title/Abstract] OR ""pathway rebound""[Title/Abstract] OR ""feedback activation""[Title/Abstract]))",confirm_include,advance_to_import
pmid-37975961,37975961,10.1007/s40261-023-01325-z,"Is Alpelisib Plus Fulvestrant Cost-Effective for Treating PIK3CA-Mutation, HR+/HER2- Advanced Breast Cancer in the USA?",2023,low,defer_pdf,access_uncertain,pi3k-alpha; resistance; when; sensitization; feedback; bypass; for; adaptive,Defer PDF: paper matches run terms but lacks explicit PMC-learned mechanism criteria in title/abstract.,"((alpelisib[Title/Abstract] OR BYL719[Title/Abstract] OR inavolisib[Title/Abstract] OR ""GDC-0077""[Title/Abstract] OR RLY2608[Title/Abstract] OR ""RLY-2608""[Title/Abstract]) AND (PIK3CA[Title/Abstract] OR ""PI3K alpha""[Title/Abstract] OR ""PI3K-alpha""[Title/Abstract] OR ""p110 alpha""[Title/Abstract] OR p110alpha[Title/Abstract]) AND (resistance[Title/Abstract] OR resistant[Title/Abstract] OR sensitivity[Title/Abstract] OR sensitization[Title/Abstract] OR adaptive[Title/Abstract] OR feedback[Title/Abstract] OR bypass[Title/Abstract] OR biomarker[Title/Abstract] OR mutation[Title/Abstract]))",confirm_include,advance_to_import
pmid-36319849,36319849,10.1038/s41416-022-02032-w,PAK and PI3K pathway activation confers resistance to KRAS(G12C) inhibitor sotorasib.,2023,low,defer_pdf,access_uncertain,pi3k-alpha; inhibitor; resistance; pathway; inhibitors; sensitization; combination; for,Defer PDF: paper matches run terms but lacks explicit PMC-learned mechanism criteria in title/abstract.,"((alpelisib[Title/Abstract] OR BYL719[Title/Abstract] OR inavolisib[Title/Abstract] OR ""GDC-0077""[Title/Abstract]) AND (combination[Title/Abstract] OR synergy[Title/Abstract] OR synergistic[Title/Abstract] OR sensitization[Title/Abstract] OR sensitizes[Title/Abstract] OR resensitization[Title/Abstract]) AND (PIK3CA[Title/Abstract] OR ""PI3K alpha""[Title/Abstract] OR ""PI3K-alpha""[Title/Abstract] OR endocrine[Title/Abstract] OR HER2[Title/Abstract] OR ERBB[Title/Abstract] OR mTOR[Title/Abstract] OR MEK[Title/Abstract] OR MAPK[Title/Abstract] OR CDK4[Title/Abstract] OR CDK6[Title/Abstract] OR AKT[Title/Abstract]))",confirm_include,advance_to_import
pmid-37178682,37178682,10.1016/j.medj.2023.04.003,Patient-derived head and neck cancer organoids allow treatment stratification and serve as a tool for biomarker validation and identification.,2023,low,defer_pdf,access_uncertain,pi3k-alpha; inhibitor; response; resistance; inhibitors; sensitization; feedback; bypass,Defer PDF: paper matches run terms but lacks explicit PMC-learned mechanism criteria in title/abstract.,"((alpelisib[Title/Abstract] OR BYL719[Title/Abstract] OR inavolisib[Title/Abstract] OR ""GDC-0077""[Title/Abstract] OR RLY2608[Title/Abstract] OR ""RLY-2608""[Title/Abstract]) AND (PIK3CA[Title/Abstract] OR ""PI3K alpha""[Title/Abstract] OR ""PI3K-alpha""[Title/Abstract] OR ""p110 alpha""[Title/Abstract] OR p110alpha[Title/Abstract]) AND (resistance[Title/Abstract] OR resistant[Title/Abstract] OR sensitivity[Title/Abstract] OR sensitization[Title/Abstract] OR adaptive[Title/Abstract] OR feedback[Title/Abstract] OR bypass[Title/Abstract] OR biomarker[Title/Abstract] OR mutation[Title/Abstract]))",confirm_include,advance_to_import
pmid-36633813,36633813,10.1007/s40262-022-01195-2,Pharmacokinetics and Pharmacodynamic of Alpelisib.,2023,low,defer_pdf,access_uncertain,pi3k-alpha; inhibitor; resistance; when; sensitization; feedback; bypass; for,Defer PDF: paper matches run terms but lacks explicit PMC-learned mechanism criteria in title/abstract.,"((alpelisib[Title/Abstract] OR BYL719[Title/Abstract] OR inavolisib[Title/Abstract] OR ""GDC-0077""[Title/Abstract] OR RLY2608[Title/Abstract] OR ""RLY-2608""[Title/Abstract]) AND (PIK3CA[Title/Abstract] OR ""PI3K alpha""[Title/Abstract] OR ""PI3K-alpha""[Title/Abstract] OR ""p110 alpha""[Title/Abstract] OR p110alpha[Title/Abstract]) AND (resistance[Title/Abstract] OR resistant[Title/Abstract] OR sensitivity[Title/Abstract] OR sensitization[Title/Abstract] OR adaptive[Title/Abstract] OR feedback[Title/Abstract] OR bypass[Title/Abstract] OR biomarker[Title/Abstract] OR mutation[Title/Abstract]))",confirm_include,advance_to_import
pmid-37086897,37086897,10.1016/j.lfs.2023.121708,Synergistic actions of Alpelisib and Melatonin in breast cancer cell lines with PIK3CA gene mutation.,2023,low,defer_pdf,access_uncertain,pi3k-alpha; inhibitor; resistance; pathway; sensitization; feedback; bypass; combination,Defer PDF: paper matches run terms but lacks explicit PMC-learned mechanism criteria in title/abstract.,"((alpelisib[Title/Abstract] OR BYL719[Title/Abstract] OR inavolisib[Title/Abstract] OR ""GDC-0077""[Title/Abstract] OR RLY2608[Title/Abstract] OR ""RLY-2608""[Title/Abstract]) AND (PIK3CA[Title/Abstract] OR ""PI3K alpha""[Title/Abstract] OR ""PI3K-alpha""[Title/Abstract] OR ""p110 alpha""[Title/Abstract] OR p110alpha[Title/Abstract]) AND (resistance[Title/Abstract] OR resistant[Title/Abstract] OR sensitivity[Title/Abstract] OR sensitization[Title/Abstract] OR adaptive[Title/Abstract] OR feedback[Title/Abstract] OR bypass[Title/Abstract] OR biomarker[Title/Abstract] OR mutation[Title/Abstract])); ((alpelisib[Title/Abstract] OR BYL719[Title/Abstract] OR inavolisib[Title/Abstract] OR ""GDC-0077""[Title/Abstract]) AND (combination[Title/Abstract] OR synergy[Title/Abstract] OR synergistic[Title/Abstract] OR sensitization[Title/Abstract] OR sensitizes[Title/Abstract] OR resensitization[Title/Abstract]) AND (PIK3CA[Title/Abstract] OR ""PI3K alpha""[Title/Abstract] OR ""PI3K-alpha""[Title/Abstract] OR endocrine[Title/Abstract] OR HER2[Title/Abstract] OR ERBB[Title/Abstract] OR mTOR[Title/Abstract] OR MEK[Title/Abstract] OR MAPK[Title/Abstract] OR CDK4[Title/Abstract] OR CDK6[Title/Abstract] OR AKT[Title/Abstract]))",confirm_include,advance_to_import
pmid-36641927,36641927,10.1016/j.biopha.2022.114183,Synergistic therapeutic potential of alpelisib in cancers (excluding breast cancer): Preclinical and clinical evidences.,2023,low,defer_pdf,access_uncertain,pi3k-alpha; inhibitor; resistance; pathway; sensitization; feedback; bypass; signaling,Defer PDF: paper matches run terms but lacks explicit PMC-learned mechanism criteria in title/abstract.,"((alpelisib[Title/Abstract] OR BYL719[Title/Abstract] OR inavolisib[Title/Abstract] OR ""GDC-0077""[Title/Abstract] OR RLY2608[Title/Abstract] OR ""RLY-2608""[Title/Abstract]) AND (PIK3CA[Title/Abstract] OR ""PI3K alpha""[Title/Abstract] OR ""PI3K-alpha""[Title/Abstract] OR ""p110 alpha""[Title/Abstract] OR p110alpha[Title/Abstract]) AND (resistance[Title/Abstract] OR resistant[Title/Abstract] OR sensitivity[Title/Abstract] OR sensitization[Title/Abstract] OR adaptive[Title/Abstract] OR feedback[Title/Abstract] OR bypass[Title/Abstract] OR biomarker[Title/Abstract] OR mutation[Title/Abstract])); ((alpelisib[Title/Abstract] OR BYL719[Title/Abstract] OR inavolisib[Title/Abstract] OR ""GDC-0077""[Title/Abstract]) AND (combination[Title/Abstract] OR synergy[Title/Abstract] OR synergistic[Title/Abstract] OR sensitization[Title/Abstract] OR sensitizes[Title/Abstract] OR resensitization[Title/Abstract]) AND (PIK3CA[Title/Abstract] OR ""PI3K alpha""[Title/Abstract] OR ""PI3K-alpha""[Title/Abstract] OR endocrine[Title/Abstract] OR HER2[Title/Abstract] OR ERBB[Title/Abstract] OR mTOR[Title/Abstract] OR MEK[Title/Abstract] OR MAPK[Title/Abstract] OR CDK4[Title/Abstract] OR CDK6[Title/Abstract] OR AKT[Title/Abstract]))",confirm_include,advance_to_import
pmid-36646410,36646410,10.1016/j.canlet.2023.216064,The PIK3CA-E545K-SIRT4 signaling axis reduces radiosensitivity by promoting glutamine metabolism in cervical cancer.,2023,low,defer_pdf,access_uncertain,pi3k-alpha; inhibitor; resistance; pathway; inhibitors; sensitization; feedback; bypass,Defer PDF: paper matches run terms but lacks explicit PMC-learned mechanism criteria in title/abstract.,"((alpelisib[Title/Abstract] OR BYL719[Title/Abstract] OR inavolisib[Title/Abstract] OR ""GDC-0077""[Title/Abstract] OR RLY2608[Title/Abstract] OR ""RLY-2608""[Title/Abstract]) AND (PIK3CA[Title/Abstract] OR ""PI3K alpha""[Title/Abstract] OR ""PI3K-alpha""[Title/Abstract] OR ""p110 alpha""[Title/Abstract] OR p110alpha[Title/Abstract]) AND (resistance[Title/Abstract] OR resistant[Title/Abstract] OR sensitivity[Title/Abstract] OR sensitization[Title/Abstract] OR adaptive[Title/Abstract] OR feedback[Title/Abstract] OR bypass[Title/Abstract] OR biomarker[Title/Abstract] OR mutation[Title/Abstract])); ((alpelisib[Title/Abstract] OR BYL719[Title/Abstract] OR inavolisib[Title/Abstract] OR ""GDC-0077""[Title/Abstract]) AND (combination[Title/Abstract] OR synergy[Title/Abstract] OR synergistic[Title/Abstract] OR sensitization[Title/Abstract] OR sensitizes[Title/Abstract] OR resensitization[Title/Abstract]) AND (PIK3CA[Title/Abstract] OR ""PI3K alpha""[Title/Abstract] OR ""PI3K-alpha""[Title/Abstract] OR endocrine[Title/Abstract] OR HER2[Title/Abstract] OR ERBB[Title/Abstract] OR mTOR[Title/Abstract] OR MEK[Title/Abstract] OR MAPK[Title/Abstract] OR CDK4[Title/Abstract] OR CDK6[Title/Abstract] OR AKT[Title/Abstract]))",confirm_include,advance_to_import
pmid-36914722,36914722,10.1038/s41416-023-02221-1,The emerging role of PI3K inhibitors for solid tumour treatment and beyond.,2023,low,defer_pdf,access_uncertain,pi3k-alpha; inhibitor; resistance; inhibitors; sensitization; feedback; bypass; for,Defer PDF: paper matches run terms but lacks explicit PMC-learned mechanism criteria in title/abstract.,"((alpelisib[Title/Abstract] OR BYL719[Title/Abstract] OR inavolisib[Title/Abstract] OR ""GDC-0077""[Title/Abstract] OR RLY2608[Title/Abstract] OR ""RLY-2608""[Title/Abstract]) AND (PIK3CA[Title/Abstract] OR ""PI3K alpha""[Title/Abstract] OR ""PI3K-alpha""[Title/Abstract] OR ""p110 alpha""[Title/Abstract] OR p110alpha[Title/Abstract]) AND (resistance[Title/Abstract] OR resistant[Title/Abstract] OR sensitivity[Title/Abstract] OR sensitization[Title/Abstract] OR adaptive[Title/Abstract] OR feedback[Title/Abstract] OR bypass[Title/Abstract] OR biomarker[Title/Abstract] OR mutation[Title/Abstract]))",confirm_include,advance_to_import
pmid-36521557,36521557,10.1016/j.bcp.2022.115380,Upregulation of PIK3IP1 monitors the anti-cancer activity of PI3Kα inhibitors in gastric cancer cells.,2023,low,defer_pdf,access_uncertain,pi3k-alpha; inhibitor; response; resistance; inhibitors; sensitization; feedback; bypass,Defer PDF: paper matches run terms but lacks explicit PMC-learned mechanism criteria in title/abstract.,"((alpelisib[Title/Abstract] OR BYL719[Title/Abstract] OR inavolisib[Title/Abstract] OR ""GDC-0077""[Title/Abstract] OR RLY2608[Title/Abstract] OR ""RLY-2608""[Title/Abstract]) AND (PIK3CA[Title/Abstract] OR ""PI3K alpha""[Title/Abstract] OR ""PI3K-alpha""[Title/Abstract] OR ""p110 alpha""[Title/Abstract] OR p110alpha[Title/Abstract]) AND (resistance[Title/Abstract] OR resistant[Title/Abstract] OR sensitivity[Title/Abstract] OR sensitization[Title/Abstract] OR adaptive[Title/Abstract] OR feedback[Title/Abstract] OR bypass[Title/Abstract] OR biomarker[Title/Abstract] OR mutation[Title/Abstract]))",confirm_include,advance_to_import
pmid-37530184,37530184,10.17116/patol2023850415,[Characteristics of PIK3CA gene mutations in Her2-low breast cancer].,2023,low,defer_pdf,access_uncertain,pi3k-alpha; inhibitor; resistance; pathway; sensitization; feedback; bypass; for,Defer PDF: paper matches run terms but lacks explicit PMC-learned mechanism criteria in title/abstract.,"((alpelisib[Title/Abstract] OR BYL719[Title/Abstract] OR inavolisib[Title/Abstract] OR ""GDC-0077""[Title/Abstract] OR RLY2608[Title/Abstract] OR ""RLY-2608""[Title/Abstract]) AND (PIK3CA[Title/Abstract] OR ""PI3K alpha""[Title/Abstract] OR ""PI3K-alpha""[Title/Abstract] OR ""p110 alpha""[Title/Abstract] OR p110alpha[Title/Abstract]) AND (resistance[Title/Abstract] OR resistant[Title/Abstract] OR sensitivity[Title/Abstract] OR sensitization[Title/Abstract] OR adaptive[Title/Abstract] OR feedback[Title/Abstract] OR bypass[Title/Abstract] OR biomarker[Title/Abstract] OR mutation[Title/Abstract]))",confirm_include,advance_to_import
pmid-38518529,38518529,10.1016/j.ygyno.2024.02.029,Alpelisib for PIK3CA-mutated advanced gynecological cancers: First clues of clinical activity.,2024,low,defer_pdf,access_uncertain,pi3k-alpha; inhibitor; response; resistance; pathway; inhibitors; sensitization; feedback,Defer PDF: paper matches run terms but lacks explicit PMC-learned mechanism criteria in title/abstract.,"((alpelisib[Title/Abstract] OR BYL719[Title/Abstract] OR inavolisib[Title/Abstract] OR ""GDC-0077""[Title/Abstract] OR RLY2608[Title/Abstract] OR ""RLY-2608""[Title/Abstract]) AND (PIK3CA[Title/Abstract] OR ""PI3K alpha""[Title/Abstract] OR ""PI3K-alpha""[Title/Abstract] OR ""p110 alpha""[Title/Abstract] OR p110alpha[Title/Abstract]) AND (resistance[Title/Abstract] OR resistant[Title/Abstract] OR sensitivity[Title/Abstract] OR sensitization[Title/Abstract] OR adaptive[Title/Abstract] OR feedback[Title/Abstract] OR bypass[Title/Abstract] OR biomarker[Title/Abstract] OR mutation[Title/Abstract])); ((PIK3CA[Title/Abstract] OR ""PI3K alpha""[Title/Abstract] OR ""PI3K-alpha""[Title/Abstract]) AND (""PI3K inhibitor""[Title/Abstract] OR ""PI3K-alpha inhibitor""[Title/Abstract] OR ""PI3K alpha inhibitor""[Title/Abstract] OR alpelisib[Title/Abstract] OR BYL719[Title/Abstract] OR inavolisib[Title/Abstract]) AND (""RTK""[Title/Abstract] OR HER3[Title/Abstract] OR ERBB3[Title/Abstract] OR insulin[Title/Abstract] OR IGF1R[Title/Abstract] OR ESR1[Title/Abstract] OR PTEN[Title/Abstract] OR RB1[Title/Abstract] OR NF1[Title/Abstract] OR ""vertical inhibition""[Title/Abstract] OR ""pathway rebound""[Title/Abstract] OR ""feedback activation""[Title/Abstract]))",confirm_include,advance_to_import
pmid-38889643,38889643,10.1016/j.biopha.2024.116993,"Combined targeted therapy with PI3K and CDK4/6, or FGFR inhibitors show synergistic effects in a neuroblastoma spheroid culture model.",2024,low,defer_pdf,access_uncertain,pi3k-alpha; inhibitor; response; when; inhibitors; sensitization; combination; for,Defer PDF: paper matches run terms but lacks explicit PMC-learned mechanism criteria in title/abstract.,"((alpelisib[Title/Abstract] OR BYL719[Title/Abstract] OR inavolisib[Title/Abstract] OR ""GDC-0077""[Title/Abstract]) AND (combination[Title/Abstract] OR synergy[Title/Abstract] OR synergistic[Title/Abstract] OR sensitization[Title/Abstract] OR sensitizes[Title/Abstract] OR resensitization[Title/Abstract]) AND (PIK3CA[Title/Abstract] OR ""PI3K alpha""[Title/Abstract] OR ""PI3K-alpha""[Title/Abstract] OR endocrine[Title/Abstract] OR HER2[Title/Abstract] OR ERBB[Title/Abstract] OR mTOR[Title/Abstract] OR MEK[Title/Abstract] OR MAPK[Title/Abstract] OR CDK4[Title/Abstract] OR CDK6[Title/Abstract] OR AKT[Title/Abstract]))",confirm_include,advance_to_import
pmid-38677772,38677772,10.21873/anticanres.16988,Curcumin Alone and Combined With PI3K Inhibitors Elicits Positive Effects on Oropharyngeal Cancer Cell Lines Regardless of HPV Status.,2024,low,defer_pdf,access_uncertain,pi3k-alpha; inhibitor; response; when; inhibitors; sensitization; combination; for,Defer PDF: paper matches run terms but lacks explicit PMC-learned mechanism criteria in title/abstract.,"((alpelisib[Title/Abstract] OR BYL719[Title/Abstract] OR inavolisib[Title/Abstract] OR ""GDC-0077""[Title/Abstract]) AND (combination[Title/Abstract] OR synergy[Title/Abstract] OR synergistic[Title/Abstract] OR sensitization[Title/Abstract] OR sensitizes[Title/Abstract] OR resensitization[Title/Abstract]) AND (PIK3CA[Title/Abstract] OR ""PI3K alpha""[Title/Abstract] OR ""PI3K-alpha""[Title/Abstract] OR endocrine[Title/Abstract] OR HER2[Title/Abstract] OR ERBB[Title/Abstract] OR mTOR[Title/Abstract] OR MEK[Title/Abstract] OR MAPK[Title/Abstract] OR CDK4[Title/Abstract] OR CDK6[Title/Abstract] OR AKT[Title/Abstract]))",confirm_include,advance_to_import
pmid-38373112,38373112,10.1021/acs.jpcb.3c06766,Dissecting the Interaction Fingerprints and Binding Affinity of BYL719 Analogs Targeting PI3Kα.,2024,low,defer_pdf,access_uncertain,pi3k-alpha; inhibitor; resistance; pathway; sensitization; feedback; bypass; signaling,Defer PDF: paper matches run terms but lacks explicit PMC-learned mechanism criteria in title/abstract.,"((alpelisib[Title/Abstract] OR BYL719[Title/Abstract] OR inavolisib[Title/Abstract] OR ""GDC-0077""[Title/Abstract] OR RLY2608[Title/Abstract] OR ""RLY-2608""[Title/Abstract]) AND (PIK3CA[Title/Abstract] OR ""PI3K alpha""[Title/Abstract] OR ""PI3K-alpha""[Title/Abstract] OR ""p110 alpha""[Title/Abstract] OR p110alpha[Title/Abstract]) AND (resistance[Title/Abstract] OR resistant[Title/Abstract] OR sensitivity[Title/Abstract] OR sensitization[Title/Abstract] OR adaptive[Title/Abstract] OR feedback[Title/Abstract] OR bypass[Title/Abstract] OR biomarker[Title/Abstract] OR mutation[Title/Abstract]))",confirm_include,advance_to_import
pmid-39326108,39326108,10.1016/j.biopha.2024.117500,Enhancing targeted therapy by combining PI3K and AKT inhibitors with or without cisplatin or vincristine in medulloblastoma cell lines in vitro.,2024,low,defer_pdf,access_uncertain,pi3k-alpha; inhibitor; response; inhibitors; sensitization; combination; for; pi3k,Defer PDF: paper matches run terms but lacks explicit PMC-learned mechanism criteria in title/abstract.,"((alpelisib[Title/Abstract] OR BYL719[Title/Abstract] OR inavolisib[Title/Abstract] OR ""GDC-0077""[Title/Abstract]) AND (combination[Title/Abstract] OR synergy[Title/Abstract] OR synergistic[Title/Abstract] OR sensitization[Title/Abstract] OR sensitizes[Title/Abstract] OR resensitization[Title/Abstract]) AND (PIK3CA[Title/Abstract] OR ""PI3K alpha""[Title/Abstract] OR ""PI3K-alpha""[Title/Abstract] OR endocrine[Title/Abstract] OR HER2[Title/Abstract] OR ERBB[Title/Abstract] OR mTOR[Title/Abstract] OR MEK[Title/Abstract] OR MAPK[Title/Abstract] OR CDK4[Title/Abstract] OR CDK6[Title/Abstract] OR AKT[Title/Abstract]))",confirm_include,advance_to_import
pmid-37943630,37943630,10.1530/ERC-23-0041,Impact of the PI3K-alpha inhibitor alpelisib on everolimus resistance and somatostatin receptor expression in an orthotopic pancreatic NEC xenograft mouse model.,2024,low,defer_pdf,access_uncertain,pi3k-alpha; inhibitor; resistance; sensitization; feedback; bypass; combination; for,Defer PDF: paper matches run terms but lacks explicit PMC-learned mechanism criteria in title/abstract.,"((alpelisib[Title/Abstract] OR BYL719[Title/Abstract] OR inavolisib[Title/Abstract] OR ""GDC-0077""[Title/Abstract] OR RLY2608[Title/Abstract] OR ""RLY-2608""[Title/Abstract]) AND (PIK3CA[Title/Abstract] OR ""PI3K alpha""[Title/Abstract] OR ""PI3K-alpha""[Title/Abstract] OR ""p110 alpha""[Title/Abstract] OR p110alpha[Title/Abstract]) AND (resistance[Title/Abstract] OR resistant[Title/Abstract] OR sensitivity[Title/Abstract] OR sensitization[Title/Abstract] OR adaptive[Title/Abstract] OR feedback[Title/Abstract] OR bypass[Title/Abstract] OR biomarker[Title/Abstract] OR mutation[Title/Abstract])); ((alpelisib[Title/Abstract] OR BYL719[Title/Abstract] OR inavolisib[Title/Abstract] OR ""GDC-0077""[Title/Abstract]) AND (combination[Title/Abstract] OR synergy[Title/Abstract] OR synergistic[Title/Abstract] OR sensitization[Title/Abstract] OR sensitizes[Title/Abstract] OR resensitization[Title/Abstract]) AND (PIK3CA[Title/Abstract] OR ""PI3K alpha""[Title/Abstract] OR ""PI3K-alpha""[Title/Abstract] OR endocrine[Title/Abstract] OR HER2[Title/Abstract] OR ERBB[Title/Abstract] OR mTOR[Title/Abstract] OR MEK[Title/Abstract] OR MAPK[Title/Abstract] OR CDK4[Title/Abstract] OR CDK6[Title/Abstract] OR AKT[Title/Abstract]))",confirm_include,advance_to_import
pmid-39476340,39476340,10.1056/NEJMoa2404625,Inavolisib-Based Therapy in PIK3CA-Mutated Advanced Breast Cancer.,2024,low,defer_pdf,access_uncertain,pi3k-alpha; inhibitor; response; sensitization; combination; for; pi3k; clinical,Defer PDF: paper matches run terms but lacks explicit PMC-learned mechanism criteria in title/abstract.,"((alpelisib[Title/Abstract] OR BYL719[Title/Abstract] OR inavolisib[Title/Abstract] OR ""GDC-0077""[Title/Abstract]) AND (combination[Title/Abstract] OR synergy[Title/Abstract] OR synergistic[Title/Abstract] OR sensitization[Title/Abstract] OR sensitizes[Title/Abstract] OR resensitization[Title/Abstract]) AND (PIK3CA[Title/Abstract] OR ""PI3K alpha""[Title/Abstract] OR ""PI3K-alpha""[Title/Abstract] OR endocrine[Title/Abstract] OR HER2[Title/Abstract] OR ERBB[Title/Abstract] OR mTOR[Title/Abstract] OR MEK[Title/Abstract] OR MAPK[Title/Abstract] OR CDK4[Title/Abstract] OR CDK6[Title/Abstract] OR AKT[Title/Abstract]))",confirm_include,advance_to_import
pmid-38815877,38815877,10.1016/j.critrevonc.2024.104404,Navigating the complexity of PI3K/AKT pathway in HER-2 negative breast cancer: biomarkers and beyond.,2024,low,defer_pdf,access_uncertain,pi3k-alpha; inhibitor; response; resistance; pathway; inhibitors; sensitization; feedback,Defer PDF: paper matches run terms but lacks explicit PMC-learned mechanism criteria in title/abstract.,"((alpelisib[Title/Abstract] OR BYL719[Title/Abstract] OR inavolisib[Title/Abstract] OR ""GDC-0077""[Title/Abstract] OR RLY2608[Title/Abstract] OR ""RLY-2608""[Title/Abstract]) AND (PIK3CA[Title/Abstract] OR ""PI3K alpha""[Title/Abstract] OR ""PI3K-alpha""[Title/Abstract] OR ""p110 alpha""[Title/Abstract] OR p110alpha[Title/Abstract]) AND (resistance[Title/Abstract] OR resistant[Title/Abstract] OR sensitivity[Title/Abstract] OR sensitization[Title/Abstract] OR adaptive[Title/Abstract] OR feedback[Title/Abstract] OR bypass[Title/Abstract] OR biomarker[Title/Abstract] OR mutation[Title/Abstract])); ((PIK3CA[Title/Abstract] OR ""PI3K alpha""[Title/Abstract] OR ""PI3K-alpha""[Title/Abstract]) AND (""PI3K inhibitor""[Title/Abstract] OR ""PI3K-alpha inhibitor""[Title/Abstract] OR ""PI3K alpha inhibitor""[Title/Abstract] OR alpelisib[Title/Abstract] OR BYL719[Title/Abstract] OR inavolisib[Title/Abstract]) AND (""RTK""[Title/Abstract] OR HER3[Title/Abstract] OR ERBB3[Title/Abstract] OR insulin[Title/Abstract] OR IGF1R[Title/Abstract] OR ESR1[Title/Abstract] OR PTEN[Title/Abstract] OR RB1[Title/Abstract] OR NF1[Title/Abstract] OR ""vertical inhibition""[Title/Abstract] OR ""pathway rebound""[Title/Abstract] OR ""feedback activation""[Title/Abstract]))",confirm_include,advance_to_import
pmid-38547898,38547898,10.1016/S1470-2045(23)00676-9,Optimal targeting of PI3K-AKT and mTOR in advanced oestrogen receptor-positive breast cancer.,2024,low,defer_pdf,access_uncertain,pi3k-alpha; inhibitor; resistance; pathway; when; inhibitors; sensitization; feedback,Defer PDF: paper matches run terms but lacks explicit PMC-learned mechanism criteria in title/abstract.,"((alpelisib[Title/Abstract] OR BYL719[Title/Abstract] OR inavolisib[Title/Abstract] OR ""GDC-0077""[Title/Abstract] OR RLY2608[Title/Abstract] OR ""RLY-2608""[Title/Abstract]) AND (PIK3CA[Title/Abstract] OR ""PI3K alpha""[Title/Abstract] OR ""PI3K-alpha""[Title/Abstract] OR ""p110 alpha""[Title/Abstract] OR p110alpha[Title/Abstract]) AND (resistance[Title/Abstract] OR resistant[Title/Abstract] OR sensitivity[Title/Abstract] OR sensitization[Title/Abstract] OR adaptive[Title/Abstract] OR feedback[Title/Abstract] OR bypass[Title/Abstract] OR biomarker[Title/Abstract] OR mutation[Title/Abstract])); ((PIK3CA[Title/Abstract] OR ""PI3K alpha""[Title/Abstract] OR ""PI3K-alpha""[Title/Abstract]) AND (""PI3K inhibitor""[Title/Abstract] OR ""PI3K-alpha inhibitor""[Title/Abstract] OR ""PI3K alpha inhibitor""[Title/Abstract] OR alpelisib[Title/Abstract] OR BYL719[Title/Abstract] OR inavolisib[Title/Abstract]) AND (""RTK""[Title/Abstract] OR HER3[Title/Abstract] OR ERBB3[Title/Abstract] OR insulin[Title/Abstract] OR IGF1R[Title/Abstract] OR ESR1[Title/Abstract] OR PTEN[Title/Abstract] OR RB1[Title/Abstract] OR NF1[Title/Abstract] OR ""vertical inhibition""[Title/Abstract] OR ""pathway rebound""[Title/Abstract] OR ""feedback activation""[Title/Abstract]))",confirm_include,advance_to_import
pmid-38986734,38986734,10.1016/j.canlet.2024.217112,PI3K PROTAC overcomes the lapatinib resistance in PIK3CA-mutant HER2 positive breast cancer.,2024,low,defer_pdf,access_uncertain,pi3k-alpha; inhibitor; resistance; pathway; when; sensitization; feedback; bypass,Defer PDF: paper matches run terms but lacks explicit PMC-learned mechanism criteria in title/abstract.,"((alpelisib[Title/Abstract] OR BYL719[Title/Abstract] OR inavolisib[Title/Abstract] OR ""GDC-0077""[Title/Abstract] OR RLY2608[Title/Abstract] OR ""RLY-2608""[Title/Abstract]) AND (PIK3CA[Title/Abstract] OR ""PI3K alpha""[Title/Abstract] OR ""PI3K-alpha""[Title/Abstract] OR ""p110 alpha""[Title/Abstract] OR p110alpha[Title/Abstract]) AND (resistance[Title/Abstract] OR resistant[Title/Abstract] OR sensitivity[Title/Abstract] OR sensitization[Title/Abstract] OR adaptive[Title/Abstract] OR feedback[Title/Abstract] OR bypass[Title/Abstract] OR biomarker[Title/Abstract] OR mutation[Title/Abstract])); ((PIK3CA[Title/Abstract] OR ""PI3K alpha""[Title/Abstract] OR ""PI3K-alpha""[Title/Abstract]) AND (""PI3K inhibitor""[Title/Abstract] OR ""PI3K-alpha inhibitor""[Title/Abstract] OR ""PI3K alpha inhibitor""[Title/Abstract] OR alpelisib[Title/Abstract] OR BYL719[Title/Abstract] OR inavolisib[Title/Abstract]) AND (""RTK""[Title/Abstract] OR HER3[Title/Abstract] OR ERBB3[Title/Abstract] OR insulin[Title/Abstract] OR IGF1R[Title/Abstract] OR ESR1[Title/Abstract] OR PTEN[Title/Abstract] OR RB1[Title/Abstract] OR NF1[Title/Abstract] OR ""vertical inhibition""[Title/Abstract] OR ""pathway rebound""[Title/Abstract] OR ""feedback activation""[Title/Abstract]))",confirm_include,advance_to_import
pmid-38797265,38797265,10.1016/j.taap.2024.116979,"PI3K inhibitor ""alpelisib"" alleviates methotrexate induced liver injury in mice and potentiates its cytotoxic effect against MDA-MB-231 triple negative breast cancer cell line.",2024,low,defer_pdf,access_uncertain,pi3k-alpha; inhibitor; resistance; pathway; sensitization; combination; for; pi3k,Defer PDF: paper matches run terms but lacks explicit PMC-learned mechanism criteria in title/abstract.,"((alpelisib[Title/Abstract] OR BYL719[Title/Abstract] OR inavolisib[Title/Abstract] OR ""GDC-0077""[Title/Abstract]) AND (combination[Title/Abstract] OR synergy[Title/Abstract] OR synergistic[Title/Abstract] OR sensitization[Title/Abstract] OR sensitizes[Title/Abstract] OR resensitization[Title/Abstract]) AND (PIK3CA[Title/Abstract] OR ""PI3K alpha""[Title/Abstract] OR ""PI3K-alpha""[Title/Abstract] OR endocrine[Title/Abstract] OR HER2[Title/Abstract] OR ERBB[Title/Abstract] OR mTOR[Title/Abstract] OR MEK[Title/Abstract] OR MAPK[Title/Abstract] OR CDK4[Title/Abstract] OR CDK6[Title/Abstract] OR AKT[Title/Abstract]))",confirm_include,advance_to_import
pmid-37699162,37699162,10.1200/JCO.22.02786,Personalized Biomarker-Based Umbrella Trial for Patients With Recurrent or Metastatic Head and Neck Squamous Cell Carcinoma: KCSG HN 15-16 TRIUMPH Trial.,2024,low,defer_pdf,access_uncertain,pi3k-alpha; inhibitor; response; resistance; when; sensitization; feedback; bypass,Defer PDF: paper matches run terms but lacks explicit PMC-learned mechanism criteria in title/abstract.,"((alpelisib[Title/Abstract] OR BYL719[Title/Abstract] OR inavolisib[Title/Abstract] OR ""GDC-0077""[Title/Abstract] OR RLY2608[Title/Abstract] OR ""RLY-2608""[Title/Abstract]) AND (PIK3CA[Title/Abstract] OR ""PI3K alpha""[Title/Abstract] OR ""PI3K-alpha""[Title/Abstract] OR ""p110 alpha""[Title/Abstract] OR p110alpha[Title/Abstract]) AND (resistance[Title/Abstract] OR resistant[Title/Abstract] OR sensitivity[Title/Abstract] OR sensitization[Title/Abstract] OR adaptive[Title/Abstract] OR feedback[Title/Abstract] OR bypass[Title/Abstract] OR biomarker[Title/Abstract] OR mutation[Title/Abstract]))",confirm_include,advance_to_import
pmid-37704834,37704834,10.1007/s10549-023-07110-y,Sodium-glucose cotransporter-2 inhibitors for hypergycemia in phosphoinositide 3-kinase pathway inhibition.,2024,low,defer_pdf,access_uncertain,pi3k-alpha; inhibitor; resistance; pathway; when; inhibitors; sensitization; feedback,Defer PDF: paper matches run terms but lacks explicit PMC-learned mechanism criteria in title/abstract.,"((alpelisib[Title/Abstract] OR BYL719[Title/Abstract] OR inavolisib[Title/Abstract] OR ""GDC-0077""[Title/Abstract] OR RLY2608[Title/Abstract] OR ""RLY-2608""[Title/Abstract]) AND (PIK3CA[Title/Abstract] OR ""PI3K alpha""[Title/Abstract] OR ""PI3K-alpha""[Title/Abstract] OR ""p110 alpha""[Title/Abstract] OR p110alpha[Title/Abstract]) AND (resistance[Title/Abstract] OR resistant[Title/Abstract] OR sensitivity[Title/Abstract] OR sensitization[Title/Abstract] OR adaptive[Title/Abstract] OR feedback[Title/Abstract] OR bypass[Title/Abstract] OR biomarker[Title/Abstract] OR mutation[Title/Abstract])); ((PIK3CA[Title/Abstract] OR ""PI3K alpha""[Title/Abstract] OR ""PI3K-alpha""[Title/Abstract]) AND (""PI3K inhibitor""[Title/Abstract] OR ""PI3K-alpha inhibitor""[Title/Abstract] OR ""PI3K alpha inhibitor""[Title/Abstract] OR alpelisib[Title/Abstract] OR BYL719[Title/Abstract] OR inavolisib[Title/Abstract]) AND (""RTK""[Title/Abstract] OR HER3[Title/Abstract] OR ERBB3[Title/Abstract] OR insulin[Title/Abstract] OR IGF1R[Title/Abstract] OR ESR1[Title/Abstract] OR PTEN[Title/Abstract] OR RB1[Title/Abstract] OR NF1[Title/Abstract] OR ""vertical inhibition""[Title/Abstract] OR ""pathway rebound""[Title/Abstract] OR ""feedback activation""[Title/Abstract]))",confirm_include,advance_to_import
pmid-37466805,37466805,10.1007/s11030-023-10695-7,Structure-based pharmacophore modeling and DFT studies of Indian Ocean-derived red algal compounds as PI3Kα inhibitors.,2024,low,defer_pdf,access_uncertain,pi3k-alpha; inhibitor; resistance; inhibitors; sensitization; feedback; bypass; signaling,Defer PDF: paper matches run terms but lacks explicit PMC-learned mechanism criteria in title/abstract.,"((alpelisib[Title/Abstract] OR BYL719[Title/Abstract] OR inavolisib[Title/Abstract] OR ""GDC-0077""[Title/Abstract] OR RLY2608[Title/Abstract] OR ""RLY-2608""[Title/Abstract]) AND (PIK3CA[Title/Abstract] OR ""PI3K alpha""[Title/Abstract] OR ""PI3K-alpha""[Title/Abstract] OR ""p110 alpha""[Title/Abstract] OR p110alpha[Title/Abstract]) AND (resistance[Title/Abstract] OR resistant[Title/Abstract] OR sensitivity[Title/Abstract] OR sensitization[Title/Abstract] OR adaptive[Title/Abstract] OR feedback[Title/Abstract] OR bypass[Title/Abstract] OR biomarker[Title/Abstract] OR mutation[Title/Abstract]))",confirm_include,advance_to_import
pmid-41030973,41030973,10.1101/2024.10.12.618044,"mTOR variants activation discovers PI3K-like cryptic pocket, expanding allosteric, mutant-selective inhibitor designs.",2024,low,defer_pdf,access_uncertain,pi3k-alpha; inhibitor; resistance; signaling; for; pi3k; sensitivity; allosteric,Defer PDF: paper matches run terms but lacks explicit PMC-learned mechanism criteria in title/abstract.,"((RLY2608[Title/Abstract] OR ""RLY-2608""[Title/Abstract] OR ""allosteric PI3K""[Title/Abstract] OR ""mutant-selective PI3K""[Title/Abstract] OR ""mutant selective PI3K""[Title/Abstract]) AND (PIK3CA[Title/Abstract] OR ""PI3K alpha""[Title/Abstract] OR ""PI3K-alpha""[Title/Abstract] OR resistance[Title/Abstract] OR sensitivity[Title/Abstract] OR mutation[Title/Abstract] OR mutant[Title/Abstract]))",confirm_include,advance_to_import
pmid-39171586,39171586,10.2174/0109298673327425240815065221,A Perspective of PI3K/AKT/mTOR Pathway Inhibitors to Overcome Drug-resistance in Breast Cancer Therapy.,2025,low,defer_pdf,access_uncertain,pi3k-alpha; inhibitor; resistance; pathway; inhibitors; sensitization; combination; for,Defer PDF: paper matches run terms but lacks explicit PMC-learned mechanism criteria in title/abstract.,"((alpelisib[Title/Abstract] OR BYL719[Title/Abstract] OR inavolisib[Title/Abstract] OR ""GDC-0077""[Title/Abstract]) AND (combination[Title/Abstract] OR synergy[Title/Abstract] OR synergistic[Title/Abstract] OR sensitization[Title/Abstract] OR sensitizes[Title/Abstract] OR resensitization[Title/Abstract]) AND (PIK3CA[Title/Abstract] OR ""PI3K alpha""[Title/Abstract] OR ""PI3K-alpha""[Title/Abstract] OR endocrine[Title/Abstract] OR HER2[Title/Abstract] OR ERBB[Title/Abstract] OR mTOR[Title/Abstract] OR MEK[Title/Abstract] OR MAPK[Title/Abstract] OR CDK4[Title/Abstract] OR CDK6[Title/Abstract] OR AKT[Title/Abstract]))",confirm_include,advance_to_import
pmid-40346819,40346819,10.1080/08880018.2025.2498660,"Alpelisib in pediatric PIK3CA- and TIE-2-mutant vascular anomalies: a case series on safety, efficacy, and drug exposure.",2025,low,defer_pdf,access_uncertain,pi3k-alpha; inhibitor; response; resistance; pathway; sensitization; feedback; bypass,Defer PDF: paper matches run terms but lacks explicit PMC-learned mechanism criteria in title/abstract.,"((alpelisib[Title/Abstract] OR BYL719[Title/Abstract] OR inavolisib[Title/Abstract] OR ""GDC-0077""[Title/Abstract] OR RLY2608[Title/Abstract] OR ""RLY-2608""[Title/Abstract]) AND (PIK3CA[Title/Abstract] OR ""PI3K alpha""[Title/Abstract] OR ""PI3K-alpha""[Title/Abstract] OR ""p110 alpha""[Title/Abstract] OR p110alpha[Title/Abstract]) AND (resistance[Title/Abstract] OR resistant[Title/Abstract] OR sensitivity[Title/Abstract] OR sensitization[Title/Abstract] OR adaptive[Title/Abstract] OR feedback[Title/Abstract] OR bypass[Title/Abstract] OR biomarker[Title/Abstract] OR mutation[Title/Abstract])); ((PIK3CA[Title/Abstract] OR ""PI3K alpha""[Title/Abstract] OR ""PI3K-alpha""[Title/Abstract]) AND (""PI3K inhibitor""[Title/Abstract] OR ""PI3K-alpha inhibitor""[Title/Abstract] OR ""PI3K alpha inhibitor""[Title/Abstract] OR alpelisib[Title/Abstract] OR BYL719[Title/Abstract] OR inavolisib[Title/Abstract]) AND (""RTK""[Title/Abstract] OR HER3[Title/Abstract] OR ERBB3[Title/Abstract] OR insulin[Title/Abstract] OR IGF1R[Title/Abstract] OR ESR1[Title/Abstract] OR PTEN[Title/Abstract] OR RB1[Title/Abstract] OR NF1[Title/Abstract] OR ""vertical inhibition""[Title/Abstract] OR ""pathway rebound""[Title/Abstract] OR ""feedback activation""[Title/Abstract]))",confirm_include,advance_to_import
pmid-39883146,39883146,10.14423/SMJ.0000000000001791,Alpelisib-Induced Hyperglycemia in PIK3CA(+) Breast Cancer Patients.,2025,low,defer_pdf,access_uncertain,pi3k-alpha; inhibitor; resistance; pathway; sensitization; feedback; bypass; for,Defer PDF: paper matches run terms but lacks explicit PMC-learned mechanism criteria in title/abstract.,"((alpelisib[Title/Abstract] OR BYL719[Title/Abstract] OR inavolisib[Title/Abstract] OR ""GDC-0077""[Title/Abstract] OR RLY2608[Title/Abstract] OR ""RLY-2608""[Title/Abstract]) AND (PIK3CA[Title/Abstract] OR ""PI3K alpha""[Title/Abstract] OR ""PI3K-alpha""[Title/Abstract] OR ""p110 alpha""[Title/Abstract] OR p110alpha[Title/Abstract]) AND (resistance[Title/Abstract] OR resistant[Title/Abstract] OR sensitivity[Title/Abstract] OR sensitization[Title/Abstract] OR adaptive[Title/Abstract] OR feedback[Title/Abstract] OR bypass[Title/Abstract] OR biomarker[Title/Abstract] OR mutation[Title/Abstract])); ((PIK3CA[Title/Abstract] OR ""PI3K alpha""[Title/Abstract] OR ""PI3K-alpha""[Title/Abstract]) AND (""PI3K inhibitor""[Title/Abstract] OR ""PI3K-alpha inhibitor""[Title/Abstract] OR ""PI3K alpha inhibitor""[Title/Abstract] OR alpelisib[Title/Abstract] OR BYL719[Title/Abstract] OR inavolisib[Title/Abstract]) AND (""RTK""[Title/Abstract] OR HER3[Title/Abstract] OR ERBB3[Title/Abstract] OR insulin[Title/Abstract] OR IGF1R[Title/Abstract] OR ESR1[Title/Abstract] OR PTEN[Title/Abstract] OR RB1[Title/Abstract] OR NF1[Title/Abstract] OR ""vertical inhibition""[Title/Abstract] OR ""pathway rebound""[Title/Abstract] OR ""feedback activation""[Title/Abstract]))",confirm_include,advance_to_import
pmid-40295072,40295072,10.21873/anticanres.17567,Development of Acquired Resistance in Alpelisib-treated Gastric Cancer Cells With PIK3CA Mutations and Overcoming Strategies.,2025,low,defer_pdf,access_uncertain,pi3k-alpha; inhibitor; resistance; pathway; inhibitors; sensitization; feedback; bypass,Defer PDF: paper matches run terms but lacks explicit PMC-learned mechanism criteria in title/abstract.,"((alpelisib[Title/Abstract] OR BYL719[Title/Abstract] OR inavolisib[Title/Abstract] OR ""GDC-0077""[Title/Abstract] OR RLY2608[Title/Abstract] OR ""RLY-2608""[Title/Abstract]) AND (PIK3CA[Title/Abstract] OR ""PI3K alpha""[Title/Abstract] OR ""PI3K-alpha""[Title/Abstract] OR ""p110 alpha""[Title/Abstract] OR p110alpha[Title/Abstract]) AND (resistance[Title/Abstract] OR resistant[Title/Abstract] OR sensitivity[Title/Abstract] OR sensitization[Title/Abstract] OR adaptive[Title/Abstract] OR feedback[Title/Abstract] OR bypass[Title/Abstract] OR biomarker[Title/Abstract] OR mutation[Title/Abstract])); ((alpelisib[Title/Abstract] OR BYL719[Title/Abstract] OR inavolisib[Title/Abstract] OR ""GDC-0077""[Title/Abstract]) AND (combination[Title/Abstract] OR synergy[Title/Abstract] OR synergistic[Title/Abstract] OR sensitization[Title/Abstract] OR sensitizes[Title/Abstract] OR resensitization[Title/Abstract]) AND (PIK3CA[Title/Abstract] OR ""PI3K alpha""[Title/Abstract] OR ""PI3K-alpha""[Title/Abstract] OR endocrine[Title/Abstract] OR HER2[Title/Abstract] OR ERBB[Title/Abstract] OR mTOR[Title/Abstract] OR MEK[Title/Abstract] OR MAPK[Title/Abstract] OR CDK4[Title/Abstract] OR CDK6[Title/Abstract] OR AKT[Title/Abstract])); ((PIK3CA[Title/Abstract] OR ""PI3K alpha""[Title/Abstract] OR ""PI3K-alpha""[Title/Abstract]) AND (""PI3K inhibitor""[Title/Abstract] OR ""PI3K-alpha inhibitor""[Title/Abstract] OR ""PI3K alpha inhibitor""[Title/Abstract] OR alpelisib[Title/Abstract] OR BYL719[Title/Abstract] OR inavolisib[Title/Abstract]) AND (""RTK""[Title/Abstract] OR HER3[Title/Abstract] OR ERBB3[Title/Abstract] OR insulin[Title/Abstract] OR IGF1R[Title/Abstract] OR ESR1[Title/Abstract] OR PTEN[Title/Abstract] OR RB1[Title/Abstract] OR NF1[Title/Abstract] OR ""vertical inhibition""[Title/Abstract] OR ""pathway rebound""[Title/Abstract] OR ""feedback activation""[Title/Abstract]))",confirm_include,advance_to_import
pmid-41406241,41406241,10.1126/scitranslmed.adp5088,Dual PI3K/mTOR inhibition is required to combat resistance to CDK4/6 inhibitor and endocrine therapy in PIK3CA-mutant breast cancer.,2025,low,defer_pdf,access_uncertain,pi3k-alpha; inhibitor; resistance; pathway; inhibitors; sensitization; feedback; bypass,Defer PDF: paper matches run terms but lacks explicit PMC-learned mechanism criteria in title/abstract.,"((alpelisib[Title/Abstract] OR BYL719[Title/Abstract] OR inavolisib[Title/Abstract] OR ""GDC-0077""[Title/Abstract] OR RLY2608[Title/Abstract] OR ""RLY-2608""[Title/Abstract]) AND (PIK3CA[Title/Abstract] OR ""PI3K alpha""[Title/Abstract] OR ""PI3K-alpha""[Title/Abstract] OR ""p110 alpha""[Title/Abstract] OR p110alpha[Title/Abstract]) AND (resistance[Title/Abstract] OR resistant[Title/Abstract] OR sensitivity[Title/Abstract] OR sensitization[Title/Abstract] OR adaptive[Title/Abstract] OR feedback[Title/Abstract] OR bypass[Title/Abstract] OR biomarker[Title/Abstract] OR mutation[Title/Abstract])); ((alpelisib[Title/Abstract] OR BYL719[Title/Abstract] OR inavolisib[Title/Abstract] OR ""GDC-0077""[Title/Abstract]) AND (combination[Title/Abstract] OR synergy[Title/Abstract] OR synergistic[Title/Abstract] OR sensitization[Title/Abstract] OR sensitizes[Title/Abstract] OR resensitization[Title/Abstract]) AND (PIK3CA[Title/Abstract] OR ""PI3K alpha""[Title/Abstract] OR ""PI3K-alpha""[Title/Abstract] OR endocrine[Title/Abstract] OR HER2[Title/Abstract] OR ERBB[Title/Abstract] OR mTOR[Title/Abstract] OR MEK[Title/Abstract] OR MAPK[Title/Abstract] OR CDK4[Title/Abstract] OR CDK6[Title/Abstract] OR AKT[Title/Abstract])); ((PIK3CA[Title/Abstract] OR ""PI3K alpha""[Title/Abstract] OR ""PI3K-alpha""[Title/Abstract]) AND (""PI3K inhibitor""[Title/Abstract] OR ""PI3K-alpha inhibitor""[Title/Abstract] OR ""PI3K alpha inhibitor""[Title/Abstract] OR alpelisib[Title/Abstract] OR BYL719[Title/Abstract] OR inavolisib[Title/Abstract]) AND (""RTK""[Title/Abstract] OR HER3[Title/Abstract] OR ERBB3[Title/Abstract] OR insulin[Title/Abstract] OR IGF1R[Title/Abstract] OR ESR1[Title/Abstract] OR PTEN[Title/Abstract] OR RB1[Title/Abstract] OR NF1[Title/Abstract] OR ""vertical inhibition""[Title/Abstract] OR ""pathway rebound""[Title/Abstract] OR ""feedback activation""[Title/Abstract]))",confirm_include,advance_to_import
pmid-39302579,39302579,10.1007/s10549-024-07495-4,Genomic and transcriptomic landscape of HER2-low breast cancer.,2025,low,defer_pdf,access_uncertain,pi3k-alpha; inhibitor; resistance; inhibitors; sensitization; feedback; bypass; for,Defer PDF: paper matches run terms but lacks explicit PMC-learned mechanism criteria in title/abstract.,"((alpelisib[Title/Abstract] OR BYL719[Title/Abstract] OR inavolisib[Title/Abstract] OR ""GDC-0077""[Title/Abstract] OR RLY2608[Title/Abstract] OR ""RLY-2608""[Title/Abstract]) AND (PIK3CA[Title/Abstract] OR ""PI3K alpha""[Title/Abstract] OR ""PI3K-alpha""[Title/Abstract] OR ""p110 alpha""[Title/Abstract] OR p110alpha[Title/Abstract]) AND (resistance[Title/Abstract] OR resistant[Title/Abstract] OR sensitivity[Title/Abstract] OR sensitization[Title/Abstract] OR adaptive[Title/Abstract] OR feedback[Title/Abstract] OR bypass[Title/Abstract] OR biomarker[Title/Abstract] OR mutation[Title/Abstract]))",confirm_include,advance_to_import
pmid-40642892,40642892,10.1097/COC.0000000000001209,"Inavolisib for HR-Positive, HER2-Negative Advanced Breast Cancer: Clinical Trials and Patient Access Implication.",2025,low,defer_pdf,access_uncertain,pi3k-alpha; inhibitor; response; resistance; sensitization; feedback; bypass; for,Defer PDF: paper matches run terms but lacks explicit PMC-learned mechanism criteria in title/abstract.,"((alpelisib[Title/Abstract] OR BYL719[Title/Abstract] OR inavolisib[Title/Abstract] OR ""GDC-0077""[Title/Abstract] OR RLY2608[Title/Abstract] OR ""RLY-2608""[Title/Abstract]) AND (PIK3CA[Title/Abstract] OR ""PI3K alpha""[Title/Abstract] OR ""PI3K-alpha""[Title/Abstract] OR ""p110 alpha""[Title/Abstract] OR p110alpha[Title/Abstract]) AND (resistance[Title/Abstract] OR resistant[Title/Abstract] OR sensitivity[Title/Abstract] OR sensitization[Title/Abstract] OR adaptive[Title/Abstract] OR feedback[Title/Abstract] OR bypass[Title/Abstract] OR biomarker[Title/Abstract] OR mutation[Title/Abstract]))",confirm_include,advance_to_import
pmid-40203765,40203765,10.1016/j.ejca.2025.115397,"Inavolisib plus letrozole or fulvestrant in PIK3CA-mutated, hormone receptor-positive, HER2-negative advanced or metastatic breast cancer (GO39374): An open-label, multicentre, dose-escalation and dose-expansion phase 1/1b study.",2025,low,defer_pdf,access_uncertain,pi3k-alpha; inhibitor; response; sensitization; combination; for; pi3k; biomarker,Defer PDF: paper matches run terms but lacks explicit PMC-learned mechanism criteria in title/abstract.,"((alpelisib[Title/Abstract] OR BYL719[Title/Abstract] OR inavolisib[Title/Abstract] OR ""GDC-0077""[Title/Abstract]) AND (combination[Title/Abstract] OR synergy[Title/Abstract] OR synergistic[Title/Abstract] OR sensitization[Title/Abstract] OR sensitizes[Title/Abstract] OR resensitization[Title/Abstract]) AND (PIK3CA[Title/Abstract] OR ""PI3K alpha""[Title/Abstract] OR ""PI3K-alpha""[Title/Abstract] OR endocrine[Title/Abstract] OR HER2[Title/Abstract] OR ERBB[Title/Abstract] OR mTOR[Title/Abstract] OR MEK[Title/Abstract] OR MAPK[Title/Abstract] OR CDK4[Title/Abstract] OR CDK6[Title/Abstract] OR AKT[Title/Abstract]))",confirm_include,advance_to_import
pmid-39873916,39873916,10.1007/s40265-024-02136-y,Inavolisib: First Approval.,2025,low,defer_pdf,access_uncertain,pi3k-alpha; inhibitor; resistance; sensitization; feedback; bypass; combination; for,Defer PDF: paper matches run terms but lacks explicit PMC-learned mechanism criteria in title/abstract.,"((alpelisib[Title/Abstract] OR BYL719[Title/Abstract] OR inavolisib[Title/Abstract] OR ""GDC-0077""[Title/Abstract] OR RLY2608[Title/Abstract] OR ""RLY-2608""[Title/Abstract]) AND (PIK3CA[Title/Abstract] OR ""PI3K alpha""[Title/Abstract] OR ""PI3K-alpha""[Title/Abstract] OR ""p110 alpha""[Title/Abstract] OR p110alpha[Title/Abstract]) AND (resistance[Title/Abstract] OR resistant[Title/Abstract] OR sensitivity[Title/Abstract] OR sensitization[Title/Abstract] OR adaptive[Title/Abstract] OR feedback[Title/Abstract] OR bypass[Title/Abstract] OR biomarker[Title/Abstract] OR mutation[Title/Abstract])); ((alpelisib[Title/Abstract] OR BYL719[Title/Abstract] OR inavolisib[Title/Abstract] OR ""GDC-0077""[Title/Abstract]) AND (combination[Title/Abstract] OR synergy[Title/Abstract] OR synergistic[Title/Abstract] OR sensitization[Title/Abstract] OR sensitizes[Title/Abstract] OR resensitization[Title/Abstract]) AND (PIK3CA[Title/Abstract] OR ""PI3K alpha""[Title/Abstract] OR ""PI3K-alpha""[Title/Abstract] OR endocrine[Title/Abstract] OR HER2[Title/Abstract] OR ERBB[Title/Abstract] OR mTOR[Title/Abstract] OR MEK[Title/Abstract] OR MAPK[Title/Abstract] OR CDK4[Title/Abstract] OR CDK6[Title/Abstract] OR AKT[Title/Abstract]))",confirm_include,advance_to_import
pmid-40382983,40382983,10.1016/j.drup.2025.101251,MicroRNA-mediated PTEN downregulation as a novel non-genetic mechanism of acquired resistance to PI3Kα inhibitors of head & neck squamous cell carcinoma.,2025,low,defer_pdf,access_uncertain,pi3k-alpha; inhibitor; resistance; pathway; inhibitors; sensitization; feedback; bypass,Defer PDF: paper matches run terms but lacks explicit PMC-learned mechanism criteria in title/abstract.,"((alpelisib[Title/Abstract] OR BYL719[Title/Abstract] OR inavolisib[Title/Abstract] OR ""GDC-0077""[Title/Abstract] OR RLY2608[Title/Abstract] OR ""RLY-2608""[Title/Abstract]) AND (PIK3CA[Title/Abstract] OR ""PI3K alpha""[Title/Abstract] OR ""PI3K-alpha""[Title/Abstract] OR ""p110 alpha""[Title/Abstract] OR p110alpha[Title/Abstract]) AND (resistance[Title/Abstract] OR resistant[Title/Abstract] OR sensitivity[Title/Abstract] OR sensitization[Title/Abstract] OR adaptive[Title/Abstract] OR feedback[Title/Abstract] OR bypass[Title/Abstract] OR biomarker[Title/Abstract] OR mutation[Title/Abstract])); ((PIK3CA[Title/Abstract] OR ""PI3K alpha""[Title/Abstract] OR ""PI3K-alpha""[Title/Abstract]) AND (""PI3K inhibitor""[Title/Abstract] OR ""PI3K-alpha inhibitor""[Title/Abstract] OR ""PI3K alpha inhibitor""[Title/Abstract] OR alpelisib[Title/Abstract] OR BYL719[Title/Abstract] OR inavolisib[Title/Abstract]) AND (""RTK""[Title/Abstract] OR HER3[Title/Abstract] OR ERBB3[Title/Abstract] OR insulin[Title/Abstract] OR IGF1R[Title/Abstract] OR ESR1[Title/Abstract] OR PTEN[Title/Abstract] OR RB1[Title/Abstract] OR NF1[Title/Abstract] OR ""vertical inhibition""[Title/Abstract] OR ""pathway rebound""[Title/Abstract] OR ""feedback activation""[Title/Abstract]))",confirm_include,advance_to_import
pmid-40163189,40163189,10.1007/s11864-025-01310-y,Novel Estrogen Receptor - Targeted Therapies in Hormone-Receptor Positive Breast Cancer.,2025,low,defer_pdf,access_uncertain,pi3k-alpha; inhibitor; response; resistance; pathway; when; inhibitors; sensitization,Defer PDF: paper matches run terms but lacks explicit PMC-learned mechanism criteria in title/abstract.,"((alpelisib[Title/Abstract] OR BYL719[Title/Abstract] OR inavolisib[Title/Abstract] OR ""GDC-0077""[Title/Abstract] OR RLY2608[Title/Abstract] OR ""RLY-2608""[Title/Abstract]) AND (PIK3CA[Title/Abstract] OR ""PI3K alpha""[Title/Abstract] OR ""PI3K-alpha""[Title/Abstract] OR ""p110 alpha""[Title/Abstract] OR p110alpha[Title/Abstract]) AND (resistance[Title/Abstract] OR resistant[Title/Abstract] OR sensitivity[Title/Abstract] OR sensitization[Title/Abstract] OR adaptive[Title/Abstract] OR feedback[Title/Abstract] OR bypass[Title/Abstract] OR biomarker[Title/Abstract] OR mutation[Title/Abstract])); ((alpelisib[Title/Abstract] OR BYL719[Title/Abstract] OR inavolisib[Title/Abstract] OR ""GDC-0077""[Title/Abstract]) AND (combination[Title/Abstract] OR synergy[Title/Abstract] OR synergistic[Title/Abstract] OR sensitization[Title/Abstract] OR sensitizes[Title/Abstract] OR resensitization[Title/Abstract]) AND (PIK3CA[Title/Abstract] OR ""PI3K alpha""[Title/Abstract] OR ""PI3K-alpha""[Title/Abstract] OR endocrine[Title/Abstract] OR HER2[Title/Abstract] OR ERBB[Title/Abstract] OR mTOR[Title/Abstract] OR MEK[Title/Abstract] OR MAPK[Title/Abstract] OR CDK4[Title/Abstract] OR CDK6[Title/Abstract] OR AKT[Title/Abstract])); ((PIK3CA[Title/Abstract] OR ""PI3K alpha""[Title/Abstract] OR ""PI3K-alpha""[Title/Abstract]) AND (""PI3K inhibitor""[Title/Abstract] OR ""PI3K-alpha inhibitor""[Title/Abstract] OR ""PI3K alpha inhibitor""[Title/Abstract] OR alpelisib[Title/Abstract] OR BYL719[Title/Abstract] OR inavolisib[Title/Abstract]) AND (""RTK""[Title/Abstract] OR HER3[Title/Abstract] OR ERBB3[Title/Abstract] OR insulin[Title/Abstract] OR IGF1R[Title/Abstract] OR ESR1[Title/Abstract] OR PTEN[Title/Abstract] OR RB1[Title/Abstract] OR NF1[Title/Abstract] OR ""vertical inhibition""[Title/Abstract] OR ""pathway rebound""[Title/Abstract] OR ""feedback activation""[Title/Abstract]))",confirm_include,advance_to_import
pmid-40121890,40121890,10.1016/j.ctrv.2025.102924,"Post-progression treatment options after CDK4/6 inhibitors in hormone receptor-positive, HER2-negative metastatic breast cancer.",2025,low,defer_pdf,access_uncertain,pi3k-alpha; inhibitor; resistance; pathway; inhibitors; sensitization; signaling; combination,Defer PDF: paper matches run terms but lacks explicit PMC-learned mechanism criteria in title/abstract.,"((alpelisib[Title/Abstract] OR BYL719[Title/Abstract] OR inavolisib[Title/Abstract] OR ""GDC-0077""[Title/Abstract]) AND (combination[Title/Abstract] OR synergy[Title/Abstract] OR synergistic[Title/Abstract] OR sensitization[Title/Abstract] OR sensitizes[Title/Abstract] OR resensitization[Title/Abstract]) AND (PIK3CA[Title/Abstract] OR ""PI3K alpha""[Title/Abstract] OR ""PI3K-alpha""[Title/Abstract] OR endocrine[Title/Abstract] OR HER2[Title/Abstract] OR ERBB[Title/Abstract] OR mTOR[Title/Abstract] OR MEK[Title/Abstract] OR MAPK[Title/Abstract] OR CDK4[Title/Abstract] OR CDK6[Title/Abstract] OR AKT[Title/Abstract]))",confirm_include,advance_to_import
pmid-40307580,40307580,10.1208/s12249-025-03109-4,Predicting and Confirming Bioequivalence of Alpelisib Oral Granules and Tablets for Patients With PIK3CA-Related Disorders.,2025,low,defer_pdf,access_uncertain,pi3k-alpha; inhibitor; resistance; when; sensitization; feedback; bypass; for,Defer PDF: paper matches run terms but lacks explicit PMC-learned mechanism criteria in title/abstract.,"((alpelisib[Title/Abstract] OR BYL719[Title/Abstract] OR inavolisib[Title/Abstract] OR ""GDC-0077""[Title/Abstract] OR RLY2608[Title/Abstract] OR ""RLY-2608""[Title/Abstract]) AND (PIK3CA[Title/Abstract] OR ""PI3K alpha""[Title/Abstract] OR ""PI3K-alpha""[Title/Abstract] OR ""p110 alpha""[Title/Abstract] OR p110alpha[Title/Abstract]) AND (resistance[Title/Abstract] OR resistant[Title/Abstract] OR sensitivity[Title/Abstract] OR sensitization[Title/Abstract] OR adaptive[Title/Abstract] OR feedback[Title/Abstract] OR bypass[Title/Abstract] OR biomarker[Title/Abstract] OR mutation[Title/Abstract]))",confirm_include,advance_to_import
pmid-40020984,40020984,10.1016/j.ejphar.2025.177432,Targeting PI3K in cancer treatment: A comprehensive review with insights from clinical outcomes.,2025,low,defer_pdf,access_uncertain,pi3k-alpha; inhibitor; response; resistance; pathway; inhibitors; sensitization; feedback,Defer PDF: paper matches run terms but lacks explicit PMC-learned mechanism criteria in title/abstract.,"((alpelisib[Title/Abstract] OR BYL719[Title/Abstract] OR inavolisib[Title/Abstract] OR ""GDC-0077""[Title/Abstract] OR RLY2608[Title/Abstract] OR ""RLY-2608""[Title/Abstract]) AND (PIK3CA[Title/Abstract] OR ""PI3K alpha""[Title/Abstract] OR ""PI3K-alpha""[Title/Abstract] OR ""p110 alpha""[Title/Abstract] OR p110alpha[Title/Abstract]) AND (resistance[Title/Abstract] OR resistant[Title/Abstract] OR sensitivity[Title/Abstract] OR sensitization[Title/Abstract] OR adaptive[Title/Abstract] OR feedback[Title/Abstract] OR bypass[Title/Abstract] OR biomarker[Title/Abstract] OR mutation[Title/Abstract])); ((PIK3CA[Title/Abstract] OR ""PI3K alpha""[Title/Abstract] OR ""PI3K-alpha""[Title/Abstract]) AND (""PI3K inhibitor""[Title/Abstract] OR ""PI3K-alpha inhibitor""[Title/Abstract] OR ""PI3K alpha inhibitor""[Title/Abstract] OR alpelisib[Title/Abstract] OR BYL719[Title/Abstract] OR inavolisib[Title/Abstract]) AND (""RTK""[Title/Abstract] OR HER3[Title/Abstract] OR ERBB3[Title/Abstract] OR insulin[Title/Abstract] OR IGF1R[Title/Abstract] OR ESR1[Title/Abstract] OR PTEN[Title/Abstract] OR RB1[Title/Abstract] OR NF1[Title/Abstract] OR ""vertical inhibition""[Title/Abstract] OR ""pathway rebound""[Title/Abstract] OR ""feedback activation""[Title/Abstract]))",confirm_include,advance_to_import
pmid-40475484,40475484,10.1101/2025.05.21.655360,Targeting Semaphorin 7a signaling in preclinical models of estrogen receptor-positive breast cancer.,2025,low,defer_pdf,access_uncertain,pi3k-alpha; inhibitor; resistance; pathway; inhibitors; sensitization; signaling; combination,Defer PDF: paper matches run terms but lacks explicit PMC-learned mechanism criteria in title/abstract.,"((alpelisib[Title/Abstract] OR BYL719[Title/Abstract] OR inavolisib[Title/Abstract] OR ""GDC-0077""[Title/Abstract]) AND (combination[Title/Abstract] OR synergy[Title/Abstract] OR synergistic[Title/Abstract] OR sensitization[Title/Abstract] OR sensitizes[Title/Abstract] OR resensitization[Title/Abstract]) AND (PIK3CA[Title/Abstract] OR ""PI3K alpha""[Title/Abstract] OR ""PI3K-alpha""[Title/Abstract] OR endocrine[Title/Abstract] OR HER2[Title/Abstract] OR ERBB[Title/Abstract] OR mTOR[Title/Abstract] OR MEK[Title/Abstract] OR MAPK[Title/Abstract] OR CDK4[Title/Abstract] OR CDK6[Title/Abstract] OR AKT[Title/Abstract]))",confirm_include,advance_to_import
pmid-40845250,40845250,10.1200/JCO-25-00663,"US Food and Drug Administration Approval Summary: Inavolisib With Palbociclib and Fulvestrant for Endocrine-Resistant, PIK3CA-Mutated, Hormone Receptor-Positive, Human Epidermal Growth Factor Receptor 2-Negative, Locally Advanced or Metastatic Breast Cancer.",2025,low,defer_pdf,access_uncertain,pi3k-alpha; inhibitor; response; resistance; sensitization; feedback; bypass; combination,Defer PDF: paper matches run terms but lacks explicit PMC-learned mechanism criteria in title/abstract.,"((alpelisib[Title/Abstract] OR BYL719[Title/Abstract] OR inavolisib[Title/Abstract] OR ""GDC-0077""[Title/Abstract] OR RLY2608[Title/Abstract] OR ""RLY-2608""[Title/Abstract]) AND (PIK3CA[Title/Abstract] OR ""PI3K alpha""[Title/Abstract] OR ""PI3K-alpha""[Title/Abstract] OR ""p110 alpha""[Title/Abstract] OR p110alpha[Title/Abstract]) AND (resistance[Title/Abstract] OR resistant[Title/Abstract] OR sensitivity[Title/Abstract] OR sensitization[Title/Abstract] OR adaptive[Title/Abstract] OR feedback[Title/Abstract] OR bypass[Title/Abstract] OR biomarker[Title/Abstract] OR mutation[Title/Abstract])); ((alpelisib[Title/Abstract] OR BYL719[Title/Abstract] OR inavolisib[Title/Abstract] OR ""GDC-0077""[Title/Abstract]) AND (combination[Title/Abstract] OR synergy[Title/Abstract] OR synergistic[Title/Abstract] OR sensitization[Title/Abstract] OR sensitizes[Title/Abstract] OR resensitization[Title/Abstract]) AND (PIK3CA[Title/Abstract] OR ""PI3K alpha""[Title/Abstract] OR ""PI3K-alpha""[Title/Abstract] OR endocrine[Title/Abstract] OR HER2[Title/Abstract] OR ERBB[Title/Abstract] OR mTOR[Title/Abstract] OR MEK[Title/Abstract] OR MAPK[Title/Abstract] OR CDK4[Title/Abstract] OR CDK6[Title/Abstract] OR AKT[Title/Abstract]))",confirm_include,advance_to_import
pmid-42373848,42373848,10.1038/s41598-026-57970-9,A phase II study of alpelisib and capecitabine in patients with previously treated metastatic colorectal cancer (KCSG-CO21-04).,2026,low,defer_pdf,access_uncertain,pi3k-alpha; response; resistance; pathway; sensitization; feedback; bypass; combination,Defer PDF: paper matches run terms but lacks explicit PMC-learned mechanism criteria in title/abstract.,"((alpelisib[Title/Abstract] OR BYL719[Title/Abstract] OR inavolisib[Title/Abstract] OR ""GDC-0077""[Title/Abstract] OR RLY2608[Title/Abstract] OR ""RLY-2608""[Title/Abstract]) AND (PIK3CA[Title/Abstract] OR ""PI3K alpha""[Title/Abstract] OR ""PI3K-alpha""[Title/Abstract] OR ""p110 alpha""[Title/Abstract] OR p110alpha[Title/Abstract]) AND (resistance[Title/Abstract] OR resistant[Title/Abstract] OR sensitivity[Title/Abstract] OR sensitization[Title/Abstract] OR adaptive[Title/Abstract] OR feedback[Title/Abstract] OR bypass[Title/Abstract] OR biomarker[Title/Abstract] OR mutation[Title/Abstract])); ((alpelisib[Title/Abstract] OR BYL719[Title/Abstract] OR inavolisib[Title/Abstract] OR ""GDC-0077""[Title/Abstract]) AND (combination[Title/Abstract] OR synergy[Title/Abstract] OR synergistic[Title/Abstract] OR sensitization[Title/Abstract] OR sensitizes[Title/Abstract] OR resensitization[Title/Abstract]) AND (PIK3CA[Title/Abstract] OR ""PI3K alpha""[Title/Abstract] OR ""PI3K-alpha""[Title/Abstract] OR endocrine[Title/Abstract] OR HER2[Title/Abstract] OR ERBB[Title/Abstract] OR mTOR[Title/Abstract] OR MEK[Title/Abstract] OR MAPK[Title/Abstract] OR CDK4[Title/Abstract] OR CDK6[Title/Abstract] OR AKT[Title/Abstract]))",confirm_include,advance_to_import
pmid-42411503,42411503,10.31083/FBL48694,AKT-mTOR/P53 PathwayDriven RapamycinAlpelisib Efficacy in Animal Models of TIE2Mutant Venous Malformations.,2026,low,defer_pdf,access_uncertain,pi3k-alpha; inhibitor; pathway; inhibitors; sensitization; signaling; combination; for,Defer PDF: paper matches run terms but lacks explicit PMC-learned mechanism criteria in title/abstract.,"((alpelisib[Title/Abstract] OR BYL719[Title/Abstract] OR inavolisib[Title/Abstract] OR ""GDC-0077""[Title/Abstract]) AND (combination[Title/Abstract] OR synergy[Title/Abstract] OR synergistic[Title/Abstract] OR sensitization[Title/Abstract] OR sensitizes[Title/Abstract] OR resensitization[Title/Abstract]) AND (PIK3CA[Title/Abstract] OR ""PI3K alpha""[Title/Abstract] OR ""PI3K-alpha""[Title/Abstract] OR endocrine[Title/Abstract] OR HER2[Title/Abstract] OR ERBB[Title/Abstract] OR mTOR[Title/Abstract] OR MEK[Title/Abstract] OR MAPK[Title/Abstract] OR CDK4[Title/Abstract] OR CDK6[Title/Abstract] OR AKT[Title/Abstract]))",confirm_include,advance_to_import
pmid-42332790,42332790,10.1186/s13048-026-02171-1,"Alpelisib enhances cisplatin mediated cytotoxicity in non-mutated, PIK3CA-dependent high-grade serous ovarian cancer.",2026,low,defer_pdf,access_uncertain,pi3k-alpha; inhibitor; response; resistance; sensitization; feedback; bypass; combination,Defer PDF: paper matches run terms but lacks explicit PMC-learned mechanism criteria in title/abstract.,"((alpelisib[Title/Abstract] OR BYL719[Title/Abstract] OR inavolisib[Title/Abstract] OR ""GDC-0077""[Title/Abstract] OR RLY2608[Title/Abstract] OR ""RLY-2608""[Title/Abstract]) AND (PIK3CA[Title/Abstract] OR ""PI3K alpha""[Title/Abstract] OR ""PI3K-alpha""[Title/Abstract] OR ""p110 alpha""[Title/Abstract] OR p110alpha[Title/Abstract]) AND (resistance[Title/Abstract] OR resistant[Title/Abstract] OR sensitivity[Title/Abstract] OR sensitization[Title/Abstract] OR adaptive[Title/Abstract] OR feedback[Title/Abstract] OR bypass[Title/Abstract] OR biomarker[Title/Abstract] OR mutation[Title/Abstract])); ((alpelisib[Title/Abstract] OR BYL719[Title/Abstract] OR inavolisib[Title/Abstract] OR ""GDC-0077""[Title/Abstract]) AND (combination[Title/Abstract] OR synergy[Title/Abstract] OR synergistic[Title/Abstract] OR sensitization[Title/Abstract] OR sensitizes[Title/Abstract] OR resensitization[Title/Abstract]) AND (PIK3CA[Title/Abstract] OR ""PI3K alpha""[Title/Abstract] OR ""PI3K-alpha""[Title/Abstract] OR endocrine[Title/Abstract] OR HER2[Title/Abstract] OR ERBB[Title/Abstract] OR mTOR[Title/Abstract] OR MEK[Title/Abstract] OR MAPK[Title/Abstract] OR CDK4[Title/Abstract] OR CDK6[Title/Abstract] OR AKT[Title/Abstract]))",confirm_include,advance_to_import
pmid-41552909,41552909,10.1093/brain/awag017,Angiogenic switching in cerebral cavernous malformations driven by MAP3K3-PIK3CA synergy.,2026,low,defer_pdf,access_uncertain,pi3k-alpha; inhibitor; resistance; pathway; sensitization; feedback; bypass; combination,Defer PDF: paper matches run terms but lacks explicit PMC-learned mechanism criteria in title/abstract.,"((alpelisib[Title/Abstract] OR BYL719[Title/Abstract] OR inavolisib[Title/Abstract] OR ""GDC-0077""[Title/Abstract] OR RLY2608[Title/Abstract] OR ""RLY-2608""[Title/Abstract]) AND (PIK3CA[Title/Abstract] OR ""PI3K alpha""[Title/Abstract] OR ""PI3K-alpha""[Title/Abstract] OR ""p110 alpha""[Title/Abstract] OR p110alpha[Title/Abstract]) AND (resistance[Title/Abstract] OR resistant[Title/Abstract] OR sensitivity[Title/Abstract] OR sensitization[Title/Abstract] OR adaptive[Title/Abstract] OR feedback[Title/Abstract] OR bypass[Title/Abstract] OR biomarker[Title/Abstract] OR mutation[Title/Abstract])); ((alpelisib[Title/Abstract] OR BYL719[Title/Abstract] OR inavolisib[Title/Abstract] OR ""GDC-0077""[Title/Abstract]) AND (combination[Title/Abstract] OR synergy[Title/Abstract] OR synergistic[Title/Abstract] OR sensitization[Title/Abstract] OR sensitizes[Title/Abstract] OR resensitization[Title/Abstract]) AND (PIK3CA[Title/Abstract] OR ""PI3K alpha""[Title/Abstract] OR ""PI3K-alpha""[Title/Abstract] OR endocrine[Title/Abstract] OR HER2[Title/Abstract] OR ERBB[Title/Abstract] OR mTOR[Title/Abstract] OR MEK[Title/Abstract] OR MAPK[Title/Abstract] OR CDK4[Title/Abstract] OR CDK6[Title/Abstract] OR AKT[Title/Abstract]))",confirm_include,advance_to_import
pmid-42024964,42024964,10.1016/j.ejmech.2026.118879,"Benzothiophene-based, orally active PIK3CA H1047R mutant-selective inhibitors for the treatment of HR+/HER2- breast cancer.",2026,low,defer_pdf,access_uncertain,pi3k-alpha; inhibitor; pathway; inhibitors; feedback; for; pi3k; allosteric,Defer PDF: paper matches run terms but lacks explicit PMC-learned mechanism criteria in title/abstract.,"((PIK3CA[Title/Abstract] OR ""PI3K alpha""[Title/Abstract] OR ""PI3K-alpha""[Title/Abstract]) AND (""PI3K inhibitor""[Title/Abstract] OR ""PI3K-alpha inhibitor""[Title/Abstract] OR ""PI3K alpha inhibitor""[Title/Abstract] OR alpelisib[Title/Abstract] OR BYL719[Title/Abstract] OR inavolisib[Title/Abstract]) AND (""RTK""[Title/Abstract] OR HER3[Title/Abstract] OR ERBB3[Title/Abstract] OR insulin[Title/Abstract] OR IGF1R[Title/Abstract] OR ESR1[Title/Abstract] OR PTEN[Title/Abstract] OR RB1[Title/Abstract] OR NF1[Title/Abstract] OR ""vertical inhibition""[Title/Abstract] OR ""pathway rebound""[Title/Abstract] OR ""feedback activation""[Title/Abstract]))",confirm_include,advance_to_import
pmid-42310675,42310675,10.1186/s13046-026-03763-x,CDK4-selective inhibitor AU2-94 for the treatment of advanced and therapy-resistant prostate cancer.,2026,low,defer_pdf,access_uncertain,pi3k-alpha; inhibitor; resistance; pathway; when; inhibitors; sensitization; combination,Defer PDF: paper matches run terms but lacks explicit PMC-learned mechanism criteria in title/abstract.,"((alpelisib[Title/Abstract] OR BYL719[Title/Abstract] OR inavolisib[Title/Abstract] OR ""GDC-0077""[Title/Abstract]) AND (combination[Title/Abstract] OR synergy[Title/Abstract] OR synergistic[Title/Abstract] OR sensitization[Title/Abstract] OR sensitizes[Title/Abstract] OR resensitization[Title/Abstract]) AND (PIK3CA[Title/Abstract] OR ""PI3K alpha""[Title/Abstract] OR ""PI3K-alpha""[Title/Abstract] OR endocrine[Title/Abstract] OR HER2[Title/Abstract] OR ERBB[Title/Abstract] OR mTOR[Title/Abstract] OR MEK[Title/Abstract] OR MAPK[Title/Abstract] OR CDK4[Title/Abstract] OR CDK6[Title/Abstract] OR AKT[Title/Abstract]))",confirm_include,advance_to_import
pmid-42635598,42635598,10.1158/1078-0432.CCR-26-1816,"Elacestrant in Combination with Everolimus for Estrogen Receptor-Positive, HER2-Negative Previously Treated Advanced Breast Cancer: Results from ELEVATE.",2026,low,defer_pdf,access_uncertain,pi3k-alpha; inhibitor; resistance; pathway; inhibitors; sensitization; feedback; bypass,Defer PDF: paper matches run terms but lacks explicit PMC-learned mechanism criteria in title/abstract.,"((alpelisib[Title/Abstract] OR BYL719[Title/Abstract] OR inavolisib[Title/Abstract] OR ""GDC-0077""[Title/Abstract] OR RLY2608[Title/Abstract] OR ""RLY-2608""[Title/Abstract]) AND (PIK3CA[Title/Abstract] OR ""PI3K alpha""[Title/Abstract] OR ""PI3K-alpha""[Title/Abstract] OR ""p110 alpha""[Title/Abstract] OR p110alpha[Title/Abstract]) AND (resistance[Title/Abstract] OR resistant[Title/Abstract] OR sensitivity[Title/Abstract] OR sensitization[Title/Abstract] OR adaptive[Title/Abstract] OR feedback[Title/Abstract] OR bypass[Title/Abstract] OR biomarker[Title/Abstract] OR mutation[Title/Abstract])); ((alpelisib[Title/Abstract] OR BYL719[Title/Abstract] OR inavolisib[Title/Abstract] OR ""GDC-0077""[Title/Abstract]) AND (combination[Title/Abstract] OR synergy[Title/Abstract] OR synergistic[Title/Abstract] OR sensitization[Title/Abstract] OR sensitizes[Title/Abstract] OR resensitization[Title/Abstract]) AND (PIK3CA[Title/Abstract] OR ""PI3K alpha""[Title/Abstract] OR ""PI3K-alpha""[Title/Abstract] OR endocrine[Title/Abstract] OR HER2[Title/Abstract] OR ERBB[Title/Abstract] OR mTOR[Title/Abstract] OR MEK[Title/Abstract] OR MAPK[Title/Abstract] OR CDK4[Title/Abstract] OR CDK6[Title/Abstract] OR AKT[Title/Abstract])); ((PIK3CA[Title/Abstract] OR ""PI3K alpha""[Title/Abstract] OR ""PI3K-alpha""[Title/Abstract]) AND (""PI3K inhibitor""[Title/Abstract] OR ""PI3K-alpha inhibitor""[Title/Abstract] OR ""PI3K alpha inhibitor""[Title/Abstract] OR alpelisib[Title/Abstract] OR BYL719[Title/Abstract] OR inavolisib[Title/Abstract]) AND (""RTK""[Title/Abstract] OR HER3[Title/Abstract] OR ERBB3[Title/Abstract] OR insulin[Title/Abstract] OR IGF1R[Title/Abstract] OR ESR1[Title/Abstract] OR PTEN[Title/Abstract] OR RB1[Title/Abstract] OR NF1[Title/Abstract] OR ""vertical inhibition""[Title/Abstract] OR ""pathway rebound""[Title/Abstract] OR ""feedback activation""[Title/Abstract]))",confirm_include,advance_to_import
pmid-42518131,42518131,10.1007/s40265-026-02347-5,Emerging Strategies Targeting the PI3K/AKT/mTOR Pathway in HR+/HER2- Advanced Breast Cancer.,2026,low,defer_pdf,access_uncertain,pi3k-alpha; inhibitor; response; resistance; pathway; inhibitors; sensitization; feedback,Defer PDF: paper matches run terms but lacks explicit PMC-learned mechanism criteria in title/abstract.,"((alpelisib[Title/Abstract] OR BYL719[Title/Abstract] OR inavolisib[Title/Abstract] OR ""GDC-0077""[Title/Abstract] OR RLY2608[Title/Abstract] OR ""RLY-2608""[Title/Abstract]) AND (PIK3CA[Title/Abstract] OR ""PI3K alpha""[Title/Abstract] OR ""PI3K-alpha""[Title/Abstract] OR ""p110 alpha""[Title/Abstract] OR p110alpha[Title/Abstract]) AND (resistance[Title/Abstract] OR resistant[Title/Abstract] OR sensitivity[Title/Abstract] OR sensitization[Title/Abstract] OR adaptive[Title/Abstract] OR feedback[Title/Abstract] OR bypass[Title/Abstract] OR biomarker[Title/Abstract] OR mutation[Title/Abstract])); ((alpelisib[Title/Abstract] OR BYL719[Title/Abstract] OR inavolisib[Title/Abstract] OR ""GDC-0077""[Title/Abstract]) AND (combination[Title/Abstract] OR synergy[Title/Abstract] OR synergistic[Title/Abstract] OR sensitization[Title/Abstract] OR sensitizes[Title/Abstract] OR resensitization[Title/Abstract]) AND (PIK3CA[Title/Abstract] OR ""PI3K alpha""[Title/Abstract] OR ""PI3K-alpha""[Title/Abstract] OR endocrine[Title/Abstract] OR HER2[Title/Abstract] OR ERBB[Title/Abstract] OR mTOR[Title/Abstract] OR MEK[Title/Abstract] OR MAPK[Title/Abstract] OR CDK4[Title/Abstract] OR CDK6[Title/Abstract] OR AKT[Title/Abstract])); ((PIK3CA[Title/Abstract] OR ""PI3K alpha""[Title/Abstract] OR ""PI3K-alpha""[Title/Abstract]) AND (""PI3K inhibitor""[Title/Abstract] OR ""PI3K-alpha inhibitor""[Title/Abstract] OR ""PI3K alpha inhibitor""[Title/Abstract] OR alpelisib[Title/Abstract] OR BYL719[Title/Abstract] OR inavolisib[Title/Abstract]) AND (""RTK""[Title/Abstract] OR HER3[Title/Abstract] OR ERBB3[Title/Abstract] OR insulin[Title/Abstract] OR IGF1R[Title/Abstract] OR ESR1[Title/Abstract] OR PTEN[Title/Abstract] OR RB1[Title/Abstract] OR NF1[Title/Abstract] OR ""vertical inhibition""[Title/Abstract] OR ""pathway rebound""[Title/Abstract] OR ""feedback activation""[Title/Abstract]))",confirm_include,advance_to_import
pmid-42341421,42341421,10.1016/j.bbrc.2026.154189,Functional characterization of PIK3CA E545A mutation in MCF-7 breast cancer cells reveals enhanced proliferation and resistance to Alpelisib.,2026,low,defer_pdf,access_uncertain,pi3k-alpha; inhibitor; resistance; sensitization; feedback; bypass; for; adaptive,Defer PDF: paper matches run terms but lacks explicit PMC-learned mechanism criteria in title/abstract.,"((alpelisib[Title/Abstract] OR BYL719[Title/Abstract] OR inavolisib[Title/Abstract] OR ""GDC-0077""[Title/Abstract] OR RLY2608[Title/Abstract] OR ""RLY-2608""[Title/Abstract]) AND (PIK3CA[Title/Abstract] OR ""PI3K alpha""[Title/Abstract] OR ""PI3K-alpha""[Title/Abstract] OR ""p110 alpha""[Title/Abstract] OR p110alpha[Title/Abstract]) AND (resistance[Title/Abstract] OR resistant[Title/Abstract] OR sensitivity[Title/Abstract] OR sensitization[Title/Abstract] OR adaptive[Title/Abstract] OR feedback[Title/Abstract] OR bypass[Title/Abstract] OR biomarker[Title/Abstract] OR mutation[Title/Abstract]))",confirm_include,advance_to_import
pmid-41967638,41967638,10.1016/j.annonc.2026.04.003,Genomic determinants of response to alpelisib plus fulvestrant in the SOLAR-1 trial.,2026,low,defer_pdf,access_uncertain,pi3k-alpha; inhibitor; response; resistance; pathway; sensitization; feedback; bypass,Defer PDF: paper matches run terms but lacks explicit PMC-learned mechanism criteria in title/abstract.,"((alpelisib[Title/Abstract] OR BYL719[Title/Abstract] OR inavolisib[Title/Abstract] OR ""GDC-0077""[Title/Abstract] OR RLY2608[Title/Abstract] OR ""RLY-2608""[Title/Abstract]) AND (PIK3CA[Title/Abstract] OR ""PI3K alpha""[Title/Abstract] OR ""PI3K-alpha""[Title/Abstract] OR ""p110 alpha""[Title/Abstract] OR p110alpha[Title/Abstract]) AND (resistance[Title/Abstract] OR resistant[Title/Abstract] OR sensitivity[Title/Abstract] OR sensitization[Title/Abstract] OR adaptive[Title/Abstract] OR feedback[Title/Abstract] OR bypass[Title/Abstract] OR biomarker[Title/Abstract] OR mutation[Title/Abstract])); ((alpelisib[Title/Abstract] OR BYL719[Title/Abstract] OR inavolisib[Title/Abstract] OR ""GDC-0077""[Title/Abstract]) AND (combination[Title/Abstract] OR synergy[Title/Abstract] OR synergistic[Title/Abstract] OR sensitization[Title/Abstract] OR sensitizes[Title/Abstract] OR resensitization[Title/Abstract]) AND (PIK3CA[Title/Abstract] OR ""PI3K alpha""[Title/Abstract] OR ""PI3K-alpha""[Title/Abstract] OR endocrine[Title/Abstract] OR HER2[Title/Abstract] OR ERBB[Title/Abstract] OR mTOR[Title/Abstract] OR MEK[Title/Abstract] OR MAPK[Title/Abstract] OR CDK4[Title/Abstract] OR CDK6[Title/Abstract] OR AKT[Title/Abstract])); ((PIK3CA[Title/Abstract] OR ""PI3K alpha""[Title/Abstract] OR ""PI3K-alpha""[Title/Abstract]) AND (""PI3K inhibitor""[Title/Abstract] OR ""PI3K-alpha inhibitor""[Title/Abstract] OR ""PI3K alpha inhibitor""[Title/Abstract] OR alpelisib[Title/Abstract] OR BYL719[Title/Abstract] OR inavolisib[Title/Abstract]) AND (""RTK""[Title/Abstract] OR HER3[Title/Abstract] OR ERBB3[Title/Abstract] OR insulin[Title/Abstract] OR IGF1R[Title/Abstract] OR ESR1[Title/Abstract] OR PTEN[Title/Abstract] OR RB1[Title/Abstract] OR NF1[Title/Abstract] OR ""vertical inhibition""[Title/Abstract] OR ""pathway rebound""[Title/Abstract] OR ""feedback activation""[Title/Abstract]))",confirm_include,advance_to_import
pmid-41468825,41468825,10.1016/j.lungcan.2025.108890,Inavolisib for PIK3CA-mutant non-small cell lung cancer: A case report.,2026,low,defer_pdf,access_uncertain,pi3k-alpha; inhibitor; response; resistance; sensitization; feedback; bypass; for,Defer PDF: paper matches run terms but lacks explicit PMC-learned mechanism criteria in title/abstract.,"((alpelisib[Title/Abstract] OR BYL719[Title/Abstract] OR inavolisib[Title/Abstract] OR ""GDC-0077""[Title/Abstract] OR RLY2608[Title/Abstract] OR ""RLY-2608""[Title/Abstract]) AND (PIK3CA[Title/Abstract] OR ""PI3K alpha""[Title/Abstract] OR ""PI3K-alpha""[Title/Abstract] OR ""p110 alpha""[Title/Abstract] OR p110alpha[Title/Abstract]) AND (resistance[Title/Abstract] OR resistant[Title/Abstract] OR sensitivity[Title/Abstract] OR sensitization[Title/Abstract] OR adaptive[Title/Abstract] OR feedback[Title/Abstract] OR bypass[Title/Abstract] OR biomarker[Title/Abstract] OR mutation[Title/Abstract]))",confirm_include,advance_to_import
pmid-41764610,41764610,10.2174/0113895575418114251210151424,Inavolisib-based Combination Therapy for the Treatment of PIK3CAMutated HR+/HER2- Breast Cancer: An Overview.,2026,low,defer_pdf,access_uncertain,pi3k-alpha; inhibitor; resistance; inhibitors; sensitization; feedback; bypass; combination,Defer PDF: paper matches run terms but lacks explicit PMC-learned mechanism criteria in title/abstract.,"((alpelisib[Title/Abstract] OR BYL719[Title/Abstract] OR inavolisib[Title/Abstract] OR ""GDC-0077""[Title/Abstract] OR RLY2608[Title/Abstract] OR ""RLY-2608""[Title/Abstract]) AND (PIK3CA[Title/Abstract] OR ""PI3K alpha""[Title/Abstract] OR ""PI3K-alpha""[Title/Abstract] OR ""p110 alpha""[Title/Abstract] OR p110alpha[Title/Abstract]) AND (resistance[Title/Abstract] OR resistant[Title/Abstract] OR sensitivity[Title/Abstract] OR sensitization[Title/Abstract] OR adaptive[Title/Abstract] OR feedback[Title/Abstract] OR bypass[Title/Abstract] OR biomarker[Title/Abstract] OR mutation[Title/Abstract])); ((alpelisib[Title/Abstract] OR BYL719[Title/Abstract] OR inavolisib[Title/Abstract] OR ""GDC-0077""[Title/Abstract]) AND (combination[Title/Abstract] OR synergy[Title/Abstract] OR synergistic[Title/Abstract] OR sensitization[Title/Abstract] OR sensitizes[Title/Abstract] OR resensitization[Title/Abstract]) AND (PIK3CA[Title/Abstract] OR ""PI3K alpha""[Title/Abstract] OR ""PI3K-alpha""[Title/Abstract] OR endocrine[Title/Abstract] OR HER2[Title/Abstract] OR ERBB[Title/Abstract] OR mTOR[Title/Abstract] OR MEK[Title/Abstract] OR MAPK[Title/Abstract] OR CDK4[Title/Abstract] OR CDK6[Title/Abstract] OR AKT[Title/Abstract]))",confirm_include,advance_to_import
pmid-42496151,42496151,10.1080/17425255.2026.2710110,Inavolisib: a second-generation PI3Kα inhibitor in HR+/HER2-negative breast cancer.,2026,low,defer_pdf,access_uncertain,pi3k-alpha; inhibitor; resistance; pathway; sensitization; feedback; bypass; signaling,Defer PDF: paper matches run terms but lacks explicit PMC-learned mechanism criteria in title/abstract.,"((alpelisib[Title/Abstract] OR BYL719[Title/Abstract] OR inavolisib[Title/Abstract] OR ""GDC-0077""[Title/Abstract] OR RLY2608[Title/Abstract] OR ""RLY-2608""[Title/Abstract]) AND (PIK3CA[Title/Abstract] OR ""PI3K alpha""[Title/Abstract] OR ""PI3K-alpha""[Title/Abstract] OR ""p110 alpha""[Title/Abstract] OR p110alpha[Title/Abstract]) AND (resistance[Title/Abstract] OR resistant[Title/Abstract] OR sensitivity[Title/Abstract] OR sensitization[Title/Abstract] OR adaptive[Title/Abstract] OR feedback[Title/Abstract] OR bypass[Title/Abstract] OR biomarker[Title/Abstract] OR mutation[Title/Abstract]))",confirm_include,advance_to_import
pmid-41851057,41851057,10.1002/cpt.70265,Model-Based Patient Selection and Dosing Strategies for HRAS and PIK3CA Dysregulated HNSCC: A QSP Model for Alpelisib and Tipifarnib Combination.,2026,low,defer_pdf,access_uncertain,pi3k-alpha; inhibitor; response; resistance; pathway; sensitization; feedback; bypass,Defer PDF: paper matches run terms but lacks explicit PMC-learned mechanism criteria in title/abstract.,"((alpelisib[Title/Abstract] OR BYL719[Title/Abstract] OR inavolisib[Title/Abstract] OR ""GDC-0077""[Title/Abstract] OR RLY2608[Title/Abstract] OR ""RLY-2608""[Title/Abstract]) AND (PIK3CA[Title/Abstract] OR ""PI3K alpha""[Title/Abstract] OR ""PI3K-alpha""[Title/Abstract] OR ""p110 alpha""[Title/Abstract] OR p110alpha[Title/Abstract]) AND (resistance[Title/Abstract] OR resistant[Title/Abstract] OR sensitivity[Title/Abstract] OR sensitization[Title/Abstract] OR adaptive[Title/Abstract] OR feedback[Title/Abstract] OR bypass[Title/Abstract] OR biomarker[Title/Abstract] OR mutation[Title/Abstract])); ((alpelisib[Title/Abstract] OR BYL719[Title/Abstract] OR inavolisib[Title/Abstract] OR ""GDC-0077""[Title/Abstract]) AND (combination[Title/Abstract] OR synergy[Title/Abstract] OR synergistic[Title/Abstract] OR sensitization[Title/Abstract] OR sensitizes[Title/Abstract] OR resensitization[Title/Abstract]) AND (PIK3CA[Title/Abstract] OR ""PI3K alpha""[Title/Abstract] OR ""PI3K-alpha""[Title/Abstract] OR endocrine[Title/Abstract] OR HER2[Title/Abstract] OR ERBB[Title/Abstract] OR mTOR[Title/Abstract] OR MEK[Title/Abstract] OR MAPK[Title/Abstract] OR CDK4[Title/Abstract] OR CDK6[Title/Abstract] OR AKT[Title/Abstract]))",confirm_include,advance_to_import
pmid-41948974,41948974,10.1111/cas.70365,Molecular and Cell Biological Characterization of Patient-Derived Head and Neck Squamous Carcinoma Cell Lines.,2026,low,defer_pdf,access_uncertain,pi3k-alpha; inhibitor; resistance; sensitization; feedback; bypass; for; adaptive,Defer PDF: paper matches run terms but lacks explicit PMC-learned mechanism criteria in title/abstract.,"((alpelisib[Title/Abstract] OR BYL719[Title/Abstract] OR inavolisib[Title/Abstract] OR ""GDC-0077""[Title/Abstract] OR RLY2608[Title/Abstract] OR ""RLY-2608""[Title/Abstract]) AND (PIK3CA[Title/Abstract] OR ""PI3K alpha""[Title/Abstract] OR ""PI3K-alpha""[Title/Abstract] OR ""p110 alpha""[Title/Abstract] OR p110alpha[Title/Abstract]) AND (resistance[Title/Abstract] OR resistant[Title/Abstract] OR sensitivity[Title/Abstract] OR sensitization[Title/Abstract] OR adaptive[Title/Abstract] OR feedback[Title/Abstract] OR bypass[Title/Abstract] OR biomarker[Title/Abstract] OR mutation[Title/Abstract]))",confirm_include,advance_to_import
pmid-42263466,42263466,10.1016/j.clbc.2026.05.004,"Pharmacologic Features, Clinical Applications, and Drug Safety Evaluation of Inavolisib in the Treatment of Metastatic Breast Cancer.",2026,low,defer_pdf,access_uncertain,pi3k-alpha; inhibitor; response; resistance; pathway; when; sensitization; feedback,Defer PDF: paper matches run terms but lacks explicit PMC-learned mechanism criteria in title/abstract.,"((alpelisib[Title/Abstract] OR BYL719[Title/Abstract] OR inavolisib[Title/Abstract] OR ""GDC-0077""[Title/Abstract] OR RLY2608[Title/Abstract] OR ""RLY-2608""[Title/Abstract]) AND (PIK3CA[Title/Abstract] OR ""PI3K alpha""[Title/Abstract] OR ""PI3K-alpha""[Title/Abstract] OR ""p110 alpha""[Title/Abstract] OR p110alpha[Title/Abstract]) AND (resistance[Title/Abstract] OR resistant[Title/Abstract] OR sensitivity[Title/Abstract] OR sensitization[Title/Abstract] OR adaptive[Title/Abstract] OR feedback[Title/Abstract] OR bypass[Title/Abstract] OR biomarker[Title/Abstract] OR mutation[Title/Abstract])); ((alpelisib[Title/Abstract] OR BYL719[Title/Abstract] OR inavolisib[Title/Abstract] OR ""GDC-0077""[Title/Abstract]) AND (combination[Title/Abstract] OR synergy[Title/Abstract] OR synergistic[Title/Abstract] OR sensitization[Title/Abstract] OR sensitizes[Title/Abstract] OR resensitization[Title/Abstract]) AND (PIK3CA[Title/Abstract] OR ""PI3K alpha""[Title/Abstract] OR ""PI3K-alpha""[Title/Abstract] OR endocrine[Title/Abstract] OR HER2[Title/Abstract] OR ERBB[Title/Abstract] OR mTOR[Title/Abstract] OR MEK[Title/Abstract] OR MAPK[Title/Abstract] OR CDK4[Title/Abstract] OR CDK6[Title/Abstract] OR AKT[Title/Abstract]))",confirm_include,advance_to_import
pmid-40829787,40829787,10.1146/annurev-pharmtox-082924-022724,Structural Insights into the Development of Inhibitors Against Cancer-Specific Mutations of PI3Kα.,2026,low,defer_pdf,access_uncertain,pi3k-alpha; inhibitor; resistance; pathway; inhibitors; sensitization; feedback; bypass,Defer PDF: paper matches run terms but lacks explicit PMC-learned mechanism criteria in title/abstract.,"((alpelisib[Title/Abstract] OR BYL719[Title/Abstract] OR inavolisib[Title/Abstract] OR ""GDC-0077""[Title/Abstract] OR RLY2608[Title/Abstract] OR ""RLY-2608""[Title/Abstract]) AND (PIK3CA[Title/Abstract] OR ""PI3K alpha""[Title/Abstract] OR ""PI3K-alpha""[Title/Abstract] OR ""p110 alpha""[Title/Abstract] OR p110alpha[Title/Abstract]) AND (resistance[Title/Abstract] OR resistant[Title/Abstract] OR sensitivity[Title/Abstract] OR sensitization[Title/Abstract] OR adaptive[Title/Abstract] OR feedback[Title/Abstract] OR bypass[Title/Abstract] OR biomarker[Title/Abstract] OR mutation[Title/Abstract])); ((RLY2608[Title/Abstract] OR ""RLY-2608""[Title/Abstract] OR ""allosteric PI3K""[Title/Abstract] OR ""mutant-selective PI3K""[Title/Abstract] OR ""mutant selective PI3K""[Title/Abstract]) AND (PIK3CA[Title/Abstract] OR ""PI3K alpha""[Title/Abstract] OR ""PI3K-alpha""[Title/Abstract] OR resistance[Title/Abstract] OR sensitivity[Title/Abstract] OR mutation[Title/Abstract] OR mutant[Title/Abstract]))",confirm_include,advance_to_import
pmid-41249630,41249630,10.1007/s00216-025-06233-z,Surfactant-enhanced emulsification liquid-liquid microextraction combined with sweeping micellar electrokinetic chromatography-tandem mass spectrometry for therapeutic drug monitoring of alpelisib and fulvestrant in human plasma.,2026,low,defer_pdf,access_uncertain,pi3k-alpha; resistance; sensitization; feedback; bypass; for; adaptive; pi3k,Defer PDF: paper matches run terms but lacks explicit PMC-learned mechanism criteria in title/abstract.,"((alpelisib[Title/Abstract] OR BYL719[Title/Abstract] OR inavolisib[Title/Abstract] OR ""GDC-0077""[Title/Abstract] OR RLY2608[Title/Abstract] OR ""RLY-2608""[Title/Abstract]) AND (PIK3CA[Title/Abstract] OR ""PI3K alpha""[Title/Abstract] OR ""PI3K-alpha""[Title/Abstract] OR ""p110 alpha""[Title/Abstract] OR p110alpha[Title/Abstract]) AND (resistance[Title/Abstract] OR resistant[Title/Abstract] OR sensitivity[Title/Abstract] OR sensitization[Title/Abstract] OR adaptive[Title/Abstract] OR feedback[Title/Abstract] OR bypass[Title/Abstract] OR biomarker[Title/Abstract] OR mutation[Title/Abstract]))",confirm_include,advance_to_import
pmid-42041166,42041166,10.1158/1535-7163.MCT-25-0675,Targeting Semaphorin 7a Signaling in Preclinical Models of Endocrine Therapy-Resistant Breast Cancer.,2026,low,defer_pdf,access_uncertain,pi3k-alpha; inhibitor; resistance; inhibitors; sensitization; signaling; combination; for,Defer PDF: paper matches run terms but lacks explicit PMC-learned mechanism criteria in title/abstract.,"((alpelisib[Title/Abstract] OR BYL719[Title/Abstract] OR inavolisib[Title/Abstract] OR ""GDC-0077""[Title/Abstract]) AND (combination[Title/Abstract] OR synergy[Title/Abstract] OR synergistic[Title/Abstract] OR sensitization[Title/Abstract] OR sensitizes[Title/Abstract] OR resensitization[Title/Abstract]) AND (PIK3CA[Title/Abstract] OR ""PI3K alpha""[Title/Abstract] OR ""PI3K-alpha""[Title/Abstract] OR endocrine[Title/Abstract] OR HER2[Title/Abstract] OR ERBB[Title/Abstract] OR mTOR[Title/Abstract] OR MEK[Title/Abstract] OR MAPK[Title/Abstract] OR CDK4[Title/Abstract] OR CDK6[Title/Abstract] OR AKT[Title/Abstract]))",confirm_include,advance_to_import
pmid-41773730,41773730,10.1158/1535-7163.MCT-25-0675,Targeting Semaphorin 7a signaling in preclinical models of endocrine therapy-resistant breast cancer.,2026,low,defer_pdf,access_uncertain,pi3k-alpha; inhibitor; resistance; inhibitors; sensitization; signaling; combination; for,Defer PDF: paper matches run terms but lacks explicit PMC-learned mechanism criteria in title/abstract.,"((alpelisib[Title/Abstract] OR BYL719[Title/Abstract] OR inavolisib[Title/Abstract] OR ""GDC-0077""[Title/Abstract]) AND (combination[Title/Abstract] OR synergy[Title/Abstract] OR synergistic[Title/Abstract] OR sensitization[Title/Abstract] OR sensitizes[Title/Abstract] OR resensitization[Title/Abstract]) AND (PIK3CA[Title/Abstract] OR ""PI3K alpha""[Title/Abstract] OR ""PI3K-alpha""[Title/Abstract] OR endocrine[Title/Abstract] OR HER2[Title/Abstract] OR ERBB[Title/Abstract] OR mTOR[Title/Abstract] OR MEK[Title/Abstract] OR MAPK[Title/Abstract] OR CDK4[Title/Abstract] OR CDK6[Title/Abstract] OR AKT[Title/Abstract]))",confirm_include,advance_to_import
pmid-41794592,41794592,10.1016/j.bulcan.2026.01.016,"[Inavolisib plus fulvestrant-palbociclib - advanced or metastatic breast cancers hormone receptor-positive, HER2-negative, PIK3CA-mutated, endocrine-resistant, in the first-line setting].",2026,low,defer_pdf,access_uncertain,pi3k-alpha; resistance; sensitization; feedback; bypass; adaptive; pi3k; biomarker,Defer PDF: paper matches run terms but lacks explicit PMC-learned mechanism criteria in title/abstract.,"((alpelisib[Title/Abstract] OR BYL719[Title/Abstract] OR inavolisib[Title/Abstract] OR ""GDC-0077""[Title/Abstract] OR RLY2608[Title/Abstract] OR ""RLY-2608""[Title/Abstract]) AND (PIK3CA[Title/Abstract] OR ""PI3K alpha""[Title/Abstract] OR ""PI3K-alpha""[Title/Abstract] OR ""p110 alpha""[Title/Abstract] OR p110alpha[Title/Abstract]) AND (resistance[Title/Abstract] OR resistant[Title/Abstract] OR sensitivity[Title/Abstract] OR sensitization[Title/Abstract] OR adaptive[Title/Abstract] OR feedback[Title/Abstract] OR bypass[Title/Abstract] OR biomarker[Title/Abstract] OR mutation[Title/Abstract]))",confirm_include,advance_to_import
