paper_id,pmid,pmcid,doi,title,normalized_source_type,normalized_path,fulltext_decision,fulltext_rationale,mechanistic_relevance,objective_relevance,topic_centrality,review_confidence
pmid-42635598,42635598,,10.1158/1078-0432.CCR-26-1816,"Elacestrant in Combination with Everolimus for Estrogen Receptor-Positive, HER2-Negative Previously Treated Advanced Breast Cancer: Results from ELEVATE.",pdf_grobid,/Users/xingmeng/.openclaw/workspaces/staff-scientist-ideker/agent_LiteratureDueDiligence/runs/pi3k_alpha_inhibition_resistance_review_20260830/Phase1_PubmedCollection/passes/pass_002/artifacts/fulltext_import/PDF/normalized/pmid-42635598.json,drop,Readable full text is dominated by run-specific exclusion or deferred-context signals.,low,low,incidental,medium
pmid-42575435,42575435,,10.1016/j.jbc.2026.113426,Insulin receptor substrate 2 (IRS2) confers resistance to PI3K pathway inhibition in PIK3CA mutant breast cancer.,pdf_grobid,/Users/xingmeng/.openclaw/workspaces/staff-scientist-ideker/agent_LiteratureDueDiligence/runs/pi3k_alpha_inhibition_resistance_review_20260830/Phase1_PubmedCollection/passes/pass_002/artifacts/fulltext_import/PDF/normalized/pmid-42575435.json,drop,Readable full text is dominated by run-specific exclusion or deferred-context signals.,low,low,incidental,medium
pmid-42513228,42513228,PMC13415029,10.3390/molecules31142551,"Breast Cancer: Epidemiology, Molecular Classification, Diagnostics and Evolving Treatment Paradigms.",pmc_xml,/Users/xingmeng/.openclaw/workspaces/staff-scientist-ideker/agent_LiteratureDueDiligence/runs/pi3k_alpha_inhibition_resistance_review_20260830/Phase1_PubmedCollection/passes/pass_002/artifacts/fulltext_import/PMC_XML/normalized/PMC13415029.json,keep,"A title, sentence, or local section-level window connects primary run entities, declared mechanism/evidence terms, and required outcome terms.",high,high,central,high
pmid-42505223,42505223,PMC13409238,10.3390/curroncol33070421,"Evolving First-Line Endocrine Therapy in HR+/HER2- Metastatic Breast Cancer: CDK4/6 Inhibition, Biomarker-Guided Strategies and Emerging Therapeutic Paradigms.",pmc_xml,/Users/xingmeng/.openclaw/workspaces/staff-scientist-ideker/agent_LiteratureDueDiligence/runs/pi3k_alpha_inhibition_resistance_review_20260830/Phase1_PubmedCollection/passes/pass_002/artifacts/fulltext_import/PMC_XML/normalized/PMC13409238.json,keep,"A title, sentence, or local section-level window connects primary run entities, declared mechanism/evidence terms, and required outcome terms.",high,high,central,high
pmid-42500590,42500590,PMC13397341,10.32604/or.2026.085387,Research Advances in Drug Resistance Mechanisms to Anti-HER2 Therapy in HER2-Positive Breast Cancer.,pmc_xml,/Users/xingmeng/.openclaw/workspaces/staff-scientist-ideker/agent_LiteratureDueDiligence/runs/pi3k_alpha_inhibition_resistance_review_20260830/Phase1_PubmedCollection/passes/pass_002/artifacts/fulltext_import/PMC_XML/normalized/PMC13397341.json,keep,"A title, sentence, or local section-level window connects primary run entities, declared mechanism/evidence terms, and required outcome terms.",high,high,central,high
pmid-42494592,42494592,PMC13391319,10.3389/fonc.2026.1781401,Clinical features and treatment challenges of HER2-positive primary breast squamous cell carcinoma: a case report and literature review.,pmc_xml,/Users/xingmeng/.openclaw/workspaces/staff-scientist-ideker/agent_LiteratureDueDiligence/runs/pi3k_alpha_inhibition_resistance_review_20260830/Phase1_PubmedCollection/passes/pass_002/artifacts/fulltext_import/PMC_XML/normalized/PMC13391319.json,drop,Readable full text is dominated by run-specific exclusion or deferred-context signals.,low,low,incidental,medium
pmid-42456830,42456830,,10.1016/j.bcp.2026.118262,"Core genes drive treatment resistance in triple-negative breast cancer: characteristics, mechanisms, intervention strategies.",pdf_grobid,/Users/xingmeng/.openclaw/workspaces/staff-scientist-ideker/agent_LiteratureDueDiligence/runs/pi3k_alpha_inhibition_resistance_review_20260830/Phase1_PubmedCollection/passes/pass_002/artifacts/fulltext_import/PDF/normalized/pmid-42456830.json,drop,Readable full text is dominated by run-specific exclusion or deferred-context signals.,low,low,incidental,medium
pmid-42445743,42445743,PMC13361340,10.2147/DDDT.S611371,Precision Endocrine-Based Combinations After CDK4/6 Inhibitor Progression in HR-Positive Metastatic Breast Cancer.,pmc_xml,/Users/xingmeng/.openclaw/workspaces/staff-scientist-ideker/agent_LiteratureDueDiligence/runs/pi3k_alpha_inhibition_resistance_review_20260830/Phase1_PubmedCollection/passes/pass_002/artifacts/fulltext_import/PMC_XML/normalized/PMC13361340.json,drop,Readable full text is dominated by run-specific exclusion or deferred-context signals.,low,low,incidental,medium
pmid-42405409,42405409,,10.2174/0113895575463121260609115219,Medicinal Chemistry Perspectives on Molecular Targets and Targeted Therapeutic Strategies in Breast Cancer.,pdf_grobid,/Users/xingmeng/.openclaw/workspaces/staff-scientist-ideker/agent_LiteratureDueDiligence/runs/pi3k_alpha_inhibition_resistance_review_20260830/Phase1_PubmedCollection/passes/pass_002/artifacts/fulltext_import/PDF/normalized/pmid-42405409.json,keep,"A title, sentence, or local section-level window connects primary run entities, declared mechanism/evidence terms, and required outcome terms.",high,high,central,high
pmid-42351448,42351448,PMC13298351,10.3390/diagnostics16121790,"Post-CDK4/6 Inhibitor Therapeutic Approaches in Hormone Receptor-Positive, HER2-Negative Metastatic Breast Cancer: Current Evidence and Emerging Strategies-A Narrative Review.",pmc_xml,/Users/xingmeng/.openclaw/workspaces/staff-scientist-ideker/agent_LiteratureDueDiligence/runs/pi3k_alpha_inhibition_resistance_review_20260830/Phase1_PubmedCollection/passes/pass_002/artifacts/fulltext_import/PMC_XML/normalized/PMC13298351.json,keep,"A title, sentence, or local section-level window connects primary run entities, declared mechanism/evidence terms, and required outcome terms.",high,high,central,high
pmid-42341421,42341421,,10.1016/j.bbrc.2026.154189,Functional characterization of PIK3CA E545A mutation in MCF-7 breast cancer cells reveals enhanced proliferation and resistance to Alpelisib.,pdf_grobid,/Users/xingmeng/.openclaw/workspaces/staff-scientist-ideker/agent_LiteratureDueDiligence/runs/pi3k_alpha_inhibition_resistance_review_20260830/Phase1_PubmedCollection/passes/pass_002/artifacts/fulltext_import/PDF/normalized/pmid-42341421.json,keep,"A title, sentence, or local section-level window connects primary run entities, declared mechanism/evidence terms, and required outcome terms.",high,high,central,high
pmid-42312509,42312509,,10.2174/0113816128473617260609100900,Glycycoumarin Induces G2/M Cell Cycle Arrest and Apoptosis in Non-Small-Cell Lung Cancer Cells via Suppressing the PI3K/AKT/mTOR/HIF-1α Pathway.,pdf_grobid,/Users/xingmeng/.openclaw/workspaces/staff-scientist-ideker/agent_LiteratureDueDiligence/runs/pi3k_alpha_inhibition_resistance_review_20260830/Phase1_PubmedCollection/passes/pass_002/artifacts/fulltext_import/PDF/normalized/pmid-42312509.json,drop,Readable full text is dominated by run-specific exclusion or deferred-context signals.,low,low,incidental,medium
pmid-42286162,42286162,PMC13338215,10.1038/s41598-026-57722-9,"Identification of PI3K alpha inhibitors through large-scale virtual screening and integrated molecular modeling, biophysical characterization, and ADMET profiling.",pmc_xml,/Users/xingmeng/.openclaw/workspaces/staff-scientist-ideker/agent_LiteratureDueDiligence/runs/pi3k_alpha_inhibition_resistance_review_20260830/Phase1_PubmedCollection/passes/pass_002/artifacts/fulltext_import/PMC_XML/normalized/PMC13338215.json,keep,"A title, sentence, or local section-level window connects primary run entities, declared mechanism/evidence terms, and required outcome terms.",high,high,central,high
pmid-42237450,42237450,PMC13397232,10.1002/ijc.70545,Landscape of Chinese Lung Cancer Patients With Compound Mutations and Acquired Resistance Alterations: A Retrospective Study.,pdf_grobid,/Users/xingmeng/.openclaw/workspaces/staff-scientist-ideker/agent_LiteratureDueDiligence/runs/pi3k_alpha_inhibition_resistance_review_20260830/Phase1_PubmedCollection/passes/pass_002/artifacts/fulltext_import/PDF/normalized/pmid-42237450.json,drop,Readable full text is dominated by run-specific exclusion or deferred-context signals.,low,low,incidental,medium
pmid-42194764,42194764,PMC13207011,10.3390/jcm15103803,Capivasertib as a Therapeutic Agent for Breast Cancer: Targeting AKT to Overcome Endocrine Resistance.,pmc_xml,/Users/xingmeng/.openclaw/workspaces/staff-scientist-ideker/agent_LiteratureDueDiligence/runs/pi3k_alpha_inhibition_resistance_review_20260830/Phase1_PubmedCollection/passes/pass_002/artifacts/fulltext_import/PMC_XML/normalized/PMC13207011.json,drop,Readable full text is dominated by run-specific exclusion or deferred-context signals.,low,low,incidental,medium
pmid-42180974,42180974,PMC13190948,10.21037/tcr-2025-1-2681,Identifying research gaps in PIK3CA-mutant breast cancer: a bibliometric analysis of evolving trends and clinical applications.,pmc_xml,/Users/xingmeng/.openclaw/workspaces/staff-scientist-ideker/agent_LiteratureDueDiligence/runs/pi3k_alpha_inhibition_resistance_review_20260830/Phase1_PubmedCollection/passes/pass_002/artifacts/fulltext_import/PMC_XML/normalized/PMC13190948.json,keep,"A title, sentence, or local section-level window connects primary run entities, declared mechanism/evidence terms, and required outcome terms.",high,high,central,high
pmid-42147347,42147347,PMC13171783,10.3389/fphar.2026.1807304,Common oncogenic mutations in colorectal cancer: drivers of carcinogenesis and potential therapeutic targets.,pmc_xml,/Users/xingmeng/.openclaw/workspaces/staff-scientist-ideker/agent_LiteratureDueDiligence/runs/pi3k_alpha_inhibition_resistance_review_20260830/Phase1_PubmedCollection/passes/pass_002/artifacts/fulltext_import/PMC_XML/normalized/PMC13171783.json,keep,"A title, sentence, or local section-level window connects primary run entities, declared mechanism/evidence terms, and required outcome terms.",high,high,central,high
pmid-42127863,42127863,,10.1016/j.oraloncology.2026.108004,Efficacy of buparlisib according to PIK3CA mutation status in recurrent or metastatic head and neck squamous cell carcinoma: A multicenter phase II trial.,pdf_grobid,/Users/xingmeng/.openclaw/workspaces/staff-scientist-ideker/agent_LiteratureDueDiligence/runs/pi3k_alpha_inhibition_resistance_review_20260830/Phase1_PubmedCollection/passes/pass_002/artifacts/fulltext_import/PDF/normalized/pmid-42127863.json,drop,Readable full text is dominated by run-specific exclusion or deferred-context signals.,low,low,incidental,medium
pmid-42108204,42108204,PMC13264505,10.1097/CMR.0000000000001103,Novel uveal melanoma patient-derived cell line and organoid models show increased treatment resistance compared with commercially available cell lines.,pmc_xml,/Users/xingmeng/.openclaw/workspaces/staff-scientist-ideker/agent_LiteratureDueDiligence/runs/pi3k_alpha_inhibition_resistance_review_20260830/Phase1_PubmedCollection/passes/pass_002/artifacts/fulltext_import/PMC_XML/normalized/PMC13264505.json,drop,Readable full text is dominated by run-specific exclusion or deferred-context signals.,low,low,incidental,medium
pmid-42099435,42099435,PMC13148109,10.64898/2026.04.24.720709,Insulin receptor substrate 2 (IRS2) confers resistance to PI3K pathway inhibition in PIK3CA mutant breast cancer.,pdf_grobid,/Users/xingmeng/.openclaw/workspaces/staff-scientist-ideker/agent_LiteratureDueDiligence/runs/pi3k_alpha_inhibition_resistance_review_20260830/Phase1_PubmedCollection/passes/pass_002/artifacts/fulltext_import/PDF/normalized/pmid-42099435.json,drop,Readable full text is dominated by run-specific exclusion or deferred-context signals.,low,low,incidental,medium
pmid-42082487,42082487,PMC13347040,10.1038/s41467-026-72544-z,Targeting FGFR signaling overcomes therapeutic resistance and immune evasion in oncogenic PIK3CA-driven serous-like endometrial cancer.,pmc_xml,/Users/xingmeng/.openclaw/workspaces/staff-scientist-ideker/agent_LiteratureDueDiligence/runs/pi3k_alpha_inhibition_resistance_review_20260830/Phase1_PubmedCollection/passes/pass_002/artifacts/fulltext_import/PMC_XML/normalized/PMC13347040.json,drop,Readable full text is dominated by run-specific exclusion or deferred-context signals.,low,low,incidental,medium
pmid-41989051,41989051,PMC13091980,10.1177/15330338261444965,"Economic Evaluation of Inavolisib Combined With Palbociclib-Fulvestrant for PIK3CA-Mutated, HR+/HER2- Advanced Breast Cancer in USA.",pmc_xml,/Users/xingmeng/.openclaw/workspaces/staff-scientist-ideker/agent_LiteratureDueDiligence/runs/pi3k_alpha_inhibition_resistance_review_20260830/Phase1_PubmedCollection/passes/pass_002/artifacts/fulltext_import/PMC_XML/normalized/PMC13091980.json,keep,"A title, sentence, or local section-level window connects primary run entities, declared mechanism/evidence terms, and required outcome terms.",high,high,central,high
pmid-41934916,41934916,PMC13085011,10.1016/j.tranon.2026.102753,Synergistic effects through targeting the PI3K and IGFR pathways in treating lung cancer carrying activation alterations along the PI3K pathway.,pmc_xml,/Users/xingmeng/.openclaw/workspaces/staff-scientist-ideker/agent_LiteratureDueDiligence/runs/pi3k_alpha_inhibition_resistance_review_20260830/Phase1_PubmedCollection/passes/pass_002/artifacts/fulltext_import/PMC_XML/normalized/PMC13085011.json,drop,Readable full text is dominated by run-specific exclusion or deferred-context signals.,low,low,incidental,medium
pmid-41932195,41932195,,10.1016/j.compbiolchem.2026.109028,Synergistic action of Yinyanghuo A and Magnograndiolide against ovarian cancer: A computational prediction of targets and mechanism via network pharmacology and molecular simulations.,pdf_grobid,/Users/xingmeng/.openclaw/workspaces/staff-scientist-ideker/agent_LiteratureDueDiligence/runs/pi3k_alpha_inhibition_resistance_review_20260830/Phase1_PubmedCollection/passes/pass_002/artifacts/fulltext_import/PDF/normalized/pmid-41932195.json,keep,"A title, sentence, or local section-level window connects primary run entities, declared mechanism/evidence terms, and required outcome terms.",high,high,central,high
pmid-41925922,41925922,PMC13046609,10.1007/s10549-026-07939-z,Alpelisib and Fulvestrant in PIK3CA-mutated hormone receptor-positive HER2-negative advanced breast cancer included in the German PRAEGNANT trial.,pmc_xml,/Users/xingmeng/.openclaw/workspaces/staff-scientist-ideker/agent_LiteratureDueDiligence/runs/pi3k_alpha_inhibition_resistance_review_20260830/Phase1_PubmedCollection/passes/pass_002/artifacts/fulltext_import/PMC_XML/normalized/PMC13046609.json,drop,Readable full text is dominated by run-specific exclusion or deferred-context signals.,low,low,incidental,medium
pmid-41806134,41806134,PMC13087067,10.1007/s12672-026-04796-6,Advancements and innovations in the molecular mechanisms and treatment of colorectal cancer.,pmc_xml,/Users/xingmeng/.openclaw/workspaces/staff-scientist-ideker/agent_LiteratureDueDiligence/runs/pi3k_alpha_inhibition_resistance_review_20260830/Phase1_PubmedCollection/passes/pass_002/artifacts/fulltext_import/PMC_XML/normalized/PMC13087067.json,drop,Readable full text is dominated by run-specific exclusion or deferred-context signals.,low,low,incidental,medium
pmid-41756964,41756964,PMC12934813,10.64898/2026.02.16.706009,Targeting FGFR signaling overcomes therapeutic resistance and immune evasion in oncogenic PIK3CA-driven serous-like endometrial cancer.,pdf_grobid,/Users/xingmeng/.openclaw/workspaces/staff-scientist-ideker/agent_LiteratureDueDiligence/runs/pi3k_alpha_inhibition_resistance_review_20260830/Phase1_PubmedCollection/passes/pass_002/artifacts/fulltext_import/PDF/normalized/pmid-41756964.json,drop,Readable full text is dominated by run-specific exclusion or deferred-context signals.,low,low,incidental,medium
pmid-41690534,41690534,,10.1016/j.critrevonc.2026.105207,Beyond EGFR inhibition in head and neck squamous cell carcinoma: Overcoming resistance mechanisms and novel therapeutic frontiers.,pdf_grobid,/Users/xingmeng/.openclaw/workspaces/staff-scientist-ideker/agent_LiteratureDueDiligence/runs/pi3k_alpha_inhibition_resistance_review_20260830/Phase1_PubmedCollection/passes/pass_002/artifacts/fulltext_import/PDF/normalized/pmid-41690534.json,keep,"A title, sentence, or local section-level window connects primary run entities, declared mechanism/evidence terms, and required outcome terms.",high,high,central,high
pmid-41669566,41669566,PMC12885026,10.1080/19768354.2026.2625524,Proteomics and phosphoproteomics of human colorectal cancer cells lacking a specific kinase activity reveal kinase-specific compensatory responses.,pmc_xml,/Users/xingmeng/.openclaw/workspaces/staff-scientist-ideker/agent_LiteratureDueDiligence/runs/pi3k_alpha_inhibition_resistance_review_20260830/Phase1_PubmedCollection/passes/pass_002/artifacts/fulltext_import/PMC_XML/normalized/PMC12885026.json,drop,Readable full text is dominated by run-specific exclusion or deferred-context signals.,low,low,incidental,medium
pmid-41604817,41604817,PMC12865632,10.1016/j.esmoop.2025.105936,Clinical management of common toxicities with inhibitors targeting the PI3K/AKT/mTOR pathway in breast cancer.,pmc_xml,/Users/xingmeng/.openclaw/workspaces/staff-scientist-ideker/agent_LiteratureDueDiligence/runs/pi3k_alpha_inhibition_resistance_review_20260830/Phase1_PubmedCollection/passes/pass_002/artifacts/fulltext_import/PMC_XML/normalized/PMC12865632.json,drop,Readable full text is dominated by run-specific exclusion or deferred-context signals.,low,low,incidental,medium
pmid-41435752,41435752,,10.1016/j.ejca.2025.116194,PIK3CA mutations and first-line outcomes in endocrine-resistant HR+/HER2- metastatic breast cancer: A multicentric real-world study.,pdf_grobid,/Users/xingmeng/.openclaw/workspaces/staff-scientist-ideker/agent_LiteratureDueDiligence/runs/pi3k_alpha_inhibition_resistance_review_20260830/Phase1_PubmedCollection/passes/pass_002/artifacts/fulltext_import/PDF/normalized/pmid-41435752.json,keep,"A title, sentence, or local section-level window connects primary run entities, declared mechanism/evidence terms, and required outcome terms.",high,high,central,high
pmid-41372143,41372143,PMC12770561,10.1038/s41467-025-66632-9,The PIK3CA/AKT pathway drives therapy resistance in rhabdomyosarcoma.,pmc_xml,/Users/xingmeng/.openclaw/workspaces/staff-scientist-ideker/agent_LiteratureDueDiligence/runs/pi3k_alpha_inhibition_resistance_review_20260830/Phase1_PubmedCollection/passes/pass_002/artifacts/fulltext_import/PMC_XML/normalized/PMC12770561.json,drop,Readable full text is dominated by run-specific exclusion or deferred-context signals.,low,low,incidental,medium
pmid-41367952,41367952,PMC12682999,10.1177/17588359251396651,Genomics of ovarian cancers and the potential of precision medicine.,pmc_xml,/Users/xingmeng/.openclaw/workspaces/staff-scientist-ideker/agent_LiteratureDueDiligence/runs/pi3k_alpha_inhibition_resistance_review_20260830/Phase1_PubmedCollection/passes/pass_002/artifacts/fulltext_import/PMC_XML/normalized/PMC12682999.json,drop,Readable full text is dominated by run-specific exclusion or deferred-context signals.,low,low,incidental,medium
pmid-41280894,41280894,PMC12631382,10.3389/fimmu.2025.1693927,Mechanistic optimization of inavolisib combined with CDK4/6 inhibitors in the treatment of PIK3CA-mutated breast tumors.,pmc_xml,/Users/xingmeng/.openclaw/workspaces/staff-scientist-ideker/agent_LiteratureDueDiligence/runs/pi3k_alpha_inhibition_resistance_review_20260830/Phase1_PubmedCollection/passes/pass_002/artifacts/fulltext_import/PMC_XML/normalized/PMC12631382.json,keep,"A title, sentence, or local section-level window connects primary run entities, declared mechanism/evidence terms, and required outcome terms.",high,high,central,high
pmid-41258151,41258151,PMC12630906,10.1038/s41598-025-24625-0,Network centric identification of PI3K/Akt hub proteins as key oncogenic drivers and therapeutic targets.,pmc_xml,/Users/xingmeng/.openclaw/workspaces/staff-scientist-ideker/agent_LiteratureDueDiligence/runs/pi3k_alpha_inhibition_resistance_review_20260830/Phase1_PubmedCollection/passes/pass_002/artifacts/fulltext_import/PMC_XML/normalized/PMC12630906.json,keep,"A title, sentence, or local section-level window connects primary run entities, declared mechanism/evidence terms, and required outcome terms.",high,high,central,high
pmid-41203797,41203797,PMC12594994,10.1038/s41698-025-01106-1,"Co-clinical trial targeting ER, FGFR and CDK4/6 in resistant hormone-positive breast cancer with FGFR alterations.",pmc_xml,/Users/xingmeng/.openclaw/workspaces/staff-scientist-ideker/agent_LiteratureDueDiligence/runs/pi3k_alpha_inhibition_resistance_review_20260830/Phase1_PubmedCollection/passes/pass_002/artifacts/fulltext_import/PMC_XML/normalized/PMC12594994.json,drop,Readable full text is dominated by run-specific exclusion or deferred-context signals.,low,low,incidental,medium
pmid-41203598,41203598,PMC12594950,10.1038/s41419-025-08045-6,The RNA N(6)-methyladenosine methylome coordinates long non-coding RNAs to mediate cancer drug resistance by activating PI3K signaling.,pmc_xml,/Users/xingmeng/.openclaw/workspaces/staff-scientist-ideker/agent_LiteratureDueDiligence/runs/pi3k_alpha_inhibition_resistance_review_20260830/Phase1_PubmedCollection/passes/pass_002/artifacts/fulltext_import/PMC_XML/normalized/PMC12594950.json,drop,Readable full text is dominated by run-specific exclusion or deferred-context signals.,low,low,incidental,medium
pmid-41182553,41182553,PMC12583257,10.1007/s44313-025-00107-0,"Unveiling the role of microRNAs, the PI3K/AKT pathway, and their associations in various types of leukemia: a comprehensive review.",pmc_xml,/Users/xingmeng/.openclaw/workspaces/staff-scientist-ideker/agent_LiteratureDueDiligence/runs/pi3k_alpha_inhibition_resistance_review_20260830/Phase1_PubmedCollection/passes/pass_002/artifacts/fulltext_import/PMC_XML/normalized/PMC12583257.json,drop,Readable full text is dominated by run-specific exclusion or deferred-context signals.,low,low,incidental,medium
pmid-41107466,41107466,PMC12534536,10.1038/s43856-025-01150-9,Discovering anticancer drug target combinations via network-informed signaling-based approach.,pmc_xml,/Users/xingmeng/.openclaw/workspaces/staff-scientist-ideker/agent_LiteratureDueDiligence/runs/pi3k_alpha_inhibition_resistance_review_20260830/Phase1_PubmedCollection/passes/pass_002/artifacts/fulltext_import/PMC_XML/normalized/PMC12534536.json,drop,Readable full text is dominated by run-specific exclusion or deferred-context signals.,low,low,incidental,medium
pmid-41079023,41079023,PMC12514518,10.1016/j.eclinm.2025.103535,Efficacy and safety of systemic therapies following progression on CDK4/6 inhibitors in patients with HR+/HER2- metastatic breast cancer: a systematic review and network meta-analysis.,pmc_xml,/Users/xingmeng/.openclaw/workspaces/staff-scientist-ideker/agent_LiteratureDueDiligence/runs/pi3k_alpha_inhibition_resistance_review_20260830/Phase1_PubmedCollection/passes/pass_002/artifacts/fulltext_import/PMC_XML/normalized/PMC12514518.json,keep,"A title, sentence, or local section-level window connects primary run entities, declared mechanism/evidence terms, and required outcome terms.",high,high,central,high
pmid-41024108,41024108,PMC12482239,10.1186/s40164-025-00706-8,Precise regulation of RAS-Mediated PI3Kα activation: therapeutic potential of BBO-10203 in cancer treatment.,pmc_xml,/Users/xingmeng/.openclaw/workspaces/staff-scientist-ideker/agent_LiteratureDueDiligence/runs/pi3k_alpha_inhibition_resistance_review_20260830/Phase1_PubmedCollection/passes/pass_002/artifacts/fulltext_import/PMC_XML/normalized/PMC12482239.json,drop,Readable full text is dominated by run-specific exclusion or deferred-context signals.,low,low,incidental,medium
pmid-41020523,41020523,PMC12477610,10.1093/bib/bbaf510,AdaSemb: an adaptive knowledge-driven deep learning framework integrating cancer protein assemblies for predicting PI3Kα inhibitor response and resistance.,pmc_xml,/Users/xingmeng/.openclaw/workspaces/staff-scientist-ideker/agent_LiteratureDueDiligence/runs/pi3k_alpha_inhibition_resistance_review_20260830/Phase1_PubmedCollection/passes/pass_002/artifacts/fulltext_import/PMC_XML/normalized/PMC12477610.json,keep,"A title, sentence, or local section-level window connects primary run entities, declared mechanism/evidence terms, and required outcome terms.",high,high,central,high
pmid-40991650,40991650,PMC12618074,10.1172/JCI180927,USP10/GSK3β-mediated inhibition of PTEN drives resistance to PI3K inhibitors in breast cancer.,pmc_xml,/Users/xingmeng/.openclaw/workspaces/staff-scientist-ideker/agent_LiteratureDueDiligence/runs/pi3k_alpha_inhibition_resistance_review_20260830/Phase1_PubmedCollection/passes/pass_002/artifacts/fulltext_import/PMC_XML/normalized/PMC12618074.json,drop,Readable full text is dominated by run-specific exclusion or deferred-context signals.,low,low,incidental,medium
pmid-40930104,40930104,PMC12802574,10.1016/j.xgen.2025.100987,Detection of heterogeneous resistance mechanisms to tyrosine kinase inhibitors from cell-free DNA.,pmc_xml,/Users/xingmeng/.openclaw/workspaces/staff-scientist-ideker/agent_LiteratureDueDiligence/runs/pi3k_alpha_inhibition_resistance_review_20260830/Phase1_PubmedCollection/passes/pass_002/artifacts/fulltext_import/PMC_XML/normalized/PMC12802574.json,drop,Readable full text is dominated by run-specific exclusion or deferred-context signals.,low,low,incidental,medium
pmid-40761208,40761208,PMC12319610,10.21037/acr-24-67,Heterogeneity and co-occurrence of resistance mechanisms in EGFR-TKI-induced NSCLC to SCLC transformation: a case report.,pmc_xml,/Users/xingmeng/.openclaw/workspaces/staff-scientist-ideker/agent_LiteratureDueDiligence/runs/pi3k_alpha_inhibition_resistance_review_20260830/Phase1_PubmedCollection/passes/pass_002/artifacts/fulltext_import/PMC_XML/normalized/PMC12319610.json,drop,Readable full text is dominated by run-specific exclusion or deferred-context signals.,low,low,incidental,medium
pmid-40723270,40723270,PMC12293187,10.3390/cancers17142388,Co-Occurring Genomic Alterations in NSCLC: Making Order into a Crowded List.,pmc_xml,/Users/xingmeng/.openclaw/workspaces/staff-scientist-ideker/agent_LiteratureDueDiligence/runs/pi3k_alpha_inhibition_resistance_review_20260830/Phase1_PubmedCollection/passes/pass_002/artifacts/fulltext_import/PMC_XML/normalized/PMC12293187.json,drop,Readable full text is dominated by run-specific exclusion or deferred-context signals.,low,low,incidental,medium
pmid-40656600,40656600,PMC12254669,10.1177/17588359251353623,Understanding and overcoming CDK4/6 inhibitor resistance in HR+/HER2- metastatic breast cancer: clinical and molecular perspectives.,pmc_xml,/Users/xingmeng/.openclaw/workspaces/staff-scientist-ideker/agent_LiteratureDueDiligence/runs/pi3k_alpha_inhibition_resistance_review_20260830/Phase1_PubmedCollection/passes/pass_002/artifacts/fulltext_import/PMC_XML/normalized/PMC12254669.json,keep,"A title, sentence, or local section-level window connects primary run entities, declared mechanism/evidence terms, and required outcome terms.",high,high,central,high
pmid-40454641,40454641,PMC13496148,10.1056/NEJMoa2501796,Overall Survival with Inavolisib in PIK3CA-Mutated Advanced Breast Cancer.,pmc_xml,/Users/xingmeng/.openclaw/workspaces/staff-scientist-ideker/agent_LiteratureDueDiligence/runs/pi3k_alpha_inhibition_resistance_review_20260830/Phase1_PubmedCollection/passes/pass_002/artifacts/fulltext_import/PMC_XML/normalized/PMC13496148.json,keep,"A title, sentence, or local section-level window connects primary run entities, declared mechanism/evidence terms, and required outcome terms.",high,high,central,high
pmid-40452844,40452844,PMC12123358,10.3389/fonc.2025.1477910,RET fusion driven (RETfus+) non-small cell lung cancer: a comprehensive genomic profiling study with histologic correlation.,pmc_xml,/Users/xingmeng/.openclaw/workspaces/staff-scientist-ideker/agent_LiteratureDueDiligence/runs/pi3k_alpha_inhibition_resistance_review_20260830/Phase1_PubmedCollection/passes/pass_002/artifacts/fulltext_import/PMC_XML/normalized/PMC12123358.json,drop,Readable full text is dominated by run-specific exclusion or deferred-context signals.,low,low,incidental,medium
pmid-40382983,40382983,,10.1016/j.drup.2025.101251,MicroRNA-mediated PTEN downregulation as a novel non-genetic mechanism of acquired resistance to PI3Kα inhibitors of head & neck squamous cell carcinoma.,pdf_grobid,/Users/xingmeng/.openclaw/workspaces/staff-scientist-ideker/agent_LiteratureDueDiligence/runs/pi3k_alpha_inhibition_resistance_review_20260830/Phase1_PubmedCollection/passes/pass_002/artifacts/fulltext_import/PDF/normalized/pmid-40382983.json,keep,"A title, sentence, or local section-level window connects primary run entities, declared mechanism/evidence terms, and required outcome terms.",high,high,central,high
pmid-40339228,40339228,,10.1016/j.biopha.2025.118147,Berberine promotes apoptosis and inhibits the migration of oral squamous carcinoma cells through inhibition of the RAGE/PI3K/AKT/mTOR pathway.,pdf_grobid,/Users/xingmeng/.openclaw/workspaces/staff-scientist-ideker/agent_LiteratureDueDiligence/runs/pi3k_alpha_inhibition_resistance_review_20260830/Phase1_PubmedCollection/passes/pass_002/artifacts/fulltext_import/PDF/normalized/pmid-40339228.json,drop,Readable full text is dominated by run-specific exclusion or deferred-context signals.,low,low,incidental,medium
pmid-40303291,40303291,PMC12035905,10.7150/ijbs.104850,The SGK3/GSK3β/β-catenin signaling promotes breast cancer stemness and confers resistance to alpelisib therapy.,pmc_xml,/Users/xingmeng/.openclaw/workspaces/staff-scientist-ideker/agent_LiteratureDueDiligence/runs/pi3k_alpha_inhibition_resistance_review_20260830/Phase1_PubmedCollection/passes/pass_002/artifacts/fulltext_import/PMC_XML/normalized/PMC12035905.json,keep,"A title, sentence, or local section-level window connects primary run entities, declared mechanism/evidence terms, and required outcome terms.",high,high,central,high
pmid-40295072,40295072,,10.21873/anticanres.17567,Development of Acquired Resistance in Alpelisib-treated Gastric Cancer Cells With PIK3CA Mutations and Overcoming Strategies.,pdf_grobid,/Users/xingmeng/.openclaw/workspaces/staff-scientist-ideker/agent_LiteratureDueDiligence/runs/pi3k_alpha_inhibition_resistance_review_20260830/Phase1_PubmedCollection/passes/pass_002/artifacts/fulltext_import/PDF/normalized/pmid-40295072.json,keep,"A title, sentence, or local section-level window connects primary run entities, declared mechanism/evidence terms, and required outcome terms.",high,high,central,high
pmid-40260297,40260297,PMC12009697,10.3389/fonc.2025.1527484,Case Report: FGFR2 inhibitor resistance via PIK3CA and CDKN2A/B in an intrahepatic cholangiocarcinoma patient with FGFR2-SH3GLB1 fusion.,pmc_xml,/Users/xingmeng/.openclaw/workspaces/staff-scientist-ideker/agent_LiteratureDueDiligence/runs/pi3k_alpha_inhibition_resistance_review_20260830/Phase1_PubmedCollection/passes/pass_002/artifacts/fulltext_import/PMC_XML/normalized/PMC12009697.json,drop,Readable full text is dominated by run-specific exclusion or deferred-context signals.,low,low,incidental,medium
pmid-40163189,40163189,,10.1007/s11864-025-01310-y,Novel Estrogen Receptor - Targeted Therapies in Hormone-Receptor Positive Breast Cancer.,pdf_grobid,/Users/xingmeng/.openclaw/workspaces/staff-scientist-ideker/agent_LiteratureDueDiligence/runs/pi3k_alpha_inhibition_resistance_review_20260830/Phase1_PubmedCollection/passes/pass_002/artifacts/fulltext_import/PDF/normalized/pmid-40163189.json,keep,"A title, sentence, or local section-level window connects primary run entities, declared mechanism/evidence terms, and required outcome terms.",high,high,central,high
pmid-40113784,40113784,PMC11926384,10.1038/s41392-025-02180-4,Targeting PI3K inhibitor resistance in breast cancer with metabolic drugs.,pmc_xml,/Users/xingmeng/.openclaw/workspaces/staff-scientist-ideker/agent_LiteratureDueDiligence/runs/pi3k_alpha_inhibition_resistance_review_20260830/Phase1_PubmedCollection/passes/pass_002/artifacts/fulltext_import/PMC_XML/normalized/PMC11926384.json,drop,Readable full text is dominated by run-specific exclusion or deferred-context signals.,low,low,incidental,medium
pmid-40049296,40049296,,10.1016/j.bcp.2025.116850,Strategic advancements in targeting the PI3K/AKT/mTOR pathway for Breast cancer therapy.,pdf_grobid,/Users/xingmeng/.openclaw/workspaces/staff-scientist-ideker/agent_LiteratureDueDiligence/runs/pi3k_alpha_inhibition_resistance_review_20260830/Phase1_PubmedCollection/passes/pass_002/artifacts/fulltext_import/PDF/normalized/pmid-40049296.json,drop,Readable full text is dominated by run-specific exclusion or deferred-context signals.,low,low,incidental,medium
pmid-40020984,40020984,,10.1016/j.ejphar.2025.177432,Targeting PI3K in cancer treatment: A comprehensive review with insights from clinical outcomes.,pdf_grobid,/Users/xingmeng/.openclaw/workspaces/staff-scientist-ideker/agent_LiteratureDueDiligence/runs/pi3k_alpha_inhibition_resistance_review_20260830/Phase1_PubmedCollection/passes/pass_002/artifacts/fulltext_import/PDF/normalized/pmid-40020984.json,drop,Readable full text is dominated by run-specific exclusion or deferred-context signals.,low,low,incidental,medium
pmid-39979449,39979449,PMC11842864,10.1038/s41598-025-90714-9,PI3Kα-specific inhibitor BYL-719 synergizes with cisplatin in vitro in PIK3CA-mutated ovarian cancer cells.,pmc_xml,/Users/xingmeng/.openclaw/workspaces/staff-scientist-ideker/agent_LiteratureDueDiligence/runs/pi3k_alpha_inhibition_resistance_review_20260830/Phase1_PubmedCollection/passes/pass_002/artifacts/fulltext_import/PMC_XML/normalized/PMC11842864.json,drop,Readable full text is dominated by run-specific exclusion or deferred-context signals.,low,low,incidental,medium
pmid-39920872,39920872,PMC11806886,10.1186/s40170-025-00375-5,CD36 inhibition enhances the anti-proliferative effects of PI3K inhibitors in PTEN-loss anti-HER2 resistant breast cancer cells.,pmc_xml,/Users/xingmeng/.openclaw/workspaces/staff-scientist-ideker/agent_LiteratureDueDiligence/runs/pi3k_alpha_inhibition_resistance_review_20260830/Phase1_PubmedCollection/passes/pass_002/artifacts/fulltext_import/PMC_XML/normalized/PMC11806886.json,drop,Readable full text is dominated by run-specific exclusion or deferred-context signals.,low,low,incidental,medium
pmid-39851969,39851969,PMC11763720,10.3390/curroncol32010053,Systematic Review and Network Meta-Analysis on Treating Hormone Receptor-Positive Metastatic Breast Cancer After CDK4/6 Inhibitors.,pmc_xml,/Users/xingmeng/.openclaw/workspaces/staff-scientist-ideker/agent_LiteratureDueDiligence/runs/pi3k_alpha_inhibition_resistance_review_20260830/Phase1_PubmedCollection/passes/pass_002/artifacts/fulltext_import/PMC_XML/normalized/PMC11763720.json,drop,Readable full text is dominated by run-specific exclusion or deferred-context signals.,low,low,incidental,medium
pmid-39805880,39805880,PMC11729857,10.1038/s41598-024-83030-1,Exploring target selectivity in designing and identifying PI3Kα inhibitors for triple negative breast cancer with fragment-based and bioisosteric replacement approach.,pmc_xml,/Users/xingmeng/.openclaw/workspaces/staff-scientist-ideker/agent_LiteratureDueDiligence/runs/pi3k_alpha_inhibition_resistance_review_20260830/Phase1_PubmedCollection/passes/pass_002/artifacts/fulltext_import/PMC_XML/normalized/PMC11729857.json,drop,Readable full text is dominated by run-specific exclusion or deferred-context signals.,low,low,incidental,medium
pmid-39762482,39762482,PMC11704227,10.1038/s41698-024-00793-6,Mechanisms of KRAS inhibitor resistance in KRAS-mutant colorectal cancer harboring Her2 amplification and aberrant KRAS localization.,pmc_xml,/Users/xingmeng/.openclaw/workspaces/staff-scientist-ideker/agent_LiteratureDueDiligence/runs/pi3k_alpha_inhibition_resistance_review_20260830/Phase1_PubmedCollection/passes/pass_002/artifacts/fulltext_import/PMC_XML/normalized/PMC11704227.json,keep,"A title, sentence, or local section-level window connects primary run entities, declared mechanism/evidence terms, and required outcome terms.",high,high,central,high
pmid-39709507,39709507,PMC11839470,10.1038/s41417-024-00867-4,PIK3CA mutation fortifies molecular determinants for immune signaling in vascular cancers.,pmc_xml,/Users/xingmeng/.openclaw/workspaces/staff-scientist-ideker/agent_LiteratureDueDiligence/runs/pi3k_alpha_inhibition_resistance_review_20260830/Phase1_PubmedCollection/passes/pass_002/artifacts/fulltext_import/PMC_XML/normalized/PMC11839470.json,keep,"A title, sentence, or local section-level window connects primary run entities, declared mechanism/evidence terms, and required outcome terms.",high,high,central,high
pmid-39313156,39313156,,10.1016/j.annonc.2024.09.010,"Acquired gene alterations in patients treated with ribociclib plus endocrine therapy or endocrine therapy alone using baseline and end-of-treatment circulating tumor DNA samples in the MONALEESA-2, -3, and -7 trials.",pdf_grobid,/Users/xingmeng/.openclaw/workspaces/staff-scientist-ideker/agent_LiteratureDueDiligence/runs/pi3k_alpha_inhibition_resistance_review_20260830/Phase1_PubmedCollection/passes/pass_002/artifacts/fulltext_import/PDF/normalized/pmid-39313156.json,keep,"A title, sentence, or local section-level window connects primary run entities, declared mechanism/evidence terms, and required outcome terms.",high,high,central,high
pmid-39171586,39171586,,10.2174/0109298673327425240815065221,A Perspective of PI3K/AKT/mTOR Pathway Inhibitors to Overcome Drug-resistance in Breast Cancer Therapy.,pdf_grobid,/Users/xingmeng/.openclaw/workspaces/staff-scientist-ideker/agent_LiteratureDueDiligence/runs/pi3k_alpha_inhibition_resistance_review_20260830/Phase1_PubmedCollection/passes/pass_002/artifacts/fulltext_import/PDF/normalized/pmid-39171586.json,drop,Readable full text is dominated by run-specific exclusion or deferred-context signals.,low,low,incidental,medium
pmid-39092562,39092562,PMC11705819,10.1002/1878-0261.13703,"Assessments of prostate cancer cell functions highlight differences between a pan-PI3K/mTOR inhibitor, gedatolisib, and single-node inhibitors of the PI3K/AKT/mTOR pathway.",pmc_xml,/Users/xingmeng/.openclaw/workspaces/staff-scientist-ideker/agent_LiteratureDueDiligence/runs/pi3k_alpha_inhibition_resistance_review_20260830/Phase1_PubmedCollection/passes/pass_002/artifacts/fulltext_import/PMC_XML/normalized/PMC11705819.json,drop,Readable full text is dominated by run-specific exclusion or deferred-context signals.,low,low,incidental,medium
pmid-41306515,41306515,PMC12646283,10.1101/2024.10.11.617918,Anticancer Target Combinations: Network-Informed Signaling-Based Approach to Discovery.,pmc_xml,/Users/xingmeng/.openclaw/workspaces/staff-scientist-ideker/agent_LiteratureDueDiligence/runs/pi3k_alpha_inhibition_resistance_review_20260830/Phase1_PubmedCollection/passes/pass_002/artifacts/fulltext_import/PMC_XML/normalized/PMC12646283.json,drop,Readable full text is dominated by run-specific exclusion or deferred-context signals.,low,low,incidental,medium
pmid-39764125,39764125,PMC11702776,10.21203/rs.3.rs-5663230/v1,The RNA N(6)-Methyladenosine MethylomeCoordinates Long Non-Coding RNAs to MediateCancer Drug Resistance by Activating PI3KSignaling.,pmc_xml,/Users/xingmeng/.openclaw/workspaces/staff-scientist-ideker/agent_LiteratureDueDiligence/runs/pi3k_alpha_inhibition_resistance_review_20260830/Phase1_PubmedCollection/passes/pass_002/artifacts/fulltext_import/PMC_XML/normalized/PMC11702776.json,drop,Readable full text is dominated by run-specific exclusion or deferred-context signals.,low,low,incidental,medium
pmid-39743996,39743996,PMC11688600,10.3389/fonc.2024.1467722,A good response to furmonertinib fourth-line treatment of an advanced lung adenocarcinoma patient with EGFR exon20in and PIK3CA mutation: a case report and literature review.,pmc_xml,/Users/xingmeng/.openclaw/workspaces/staff-scientist-ideker/agent_LiteratureDueDiligence/runs/pi3k_alpha_inhibition_resistance_review_20260830/Phase1_PubmedCollection/passes/pass_002/artifacts/fulltext_import/PMC_XML/normalized/PMC11688600.json,drop,Readable full text is dominated by run-specific exclusion or deferred-context signals.,low,low,incidental,medium
pmid-39637900,39637900,,10.1016/S1470-2045(24)00673-9,"Alpelisib plus fulvestrant in PIK3CA-mutated, hormone receptor-positive advanced breast cancer after a CDK4/6 inhibitor (BYLieve): one cohort of a phase 2, multicentre, open-label, non-comparative study.",pdf_grobid,/Users/xingmeng/.openclaw/workspaces/staff-scientist-ideker/agent_LiteratureDueDiligence/runs/pi3k_alpha_inhibition_resistance_review_20260830/Phase1_PubmedCollection/passes/pass_002/artifacts/fulltext_import/PDF/normalized/pmid-39637900.json,drop,Readable full text is dominated by run-specific exclusion or deferred-context signals.,low,low,incidental,medium
pmid-39497720,39497720,PMC11532092,10.3389/fonc.2024.1470827,The potential role of next-generation sequencing in identifying MET amplification and disclosing resistance mechanisms in NSCLC patients with osimertinib resistance.,pmc_xml,/Users/xingmeng/.openclaw/workspaces/staff-scientist-ideker/agent_LiteratureDueDiligence/runs/pi3k_alpha_inhibition_resistance_review_20260830/Phase1_PubmedCollection/passes/pass_002/artifacts/fulltext_import/PMC_XML/normalized/PMC11532092.json,drop,Readable full text is dominated by run-specific exclusion or deferred-context signals.,low,low,incidental,medium
pmid-39476340,39476340,,10.1056/NEJMoa2404625,Inavolisib-Based Therapy in PIK3CA-Mutated Advanced Breast Cancer.,pdf_grobid,/Users/xingmeng/.openclaw/workspaces/staff-scientist-ideker/agent_LiteratureDueDiligence/runs/pi3k_alpha_inhibition_resistance_review_20260830/Phase1_PubmedCollection/passes/pass_002/artifacts/fulltext_import/PDF/normalized/pmid-39476340.json,keep,"A title, sentence, or local section-level window connects primary run entities, declared mechanism/evidence terms, and required outcome terms.",high,high,central,high
pmid-39409880,39409880,PMC11476299,10.3390/cancers16193259,PLK1 Inhibitor Onvansertib Enhances the Efficacy of Alpelisib in PIK3CA-Mutated HR-Positive Breast Cancer Resistant to Palbociclib and Endocrine Therapy: Preclinical Insights.,pmc_xml,/Users/xingmeng/.openclaw/workspaces/staff-scientist-ideker/agent_LiteratureDueDiligence/runs/pi3k_alpha_inhibition_resistance_review_20260830/Phase1_PubmedCollection/passes/pass_002/artifacts/fulltext_import/PMC_XML/normalized/PMC11476299.json,keep,"A title, sentence, or local section-level window connects primary run entities, declared mechanism/evidence terms, and required outcome terms.",high,high,central,high
pmid-39298693,39298693,PMC11581706,10.1200/PO.24.00258,Phase II Study of Samotolisib in Children and Young Adults With Tumors Harboring Phosphoinositide 3-Kinase/Mammalian Target of Rapamycin Pathway Alterations: Pediatric MATCH APEC1621D.,pmc_xml,/Users/xingmeng/.openclaw/workspaces/staff-scientist-ideker/agent_LiteratureDueDiligence/runs/pi3k_alpha_inhibition_resistance_review_20260830/Phase1_PubmedCollection/passes/pass_002/artifacts/fulltext_import/PMC_XML/normalized/PMC11581706.json,drop,Readable full text is dominated by run-specific exclusion or deferred-context signals.,low,low,incidental,medium
pmid-39236276,39236276,PMC11575912,10.1200/JCO.24.00110,"Phase I/Ib Trial of Inavolisib Plus Palbociclib and Endocrine Therapy for PIK3CA-Mutated, Hormone Receptor-Positive, Human Epidermal Growth Factor Receptor 2-Negative Advanced or Metastatic Breast Cancer.",pmc_xml,/Users/xingmeng/.openclaw/workspaces/staff-scientist-ideker/agent_LiteratureDueDiligence/runs/pi3k_alpha_inhibition_resistance_review_20260830/Phase1_PubmedCollection/passes/pass_002/artifacts/fulltext_import/PMC_XML/normalized/PMC11575912.json,drop,Readable full text is dominated by run-specific exclusion or deferred-context signals.,low,low,incidental,medium
pmid-39128978,39128978,,10.1002/ijc.35126,Genomic alterations associated with resistance and circulating tumor DNA dynamics for early detection of progression on CDK4/6 inhibitor in advanced breast cancer.,pdf_grobid,/Users/xingmeng/.openclaw/workspaces/staff-scientist-ideker/agent_LiteratureDueDiligence/runs/pi3k_alpha_inhibition_resistance_review_20260830/Phase1_PubmedCollection/passes/pass_002/artifacts/fulltext_import/PDF/normalized/pmid-39128978.json,drop,Readable full text is dominated by run-specific exclusion or deferred-context signals.,low,low,incidental,medium
pmid-39118880,39118880,PMC11304159,10.21037/tlcr-23-769,Intracranial response to capmatinib after progression on crizotinib in a patient with MET exon 14 skipping non-small cell lung cancer-a case report.,pmc_xml,/Users/xingmeng/.openclaw/workspaces/staff-scientist-ideker/agent_LiteratureDueDiligence/runs/pi3k_alpha_inhibition_resistance_review_20260830/Phase1_PubmedCollection/passes/pass_002/artifacts/fulltext_import/PMC_XML/normalized/PMC11304159.json,keep,"A title, sentence, or local section-level window connects primary run entities, declared mechanism/evidence terms, and required outcome terms.",high,high,central,high
pmid-38975874,38975874,PMC11528210,10.1158/2159-8290.CD-24-0177,Mechanisms of Resistance to Oncogenic KRAS Inhibition in Pancreatic Cancer.,pmc_xml,/Users/xingmeng/.openclaw/workspaces/staff-scientist-ideker/agent_LiteratureDueDiligence/runs/pi3k_alpha_inhibition_resistance_review_20260830/Phase1_PubmedCollection/passes/pass_002/artifacts/fulltext_import/PMC_XML/normalized/PMC11528210.json,keep,"A title, sentence, or local section-level window connects primary run entities, declared mechanism/evidence terms, and required outcome terms.",high,high,central,high
pmid-38927964,38927964,PMC11201395,10.3390/cancers16122259,Resistance to Targeted Inhibitors of the PI3K/AKT/mTOR Pathway in Advanced Oestrogen-Receptor-Positive Breast Cancer.,pmc_xml,/Users/xingmeng/.openclaw/workspaces/staff-scientist-ideker/agent_LiteratureDueDiligence/runs/pi3k_alpha_inhibition_resistance_review_20260830/Phase1_PubmedCollection/passes/pass_002/artifacts/fulltext_import/PMC_XML/normalized/PMC11201395.json,keep,"A title, sentence, or local section-level window connects primary run entities, declared mechanism/evidence terms, and required outcome terms.",high,high,central,high
pmid-38920692,38920692,PMC11201409,10.3390/cells13121064,Combination Therapy Approach to Overcome the Resistance to PI3K Pathway Inhibitors in Gynecological Cancers.,pmc_xml,/Users/xingmeng/.openclaw/workspaces/staff-scientist-ideker/agent_LiteratureDueDiligence/runs/pi3k_alpha_inhibition_resistance_review_20260830/Phase1_PubmedCollection/passes/pass_002/artifacts/fulltext_import/PMC_XML/normalized/PMC11201409.json,keep,"A title, sentence, or local section-level window connects primary run entities, declared mechanism/evidence terms, and required outcome terms.",high,high,central,high
pmid-38839777,38839777,PMC11153628,10.1038/s41523-024-00648-0,Gedatolisib shows superior potency and efficacy versus single-node PI3K/AKT/mTOR inhibitors in breast cancer models.,pmc_xml,/Users/xingmeng/.openclaw/workspaces/staff-scientist-ideker/agent_LiteratureDueDiligence/runs/pi3k_alpha_inhibition_resistance_review_20260830/Phase1_PubmedCollection/passes/pass_002/artifacts/fulltext_import/PMC_XML/normalized/PMC11153628.json,drop,Readable full text is dominated by run-specific exclusion or deferred-context signals.,low,low,incidental,medium
pmid-38833970,38833970,PMC11179085,10.1016/j.esmoop.2024.103465,Phase Ib dose-escalation trial of taselisib (GDC-0032) in combination with HER2-directed therapies in patients with advanced HER2+ breast cancer.,pmc_xml,/Users/xingmeng/.openclaw/workspaces/staff-scientist-ideker/agent_LiteratureDueDiligence/runs/pi3k_alpha_inhibition_resistance_review_20260830/Phase1_PubmedCollection/passes/pass_002/artifacts/fulltext_import/PMC_XML/normalized/PMC11179085.json,drop,Readable full text is dominated by run-specific exclusion or deferred-context signals.,low,low,incidental,medium
pmid-38778166,38778166,PMC11111758,10.1038/s41698-024-00607-9,Osimertinib and palbociclib in an EGFR-mutated NSCLC with primary CDK4 amplification after progression under osimertinib.,pmc_xml,/Users/xingmeng/.openclaw/workspaces/staff-scientist-ideker/agent_LiteratureDueDiligence/runs/pi3k_alpha_inhibition_resistance_review_20260830/Phase1_PubmedCollection/passes/pass_002/artifacts/fulltext_import/PMC_XML/normalized/PMC11111758.json,drop,Readable full text is dominated by run-specific exclusion or deferred-context signals.,low,low,incidental,medium
pmid-38531793,38531793,,10.24976/Discov.Med.202436182.49,Characterizing the Efficacy and Safety of Chemotherapy Plus Everolimus in HER2-Negative Metastatic Breast Cancer Harboring Altered PI3K/AKT/mTOR.,pdf_grobid,/Users/xingmeng/.openclaw/workspaces/staff-scientist-ideker/agent_LiteratureDueDiligence/runs/pi3k_alpha_inhibition_resistance_review_20260830/Phase1_PubmedCollection/passes/pass_002/artifacts/fulltext_import/PDF/normalized/pmid-38531793.json,drop,Readable full text is dominated by run-specific exclusion or deferred-context signals.,low,low,incidental,medium
pmid-38432445,38432445,,10.1016/j.phrs.2024.107123,PIK3CA mutation as an acquired resistance driver to EGFR-TKIs in non-small cell lung cancer: Clinical challenges and opportunities.,pdf_grobid,/Users/xingmeng/.openclaw/workspaces/staff-scientist-ideker/agent_LiteratureDueDiligence/runs/pi3k_alpha_inhibition_resistance_review_20260830/Phase1_PubmedCollection/passes/pass_002/artifacts/fulltext_import/PDF/normalized/pmid-38432445.json,keep,"A title, sentence, or local section-level window connects primary run entities, declared mechanism/evidence terms, and required outcome terms.",high,high,central,high
pmid-38399423,38399423,PMC10891917,10.3390/ph17020208,"Structure-Based In Silico Approaches Reveal IRESSA as a Multitargeted Breast Cancer Regulatory, Signalling, and Receptor Protein Inhibitor.",pmc_xml,/Users/xingmeng/.openclaw/workspaces/staff-scientist-ideker/agent_LiteratureDueDiligence/runs/pi3k_alpha_inhibition_resistance_review_20260830/Phase1_PubmedCollection/passes/pass_002/artifacts/fulltext_import/PMC_XML/normalized/PMC10891917.json,drop,Readable full text is dominated by run-specific exclusion or deferred-context signals.,low,low,incidental,medium
pmid-38183801,38183801,PMC10818253,10.1016/j.tranon.2024.101878,Vaccine antibodies against a synthetic epidermal growth factor variant enhance the antitumor effects of inhibitors targeting the MAPK/ERK and PI3K/Akt pathways.,pmc_xml,/Users/xingmeng/.openclaw/workspaces/staff-scientist-ideker/agent_LiteratureDueDiligence/runs/pi3k_alpha_inhibition_resistance_review_20260830/Phase1_PubmedCollection/passes/pass_002/artifacts/fulltext_import/PMC_XML/normalized/PMC10818253.json,drop,Readable full text is dominated by run-specific exclusion or deferred-context signals.,low,low,incidental,medium
pmid-37916958,37916958,PMC10850944,10.1158/2159-8290.CD-23-0704,Allosteric PI3Kα Inhibition Overcomes On-target Resistance to Orthosteric Inhibitors Mediated by Secondary PIK3CA Mutations.,pmc_xml,/Users/xingmeng/.openclaw/workspaces/staff-scientist-ideker/agent_LiteratureDueDiligence/runs/pi3k_alpha_inhibition_resistance_review_20260830/Phase1_PubmedCollection/passes/pass_002/artifacts/fulltext_import/PMC_XML/normalized/PMC10850944.json,keep,"A title, sentence, or local section-level window connects primary run entities, declared mechanism/evidence terms, and required outcome terms.",high,high,central,high
pmid-38796763,38796763,PMC11145577,10.14341/probl13337,[Toxic manifestations of alpelisib in endocrinology. Description of the clinical case].,pmc_xml,/Users/xingmeng/.openclaw/workspaces/staff-scientist-ideker/agent_LiteratureDueDiligence/runs/pi3k_alpha_inhibition_resistance_review_20260830/Phase1_PubmedCollection/passes/pass_002/artifacts/fulltext_import/PMC_XML/normalized/PMC11145577.json,drop,Readable full text is dominated by run-specific exclusion or deferred-context signals.,low,low,incidental,medium
pmid-38033496,38033496,PMC10682785,10.3389/fonc.2023.1283951,"The activity of a PI3K δ-sparing inhibitor, MEN1611, in non-small cell lung cancer cells with constitutive activation of the PI3K/AKT/mTOR pathway.",pmc_xml,/Users/xingmeng/.openclaw/workspaces/staff-scientist-ideker/agent_LiteratureDueDiligence/runs/pi3k_alpha_inhibition_resistance_review_20260830/Phase1_PubmedCollection/passes/pass_002/artifacts/fulltext_import/PMC_XML/normalized/PMC10682785.json,drop,Readable full text is dominated by run-specific exclusion or deferred-context signals.,low,low,incidental,medium
pmid-37975961,37975961,,10.1007/s40261-023-01325-z,"Is Alpelisib Plus Fulvestrant Cost-Effective for Treating PIK3CA-Mutation, HR+/HER2- Advanced Breast Cancer in the USA?",pdf_grobid,/Users/xingmeng/.openclaw/workspaces/staff-scientist-ideker/agent_LiteratureDueDiligence/runs/pi3k_alpha_inhibition_resistance_review_20260830/Phase1_PubmedCollection/passes/pass_002/artifacts/fulltext_import/PDF/normalized/pmid-37975961.json,keep,"A title, sentence, or local section-level window connects primary run entities, declared mechanism/evidence terms, and required outcome terms.",high,high,central,high
pmid-37972068,37972068,PMC10666034,10.1073/pnas.2313137120,SOS1 and KSR1 modulate MEK inhibitor responsiveness to target resistant cell populations based on PI3K and KRAS mutation status.,pmc_xml,/Users/xingmeng/.openclaw/workspaces/staff-scientist-ideker/agent_LiteratureDueDiligence/runs/pi3k_alpha_inhibition_resistance_review_20260830/Phase1_PubmedCollection/passes/pass_002/artifacts/fulltext_import/PMC_XML/normalized/PMC10666034.json,keep,"A title, sentence, or local section-level window connects primary run entities, declared mechanism/evidence terms, and required outcome terms.",high,high,central,high
pmid-37927802,37927802,PMC10619564,10.21873/cdp.10264,"An Overview of Renal Cell Carcinoma Hallmarks, Drug Resistance, and Adjuvant Therapies.",pdf_grobid,/Users/xingmeng/.openclaw/workspaces/staff-scientist-ideker/agent_LiteratureDueDiligence/runs/pi3k_alpha_inhibition_resistance_review_20260830/Phase1_PubmedCollection/passes/pass_002/artifacts/fulltext_import/PDF/normalized/pmid-37927802.json,drop,Readable full text is dominated by run-specific exclusion or deferred-context signals.,low,low,incidental,medium
pmid-37866161,37866161,PMC10623367,10.1016/j.redox.2023.102931,The SGK3-Catalase antioxidant signaling axis drives cervical cancer growth and therapy resistance.,pmc_xml,/Users/xingmeng/.openclaw/workspaces/staff-scientist-ideker/agent_LiteratureDueDiligence/runs/pi3k_alpha_inhibition_resistance_review_20260830/Phase1_PubmedCollection/passes/pass_002/artifacts/fulltext_import/PMC_XML/normalized/PMC10623367.json,keep,"A title, sentence, or local section-level window connects primary run entities, declared mechanism/evidence terms, and required outcome terms.",high,high,central,high
pmid-37511178,37511178,PMC10379453,10.3390/ijms241411419,Real-World Use of Highly Sensitive Liquid Biopsy Monitoring in Metastatic Breast Cancer Patients Treated with Endocrine Agents after Exposure to Aromatase Inhibitors.,pmc_xml,/Users/xingmeng/.openclaw/workspaces/staff-scientist-ideker/agent_LiteratureDueDiligence/runs/pi3k_alpha_inhibition_resistance_review_20260830/Phase1_PubmedCollection/passes/pass_002/artifacts/fulltext_import/PMC_XML/normalized/PMC10379453.json,keep,"A title, sentence, or local section-level window connects primary run entities, declared mechanism/evidence terms, and required outcome terms.",high,high,central,high
pmid-37493631,37493631,PMC10811747,10.1158/1541-7786.MCR-23-0034,CBF-Beta Mitigates PI3K-Alpha-Specific Inhibitor Killing through PIM1 in PIK3CA-Mutant Gastric Cancer.,pmc_xml,/Users/xingmeng/.openclaw/workspaces/staff-scientist-ideker/agent_LiteratureDueDiligence/runs/pi3k_alpha_inhibition_resistance_review_20260830/Phase1_PubmedCollection/passes/pass_002/artifacts/fulltext_import/PMC_XML/normalized/PMC10811747.json,keep,"A title, sentence, or local section-level window connects primary run entities, declared mechanism/evidence terms, and required outcome terms.",high,high,central,high
pmid-37469415,37469415,PMC10353540,10.3389/fonc.2023.1108242,The effect of the alpha-specific PI3K inhibitor alpelisib combined with anti-HER2 therapy in HER2+/PIK3CA mutant breast cancer.,pmc_xml,/Users/xingmeng/.openclaw/workspaces/staff-scientist-ideker/agent_LiteratureDueDiligence/runs/pi3k_alpha_inhibition_resistance_review_20260830/Phase1_PubmedCollection/passes/pass_002/artifacts/fulltext_import/PMC_XML/normalized/PMC10353540.json,keep,"A title, sentence, or local section-level window connects primary run entities, declared mechanism/evidence terms, and required outcome terms.",high,high,central,high
pmid-37348428,37348428,PMC10314290,10.1016/j.neo.2023.100913,P110α inhibitor alpelisib exhibits a synergistic effect with pyrotinib and reverses pyrotinib resistant in HER2+ breast cancer.,pmc_xml,/Users/xingmeng/.openclaw/workspaces/staff-scientist-ideker/agent_LiteratureDueDiligence/runs/pi3k_alpha_inhibition_resistance_review_20260830/Phase1_PubmedCollection/passes/pass_002/artifacts/fulltext_import/PMC_XML/normalized/PMC10314290.json,keep,"A title, sentence, or local section-level window connects primary run entities, declared mechanism/evidence terms, and required outcome terms.",high,high,central,high
pmid-37339176,37339176,PMC10543974,10.1158/0008-5472.CAN-23-0282,Tipifarnib Potentiates the Antitumor Effects of PI3Kα Inhibition in PIK3CA- and HRAS-Dysregulated HNSCC via Convergent Inhibition of mTOR Activity.,pmc_xml,/Users/xingmeng/.openclaw/workspaces/staff-scientist-ideker/agent_LiteratureDueDiligence/runs/pi3k_alpha_inhibition_resistance_review_20260830/Phase1_PubmedCollection/passes/pass_002/artifacts/fulltext_import/PMC_XML/normalized/PMC10543974.json,drop,Readable full text is dominated by run-specific exclusion or deferred-context signals.,low,low,incidental,medium
pmid-37272756,37272756,PMC10527017,10.1158/0008-5472.CAN-22-3558,Breast Cancer Mutations HER2V777L and PIK3CAH1047R Activate the p21-CDK4/6-Cyclin D1 Axis to Drive Tumorigenesis and Drug Resistance.,pmc_xml,/Users/xingmeng/.openclaw/workspaces/staff-scientist-ideker/agent_LiteratureDueDiligence/runs/pi3k_alpha_inhibition_resistance_review_20260830/Phase1_PubmedCollection/passes/pass_002/artifacts/fulltext_import/PMC_XML/normalized/PMC10527017.json,keep,"A title, sentence, or local section-level window connects primary run entities, declared mechanism/evidence terms, and required outcome terms.",high,high,central,high
pmid-37264081,37264081,PMC10328828,10.1038/s41388-023-02737-z,A bi-steric mTORC1-selective inhibitor overcomes drug resistance in breast cancer.,pmc_xml,/Users/xingmeng/.openclaw/workspaces/staff-scientist-ideker/agent_LiteratureDueDiligence/runs/pi3k_alpha_inhibition_resistance_review_20260830/Phase1_PubmedCollection/passes/pass_002/artifacts/fulltext_import/PMC_XML/normalized/PMC10328828.json,drop,Readable full text is dominated by run-specific exclusion or deferred-context signals.,low,low,incidental,medium
pmid-37200022,37200022,PMC10196928,10.1001/jamaoncol.2023.0655,Panitumumab Plus Trifluridine-Tipiracil as Anti-Epidermal Growth Factor Receptor Rechallenge Therapy for Refractory RAS Wild-Type Metastatic Colorectal Cancer: A Phase 2 Randomized Clinical Trial.,pmc_xml,/Users/xingmeng/.openclaw/workspaces/staff-scientist-ideker/agent_LiteratureDueDiligence/runs/pi3k_alpha_inhibition_resistance_review_20260830/Phase1_PubmedCollection/passes/pass_002/artifacts/fulltext_import/PMC_XML/normalized/PMC10196928.json,drop,Readable full text is dominated by run-specific exclusion or deferred-context signals.,low,low,incidental,medium
pmid-37000353,37000353,,10.1007/s12010-023-04424-x,Targeted Inhibition of Hsp90 in Combination with Metformin Modulates Programmed Cell Death Pathways in A549 Lung Cancer Cells.,pdf_grobid,/Users/xingmeng/.openclaw/workspaces/staff-scientist-ideker/agent_LiteratureDueDiligence/runs/pi3k_alpha_inhibition_resistance_review_20260830/Phase1_PubmedCollection/passes/pass_002/artifacts/fulltext_import/PDF/normalized/pmid-37000353.json,drop,Readable full text is dominated by run-specific exclusion or deferred-context signals.,low,low,incidental,medium
pmid-36915460,36915460,PMC10007946,10.21037/jgo-23-39,"Using a combination of fruquintinib, raltitrexed, and S-1 as a third-line treatment for metastatic colorectal cancer with co-existence of Hodgkin lymphoma: a case report.",pmc_xml,/Users/xingmeng/.openclaw/workspaces/staff-scientist-ideker/agent_LiteratureDueDiligence/runs/pi3k_alpha_inhibition_resistance_review_20260830/Phase1_PubmedCollection/passes/pass_002/artifacts/fulltext_import/PMC_XML/normalized/PMC10007946.json,drop,Readable full text is dominated by run-specific exclusion or deferred-context signals.,low,low,incidental,medium
pmid-36914722,36914722,PMC10241926,10.1038/s41416-023-02221-1,The emerging role of PI3K inhibitors for solid tumour treatment and beyond.,pdf_grobid,/Users/xingmeng/.openclaw/workspaces/staff-scientist-ideker/agent_LiteratureDueDiligence/runs/pi3k_alpha_inhibition_resistance_review_20260830/Phase1_PubmedCollection/passes/pass_002/artifacts/fulltext_import/PDF/normalized/pmid-36914722.json,drop,Readable full text is dominated by run-specific exclusion or deferred-context signals.,low,low,incidental,medium
pmid-36901954,36901954,PMC10003259,10.3390/ijms24054522,Drugging the PI3K/AKT/mTOR Pathway in ER+ Breast Cancer.,pmc_xml,/Users/xingmeng/.openclaw/workspaces/staff-scientist-ideker/agent_LiteratureDueDiligence/runs/pi3k_alpha_inhibition_resistance_review_20260830/Phase1_PubmedCollection/passes/pass_002/artifacts/fulltext_import/PMC_XML/normalized/PMC10003259.json,keep,"A title, sentence, or local section-level window connects primary run entities, declared mechanism/evidence terms, and required outcome terms.",high,high,central,high
pmid-36792625,36792625,PMC9932145,10.1038/s41598-023-29425-y,Targeting mTOR to overcome resistance to hormone and CDK4/6 inhibitors in ER-positive breast cancer models.,pmc_xml,/Users/xingmeng/.openclaw/workspaces/staff-scientist-ideker/agent_LiteratureDueDiligence/runs/pi3k_alpha_inhibition_resistance_review_20260830/Phase1_PubmedCollection/passes/pass_002/artifacts/fulltext_import/PMC_XML/normalized/PMC9932145.json,drop,Readable full text is dominated by run-specific exclusion or deferred-context signals.,low,low,incidental,medium
pmid-36595552,36595552,PMC9839248,10.1371/journal.pgen.1010563,"ESR1 gene amplification and MAP3K mutations are selected during adjuvant endocrine therapies in relapsing Hormone Receptor-positive, HER2-negative breast cancer (HR+ HER2- BC).",pmc_xml,/Users/xingmeng/.openclaw/workspaces/staff-scientist-ideker/agent_LiteratureDueDiligence/runs/pi3k_alpha_inhibition_resistance_review_20260830/Phase1_PubmedCollection/passes/pass_002/artifacts/fulltext_import/PMC_XML/normalized/PMC9839248.json,drop,Readable full text is dominated by run-specific exclusion or deferred-context signals.,low,low,incidental,medium
pmid-36472769,36472769,PMC10356876,10.1007/s00432-022-04503-2,Interactive webtool for analyzing drug sensitivity and resistance associated with genetic signatures of cancer cell lines.,pmc_xml,/Users/xingmeng/.openclaw/workspaces/staff-scientist-ideker/agent_LiteratureDueDiligence/runs/pi3k_alpha_inhibition_resistance_review_20260830/Phase1_PubmedCollection/passes/pass_002/artifacts/fulltext_import/PMC_XML/normalized/PMC10356876.json,drop,Readable full text is dominated by run-specific exclusion or deferred-context signals.,low,low,incidental,medium
pmid-36969746,36969746,PMC10035393,10.1158/2767-9764.CRC-22-0169,A Phase II Study Investigating Cabozantinib in Patients with Refractory Metastatic Colorectal Cancer (AGICC 17CRC01).,pmc_xml,/Users/xingmeng/.openclaw/workspaces/staff-scientist-ideker/agent_LiteratureDueDiligence/runs/pi3k_alpha_inhibition_resistance_review_20260830/Phase1_PubmedCollection/passes/pass_002/artifacts/fulltext_import/PMC_XML/normalized/PMC10035393.json,drop,Readable full text is dominated by run-specific exclusion or deferred-context signals.,low,low,incidental,medium
pmid-36923283,36923283,PMC10010328,10.1158/2767-9764.CRC-22-0028,A Phase IB Trial of the PI3K Inhibitor Alpelisib and Weekly Cisplatin in Patients with Solid Tumor Malignancies.,pmc_xml,/Users/xingmeng/.openclaw/workspaces/staff-scientist-ideker/agent_LiteratureDueDiligence/runs/pi3k_alpha_inhibition_resistance_review_20260830/Phase1_PubmedCollection/passes/pass_002/artifacts/fulltext_import/PMC_XML/normalized/PMC10010328.json,drop,Readable full text is dominated by run-specific exclusion or deferred-context signals.,low,low,incidental,medium
pmid-36071033,36071033,PMC9452562,10.1038/s41467-022-32828-6,High p16 expression and heterozygous RB1 loss are biomarkers for CDK4/6 inhibitor resistance in ER(+) breast cancer.,pmc_xml,/Users/xingmeng/.openclaw/workspaces/staff-scientist-ideker/agent_LiteratureDueDiligence/runs/pi3k_alpha_inhibition_resistance_review_20260830/Phase1_PubmedCollection/passes/pass_002/artifacts/fulltext_import/PMC_XML/normalized/PMC9452562.json,keep,"A title, sentence, or local section-level window connects primary run entities, declared mechanism/evidence terms, and required outcome terms.",high,high,central,high
pmid-36069292,36069292,,10.1002/cncr.34451,Efficacy and potential resistance mechanisms of afatinib in advanced non-small cell lung cancer patients with EGFR G719X/L861Q/S768I.,pdf_grobid,/Users/xingmeng/.openclaw/workspaces/staff-scientist-ideker/agent_LiteratureDueDiligence/runs/pi3k_alpha_inhibition_resistance_review_20260830/Phase1_PubmedCollection/passes/pass_002/artifacts/fulltext_import/PDF/normalized/pmid-36069292.json,keep,"A title, sentence, or local section-level window connects primary run entities, declared mechanism/evidence terms, and required outcome terms.",high,high,central,high
pmid-36010990,36010990,PMC9406173,10.3390/cancers14163996,Overcoming Resistance to HER2-Directed Therapies in Breast Cancer.,pmc_xml,/Users/xingmeng/.openclaw/workspaces/staff-scientist-ideker/agent_LiteratureDueDiligence/runs/pi3k_alpha_inhibition_resistance_review_20260830/Phase1_PubmedCollection/passes/pass_002/artifacts/fulltext_import/PMC_XML/normalized/PMC9406173.json,drop,Readable full text is dominated by run-specific exclusion or deferred-context signals.,low,low,incidental,medium
pmid-35789792,35789792,PMC9250018,10.1016/j.jtocrr.2022.100348,Characteristics of and Treatment Strategies for Advanced EGFR-Mutant NSCLC With Concomitant BRAF Variations.,pmc_xml,/Users/xingmeng/.openclaw/workspaces/staff-scientist-ideker/agent_LiteratureDueDiligence/runs/pi3k_alpha_inhibition_resistance_review_20260830/Phase1_PubmedCollection/passes/pass_002/artifacts/fulltext_import/PMC_XML/normalized/PMC9250018.json,drop,Readable full text is dominated by run-specific exclusion or deferred-context signals.,low,low,incidental,medium
pmid-35676324,35676324,PMC10680093,10.1038/s41388-022-02362-2,RB loss determines selective resistance and novel vulnerabilities in ER-positive breast cancer models.,pmc_xml,/Users/xingmeng/.openclaw/workspaces/staff-scientist-ideker/agent_LiteratureDueDiligence/runs/pi3k_alpha_inhibition_resistance_review_20260830/Phase1_PubmedCollection/passes/pass_002/artifacts/fulltext_import/PMC_XML/normalized/PMC10680093.json,drop,Readable full text is dominated by run-specific exclusion or deferred-context signals.,low,low,incidental,medium
pmid-35671774,35671774,PMC9630162,10.1016/S1470-2045(22)00284-4,"Fulvestrant plus capivasertib versus placebo after relapse or progression on an aromatase inhibitor in metastatic, oestrogen receptor-positive, HER2-negative breast cancer (FAKTION): overall survival, updated progression-free survival, and expanded biomarker analysis from a randomised, phase 2 trial.",pmc_xml,/Users/xingmeng/.openclaw/workspaces/staff-scientist-ideker/agent_LiteratureDueDiligence/runs/pi3k_alpha_inhibition_resistance_review_20260830/Phase1_PubmedCollection/passes/pass_002/artifacts/fulltext_import/PMC_XML/normalized/PMC9630162.json,drop,Readable full text is dominated by run-specific exclusion or deferred-context signals.,low,low,incidental,medium
pmid-35650607,35650607,PMC9161494,10.1186/s13046-022-02389-z,Depleting receptor tyrosine kinases EGFR and HER2 overcomes resistance to EGFR inhibitors in colorectal cancer.,pmc_xml,/Users/xingmeng/.openclaw/workspaces/staff-scientist-ideker/agent_LiteratureDueDiligence/runs/pi3k_alpha_inhibition_resistance_review_20260830/Phase1_PubmedCollection/passes/pass_002/artifacts/fulltext_import/PMC_XML/normalized/PMC9161494.json,keep,"A title, sentence, or local section-level window connects primary run entities, declared mechanism/evidence terms, and required outcome terms.",high,high,central,high
pmid-35619132,35619132,PMC9134670,10.1186/s12943-022-01531-x,PIK3CA mutations-mediated downregulation of circLHFPL2 inhibits colorectal cancer progression via upregulating PTEN.,pmc_xml,/Users/xingmeng/.openclaw/workspaces/staff-scientist-ideker/agent_LiteratureDueDiligence/runs/pi3k_alpha_inhibition_resistance_review_20260830/Phase1_PubmedCollection/passes/pass_002/artifacts/fulltext_import/PMC_XML/normalized/PMC9134670.json,keep,"A title, sentence, or local section-level window connects primary run entities, declared mechanism/evidence terms, and required outcome terms.",high,high,central,high
pmid-35583555,35583555,PMC9662928,10.1158/1078-0432.CCR-21-3811,"VERONICA: Randomized Phase II Study of Fulvestrant and Venetoclax in ER-Positive Metastatic Breast Cancer Post-CDK4/6 Inhibitors - Efficacy, Safety, and Biomarker Results.",pmc_xml,/Users/xingmeng/.openclaw/workspaces/staff-scientist-ideker/agent_LiteratureDueDiligence/runs/pi3k_alpha_inhibition_resistance_review_20260830/Phase1_PubmedCollection/passes/pass_002/artifacts/fulltext_import/PMC_XML/normalized/PMC9662928.json,drop,Readable full text is dominated by run-specific exclusion or deferred-context signals.,low,low,incidental,medium
pmid-35524239,35524239,PMC9078016,10.1186/s12885-022-09610-4,"A multicenter, dose-finding, phase 1b study of imatinib in combination with alpelisib as third-line treatment in patients with advanced gastrointestinal stromal tumor.",pmc_xml,/Users/xingmeng/.openclaw/workspaces/staff-scientist-ideker/agent_LiteratureDueDiligence/runs/pi3k_alpha_inhibition_resistance_review_20260830/Phase1_PubmedCollection/passes/pass_002/artifacts/fulltext_import/PMC_XML/normalized/PMC9078016.json,keep,"A title, sentence, or local section-level window connects primary run entities, declared mechanism/evidence terms, and required outcome terms.",high,high,central,high
pmid-35335966,35335966,PMC8950976,10.3390/pharmaceutics14030590,The PIK3CA H1047R Mutation Confers Resistance to BRAF and MEK Inhibitors in A375 Melanoma Cells through the Cross-Activation of MAPK and PI3K-Akt Pathways.,pmc_xml,/Users/xingmeng/.openclaw/workspaces/staff-scientist-ideker/agent_LiteratureDueDiligence/runs/pi3k_alpha_inhibition_resistance_review_20260830/Phase1_PubmedCollection/passes/pass_002/artifacts/fulltext_import/PMC_XML/normalized/PMC8950976.json,keep,"A title, sentence, or local section-level window connects primary run entities, declared mechanism/evidence terms, and required outcome terms.",high,high,central,high
pmid-35251316,35251316,PMC8891830,10.1177/17588359221079125,Molecular landscape of osimertinib resistance in patients and patient-derived preclinical models.,pmc_xml,/Users/xingmeng/.openclaw/workspaces/staff-scientist-ideker/agent_LiteratureDueDiligence/runs/pi3k_alpha_inhibition_resistance_review_20260830/Phase1_PubmedCollection/passes/pass_002/artifacts/fulltext_import/PMC_XML/normalized/PMC8891830.json,keep,"A title, sentence, or local section-level window connects primary run entities, declared mechanism/evidence terms, and required outcome terms.",high,high,central,high
pmid-35181666,35181666,PMC8857263,10.1038/s41523-022-00390-5,"Disease characterization in liquid biopsy from HER2-mutated, non-amplified metastatic breast cancer patients treated with neratinib.",pmc_xml,/Users/xingmeng/.openclaw/workspaces/staff-scientist-ideker/agent_LiteratureDueDiligence/runs/pi3k_alpha_inhibition_resistance_review_20260830/Phase1_PubmedCollection/passes/pass_002/artifacts/fulltext_import/PMC_XML/normalized/PMC8857263.json,keep,"A title, sentence, or local section-level window connects primary run entities, declared mechanism/evidence terms, and required outcome terms.",high,high,central,high
pmid-35158773,35158773,PMC8833811,10.3390/cancers14030506,NSAIDs Overcome PIK3CA Mutation-Mediated Resistance to EGFR Inhibition in Head and Neck Cancer Preclinical Models.,pmc_xml,/Users/xingmeng/.openclaw/workspaces/staff-scientist-ideker/agent_LiteratureDueDiligence/runs/pi3k_alpha_inhibition_resistance_review_20260830/Phase1_PubmedCollection/passes/pass_002/artifacts/fulltext_import/PMC_XML/normalized/PMC8833811.json,keep,"A title, sentence, or local section-level window connects primary run entities, declared mechanism/evidence terms, and required outcome terms.",high,high,central,high
pmid-35022207,35022207,PMC7612218,10.1158/2159-8290.CD-21-1411,Precision Targeting of Mutant PI3Kα in Cancer by Selective Degradation.,pmc_xml,/Users/xingmeng/.openclaw/workspaces/staff-scientist-ideker/agent_LiteratureDueDiligence/runs/pi3k_alpha_inhibition_resistance_review_20260830/Phase1_PubmedCollection/passes/pass_002/artifacts/fulltext_import/PMC_XML/normalized/PMC7612218.json,keep,"A title, sentence, or local section-level window connects primary run entities, declared mechanism/evidence terms, and required outcome terms.",high,high,central,high
pmid-35000092,35000092,,10.1007/s10549-021-06476-1,"Factors leading to alpelisib discontinuation in patients with hormone receptor positive, human epidermal growth factor receptor-2 negative breast cancer.",pdf_grobid,/Users/xingmeng/.openclaw/workspaces/staff-scientist-ideker/agent_LiteratureDueDiligence/runs/pi3k_alpha_inhibition_resistance_review_20260830/Phase1_PubmedCollection/passes/pass_002/artifacts/fulltext_import/PDF/normalized/pmid-35000092.json,keep,"A title, sentence, or local section-level window connects primary run entities, declared mechanism/evidence terms, and required outcome terms.",high,high,central,high
pmid-34635506,34635506,PMC8738128,10.1158/1541-7786.MCR-21-0442,Genomic and Transcriptomic Correlates of Thyroid Carcinoma Evolution after BRAF Inhibitor Therapy.,pmc_xml,/Users/xingmeng/.openclaw/workspaces/staff-scientist-ideker/agent_LiteratureDueDiligence/runs/pi3k_alpha_inhibition_resistance_review_20260830/Phase1_PubmedCollection/passes/pass_002/artifacts/fulltext_import/PMC_XML/normalized/PMC8738128.json,drop,Readable full text is dominated by run-specific exclusion or deferred-context signals.,low,low,incidental,medium
pmid-34986950,34986950,,10.1691/ph.2021.1820,Recent clinical advances in PI3K inhibitors on colorectal cancer.,pdf_grobid,/Users/xingmeng/.openclaw/workspaces/staff-scientist-ideker/agent_LiteratureDueDiligence/runs/pi3k_alpha_inhibition_resistance_review_20260830/Phase1_PubmedCollection/passes/pass_002/artifacts/fulltext_import/PDF/normalized/pmid-34986950.json,drop,Readable full text is dominated by run-specific exclusion or deferred-context signals.,low,low,incidental,medium
pmid-34916808,34916808,PMC8668246,10.2147/OTT.S333029,Effective Disease Control After Combinatorial Treatment with a PD-1 Antibody and an mTOR Inhibitor for Recurrent Ovarian Clear Cell Carcinomas: A Case Report and Literature Review.,pmc_xml,/Users/xingmeng/.openclaw/workspaces/staff-scientist-ideker/agent_LiteratureDueDiligence/runs/pi3k_alpha_inhibition_resistance_review_20260830/Phase1_PubmedCollection/passes/pass_002/artifacts/fulltext_import/PMC_XML/normalized/PMC8668246.json,drop,Readable full text is dominated by run-specific exclusion or deferred-context signals.,low,low,incidental,medium
pmid-34765318,34765318,PMC8569340,,Chemoresistance in breast cancer: PI3K/Akt pathway inhibitors vs the current chemotherapy.,pdf_grobid,/Users/xingmeng/.openclaw/workspaces/staff-scientist-ideker/agent_LiteratureDueDiligence/runs/pi3k_alpha_inhibition_resistance_review_20260830/Phase1_PubmedCollection/passes/pass_002/artifacts/fulltext_import/PDF/normalized/pmid-34765318.json,keep,"A title, sentence, or local section-level window connects primary run entities, declared mechanism/evidence terms, and required outcome terms.",high,high,central,high
pmid-34590028,34590028,PMC8474358,10.1016/j.jtocrr.2021.100180,Brief Report: Heterogeneity of Acquired Resistance Mechanisms to Osimertinib and Savolitinib.,pmc_xml,/Users/xingmeng/.openclaw/workspaces/staff-scientist-ideker/agent_LiteratureDueDiligence/runs/pi3k_alpha_inhibition_resistance_review_20260830/Phase1_PubmedCollection/passes/pass_002/artifacts/fulltext_import/PMC_XML/normalized/PMC8474358.json,drop,Readable full text is dominated by run-specific exclusion or deferred-context signals.,low,low,incidental,medium
pmid-34526820,34526820,PMC8437381,10.2147/CMAR.S326094,Treatment with Anlotinib After Chemotherapy and EGFR-TKI Resistance in Lung Adenosquamous Carcinoma with Concurrent EGFR and PIK3CA Mutations: A Case Report and Literature Review.,pmc_xml,/Users/xingmeng/.openclaw/workspaces/staff-scientist-ideker/agent_LiteratureDueDiligence/runs/pi3k_alpha_inhibition_resistance_review_20260830/Phase1_PubmedCollection/passes/pass_002/artifacts/fulltext_import/PMC_XML/normalized/PMC8437381.json,drop,Readable full text is dominated by run-specific exclusion or deferred-context signals.,low,low,incidental,medium
pmid-34433648,34433648,PMC9401512,10.1158/1078-0432.CCR-21-1095,"A Phase I Study of LSZ102, an Oral Selective Estrogen Receptor Degrader, with or without Ribociclib or Alpelisib, in Patients with Estrogen Receptor-Positive Breast Cancer.",pmc_xml,/Users/xingmeng/.openclaw/workspaces/staff-scientist-ideker/agent_LiteratureDueDiligence/runs/pi3k_alpha_inhibition_resistance_review_20260830/Phase1_PubmedCollection/passes/pass_002/artifacts/fulltext_import/PMC_XML/normalized/PMC9401512.json,drop,Readable full text is dominated by run-specific exclusion or deferred-context signals.,low,low,incidental,medium
pmid-34392186,34392186,,10.1016/j.ejca.2021.06.043,Resistance profiles of anaplastic lymphoma kinase tyrosine kinase inhibitors in advanced non-small-cell lung cancer: a multicenter study using targeted next-generation sequencing.,pdf_grobid,/Users/xingmeng/.openclaw/workspaces/staff-scientist-ideker/agent_LiteratureDueDiligence/runs/pi3k_alpha_inhibition_resistance_review_20260830/Phase1_PubmedCollection/passes/pass_002/artifacts/fulltext_import/PDF/normalized/pmid-34392186.json,drop,Readable full text is dominated by run-specific exclusion or deferred-context signals.,low,low,incidental,medium
pmid-34295201,34295201,PMC8290191,10.2147/LCTT.S269307,"Lung Cancer with MET exon 14 Skipping Mutation: Genetic Feature, Current Treatments, and Future Challenges.",pmc_xml,/Users/xingmeng/.openclaw/workspaces/staff-scientist-ideker/agent_LiteratureDueDiligence/runs/pi3k_alpha_inhibition_resistance_review_20260830/Phase1_PubmedCollection/passes/pass_002/artifacts/fulltext_import/PMC_XML/normalized/PMC8290191.json,drop,Readable full text is dominated by run-specific exclusion or deferred-context signals.,low,low,incidental,medium
pmid-34257082,34257082,PMC8744502,10.1158/0008-5472.CAN-21-1208,Cell Line-Specific Network Models of ER(+) Breast Cancer Identify Potential PI3Kα Inhibitor Resistance Mechanisms and Drug Combinations.,pmc_xml,/Users/xingmeng/.openclaw/workspaces/staff-scientist-ideker/agent_LiteratureDueDiligence/runs/pi3k_alpha_inhibition_resistance_review_20260830/Phase1_PubmedCollection/passes/pass_002/artifacts/fulltext_import/PMC_XML/normalized/PMC8744502.json,keep,"A title, sentence, or local section-level window connects primary run entities, declared mechanism/evidence terms, and required outcome terms.",high,high,central,high
pmid-34173341,34173341,PMC8290257,10.1002/cam4.3948,Next-generation sequencing of tissue and circulating tumor DNA: Resistance mechanisms to EGFR targeted therapy in a cohort of patients with advanced non-small cell lung cancer.,pmc_xml,/Users/xingmeng/.openclaw/workspaces/staff-scientist-ideker/agent_LiteratureDueDiligence/runs/pi3k_alpha_inhibition_resistance_review_20260830/Phase1_PubmedCollection/passes/pass_002/artifacts/fulltext_import/PMC_XML/normalized/PMC8290257.json,keep,"A title, sentence, or local section-level window connects primary run entities, declared mechanism/evidence terms, and required outcome terms.",high,high,central,high
pmid-34157597,34157597,,10.1016/j.cancergen.2021.06.001,Molecular follow-up of first-line treatment by osimertinib in lung cancer: Importance of using appropriate tools for detecting EGFR resistance mutation C797S.,pdf_grobid,/Users/xingmeng/.openclaw/workspaces/staff-scientist-ideker/agent_LiteratureDueDiligence/runs/pi3k_alpha_inhibition_resistance_review_20260830/Phase1_PubmedCollection/passes/pass_002/artifacts/fulltext_import/PDF/normalized/pmid-34157597.json,drop,Readable full text is dominated by run-specific exclusion or deferred-context signals.,low,low,incidental,medium
pmid-34127844,34127844,PMC9297732,10.1038/s41573-021-00209-1,PI3K inhibitors are finally coming of age.,pmc_xml,/Users/xingmeng/.openclaw/workspaces/staff-scientist-ideker/agent_LiteratureDueDiligence/runs/pi3k_alpha_inhibition_resistance_review_20260830/Phase1_PubmedCollection/passes/pass_002/artifacts/fulltext_import/PMC_XML/normalized/PMC9297732.json,drop,Readable full text is dominated by run-specific exclusion or deferred-context signals.,low,low,incidental,medium
pmid-34117553,34117553,,10.1007/s10147-021-01947-3,CAPP-seq analysis of circulating tumor DNA from patients with EGFR T790M-positive lung cancer after osimertinib.,pdf_grobid,/Users/xingmeng/.openclaw/workspaces/staff-scientist-ideker/agent_LiteratureDueDiligence/runs/pi3k_alpha_inhibition_resistance_review_20260830/Phase1_PubmedCollection/passes/pass_002/artifacts/fulltext_import/PDF/normalized/pmid-34117553.json,keep,"A title, sentence, or local section-level window connects primary run entities, declared mechanism/evidence terms, and required outcome terms.",high,high,central,high
pmid-33982444,33982444,PMC8209625,10.1002/cam4.3929,The role of comprehensive analysis with circulating tumor DNA in advanced non-small cell lung cancer patients considered for osimertinib treatment.,pmc_xml,/Users/xingmeng/.openclaw/workspaces/staff-scientist-ideker/agent_LiteratureDueDiligence/runs/pi3k_alpha_inhibition_resistance_review_20260830/Phase1_PubmedCollection/passes/pass_002/artifacts/fulltext_import/PMC_XML/normalized/PMC8209625.json,keep,"A title, sentence, or local section-level window connects primary run entities, declared mechanism/evidence terms, and required outcome terms.",high,high,central,high
pmid-33947692,33947692,PMC8282678,10.1158/1078-0432.CCR-21-0047,A Phase I Study of Alpelisib in Combination with Trastuzumab and LJM716 in Patients with PIK3CA-Mutated HER2-Positive Metastatic Breast Cancer.,pmc_xml,/Users/xingmeng/.openclaw/workspaces/staff-scientist-ideker/agent_LiteratureDueDiligence/runs/pi3k_alpha_inhibition_resistance_review_20260830/Phase1_PubmedCollection/passes/pass_002/artifacts/fulltext_import/PMC_XML/normalized/PMC8282678.json,drop,Readable full text is dominated by run-specific exclusion or deferred-context signals.,low,low,incidental,medium
pmid-33865994,33865994,,10.1016/j.critrevonc.2021.103334,PI3K inhibition in breast cancer: Identifying and overcoming different flavors of resistance.,pdf_grobid,/Users/xingmeng/.openclaw/workspaces/staff-scientist-ideker/agent_LiteratureDueDiligence/runs/pi3k_alpha_inhibition_resistance_review_20260830/Phase1_PubmedCollection/passes/pass_002/artifacts/fulltext_import/PDF/normalized/pmid-33865994.json,keep,"A title, sentence, or local section-level window connects primary run entities, declared mechanism/evidence terms, and required outcome terms.",high,high,central,high
pmid-33794206,33794206,,10.1016/S1470-2045(21)00034-6,"Alpelisib plus fulvestrant in PIK3CA-mutated, hormone receptor-positive advanced breast cancer after a CDK4/6 inhibitor (BYLieve): one cohort of a phase 2, multicentre, open-label, non-comparative study.",pdf_grobid,/Users/xingmeng/.openclaw/workspaces/staff-scientist-ideker/agent_LiteratureDueDiligence/runs/pi3k_alpha_inhibition_resistance_review_20260830/Phase1_PubmedCollection/passes/pass_002/artifacts/fulltext_import/PDF/normalized/pmid-33794206.json,drop,Readable full text is dominated by run-specific exclusion or deferred-context signals.,low,low,incidental,medium
pmid-33723394,33723394,PMC8076303,10.1038/s41416-021-01293-1,PI3K activation promotes resistance to eribulin in HER2-negative breast cancer.,pdf_grobid,/Users/xingmeng/.openclaw/workspaces/staff-scientist-ideker/agent_LiteratureDueDiligence/runs/pi3k_alpha_inhibition_resistance_review_20260830/Phase1_PubmedCollection/passes/pass_002/artifacts/fulltext_import/PDF/normalized/pmid-33723394.json,keep,"A title, sentence, or local section-level window connects primary run entities, declared mechanism/evidence terms, and required outcome terms.",high,high,central,high
pmid-33622114,33622114,,10.1080/14656566.2021.1873952,"Alpelisib for the treatment of PIK3CA-mutated, hormone receptor-positive, HER2-negative metastatic breast cancer.",pdf_grobid,/Users/xingmeng/.openclaw/workspaces/staff-scientist-ideker/agent_LiteratureDueDiligence/runs/pi3k_alpha_inhibition_resistance_review_20260830/Phase1_PubmedCollection/passes/pass_002/artifacts/fulltext_import/PDF/normalized/pmid-33622114.json,drop,Readable full text is dominated by run-specific exclusion or deferred-context signals.,low,low,incidental,medium
pmid-33602685,33602685,PMC8282704,10.1158/1078-0432.CCR-20-4879,Clinical and Biomarker Results from Phase I/II Study of PI3K Inhibitor Alpelisib plus Nab-paclitaxel in HER2-Negative Metastatic Breast Cancer.,pmc_xml,/Users/xingmeng/.openclaw/workspaces/staff-scientist-ideker/agent_LiteratureDueDiligence/runs/pi3k_alpha_inhibition_resistance_review_20260830/Phase1_PubmedCollection/passes/pass_002/artifacts/fulltext_import/PMC_XML/normalized/PMC8282704.json,keep,"A title, sentence, or local section-level window connects primary run entities, declared mechanism/evidence terms, and required outcome terms.",high,high,central,high
pmid-33403024,33403024,PMC7778531,10.7150/jca.49391,Genomic and clinical characteristics of MET exon14 alterations in a large cohort of Chinese cancer patients revealed distinct features and a novel resistance mechanism for crizotinib.,pmc_xml,/Users/xingmeng/.openclaw/workspaces/staff-scientist-ideker/agent_LiteratureDueDiligence/runs/pi3k_alpha_inhibition_resistance_review_20260830/Phase1_PubmedCollection/passes/pass_002/artifacts/fulltext_import/PMC_XML/normalized/PMC7778531.json,drop,Readable full text is dominated by run-specific exclusion or deferred-context signals.,low,low,incidental,medium
pmid-33389015,33389015,PMC10991621,10.1007/s00262-020-02799-y,Discovery of acquired molecular signature on immune checkpoint inhibitors in paired tumor tissues.,pdf_grobid,/Users/xingmeng/.openclaw/workspaces/staff-scientist-ideker/agent_LiteratureDueDiligence/runs/pi3k_alpha_inhibition_resistance_review_20260830/Phase1_PubmedCollection/passes/pass_002/artifacts/fulltext_import/PDF/normalized/pmid-33389015.json,keep,"A title, sentence, or local section-level window connects primary run entities, declared mechanism/evidence terms, and required outcome terms.",high,high,central,high
pmid-33296125,33296125,PMC8018304,10.1002/onco.13631,"Phase I Study of Afatinib and Selumetinib in Patients with KRAS-Mutated Colorectal, Non-Small Cell Lung, and Pancreatic Cancer.",pdf_grobid,/Users/xingmeng/.openclaw/workspaces/staff-scientist-ideker/agent_LiteratureDueDiligence/runs/pi3k_alpha_inhibition_resistance_review_20260830/Phase1_PubmedCollection/passes/pass_002/artifacts/fulltext_import/PDF/normalized/pmid-33296125.json,drop,Readable full text is dominated by run-specific exclusion or deferred-context signals.,low,low,incidental,medium
pmid-33204026,33204026,PMC7782586,10.1038/s41416-020-01147-2,Mutational profiles associated with resistance in patients with BRAFV600E mutant colorectal cancer treated with cetuximab and encorafenib +/- binimetinib or alpelisib.,pmc_xml,/Users/xingmeng/.openclaw/workspaces/staff-scientist-ideker/agent_LiteratureDueDiligence/runs/pi3k_alpha_inhibition_resistance_review_20260830/Phase1_PubmedCollection/passes/pass_002/artifacts/fulltext_import/PMC_XML/normalized/PMC7782586.json,keep,"A title, sentence, or local section-level window connects primary run entities, declared mechanism/evidence terms, and required outcome terms.",high,high,central,high
pmid-33203645,33203645,PMC8223008,10.1158/1078-0432.CCR-20-1831,"Neratinib-Plus-Cetuximab in Quadruple-WT (KRAS, NRAS, BRAF, PIK3CA) Metastatic Colorectal Cancer Resistant to Cetuximab or Panitumumab: NSABP FC-7, A Phase Ib Study.",pmc_xml,/Users/xingmeng/.openclaw/workspaces/staff-scientist-ideker/agent_LiteratureDueDiligence/runs/pi3k_alpha_inhibition_resistance_review_20260830/Phase1_PubmedCollection/passes/pass_002/artifacts/fulltext_import/PMC_XML/normalized/PMC8223008.json,drop,Readable full text is dominated by run-specific exclusion or deferred-context signals.,low,low,incidental,medium
pmid-33190190,33190190,PMC7854469,10.1007/s12325-020-01552-2,"Clinical Challenges in the Management of Hormone Receptor-Positive, Human Epidermal Growth Factor Receptor 2-Negative Metastatic Breast Cancer: A Literature Review.",pmc_xml,/Users/xingmeng/.openclaw/workspaces/staff-scientist-ideker/agent_LiteratureDueDiligence/runs/pi3k_alpha_inhibition_resistance_review_20260830/Phase1_PubmedCollection/passes/pass_002/artifacts/fulltext_import/PMC_XML/normalized/PMC7854469.json,drop,Readable full text is dominated by run-specific exclusion or deferred-context signals.,low,low,incidental,medium
pmid-33168657,33168657,PMC8535764,10.1158/1078-0432.CCR-20-3652,"FDA Approval Summary: Alpelisib Plus Fulvestrant for Patients with HR-positive, HER2-negative, PIK3CA-mutated, Advanced or Metastatic Breast Cancer.",pmc_xml,/Users/xingmeng/.openclaw/workspaces/staff-scientist-ideker/agent_LiteratureDueDiligence/runs/pi3k_alpha_inhibition_resistance_review_20260830/Phase1_PubmedCollection/passes/pass_002/artifacts/fulltext_import/PMC_XML/normalized/PMC8535764.json,drop,Readable full text is dominated by run-specific exclusion or deferred-context signals.,low,low,incidental,medium
pmid-35117735,35117735,PMC8798927,10.21037/tcr-19-2291,Significance of genetic sequencing in patients with lung adenocarcinoma with transformation to small cell lung cancer: a case report and systematic review.,pmc_xml,/Users/xingmeng/.openclaw/workspaces/staff-scientist-ideker/agent_LiteratureDueDiligence/runs/pi3k_alpha_inhibition_resistance_review_20260830/Phase1_PubmedCollection/passes/pass_002/artifacts/fulltext_import/PMC_XML/normalized/PMC8798927.json,keep,"A title, sentence, or local section-level window connects primary run entities, declared mechanism/evidence terms, and required outcome terms.",high,high,central,high
pmid-35117688,35117688,PMC8798137,10.21037/tcr.2020.04.07,"Antitumor activity and safety of sirolimus for solid tumors with PIK3CA mutations: A multicenter, open-label, prospective single-arm study (KM 02-01, KCSG UN17-16).",pmc_xml,/Users/xingmeng/.openclaw/workspaces/staff-scientist-ideker/agent_LiteratureDueDiligence/runs/pi3k_alpha_inhibition_resistance_review_20260830/Phase1_PubmedCollection/passes/pass_002/artifacts/fulltext_import/PMC_XML/normalized/PMC8798137.json,drop,Readable full text is dominated by run-specific exclusion or deferred-context signals.,low,low,incidental,medium
pmid-33194681,33194681,PMC7658551,10.3389/fonc.2020.574523,Case Report: Primary and Acquired Resistance Mechanisms of Nimotuzumab in Advanced Esophageal Squamous Cell Carcinoma Revealed by Targeted Sequencing.,pmc_xml,/Users/xingmeng/.openclaw/workspaces/staff-scientist-ideker/agent_LiteratureDueDiligence/runs/pi3k_alpha_inhibition_resistance_review_20260830/Phase1_PubmedCollection/passes/pass_002/artifacts/fulltext_import/PMC_XML/normalized/PMC7658551.json,keep,"A title, sentence, or local section-level window connects primary run entities, declared mechanism/evidence terms, and required outcome terms.",high,high,central,high
pmid-33088912,33088912,PMC7568552,10.1038/s41523-020-00197-2,"Practical classification of triple-negative breast cancer: intratumoral heterogeneity, mechanisms of drug resistance, and novel therapies.",pmc_xml,/Users/xingmeng/.openclaw/workspaces/staff-scientist-ideker/agent_LiteratureDueDiligence/runs/pi3k_alpha_inhibition_resistance_review_20260830/Phase1_PubmedCollection/passes/pass_002/artifacts/fulltext_import/PMC_XML/normalized/PMC7568552.json,drop,Readable full text is dominated by run-specific exclusion or deferred-context signals.,low,low,incidental,medium
pmid-33059733,33059733,PMC7559997,10.1186/s13046-020-01713-9,TAM family receptors in conjunction with MAPK signalling are involved in acquired resistance to PI3Kα inhibition in head and neck squamous cell carcinoma.,pmc_xml,/Users/xingmeng/.openclaw/workspaces/staff-scientist-ideker/agent_LiteratureDueDiligence/runs/pi3k_alpha_inhibition_resistance_review_20260830/Phase1_PubmedCollection/passes/pass_002/artifacts/fulltext_import/PMC_XML/normalized/PMC7559997.json,keep,"A title, sentence, or local section-level window connects primary run entities, declared mechanism/evidence terms, and required outcome terms.",high,high,central,high
pmid-33036331,33036331,PMC7601167,10.3390/jcm9103214,CDK 4/6 Inhibition Overcomes Acquired and Inherent Resistance to PI3Kα Inhibition in Pre-Clinical Models of Head and Neck Squamous Cell Carcinoma.,pmc_xml,/Users/xingmeng/.openclaw/workspaces/staff-scientist-ideker/agent_LiteratureDueDiligence/runs/pi3k_alpha_inhibition_resistance_review_20260830/Phase1_PubmedCollection/passes/pass_002/artifacts/fulltext_import/PMC_XML/normalized/PMC7601167.json,keep,"A title, sentence, or local section-level window connects primary run entities, declared mechanism/evidence terms, and required outcome terms.",high,high,central,high
pmid-33024087,33024087,PMC7538592,10.1038/s41419-020-03037-0,CD44/HA signaling mediates acquired resistance to a PI3Kα inhibitor.,pmc_xml,/Users/xingmeng/.openclaw/workspaces/staff-scientist-ideker/agent_LiteratureDueDiligence/runs/pi3k_alpha_inhibition_resistance_review_20260830/Phase1_PubmedCollection/passes/pass_002/artifacts/fulltext_import/PMC_XML/normalized/PMC7538592.json,keep,"A title, sentence, or local section-level window connects primary run entities, declared mechanism/evidence terms, and required outcome terms.",high,high,central,high
pmid-32976773,32976773,PMC7562820,10.1016/j.ccell.2020.08.016,Metabolic Imaging Detects Resistance to PI3Kα Inhibition Mediated by Persistent FOXM1 Expression in ER(+) Breast Cancer.,pmc_xml,/Users/xingmeng/.openclaw/workspaces/staff-scientist-ideker/agent_LiteratureDueDiligence/runs/pi3k_alpha_inhibition_resistance_review_20260830/Phase1_PubmedCollection/passes/pass_002/artifacts/fulltext_import/PMC_XML/normalized/PMC7562820.json,keep,"A title, sentence, or local section-level window connects primary run entities, declared mechanism/evidence terms, and required outcome terms.",high,high,central,high
pmid-32953503,32953503,PMC7481581,10.21037/tlcr-20-141,PI3K-AKT-mTOR pathway alterations in advanced NSCLC patients after progression on EGFR-TKI and clinical response to EGFR-TKI plus everolimus combination therapy.,pmc_xml,/Users/xingmeng/.openclaw/workspaces/staff-scientist-ideker/agent_LiteratureDueDiligence/runs/pi3k_alpha_inhibition_resistance_review_20260830/Phase1_PubmedCollection/passes/pass_002/artifacts/fulltext_import/PMC_XML/normalized/PMC7481581.json,drop,Readable full text is dominated by run-specific exclusion or deferred-context signals.,low,low,incidental,medium
pmid-32953500,32953500,PMC7481595,10.21037/tlcr-20-679,Concomitant genetic alterations are associated with response to EGFR targeted therapy in patients with lung adenocarcinoma.,pmc_xml,/Users/xingmeng/.openclaw/workspaces/staff-scientist-ideker/agent_LiteratureDueDiligence/runs/pi3k_alpha_inhibition_resistance_review_20260830/Phase1_PubmedCollection/passes/pass_002/artifacts/fulltext_import/PMC_XML/normalized/PMC7481595.json,drop,Readable full text is dominated by run-specific exclusion or deferred-context signals.,low,low,incidental,medium
pmid-32953006,32953006,PMC7472334,10.1039/d0sc01676d,PI3K inhibitors: review and new strategies.,pmc_xml,/Users/xingmeng/.openclaw/workspaces/staff-scientist-ideker/agent_LiteratureDueDiligence/runs/pi3k_alpha_inhibition_resistance_review_20260830/Phase1_PubmedCollection/passes/pass_002/artifacts/fulltext_import/PMC_XML/normalized/PMC7472334.json,drop,Readable full text is dominated by run-specific exclusion or deferred-context signals.,low,low,incidental,medium
pmid-32864625,32864625,PMC7450824,10.1038/s43018-020-0047-1,Alterations in PTEN and ESR1 promote clinical resistance to alpelisib plus aromatase inhibitors.,pmc_xml,/Users/xingmeng/.openclaw/workspaces/staff-scientist-ideker/agent_LiteratureDueDiligence/runs/pi3k_alpha_inhibition_resistance_review_20260830/Phase1_PubmedCollection/passes/pass_002/artifacts/fulltext_import/PMC_XML/normalized/PMC7450824.json,keep,"A title, sentence, or local section-level window connects primary run entities, declared mechanism/evidence terms, and required outcome terms.",high,high,central,high
pmid-32795346,32795346,PMC7427086,10.1186/s13058-020-01320-8,Targeting activated PI3K/mTOR signaling overcomes acquired resistance to CDK4/6-based therapies in preclinical models of hormone receptor-positive breast cancer.,pmc_xml,/Users/xingmeng/.openclaw/workspaces/staff-scientist-ideker/agent_LiteratureDueDiligence/runs/pi3k_alpha_inhibition_resistance_review_20260830/Phase1_PubmedCollection/passes/pass_002/artifacts/fulltext_import/PMC_XML/normalized/PMC7427086.json,keep,"A title, sentence, or local section-level window connects primary run entities, declared mechanism/evidence terms, and required outcome terms.",high,high,central,high
pmid-32705230,32705230,PMC7388413,10.3892/or.2020.7674,Selective inhibition of PI3K110α as a novel therapeutic strategy for cetuximab‑resistant oral squamous cell carcinoma.,pmc_xml,/Users/xingmeng/.openclaw/workspaces/staff-scientist-ideker/agent_LiteratureDueDiligence/runs/pi3k_alpha_inhibition_resistance_review_20260830/Phase1_PubmedCollection/passes/pass_002/artifacts/fulltext_import/PMC_XML/normalized/PMC7388413.json,keep,"A title, sentence, or local section-level window connects primary run entities, declared mechanism/evidence terms, and required outcome terms.",high,high,central,high
pmid-32416251,32416251,,10.1016/j.annonc.2020.05.001,Time course and management of key adverse events during the randomized phase III SOLAR-1 study of PI3K inhibitor alpelisib plus fulvestrant in patients with HR-positive advanced breast cancer.,pdf_grobid,/Users/xingmeng/.openclaw/workspaces/staff-scientist-ideker/agent_LiteratureDueDiligence/runs/pi3k_alpha_inhibition_resistance_review_20260830/Phase1_PubmedCollection/passes/pass_002/artifacts/fulltext_import/PDF/normalized/pmid-32416251.json,drop,Readable full text is dominated by run-specific exclusion or deferred-context signals.,low,low,incidental,medium
pmid-32385709,32385709,PMC7382655,10.1007/s00432-020-03239-1,Acquired resistance to osimertinib in patients with non-small-cell lung cancer: mechanisms and clinical outcomes.,pmc_xml,/Users/xingmeng/.openclaw/workspaces/staff-scientist-ideker/agent_LiteratureDueDiligence/runs/pi3k_alpha_inhibition_resistance_review_20260830/Phase1_PubmedCollection/passes/pass_002/artifacts/fulltext_import/PMC_XML/normalized/PMC7382655.json,drop,Readable full text is dominated by run-specific exclusion or deferred-context signals.,low,low,incidental,medium
pmid-32365913,32365913,PMC7290687,10.3390/cells9051116,Mutation-Associated Phenotypic Heterogeneity in Novel and Canonical PIK3CA Helical and Kinase Domain Mutants.,pmc_xml,/Users/xingmeng/.openclaw/workspaces/staff-scientist-ideker/agent_LiteratureDueDiligence/runs/pi3k_alpha_inhibition_resistance_review_20260830/Phase1_PubmedCollection/passes/pass_002/artifacts/fulltext_import/PMC_XML/normalized/PMC7290687.json,drop,Readable full text is dominated by run-specific exclusion or deferred-context signals.,low,low,incidental,medium
pmid-32215186,32215186,PMC7082112,10.18632/oncotarget.27517,Early prediction of resistance to tyrosine kinase inhibitors by plasma monitoring of EGFR mutations in NSCLC: a new algorithm for patient selection and personalized treatment.,pmc_xml,/Users/xingmeng/.openclaw/workspaces/staff-scientist-ideker/agent_LiteratureDueDiligence/runs/pi3k_alpha_inhibition_resistance_review_20260830/Phase1_PubmedCollection/passes/pass_002/artifacts/fulltext_import/PMC_XML/normalized/PMC7082112.json,keep,"A title, sentence, or local section-level window connects primary run entities, declared mechanism/evidence terms, and required outcome terms.",high,high,central,high
pmid-32107691,32107691,PMC7305081,10.1007/s10120-020-01045-9,Identification of targeted therapy options for gastric adenocarcinoma by comprehensive analysis of genomic data.,pmc_xml,/Users/xingmeng/.openclaw/workspaces/staff-scientist-ideker/agent_LiteratureDueDiligence/runs/pi3k_alpha_inhibition_resistance_review_20260830/Phase1_PubmedCollection/passes/pass_002/artifacts/fulltext_import/PMC_XML/normalized/PMC7305081.json,keep,"A title, sentence, or local section-level window connects primary run entities, declared mechanism/evidence terms, and required outcome terms.",high,high,central,high
pmid-32035020,32035020,PMC7052734,10.1016/S1470-2045(19)30817-4,"Fulvestrant plus capivasertib versus placebo after relapse or progression on an aromatase inhibitor in metastatic, oestrogen receptor-positive breast cancer (FAKTION): a multicentre, randomised, controlled, phase 2 trial.",pmc_xml,/Users/xingmeng/.openclaw/workspaces/staff-scientist-ideker/agent_LiteratureDueDiligence/runs/pi3k_alpha_inhibition_resistance_review_20260830/Phase1_PubmedCollection/passes/pass_002/artifacts/fulltext_import/PMC_XML/normalized/PMC7052734.json,drop,Readable full text is dominated by run-specific exclusion or deferred-context signals.,low,low,incidental,medium
pmid-32016810,32016810,,10.1007/s12253-020-00796-1,mTOR in Lung Neoplasms.,pdf_grobid,/Users/xingmeng/.openclaw/workspaces/staff-scientist-ideker/agent_LiteratureDueDiligence/runs/pi3k_alpha_inhibition_resistance_review_20260830/Phase1_PubmedCollection/passes/pass_002/artifacts/fulltext_import/PDF/normalized/pmid-32016810.json,drop,Readable full text is dominated by run-specific exclusion or deferred-context signals.,low,low,incidental,medium
pmid-31898183,31898183,,10.1007/s10637-019-00889-y,A phase 2 clinical trial of the heat shock protein 90 (HSP 90) inhibitor ganetespib in patients with refractory advanced esophagogastric cancer.,pdf_grobid,/Users/xingmeng/.openclaw/workspaces/staff-scientist-ideker/agent_LiteratureDueDiligence/runs/pi3k_alpha_inhibition_resistance_review_20260830/Phase1_PubmedCollection/passes/pass_002/artifacts/fulltext_import/PDF/normalized/pmid-31898183.json,drop,Readable full text is dominated by run-specific exclusion or deferred-context signals.,low,low,incidental,medium
pmid-31828849,31828849,PMC7004544,10.1111/cas.14277,Potential mechanism of primary resistance to icotinib in patients with advanced non-small cell lung cancer harboring uncommon mutant epidermal growth factor receptor: A multi-center study.,pmc_xml,/Users/xingmeng/.openclaw/workspaces/staff-scientist-ideker/agent_LiteratureDueDiligence/runs/pi3k_alpha_inhibition_resistance_review_20260830/Phase1_PubmedCollection/passes/pass_002/artifacts/fulltext_import/PMC_XML/normalized/PMC7004544.json,drop,Readable full text is dominated by run-specific exclusion or deferred-context signals.,low,low,incidental,medium
pmid-31785230,31785230,,10.1016/j.bcp.2019.113729,PI3K/AKT/mTOR signaling as a molecular target in head and neck cancer.,pdf_grobid,/Users/xingmeng/.openclaw/workspaces/staff-scientist-ideker/agent_LiteratureDueDiligence/runs/pi3k_alpha_inhibition_resistance_review_20260830/Phase1_PubmedCollection/passes/pass_002/artifacts/fulltext_import/PDF/normalized/pmid-31785230.json,keep,"A title, sentence, or local section-level window connects primary run entities, declared mechanism/evidence terms, and required outcome terms.",high,high,central,high
pmid-31758670,31758670,PMC6938756,10.1111/1759-7714.13255,Activation of insulin-like growth factor-1 receptor confers acquired resistance to osimertinib in non-small cell lung cancer with EGFR T790M mutation.,pmc_xml,/Users/xingmeng/.openclaw/workspaces/staff-scientist-ideker/agent_LiteratureDueDiligence/runs/pi3k_alpha_inhibition_resistance_review_20260830/Phase1_PubmedCollection/passes/pass_002/artifacts/fulltext_import/PMC_XML/normalized/PMC6938756.json,drop,Readable full text is dominated by run-specific exclusion or deferred-context signals.,low,low,incidental,medium
pmid-31754213,31754213,,10.1038/s41388-019-1104-z,Distinct co-acquired alterations and genomic evolution during TKI treatment in non-small-cell lung cancer patients with or without acquired T790M mutation.,pdf_grobid,/Users/xingmeng/.openclaw/workspaces/staff-scientist-ideker/agent_LiteratureDueDiligence/runs/pi3k_alpha_inhibition_resistance_review_20260830/Phase1_PubmedCollection/passes/pass_002/artifacts/fulltext_import/PDF/normalized/pmid-31754213.json,drop,Readable full text is dominated by run-specific exclusion or deferred-context signals.,low,low,incidental,medium
pmid-31591478,31591478,PMC6989400,10.1038/s41388-019-1047-4,Targeting chemoresistant colorectal cancer via systemic administration of a BMP7 variant.,pmc_xml,/Users/xingmeng/.openclaw/workspaces/staff-scientist-ideker/agent_LiteratureDueDiligence/runs/pi3k_alpha_inhibition_resistance_review_20260830/Phase1_PubmedCollection/passes/pass_002/artifacts/fulltext_import/PMC_XML/normalized/PMC6989400.json,drop,Readable full text is dominated by run-specific exclusion or deferred-context signals.,low,low,incidental,medium
pmid-31506897,31506897,,10.1007/s10637-019-00814-3,A phase Ib study of a PI3Kinase inhibitor BKM120 in combination with panitumumab in patients with KRAS wild-type advanced colorectal cancer.,pdf_grobid,/Users/xingmeng/.openclaw/workspaces/staff-scientist-ideker/agent_LiteratureDueDiligence/runs/pi3k_alpha_inhibition_resistance_review_20260830/Phase1_PubmedCollection/passes/pass_002/artifacts/fulltext_import/PDF/normalized/pmid-31506897.json,drop,Readable full text is dominated by run-specific exclusion or deferred-context signals.,low,low,incidental,medium
pmid-31819518,31819518,PMC6886531,10.2147/OTT.S230309,Recent Progress in Rare Oncogenic Drivers and Targeted Therapy For Non-Small Cell Lung Cancer.,pmc_xml,/Users/xingmeng/.openclaw/workspaces/staff-scientist-ideker/agent_LiteratureDueDiligence/runs/pi3k_alpha_inhibition_resistance_review_20260830/Phase1_PubmedCollection/passes/pass_002/artifacts/fulltext_import/PMC_XML/normalized/PMC6886531.json,drop,Readable full text is dominated by run-specific exclusion or deferred-context signals.,low,low,incidental,medium
pmid-31801615,31801615,PMC6894349,10.1186/s13058-019-1222-0,Combination of mTORC1/2 inhibitor vistusertib plus fulvestrant in vitro and in vivo targets oestrogen receptor-positive endocrine-resistant breast cancer.,pmc_xml,/Users/xingmeng/.openclaw/workspaces/staff-scientist-ideker/agent_LiteratureDueDiligence/runs/pi3k_alpha_inhibition_resistance_review_20260830/Phase1_PubmedCollection/passes/pass_002/artifacts/fulltext_import/PMC_XML/normalized/PMC6894349.json,drop,Readable full text is dominated by run-specific exclusion or deferred-context signals.,low,low,incidental,medium
pmid-31769426,31769426,PMC6966459,10.3390/cancers11121866,Overactivation of Akt Contributes to MEK Inhibitor Primary and Acquired Resistance in Colorectal Cancer Cells.,pmc_xml,/Users/xingmeng/.openclaw/workspaces/staff-scientist-ideker/agent_LiteratureDueDiligence/runs/pi3k_alpha_inhibition_resistance_review_20260830/Phase1_PubmedCollection/passes/pass_002/artifacts/fulltext_import/PMC_XML/normalized/PMC6966459.json,keep,"A title, sentence, or local section-level window connects primary run entities, declared mechanism/evidence terms, and required outcome terms.",high,high,central,high
pmid-31653970,31653970,PMC6814827,10.1038/s41598-019-51981-5,Genomic characterization of intrinsic and acquired resistance to cetuximab in colorectal cancer patients.,pmc_xml,/Users/xingmeng/.openclaw/workspaces/staff-scientist-ideker/agent_LiteratureDueDiligence/runs/pi3k_alpha_inhibition_resistance_review_20260830/Phase1_PubmedCollection/passes/pass_002/artifacts/fulltext_import/PMC_XML/normalized/PMC6814827.json,drop,Readable full text is dominated by run-specific exclusion or deferred-context signals.,low,low,incidental,medium
pmid-31632573,31632573,PMC6789267,,PIK3CA mutations contribute to fulvestrant resistance in ER-positive breast cancer.,pdf_grobid,/Users/xingmeng/.openclaw/workspaces/staff-scientist-ideker/agent_LiteratureDueDiligence/runs/pi3k_alpha_inhibition_resistance_review_20260830/Phase1_PubmedCollection/passes/pass_002/artifacts/fulltext_import/PDF/normalized/pmid-31632573.json,keep,"A title, sentence, or local section-level window connects primary run entities, declared mechanism/evidence terms, and required outcome terms.",high,high,central,high
pmid-31439579,31439579,,10.1158/1078-0432.CCR-19-0508,"POSEIDON Trial Phase 1b Results: Safety, Efficacy and Circulating Tumor DNA Response of the Beta Isoform-Sparing PI3K Inhibitor Taselisib (GDC-0032) Combined with Tamoxifen in Hormone Receptor Positive Metastatic Breast Cancer Patients.",pdf_grobid,/Users/xingmeng/.openclaw/workspaces/staff-scientist-ideker/agent_LiteratureDueDiligence/runs/pi3k_alpha_inhibition_resistance_review_20260830/Phase1_PubmedCollection/passes/pass_002/artifacts/fulltext_import/PDF/normalized/pmid-31439579.json,drop,Readable full text is dominated by run-specific exclusion or deferred-context signals.,low,low,incidental,medium
pmid-31361375,31361375,PMC6778626,10.1111/cas.14153,Barcode sequencing identifies resistant mechanisms to epidermal growth factor receptor inhibitors in circulating tumor DNA of lung cancer patients.,pmc_xml,/Users/xingmeng/.openclaw/workspaces/staff-scientist-ideker/agent_LiteratureDueDiligence/runs/pi3k_alpha_inhibition_resistance_review_20260830/Phase1_PubmedCollection/passes/pass_002/artifacts/fulltext_import/PMC_XML/normalized/PMC6778626.json,drop,Readable full text is dominated by run-specific exclusion or deferred-context signals.,low,low,incidental,medium
pmid-31318870,31318870,PMC6638825,10.1371/journal.pone.0218444,"Nilotinib interferes with cell cycle, ABC transporters and JAK-STAT signaling pathway in CD34+/lin- cells of patients with chronic phase chronic myeloid leukemia after 12 months of treatment.",pmc_xml,/Users/xingmeng/.openclaw/workspaces/staff-scientist-ideker/agent_LiteratureDueDiligence/runs/pi3k_alpha_inhibition_resistance_review_20260830/Phase1_PubmedCollection/passes/pass_002/artifacts/fulltext_import/PMC_XML/normalized/PMC6638825.json,drop,Readable full text is dominated by run-specific exclusion or deferred-context signals.,low,low,incidental,medium
pmid-31091374,31091374,,10.1056/NEJMoa1813904,"Alpelisib for PIK3CA-Mutated, Hormone Receptor-Positive Advanced Breast Cancer.",pdf_grobid,/Users/xingmeng/.openclaw/workspaces/staff-scientist-ideker/agent_LiteratureDueDiligence/runs/pi3k_alpha_inhibition_resistance_review_20260830/Phase1_PubmedCollection/passes/pass_002/artifacts/fulltext_import/PDF/normalized/pmid-31091374.json,keep,"A title, sentence, or local section-level window connects primary run entities, declared mechanism/evidence terms, and required outcome terms.",high,high,central,high
pmid-30962959,30962959,PMC6435251,10.1136/esmoopen-2018-000444,Genomic heterogeneity and efficacy of PI3K pathway inhibitors in patients with gynaecological cancer.,pmc_xml,/Users/xingmeng/.openclaw/workspaces/staff-scientist-ideker/agent_LiteratureDueDiligence/runs/pi3k_alpha_inhibition_resistance_review_20260830/Phase1_PubmedCollection/passes/pass_002/artifacts/fulltext_import/PMC_XML/normalized/PMC6435251.json,keep,"A title, sentence, or local section-level window connects primary run entities, declared mechanism/evidence terms, and required outcome terms.",high,high,central,high
pmid-30893632,30893632,PMC6423490,10.1016/j.tranon.2019.02.014,Chemotherapy Modulates Endocrine Therapy-Related Resistance Mutations in Metastatic Breast Cancer.,pmc_xml,/Users/xingmeng/.openclaw/workspaces/staff-scientist-ideker/agent_LiteratureDueDiligence/runs/pi3k_alpha_inhibition_resistance_review_20260830/Phase1_PubmedCollection/passes/pass_002/artifacts/fulltext_import/PMC_XML/normalized/PMC6423490.json,keep,"A title, sentence, or local section-level window connects primary run entities, declared mechanism/evidence terms, and required outcome terms.",high,high,central,high
pmid-30823937,30823937,PMC6397445,10.1186/s40880-019-0354-z,Identification of genetic alterations associated with primary resistance to EGFR-TKIs in advanced non-small-cell lung cancer patients with EGFR sensitive mutations.,pmc_xml,/Users/xingmeng/.openclaw/workspaces/staff-scientist-ideker/agent_LiteratureDueDiligence/runs/pi3k_alpha_inhibition_resistance_review_20260830/Phase1_PubmedCollection/passes/pass_002/artifacts/fulltext_import/PMC_XML/normalized/PMC6397445.json,drop,Readable full text is dominated by run-specific exclusion or deferred-context signals.,low,low,incidental,medium
pmid-30720867,30720867,,10.1002/ijc.32188,"Molecular alterations and poziotinib efficacy, a pan-HER inhibitor, in human epidermal growth factor receptor 2 (HER2)-positive breast cancers: Combined exploratory biomarker analysis from a phase II clinical trial of poziotinib for refractory HER2-positive breast cancer patients.",pdf_grobid,/Users/xingmeng/.openclaw/workspaces/staff-scientist-ideker/agent_LiteratureDueDiligence/runs/pi3k_alpha_inhibition_resistance_review_20260830/Phase1_PubmedCollection/passes/pass_002/artifacts/fulltext_import/PDF/normalized/pmid-30720867.json,drop,Readable full text is dominated by run-specific exclusion or deferred-context signals.,low,low,incidental,medium
pmid-30563991,30563991,PMC6342946,10.1038/s41416-018-0345-x,Molecular characterisation of aromatase inhibitor-resistant advanced breast cancer: the phenotypic effect of ESR1 mutations.,pmc_xml,/Users/xingmeng/.openclaw/workspaces/staff-scientist-ideker/agent_LiteratureDueDiligence/runs/pi3k_alpha_inhibition_resistance_review_20260830/Phase1_PubmedCollection/passes/pass_002/artifacts/fulltext_import/PMC_XML/normalized/PMC6342946.json,drop,Readable full text is dominated by run-specific exclusion or deferred-context signals.,low,low,incidental,medium
pmid-30309221,30309221,PMC6639226,10.4143/crt.2018.052,Acquired Resistance of MET-Amplified Non-small Cell Lung Cancer Cells to the MET Inhibitor Capmatinib.,pmc_xml,/Users/xingmeng/.openclaw/workspaces/staff-scientist-ideker/agent_LiteratureDueDiligence/runs/pi3k_alpha_inhibition_resistance_review_20260830/Phase1_PubmedCollection/passes/pass_002/artifacts/fulltext_import/PMC_XML/normalized/PMC6639226.json,keep,"A title, sentence, or local section-level window connects primary run entities, declared mechanism/evidence terms, and required outcome terms.",high,high,central,high
pmid-29807405,29807405,PMC6333983,10.4143/crt.2018.138,Rare Mechanism of Acquired Resistance to Osimertinib in Korean Patients with EGFR-mutated Non-small Cell Lung Cancer.,pmc_xml,/Users/xingmeng/.openclaw/workspaces/staff-scientist-ideker/agent_LiteratureDueDiligence/runs/pi3k_alpha_inhibition_resistance_review_20260830/Phase1_PubmedCollection/passes/pass_002/artifacts/fulltext_import/PMC_XML/normalized/PMC6333983.json,keep,"A title, sentence, or local section-level window connects primary run entities, declared mechanism/evidence terms, and required outcome terms.",high,high,central,high
pmid-30237504,30237504,PMC6148236,10.1038/s41419-018-1025-8,IGF1R upregulation confers resistance to isoform-specific inhibitors of PI3K in PIK3CA-driven ovarian cancer.,pmc_xml,/Users/xingmeng/.openclaw/workspaces/staff-scientist-ideker/agent_LiteratureDueDiligence/runs/pi3k_alpha_inhibition_resistance_review_20260830/Phase1_PubmedCollection/passes/pass_002/artifacts/fulltext_import/PMC_XML/normalized/PMC6148236.json,drop,Readable full text is dominated by run-specific exclusion or deferred-context signals.,low,low,incidental,medium
pmid-29978950,29978950,PMC6119621,10.1111/1759-7714.12791,Heterogeneous responses and resistant mechanisms to crizotinib in ALK-positive advanced non-small cell lung cancer.,pmc_xml,/Users/xingmeng/.openclaw/workspaces/staff-scientist-ideker/agent_LiteratureDueDiligence/runs/pi3k_alpha_inhibition_resistance_review_20260830/Phase1_PubmedCollection/passes/pass_002/artifacts/fulltext_import/PMC_XML/normalized/PMC6119621.json,keep,"A title, sentence, or local section-level window connects primary run entities, declared mechanism/evidence terms, and required outcome terms.",high,high,central,high
pmid-29899852,29899852,PMC5995236,10.18632/oncotarget.25490,Concomitant driver mutations in advanced EGFR-mutated non-small-cell lung cancer and their impact on erlotinib treatment.,pmc_xml,/Users/xingmeng/.openclaw/workspaces/staff-scientist-ideker/agent_LiteratureDueDiligence/runs/pi3k_alpha_inhibition_resistance_review_20260830/Phase1_PubmedCollection/passes/pass_002/artifacts/fulltext_import/PMC_XML/normalized/PMC5995236.json,drop,Readable full text is dominated by run-specific exclusion or deferred-context signals.,low,low,incidental,medium
pmid-29892689,29892689,PMC5993533,10.1016/j.gore.2018.01.009,Tumor molecular profiling of responders and non-responders following pembrolizumab monotherapy in chemotherapy resistant advanced cervical cancer.,pmc_xml,/Users/xingmeng/.openclaw/workspaces/staff-scientist-ideker/agent_LiteratureDueDiligence/runs/pi3k_alpha_inhibition_resistance_review_20260830/Phase1_PubmedCollection/passes/pass_002/artifacts/fulltext_import/PMC_XML/normalized/PMC5993533.json,drop,Readable full text is dominated by run-specific exclusion or deferred-context signals.,low,low,incidental,medium
pmid-29868122,29868122,PMC5968201,10.3389/fgene.2018.00174,Screen for MicroRNA and Drug Interactions in Breast Cancer Cell Lines Points to miR-126 as a Modulator of CDK4/6 and PIK3CA Inhibitors.,pmc_xml,/Users/xingmeng/.openclaw/workspaces/staff-scientist-ideker/agent_LiteratureDueDiligence/runs/pi3k_alpha_inhibition_resistance_review_20260830/Phase1_PubmedCollection/passes/pass_002/artifacts/fulltext_import/PMC_XML/normalized/PMC5968201.json,drop,Readable full text is dominated by run-specific exclusion or deferred-context signals.,low,low,incidental,medium
pmid-29683790,29683790,PMC5993168,10.1200/JCO.2017.76.9992,Multicenter Phase IB Trial of Carboxyamidotriazole Orotate and Temozolomide for Recurrent and Newly Diagnosed Glioblastoma and Other Anaplastic Gliomas.,pdf_grobid,/Users/xingmeng/.openclaw/workspaces/staff-scientist-ideker/agent_LiteratureDueDiligence/runs/pi3k_alpha_inhibition_resistance_review_20260830/Phase1_PubmedCollection/passes/pass_002/artifacts/fulltext_import/PDF/normalized/pmid-29683790.json,drop,Readable full text is dominated by run-specific exclusion or deferred-context signals.,low,low,incidental,medium
pmid-29616128,29616128,PMC5876419,10.3892/ol.2018.8129,EGFR-TKI resistance and MAP17 are associated with cancer stem cell like properties.,pdf_grobid,/Users/xingmeng/.openclaw/workspaces/staff-scientist-ideker/agent_LiteratureDueDiligence/runs/pi3k_alpha_inhibition_resistance_review_20260830/Phase1_PubmedCollection/passes/pass_002/artifacts/fulltext_import/PDF/normalized/pmid-29616128.json,drop,Readable full text is dominated by run-specific exclusion or deferred-context signals.,low,low,incidental,medium
pmid-29581176,29581176,,10.1158/2159-8290.CD-17-0867,Identification of Pik3ca Mutation as a Genetic Driver of Prostate Cancer That Cooperates with Pten Loss to Accelerate Progression and Castration-Resistant Growth.,pdf_grobid,/Users/xingmeng/.openclaw/workspaces/staff-scientist-ideker/agent_LiteratureDueDiligence/runs/pi3k_alpha_inhibition_resistance_review_20260830/Phase1_PubmedCollection/passes/pass_002/artifacts/fulltext_import/PDF/normalized/pmid-29581176.json,drop,Readable full text is dominated by run-specific exclusion or deferred-context signals.,low,low,incidental,medium
pmid-29535262,29535262,PMC5902813,10.1126/scisignal.aao3810,Skp2-dependent reactivation of AKT drives resistance to PI3K inhibitors.,pmc_xml,/Users/xingmeng/.openclaw/workspaces/staff-scientist-ideker/agent_LiteratureDueDiligence/runs/pi3k_alpha_inhibition_resistance_review_20260830/Phase1_PubmedCollection/passes/pass_002/artifacts/fulltext_import/PMC_XML/normalized/PMC5902813.json,keep,"A title, sentence, or local section-level window connects primary run entities, declared mechanism/evidence terms, and required outcome terms.",high,high,central,high
pmid-29530932,29530932,PMC6420806,10.1158/1078-0432.CCR-17-2961,Concurrent Alterations in EGFR-Mutant Lung Cancers Associated with Resistance to EGFR Kinase Inhibitors and Characterization of MTOR as a Mediator of Resistance.,pmc_xml,/Users/xingmeng/.openclaw/workspaces/staff-scientist-ideker/agent_LiteratureDueDiligence/runs/pi3k_alpha_inhibition_resistance_review_20260830/Phase1_PubmedCollection/passes/pass_002/artifacts/fulltext_import/PMC_XML/normalized/PMC6420806.json,drop,Readable full text is dominated by run-specific exclusion or deferred-context signals.,low,low,incidental,medium
pmid-29505507,29505507,PMC5943108,10.1097/MD.0000000000009021,Effective assessment of low times MET amplification in pleural effusion after epidermal growth factor receptor-tyrosine kinase inhibitors (EGFR-TKIs) acquired resistance: Cases report.,pmc_xml,/Users/xingmeng/.openclaw/workspaces/staff-scientist-ideker/agent_LiteratureDueDiligence/runs/pi3k_alpha_inhibition_resistance_review_20260830/Phase1_PubmedCollection/passes/pass_002/artifacts/fulltext_import/PMC_XML/normalized/PMC5943108.json,drop,Readable full text is dominated by run-specific exclusion or deferred-context signals.,low,low,incidental,medium
pmid-29496665,29496665,PMC5932238,10.1158/2159-8290.CD-17-0745,A Preexisting Rare PIK3CA(E545K) Subpopulation Confers Clinical Resistance to MEK plus CDK4/6 Inhibition in NRAS Melanoma and Is Dependent on S6K1 Signaling.,pmc_xml,/Users/xingmeng/.openclaw/workspaces/staff-scientist-ideker/agent_LiteratureDueDiligence/runs/pi3k_alpha_inhibition_resistance_review_20260830/Phase1_PubmedCollection/passes/pass_002/artifacts/fulltext_import/PMC_XML/normalized/PMC5932238.json,keep,"A title, sentence, or local section-level window connects primary run entities, declared mechanism/evidence terms, and required outcome terms.",high,high,central,high
pmid-29472518,29472518,PMC5955814,10.1158/0008-5472.CAN-17-1990,Mass Spectrometry-Based Proteomics Reveals Potential Roles of NEK9 and MAP2K4 in Resistance to PI3K Inhibition in Triple-Negative Breast Cancers.,pmc_xml,/Users/xingmeng/.openclaw/workspaces/staff-scientist-ideker/agent_LiteratureDueDiligence/runs/pi3k_alpha_inhibition_resistance_review_20260830/Phase1_PubmedCollection/passes/pass_002/artifacts/fulltext_import/PMC_XML/normalized/PMC5955814.json,drop,Readable full text is dominated by run-specific exclusion or deferred-context signals.,low,low,incidental,medium
pmid-29386312,29386312,PMC5947455,10.1634/theoncologist.2017-0342,Tumor Mutational Burden Guides Therapy in a Treatment Refractory POLE-Mutant Uterine Carcinosarcoma.,pdf_grobid,/Users/xingmeng/.openclaw/workspaces/staff-scientist-ideker/agent_LiteratureDueDiligence/runs/pi3k_alpha_inhibition_resistance_review_20260830/Phase1_PubmedCollection/passes/pass_002/artifacts/fulltext_import/PDF/normalized/pmid-29386312.json,drop,Readable full text is dominated by run-specific exclusion or deferred-context signals.,low,low,incidental,medium
pmid-29110101,29110101,,10.1007/s10147-017-1211-1,Histological transformation after acquired resistance to epidermal growth factor tyrosine kinase inhibitors.,pdf_grobid,/Users/xingmeng/.openclaw/workspaces/staff-scientist-ideker/agent_LiteratureDueDiligence/runs/pi3k_alpha_inhibition_resistance_review_20260830/Phase1_PubmedCollection/passes/pass_002/artifacts/fulltext_import/PDF/normalized/pmid-29110101.json,keep,"A title, sentence, or local section-level window connects primary run entities, declared mechanism/evidence terms, and required outcome terms.",high,high,central,high
pmid-28854070,28854070,PMC5648176,10.1200/JCO.2017.73.3246,First-in-Human Phase I Study of the Tamoxifen Metabolite Z-Endoxifen in Women With Endocrine-Refractory Metastatic Breast Cancer.,pdf_grobid,/Users/xingmeng/.openclaw/workspaces/staff-scientist-ideker/agent_LiteratureDueDiligence/runs/pi3k_alpha_inhibition_resistance_review_20260830/Phase1_PubmedCollection/passes/pass_002/artifacts/fulltext_import/PDF/normalized/pmid-28854070.json,drop,Readable full text is dominated by run-specific exclusion or deferred-context signals.,low,low,incidental,medium
pmid-28845578,28845578,PMC5668514,10.1111/1759-7714.12496,Patient harboring a novel PIK3CA point mutation after acquired resistance to crizotinib in an adenocarcinoma with ROS1 rearrangement: A case report and literature review.,pmc_xml,/Users/xingmeng/.openclaw/workspaces/staff-scientist-ideker/agent_LiteratureDueDiligence/runs/pi3k_alpha_inhibition_resistance_review_20260830/Phase1_PubmedCollection/passes/pass_002/artifacts/fulltext_import/PMC_XML/normalized/PMC5668514.json,keep,"A title, sentence, or local section-level window connects primary run entities, declared mechanism/evidence terms, and required outcome terms.",high,high,central,high
pmid-28808038,28808038,PMC5668181,10.1158/1078-0432.CCR-17-0033,The Phosphatidylinositol 3-Kinase Pathway as a Potential Therapeutic Target in Bladder Cancer.,pmc_xml,/Users/xingmeng/.openclaw/workspaces/staff-scientist-ideker/agent_LiteratureDueDiligence/runs/pi3k_alpha_inhibition_resistance_review_20260830/Phase1_PubmedCollection/passes/pass_002/artifacts/fulltext_import/PMC_XML/normalized/PMC5668181.json,drop,Readable full text is dominated by run-specific exclusion or deferred-context signals.,low,low,incidental,medium
pmid-28618197,28618197,PMC5579330,10.1002/1878-0261.12099,Analysis of mutant allele fractions in driver genes in colorectal cancer - biological and clinical insights.,pmc_xml,/Users/xingmeng/.openclaw/workspaces/staff-scientist-ideker/agent_LiteratureDueDiligence/runs/pi3k_alpha_inhibition_resistance_review_20260830/Phase1_PubmedCollection/passes/pass_002/artifacts/fulltext_import/PMC_XML/normalized/PMC5579330.json,keep,"A title, sentence, or local section-level window connects primary run entities, declared mechanism/evidence terms, and required outcome terms.",high,high,central,high
pmid-28597653,28597653,PMC7830714,10.1021/acs.molpharmaceut.7b00277,Overexpression of ATP-Binding Cassette Subfamily G Member 2 Confers Resistance to Phosphatidylinositol 3-Kinase Inhibitor PF-4989216 in Cancer Cells.,pmc_xml,/Users/xingmeng/.openclaw/workspaces/staff-scientist-ideker/agent_LiteratureDueDiligence/runs/pi3k_alpha_inhibition_resistance_review_20260830/Phase1_PubmedCollection/passes/pass_002/artifacts/fulltext_import/PMC_XML/normalized/PMC7830714.json,drop,Readable full text is dominated by run-specific exclusion or deferred-context signals.,low,low,incidental,medium
pmid-28584208,28584208,PMC5463475,10.4103/0366-6999.207478,Establishment of a Novel Method for Screening Epidermal Growth Factor Receptor Tyrosine Kinase Inhibitor Resistance Mutations in Lung Cancer.,pmc_xml,/Users/xingmeng/.openclaw/workspaces/staff-scientist-ideker/agent_LiteratureDueDiligence/runs/pi3k_alpha_inhibition_resistance_review_20260830/Phase1_PubmedCollection/passes/pass_002/artifacts/fulltext_import/PMC_XML/normalized/PMC5463475.json,keep,"A title, sentence, or local section-level window connects primary run entities, declared mechanism/evidence terms, and required outcome terms.",high,high,central,high
pmid-28576746,28576746,,10.1016/j.jtho.2017.05.018,A Higher Proportion of the EGFR T790M Mutation May Contribute to the Better Survival of Patients with Exon 19 Deletions Compared with Those with L858R.,pdf_grobid,/Users/xingmeng/.openclaw/workspaces/staff-scientist-ideker/agent_LiteratureDueDiligence/runs/pi3k_alpha_inhibition_resistance_review_20260830/Phase1_PubmedCollection/passes/pass_002/artifacts/fulltext_import/PDF/normalized/pmid-28576746.json,keep,"A title, sentence, or local section-level window connects primary run entities, declared mechanism/evidence terms, and required outcome terms.",high,high,central,high
pmid-28572531,28572531,PMC5564797,10.18632/oncotarget.17913,EGFR G796D mutation mediates resistance to osimertinib.,pmc_xml,/Users/xingmeng/.openclaw/workspaces/staff-scientist-ideker/agent_LiteratureDueDiligence/runs/pi3k_alpha_inhibition_resistance_review_20260830/Phase1_PubmedCollection/passes/pass_002/artifacts/fulltext_import/PMC_XML/normalized/PMC5564797.json,drop,Readable full text is dominated by run-specific exclusion or deferred-context signals.,low,low,incidental,medium
pmid-28396358,28396358,PMC5482178,10.1158/0008-5472.CAN-16-2808,Extracellular Matrix/Integrin Signaling Promotes Resistance to Combined Inhibition of HER2 and PI3K in HER2(+) Breast Cancer.,pmc_xml,/Users/xingmeng/.openclaw/workspaces/staff-scientist-ideker/agent_LiteratureDueDiligence/runs/pi3k_alpha_inhibition_resistance_review_20260830/Phase1_PubmedCollection/passes/pass_002/artifacts/fulltext_import/PMC_XML/normalized/PMC5482178.json,keep,"A title, sentence, or local section-level window connects primary run entities, declared mechanism/evidence terms, and required outcome terms.",high,high,central,high
pmid-28330462,28330462,PMC5363054,10.1186/s12885-017-3196-6,Prospective phase II trial of everolimus in PIK3CA amplification/mutation and/or PTEN loss patients with advanced solid tumors refractory to standard therapy.,pmc_xml,/Users/xingmeng/.openclaw/workspaces/staff-scientist-ideker/agent_LiteratureDueDiligence/runs/pi3k_alpha_inhibition_resistance_review_20260830/Phase1_PubmedCollection/passes/pass_002/artifacts/fulltext_import/PMC_XML/normalized/PMC5363054.json,drop,Readable full text is dominated by run-specific exclusion or deferred-context signals.,low,low,incidental,medium
pmid-28256213,28256213,,10.1016/j.pathol.2016.12.345,Update on molecular findings in rhabdomyosarcoma.,pdf_grobid,/Users/xingmeng/.openclaw/workspaces/staff-scientist-ideker/agent_LiteratureDueDiligence/runs/pi3k_alpha_inhibition_resistance_review_20260830/Phase1_PubmedCollection/passes/pass_002/artifacts/fulltext_import/PDF/normalized/pmid-28256213.json,drop,Readable full text is dominated by run-specific exclusion or deferred-context signals.,low,low,incidental,medium
pmid-28249908,28249908,PMC5421398,10.1158/0008-5472.CAN-16-2653,Kinome-Wide RNA Interference Screen Reveals a Role for PDK1 in Acquired Resistance to CDK4/6 Inhibition in ER-Positive Breast Cancer.,pmc_xml,/Users/xingmeng/.openclaw/workspaces/staff-scientist-ideker/agent_LiteratureDueDiligence/runs/pi3k_alpha_inhibition_resistance_review_20260830/Phase1_PubmedCollection/passes/pass_002/artifacts/fulltext_import/PMC_XML/normalized/PMC5421398.json,keep,"A title, sentence, or local section-level window connects primary run entities, declared mechanism/evidence terms, and required outcome terms.",high,high,central,high
pmid-28219202,28219202,,10.3760/cma.j.issn.0253-3766.2017.02.004,[Precision treatment after resistance to first-generation EGFR-TKI in patients with non-small cell lung cancer].,pdf_grobid,/Users/xingmeng/.openclaw/workspaces/staff-scientist-ideker/agent_LiteratureDueDiligence/runs/pi3k_alpha_inhibition_resistance_review_20260830/Phase1_PubmedCollection/passes/pass_002/artifacts/fulltext_import/PDF/normalized/pmid-28219202.json,drop,Readable full text is dominated by run-specific exclusion or deferred-context signals.,low,low,incidental,medium
pmid-28188446,28188446,,10.1007/s11523-017-0479-4,Treatment Options for EGFR T790M-Negative EGFR Tyrosine Kinase Inhibitor-Resistant Non-Small Cell Lung Cancer.,pdf_grobid,/Users/xingmeng/.openclaw/workspaces/staff-scientist-ideker/agent_LiteratureDueDiligence/runs/pi3k_alpha_inhibition_resistance_review_20260830/Phase1_PubmedCollection/passes/pass_002/artifacts/fulltext_import/PDF/normalized/pmid-28188446.json,drop,Readable full text is dominated by run-specific exclusion or deferred-context signals.,low,low,incidental,medium
pmid-27965317,27965317,,10.1158/0008-5472.CAN-16-1578,Cell-Specific Computational Modeling of the PIM Pathway in Acute Myeloid Leukemia.,pdf_grobid,/Users/xingmeng/.openclaw/workspaces/staff-scientist-ideker/agent_LiteratureDueDiligence/runs/pi3k_alpha_inhibition_resistance_review_20260830/Phase1_PubmedCollection/passes/pass_002/artifacts/fulltext_import/PDF/normalized/pmid-27965317.json,keep,"A title, sentence, or local section-level window connects primary run entities, declared mechanism/evidence terms, and required outcome terms.",high,high,central,high
pmid-27399335,27399335,PMC5226932,10.1038/onc.2016.247,FBW7 mutations mediate resistance of colorectal cancer to targeted therapies by blocking Mcl-1 degradation.,pmc_xml,/Users/xingmeng/.openclaw/workspaces/staff-scientist-ideker/agent_LiteratureDueDiligence/runs/pi3k_alpha_inhibition_resistance_review_20260830/Phase1_PubmedCollection/passes/pass_002/artifacts/fulltext_import/PMC_XML/normalized/PMC5226932.json,drop,Readable full text is dominated by run-specific exclusion or deferred-context signals.,low,low,incidental,medium
pmid-27188206,27188206,PMC5266390,10.4143/crt.2016.058,A Phase II Study of Poziotinib in Patients with Epidermal Growth Factor Receptor (EGFR)-Mutant Lung Adenocarcinoma Who Have Acquired Resistance to EGFR-Tyrosine Kinase Inhibitors.,pmc_xml,/Users/xingmeng/.openclaw/workspaces/staff-scientist-ideker/agent_LiteratureDueDiligence/runs/pi3k_alpha_inhibition_resistance_review_20260830/Phase1_PubmedCollection/passes/pass_002/artifacts/fulltext_import/PMC_XML/normalized/PMC5266390.json,drop,Readable full text is dominated by run-specific exclusion or deferred-context signals.,low,low,incidental,medium
pmid-27126994,27126994,PMC5085926,10.1158/1078-0432.CCR-16-0134,"A Phase Ib Study of Alpelisib (BYL719), a PI3Kα-Specific Inhibitor, with Letrozole in ER+/HER2- Metastatic Breast Cancer.",pmc_xml,/Users/xingmeng/.openclaw/workspaces/staff-scientist-ideker/agent_LiteratureDueDiligence/runs/pi3k_alpha_inhibition_resistance_review_20260830/Phase1_PubmedCollection/passes/pass_002/artifacts/fulltext_import/PMC_XML/normalized/PMC5085926.json,keep,"A title, sentence, or local section-level window connects primary run entities, declared mechanism/evidence terms, and required outcome terms.",high,high,central,high
pmid-27821131,27821131,PMC5100094,10.1186/s12885-016-2902-0,Frequency of EGFR T790M mutation and multimutational profiles of rebiopsy samples from non-small cell lung cancer developing acquired resistance to EGFR tyrosine kinase inhibitors in Japanese patients.,pmc_xml,/Users/xingmeng/.openclaw/workspaces/staff-scientist-ideker/agent_LiteratureDueDiligence/runs/pi3k_alpha_inhibition_resistance_review_20260830/Phase1_PubmedCollection/passes/pass_002/artifacts/fulltext_import/PMC_XML/normalized/PMC5100094.json,drop,Readable full text is dominated by run-specific exclusion or deferred-context signals.,low,low,incidental,medium
pmid-27734950,27734950,PMC5062358,10.1038/srep35249,The Role of PIK3CA Mutations among Lung Adenocarcinoma Patients with Primary and Acquired Resistance to EGFR Tyrosine Kinase Inhibition.,pmc_xml,/Users/xingmeng/.openclaw/workspaces/staff-scientist-ideker/agent_LiteratureDueDiligence/runs/pi3k_alpha_inhibition_resistance_review_20260830/Phase1_PubmedCollection/passes/pass_002/artifacts/fulltext_import/PMC_XML/normalized/PMC5062358.json,keep,"A title, sentence, or local section-level window connects primary run entities, declared mechanism/evidence terms, and required outcome terms.",high,high,central,high
pmid-27604488,27604488,PMC5050154,10.1158/2159-8290.CD-16-0305,Systematic Functional Characterization of Resistance to PI3K Inhibition in Breast Cancer.,pmc_xml,/Users/xingmeng/.openclaw/workspaces/staff-scientist-ideker/agent_LiteratureDueDiligence/runs/pi3k_alpha_inhibition_resistance_review_20260830/Phase1_PubmedCollection/passes/pass_002/artifacts/fulltext_import/PMC_XML/normalized/PMC5050154.json,keep,"A title, sentence, or local section-level window connects primary run entities, declared mechanism/evidence terms, and required outcome terms.",high,high,central,high
pmid-27576731,27576731,PMC5241894,10.1093/jnci/djw182,IGF-1R and mTOR Blockade: Novel Resistance Mechanisms and Synergistic Drug Combinations for Ewing Sarcoma.,pdf_grobid,/Users/xingmeng/.openclaw/workspaces/staff-scientist-ideker/agent_LiteratureDueDiligence/runs/pi3k_alpha_inhibition_resistance_review_20260830/Phase1_PubmedCollection/passes/pass_002/artifacts/fulltext_import/PDF/normalized/pmid-27576731.json,drop,Readable full text is dominated by run-specific exclusion or deferred-context signals.,low,low,incidental,medium
pmid-27528220,27528220,PMC5308688,10.18632/oncotarget.11237,Mutational profiling of non-small-cell lung cancer patients resistant to first-generation EGFR tyrosine kinase inhibitors using next generation sequencing.,pmc_xml,/Users/xingmeng/.openclaw/workspaces/staff-scientist-ideker/agent_LiteratureDueDiligence/runs/pi3k_alpha_inhibition_resistance_review_20260830/Phase1_PubmedCollection/passes/pass_002/artifacts/fulltext_import/PMC_XML/normalized/PMC5308688.json,drop,Readable full text is dominated by run-specific exclusion or deferred-context signals.,low,low,incidental,medium
pmid-27451907,27451907,PMC4982440,10.1016/j.ccell.2016.06.004,PDK1-SGK1 Signaling Sustains AKT-Independent mTORC1 Activation and Confers Resistance to PI3Kα Inhibition.,pmc_xml,/Users/xingmeng/.openclaw/workspaces/staff-scientist-ideker/agent_LiteratureDueDiligence/runs/pi3k_alpha_inhibition_resistance_review_20260830/Phase1_PubmedCollection/passes/pass_002/artifacts/fulltext_import/PMC_XML/normalized/PMC4982440.json,drop,Readable full text is dominated by run-specific exclusion or deferred-context signals.,low,low,incidental,medium
pmid-27171498,27171498,,10.1002/path.4743,Suppression of SPIN1-mediated PI3K-Akt pathway by miR-489 increases chemosensitivity in breast cancer.,pdf_grobid,/Users/xingmeng/.openclaw/workspaces/staff-scientist-ideker/agent_LiteratureDueDiligence/runs/pi3k_alpha_inhibition_resistance_review_20260830/Phase1_PubmedCollection/passes/pass_002/artifacts/fulltext_import/PDF/normalized/pmid-27171498.json,keep,"A title, sentence, or local section-level window connects primary run entities, declared mechanism/evidence terms, and required outcome terms.",high,high,central,high
pmid-27157620,27157620,PMC5102814,10.1038/onc.2016.155,FBXO10 deficiency and BTK activation upregulate BCL2 expression in mantle cell lymphoma.,pmc_xml,/Users/xingmeng/.openclaw/workspaces/staff-scientist-ideker/agent_LiteratureDueDiligence/runs/pi3k_alpha_inhibition_resistance_review_20260830/Phase1_PubmedCollection/passes/pass_002/artifacts/fulltext_import/PMC_XML/normalized/PMC5102814.json,drop,Readable full text is dominated by run-specific exclusion or deferred-context signals.,low,low,incidental,medium
pmid-27035903,27035903,PMC4818107,10.1371/journal.pcbi.1004827,"HER2+ Cancer Cell Dependence on PI3K vs. MAPK Signaling Axes Is Determined by Expression of EGFR, ERBB3 and CDKN1B.",pmc_xml,/Users/xingmeng/.openclaw/workspaces/staff-scientist-ideker/agent_LiteratureDueDiligence/runs/pi3k_alpha_inhibition_resistance_review_20260830/Phase1_PubmedCollection/passes/pass_002/artifacts/fulltext_import/PMC_XML/normalized/PMC4818107.json,drop,Readable full text is dominated by run-specific exclusion or deferred-context signals.,low,low,incidental,medium
pmid-26968843,26968843,PMC4788951,10.1186/s12885-016-2249-6,Mutational status of synchronous and metachronous tumor samples in patients with metastatic non-small-cell lung cancer.,pmc_xml,/Users/xingmeng/.openclaw/workspaces/staff-scientist-ideker/agent_LiteratureDueDiligence/runs/pi3k_alpha_inhibition_resistance_review_20260830/Phase1_PubmedCollection/passes/pass_002/artifacts/fulltext_import/PMC_XML/normalized/PMC4788951.json,drop,Readable full text is dominated by run-specific exclusion or deferred-context signals.,low,low,incidental,medium
pmid-26862733,26862733,PMC4914294,10.18632/oncotarget.7189,The mechanism of acquired resistance to irreversible EGFR tyrosine kinase inhibitor-afatinib in lung adenocarcinoma patients.,pmc_xml,/Users/xingmeng/.openclaw/workspaces/staff-scientist-ideker/agent_LiteratureDueDiligence/runs/pi3k_alpha_inhibition_resistance_review_20260830/Phase1_PubmedCollection/passes/pass_002/artifacts/fulltext_import/PMC_XML/normalized/PMC4914294.json,keep,"A title, sentence, or local section-level window connects primary run entities, declared mechanism/evidence terms, and required outcome terms.",high,high,central,high
pmid-26224873,26224873,,10.1158/1078-0432.CCR-14-3081,Tankyrase Inhibition Blocks Wnt/β-Catenin Pathway and Reverts Resistance to PI3K and AKT Inhibitors in the Treatment of Colorectal Cancer.,pdf_grobid,/Users/xingmeng/.openclaw/workspaces/staff-scientist-ideker/agent_LiteratureDueDiligence/runs/pi3k_alpha_inhibition_resistance_review_20260830/Phase1_PubmedCollection/passes/pass_002/artifacts/fulltext_import/PDF/normalized/pmid-26224873.json,keep,"A title, sentence, or local section-level window connects primary run entities, declared mechanism/evidence terms, and required outcome terms.",high,high,central,high
pmid-26791794,26791794,PMC4724060,10.1016/j.lungcan.2015.10.028,Responses to the multitargeted MET/ALK/ROS1 inhibitor crizotinib and co-occurring mutations in lung adenocarcinomas with MET amplification or MET exon 14 skipping mutation.,pmc_xml,/Users/xingmeng/.openclaw/workspaces/staff-scientist-ideker/agent_LiteratureDueDiligence/runs/pi3k_alpha_inhibition_resistance_review_20260830/Phase1_PubmedCollection/passes/pass_002/artifacts/fulltext_import/PMC_XML/normalized/PMC4724060.json,drop,Readable full text is dominated by run-specific exclusion or deferred-context signals.,low,low,incidental,medium
pmid-26404261,26404261,PMC4613347,10.3390/ijms160922976,Dual Inhibition of MEK and PI3K Pathway in KRAS and BRAF Mutated Colorectal Cancers.,pmc_xml,/Users/xingmeng/.openclaw/workspaces/staff-scientist-ideker/agent_LiteratureDueDiligence/runs/pi3k_alpha_inhibition_resistance_review_20260830/Phase1_PubmedCollection/passes/pass_002/artifacts/fulltext_import/PMC_XML/normalized/PMC4613347.json,drop,Readable full text is dominated by run-specific exclusion or deferred-context signals.,low,low,incidental,medium
pmid-26400668,26400668,PMC4585860,10.1038/srep14447,Small cell lung cancer transformation and T790M mutation: complimentary roles in acquired resistance to kinase inhibitors in lung cancer.,pmc_xml,/Users/xingmeng/.openclaw/workspaces/staff-scientist-ideker/agent_LiteratureDueDiligence/runs/pi3k_alpha_inhibition_resistance_review_20260830/Phase1_PubmedCollection/passes/pass_002/artifacts/fulltext_import/PMC_XML/normalized/PMC4585860.json,drop,Readable full text is dominated by run-specific exclusion or deferred-context signals.,low,low,incidental,medium
pmid-26333383,26333383,PMC4636465,10.1158/1535-7163.MCT-15-0383,Dual HER2/PIK3CA Targeting Overcomes Single-Agent Acquired Resistance in HER2-Amplified Uterine Serous Carcinoma Cell Lines In Vitro and In Vivo.,pmc_xml,/Users/xingmeng/.openclaw/workspaces/staff-scientist-ideker/agent_LiteratureDueDiligence/runs/pi3k_alpha_inhibition_resistance_review_20260830/Phase1_PubmedCollection/passes/pass_002/artifacts/fulltext_import/PMC_XML/normalized/PMC4636465.json,drop,Readable full text is dominated by run-specific exclusion or deferred-context signals.,low,low,incidental,medium
pmid-26289070,26289070,PMC4681594,10.1158/1078-0432.CCR-14-3283,Preclinical Efficacy of Ron Kinase Inhibitors Alone and in Combination with PI3K Inhibitors for Treatment of sfRon-Expressing Breast Cancer Patient-Derived Xenografts.,pmc_xml,/Users/xingmeng/.openclaw/workspaces/staff-scientist-ideker/agent_LiteratureDueDiligence/runs/pi3k_alpha_inhibition_resistance_review_20260830/Phase1_PubmedCollection/passes/pass_002/artifacts/fulltext_import/PMC_XML/normalized/PMC4681594.json,drop,Readable full text is dominated by run-specific exclusion or deferred-context signals.,low,low,incidental,medium
pmid-26187428,26187428,,10.1016/j.lungcan.2015.06.021,Emergence of RET rearrangement co-existing with activated EGFR mutation in EGFR-mutated NSCLC patients who had progressed on first- or second-generation EGFR TKI.,pdf_grobid,/Users/xingmeng/.openclaw/workspaces/staff-scientist-ideker/agent_LiteratureDueDiligence/runs/pi3k_alpha_inhibition_resistance_review_20260830/Phase1_PubmedCollection/passes/pass_002/artifacts/fulltext_import/PDF/normalized/pmid-26187428.json,drop,Readable full text is dominated by run-specific exclusion or deferred-context signals.,low,low,incidental,medium
pmid-26018876,26018876,PMC4491691,10.3390/cancers7020816,Targeted Therapies in Non-Small Cell Lung Cancer-Beyond EGFR and ALK.,pmc_xml,/Users/xingmeng/.openclaw/workspaces/staff-scientist-ideker/agent_LiteratureDueDiligence/runs/pi3k_alpha_inhibition_resistance_review_20260830/Phase1_PubmedCollection/passes/pass_002/artifacts/fulltext_import/PMC_XML/normalized/PMC4491691.json,drop,Readable full text is dominated by run-specific exclusion or deferred-context signals.,low,low,incidental,medium
pmid-25889309,25889309,PMC4332724,10.1186/s12967-015-0405-4,Tumour pharmacodynamics and circulating cell free DNA in patients with refractory colorectal carcinoma treated with regorafenib.,pmc_xml,/Users/xingmeng/.openclaw/workspaces/staff-scientist-ideker/agent_LiteratureDueDiligence/runs/pi3k_alpha_inhibition_resistance_review_20260830/Phase1_PubmedCollection/passes/pass_002/artifacts/fulltext_import/PMC_XML/normalized/PMC4332724.json,drop,Readable full text is dominated by run-specific exclusion or deferred-context signals.,low,low,incidental,medium
pmid-25886409,25886409,PMC4374284,10.1186/s12885-015-1139-7,Successful control of heavily pretreated metastatic gastric cancer with the mTOR inhibitor everolimus (RAD001) in a patient with PIK3CA mutation and pS6 overexpression.,pmc_xml,/Users/xingmeng/.openclaw/workspaces/staff-scientist-ideker/agent_LiteratureDueDiligence/runs/pi3k_alpha_inhibition_resistance_review_20260830/Phase1_PubmedCollection/passes/pass_002/artifacts/fulltext_import/PMC_XML/normalized/PMC4374284.json,drop,Readable full text is dominated by run-specific exclusion or deferred-context signals.,low,low,incidental,medium
pmid-25636880,25636880,,10.1016/j.phymed.2014.11.011,Pharmacogenomic and molecular docking studies on the cytotoxicity of the natural steroid wortmannin against multidrug-resistant tumor cells.,pdf_grobid,/Users/xingmeng/.openclaw/workspaces/staff-scientist-ideker/agent_LiteratureDueDiligence/runs/pi3k_alpha_inhibition_resistance_review_20260830/Phase1_PubmedCollection/passes/pass_002/artifacts/fulltext_import/PDF/normalized/pmid-25636880.json,keep,"A title, sentence, or local section-level window connects primary run entities, declared mechanism/evidence terms, and required outcome terms.",high,high,central,high
pmid-25593016,25593016,PMC4857706,10.1016/j.oraloncology.2014.12.013,"A randomized, phase 2 trial of docetaxel with or without PX-866, an irreversible oral phosphatidylinositol 3-kinase inhibitor, in patients with relapsed or metastatic head and neck squamous cell cancer.",pmc_xml,/Users/xingmeng/.openclaw/workspaces/staff-scientist-ideker/agent_LiteratureDueDiligence/runs/pi3k_alpha_inhibition_resistance_review_20260830/Phase1_PubmedCollection/passes/pass_002/artifacts/fulltext_import/PMC_XML/normalized/PMC4857706.json,drop,Readable full text is dominated by run-specific exclusion or deferred-context signals.,low,low,incidental,medium
pmid-25556614,25556614,PMC4302085,10.5732/cjc.014.10289,The PI3K/Akt/mTOR pathway in ovarian cancer: therapeutic opportunities and challenges.,pmc_xml,/Users/xingmeng/.openclaw/workspaces/staff-scientist-ideker/agent_LiteratureDueDiligence/runs/pi3k_alpha_inhibition_resistance_review_20260830/Phase1_PubmedCollection/passes/pass_002/artifacts/fulltext_import/PMC_XML/normalized/PMC4302085.json,drop,Readable full text is dominated by run-specific exclusion or deferred-context signals.,low,low,incidental,medium
pmid-25472943,25472943,PMC4320669,10.1158/2159-8290.CD-14-0856,PI3'-kinase inhibition forestalls the onset of MEK1/2 inhibitor resistance in BRAF-mutated melanoma.,pmc_xml,/Users/xingmeng/.openclaw/workspaces/staff-scientist-ideker/agent_LiteratureDueDiligence/runs/pi3k_alpha_inhibition_resistance_review_20260830/Phase1_PubmedCollection/passes/pass_002/artifacts/fulltext_import/PMC_XML/normalized/PMC4320669.json,drop,Readable full text is dominated by run-specific exclusion or deferred-context signals.,low,low,incidental,medium
pmid-25409150,25409150,PMC4326538,10.1038/nature13948,Convergent loss of PTEN leads to clinical resistance to a PI(3)Kα inhibitor.,pmc_xml,/Users/xingmeng/.openclaw/workspaces/staff-scientist-ideker/agent_LiteratureDueDiligence/runs/pi3k_alpha_inhibition_resistance_review_20260830/Phase1_PubmedCollection/passes/pass_002/artifacts/fulltext_import/PMC_XML/normalized/PMC4326538.json,drop,Readable full text is dominated by run-specific exclusion or deferred-context signals.,low,low,incidental,medium
pmid-25242168,25242168,PMC4323738,10.1002/ijc.29225,"Potent antitumor activity of cabozantinib, a c-MET and VEGFR2 inhibitor, in a colorectal cancer patient-derived tumor explant model.",pmc_xml,/Users/xingmeng/.openclaw/workspaces/staff-scientist-ideker/agent_LiteratureDueDiligence/runs/pi3k_alpha_inhibition_resistance_review_20260830/Phase1_PubmedCollection/passes/pass_002/artifacts/fulltext_import/PMC_XML/normalized/PMC4323738.json,drop,Readable full text is dominated by run-specific exclusion or deferred-context signals.,low,low,incidental,medium
pmid-25444464,25444464,PMC5489410,10.1016/j.clcc.2014.09.001,"Ganetespib, a novel Hsp90 inhibitor in patients with KRAS mutated and wild type, refractory metastatic colorectal cancer.",pmc_xml,/Users/xingmeng/.openclaw/workspaces/staff-scientist-ideker/agent_LiteratureDueDiligence/runs/pi3k_alpha_inhibition_resistance_review_20260830/Phase1_PubmedCollection/passes/pass_002/artifacts/fulltext_import/PMC_XML/normalized/PMC5489410.json,drop,Readable full text is dominated by run-specific exclusion or deferred-context signals.,low,low,incidental,medium
pmid-25277176,25277176,PMC4202123,10.18632/oncotarget.2439,The structural basis for cancer treatment decisions.,pmc_xml,/Users/xingmeng/.openclaw/workspaces/staff-scientist-ideker/agent_LiteratureDueDiligence/runs/pi3k_alpha_inhibition_resistance_review_20260830/Phase1_PubmedCollection/passes/pass_002/artifacts/fulltext_import/PMC_XML/normalized/PMC4202123.json,drop,Readable full text is dominated by run-specific exclusion or deferred-context signals.,low,low,incidental,medium
pmid-25119929,25119929,PMC4131855,10.1371/journal.pone.0093676,Novel secondary somatic mutations in Ewing's sarcoma and desmoplastic small round cell tumors.,pmc_xml,/Users/xingmeng/.openclaw/workspaces/staff-scientist-ideker/agent_LiteratureDueDiligence/runs/pi3k_alpha_inhibition_resistance_review_20260830/Phase1_PubmedCollection/passes/pass_002/artifacts/fulltext_import/PMC_XML/normalized/PMC4131855.json,drop,Readable full text is dominated by run-specific exclusion or deferred-context signals.,low,low,incidental,medium
pmid-25051360,25051360,PMC4148087,10.18632/oncotarget.2209,Deregulation of the EGFR/PI3K/PTEN/Akt/mTORC1 pathway in breast cancer: possibilities for therapeutic intervention.,pmc_xml,/Users/xingmeng/.openclaw/workspaces/staff-scientist-ideker/agent_LiteratureDueDiligence/runs/pi3k_alpha_inhibition_resistance_review_20260830/Phase1_PubmedCollection/passes/pass_002/artifacts/fulltext_import/PMC_XML/normalized/PMC4148087.json,keep,"A title, sentence, or local section-level window connects primary run entities, declared mechanism/evidence terms, and required outcome terms.",high,high,central,high
pmid-25002028,25002028,PMC4155598,10.1016/j.ccr.2014.05.020,CDK 4/6 inhibitors sensitize PIK3CA mutant breast cancer to PI3K inhibitors.,pmc_xml,/Users/xingmeng/.openclaw/workspaces/staff-scientist-ideker/agent_LiteratureDueDiligence/runs/pi3k_alpha_inhibition_resistance_review_20260830/Phase1_PubmedCollection/passes/pass_002/artifacts/fulltext_import/PMC_XML/normalized/PMC4155598.json,keep,"A title, sentence, or local section-level window connects primary run entities, declared mechanism/evidence terms, and required outcome terms.",high,high,central,high
pmid-24758538,24758538,,10.2174/1568026614666140423121525,The Emerging Role of NRAS Mutations in Colorectal Cancer Patients Selected for Anti-EGFR Therapies.,pdf_grobid,/Users/xingmeng/.openclaw/workspaces/staff-scientist-ideker/agent_LiteratureDueDiligence/runs/pi3k_alpha_inhibition_resistance_review_20260830/Phase1_PubmedCollection/passes/pass_002/artifacts/fulltext_import/PDF/normalized/pmid-24758538.json,drop,Readable full text is dominated by run-specific exclusion or deferred-context signals.,low,low,incidental,medium
pmid-24663045,24663045,PMC3986383,10.1200/JCO.2013.54.0518,Stand up to cancer phase Ib study of pan-phosphoinositide-3-kinase inhibitor buparlisib with letrozole in estrogen receptor-positive/human epidermal growth factor receptor 2-negative metastatic breast cancer.,pdf_grobid,/Users/xingmeng/.openclaw/workspaces/staff-scientist-ideker/agent_LiteratureDueDiligence/runs/pi3k_alpha_inhibition_resistance_review_20260830/Phase1_PubmedCollection/passes/pass_002/artifacts/fulltext_import/PDF/normalized/pmid-24663045.json,keep,"A title, sentence, or local section-level window connects primary run entities, declared mechanism/evidence terms, and required outcome terms.",high,high,central,high
pmid-24467828,24467828,PMC3978618,10.1186/bcr3606,"PIK3CA mutations, phosphatase and tensin homolog, human epidermal growth factor receptor 2, and insulin-like growth factor 1 receptor and adjuvant tamoxifen resistance in postmenopausal breast cancer patients.",pmc_xml,/Users/xingmeng/.openclaw/workspaces/staff-scientist-ideker/agent_LiteratureDueDiligence/runs/pi3k_alpha_inhibition_resistance_review_20260830/Phase1_PubmedCollection/passes/pass_002/artifacts/fulltext_import/PMC_XML/normalized/PMC3978618.json,drop,Readable full text is dominated by run-specific exclusion or deferred-context signals.,low,low,incidental,medium
pmid-24451154,24451154,PMC3978602,10.1186/bcr3601,Direct inhibition of PI3K in combination with dual HER2 inhibitors is required for optimal antitumor activity in HER2+ breast cancer cells.,pmc_xml,/Users/xingmeng/.openclaw/workspaces/staff-scientist-ideker/agent_LiteratureDueDiligence/runs/pi3k_alpha_inhibition_resistance_review_20260830/Phase1_PubmedCollection/passes/pass_002/artifacts/fulltext_import/PMC_XML/normalized/PMC3978602.json,keep,"A title, sentence, or local section-level window connects primary run entities, declared mechanism/evidence terms, and required outcome terms.",high,high,central,high
pmid-24369725,24369725,PMC3877961,10.1186/1471-2407-13-606,Mechanisms of acquired resistance to EGFR-tyrosine kinase inhibitor in Korean patients with lung cancer.,pmc_xml,/Users/xingmeng/.openclaw/workspaces/staff-scientist-ideker/agent_LiteratureDueDiligence/runs/pi3k_alpha_inhibition_resistance_review_20260830/Phase1_PubmedCollection/passes/pass_002/artifacts/fulltext_import/PMC_XML/normalized/PMC3877961.json,keep,"A title, sentence, or local section-level window connects primary run entities, declared mechanism/evidence terms, and required outcome terms.",high,high,central,high
pmid-24366379,24366379,PMC3940863,10.1038/oncsis.2013.46,Acquired PIK3CA amplification causes resistance to selective phosphoinositide 3-kinase inhibitors in breast cancer.,pmc_xml,/Users/xingmeng/.openclaw/workspaces/staff-scientist-ideker/agent_LiteratureDueDiligence/runs/pi3k_alpha_inhibition_resistance_review_20260830/Phase1_PubmedCollection/passes/pass_002/artifacts/fulltext_import/PMC_XML/normalized/PMC3940863.json,keep,"A title, sentence, or local section-level window connects primary run entities, declared mechanism/evidence terms, and required outcome terms.",high,high,central,high
pmid-23470965,23470965,PMC3630270,10.1158/1078-0432.CCR-12-2246,Analysis of tumor specimens at the time of acquired resistance to EGFR-TKI therapy in 155 patients with EGFR-mutant lung cancers.,pmc_xml,/Users/xingmeng/.openclaw/workspaces/staff-scientist-ideker/agent_LiteratureDueDiligence/runs/pi3k_alpha_inhibition_resistance_review_20260830/Phase1_PubmedCollection/passes/pass_002/artifacts/fulltext_import/PMC_XML/normalized/PMC3630270.json,keep,"A title, sentence, or local section-level window connects primary run entities, declared mechanism/evidence terms, and required outcome terms.",high,high,central,high
pmid-23470635,23470635,PMC3712576,10.18632/oncotarget.864,BRAF mutant gastrointestinal stromal tumor: first report of regression with BRAF inhibitor dabrafenib (GSK2118436) and whole exomic sequencing for analysis of acquired resistance.,pmc_xml,/Users/xingmeng/.openclaw/workspaces/staff-scientist-ideker/agent_LiteratureDueDiligence/runs/pi3k_alpha_inhibition_resistance_review_20260830/Phase1_PubmedCollection/passes/pass_002/artifacts/fulltext_import/PMC_XML/normalized/PMC3712576.json,keep,"A title, sentence, or local section-level window connects primary run entities, declared mechanism/evidence terms, and required outcome terms.",high,high,central,high
pmid-23384718,23384718,PMC3805493,10.1016/j.oraloncology.2012.12.016,"A phase II study of temsirolimus and erlotinib in patients with recurrent and/or metastatic, platinum-refractory head and neck squamous cell carcinoma.",pmc_xml,/Users/xingmeng/.openclaw/workspaces/staff-scientist-ideker/agent_LiteratureDueDiligence/runs/pi3k_alpha_inhibition_resistance_review_20260830/Phase1_PubmedCollection/passes/pass_002/artifacts/fulltext_import/PMC_XML/normalized/PMC3805493.json,drop,Readable full text is dominated by run-specific exclusion or deferred-context signals.,low,low,incidental,medium
pmid-23251002,23251002,PMC3563727,10.1158/1078-0432.CCR-11-1446,Resistance to BRAF inhibition in BRAF-mutant colon cancer can be overcome with PI3K inhibition or demethylating agents.,pmc_xml,/Users/xingmeng/.openclaw/workspaces/staff-scientist-ideker/agent_LiteratureDueDiligence/runs/pi3k_alpha_inhibition_resistance_review_20260830/Phase1_PubmedCollection/passes/pass_002/artifacts/fulltext_import/PMC_XML/normalized/PMC3563727.json,drop,Readable full text is dominated by run-specific exclusion or deferred-context signals.,low,low,incidental,medium
pmid-23200321,23200321,PMC3661759,10.1016/j.molonc.2012.11.001,Molecular phenotype predicts sensitivity of squamous cell carcinoma of the head and neck to epidermal growth factor receptor inhibition.,pdf_grobid,/Users/xingmeng/.openclaw/workspaces/staff-scientist-ideker/agent_LiteratureDueDiligence/runs/pi3k_alpha_inhibition_resistance_review_20260830/Phase1_PubmedCollection/passes/pass_002/artifacts/fulltext_import/PDF/normalized/pmid-23200321.json,drop,Readable full text is dominated by run-specific exclusion or deferred-context signals.,low,low,incidental,medium
pmid-23006971,23006971,PMC3660063,10.18632/oncotarget.652,Mutations and deregulation of Ras/Raf/MEK/ERK and PI3K/PTEN/Akt/mTOR cascades which alter therapy response.,pmc_xml,/Users/xingmeng/.openclaw/workspaces/staff-scientist-ideker/agent_LiteratureDueDiligence/runs/pi3k_alpha_inhibition_resistance_review_20260830/Phase1_PubmedCollection/passes/pass_002/artifacts/fulltext_import/PMC_XML/normalized/PMC3660063.json,drop,Readable full text is dominated by run-specific exclusion or deferred-context signals.,low,low,incidental,medium
pmid-22932669,22932669,PMC3772348,10.1158/1078-0432.CCR-12-1141,Biomarkers of response to Akt inhibitor MK-2206 in breast cancer.,pmc_xml,/Users/xingmeng/.openclaw/workspaces/staff-scientist-ideker/agent_LiteratureDueDiligence/runs/pi3k_alpha_inhibition_resistance_review_20260830/Phase1_PubmedCollection/passes/pass_002/artifacts/fulltext_import/PMC_XML/normalized/PMC3772348.json,drop,Readable full text is dominated by run-specific exclusion or deferred-context signals.,low,low,incidental,medium
pmid-22696593,22696593,PMC3514899,10.1093/carcin/bgs203,Sorafenib enhances the therapeutic efficacy of rapamycin in colorectal cancers harboring oncogenic KRAS and PIK3CA.,pdf_grobid,/Users/xingmeng/.openclaw/workspaces/staff-scientist-ideker/agent_LiteratureDueDiligence/runs/pi3k_alpha_inhibition_resistance_review_20260830/Phase1_PubmedCollection/passes/pass_002/artifacts/fulltext_import/PDF/normalized/pmid-22696593.json,drop,Readable full text is dominated by run-specific exclusion or deferred-context signals.,low,low,incidental,medium
pmid-22487539,22487539,PMC3738300,10.1016/j.ygyno.2012.04.006,Perifosine plus docetaxel in patients with platinum and taxane resistant or refractory high-grade epithelial ovarian cancer.,pmc_xml,/Users/xingmeng/.openclaw/workspaces/staff-scientist-ideker/agent_LiteratureDueDiligence/runs/pi3k_alpha_inhibition_resistance_review_20260830/Phase1_PubmedCollection/passes/pass_002/artifacts/fulltext_import/PMC_XML/normalized/PMC3738300.json,drop,Readable full text is dominated by run-specific exclusion or deferred-context signals.,low,low,incidental,medium
pmid-21822122,21822122,,10.1097/CAD.0b013e32834a149c,Mechanism of EGER-related cancer drug resistance.,pdf_grobid,/Users/xingmeng/.openclaw/workspaces/staff-scientist-ideker/agent_LiteratureDueDiligence/runs/pi3k_alpha_inhibition_resistance_review_20260830/Phase1_PubmedCollection/passes/pass_002/artifacts/fulltext_import/PDF/normalized/pmid-21822122.json,keep,"A title, sentence, or local section-level window connects primary run entities, declared mechanism/evidence terms, and required outcome terms.",high,high,central,high
pmid-21430269,21430269,PMC3132801,10.1126/scitranslmed.3002003,Genotypic and histological evolution of lung cancers acquiring resistance to EGFR inhibitors.,pmc_xml,/Users/xingmeng/.openclaw/workspaces/staff-scientist-ideker/agent_LiteratureDueDiligence/runs/pi3k_alpha_inhibition_resistance_review_20260830/Phase1_PubmedCollection/passes/pass_002/artifacts/fulltext_import/PMC_XML/normalized/PMC3132801.json,keep,"A title, sentence, or local section-level window connects primary run entities, declared mechanism/evidence terms, and required outcome terms.",high,high,central,high
pmid-21414654,21414654,PMC3100412,10.1016/j.ygyno.2011.02.013,"A Gynecologic Oncology Group phase II trial of the protein kinase C-beta inhibitor, enzastaurin and evaluation of markers with potential predictive and prognostic value in persistent or recurrent epithelial ovarian and primary peritoneal malignancies.",pmc_xml,/Users/xingmeng/.openclaw/workspaces/staff-scientist-ideker/agent_LiteratureDueDiligence/runs/pi3k_alpha_inhibition_resistance_review_20260830/Phase1_PubmedCollection/passes/pass_002/artifacts/fulltext_import/PMC_XML/normalized/PMC3100412.json,drop,Readable full text is dominated by run-specific exclusion or deferred-context signals.,low,low,incidental,medium
pmid-20825420,20825420,,10.1111/j.1349-7006.2010.01711.x,Mechanisms of resistance to anti-human epidermal growth factor receptor 2 agents in breast cancer.,pdf_grobid,/Users/xingmeng/.openclaw/workspaces/staff-scientist-ideker/agent_LiteratureDueDiligence/runs/pi3k_alpha_inhibition_resistance_review_20260830/Phase1_PubmedCollection/passes/pass_002/artifacts/fulltext_import/PDF/normalized/pmid-20825420.json,drop,Readable full text is dominated by run-specific exclusion or deferred-context signals.,low,low,incidental,medium
pmid-20699365,20699365,PMC3178450,10.1158/0008-5472.CAN-10-0409,PIK3CA mutation uncouples tumor growth and cyclin D1 regulation from MEK/ERK and mutant KRAS signaling.,pmc_xml,/Users/xingmeng/.openclaw/workspaces/staff-scientist-ideker/agent_LiteratureDueDiligence/runs/pi3k_alpha_inhibition_resistance_review_20260830/Phase1_PubmedCollection/passes/pass_002/artifacts/fulltext_import/PMC_XML/normalized/PMC3178450.json,drop,Readable full text is dominated by run-specific exclusion or deferred-context signals.,low,low,incidental,medium
pmid-19010894,19010894,PMC2587064,10.1158/0008-5472.CAN-08-1740,Phosphatidylinositol 3-kinase hyperactivation results in lapatinib resistance that is reversed by the mTOR/phosphatidylinositol 3-kinase inhibitor NVP-BEZ235.,pmc_xml,/Users/xingmeng/.openclaw/workspaces/staff-scientist-ideker/agent_LiteratureDueDiligence/runs/pi3k_alpha_inhibition_resistance_review_20260830/Phase1_PubmedCollection/passes/pass_002/artifacts/fulltext_import/PMC_XML/normalized/PMC2587064.json,drop,Readable full text is dominated by run-specific exclusion or deferred-context signals.,low,low,incidental,medium
pmid-16906227,16906227,PMC1570180,10.1172/JCI28656,Allelic dilution obscures detection of a biologically significant resistance mutation in EGFR-amplified lung cancer.,pdf_grobid,/Users/xingmeng/.openclaw/workspaces/staff-scientist-ideker/agent_LiteratureDueDiligence/runs/pi3k_alpha_inhibition_resistance_review_20260830/Phase1_PubmedCollection/passes/pass_002/artifacts/fulltext_import/PDF/normalized/pmid-16906227.json,drop,Readable full text is dominated by run-specific exclusion or deferred-context signals.,low,low,incidental,medium
