paper_id,pmid,pmcid,doi,title,normalized_source_type,normalized_path,fulltext_decision,fulltext_rationale,mechanistic_relevance,objective_relevance,topic_centrality,review_confidence
pmid-42539190,42539190,PMC13419777,10.64898/2026.07.21.739879,The HIV-1 restriction factor RPRD2 does not inhibit transcription of HIV-1 or endogenous retroelements.,pmc_xml,/Users/xingmeng/.openclaw/workspaces/staff-scientist-ideker/agenticWorkflow_LiteratureScreeningAndFullTextReview/runs/host_pathogen_shared_mechanisms_apms_20260826/passes/pass_002/artifacts/fulltext_import/PMC_XML/normalized/PMC13419777.json,keep,"Full text centers a primary virus and provides assay-supported host interaction, host factor, or pathway mechanism evidence.",high,high,central,high
pmid-42515605,42515605,PMC13431474,10.3390/v18070753,MicroRNAs Regulated by Pregnancy Target Antiviral and Cancer Immunity Overlapping with the HIV Interactome.,pmc_xml,/Users/xingmeng/.openclaw/workspaces/staff-scientist-ideker/agenticWorkflow_LiteratureScreeningAndFullTextReview/runs/host_pathogen_shared_mechanisms_apms_20260826/passes/pass_002/artifacts/fulltext_import/PMC_XML/normalized/PMC13431474.json,keep,"Full text centers a primary virus and provides assay-supported host interaction, host factor, or pathway mechanism evidence.",high,high,central,high
pmid-42507754,42507754,PMC13405069,10.1371/journal.ppat.1014400,VRK3 promotes KSHV infection by suppressing the antiviral type I interferon response.,pmc_xml,/Users/xingmeng/.openclaw/workspaces/staff-scientist-ideker/agenticWorkflow_LiteratureScreeningAndFullTextReview/runs/host_pathogen_shared_mechanisms_apms_20260826/passes/pass_002/artifacts/fulltext_import/PMC_XML/normalized/PMC13405069.json,keep,"Full text centers a primary virus and provides assay-supported host interaction, host factor, or pathway mechanism evidence.",high,high,central,high
pmid-42418426,42418426,PMC13345423,10.1371/journal.ppat.1014376,Independent proviral and antiviral host factors recognize the same capsid protein in divergent human herpesviruses.,pmc_xml,/Users/xingmeng/.openclaw/workspaces/staff-scientist-ideker/agenticWorkflow_LiteratureScreeningAndFullTextReview/runs/host_pathogen_shared_mechanisms_apms_20260826/passes/pass_002/artifacts/fulltext_import/PMC_XML/normalized/PMC13345423.json,keep,"Full text contains useful host-pathogen assay or pathway evidence, but the primary-virus mechanism is less central than in direct papers.",medium,medium,supporting,medium
pmid-42391313,42391313,PMC13345468,10.1371/journal.ppat.1014415,"RNF31 restricts EV-A71 replication through innate immune activation and VP4 degradation, and is antagonized by viral 3C proteases.",pmc_xml,/Users/xingmeng/.openclaw/workspaces/staff-scientist-ideker/agenticWorkflow_LiteratureScreeningAndFullTextReview/runs/host_pathogen_shared_mechanisms_apms_20260826/passes/pass_002/artifacts/fulltext_import/PMC_XML/normalized/PMC13345468.json,keep,"Full text contains useful host-pathogen assay or pathway evidence, but the primary-virus mechanism is less central than in direct papers.",medium,medium,supporting,medium
pmid-42391287,42391287,PMC13334546,10.1099/jgv.0.002288,"GRHAL1, a novel lncRNA, regulates HIV-1 gene expression by modulating Tat- and Sp1-mediated HIV-1 LTR activation.",pmc_xml,/Users/xingmeng/.openclaw/workspaces/staff-scientist-ideker/agenticWorkflow_LiteratureScreeningAndFullTextReview/runs/host_pathogen_shared_mechanisms_apms_20260826/passes/pass_002/artifacts/fulltext_import/PMC_XML/normalized/PMC13334546.json,keep,Full text links a primary virus to a host factor or host pathway mechanism.,high,high,central,medium
pmid-42312836,42312836,PMC13386948,10.1128/jvi.00638-26,Palmitoylation of CLDN12 regulated by ZDHHC7 and APT1/2 promotes hepatitis C virus entry.,pmc_xml,/Users/xingmeng/.openclaw/workspaces/staff-scientist-ideker/agenticWorkflow_LiteratureScreeningAndFullTextReview/runs/host_pathogen_shared_mechanisms_apms_20260826/passes/pass_002/artifacts/fulltext_import/PMC_XML/normalized/PMC13386948.json,keep,Full text links a primary virus to a host factor or host pathway mechanism.,high,high,central,medium
pmid-42287495,42287495,PMC13264558,10.1007/s00705-026-06669-3,The role of DPP4 in viral infections: from receptor biology to antiviral target.,pmc_xml,/Users/xingmeng/.openclaw/workspaces/staff-scientist-ideker/agenticWorkflow_LiteratureScreeningAndFullTextReview/runs/host_pathogen_shared_mechanisms_apms_20260826/passes/pass_002/artifacts/fulltext_import/PMC_XML/normalized/PMC13264558.json,keep,"Full text contains useful host-pathogen assay or pathway evidence, but the primary-virus mechanism is less central than in direct papers.",medium,medium,supporting,medium
pmid-42253925,42253925,PMC13240522,10.1002/mco2.70785,Human Coronavirus 229E Uses ORF4/4a to Antagonize the Host Restriction Factor SERINC5.,pmc_xml,/Users/xingmeng/.openclaw/workspaces/staff-scientist-ideker/agenticWorkflow_LiteratureScreeningAndFullTextReview/runs/host_pathogen_shared_mechanisms_apms_20260826/passes/pass_002/artifacts/fulltext_import/PMC_XML/normalized/PMC13240522.json,keep,"Full text has plausible host pathway or host-factor mechanism context for a primary virus, but evidence is not strongly assay-centered.",medium,medium,supporting,low
pmid-42231789,42231789,PMC13336449,10.1002/advs.202521781,UCHL3 Regulates Subgenomic Flaviviral RNA Condensates to Promote Virus Propagation.,pmc_xml,/Users/xingmeng/.openclaw/workspaces/staff-scientist-ideker/agenticWorkflow_LiteratureScreeningAndFullTextReview/runs/host_pathogen_shared_mechanisms_apms_20260826/passes/pass_002/artifacts/fulltext_import/PMC_XML/normalized/PMC13336449.json,keep,"Full text contains useful host-pathogen assay or pathway evidence, but the primary-virus mechanism is less central than in direct papers.",medium,medium,supporting,medium
pmid-42231329,42231329,PMC13450505,10.1186/s12967-026-08348-y,CircRNA profiles of extracellular vesicle-enriched fractions from ART suppressed pregnant women living with HIV identifies interactome networks key to inflammation and viral latency.,pmc_xml,/Users/xingmeng/.openclaw/workspaces/staff-scientist-ideker/agenticWorkflow_LiteratureScreeningAndFullTextReview/runs/host_pathogen_shared_mechanisms_apms_20260826/passes/pass_002/artifacts/fulltext_import/PMC_XML/normalized/PMC13450505.json,keep,"Full text centers a primary virus and provides assay-supported host interaction, host factor, or pathway mechanism evidence.",high,high,central,high
pmid-42230819,42230819,PMC13470021,10.1038/s41598-026-53209-9,BST-2 inhibits SARS-CoV-2 egress at intracellular membranes and is neutralized by ORF7a.,pmc_xml,/Users/xingmeng/.openclaw/workspaces/staff-scientist-ideker/agenticWorkflow_LiteratureScreeningAndFullTextReview/runs/host_pathogen_shared_mechanisms_apms_20260826/passes/pass_002/artifacts/fulltext_import/PMC_XML/normalized/PMC13470021.json,keep,"Full text contains useful host-pathogen assay or pathway evidence, but the primary-virus mechanism is less central than in direct papers.",medium,medium,supporting,medium
pmid-42149692,42149692,PMC13182571,10.1093/bfgp/elag001,An integrative meta-analysis of SARS-CoV-2 RNA-protein interactomes identifies conserved host factors shared with other RNA viruses.,pmc_xml,/Users/xingmeng/.openclaw/workspaces/staff-scientist-ideker/agenticWorkflow_LiteratureScreeningAndFullTextReview/runs/host_pathogen_shared_mechanisms_apms_20260826/passes/pass_002/artifacts/fulltext_import/PMC_XML/normalized/PMC13182571.json,keep,"Full text contains useful host-pathogen assay or pathway evidence, but the primary-virus mechanism is less central than in direct papers.",medium,medium,supporting,medium
pmid-42148122,42148122,PMC13171569,10.3389/fimmu.2026.1682740,Transcriptomic and bioinformatics analysis reveals the host response feature and potential treatment strategy of patients with dengue fever.,pmc_xml,/Users/xingmeng/.openclaw/workspaces/staff-scientist-ideker/agenticWorkflow_LiteratureScreeningAndFullTextReview/runs/host_pathogen_shared_mechanisms_apms_20260826/passes/pass_002/artifacts/fulltext_import/PMC_XML/normalized/PMC13171569.json,keep,Full text links a primary virus to a host factor or host pathway mechanism.,high,high,central,medium
pmid-42146390,42146390,PMC13174526,10.64898/2026.05.07.723526,MX2 Mediates Collapse of the HIV-1 Capsid.,pmc_xml,/Users/xingmeng/.openclaw/workspaces/staff-scientist-ideker/agenticWorkflow_LiteratureScreeningAndFullTextReview/runs/host_pathogen_shared_mechanisms_apms_20260826/passes/pass_002/artifacts/fulltext_import/PMC_XML/normalized/PMC13174526.json,keep,Full text links a primary virus to a host factor or host pathway mechanism.,high,high,central,medium
pmid-42139316,42139316,PMC13215601,10.1371/journal.ppat.1014217,Characterization of the virus-host RNA-RNA interactome across important human pathogenic RNA viruses.,pmc_xml,/Users/xingmeng/.openclaw/workspaces/staff-scientist-ideker/agenticWorkflow_LiteratureScreeningAndFullTextReview/runs/host_pathogen_shared_mechanisms_apms_20260826/passes/pass_002/artifacts/fulltext_import/PMC_XML/normalized/PMC13215601.json,keep,"Full text contains useful host-pathogen assay or pathway evidence, but the primary-virus mechanism is less central than in direct papers.",medium,medium,supporting,medium
pmid-42095660,42095660,PMC13288819,10.1128/jvi.00314-26,Replication-competent SIVcpz CRISPR screen identifies barriers to successful cross-species transmission.,pmc_xml,/Users/xingmeng/.openclaw/workspaces/staff-scientist-ideker/agenticWorkflow_LiteratureScreeningAndFullTextReview/runs/host_pathogen_shared_mechanisms_apms_20260826/passes/pass_002/artifacts/fulltext_import/PMC_XML/normalized/PMC13288819.json,keep,"Full text contains useful host-pathogen assay or pathway evidence, but the primary-virus mechanism is less central than in direct papers.",medium,medium,supporting,medium
pmid-42094387,42094387,PMC13142392,10.64898/2026.04.26.720894,Bloom syndrome helicase is required for efficient HIV-1 reverse transcription in macrophages.,pmc_xml,/Users/xingmeng/.openclaw/workspaces/staff-scientist-ideker/agenticWorkflow_LiteratureScreeningAndFullTextReview/runs/host_pathogen_shared_mechanisms_apms_20260826/passes/pass_002/artifacts/fulltext_import/PMC_XML/normalized/PMC13142392.json,keep,"Full text centers a primary virus and provides assay-supported host interaction, host factor, or pathway mechanism evidence.",high,high,central,high
pmid-41955099,41955099,PMC13124994,10.1016/j.celrep.2026.117090,Incorporation of genome-bound cellular proteins into HIV-1 particles regulates viral infection.,pmc_xml,/Users/xingmeng/.openclaw/workspaces/staff-scientist-ideker/agenticWorkflow_LiteratureScreeningAndFullTextReview/runs/host_pathogen_shared_mechanisms_apms_20260826/passes/pass_002/artifacts/fulltext_import/PMC_XML/normalized/PMC13124994.json,keep,"Full text centers a primary virus and provides assay-supported host interaction, host factor, or pathway mechanism evidence.",high,high,central,high
pmid-41953939,41953939,PMC13054541,10.64898/2026.04.01.715898,FAM134B isoform 2/RETREG1-2 defines a calnexin-TOLLIP-coupled ER-phagy pathway that restricts Ebola virus glycoprotein and is antagonized by VP40 through macro-autophagy.,pmc_xml,/Users/xingmeng/.openclaw/workspaces/staff-scientist-ideker/agenticWorkflow_LiteratureScreeningAndFullTextReview/runs/host_pathogen_shared_mechanisms_apms_20260826/passes/pass_002/artifacts/fulltext_import/PMC_XML/normalized/PMC13054541.json,keep,"Full text centers a primary virus and provides assay-supported host interaction, host factor, or pathway mechanism evidence.",high,high,central,high
pmid-41938780,41938780,PMC13047328,10.3934/microbiol.2026004,Host restriction factors and p17-Driven inflammaging in HIV-1: From molecular pathogenesis to functional cure.,pmc_xml,/Users/xingmeng/.openclaw/workspaces/staff-scientist-ideker/agenticWorkflow_LiteratureScreeningAndFullTextReview/runs/host_pathogen_shared_mechanisms_apms_20260826/passes/pass_002/artifacts/fulltext_import/PMC_XML/normalized/PMC13047328.json,keep,"Full text centers a primary virus and provides assay-supported host interaction, host factor, or pathway mechanism evidence.",high,high,central,high
pmid-41931620,41931620,PMC13048264,10.1126/sciadv.aeb8863,Phospholipid-driven conformational switching of HCV NS5A links protein folding to replication membrane remodeling.,pmc_xml,/Users/xingmeng/.openclaw/workspaces/staff-scientist-ideker/agenticWorkflow_LiteratureScreeningAndFullTextReview/runs/host_pathogen_shared_mechanisms_apms_20260826/passes/pass_002/artifacts/fulltext_import/PMC_XML/normalized/PMC13048264.json,keep,Full text links a primary virus to a host factor or host pathway mechanism.,high,high,central,medium
pmid-41931390,41931390,PMC13222652,10.1016/j.celrep.2026.117160,Host microRNA-31-5p regulates KHDRBS3 expression and modulates viral gene expression during KSHV lytic reactivation.,pmc_xml,/Users/xingmeng/.openclaw/workspaces/staff-scientist-ideker/agenticWorkflow_LiteratureScreeningAndFullTextReview/runs/host_pathogen_shared_mechanisms_apms_20260826/passes/pass_002/artifacts/fulltext_import/PMC_XML/normalized/PMC13222652.json,keep,Full text links a primary virus to a host factor or host pathway mechanism.,high,high,central,medium
pmid-41891723,41891723,PMC13098217,10.1128/jvi.00179-26,Galectin-9 is a restrictor of infection with multiple enteroviruses.,pmc_xml,/Users/xingmeng/.openclaw/workspaces/staff-scientist-ideker/agenticWorkflow_LiteratureScreeningAndFullTextReview/runs/host_pathogen_shared_mechanisms_apms_20260826/passes/pass_002/artifacts/fulltext_import/PMC_XML/normalized/PMC13098217.json,keep,"Full text contains useful host-pathogen assay or pathway evidence, but the primary-virus mechanism is less central than in direct papers.",medium,medium,supporting,medium
pmid-41805193,41805193,PMC13098232,10.1128/jvi.01793-25,Repression of EEF1D by KSHV RTA promotes viral lytic reactivation.,pmc_xml,/Users/xingmeng/.openclaw/workspaces/staff-scientist-ideker/agenticWorkflow_LiteratureScreeningAndFullTextReview/runs/host_pathogen_shared_mechanisms_apms_20260826/passes/pass_002/artifacts/fulltext_import/PMC_XML/normalized/PMC13098232.json,keep,"Full text centers a primary virus and provides assay-supported host interaction, host factor, or pathway mechanism evidence.",high,high,central,high
pmid-41772600,41772600,PMC13154899,10.1186/s12964-026-02762-x,TARDBP as a regulator of HIV-1 assembly and infection: a review of targeting the viral capsid precursor Pr55Gag and limiting viral core entry.,pmc_xml,/Users/xingmeng/.openclaw/workspaces/staff-scientist-ideker/agenticWorkflow_LiteratureScreeningAndFullTextReview/runs/host_pathogen_shared_mechanisms_apms_20260826/passes/pass_002/artifacts/fulltext_import/PMC_XML/normalized/PMC13154899.json,keep,Full text links a primary virus to a host factor or host pathway mechanism.,high,high,central,medium
pmid-41717286,41717286,PMC12914541,10.1016/j.omtn.2026.102844,microRNA-422a promotes HIV replication and innate immune evasion by targeting MECP2.,pmc_xml,/Users/xingmeng/.openclaw/workspaces/staff-scientist-ideker/agenticWorkflow_LiteratureScreeningAndFullTextReview/runs/host_pathogen_shared_mechanisms_apms_20260826/passes/pass_002/artifacts/fulltext_import/PMC_XML/normalized/PMC12914541.json,keep,Full text links a primary virus to a host factor or host pathway mechanism.,high,high,central,medium
pmid-41617468,41617468,PMC13085917,10.1261/rna.080931.125,RK-33 inhibits the OC43 coronavirus and induces stress granules via DDX3X-independent mechanisms.,pmc_xml,/Users/xingmeng/.openclaw/workspaces/staff-scientist-ideker/agenticWorkflow_LiteratureScreeningAndFullTextReview/runs/host_pathogen_shared_mechanisms_apms_20260826/passes/pass_002/artifacts/fulltext_import/PMC_XML/normalized/PMC13085917.json,keep,"Full text contains useful host-pathogen assay or pathway evidence, but the primary-virus mechanism is less central than in direct papers.",medium,medium,supporting,medium
pmid-41565204,41565204,PMC12927048,10.1016/j.mcpro.2026.101512,Multiomics Analysis of Arboviral Capsid Targets in Mosquitoes Reveals a Proviral Function of the Chromatin-Remodeling Brahma Complex.,pmc_xml,/Users/xingmeng/.openclaw/workspaces/staff-scientist-ideker/agenticWorkflow_LiteratureScreeningAndFullTextReview/runs/host_pathogen_shared_mechanisms_apms_20260826/passes/pass_002/artifacts/fulltext_import/PMC_XML/normalized/PMC12927048.json,keep,"Full text contains useful host-pathogen assay or pathway evidence, but the primary-virus mechanism is less central than in direct papers.",medium,medium,supporting,medium
pmid-41420694,41420694,PMC12881183,10.1007/s11262-025-02210-x,The role of homologous recombination in human retrovirus-associated diseases.,pmc_xml,/Users/xingmeng/.openclaw/workspaces/staff-scientist-ideker/agenticWorkflow_LiteratureScreeningAndFullTextReview/runs/host_pathogen_shared_mechanisms_apms_20260826/passes/pass_002/artifacts/fulltext_import/PMC_XML/normalized/PMC12881183.json,keep,"Full text contains useful host-pathogen assay or pathway evidence, but the primary-virus mechanism is less central than in direct papers.",medium,medium,supporting,medium
pmid-40466758,40466758,PMC12957789,10.1016/j.jare.2025.05.053,Voxtalisib inhibits enterovirus 71 replication by downregulating host RAN and restoring IFN-STAT signaling.,pmc_xml,/Users/xingmeng/.openclaw/workspaces/staff-scientist-ideker/agenticWorkflow_LiteratureScreeningAndFullTextReview/runs/host_pathogen_shared_mechanisms_apms_20260826/passes/pass_002/artifacts/fulltext_import/PMC_XML/normalized/PMC12957789.json,keep,"Full text contains useful host-pathogen assay or pathway evidence, but the primary-virus mechanism is less central than in direct papers.",medium,medium,supporting,medium
pmid-41600775,41600775,PMC12846463,10.3390/v18010011,Arf GTPases Define BST-2-Independent Pathways for HIV-1 Assembly and Release.,pmc_xml,/Users/xingmeng/.openclaw/workspaces/staff-scientist-ideker/agenticWorkflow_LiteratureScreeningAndFullTextReview/runs/host_pathogen_shared_mechanisms_apms_20260826/passes/pass_002/artifacts/fulltext_import/PMC_XML/normalized/PMC12846463.json,keep,Full text links a primary virus to a host factor or host pathway mechanism.,high,high,central,medium
pmid-41414674,41414674,PMC12714564,10.1093/nar/gkaf1323,The human chromatin remodeling complex p400 restricts HIV-1 transcription in a Tat-dependent manner.,pmc_xml,/Users/xingmeng/.openclaw/workspaces/staff-scientist-ideker/agenticWorkflow_LiteratureScreeningAndFullTextReview/runs/host_pathogen_shared_mechanisms_apms_20260826/passes/pass_002/artifacts/fulltext_import/PMC_XML/normalized/PMC12714564.json,keep,"Full text centers a primary virus and provides assay-supported host interaction, host factor, or pathway mechanism evidence.",high,high,central,high
pmid-41404188,41404188,PMC12703047,10.1002/jex2.70102,Immune-Related Protein and Non-Coding RNA Cargo of Extracellular Vesicles Participate in the Chronic Inflammation Induced by HIV Infection.,pmc_xml,/Users/xingmeng/.openclaw/workspaces/staff-scientist-ideker/agenticWorkflow_LiteratureScreeningAndFullTextReview/runs/host_pathogen_shared_mechanisms_apms_20260826/passes/pass_002/artifacts/fulltext_import/PMC_XML/normalized/PMC12703047.json,keep,"Full text centers a primary virus and provides assay-supported host interaction, host factor, or pathway mechanism evidence.",high,high,central,high
pmid-41359666,41359666,PMC12698002,10.1371/journal.ppat.1013773,SAMD9L inhibits flavivirus translation independently of its capacity to trigger innate immune response.,pmc_xml,/Users/xingmeng/.openclaw/workspaces/staff-scientist-ideker/agenticWorkflow_LiteratureScreeningAndFullTextReview/runs/host_pathogen_shared_mechanisms_apms_20260826/passes/pass_002/artifacts/fulltext_import/PMC_XML/normalized/PMC12698002.json,keep,"Full text has plausible host pathway or host-factor mechanism context for a primary virus, but evidence is not strongly assay-centered.",medium,medium,supporting,low
pmid-41332748,41332748,PMC12668011,10.1101/2025.11.19.689067,Dengue Virus NS1 Binds Ephrin B1 to Trigger Endothelial Dysfunction.,pmc_xml,/Users/xingmeng/.openclaw/workspaces/staff-scientist-ideker/agenticWorkflow_LiteratureScreeningAndFullTextReview/runs/host_pathogen_shared_mechanisms_apms_20260826/passes/pass_002/artifacts/fulltext_import/PMC_XML/normalized/PMC12668011.json,keep,"Full text centers a primary virus and provides assay-supported host interaction, host factor, or pathway mechanism evidence.",high,high,central,high
pmid-41301405,41301405,PMC12650339,10.3390/biom15111487,Non-Vesicular Extracellular Particle (NVEP) Proteomes from Diverse Biological Sources Reveal Specific Marker Composition with Varying Enrichment Levels.,pmc_xml,/Users/xingmeng/.openclaw/workspaces/staff-scientist-ideker/agenticWorkflow_LiteratureScreeningAndFullTextReview/runs/host_pathogen_shared_mechanisms_apms_20260826/passes/pass_002/artifacts/fulltext_import/PMC_XML/normalized/PMC12650339.json,keep,"Full text contains useful host-pathogen assay or pathway evidence, but the primary-virus mechanism is less central than in direct papers.",medium,medium,supporting,medium
pmid-41292925,41292925,PMC12642633,10.1101/2025.11.13.688349,"Mechanism of Phosphatidylserine Lipid Scrambling by Human SERINC3, an HIV-1 Restriction Factor.",pmc_xml,/Users/xingmeng/.openclaw/workspaces/staff-scientist-ideker/agenticWorkflow_LiteratureScreeningAndFullTextReview/runs/host_pathogen_shared_mechanisms_apms_20260826/passes/pass_002/artifacts/fulltext_import/PMC_XML/normalized/PMC12642633.json,keep,Full text links a primary virus to a host factor or host pathway mechanism.,high,high,central,medium
pmid-41283654,41283654,PMC12724348,10.1128/jvi.01663-25,HIV-2 glycoproteins upregulate microRNAs 25 and 93 to counter the MARCH1 antiviral effect in macrophages.,pmc_xml,/Users/xingmeng/.openclaw/workspaces/staff-scientist-ideker/agenticWorkflow_LiteratureScreeningAndFullTextReview/runs/host_pathogen_shared_mechanisms_apms_20260826/passes/pass_002/artifacts/fulltext_import/PMC_XML/normalized/PMC12724348.json,keep,Full text links a primary virus to a host factor or host pathway mechanism.,high,high,central,medium
pmid-41252368,41252368,PMC12626292,10.1371/journal.ppat.1013685,Disrupted glycosylphosphatidylinositol anchoring induces ER stress and restricts enterovirus infection.,pmc_xml,/Users/xingmeng/.openclaw/workspaces/staff-scientist-ideker/agenticWorkflow_LiteratureScreeningAndFullTextReview/runs/host_pathogen_shared_mechanisms_apms_20260826/passes/pass_002/artifacts/fulltext_import/PMC_XML/normalized/PMC12626292.json,keep,"Full text contains useful host-pathogen assay or pathway evidence, but the primary-virus mechanism is less central than in direct papers.",medium,medium,supporting,medium
pmid-41196352,41196352,PMC12626010,10.1073/pnas.2511502122,HIV-1 Vif and Vpr cooperatively modulate the cell cycle to maximize per-cell virion production.,pmc_xml,/Users/xingmeng/.openclaw/workspaces/staff-scientist-ideker/agenticWorkflow_LiteratureScreeningAndFullTextReview/runs/host_pathogen_shared_mechanisms_apms_20260826/passes/pass_002/artifacts/fulltext_import/PMC_XML/normalized/PMC12626010.json,keep,Full text links a primary virus to a host factor or host pathway mechanism.,high,high,central,medium
pmid-41066524,41066524,PMC12530543,10.1371/journal.ppat.1013023,Murine leukemia virus glycoGag antagonizes SERINC5 via ER-phagy receptor RETREG1.,pmc_xml,/Users/xingmeng/.openclaw/workspaces/staff-scientist-ideker/agenticWorkflow_LiteratureScreeningAndFullTextReview/runs/host_pathogen_shared_mechanisms_apms_20260826/passes/pass_002/artifacts/fulltext_import/PMC_XML/normalized/PMC12530543.json,keep,"Full text contains useful host-pathogen assay or pathway evidence, but the primary-virus mechanism is less central than in direct papers.",medium,medium,supporting,medium
pmid-41060092,41060092,PMC12645970,10.1128/jvi.01402-25,Human cytomegalovirus UL78 is a nuclear-localized GPCR necessary for efficient reactivation from latent infection in CD34(+) hematopoietic progenitor cells.,pmc_xml,/Users/xingmeng/.openclaw/workspaces/staff-scientist-ideker/agenticWorkflow_LiteratureScreeningAndFullTextReview/runs/host_pathogen_shared_mechanisms_apms_20260826/passes/pass_002/artifacts/fulltext_import/PMC_XML/normalized/PMC12645970.json,drop,"Full text does not center a primary virus with host interaction, host factor, pathway, AP-MS, proteomics, or mechanism evidence.",low,low,incidental,high
pmid-41053097,41053097,PMC12500894,10.1038/s41467-025-64508-6,The Hippo terminal effector YAP boosts enterovirus replication in type 1 diabetes.,pmc_xml,/Users/xingmeng/.openclaw/workspaces/staff-scientist-ideker/agenticWorkflow_LiteratureScreeningAndFullTextReview/runs/host_pathogen_shared_mechanisms_apms_20260826/passes/pass_002/artifacts/fulltext_import/PMC_XML/normalized/PMC12500894.json,drop,"Full text is dominated by clinical, biomarker, drug-screen, protocol, or computational-prioritization content rather than host-pathogen mechanism evidence.",low,low,incidental,medium
pmid-41037638,41037638,PMC12519123,10.1073/pnas.2508736122,Identification of claudin-3 as an entry factor for rat hepacivirus.,pmc_xml,/Users/xingmeng/.openclaw/workspaces/staff-scientist-ideker/agenticWorkflow_LiteratureScreeningAndFullTextReview/runs/host_pathogen_shared_mechanisms_apms_20260826/passes/pass_002/artifacts/fulltext_import/PMC_XML/normalized/PMC12519123.json,drop,"Full text is dominated by clinical, biomarker, drug-screen, protocol, or computational-prioritization content rather than host-pathogen mechanism evidence.",low,low,incidental,medium
pmid-41031002,41031002,PMC12478404,10.1101/2025.06.23.661195,IFN-inducible Human Phospholipid Scramblase 1 (PLSCR1) Protein Restricts HIV-1 Infection by Inhibiting Membrane Fusion.,pmc_xml,/Users/xingmeng/.openclaw/workspaces/staff-scientist-ideker/agenticWorkflow_LiteratureScreeningAndFullTextReview/runs/host_pathogen_shared_mechanisms_apms_20260826/passes/pass_002/artifacts/fulltext_import/PMC_XML/normalized/PMC12478404.json,keep,Full text links a primary virus to a host factor or host pathway mechanism.,high,high,central,medium
pmid-41006235,41006235,PMC12475165,10.1038/s41467-025-63392-4,A protein-proximity screen reveals Ebola virus co-opts the mRNA decapping complex through the scaffold protein EDC4.,pmc_xml,/Users/xingmeng/.openclaw/workspaces/staff-scientist-ideker/agenticWorkflow_LiteratureScreeningAndFullTextReview/runs/host_pathogen_shared_mechanisms_apms_20260826/passes/pass_002/artifacts/fulltext_import/PMC_XML/normalized/PMC12475165.json,keep,"Full text centers a primary virus and provides assay-supported host interaction, host factor, or pathway mechanism evidence.",high,high,central,high
pmid-41004226,41004226,PMC12501134,10.1073/pnas.2516527122,IFN-inducible human phospholipid scramblase 1 (PLSCR1) protein restricts HIV-1 infection by inhibiting membrane fusion.,pmc_xml,/Users/xingmeng/.openclaw/workspaces/staff-scientist-ideker/agenticWorkflow_LiteratureScreeningAndFullTextReview/runs/host_pathogen_shared_mechanisms_apms_20260826/passes/pass_002/artifacts/fulltext_import/PMC_XML/normalized/PMC12501134.json,keep,Full text links a primary virus to a host factor or host pathway mechanism.,high,high,central,medium
pmid-40982696,40982696,PMC12501117,10.1073/pnas.2411961122,Ebola virus VP35 NNLNS motif modulates viral RNA synthesis and MIB2-mediated signaling.,pmc_xml,/Users/xingmeng/.openclaw/workspaces/staff-scientist-ideker/agenticWorkflow_LiteratureScreeningAndFullTextReview/runs/host_pathogen_shared_mechanisms_apms_20260826/passes/pass_002/artifacts/fulltext_import/PMC_XML/normalized/PMC12501117.json,keep,"Full text centers a primary virus and provides assay-supported host interaction, host factor, or pathway mechanism evidence.",high,high,central,high
pmid-40878534,40878534,PMC12515838,10.1021/jacs.5c09436,Exploring the Structural Divergence of HIV and SRLV Lentiviral Capsids.,pmc_xml,/Users/xingmeng/.openclaw/workspaces/staff-scientist-ideker/agenticWorkflow_LiteratureScreeningAndFullTextReview/runs/host_pathogen_shared_mechanisms_apms_20260826/passes/pass_002/artifacts/fulltext_import/PMC_XML/normalized/PMC12515838.json,keep,Full text links a primary virus to a host factor or host pathway mechanism.,high,high,central,medium
pmid-40839751,40839751,PMC12372519,10.1080/13510002.2025.2546496,"Involvement of endolysosome iron in HIV-1 gp120-, morphine-, and iron supplementation-induced disruption of the reactive species interactome and induction of neurotoxicity.",pmc_xml,/Users/xingmeng/.openclaw/workspaces/staff-scientist-ideker/agenticWorkflow_LiteratureScreeningAndFullTextReview/runs/host_pathogen_shared_mechanisms_apms_20260826/passes/pass_002/artifacts/fulltext_import/PMC_XML/normalized/PMC12372519.json,keep,"Full text centers a primary virus and provides assay-supported host interaction, host factor, or pathway mechanism evidence.",high,high,central,high
pmid-40809086,40809086,PMC12344494,10.1093/pnasnexus/pgaf225,RNA-interactome capture identifies SRSF3 as a key protein for herpesviral gene expression.,pmc_xml,/Users/xingmeng/.openclaw/workspaces/staff-scientist-ideker/agenticWorkflow_LiteratureScreeningAndFullTextReview/runs/host_pathogen_shared_mechanisms_apms_20260826/passes/pass_002/artifacts/fulltext_import/PMC_XML/normalized/PMC12344494.json,keep,"Full text contains useful host-pathogen assay or pathway evidence, but the primary-virus mechanism is less central than in direct papers.",medium,medium,supporting,medium
pmid-40791341,40791341,PMC12338668,10.1101/2025.07.15.664966,Human RPL7 and DDX21 interact with HTLV-1 Gag and enhance tRNA(Pro) primer annealing to genomic RNA.,pmc_xml,/Users/xingmeng/.openclaw/workspaces/staff-scientist-ideker/agenticWorkflow_LiteratureScreeningAndFullTextReview/runs/host_pathogen_shared_mechanisms_apms_20260826/passes/pass_002/artifacts/fulltext_import/PMC_XML/normalized/PMC12338668.json,keep,"Full text contains useful host-pathogen assay or pathway evidence, but the primary-virus mechanism is less central than in direct papers.",medium,medium,supporting,medium
pmid-40777377,40777377,PMC12330714,10.1101/2025.07.27.667045,Ebola virus VP35 NNLNS motif modulates viral RNA synthesis and MIB2-mediated signaling.,pmc_xml,/Users/xingmeng/.openclaw/workspaces/staff-scientist-ideker/agenticWorkflow_LiteratureScreeningAndFullTextReview/runs/host_pathogen_shared_mechanisms_apms_20260826/passes/pass_002/artifacts/fulltext_import/PMC_XML/normalized/PMC12330714.json,keep,"Full text centers a primary virus and provides assay-supported host interaction, host factor, or pathway mechanism evidence.",high,high,central,high
pmid-40759332,40759332,PMC12826959,10.1016/j.virs.2025.07.012,Adaptor protein complex 1 gamma 1 subunit is an important host factor involved in both Zika virus and dengue virus infections.,pmc_xml,/Users/xingmeng/.openclaw/workspaces/staff-scientist-ideker/agenticWorkflow_LiteratureScreeningAndFullTextReview/runs/host_pathogen_shared_mechanisms_apms_20260826/passes/pass_002/artifacts/fulltext_import/PMC_XML/normalized/PMC12826959.json,keep,Full text links a primary virus to a host factor or host pathway mechanism.,high,high,central,medium
pmid-40742131,40742131,PMC12363165,10.1128/msystems.00403-25,HIV-1 Vpu interacts with RBM10 to promote HIV-1 infection.,pmc_xml,/Users/xingmeng/.openclaw/workspaces/staff-scientist-ideker/agenticWorkflow_LiteratureScreeningAndFullTextReview/runs/host_pathogen_shared_mechanisms_apms_20260826/passes/pass_002/artifacts/fulltext_import/PMC_XML/normalized/PMC12363165.json,keep,"Full text centers a primary virus and provides assay-supported host interaction, host factor, or pathway mechanism evidence.",high,high,central,high
pmid-40736249,40736249,PMC12363229,10.1128/jvi.00649-25,Membrane protein CRISPR screen identifies RPSA as an essential host factor for porcine epidemic diarrhea virus replication.,pmc_xml,/Users/xingmeng/.openclaw/workspaces/staff-scientist-ideker/agenticWorkflow_LiteratureScreeningAndFullTextReview/runs/host_pathogen_shared_mechanisms_apms_20260826/passes/pass_002/artifacts/fulltext_import/PMC_XML/normalized/PMC12363229.json,keep,"Full text contains useful host-pathogen assay or pathway evidence, but the primary-virus mechanism is less central than in direct papers.",medium,medium,supporting,medium
pmid-40733539,40733539,PMC12300445,10.3390/v17070921,IFI16 Mediates Deacetylation of KSHV Chromatin via Interaction with NuRD and Sin3A Co-Repressor Complexes.,pmc_xml,/Users/xingmeng/.openclaw/workspaces/staff-scientist-ideker/agenticWorkflow_LiteratureScreeningAndFullTextReview/runs/host_pathogen_shared_mechanisms_apms_20260826/passes/pass_002/artifacts/fulltext_import/PMC_XML/normalized/PMC12300445.json,keep,"Full text centers a primary virus and provides assay-supported host interaction, host factor, or pathway mechanism evidence.",high,high,central,high
pmid-40733494,40733494,PMC12298503,10.3390/v17070876,TRIM5α/Cyclophilin A-Modified MDBK Cells for Lentiviral-Based Gene Editing.,pmc_xml,/Users/xingmeng/.openclaw/workspaces/staff-scientist-ideker/agenticWorkflow_LiteratureScreeningAndFullTextReview/runs/host_pathogen_shared_mechanisms_apms_20260826/passes/pass_002/artifacts/fulltext_import/PMC_XML/normalized/PMC12298503.json,drop,"Full text is dominated by clinical, biomarker, drug-screen, protocol, or computational-prioritization content rather than host-pathogen mechanism evidence.",low,low,incidental,medium
pmid-40722180,40722180,PMC12302467,10.1186/s12985-025-02717-7,Profiling HIV1-host protein-protein interaction networks in patient-derived exosome proteins: impact on pathophysiology and innate immune pathways.,pmc_xml,/Users/xingmeng/.openclaw/workspaces/staff-scientist-ideker/agenticWorkflow_LiteratureScreeningAndFullTextReview/runs/host_pathogen_shared_mechanisms_apms_20260826/passes/pass_002/artifacts/fulltext_import/PMC_XML/normalized/PMC12302467.json,keep,"Full text contains useful host-pathogen assay or pathway evidence, but the primary-virus mechanism is less central than in direct papers.",medium,medium,supporting,medium
pmid-40678214,40678214,PMC12270201,10.21203/rs.3.rs-6923186/v1,ADAM17 is an HIV-1 Restriction Factor Antagonized by Nef.,pmc_xml,/Users/xingmeng/.openclaw/workspaces/staff-scientist-ideker/agenticWorkflow_LiteratureScreeningAndFullTextReview/runs/host_pathogen_shared_mechanisms_apms_20260826/passes/pass_002/artifacts/fulltext_import/PMC_XML/normalized/PMC12270201.json,keep,"Full text centers a primary virus and provides assay-supported host interaction, host factor, or pathway mechanism evidence.",high,high,central,high
pmid-40463129,40463129,PMC12132433,10.1101/2025.05.14.654117,The decameric repeat (DR) of PSGL-1 functions as a basic antiviral unit in restricting HIV-1 infectivity.,pmc_xml,/Users/xingmeng/.openclaw/workspaces/staff-scientist-ideker/agenticWorkflow_LiteratureScreeningAndFullTextReview/runs/host_pathogen_shared_mechanisms_apms_20260826/passes/pass_002/artifacts/fulltext_import/PMC_XML/normalized/PMC12132433.json,keep,Full text links a primary virus to a host factor or host pathway mechanism.,high,high,central,medium
pmid-40463006,40463006,PMC12132579,10.1101/2025.05.15.654345,Restriction of HIV-1 infectivity by interferon and IFITM3 is counteracted by Nef.,pmc_xml,/Users/xingmeng/.openclaw/workspaces/staff-scientist-ideker/agenticWorkflow_LiteratureScreeningAndFullTextReview/runs/host_pathogen_shared_mechanisms_apms_20260826/passes/pass_002/artifacts/fulltext_import/PMC_XML/normalized/PMC12132579.json,keep,Full text links a primary virus to a host factor or host pathway mechanism.,high,high,central,medium
pmid-40431704,40431704,PMC12115661,10.3390/v17050693,TAR RNA Mimicry of INI1 and Its Influence on Non-Integration Function of HIV-1 Integrase.,pmc_xml,/Users/xingmeng/.openclaw/workspaces/staff-scientist-ideker/agenticWorkflow_LiteratureScreeningAndFullTextReview/runs/host_pathogen_shared_mechanisms_apms_20260826/passes/pass_002/artifacts/fulltext_import/PMC_XML/normalized/PMC12115661.json,keep,Full text links a primary virus to a host factor or host pathway mechanism.,high,high,central,medium
pmid-40343334,40343334,PMC12060986,10.21203/rs.3.rs-5960764/v1,"Multi-cohort cross-omics analysis reveals disease mechanisms and therapeutic targets in HTLV-1-associated myelopathy, a neglected retroviral neuroinflammatory disorder.",pmc_xml,/Users/xingmeng/.openclaw/workspaces/staff-scientist-ideker/agenticWorkflow_LiteratureScreeningAndFullTextReview/runs/host_pathogen_shared_mechanisms_apms_20260826/passes/pass_002/artifacts/fulltext_import/PMC_XML/normalized/PMC12060986.json,keep,"Full text contains useful host-pathogen assay or pathway evidence, but the primary-virus mechanism is less central than in direct papers.",medium,medium,supporting,medium
pmid-40202316,40202316,PMC12090733,10.1128/jvi.00490-25,CPSF6 promotes HIV-1 preintegration complex function.,pmc_xml,/Users/xingmeng/.openclaw/workspaces/staff-scientist-ideker/agenticWorkflow_LiteratureScreeningAndFullTextReview/runs/host_pathogen_shared_mechanisms_apms_20260826/passes/pass_002/artifacts/fulltext_import/PMC_XML/normalized/PMC12090733.json,keep,Full text links a primary virus to a host factor or host pathway mechanism.,high,high,central,medium
pmid-40198850,40198850,PMC13016362,10.1146/annurev-virology-092623-091351,"APOBEC3G Antagonism by Vif, or When Structure Meets Biological and Evolutionary Studies.",pmc_xml,/Users/xingmeng/.openclaw/workspaces/staff-scientist-ideker/agenticWorkflow_LiteratureScreeningAndFullTextReview/runs/host_pathogen_shared_mechanisms_apms_20260826/passes/pass_002/artifacts/fulltext_import/PMC_XML/normalized/PMC13016362.json,keep,"Full text contains useful host-pathogen assay or pathway evidence, but the primary-virus mechanism is less central than in direct papers.",medium,medium,supporting,medium
pmid-40168125,40168125,PMC12002175,10.1073/pnas.2420497122,Lenacapavir disrupts HIV-1 core integrity while stabilizing the capsid lattice.,pmc_xml,/Users/xingmeng/.openclaw/workspaces/staff-scientist-ideker/agenticWorkflow_LiteratureScreeningAndFullTextReview/runs/host_pathogen_shared_mechanisms_apms_20260826/passes/pass_002/artifacts/fulltext_import/PMC_XML/normalized/PMC12002175.json,keep,Full text links a primary virus to a host factor or host pathway mechanism.,high,high,central,medium
pmid-40139499,40139499,PMC12130996,10.1016/j.virs.2025.03.007,Host factor Naf1 restricts HIV-1 infection of myeloid cells and compromises the capacity of dendritic cell to prime CD4(+) T cell.,pmc_xml,/Users/xingmeng/.openclaw/workspaces/staff-scientist-ideker/agenticWorkflow_LiteratureScreeningAndFullTextReview/runs/host_pathogen_shared_mechanisms_apms_20260826/passes/pass_002/artifacts/fulltext_import/PMC_XML/normalized/PMC12130996.json,keep,Full text links a primary virus to a host factor or host pathway mechanism.,high,high,central,medium
pmid-40093084,40093084,PMC11908239,10.1101/2025.03.06.641798,Murine Leukemia Virus GlycoGag Antagonizes SERINC5 via ER-phagy Receptor RETREG1.,pmc_xml,/Users/xingmeng/.openclaw/workspaces/staff-scientist-ideker/agenticWorkflow_LiteratureScreeningAndFullTextReview/runs/host_pathogen_shared_mechanisms_apms_20260826/passes/pass_002/artifacts/fulltext_import/PMC_XML/normalized/PMC11908239.json,keep,"Full text contains useful host-pathogen assay or pathway evidence, but the primary-virus mechanism is less central than in direct papers.",medium,medium,supporting,medium
pmid-40063798,40063798,PMC11929488,10.1073/pnas.2417372122,DR5 is a restriction factor for human herpesviruses.,pmc_xml,/Users/xingmeng/.openclaw/workspaces/staff-scientist-ideker/agenticWorkflow_LiteratureScreeningAndFullTextReview/runs/host_pathogen_shared_mechanisms_apms_20260826/passes/pass_002/artifacts/fulltext_import/PMC_XML/normalized/PMC11929488.json,keep,"Full text contains useful host-pathogen assay or pathway evidence, but the primary-virus mechanism is less central than in direct papers.",medium,medium,supporting,medium
pmid-40007014,40007014,PMC11860778,10.3390/v17020260,The Deubiquitinase OTUD1 Influences HIV-1 Release by Regulating the Host Restriction Factor BST-2.,pmc_xml,/Users/xingmeng/.openclaw/workspaces/staff-scientist-ideker/agenticWorkflow_LiteratureScreeningAndFullTextReview/runs/host_pathogen_shared_mechanisms_apms_20260826/passes/pass_002/artifacts/fulltext_import/PMC_XML/normalized/PMC11860778.json,keep,Full text links a primary virus to a host factor or host pathway mechanism.,high,high,central,medium
pmid-39927772,39927772,PMC11915870,10.1128/jvi.01549-24,"IFI16 recruits HDAC1 and HDAC2 to deacetylate the Kaposi's sarcoma-associated herpesvirus (KSHV) latency-associated nuclear antigen (LANA), facilitating latency.",pmc_xml,/Users/xingmeng/.openclaw/workspaces/staff-scientist-ideker/agenticWorkflow_LiteratureScreeningAndFullTextReview/runs/host_pathogen_shared_mechanisms_apms_20260826/passes/pass_002/artifacts/fulltext_import/PMC_XML/normalized/PMC11915870.json,keep,"Full text centers a primary virus and provides assay-supported host interaction, host factor, or pathway mechanism evidence.",high,high,central,high
pmid-39864060,39864060,PMC11912512,10.1016/j.celrep.2025.115245,Structural insights into HIV-2 CA lattice formation and FG-pocket binding revealed by single-particle cryo-EM.,pmc_xml,/Users/xingmeng/.openclaw/workspaces/staff-scientist-ideker/agenticWorkflow_LiteratureScreeningAndFullTextReview/runs/host_pathogen_shared_mechanisms_apms_20260826/passes/pass_002/artifacts/fulltext_import/PMC_XML/normalized/PMC11912512.json,keep,Full text links a primary virus to a host factor or host pathway mechanism.,high,high,central,medium
pmid-39653243,39653243,PMC11750542,10.1016/j.jbc.2024.108058,The host restriction factor SERINC5 inhibits HIV-1 transcription by negatively regulating NF-κB signaling.,pmc_xml,/Users/xingmeng/.openclaw/workspaces/staff-scientist-ideker/agenticWorkflow_LiteratureScreeningAndFullTextReview/runs/host_pathogen_shared_mechanisms_apms_20260826/passes/pass_002/artifacts/fulltext_import/PMC_XML/normalized/PMC11750542.json,keep,Full text links a primary virus to a host factor or host pathway mechanism.,high,high,central,medium
pmid-39576110,39576110,PMC11708058,10.1128/mbio.01486-24,Interaction of the Wolbachia surface protein with a novel pro-viral protein from Aedes aegypti.,pmc_xml,/Users/xingmeng/.openclaw/workspaces/staff-scientist-ideker/agenticWorkflow_LiteratureScreeningAndFullTextReview/runs/host_pathogen_shared_mechanisms_apms_20260826/passes/pass_002/artifacts/fulltext_import/PMC_XML/normalized/PMC11708058.json,keep,"Full text contains useful host-pathogen assay or pathway evidence, but the primary-virus mechanism is less central than in direct papers.",medium,medium,supporting,medium
pmid-39354676,39354676,PMC11992561,10.1093/jmcb/mjae042,HIV-1 inhibits IFITM3 expression to promote the infection of megakaryocytes.,pmc_xml,/Users/xingmeng/.openclaw/workspaces/staff-scientist-ideker/agenticWorkflow_LiteratureScreeningAndFullTextReview/runs/host_pathogen_shared_mechanisms_apms_20260826/passes/pass_002/artifacts/fulltext_import/PMC_XML/normalized/PMC11992561.json,keep,Full text links a primary virus to a host factor or host pathway mechanism.,high,high,central,medium
pmid-38712082,38712082,PMC11071520,10.1101/2024.04.26.591186,PARP14 is an interferon (IFN)-induced host factor that promotes IFN production and affects the replication of multiple viruses.,pmc_xml,/Users/xingmeng/.openclaw/workspaces/staff-scientist-ideker/agenticWorkflow_LiteratureScreeningAndFullTextReview/runs/host_pathogen_shared_mechanisms_apms_20260826/passes/pass_002/artifacts/fulltext_import/PMC_XML/normalized/PMC11071520.json,keep,"Full text has plausible host pathway or host-factor mechanism context for a primary virus, but evidence is not strongly assay-centered.",medium,medium,supporting,low
pmid-39902183,39902183,PMC11788155,10.3389/fcimb.2024.1516806,SERINC5 counters retroviruses and non-retroviruses.,pmc_xml,/Users/xingmeng/.openclaw/workspaces/staff-scientist-ideker/agenticWorkflow_LiteratureScreeningAndFullTextReview/runs/host_pathogen_shared_mechanisms_apms_20260826/passes/pass_002/artifacts/fulltext_import/PMC_XML/normalized/PMC11788155.json,drop,"Full text is dominated by clinical, biomarker, drug-screen, protocol, or computational-prioritization content rather than host-pathogen mechanism evidence.",low,low,incidental,medium
pmid-39861832,39861832,PMC11768693,10.3390/v17010043,Host RNA-Binding Proteins as Regulators of HIV-1 Replication.,pmc_xml,/Users/xingmeng/.openclaw/workspaces/staff-scientist-ideker/agenticWorkflow_LiteratureScreeningAndFullTextReview/runs/host_pathogen_shared_mechanisms_apms_20260826/passes/pass_002/artifacts/fulltext_import/PMC_XML/normalized/PMC11768693.json,keep,"Full text centers a primary virus and provides assay-supported host interaction, host factor, or pathway mechanism evidence.",high,high,central,high
pmid-39763838,39763838,PMC11703279,10.1101/2024.12.28.630612,PSGL-1 excludes HIV Env from virion surface through spatial hindrance involving structural folding of the decameric repeats (DR).,pmc_xml,/Users/xingmeng/.openclaw/workspaces/staff-scientist-ideker/agenticWorkflow_LiteratureScreeningAndFullTextReview/runs/host_pathogen_shared_mechanisms_apms_20260826/passes/pass_002/artifacts/fulltext_import/PMC_XML/normalized/PMC11703279.json,drop,"Full text is dominated by clinical, biomarker, drug-screen, protocol, or computational-prioritization content rather than host-pathogen mechanism evidence.",low,low,incidental,medium
pmid-39678349,39678349,PMC11643316,10.21203/rs.3.rs-5099896/v1,Disruption of CPSF6 enhances cellular permissivity to HIV-1 infection through alternative polyadenylation.,pmc_xml,/Users/xingmeng/.openclaw/workspaces/staff-scientist-ideker/agenticWorkflow_LiteratureScreeningAndFullTextReview/runs/host_pathogen_shared_mechanisms_apms_20260826/passes/pass_002/artifacts/fulltext_import/PMC_XML/normalized/PMC11643316.json,keep,Full text links a primary virus to a host factor or host pathway mechanism.,high,high,central,medium
pmid-39599894,39599894,PMC11599075,10.3390/v16111779,Single-Nucleus and Spatial Transcriptomics Revealing Host Response Differences Triggered by Mutated Virus in Severe Dengue.,pmc_xml,/Users/xingmeng/.openclaw/workspaces/staff-scientist-ideker/agenticWorkflow_LiteratureScreeningAndFullTextReview/runs/host_pathogen_shared_mechanisms_apms_20260826/passes/pass_002/artifacts/fulltext_import/PMC_XML/normalized/PMC11599075.json,drop,"Full text is dominated by clinical, biomarker, drug-screen, protocol, or computational-prioritization content rather than host-pathogen mechanism evidence.",low,low,incidental,medium
pmid-39509467,39509467,PMC11575796,10.1371/journal.pbio.3002871,A cytoplasmic form of EHMT1N methylates viral proteins to enable inclusion body maturation and efficient viral replication.,pmc_xml,/Users/xingmeng/.openclaw/workspaces/staff-scientist-ideker/agenticWorkflow_LiteratureScreeningAndFullTextReview/runs/host_pathogen_shared_mechanisms_apms_20260826/passes/pass_002/artifacts/fulltext_import/PMC_XML/normalized/PMC11575796.json,keep,"Full text contains useful host-pathogen assay or pathway evidence, but the primary-virus mechanism is less central than in direct papers.",medium,medium,supporting,medium
pmid-39435344,39435344,PMC11492465,10.1016/j.csbj.2024.09.029,Subgenomic flaviviral RNAs and human proteins: in silico exploration of anti-host defense mechanisms.,pmc_xml,/Users/xingmeng/.openclaw/workspaces/staff-scientist-ideker/agenticWorkflow_LiteratureScreeningAndFullTextReview/runs/host_pathogen_shared_mechanisms_apms_20260826/passes/pass_002/artifacts/fulltext_import/PMC_XML/normalized/PMC11492465.json,keep,"Full text contains useful host-pathogen assay or pathway evidence, but the primary-virus mechanism is less central than in direct papers.",medium,medium,supporting,medium
pmid-39416035,39416035,PMC11482794,10.1101/2024.10.09.617312,Structural insights into HIV-2 CA lattice formation and FG-pocket binding revealed by single particle cryo-EM.,pmc_xml,/Users/xingmeng/.openclaw/workspaces/staff-scientist-ideker/agenticWorkflow_LiteratureScreeningAndFullTextReview/runs/host_pathogen_shared_mechanisms_apms_20260826/passes/pass_002/artifacts/fulltext_import/PMC_XML/normalized/PMC11482794.json,keep,Full text links a primary virus to a host factor or host pathway mechanism.,high,high,central,medium
pmid-39377586,39377586,PMC11578089,10.1128/jvi.01582-24,Functional genomics screens reveal a role for TBC1D24 and SV2B in antibody-dependent enhancement of dengue virus infection.,pmc_xml,/Users/xingmeng/.openclaw/workspaces/staff-scientist-ideker/agenticWorkflow_LiteratureScreeningAndFullTextReview/runs/host_pathogen_shared_mechanisms_apms_20260826/passes/pass_002/artifacts/fulltext_import/PMC_XML/normalized/PMC11578089.json,keep,"Full text centers a primary virus and provides assay-supported host interaction, host factor, or pathway mechanism evidence.",high,high,central,high
pmid-39348396,39348396,PMC11476688,10.1371/journal.ppat.1012594,TRIM56 restricts Coxsackievirus B infection by mediating the ubiquitination of viral RNA-dependent RNA polymerase 3D.,pmc_xml,/Users/xingmeng/.openclaw/workspaces/staff-scientist-ideker/agenticWorkflow_LiteratureScreeningAndFullTextReview/runs/host_pathogen_shared_mechanisms_apms_20260826/passes/pass_002/artifacts/fulltext_import/PMC_XML/normalized/PMC11476688.json,keep,"Full text centers a primary virus and provides assay-supported host interaction, host factor, or pathway mechanism evidence.",high,high,central,high
pmid-39211324,39211324,PMC11357932,10.3389/fmicb.2024.1456108,FGF21 upregulation by hepatitis C virus via the eIF2α-ATF4 pathway: implications for interferon signaling suppression and TRIM31-mediated TSC degradation.,pmc_xml,/Users/xingmeng/.openclaw/workspaces/staff-scientist-ideker/agenticWorkflow_LiteratureScreeningAndFullTextReview/runs/host_pathogen_shared_mechanisms_apms_20260826/passes/pass_002/artifacts/fulltext_import/PMC_XML/normalized/PMC11357932.json,keep,Full text links a primary virus to a host factor or host pathway mechanism.,high,high,central,medium
pmid-39194238,39194238,PMC11406900,10.1128/jvi.01047-24,The cellular protein phosphatase 2A is a crucial host factor for Marburg virus transcription.,pmc_xml,/Users/xingmeng/.openclaw/workspaces/staff-scientist-ideker/agenticWorkflow_LiteratureScreeningAndFullTextReview/runs/host_pathogen_shared_mechanisms_apms_20260826/passes/pass_002/artifacts/fulltext_import/PMC_XML/normalized/PMC11406900.json,drop,"Full text is dominated by clinical, biomarker, drug-screen, protocol, or computational-prioritization content rather than host-pathogen mechanism evidence.",low,low,incidental,medium
pmid-39178742,39178742,PMC11388266,10.1016/j.ebiom.2024.105274,Altered memory CCR6(+) Th17-polarised T-cell function and biology in people with HIV under successful antiretroviral therapy and HIV elite controllers.,pmc_xml,/Users/xingmeng/.openclaw/workspaces/staff-scientist-ideker/agenticWorkflow_LiteratureScreeningAndFullTextReview/runs/host_pathogen_shared_mechanisms_apms_20260826/passes/pass_002/artifacts/fulltext_import/PMC_XML/normalized/PMC11388266.json,keep,Full text links a primary virus to a host factor or host pathway mechanism.,high,high,central,medium
pmid-39122863,39122863,PMC11387401,10.1038/s44319-024-00222-6,Interactome of the HIV-1 proteome and human host RNA.,pmc_xml,/Users/xingmeng/.openclaw/workspaces/staff-scientist-ideker/agenticWorkflow_LiteratureScreeningAndFullTextReview/runs/host_pathogen_shared_mechanisms_apms_20260826/passes/pass_002/artifacts/fulltext_import/PMC_XML/normalized/PMC11387401.json,keep,"Full text centers a primary virus and provides assay-supported host interaction, host factor, or pathway mechanism evidence.",high,high,central,high
pmid-39074162,39074162,PMC11309421,10.1371/journal.ppat.1012330,"MARCH2, a T cell specific factor that restricts HIV-1 infection.",pmc_xml,/Users/xingmeng/.openclaw/workspaces/staff-scientist-ideker/agenticWorkflow_LiteratureScreeningAndFullTextReview/runs/host_pathogen_shared_mechanisms_apms_20260826/passes/pass_002/artifacts/fulltext_import/PMC_XML/normalized/PMC11309421.json,keep,Full text links a primary virus to a host factor or host pathway mechanism.,high,high,central,medium
pmid-38943128,38943128,PMC11212238,10.1186/s12929-024-01053-2,Enterovirus-A71 exploits RAB11 to recruit chaperones for virus morphogenesis.,pmc_xml,/Users/xingmeng/.openclaw/workspaces/staff-scientist-ideker/agenticWorkflow_LiteratureScreeningAndFullTextReview/runs/host_pathogen_shared_mechanisms_apms_20260826/passes/pass_002/artifacts/fulltext_import/PMC_XML/normalized/PMC11212238.json,keep,"Full text contains useful host-pathogen assay or pathway evidence, but the primary-virus mechanism is less central than in direct papers.",medium,medium,supporting,medium
pmid-38898526,38898526,PMC11186191,10.1186/s12977-024-00645-y,Comparative analysis of retroviral Gag-host cell interactions: focus on the nuclear interactome.,pmc_xml,/Users/xingmeng/.openclaw/workspaces/staff-scientist-ideker/agenticWorkflow_LiteratureScreeningAndFullTextReview/runs/host_pathogen_shared_mechanisms_apms_20260826/passes/pass_002/artifacts/fulltext_import/PMC_XML/normalized/PMC11186191.json,keep,"Full text contains useful host-pathogen assay or pathway evidence, but the primary-virus mechanism is less central than in direct papers.",medium,medium,supporting,medium
pmid-38888311,38888311,PMC11253599,10.1128/mbio.01363-24,The SAMHD1-MX2 axis restricts HIV-1 infection at postviral DNA synthesis.,pmc_xml,/Users/xingmeng/.openclaw/workspaces/staff-scientist-ideker/agenticWorkflow_LiteratureScreeningAndFullTextReview/runs/host_pathogen_shared_mechanisms_apms_20260826/passes/pass_002/artifacts/fulltext_import/PMC_XML/normalized/PMC11253599.json,keep,"Full text centers a primary virus and provides assay-supported host interaction, host factor, or pathway mechanism evidence.",high,high,central,high
pmid-38793607,38793607,PMC11125577,10.3390/v16050725,CRISPR Screen Reveals PACT as a Pro-Viral Factor for Dengue Viral Replication.,pmc_xml,/Users/xingmeng/.openclaw/workspaces/staff-scientist-ideker/agenticWorkflow_LiteratureScreeningAndFullTextReview/runs/host_pathogen_shared_mechanisms_apms_20260826/passes/pass_002/artifacts/fulltext_import/PMC_XML/normalized/PMC11125577.json,keep,"Full text centers a primary virus and provides assay-supported host interaction, host factor, or pathway mechanism evidence.",high,high,central,high
pmid-38785977,38785977,PMC11118262,10.3390/biom14050570,Disruption of Transmembrane Phosphatidylserine Asymmetry by HIV-1 Incorporated SERINC5 Is Not Responsible for Virus Restriction.,pmc_xml,/Users/xingmeng/.openclaw/workspaces/staff-scientist-ideker/agenticWorkflow_LiteratureScreeningAndFullTextReview/runs/host_pathogen_shared_mechanisms_apms_20260826/passes/pass_002/artifacts/fulltext_import/PMC_XML/normalized/PMC11118262.json,keep,Full text links a primary virus to a host factor or host pathway mechanism.,high,high,central,medium
pmid-38712102,38712102,PMC11071485,10.1101/2024.04.26.591029,Functional genomics screens reveal a role for TBC1D24 and SV2B in antibody-dependent enhancement of dengue virus infection.,pmc_xml,/Users/xingmeng/.openclaw/workspaces/staff-scientist-ideker/agenticWorkflow_LiteratureScreeningAndFullTextReview/runs/host_pathogen_shared_mechanisms_apms_20260826/passes/pass_002/artifacts/fulltext_import/PMC_XML/normalized/PMC11071485.json,keep,"Full text centers a primary virus and provides assay-supported host interaction, host factor, or pathway mechanism evidence.",high,high,central,high
pmid-38675925,38675925,PMC11055011,10.3390/v16040583,The Inhibition of Gag-Pol Expression by the Restriction Factor Shiftless Is Dispensable for the Restriction of HIV-1 Infection.,pmc_xml,/Users/xingmeng/.openclaw/workspaces/staff-scientist-ideker/agenticWorkflow_LiteratureScreeningAndFullTextReview/runs/host_pathogen_shared_mechanisms_apms_20260826/passes/pass_002/artifacts/fulltext_import/PMC_XML/normalized/PMC11055011.json,keep,Full text links a primary virus to a host factor or host pathway mechanism.,high,high,central,medium
pmid-38636657,38636657,PMC11101947,10.1016/j.jbc.2024.107286,Proximity labeling of host factor ANXA3 in HCV infection reveals a novel LARP1 function in viral entry.,pmc_xml,/Users/xingmeng/.openclaw/workspaces/staff-scientist-ideker/agenticWorkflow_LiteratureScreeningAndFullTextReview/runs/host_pathogen_shared_mechanisms_apms_20260826/passes/pass_002/artifacts/fulltext_import/PMC_XML/normalized/PMC11101947.json,keep,"Full text centers a primary virus and provides assay-supported host interaction, host factor, or pathway mechanism evidence.",high,high,central,high
pmid-38384847,38384847,PMC10879702,10.1016/j.isci.2024.109107,Host ZCCHC3 blocks HIV-1 infection and production through a dual mechanism.,pmc_xml,/Users/xingmeng/.openclaw/workspaces/staff-scientist-ideker/agenticWorkflow_LiteratureScreeningAndFullTextReview/runs/host_pathogen_shared_mechanisms_apms_20260826/passes/pass_002/artifacts/fulltext_import/PMC_XML/normalized/PMC10879702.json,keep,"Full text centers a primary virus and provides assay-supported host interaction, host factor, or pathway mechanism evidence.",high,high,central,high
pmid-38293010,38293010,PMC10827203,10.1101/2024.01.18.575255,Comparative analysis of retroviral Gag-host cell interactions: focus on the nuclear interactome.,pmc_xml,/Users/xingmeng/.openclaw/workspaces/staff-scientist-ideker/agenticWorkflow_LiteratureScreeningAndFullTextReview/runs/host_pathogen_shared_mechanisms_apms_20260826/passes/pass_002/artifacts/fulltext_import/PMC_XML/normalized/PMC10827203.json,keep,"Full text contains useful host-pathogen assay or pathway evidence, but the primary-virus mechanism is less central than in direct papers.",medium,medium,supporting,medium
pmid-38287375,38287375,PMC10826253,10.1186/s12985-024-02295-0,Impaired influenza A virus replication by the host restriction factor SAMHD1 which inhibited by PA-mediated dephosphorylation of the host transcription factor IRF3.,pmc_xml,/Users/xingmeng/.openclaw/workspaces/staff-scientist-ideker/agenticWorkflow_LiteratureScreeningAndFullTextReview/runs/host_pathogen_shared_mechanisms_apms_20260826/passes/pass_002/artifacts/fulltext_import/PMC_XML/normalized/PMC10826253.json,drop,"Full text is dominated by clinical, biomarker, drug-screen, protocol, or computational-prioritization content rather than host-pathogen mechanism evidence.",low,low,incidental,medium
pmid-38230952,38230952,PMC10846047,10.1128/spectrum.02562-22,Landscape of protein-protein interactions during hepatitis C virus assembly and release.,pmc_xml,/Users/xingmeng/.openclaw/workspaces/staff-scientist-ideker/agenticWorkflow_LiteratureScreeningAndFullTextReview/runs/host_pathogen_shared_mechanisms_apms_20260826/passes/pass_002/artifacts/fulltext_import/PMC_XML/normalized/PMC10846047.json,keep,"Full text centers a primary virus and provides assay-supported host interaction, host factor, or pathway mechanism evidence.",high,high,central,high
pmid-40078741,40078741,PMC11894969,10.1016/j.bsheal.2023.09.001,"Update on enteroviral protease 2A: Structure, function, and host factor interaction.",pmc_xml,/Users/xingmeng/.openclaw/workspaces/staff-scientist-ideker/agenticWorkflow_LiteratureScreeningAndFullTextReview/runs/host_pathogen_shared_mechanisms_apms_20260826/passes/pass_002/artifacts/fulltext_import/PMC_XML/normalized/PMC11894969.json,keep,"Full text contains useful host-pathogen assay or pathway evidence, but the primary-virus mechanism is less central than in direct papers.",medium,medium,supporting,medium
pmid-38074898,38074898,PMC10709196,10.1016/j.omtn.2023.102075,Unveiling the mechanisms of nephrotoxicity caused by nephrotoxic compounds using toxicological network analysis.,pmc_xml,/Users/xingmeng/.openclaw/workspaces/staff-scientist-ideker/agenticWorkflow_LiteratureScreeningAndFullTextReview/runs/host_pathogen_shared_mechanisms_apms_20260826/passes/pass_002/artifacts/fulltext_import/PMC_XML/normalized/PMC10709196.json,keep,"Full text contains useful host-pathogen assay or pathway evidence, but the primary-virus mechanism is less central than in direct papers.",medium,medium,supporting,medium
pmid-38005875,38005875,PMC10674231,10.3390/v15112197,"PSGL-1, a Strategic Biomarker for Pathological Conditions in HIV Infection: A Hypothesis Review.",pmc_xml,/Users/xingmeng/.openclaw/workspaces/staff-scientist-ideker/agenticWorkflow_LiteratureScreeningAndFullTextReview/runs/host_pathogen_shared_mechanisms_apms_20260826/passes/pass_002/artifacts/fulltext_import/PMC_XML/normalized/PMC10674231.json,keep,"Full text centers a primary virus and provides assay-supported host interaction, host factor, or pathway mechanism evidence.",high,high,central,high
pmid-37882563,37882563,PMC10746242,10.1128/mbio.02572-21,The innate immune factor RPRD2/REAF and its role in the Lv2 restriction of HIV.,pmc_xml,/Users/xingmeng/.openclaw/workspaces/staff-scientist-ideker/agenticWorkflow_LiteratureScreeningAndFullTextReview/runs/host_pathogen_shared_mechanisms_apms_20260826/passes/pass_002/artifacts/fulltext_import/PMC_XML/normalized/PMC10746242.json,keep,"Full text centers a primary virus and provides assay-supported host interaction, host factor, or pathway mechanism evidence.",high,high,central,high
pmid-37829571,37829571,PMC10569261,10.26502/ami.936500114,A Novel Peptide that Disrupts the Lck-IP(3)R Protein-Protein Interaction Induces Widespread Cell Death in Leukemia and Lymphoma.,pmc_xml,/Users/xingmeng/.openclaw/workspaces/staff-scientist-ideker/agenticWorkflow_LiteratureScreeningAndFullTextReview/runs/host_pathogen_shared_mechanisms_apms_20260826/passes/pass_002/artifacts/fulltext_import/PMC_XML/normalized/PMC10569261.json,drop,"Full text is dominated by clinical, biomarker, drug-screen, protocol, or computational-prioritization content rather than host-pathogen mechanism evidence.",low,low,incidental,medium
pmid-37766367,37766367,PMC10537789,10.3390/v15091961,The Antiviral Factor SERINC5 Impairs the Expression of Non-Self-DNA.,pmc_xml,/Users/xingmeng/.openclaw/workspaces/staff-scientist-ideker/agenticWorkflow_LiteratureScreeningAndFullTextReview/runs/host_pathogen_shared_mechanisms_apms_20260826/passes/pass_002/artifacts/fulltext_import/PMC_XML/normalized/PMC10537789.json,keep,"Full text contains useful host-pathogen assay or pathway evidence, but the primary-virus mechanism is less central than in direct papers.",medium,medium,supporting,medium
pmid-37750869,37750869,PMC7615710,10.1099/jgv.0.001895,ASPP2 binds to hepatitis C virus NS5A protein via an SH3 domain/PxxP motif-mediated interaction and potentiates infection.,pmc_xml,/Users/xingmeng/.openclaw/workspaces/staff-scientist-ideker/agenticWorkflow_LiteratureScreeningAndFullTextReview/runs/host_pathogen_shared_mechanisms_apms_20260826/passes/pass_002/artifacts/fulltext_import/PMC_XML/normalized/PMC7615710.json,keep,"Full text centers a primary virus and provides assay-supported host interaction, host factor, or pathway mechanism evidence.",high,high,central,high
pmid-37608289,37608289,PMC10464172,10.1186/s12977-023-00629-4,"Primate TRIM34 is a broadly-acting, TRIM5-dependent lentiviral restriction factor.",pmc_xml,/Users/xingmeng/.openclaw/workspaces/staff-scientist-ideker/agenticWorkflow_LiteratureScreeningAndFullTextReview/runs/host_pathogen_shared_mechanisms_apms_20260826/passes/pass_002/artifacts/fulltext_import/PMC_XML/normalized/PMC10464172.json,keep,"Full text has plausible host pathway or host-factor mechanism context for a primary virus, but evidence is not strongly assay-centered.",medium,medium,supporting,low
pmid-37531416,37531416,PMC11651363,10.1126/scitranslmed.adg0873,Single-cell transcriptomics identifies prothymosin α restriction of HIV-1 in vivo.,pmc_xml,/Users/xingmeng/.openclaw/workspaces/staff-scientist-ideker/agenticWorkflow_LiteratureScreeningAndFullTextReview/runs/host_pathogen_shared_mechanisms_apms_20260826/passes/pass_002/artifacts/fulltext_import/PMC_XML/normalized/PMC11651363.json,keep,"Full text centers a primary virus and provides assay-supported host interaction, host factor, or pathway mechanism evidence.",high,high,central,high
pmid-37355703,37355703,PMC10290691,10.1038/s41467-023-39105-0,An unnatural enzyme with endonuclease activity towards small non-coding RNAs.,pmc_xml,/Users/xingmeng/.openclaw/workspaces/staff-scientist-ideker/agenticWorkflow_LiteratureScreeningAndFullTextReview/runs/host_pathogen_shared_mechanisms_apms_20260826/passes/pass_002/artifacts/fulltext_import/PMC_XML/normalized/PMC10290691.json,keep,"Full text contains useful host-pathogen assay or pathway evidence, but the primary-virus mechanism is less central than in direct papers.",medium,medium,supporting,medium
pmid-37341610,37341610,PMC10433982,10.1128/spectrum.01284-23,Mouse Liver-Expressed Shiftless Is an Evolutionarily Conserved Antiviral Effector Restricting Human and Murine Hepaciviruses.,pmc_xml,/Users/xingmeng/.openclaw/workspaces/staff-scientist-ideker/agenticWorkflow_LiteratureScreeningAndFullTextReview/runs/host_pathogen_shared_mechanisms_apms_20260826/passes/pass_002/artifacts/fulltext_import/PMC_XML/normalized/PMC10433982.json,drop,"Full text is dominated by clinical, biomarker, drug-screen, protocol, or computational-prioritization content rather than host-pathogen mechanism evidence.",low,low,incidental,medium
pmid-37267431,37267431,PMC10266667,10.1371/journal.ppat.1011423,HIV-1 capsid stability enables inositol phosphate-independent infection of target cells and promotes integration into genes.,pmc_xml,/Users/xingmeng/.openclaw/workspaces/staff-scientist-ideker/agenticWorkflow_LiteratureScreeningAndFullTextReview/runs/host_pathogen_shared_mechanisms_apms_20260826/passes/pass_002/artifacts/fulltext_import/PMC_XML/normalized/PMC10266667.json,keep,Full text links a primary virus to a host factor or host pathway mechanism.,high,high,central,medium
pmid-37252973,37252973,PMC10266027,10.1073/pnas.2220005120,Dengue virus NS5 degrades ERC1 during infection to antagonize NF-kB activation.,pmc_xml,/Users/xingmeng/.openclaw/workspaces/staff-scientist-ideker/agenticWorkflow_LiteratureScreeningAndFullTextReview/runs/host_pathogen_shared_mechanisms_apms_20260826/passes/pass_002/artifacts/fulltext_import/PMC_XML/normalized/PMC10266027.json,keep,"Full text centers a primary virus and provides assay-supported host interaction, host factor, or pathway mechanism evidence.",high,high,central,high
pmid-37243126,37243126,PMC10223265,10.3390/v15051038,An Artificial Peptide-Based Bifunctional HIV-1 Entry Inhibitor That Interferes with Viral Glycoprotein-41 Six-Helix Bundle Formation and Antagonizes CCR5 on the Host Cell Membrane.,pmc_xml,/Users/xingmeng/.openclaw/workspaces/staff-scientist-ideker/agenticWorkflow_LiteratureScreeningAndFullTextReview/runs/host_pathogen_shared_mechanisms_apms_20260826/passes/pass_002/artifacts/fulltext_import/PMC_XML/normalized/PMC10223265.json,keep,Full text links a primary virus to a host factor or host pathway mechanism.,high,high,central,medium
pmid-37172824,37172824,PMC10311276,10.1016/j.virs.2023.05.006,Spastin is required for human immunodeficiency virus-1 efficient replication through cooperation with the endosomal sorting complex required for transport (ESCRT) protein.,pmc_xml,/Users/xingmeng/.openclaw/workspaces/staff-scientist-ideker/agenticWorkflow_LiteratureScreeningAndFullTextReview/runs/host_pathogen_shared_mechanisms_apms_20260826/passes/pass_002/artifacts/fulltext_import/PMC_XML/normalized/PMC10311276.json,keep,Full text links a primary virus to a host factor or host pathway mechanism.,high,high,central,medium
pmid-37165099,37165099,PMC10172343,10.1038/s42003-023-04841-y,Schlafen 12 restricts HIV-1 latency reversal by a codon-usage dependent post-transcriptional block in CD4+ T cells.,pmc_xml,/Users/xingmeng/.openclaw/workspaces/staff-scientist-ideker/agenticWorkflow_LiteratureScreeningAndFullTextReview/runs/host_pathogen_shared_mechanisms_apms_20260826/passes/pass_002/artifacts/fulltext_import/PMC_XML/normalized/PMC10172343.json,keep,"Full text centers a primary virus and provides assay-supported host interaction, host factor, or pathway mechanism evidence.",high,high,central,high
pmid-37155854,37155854,PMC10193943,10.1073/pnas.2217451120,ATG5 selectively engages virus-tethered BST2/tetherin in an LC3C-associated pathway.,pmc_xml,/Users/xingmeng/.openclaw/workspaces/staff-scientist-ideker/agenticWorkflow_LiteratureScreeningAndFullTextReview/runs/host_pathogen_shared_mechanisms_apms_20260826/passes/pass_002/artifacts/fulltext_import/PMC_XML/normalized/PMC10193943.json,keep,"Full text contains useful host-pathogen assay or pathway evidence, but the primary-virus mechanism is less central than in direct papers.",medium,medium,supporting,medium
pmid-37068108,37068108,PMC10138851,10.1371/journal.ppat.1011163,The viral packaging motor potentiates Kaposi's sarcoma-associated herpesvirus gene expression late in infection.,pmc_xml,/Users/xingmeng/.openclaw/workspaces/staff-scientist-ideker/agenticWorkflow_LiteratureScreeningAndFullTextReview/runs/host_pathogen_shared_mechanisms_apms_20260826/passes/pass_002/artifacts/fulltext_import/PMC_XML/normalized/PMC10138851.json,keep,"Full text centers a primary virus and provides assay-supported host interaction, host factor, or pathway mechanism evidence.",high,high,central,high
pmid-37040417,37040417,PMC10120081,10.1073/pnas.2220557120,Two structural switches in HIV-1 capsid regulate capsid curvature and host factor binding.,pmc_xml,/Users/xingmeng/.openclaw/workspaces/staff-scientist-ideker/agenticWorkflow_LiteratureScreeningAndFullTextReview/runs/host_pathogen_shared_mechanisms_apms_20260826/passes/pass_002/artifacts/fulltext_import/PMC_XML/normalized/PMC10120081.json,keep,Full text links a primary virus to a host factor or host pathway mechanism.,high,high,central,medium
pmid-37010434,37010434,PMC10128004,10.1128/mbio.00549-23,Genome-Wide CRISPR-Cas9 Screen Identifies SMCHD1 as a Restriction Factor for Herpesviruses.,pmc_xml,/Users/xingmeng/.openclaw/workspaces/staff-scientist-ideker/agenticWorkflow_LiteratureScreeningAndFullTextReview/runs/host_pathogen_shared_mechanisms_apms_20260826/passes/pass_002/artifacts/fulltext_import/PMC_XML/normalized/PMC10128004.json,keep,"Full text contains useful host-pathogen assay or pathway evidence, but the primary-virus mechanism is less central than in direct papers.",medium,medium,supporting,medium
pmid-36993223,36993223,PMC10055373,10.1101/2023.03.24.534139,"Primate TRIM34 is a broadly-acting, TRIM5-dependent lentiviral restriction factor.",pmc_xml,/Users/xingmeng/.openclaw/workspaces/staff-scientist-ideker/agenticWorkflow_LiteratureScreeningAndFullTextReview/runs/host_pathogen_shared_mechanisms_apms_20260826/passes/pass_002/artifacts/fulltext_import/PMC_XML/normalized/PMC10055373.json,keep,"Full text has plausible host pathway or host-factor mechanism context for a primary virus, but evidence is not strongly assay-centered.",medium,medium,supporting,low
pmid-36976020,36976020,PMC10127607,10.1128/mbio.00166-23,SERINC5 Mediates a Postintegration Block to HIV-1 Gene Expression in Macrophages.,pmc_xml,/Users/xingmeng/.openclaw/workspaces/staff-scientist-ideker/agenticWorkflow_LiteratureScreeningAndFullTextReview/runs/host_pathogen_shared_mechanisms_apms_20260826/passes/pass_002/artifacts/fulltext_import/PMC_XML/normalized/PMC10127607.json,keep,"Full text centers a primary virus and provides assay-supported host interaction, host factor, or pathway mechanism evidence.",high,high,central,high
pmid-36946615,36946615,PMC10366416,10.1021/acsinfecdis.2c00478,Serinc5 Restricts HIV Membrane Fusion by Altering Lipid Order and Heterogeneity in the Viral Membrane.,pmc_xml,/Users/xingmeng/.openclaw/workspaces/staff-scientist-ideker/agenticWorkflow_LiteratureScreeningAndFullTextReview/runs/host_pathogen_shared_mechanisms_apms_20260826/passes/pass_002/artifacts/fulltext_import/PMC_XML/normalized/PMC10366416.json,keep,Full text links a primary virus to a host factor or host pathway mechanism.,high,high,central,medium
pmid-36927083,36927083,PMC10128041,10.1128/mbio.00161-23,The Feline Immunodeficiency Virus Envelope Signal Peptide Is a Tetherin Antagonizing Protein.,pmc_xml,/Users/xingmeng/.openclaw/workspaces/staff-scientist-ideker/agenticWorkflow_LiteratureScreeningAndFullTextReview/runs/host_pathogen_shared_mechanisms_apms_20260826/passes/pass_002/artifacts/fulltext_import/PMC_XML/normalized/PMC10128041.json,drop,"Full text is dominated by clinical, biomarker, drug-screen, protocol, or computational-prioritization content rather than host-pathogen mechanism evidence.",low,low,incidental,medium
pmid-36897778,36897778,PMC10124996,10.1016/j.celrep.2023.112234,The lysine methyltransferase SMYD5 amplifies HIV-1 transcription and is post-transcriptionally upregulated by Tat and USP11.,pmc_xml,/Users/xingmeng/.openclaw/workspaces/staff-scientist-ideker/agenticWorkflow_LiteratureScreeningAndFullTextReview/runs/host_pathogen_shared_mechanisms_apms_20260826/passes/pass_002/artifacts/fulltext_import/PMC_XML/normalized/PMC10124996.json,keep,"Full text centers a primary virus and provides assay-supported host interaction, host factor, or pathway mechanism evidence.",high,high,central,high
pmid-36851687,36851687,PMC9967848,10.3390/v15020474,HIV-1 Gag Binds the Multi-Aminoacyl-tRNA Synthetase Complex via the EPRS Subunit.,pmc_xml,/Users/xingmeng/.openclaw/workspaces/staff-scientist-ideker/agenticWorkflow_LiteratureScreeningAndFullTextReview/runs/host_pathogen_shared_mechanisms_apms_20260826/passes/pass_002/artifacts/fulltext_import/PMC_XML/normalized/PMC9967848.json,keep,"Full text centers a primary virus and provides assay-supported host interaction, host factor, or pathway mechanism evidence.",high,high,central,high
pmid-36759579,36759579,PMC10023569,10.1038/s41594-022-00913-5,A molecular switch modulates assembly and host factor binding of the HIV-1 capsid.,pmc_xml,/Users/xingmeng/.openclaw/workspaces/staff-scientist-ideker/agenticWorkflow_LiteratureScreeningAndFullTextReview/runs/host_pathogen_shared_mechanisms_apms_20260826/passes/pass_002/artifacts/fulltext_import/PMC_XML/normalized/PMC10023569.json,keep,Full text links a primary virus to a host factor or host pathway mechanism.,high,high,central,medium
pmid-36744886,36744886,PMC9973025,10.1128/mbio.00009-23,A Virus-Packageable CRISPR System Identifies Host Dependency Factors Co-Opted by Multiple HIV-1 Strains.,pmc_xml,/Users/xingmeng/.openclaw/workspaces/staff-scientist-ideker/agenticWorkflow_LiteratureScreeningAndFullTextReview/runs/host_pathogen_shared_mechanisms_apms_20260826/passes/pass_002/artifacts/fulltext_import/PMC_XML/normalized/PMC9973025.json,keep,"Full text centers a primary virus and provides assay-supported host interaction, host factor, or pathway mechanism evidence.",high,high,central,high
pmid-36711753,36711753,PMC9882657,10.21203/rs.3.rs-2436910/v1,A novel peptide that disrupts the Lck-IP3R protein-protein interaction induces widespread cell death in leukemia and lymphoma.,pmc_xml,/Users/xingmeng/.openclaw/workspaces/staff-scientist-ideker/agenticWorkflow_LiteratureScreeningAndFullTextReview/runs/host_pathogen_shared_mechanisms_apms_20260826/passes/pass_002/artifacts/fulltext_import/PMC_XML/normalized/PMC9882657.json,drop,"Full text is dominated by clinical, biomarker, drug-screen, protocol, or computational-prioritization content rather than host-pathogen mechanism evidence.",low,low,incidental,medium
pmid-36627271,36627271,PMC9832166,10.1038/s41467-022-35379-y,Antiretroviral APOBEC3 cytidine deaminases alter HIV-1 provirus integration site profiles.,pmc_xml,/Users/xingmeng/.openclaw/workspaces/staff-scientist-ideker/agenticWorkflow_LiteratureScreeningAndFullTextReview/runs/host_pathogen_shared_mechanisms_apms_20260826/passes/pass_002/artifacts/fulltext_import/PMC_XML/normalized/PMC9832166.json,keep,Full text links a primary virus to a host factor or host pathway mechanism.,high,high,central,medium
pmid-36602368,36602368,PMC9888194,10.1128/jvi.01752-22,Interleukin-27 Promotes Divergent Effects on HIV-1 Infection in Peripheral Blood Mononuclear Cells through BST-2/Tetherin.,pmc_xml,/Users/xingmeng/.openclaw/workspaces/staff-scientist-ideker/agenticWorkflow_LiteratureScreeningAndFullTextReview/runs/host_pathogen_shared_mechanisms_apms_20260826/passes/pass_002/artifacts/fulltext_import/PMC_XML/normalized/PMC9888194.json,keep,Full text links a primary virus to a host factor or host pathway mechanism.,high,high,central,medium
pmid-36598981,36598981,PMC9812381,10.1126/sciadv.ade3168,Structural basis for HIV-1 antagonism of host APOBEC3G via Cullin E3 ligase.,pmc_xml,/Users/xingmeng/.openclaw/workspaces/staff-scientist-ideker/agenticWorkflow_LiteratureScreeningAndFullTextReview/runs/host_pathogen_shared_mechanisms_apms_20260826/passes/pass_002/artifacts/fulltext_import/PMC_XML/normalized/PMC9812381.json,keep,"Full text centers a primary virus and provides assay-supported host interaction, host factor, or pathway mechanism evidence.",high,high,central,high
pmid-36584296,36584296,PMC9910500,10.1073/pnas.2217476120,The chaperone protein p32 stabilizes HIV-1 Tat and strengthens the p-TEFb/RNAPII/TAR complex promoting HIV transcription elongation.,pmc_xml,/Users/xingmeng/.openclaw/workspaces/staff-scientist-ideker/agenticWorkflow_LiteratureScreeningAndFullTextReview/runs/host_pathogen_shared_mechanisms_apms_20260826/passes/pass_002/artifacts/fulltext_import/PMC_XML/normalized/PMC9910500.json,keep,"Full text centers a primary virus and provides assay-supported host interaction, host factor, or pathway mechanism evidence.",high,high,central,high
pmid-36534283,36534283,PMC10067014,10.1007/978-1-0716-2895-9_7,Computational Modeling of IN-CTD/TAR Complex to Elucidate Additional Strategies to Inhibit HIV-1 Replication.,pmc_xml,/Users/xingmeng/.openclaw/workspaces/staff-scientist-ideker/agenticWorkflow_LiteratureScreeningAndFullTextReview/runs/host_pathogen_shared_mechanisms_apms_20260826/passes/pass_002/artifacts/fulltext_import/PMC_XML/normalized/PMC10067014.json,keep,Full text links a primary virus to a host factor or host pathway mechanism.,high,high,central,medium
pmid-36475726,36475726,PMC9927277,10.1128/spectrum.02663-22,"A Broad-Spectrum Antiviral Molecule, Protoporphyrin IX, Acts as a Moderator of HIV-1 Capsid Assembly by Targeting the Capsid Hexamer.",pmc_xml,/Users/xingmeng/.openclaw/workspaces/staff-scientist-ideker/agenticWorkflow_LiteratureScreeningAndFullTextReview/runs/host_pathogen_shared_mechanisms_apms_20260826/passes/pass_002/artifacts/fulltext_import/PMC_XML/normalized/PMC9927277.json,keep,Full text links a primary virus to a host factor or host pathway mechanism.,high,high,central,medium
pmid-36464077,36464077,PMC9712144,10.1016/j.antiviral.2022.105478,RBM24 inhibits the translation of SARS-CoV-2 polyproteins by targeting the 5'-untranslated region.,pmc_xml,/Users/xingmeng/.openclaw/workspaces/staff-scientist-ideker/agenticWorkflow_LiteratureScreeningAndFullTextReview/runs/host_pathogen_shared_mechanisms_apms_20260826/passes/pass_002/artifacts/fulltext_import/PMC_XML/normalized/PMC9712144.json,keep,"Full text contains useful host-pathogen assay or pathway evidence, but the primary-virus mechanism is less central than in direct papers.",medium,medium,supporting,medium
pmid-36314049,36314049,PMC10117160,10.1093/jmcb/mjac060,HIV-induced membraneless organelles orchestrate post-nuclear entry steps.,pmc_xml,/Users/xingmeng/.openclaw/workspaces/staff-scientist-ideker/agenticWorkflow_LiteratureScreeningAndFullTextReview/runs/host_pathogen_shared_mechanisms_apms_20260826/passes/pass_002/artifacts/fulltext_import/PMC_XML/normalized/PMC10117160.json,keep,Full text links a primary virus to a host factor or host pathway mechanism.,high,high,central,medium
pmid-36499678,36499678,PMC9735550,10.3390/ijms232315340,Regulation of Epstein-Barr Virus Minor Capsid Protein BORF1 by TRIM5α.,pmc_xml,/Users/xingmeng/.openclaw/workspaces/staff-scientist-ideker/agenticWorkflow_LiteratureScreeningAndFullTextReview/runs/host_pathogen_shared_mechanisms_apms_20260826/passes/pass_002/artifacts/fulltext_import/PMC_XML/normalized/PMC9735550.json,keep,"Full text has plausible host pathway or host-factor mechanism context for a primary virus, but evidence is not strongly assay-centered.",medium,medium,supporting,low
pmid-36285453,36285453,PMC9665091,10.1080/22221751.2022.2140605,FBXO34 promotes latent HIV-1 activation by post-transcriptional modulation.,pmc_xml,/Users/xingmeng/.openclaw/workspaces/staff-scientist-ideker/agenticWorkflow_LiteratureScreeningAndFullTextReview/runs/host_pathogen_shared_mechanisms_apms_20260826/passes/pass_002/artifacts/fulltext_import/PMC_XML/normalized/PMC9665091.json,keep,"Full text centers a primary virus and provides assay-supported host interaction, host factor, or pathway mechanism evidence.",high,high,central,high
pmid-36215666,36215666,PMC9724678,10.15252/embr.202255470,The Autophagy Receptor TAX1BP1 (T6BP) improves antigen presentation by MHC-II molecules.,pmc_xml,/Users/xingmeng/.openclaw/workspaces/staff-scientist-ideker/agenticWorkflow_LiteratureScreeningAndFullTextReview/runs/host_pathogen_shared_mechanisms_apms_20260826/passes/pass_002/artifacts/fulltext_import/PMC_XML/normalized/PMC9724678.json,keep,"Full text contains useful host-pathogen assay or pathway evidence, but the primary-virus mechanism is less central than in direct papers.",medium,medium,supporting,medium
pmid-36115853,36115853,PMC9482658,10.1038/s41467-022-33123-0,Mechanistic understanding of human SLFN11.,pmc_xml,/Users/xingmeng/.openclaw/workspaces/staff-scientist-ideker/agenticWorkflow_LiteratureScreeningAndFullTextReview/runs/host_pathogen_shared_mechanisms_apms_20260826/passes/pass_002/artifacts/fulltext_import/PMC_XML/normalized/PMC9482658.json,keep,"Full text contains useful host-pathogen assay or pathway evidence, but the primary-virus mechanism is less central than in direct papers.",medium,medium,supporting,medium
pmid-36074777,36074777,PMC9488832,10.1371/journal.ppat.1010329,Arbovirus-vector protein interactomics identifies Loquacious as a co-factor for dengue virus replication in Aedes mosquitoes.,pmc_xml,/Users/xingmeng/.openclaw/workspaces/staff-scientist-ideker/agenticWorkflow_LiteratureScreeningAndFullTextReview/runs/host_pathogen_shared_mechanisms_apms_20260826/passes/pass_002/artifacts/fulltext_import/PMC_XML/normalized/PMC9488832.json,keep,"Full text centers a primary virus and provides assay-supported host interaction, host factor, or pathway mechanism evidence.",high,high,central,high
pmid-36015010,36015010,PMC9415735,10.3390/pathogens11080891,Application of CRISPR-Cas9 Gene Editing for HIV Host Factor Discovery and Validation.,pmc_xml,/Users/xingmeng/.openclaw/workspaces/staff-scientist-ideker/agenticWorkflow_LiteratureScreeningAndFullTextReview/runs/host_pathogen_shared_mechanisms_apms_20260826/passes/pass_002/artifacts/fulltext_import/PMC_XML/normalized/PMC9415735.json,keep,"Full text centers a primary virus and provides assay-supported host interaction, host factor, or pathway mechanism evidence.",high,high,central,high
pmid-35939522,35939522,PMC9387935,10.1371/journal.ppat.1010763,TMEM41B and VMP1 modulate cellular lipid and energy metabolism for facilitating dengue virus infection.,pmc_xml,/Users/xingmeng/.openclaw/workspaces/staff-scientist-ideker/agenticWorkflow_LiteratureScreeningAndFullTextReview/runs/host_pathogen_shared_mechanisms_apms_20260826/passes/pass_002/artifacts/fulltext_import/PMC_XML/normalized/PMC9387935.json,keep,"Full text centers a primary virus and provides assay-supported host interaction, host factor, or pathway mechanism evidence.",high,high,central,high
pmid-35914008,35914008,PMC9371351,10.1371/journal.ppat.1010744,KSHV RTA antagonizes SMC5/6 complex-induced viral chromatin compaction by hijacking the ubiquitin-proteasome system.,pmc_xml,/Users/xingmeng/.openclaw/workspaces/staff-scientist-ideker/agenticWorkflow_LiteratureScreeningAndFullTextReview/runs/host_pathogen_shared_mechanisms_apms_20260826/passes/pass_002/artifacts/fulltext_import/PMC_XML/normalized/PMC9371351.json,keep,Full text links a primary virus to a host factor or host pathway mechanism.,high,high,central,medium
pmid-35891536,35891536,PMC9315659,10.3390/v14071556,Phosphomimetic S207D Lysyl-tRNA Synthetase Binds HIV-1 5'UTR in an Open Conformation and Increases RNA Dynamics.,pmc_xml,/Users/xingmeng/.openclaw/workspaces/staff-scientist-ideker/agenticWorkflow_LiteratureScreeningAndFullTextReview/runs/host_pathogen_shared_mechanisms_apms_20260826/passes/pass_002/artifacts/fulltext_import/PMC_XML/normalized/PMC9315659.json,keep,"Full text centers a primary virus and provides assay-supported host interaction, host factor, or pathway mechanism evidence.",high,high,central,high
pmid-35891432,35891432,PMC9324250,10.3390/v14071454,Mutagenic Analysis of the HIV Restriction Factor Shiftless.,pmc_xml,/Users/xingmeng/.openclaw/workspaces/staff-scientist-ideker/agenticWorkflow_LiteratureScreeningAndFullTextReview/runs/host_pathogen_shared_mechanisms_apms_20260826/passes/pass_002/artifacts/fulltext_import/PMC_XML/normalized/PMC9324250.json,keep,"Full text centers a primary virus and provides assay-supported host interaction, host factor, or pathway mechanism evidence.",high,high,central,high
pmid-35836293,35836293,PMC9284890,10.1186/s12985-022-01848-5,PPP2R5D promotes hepatitis C virus infection by binding to viral NS5B and enhancing viral RNA replication.,pmc_xml,/Users/xingmeng/.openclaw/workspaces/staff-scientist-ideker/agenticWorkflow_LiteratureScreeningAndFullTextReview/runs/host_pathogen_shared_mechanisms_apms_20260826/passes/pass_002/artifacts/fulltext_import/PMC_XML/normalized/PMC9284890.json,keep,"Full text centers a primary virus and provides assay-supported host interaction, host factor, or pathway mechanism evidence.",high,high,central,high
pmid-35834589,35834589,PMC9321775,10.1371/journal.ppat.1010717,A specific EMC subunit supports Dengue virus infection by promoting virus membrane fusion essential for cytosolic genome delivery.,pmc_xml,/Users/xingmeng/.openclaw/workspaces/staff-scientist-ideker/agenticWorkflow_LiteratureScreeningAndFullTextReview/runs/host_pathogen_shared_mechanisms_apms_20260826/passes/pass_002/artifacts/fulltext_import/PMC_XML/normalized/PMC9321775.json,keep,Full text links a primary virus to a host factor or host pathway mechanism.,high,high,central,medium
pmid-35746697,35746697,PMC9229039,10.3390/v14061226,Mosquito-Borne Flaviviruses and Current Therapeutic Advances.,pmc_xml,/Users/xingmeng/.openclaw/workspaces/staff-scientist-ideker/agenticWorkflow_LiteratureScreeningAndFullTextReview/runs/host_pathogen_shared_mechanisms_apms_20260826/passes/pass_002/artifacts/fulltext_import/PMC_XML/normalized/PMC9229039.json,drop,"Full text is dominated by clinical, biomarker, drug-screen, protocol, or computational-prioritization content rather than host-pathogen mechanism evidence.",low,low,incidental,medium
pmid-35654986,35654986,PMC9160517,10.1038/s41598-022-13373-0,The impact of the suppression of highly connected protein interactions on the corona virus infection.,pmc_xml,/Users/xingmeng/.openclaw/workspaces/staff-scientist-ideker/agenticWorkflow_LiteratureScreeningAndFullTextReview/runs/host_pathogen_shared_mechanisms_apms_20260826/passes/pass_002/artifacts/fulltext_import/PMC_XML/normalized/PMC9160517.json,keep,"Full text contains useful host-pathogen assay or pathway evidence, but the primary-virus mechanism is less central than in direct papers.",medium,medium,supporting,medium
pmid-35618710,35618710,PMC9135752,10.1038/s41467-022-30609-9,SARS-CoV-2 ORF7a potently inhibits the antiviral effect of the host factor SERINC5.,pmc_xml,/Users/xingmeng/.openclaw/workspaces/staff-scientist-ideker/agenticWorkflow_LiteratureScreeningAndFullTextReview/runs/host_pathogen_shared_mechanisms_apms_20260826/passes/pass_002/artifacts/fulltext_import/PMC_XML/normalized/PMC9135752.json,keep,"Full text contains useful host-pathogen assay or pathway evidence, but the primary-virus mechanism is less central than in direct papers.",medium,medium,supporting,medium
pmid-35545034,35545034,PMC9136943,10.1016/j.celrep.2022.110797,Interactomic analysis reveals a homeostatic role for the HIV restriction factor TRIM5α in mitophagy.,pmc_xml,/Users/xingmeng/.openclaw/workspaces/staff-scientist-ideker/agenticWorkflow_LiteratureScreeningAndFullTextReview/runs/host_pathogen_shared_mechanisms_apms_20260826/passes/pass_002/artifacts/fulltext_import/PMC_XML/normalized/PMC9136943.json,keep,"Full text centers a primary virus and provides assay-supported host interaction, host factor, or pathway mechanism evidence.",high,high,central,high
pmid-35494555,35494555,PMC9052817,10.1177/11779322221092944,From Beginning to End: Expanding the SERINC3 Interactome Through an in silico Analysis.,pmc_xml,/Users/xingmeng/.openclaw/workspaces/staff-scientist-ideker/agenticWorkflow_LiteratureScreeningAndFullTextReview/runs/host_pathogen_shared_mechanisms_apms_20260826/passes/pass_002/artifacts/fulltext_import/PMC_XML/normalized/PMC9052817.json,keep,"Full text contains useful host-pathogen assay or pathway evidence, but the primary-virus mechanism is less central than in direct papers.",medium,medium,supporting,medium
pmid-35452674,35452674,PMC9133654,10.1016/j.jbc.2022.101956,The cargo adapter protein CLINT1 is phosphorylated by the Numb-associated kinase BIKE and mediates dengue virus infection.,pmc_xml,/Users/xingmeng/.openclaw/workspaces/staff-scientist-ideker/agenticWorkflow_LiteratureScreeningAndFullTextReview/runs/host_pathogen_shared_mechanisms_apms_20260826/passes/pass_002/artifacts/fulltext_import/PMC_XML/normalized/PMC9133654.json,keep,"Full text centers a primary virus and provides assay-supported host interaction, host factor, or pathway mechanism evidence.",high,high,central,high
pmid-35369502,35369502,PMC8969595,10.3389/fmicb.2022.849084,MxB Disrupts Hepatitis C Virus NS5A-CypA Complex: Insights From a Combined Theoretical and Experimental Approach.,pmc_xml,/Users/xingmeng/.openclaw/workspaces/staff-scientist-ideker/agenticWorkflow_LiteratureScreeningAndFullTextReview/runs/host_pathogen_shared_mechanisms_apms_20260826/passes/pass_002/artifacts/fulltext_import/PMC_XML/normalized/PMC8969595.json,keep,Full text links a primary virus to a host factor or host pathway mechanism.,high,high,central,medium
pmid-35320713,35320713,PMC10496643,10.1016/j.celrep.2022.110544,Functional interactomes of the Ebola virus polymerase identified by proximity proteomics in the context of viral replication.,pmc_xml,/Users/xingmeng/.openclaw/workspaces/staff-scientist-ideker/agenticWorkflow_LiteratureScreeningAndFullTextReview/runs/host_pathogen_shared_mechanisms_apms_20260826/passes/pass_002/artifacts/fulltext_import/PMC_XML/normalized/PMC10496643.json,keep,"Full text centers a primary virus and provides assay-supported host interaction, host factor, or pathway mechanism evidence.",high,high,central,high
pmid-35297672,35297672,PMC9006913,10.1128/jvi.01995-21,The Human Liver-Expressed Lectin CD302 Restricts Hepatitis C Virus Infection.,pmc_xml,/Users/xingmeng/.openclaw/workspaces/staff-scientist-ideker/agenticWorkflow_LiteratureScreeningAndFullTextReview/runs/host_pathogen_shared_mechanisms_apms_20260826/passes/pass_002/artifacts/fulltext_import/PMC_XML/normalized/PMC9006913.json,keep,Full text links a primary virus to a host factor or host pathway mechanism.,high,high,central,medium
pmid-35263388,35263388,PMC8906592,10.1371/journal.ppat.1010322,Reovirus infection is regulated by NPC1 and endosomal cholesterol homeostasis.,pmc_xml,/Users/xingmeng/.openclaw/workspaces/staff-scientist-ideker/agenticWorkflow_LiteratureScreeningAndFullTextReview/runs/host_pathogen_shared_mechanisms_apms_20260826/passes/pass_002/artifacts/fulltext_import/PMC_XML/normalized/PMC8906592.json,keep,"Full text contains useful host-pathogen assay or pathway evidence, but the primary-virus mechanism is less central than in direct papers.",medium,medium,supporting,medium
pmid-35259395,35259395,PMC8980627,10.1016/j.jbc.2022.101805,Host AKT-mediated phosphorylation of HIV-1 accessory protein Vif potentiates infectivity via enhanced degradation of the restriction factor APOBEC3G.,pmc_xml,/Users/xingmeng/.openclaw/workspaces/staff-scientist-ideker/agenticWorkflow_LiteratureScreeningAndFullTextReview/runs/host_pathogen_shared_mechanisms_apms_20260826/passes/pass_002/artifacts/fulltext_import/PMC_XML/normalized/PMC8980627.json,keep,Full text links a primary virus to a host factor or host pathway mechanism.,high,high,central,medium
pmid-35198896,35198896,PMC8844723,10.1016/j.isci.2022.103843,TMEM106A inhibits enveloped virus release from cell surface.,pmc_xml,/Users/xingmeng/.openclaw/workspaces/staff-scientist-ideker/agenticWorkflow_LiteratureScreeningAndFullTextReview/runs/host_pathogen_shared_mechanisms_apms_20260826/passes/pass_002/artifacts/fulltext_import/PMC_XML/normalized/PMC8844723.json,drop,"Full text is dominated by clinical, biomarker, drug-screen, protocol, or computational-prioritization content rather than host-pathogen mechanism evidence.",low,low,incidental,medium
pmid-35130329,35130329,PMC8853643,10.1371/journal.ppat.1010310,SPCS1-Dependent E2-p7 processing determines HCV Assembly efficiency.,pmc_xml,/Users/xingmeng/.openclaw/workspaces/staff-scientist-ideker/agenticWorkflow_LiteratureScreeningAndFullTextReview/runs/host_pathogen_shared_mechanisms_apms_20260826/passes/pass_002/artifacts/fulltext_import/PMC_XML/normalized/PMC8853643.json,keep,Full text links a primary virus to a host factor or host pathway mechanism.,high,high,central,medium
pmid-35105802,35105802,PMC8832970,10.1073/pnas.2108173119,Human cytomegalovirus protein RL1 degrades the antiviral factor SLFN11 via recruitment of the CRL4 E3 ubiquitin ligase complex.,pmc_xml,/Users/xingmeng/.openclaw/workspaces/staff-scientist-ideker/agenticWorkflow_LiteratureScreeningAndFullTextReview/runs/host_pathogen_shared_mechanisms_apms_20260826/passes/pass_002/artifacts/fulltext_import/PMC_XML/normalized/PMC8832970.json,keep,"Full text contains useful host-pathogen assay or pathway evidence, but the primary-virus mechanism is less central than in direct papers.",medium,medium,supporting,medium
pmid-35041523,35041523,PMC8725591,10.1128/mbio.01979-21,Differential Expression of CREM/ICER Isoforms Is Associated with the Spontaneous Control of HIV Infection.,pmc_xml,/Users/xingmeng/.openclaw/workspaces/staff-scientist-ideker/agenticWorkflow_LiteratureScreeningAndFullTextReview/runs/host_pathogen_shared_mechanisms_apms_20260826/passes/pass_002/artifacts/fulltext_import/PMC_XML/normalized/PMC8725591.json,keep,Full text links a primary virus to a host factor or host pathway mechanism.,high,high,central,medium
pmid-34893529,34893529,PMC8755609,10.4049/jimmunol.2001389,SAMHD1 Promotes the Antiretroviral Adaptive Immune Response in Mice Exposed to Lipopolysaccharide.,pmc_xml,/Users/xingmeng/.openclaw/workspaces/staff-scientist-ideker/agenticWorkflow_LiteratureScreeningAndFullTextReview/runs/host_pathogen_shared_mechanisms_apms_20260826/passes/pass_002/artifacts/fulltext_import/PMC_XML/normalized/PMC8755609.json,drop,"Full text is dominated by clinical, biomarker, drug-screen, protocol, or computational-prioritization content rather than host-pathogen mechanism evidence.",low,low,incidental,medium
pmid-34737357,34737357,PMC8566969,10.1038/s41422-021-00581-y,Comparison of viral RNA-host protein interactomes across pathogenic RNA viruses informs rapid antiviral drug discovery for SARS-CoV-2.,pmc_xml,/Users/xingmeng/.openclaw/workspaces/staff-scientist-ideker/agenticWorkflow_LiteratureScreeningAndFullTextReview/runs/host_pathogen_shared_mechanisms_apms_20260826/passes/pass_002/artifacts/fulltext_import/PMC_XML/normalized/PMC8566969.json,keep,"Full text contains useful host-pathogen assay or pathway evidence, but the primary-virus mechanism is less central than in direct papers.",medium,medium,supporting,medium
pmid-34730388,34730388,PMC8791264,10.1128/JVI.01610-21,BST2 Suppresses LINE-1 Retrotransposition by Reducing the Promoter Activity of LINE-1 5' UTR.,pmc_xml,/Users/xingmeng/.openclaw/workspaces/staff-scientist-ideker/agenticWorkflow_LiteratureScreeningAndFullTextReview/runs/host_pathogen_shared_mechanisms_apms_20260826/passes/pass_002/artifacts/fulltext_import/PMC_XML/normalized/PMC8791264.json,keep,"Full text contains useful host-pathogen assay or pathway evidence, but the primary-virus mechanism is less central than in direct papers.",medium,medium,supporting,medium
pmid-34314873,34314873,PMC9880813,10.1016/j.gpb.2021.02.008,A Yeast BiFC-seq Method for Genome-wide Interactome Mapping.,pmc_xml,/Users/xingmeng/.openclaw/workspaces/staff-scientist-ideker/agenticWorkflow_LiteratureScreeningAndFullTextReview/runs/host_pathogen_shared_mechanisms_apms_20260826/passes/pass_002/artifacts/fulltext_import/PMC_XML/normalized/PMC9880813.json,keep,"Full text contains useful host-pathogen assay or pathway evidence, but the primary-virus mechanism is less central than in direct papers.",medium,medium,supporting,medium
pmid-34933450,34933450,PMC8689460,10.1128/mBio.02113-21,Interferon-Induced Transmembrane Proteins Inhibit Infection by the Kaposi's Sarcoma-Associated Herpesvirus and the Related Rhesus Monkey Rhadinovirus in a Cell-Specific Manner.,pmc_xml,/Users/xingmeng/.openclaw/workspaces/staff-scientist-ideker/agenticWorkflow_LiteratureScreeningAndFullTextReview/runs/host_pathogen_shared_mechanisms_apms_20260826/passes/pass_002/artifacts/fulltext_import/PMC_XML/normalized/PMC8689460.json,keep,Full text links a primary virus to a host factor or host pathway mechanism.,high,high,central,medium
pmid-34824224,34824224,PMC8616905,10.1038/s41467-021-27177-9,A structured RNA motif locks Argonaute2:miR-122 onto the 5' end of the HCV genome.,pmc_xml,/Users/xingmeng/.openclaw/workspaces/staff-scientist-ideker/agenticWorkflow_LiteratureScreeningAndFullTextReview/runs/host_pathogen_shared_mechanisms_apms_20260826/passes/pass_002/artifacts/fulltext_import/PMC_XML/normalized/PMC8616905.json,keep,"Full text centers a primary virus and provides assay-supported host interaction, host factor, or pathway mechanism evidence.",high,high,central,high
pmid-34745452,34745452,PMC8531761,10.1016/j.csbj.2021.09.017,"An Ebola, Neisseria and Trypanosoma human protein interaction census reveals a conserved human protein cluster targeted by various human pathogens.",pmc_xml,/Users/xingmeng/.openclaw/workspaces/staff-scientist-ideker/agenticWorkflow_LiteratureScreeningAndFullTextReview/runs/host_pathogen_shared_mechanisms_apms_20260826/passes/pass_002/artifacts/fulltext_import/PMC_XML/normalized/PMC8531761.json,keep,"Full text contains useful host-pathogen assay or pathway evidence, but the primary-virus mechanism is less central than in direct papers.",medium,medium,supporting,medium
pmid-34697376,34697376,PMC8545964,10.1038/s41598-021-00415-2,HIV-2 Vpx neutralizes host restriction factor SAMHD1 to promote viral pathogenesis.,pmc_xml,/Users/xingmeng/.openclaw/workspaces/staff-scientist-ideker/agenticWorkflow_LiteratureScreeningAndFullTextReview/runs/host_pathogen_shared_mechanisms_apms_20260826/passes/pass_002/artifacts/fulltext_import/PMC_XML/normalized/PMC8545964.json,keep,Full text links a primary virus to a host factor or host pathway mechanism.,high,high,central,medium
pmid-34696522,34696522,PMC8540793,10.3390/v13102092,The Biogenesis of Dengue Virus Replication Organelles Requires the ATPase Activity of Valosin-Containing Protein.,pmc_xml,/Users/xingmeng/.openclaw/workspaces/staff-scientist-ideker/agenticWorkflow_LiteratureScreeningAndFullTextReview/runs/host_pathogen_shared_mechanisms_apms_20260826/passes/pass_002/artifacts/fulltext_import/PMC_XML/normalized/PMC8540793.json,keep,"Full text centers a primary virus and provides assay-supported host interaction, host factor, or pathway mechanism evidence.",high,high,central,high
pmid-34685704,34685704,PMC8534522,10.3390/cells10102723,"The LEDGF/p75 Integrase Binding Domain Interactome Contributes to the Survival, Clonogenicity, and Tumorsphere Formation of Docetaxel-Resistant Prostate Cancer Cells.",pmc_xml,/Users/xingmeng/.openclaw/workspaces/staff-scientist-ideker/agenticWorkflow_LiteratureScreeningAndFullTextReview/runs/host_pathogen_shared_mechanisms_apms_20260826/passes/pass_002/artifacts/fulltext_import/PMC_XML/normalized/PMC8534522.json,keep,"Full text contains useful host-pathogen assay or pathway evidence, but the primary-virus mechanism is less central than in direct papers.",medium,medium,supporting,medium
pmid-34613803,34613803,PMC8610598,10.1128/JVI.01445-21,HIV-1 CA Inhibitors Are Antagonized by Inositol Phosphate Stabilization of the Viral Capsid in Cells.,pmc_xml,/Users/xingmeng/.openclaw/workspaces/staff-scientist-ideker/agenticWorkflow_LiteratureScreeningAndFullTextReview/runs/host_pathogen_shared_mechanisms_apms_20260826/passes/pass_002/artifacts/fulltext_import/PMC_XML/normalized/PMC8610598.json,keep,Full text links a primary virus to a host factor or host pathway mechanism.,high,high,central,medium
pmid-34586867,34586867,PMC8610583,10.1128/JVI.00596-21,Genome-Wide CRISPR Screen Identifies RACK1 as a Critical Host Factor for Flavivirus Replication.,pmc_xml,/Users/xingmeng/.openclaw/workspaces/staff-scientist-ideker/agenticWorkflow_LiteratureScreeningAndFullTextReview/runs/host_pathogen_shared_mechanisms_apms_20260826/passes/pass_002/artifacts/fulltext_import/PMC_XML/normalized/PMC8610583.json,keep,"Full text contains useful host-pathogen assay or pathway evidence, but the primary-virus mechanism is less central than in direct papers.",medium,medium,supporting,medium
pmid-34565409,34565409,PMC8474785,10.1186/s12977-021-00574-0,Arginyl-tRNA-protein transferase 1 contributes to governing optimal stability of the human immunodeficiency virus type 1 core.,pmc_xml,/Users/xingmeng/.openclaw/workspaces/staff-scientist-ideker/agenticWorkflow_LiteratureScreeningAndFullTextReview/runs/host_pathogen_shared_mechanisms_apms_20260826/passes/pass_002/artifacts/fulltext_import/PMC_XML/normalized/PMC8474785.json,keep,"Full text centers a primary virus and provides assay-supported host interaction, host factor, or pathway mechanism evidence.",high,high,central,high
pmid-34502213,34502213,PMC8431494,10.3390/ijms22179308,High-Throughput NanoBiT-Based Screening for Inhibitors of HIV-1 Vpu and Host BST-2 Protein Interaction.,pmc_xml,/Users/xingmeng/.openclaw/workspaces/staff-scientist-ideker/agenticWorkflow_LiteratureScreeningAndFullTextReview/runs/host_pathogen_shared_mechanisms_apms_20260826/passes/pass_002/artifacts/fulltext_import/PMC_XML/normalized/PMC8431494.json,keep,Full text links a primary virus to a host factor or host pathway mechanism.,high,high,central,medium
pmid-34394108,34394108,PMC8356054,10.3389/fimmu.2021.707287,Identification of COVID-19 and Dengue Host Factor Interaction Networks Based on Integrative Bioinformatics Analyses.,pmc_xml,/Users/xingmeng/.openclaw/workspaces/staff-scientist-ideker/agenticWorkflow_LiteratureScreeningAndFullTextReview/runs/host_pathogen_shared_mechanisms_apms_20260826/passes/pass_002/artifacts/fulltext_import/PMC_XML/normalized/PMC8356054.json,keep,"Full text centers a primary virus and provides assay-supported host interaction, host factor, or pathway mechanism evidence.",high,high,central,high
pmid-34380030,34380030,PMC8385645,10.1016/j.celrep.2021.109514,HIV-1 Nef interacts with the cyclin K/CDK13 complex to antagonize SERINC5 for optimal viral infectivity.,pmc_xml,/Users/xingmeng/.openclaw/workspaces/staff-scientist-ideker/agenticWorkflow_LiteratureScreeningAndFullTextReview/runs/host_pathogen_shared_mechanisms_apms_20260826/passes/pass_002/artifacts/fulltext_import/PMC_XML/normalized/PMC8385645.json,keep,"Full text centers a primary virus and provides assay-supported host interaction, host factor, or pathway mechanism evidence.",high,high,central,high
pmid-34378951,34378951,PMC8552740,10.1128/Spectrum.00475-21,Secretory Carrier Membrane Protein 3 Interacts with 3A Viral Protein of Enterovirus and Participates in Viral Replication.,pmc_xml,/Users/xingmeng/.openclaw/workspaces/staff-scientist-ideker/agenticWorkflow_LiteratureScreeningAndFullTextReview/runs/host_pathogen_shared_mechanisms_apms_20260826/passes/pass_002/artifacts/fulltext_import/PMC_XML/normalized/PMC8552740.json,keep,"Full text contains useful host-pathogen assay or pathway evidence, but the primary-virus mechanism is less central than in direct papers.",medium,medium,supporting,medium
pmid-34361946,34361946,PMC8303831,10.3390/microorganisms9071509,Predicted Cellular Interactors of the Endogenous Retrovirus-K Integrase Enzyme.,pmc_xml,/Users/xingmeng/.openclaw/workspaces/staff-scientist-ideker/agenticWorkflow_LiteratureScreeningAndFullTextReview/runs/host_pathogen_shared_mechanisms_apms_20260826/passes/pass_002/artifacts/fulltext_import/PMC_XML/normalized/PMC8303831.json,keep,"Full text contains useful host-pathogen assay or pathway evidence, but the primary-virus mechanism is less central than in direct papers.",medium,medium,supporting,medium
pmid-34225493,34225493,PMC8406168,10.1128/mBio.00972-21,Expression of the Ebola Virus VP24 Protein Compromises the Integrity of the Nuclear Envelope and Induces a Laminopathy-Like Cellular Phenotype.,pmc_xml,/Users/xingmeng/.openclaw/workspaces/staff-scientist-ideker/agenticWorkflow_LiteratureScreeningAndFullTextReview/runs/host_pathogen_shared_mechanisms_apms_20260826/passes/pass_002/artifacts/fulltext_import/PMC_XML/normalized/PMC8406168.json,keep,"Full text centers a primary virus and provides assay-supported host interaction, host factor, or pathway mechanism evidence.",high,high,central,high
pmid-34202160,34202160,PMC8310280,10.3390/v13071230,Modulation of Viral Programmed Ribosomal Frameshifting and Stop Codon Readthrough by the Host Restriction Factor Shiftless.,pmc_xml,/Users/xingmeng/.openclaw/workspaces/staff-scientist-ideker/agenticWorkflow_LiteratureScreeningAndFullTextReview/runs/host_pathogen_shared_mechanisms_apms_20260826/passes/pass_002/artifacts/fulltext_import/PMC_XML/normalized/PMC8310280.json,keep,"Full text contains useful host-pathogen assay or pathway evidence, but the primary-virus mechanism is less central than in direct papers.",medium,medium,supporting,medium
pmid-34170969,34170969,PMC8266076,10.1371/journal.ppat.1009523,"Highly-potent, synthetic APOBEC3s restrict HIV-1 through deamination-independent mechanisms.",pmc_xml,/Users/xingmeng/.openclaw/workspaces/staff-scientist-ideker/agenticWorkflow_LiteratureScreeningAndFullTextReview/runs/host_pathogen_shared_mechanisms_apms_20260826/passes/pass_002/artifacts/fulltext_import/PMC_XML/normalized/PMC8266076.json,keep,Full text links a primary virus to a host factor or host pathway mechanism.,high,high,central,medium
pmid-34106579,34106579,PMC8552657,10.1128/Spectrum.00145-21,The KSHV ORF20 Protein Interacts with the Viral Processivity Factor ORF59 and Promotes Viral Reactivation.,pmc_xml,/Users/xingmeng/.openclaw/workspaces/staff-scientist-ideker/agenticWorkflow_LiteratureScreeningAndFullTextReview/runs/host_pathogen_shared_mechanisms_apms_20260826/passes/pass_002/artifacts/fulltext_import/PMC_XML/normalized/PMC8552657.json,keep,"Full text centers a primary virus and provides assay-supported host interaction, host factor, or pathway mechanism evidence.",high,high,central,high
pmid-34062120,34062120,PMC8276836,10.1016/j.cell.2021.04.047,TRIM7 inhibits enterovirus replication and promotes emergence of a viral variant with increased pathogenicity.,pmc_xml,/Users/xingmeng/.openclaw/workspaces/staff-scientist-ideker/agenticWorkflow_LiteratureScreeningAndFullTextReview/runs/host_pathogen_shared_mechanisms_apms_20260826/passes/pass_002/artifacts/fulltext_import/PMC_XML/normalized/PMC8276836.json,keep,"Full text contains useful host-pathogen assay or pathway evidence, but the primary-virus mechanism is less central than in direct papers.",medium,medium,supporting,medium
pmid-34017322,34017322,PMC8130619,10.3389/fmicb.2021.682380,USP18 Mediates Interferon Resistance of Dengue Virus Infection.,pmc_xml,/Users/xingmeng/.openclaw/workspaces/staff-scientist-ideker/agenticWorkflow_LiteratureScreeningAndFullTextReview/runs/host_pathogen_shared_mechanisms_apms_20260826/passes/pass_002/artifacts/fulltext_import/PMC_XML/normalized/PMC8130619.json,keep,Full text links a primary virus to a host factor or host pathway mechanism.,high,high,central,medium
pmid-34001619,34001619,PMC8166163,10.1073/pnas.2101450118,HIV envelope tail truncation confers resistance to SERINC5 restriction.,pmc_xml,/Users/xingmeng/.openclaw/workspaces/staff-scientist-ideker/agenticWorkflow_LiteratureScreeningAndFullTextReview/runs/host_pathogen_shared_mechanisms_apms_20260826/passes/pass_002/artifacts/fulltext_import/PMC_XML/normalized/PMC8166163.json,keep,Full text links a primary virus to a host factor or host pathway mechanism.,high,high,central,medium
pmid-33983947,33983947,PMC8118348,10.1371/journal.pone.0250318,Identification of recombinant Fabs for structural and functional characterization of HIV-host factor complexes.,pmc_xml,/Users/xingmeng/.openclaw/workspaces/staff-scientist-ideker/agenticWorkflow_LiteratureScreeningAndFullTextReview/runs/host_pathogen_shared_mechanisms_apms_20260826/passes/pass_002/artifacts/fulltext_import/PMC_XML/normalized/PMC8118348.json,keep,"Full text centers a primary virus and provides assay-supported host interaction, host factor, or pathway mechanism evidence.",high,high,central,high
pmid-33954117,33954117,PMC8092360,10.3389/fcimb.2021.575346,"AXL, an Important Host Factor for DENV and ZIKV Replication.",pmc_xml,/Users/xingmeng/.openclaw/workspaces/staff-scientist-ideker/agenticWorkflow_LiteratureScreeningAndFullTextReview/runs/host_pathogen_shared_mechanisms_apms_20260826/passes/pass_002/artifacts/fulltext_import/PMC_XML/normalized/PMC8092360.json,keep,Full text links a primary virus to a host factor or host pathway mechanism.,high,high,central,medium
pmid-33807824,33807824,PMC8001122,10.3390/v13030417,Interactions of HIV-1 Capsid with Host Factors and Their Implications for Developing Novel Therapeutics.,pmc_xml,/Users/xingmeng/.openclaw/workspaces/staff-scientist-ideker/agenticWorkflow_LiteratureScreeningAndFullTextReview/runs/host_pathogen_shared_mechanisms_apms_20260826/passes/pass_002/artifacts/fulltext_import/PMC_XML/normalized/PMC8001122.json,keep,"Full text centers a primary virus and provides assay-supported host interaction, host factor, or pathway mechanism evidence.",high,high,central,high
pmid-33801276,33801276,PMC7999308,10.3390/v13030395,SAMHD1 … and Viral Ways around It.,pmc_xml,/Users/xingmeng/.openclaw/workspaces/staff-scientist-ideker/agenticWorkflow_LiteratureScreeningAndFullTextReview/runs/host_pathogen_shared_mechanisms_apms_20260826/passes/pass_002/artifacts/fulltext_import/PMC_XML/normalized/PMC7999308.json,keep,"Full text contains useful host-pathogen assay or pathway evidence, but the primary-virus mechanism is less central than in direct papers.",medium,medium,supporting,medium
pmid-33669846,33669846,PMC7923229,10.3390/v13020320,Human TRIM5α: Autophagy Connects Cell-Intrinsic HIV-1 Restriction and Innate Immune Sensor Functioning.,pmc_xml,/Users/xingmeng/.openclaw/workspaces/staff-scientist-ideker/agenticWorkflow_LiteratureScreeningAndFullTextReview/runs/host_pathogen_shared_mechanisms_apms_20260826/passes/pass_002/artifacts/fulltext_import/PMC_XML/normalized/PMC7923229.json,keep,Full text links a primary virus to a host factor or host pathway mechanism.,high,high,central,medium
pmid-33597212,33597212,PMC8104114,10.1128/JVI.02049-20,Proximity Biotin Labeling Reveals Kaposi's Sarcoma-Associated Herpesvirus Interferon Regulatory Factor Networks.,pmc_xml,/Users/xingmeng/.openclaw/workspaces/staff-scientist-ideker/agenticWorkflow_LiteratureScreeningAndFullTextReview/runs/host_pathogen_shared_mechanisms_apms_20260826/passes/pass_002/artifacts/fulltext_import/PMC_XML/normalized/PMC8104114.json,keep,"Full text centers a primary virus and provides assay-supported host interaction, host factor, or pathway mechanism evidence.",high,high,central,high
pmid-33593971,33593971,PMC8545129,10.1128/mBio.03616-20,A Glycoprotein Mutation That Emerged during the 2013-2016 Ebola Virus Epidemic Alters Proteolysis and Accelerates Membrane Fusion.,pmc_xml,/Users/xingmeng/.openclaw/workspaces/staff-scientist-ideker/agenticWorkflow_LiteratureScreeningAndFullTextReview/runs/host_pathogen_shared_mechanisms_apms_20260826/passes/pass_002/artifacts/fulltext_import/PMC_XML/normalized/PMC8545129.json,keep,Full text links a primary virus to a host factor or host pathway mechanism.,high,high,central,medium
pmid-33523994,33523994,PMC7793585,10.1126/sciadv.abd9732,TRIM26 is a critical host factor for HCV replication and contributes to host tropism.,pmc_xml,/Users/xingmeng/.openclaw/workspaces/staff-scientist-ideker/agenticWorkflow_LiteratureScreeningAndFullTextReview/runs/host_pathogen_shared_mechanisms_apms_20260826/passes/pass_002/artifacts/fulltext_import/PMC_XML/normalized/PMC7793585.json,keep,Full text links a primary virus to a host factor or host pathway mechanism.,high,high,central,medium
pmid-33513206,33513206,PMC7875390,10.1371/journal.ppat.1009275,Ebola virus triggers receptor tyrosine kinase-dependent signaling to promote the delivery of viral particles to entry-conducive intracellular compartments.,pmc_xml,/Users/xingmeng/.openclaw/workspaces/staff-scientist-ideker/agenticWorkflow_LiteratureScreeningAndFullTextReview/runs/host_pathogen_shared_mechanisms_apms_20260826/passes/pass_002/artifacts/fulltext_import/PMC_XML/normalized/PMC7875390.json,keep,Full text links a primary virus to a host factor or host pathway mechanism.,high,high,central,medium
pmid-33357410,33357410,PMC7935764,10.1016/j.str.2020.12.001,Allosteric HIV Integrase Inhibitors Promote Formation of Inactive Branched Polymers via Homomeric Carboxy-Terminal Domain Interactions.,pmc_xml,/Users/xingmeng/.openclaw/workspaces/staff-scientist-ideker/agenticWorkflow_LiteratureScreeningAndFullTextReview/runs/host_pathogen_shared_mechanisms_apms_20260826/passes/pass_002/artifacts/fulltext_import/PMC_XML/normalized/PMC7935764.json,keep,"Full text centers a primary virus and provides assay-supported host interaction, host factor, or pathway mechanism evidence.",high,high,central,high
pmid-33172327,33172327,PMC8525956,10.1080/15548627.2020.1846301,Equine lentivirus counteracts SAMHD1 restriction by Rev-mediated degradation of SAMHD1 via the BECN1-dependent lysosomal pathway.,pmc_xml,/Users/xingmeng/.openclaw/workspaces/staff-scientist-ideker/agenticWorkflow_LiteratureScreeningAndFullTextReview/runs/host_pathogen_shared_mechanisms_apms_20260826/passes/pass_002/artifacts/fulltext_import/PMC_XML/normalized/PMC8525956.json,keep,"Full text has plausible host pathway or host-factor mechanism context for a primary virus, but evidence is not strongly assay-centered.",medium,medium,supporting,low
pmid-33521797,33521797,PMC7842267,10.1016/j.crviro.2020.100002,Proteasomal degradation of human SERINC4: A potent host anti-HIV-1 factor that is antagonized by nef.,pmc_xml,/Users/xingmeng/.openclaw/workspaces/staff-scientist-ideker/agenticWorkflow_LiteratureScreeningAndFullTextReview/runs/host_pathogen_shared_mechanisms_apms_20260826/passes/pass_002/artifacts/fulltext_import/PMC_XML/normalized/PMC7842267.json,keep,Full text links a primary virus to a host factor or host pathway mechanism.,high,high,central,medium
pmid-33068416,33068416,PMC7672441,10.1093/nar/gkaa864,Structural analysis of SARS-CoV-2 genome and predictions of the human interactome.,pmc_xml,/Users/xingmeng/.openclaw/workspaces/staff-scientist-ideker/agenticWorkflow_LiteratureScreeningAndFullTextReview/runs/host_pathogen_shared_mechanisms_apms_20260826/passes/pass_002/artifacts/fulltext_import/PMC_XML/normalized/PMC7672441.json,keep,"Full text contains useful host-pathogen assay or pathway evidence, but the primary-virus mechanism is less central than in direct papers.",medium,medium,supporting,medium
pmid-33042070,33042070,PMC7522514,10.3389/fmicb.2020.565590,SNORD126 Promotes Hepatitis C Virus Infection by Upregulating Claudin-1 via Activation of PI3K-AKT Signaling Pathway.,pmc_xml,/Users/xingmeng/.openclaw/workspaces/staff-scientist-ideker/agenticWorkflow_LiteratureScreeningAndFullTextReview/runs/host_pathogen_shared_mechanisms_apms_20260826/passes/pass_002/artifacts/fulltext_import/PMC_XML/normalized/PMC7522514.json,keep,Full text links a primary virus to a host factor or host pathway mechanism.,high,high,central,medium
pmid-32900848,32900848,PMC7863897,10.1074/jbc.RA120.014761,Cholesterol sensing by CD81 is important for hepatitis C virus entry.,pmc_xml,/Users/xingmeng/.openclaw/workspaces/staff-scientist-ideker/agenticWorkflow_LiteratureScreeningAndFullTextReview/runs/host_pathogen_shared_mechanisms_apms_20260826/passes/pass_002/artifacts/fulltext_import/PMC_XML/normalized/PMC7863897.json,keep,"Full text centers a primary virus and provides assay-supported host interaction, host factor, or pathway mechanism evidence.",high,high,central,high
pmid-32835602,32835602,PMC7531522,10.1080/19420862.2020.1802187,Novel monoclonal antibodies to the SERINC5 HIV-1 restriction factor detect endogenous andvirion-associated SERINC5.,pmc_xml,/Users/xingmeng/.openclaw/workspaces/staff-scientist-ideker/agenticWorkflow_LiteratureScreeningAndFullTextReview/runs/host_pathogen_shared_mechanisms_apms_20260826/passes/pass_002/artifacts/fulltext_import/PMC_XML/normalized/PMC7531522.json,keep,Full text links a primary virus to a host factor or host pathway mechanism.,high,high,central,medium
pmid-32802403,32802403,PMC7400672,10.1038/s41421-020-0184-9,PSGL-1 inhibits HIV-1 infection by restricting actin dynamics and sequestering HIV envelope proteins.,pmc_xml,/Users/xingmeng/.openclaw/workspaces/staff-scientist-ideker/agenticWorkflow_LiteratureScreeningAndFullTextReview/runs/host_pathogen_shared_mechanisms_apms_20260826/passes/pass_002/artifacts/fulltext_import/PMC_XML/normalized/PMC7400672.json,keep,"Full text centers a primary virus and provides assay-supported host interaction, host factor, or pathway mechanism evidence.",high,high,central,high
pmid-32751972,32751972,PMC7472357,10.3390/v12080839,Cell Cycle Regulation in Macrophages and Susceptibility to HIV-1.,pmc_xml,/Users/xingmeng/.openclaw/workspaces/staff-scientist-ideker/agenticWorkflow_LiteratureScreeningAndFullTextReview/runs/host_pathogen_shared_mechanisms_apms_20260826/passes/pass_002/artifacts/fulltext_import/PMC_XML/normalized/PMC7472357.json,keep,Full text links a primary virus to a host factor or host pathway mechanism.,high,high,central,medium
pmid-32669339,32669339,PMC7495379,10.1128/JVI.01102-20,Regional Brain Recovery from Acute Synaptic Injury in Simian Immunodeficiency Virus-Infected Rhesus Macaques Associates with Heme Oxygenase Isoform Expression.,pmc_xml,/Users/xingmeng/.openclaw/workspaces/staff-scientist-ideker/agenticWorkflow_LiteratureScreeningAndFullTextReview/runs/host_pathogen_shared_mechanisms_apms_20260826/passes/pass_002/artifacts/fulltext_import/PMC_XML/normalized/PMC7495379.json,drop,"Full text is dominated by clinical, biomarker, drug-screen, protocol, or computational-prioritization content rather than host-pathogen mechanism evidence.",low,low,incidental,medium
pmid-32665270,32665270,PMC7360927,10.1128/mBio.00782-20,Convergent Evolution of HLA-C Downmodulation in HIV-1 and HIV-2.,pmc_xml,/Users/xingmeng/.openclaw/workspaces/staff-scientist-ideker/agenticWorkflow_LiteratureScreeningAndFullTextReview/runs/host_pathogen_shared_mechanisms_apms_20260826/passes/pass_002/artifacts/fulltext_import/PMC_XML/normalized/PMC7360927.json,keep,Full text links a primary virus to a host factor or host pathway mechanism.,high,high,central,medium
pmid-32665269,32665269,PMC7360926,10.1128/mBio.00588-20,SERINC5 Potently Restricts Retrovirus Infection In Vivo.,pmc_xml,/Users/xingmeng/.openclaw/workspaces/staff-scientist-ideker/agenticWorkflow_LiteratureScreeningAndFullTextReview/runs/host_pathogen_shared_mechanisms_apms_20260826/passes/pass_002/artifacts/fulltext_import/PMC_XML/normalized/PMC7360926.json,keep,"Full text has plausible host pathway or host-factor mechanism context for a primary virus, but evidence is not strongly assay-centered.",medium,medium,supporting,low
pmid-32651437,32651437,PMC7351720,10.1038/s41598-020-68341-3,Overexpressed coiled-coil domain containing protein 8 (CCDC8) mediates newly synthesized HIV-1 Gag lysosomal degradation.,pmc_xml,/Users/xingmeng/.openclaw/workspaces/staff-scientist-ideker/agenticWorkflow_LiteratureScreeningAndFullTextReview/runs/host_pathogen_shared_mechanisms_apms_20260826/passes/pass_002/artifacts/fulltext_import/PMC_XML/normalized/PMC7351720.json,keep,"Full text centers a primary virus and provides assay-supported host interaction, host factor, or pathway mechanism evidence.",high,high,central,high
pmid-32641482,32641482,PMC7459569,10.1128/JVI.00562-20,"LY6E Restricts Entry of Human Coronaviruses, Including Currently Pandemic SARS-CoV-2.",pmc_xml,/Users/xingmeng/.openclaw/workspaces/staff-scientist-ideker/agenticWorkflow_LiteratureScreeningAndFullTextReview/runs/host_pathogen_shared_mechanisms_apms_20260826/passes/pass_002/artifacts/fulltext_import/PMC_XML/normalized/PMC7459569.json,drop,"Full text is dominated by clinical, biomarker, drug-screen, protocol, or computational-prioritization content rather than host-pathogen mechanism evidence.",low,low,incidental,medium
pmid-32631335,32631335,PMC7339526,10.1186/s12879-020-05214-0,A systems biology-driven approach to construct a comprehensive protein interaction network of influenza A virus with its host.,pmc_xml,/Users/xingmeng/.openclaw/workspaces/staff-scientist-ideker/agenticWorkflow_LiteratureScreeningAndFullTextReview/runs/host_pathogen_shared_mechanisms_apms_20260826/passes/pass_002/artifacts/fulltext_import/PMC_XML/normalized/PMC7339526.json,keep,"Full text contains useful host-pathogen assay or pathway evidence, but the primary-virus mechanism is less central than in direct papers.",medium,medium,supporting,medium
pmid-32595622,32595622,PMC7301684,10.3389/fmicb.2020.01230,Antiviral Activity of Feline BCA2 Is Mainly Dependent on Its Interference With Proviral Transcription Rather Than Degradation of FIV Gag.,pmc_xml,/Users/xingmeng/.openclaw/workspaces/staff-scientist-ideker/agenticWorkflow_LiteratureScreeningAndFullTextReview/runs/host_pathogen_shared_mechanisms_apms_20260826/passes/pass_002/artifacts/fulltext_import/PMC_XML/normalized/PMC7301684.json,keep,"Full text has plausible host pathway or host-factor mechanism context for a primary virus, but evidence is not strongly assay-centered.",medium,medium,supporting,low
pmid-32553106,32553106,PMC7299335,10.7554/eLife.56910,MxB sensitivity of HIV-1 is determined by a highly variable and dynamic capsid surface.,pmc_xml,/Users/xingmeng/.openclaw/workspaces/staff-scientist-ideker/agenticWorkflow_LiteratureScreeningAndFullTextReview/runs/host_pathogen_shared_mechanisms_apms_20260826/passes/pass_002/artifacts/fulltext_import/PMC_XML/normalized/PMC7299335.json,keep,Full text links a primary virus to a host factor or host pathway mechanism.,high,high,central,medium
pmid-32545337,32545337,PMC7354551,10.3390/v12060636,Daxx Inhibits HIV-1 Reverse Transcription and Uncoating in a SUMO-Dependent Manner.,pmc_xml,/Users/xingmeng/.openclaw/workspaces/staff-scientist-ideker/agenticWorkflow_LiteratureScreeningAndFullTextReview/runs/host_pathogen_shared_mechanisms_apms_20260826/passes/pass_002/artifacts/fulltext_import/PMC_XML/normalized/PMC7354551.json,keep,"Full text centers a primary virus and provides assay-supported host interaction, host factor, or pathway mechanism evidence.",high,high,central,high
pmid-32542055,32542055,PMC7316345,10.1371/journal.ppat.1008554,The ATGL lipase cooperates with ABHD5 to mobilize lipids for hepatitis C virus assembly.,pmc_xml,/Users/xingmeng/.openclaw/workspaces/staff-scientist-ideker/agenticWorkflow_LiteratureScreeningAndFullTextReview/runs/host_pathogen_shared_mechanisms_apms_20260826/passes/pass_002/artifacts/fulltext_import/PMC_XML/normalized/PMC7316345.json,keep,"Full text centers a primary virus and provides assay-supported host interaction, host factor, or pathway mechanism evidence.",high,high,central,high
pmid-32499180,32499180,PMC7416749,10.1016/j.jgg.2020.02.008,Drosophila P75 safeguards oogenesis by preventing H3K9me2 spreading.,pmc_xml,/Users/xingmeng/.openclaw/workspaces/staff-scientist-ideker/agenticWorkflow_LiteratureScreeningAndFullTextReview/runs/host_pathogen_shared_mechanisms_apms_20260826/passes/pass_002/artifacts/fulltext_import/PMC_XML/normalized/PMC7416749.json,keep,"Full text contains useful host-pathogen assay or pathway evidence, but the primary-virus mechanism is less central than in direct papers.",medium,medium,supporting,medium
pmid-32438252,32438252,PMC7492092,10.1016/j.ejmech.2020.112427,Chemical profiling of HIV-1 capsid-targeting antiviral PF74.,pmc_xml,/Users/xingmeng/.openclaw/workspaces/staff-scientist-ideker/agenticWorkflow_LiteratureScreeningAndFullTextReview/runs/host_pathogen_shared_mechanisms_apms_20260826/passes/pass_002/artifacts/fulltext_import/PMC_XML/normalized/PMC7492092.json,keep,Full text links a primary virus to a host factor or host pathway mechanism.,high,high,central,medium
pmid-32411105,32411105,PMC7200986,10.3389/fmicb.2020.00725,A Coupled Mathematical Model of the Intracellular Replication of Dengue Virus and the Host Cell Immune Response to Infection.,pmc_xml,/Users/xingmeng/.openclaw/workspaces/staff-scientist-ideker/agenticWorkflow_LiteratureScreeningAndFullTextReview/runs/host_pathogen_shared_mechanisms_apms_20260826/passes/pass_002/artifacts/fulltext_import/PMC_XML/normalized/PMC7200986.json,keep,Full text links a primary virus to a host factor or host pathway mechanism.,high,high,central,medium
pmid-32370067,32370067,PMC7290923,10.3390/cells9051126,The Cellular Protein CAD is Recruited into Ebola Virus Inclusion Bodies by the Nucleoprotein NP to Facilitate Genome Replication and Transcription.,pmc_xml,/Users/xingmeng/.openclaw/workspaces/staff-scientist-ideker/agenticWorkflow_LiteratureScreeningAndFullTextReview/runs/host_pathogen_shared_mechanisms_apms_20260826/passes/pass_002/artifacts/fulltext_import/PMC_XML/normalized/PMC7290923.json,keep,Full text links a primary virus to a host factor or host pathway mechanism.,high,high,central,medium
pmid-32325729,32325729,PMC7232323,10.3390/v12040459,The Nef Protein of the Macrophage Tropic HIV-1 Strain AD8 Counteracts Human BST-2/Tetherin.,pmc_xml,/Users/xingmeng/.openclaw/workspaces/staff-scientist-ideker/agenticWorkflow_LiteratureScreeningAndFullTextReview/runs/host_pathogen_shared_mechanisms_apms_20260826/passes/pass_002/artifacts/fulltext_import/PMC_XML/normalized/PMC7232323.json,keep,Full text links a primary virus to a host factor or host pathway mechanism.,high,high,central,medium
pmid-32317327,32317327,PMC7175097,10.1128/mBio.03424-19,X-Linked RNA-Binding Motif Protein Modulates HIV-1 Infection of CD4(+) T Cells by Maintaining the Trimethylation of Histone H3 Lysine 9 at the Downstream Region of the 5' Long Terminal Repeat of HIV Proviral DNA.,pmc_xml,/Users/xingmeng/.openclaw/workspaces/staff-scientist-ideker/agenticWorkflow_LiteratureScreeningAndFullTextReview/runs/host_pathogen_shared_mechanisms_apms_20260826/passes/pass_002/artifacts/fulltext_import/PMC_XML/normalized/PMC7175097.json,keep,Full text links a primary virus to a host factor or host pathway mechanism.,high,high,central,medium
pmid-32292405,32292405,PMC7118926,10.3389/fimmu.2020.00503,Syndecan 4 Upregulation on Activated Langerhans Cells Counteracts Langerin Restriction to Facilitate Hepatitis C Virus Transmission.,pmc_xml,/Users/xingmeng/.openclaw/workspaces/staff-scientist-ideker/agenticWorkflow_LiteratureScreeningAndFullTextReview/runs/host_pathogen_shared_mechanisms_apms_20260826/passes/pass_002/artifacts/fulltext_import/PMC_XML/normalized/PMC7118926.json,keep,Full text links a primary virus to a host factor or host pathway mechanism.,high,high,central,medium
pmid-32291299,32291299,PMC7157815,10.1128/mBio.00467-20,A Sensitive Yellow Fever Virus Entry Reporter Identifies Valosin-Containing Protein (VCP/p97) as an Essential Host Factor for Flavivirus Uncoating.,pmc_xml,/Users/xingmeng/.openclaw/workspaces/staff-scientist-ideker/agenticWorkflow_LiteratureScreeningAndFullTextReview/runs/host_pathogen_shared_mechanisms_apms_20260826/passes/pass_002/artifacts/fulltext_import/PMC_XML/normalized/PMC7157815.json,keep,"Full text contains useful host-pathogen assay or pathway evidence, but the primary-virus mechanism is less central than in direct papers.",medium,medium,supporting,medium
pmid-32282853,32282853,PMC7179944,10.1371/journal.ppat.1008507,TRIM34 restricts HIV-1 and SIV capsids in a TRIM5α-dependent manner.,pmc_xml,/Users/xingmeng/.openclaw/workspaces/staff-scientist-ideker/agenticWorkflow_LiteratureScreeningAndFullTextReview/runs/host_pathogen_shared_mechanisms_apms_20260826/passes/pass_002/artifacts/fulltext_import/PMC_XML/normalized/PMC7179944.json,keep,"Full text centers a primary virus and provides assay-supported host interaction, host factor, or pathway mechanism evidence.",high,high,central,high
pmid-32273392,32273392,PMC7196789,10.1073/pnas.1916054117,PSGL-1 restricts HIV-1 infectivity by blocking virus particle attachment to target cells.,pmc_xml,/Users/xingmeng/.openclaw/workspaces/staff-scientist-ideker/agenticWorkflow_LiteratureScreeningAndFullTextReview/runs/host_pathogen_shared_mechanisms_apms_20260826/passes/pass_002/artifacts/fulltext_import/PMC_XML/normalized/PMC7196789.json,keep,"Full text centers a primary virus and provides assay-supported host interaction, host factor, or pathway mechanism evidence.",high,high,central,high
pmid-32228614,32228614,PMC7106839,10.1186/s12977-020-00514-4,DDX5 potentiates HIV-1 transcription as a co-factor of Tat.,pmc_xml,/Users/xingmeng/.openclaw/workspaces/staff-scientist-ideker/agenticWorkflow_LiteratureScreeningAndFullTextReview/runs/host_pathogen_shared_mechanisms_apms_20260826/passes/pass_002/artifacts/fulltext_import/PMC_XML/normalized/PMC7106839.json,keep,"Full text centers a primary virus and provides assay-supported host interaction, host factor, or pathway mechanism evidence.",high,high,central,high
pmid-32199981,32199981,PMC7172729,10.1016/j.jmb.2020.03.016,Ste24: An Integral Membrane Protein Zinc Metalloprotease with Provocative Structure and Emergent Biology.,pmc_xml,/Users/xingmeng/.openclaw/workspaces/staff-scientist-ideker/agenticWorkflow_LiteratureScreeningAndFullTextReview/runs/host_pathogen_shared_mechanisms_apms_20260826/passes/pass_002/artifacts/fulltext_import/PMC_XML/normalized/PMC7172729.json,keep,"Full text contains useful host-pathogen assay or pathway evidence, but the primary-virus mechanism is less central than in direct papers.",medium,medium,supporting,medium
pmid-32176734,32176734,PMC7098636,10.1371/journal.ppat.1008430,Nucleolar protein NOP2/NSUN1 suppresses HIV-1 transcription and promotes viral latency by competing with Tat for TAR binding and methylation.,pmc_xml,/Users/xingmeng/.openclaw/workspaces/staff-scientist-ideker/agenticWorkflow_LiteratureScreeningAndFullTextReview/runs/host_pathogen_shared_mechanisms_apms_20260826/passes/pass_002/artifacts/fulltext_import/PMC_XML/normalized/PMC7098636.json,keep,"Full text centers a primary virus and provides assay-supported host interaction, host factor, or pathway mechanism evidence.",high,high,central,high
pmid-32132633,32132633,PMC7055353,10.1038/s41598-020-61051-w,Very-long-chain fatty acid metabolic capacity of 17-beta-hydroxysteroid dehydrogenase type 12 (HSD17B12) promotes replication of hepatitis C virus and related flaviviruses.,pmc_xml,/Users/xingmeng/.openclaw/workspaces/staff-scientist-ideker/agenticWorkflow_LiteratureScreeningAndFullTextReview/runs/host_pathogen_shared_mechanisms_apms_20260826/passes/pass_002/artifacts/fulltext_import/PMC_XML/normalized/PMC7055353.json,keep,"Full text centers a primary virus and provides assay-supported host interaction, host factor, or pathway mechanism evidence.",high,high,central,high
pmid-32119644,32119644,PMC7051176,10.7554/eLife.51035,Mannose receptor is an HIV restriction factor counteracted by Vpr in macrophages.,pmc_xml,/Users/xingmeng/.openclaw/workspaces/staff-scientist-ideker/agenticWorkflow_LiteratureScreeningAndFullTextReview/runs/host_pathogen_shared_mechanisms_apms_20260826/passes/pass_002/artifacts/fulltext_import/PMC_XML/normalized/PMC7051176.json,keep,Full text links a primary virus to a host factor or host pathway mechanism.,high,high,central,medium
pmid-32098260,32098260,PMC7073135,10.3390/ijms21041479,The Role of the RNA-RNA Interactome in the Hepatitis C Virus Life Cycle.,pmc_xml,/Users/xingmeng/.openclaw/workspaces/staff-scientist-ideker/agenticWorkflow_LiteratureScreeningAndFullTextReview/runs/host_pathogen_shared_mechanisms_apms_20260826/passes/pass_002/artifacts/fulltext_import/PMC_XML/normalized/PMC7073135.json,keep,"Full text centers a primary virus and provides assay-supported host interaction, host factor, or pathway mechanism evidence.",high,high,central,high
pmid-31940815,31940815,PMC7017048,10.3390/cells9010187,The Ebola Virus Nucleoprotein Recruits the Nuclear RNA Export Factor NXF1 into Inclusion Bodies to Facilitate Viral Protein Expression.,pmc_xml,/Users/xingmeng/.openclaw/workspaces/staff-scientist-ideker/agenticWorkflow_LiteratureScreeningAndFullTextReview/runs/host_pathogen_shared_mechanisms_apms_20260826/passes/pass_002/artifacts/fulltext_import/PMC_XML/normalized/PMC7017048.json,keep,Full text links a primary virus to a host factor or host pathway mechanism.,high,high,central,medium
pmid-31923286,31923286,PMC6977772,10.1371/journal.ppat.1008268,Epigenetic factor siRNA screen during primary KSHV infection identifies novel host restriction factors for the lytic cycle of KSHV.,pmc_xml,/Users/xingmeng/.openclaw/workspaces/staff-scientist-ideker/agenticWorkflow_LiteratureScreeningAndFullTextReview/runs/host_pathogen_shared_mechanisms_apms_20260826/passes/pass_002/artifacts/fulltext_import/PMC_XML/normalized/PMC6977772.json,keep,Full text links a primary virus to a host factor or host pathway mechanism.,high,high,central,medium
pmid-31797533,31797533,PMC6944907,10.15252/embr.201847528,TRIM21-mediated proteasomal degradation of SAMHD1 regulates its antiviral activity.,pmc_xml,/Users/xingmeng/.openclaw/workspaces/staff-scientist-ideker/agenticWorkflow_LiteratureScreeningAndFullTextReview/runs/host_pathogen_shared_mechanisms_apms_20260826/passes/pass_002/artifacts/fulltext_import/PMC_XML/normalized/PMC6944907.json,keep,"Full text contains useful host-pathogen assay or pathway evidence, but the primary-virus mechanism is less central than in direct papers.",medium,medium,supporting,medium
pmid-31765920,31765920,PMC6957716,10.1016/j.virol.2019.10.005,A comprehensive proteomics analysis of JC virus Agnoprotein-interacting proteins: Agnoprotein primarily targets the host proteins with coiled-coil motifs.,pmc_xml,/Users/xingmeng/.openclaw/workspaces/staff-scientist-ideker/agenticWorkflow_LiteratureScreeningAndFullTextReview/runs/host_pathogen_shared_mechanisms_apms_20260826/passes/pass_002/artifacts/fulltext_import/PMC_XML/normalized/PMC6957716.json,keep,"Full text contains useful host-pathogen assay or pathway evidence, but the primary-virus mechanism is less central than in direct papers.",medium,medium,supporting,medium
pmid-31076402,31076402,PMC7613422,10.1136/gutjnl-2018-317423,Functional microRNA screen uncovers O-linked N-acetylglucosamine transferase as a host factor modulating hepatitis C virus morphogenesis and infectivity.,pmc_xml,/Users/xingmeng/.openclaw/workspaces/staff-scientist-ideker/agenticWorkflow_LiteratureScreeningAndFullTextReview/runs/host_pathogen_shared_mechanisms_apms_20260826/passes/pass_002/artifacts/fulltext_import/PMC_XML/normalized/PMC7613422.json,keep,"Full text centers a primary virus and provides assay-supported host interaction, host factor, or pathway mechanism evidence.",high,high,central,high
pmid-31850845,31850845,PMC6946564,10.7554/eLife.52649,HIV restriction factor APOBEC3G binds in multiple steps and conformations to search and deaminate single-stranded DNA.,pmc_xml,/Users/xingmeng/.openclaw/workspaces/staff-scientist-ideker/agenticWorkflow_LiteratureScreeningAndFullTextReview/runs/host_pathogen_shared_mechanisms_apms_20260826/passes/pass_002/artifacts/fulltext_import/PMC_XML/normalized/PMC6946564.json,keep,Full text links a primary virus to a host factor or host pathway mechanism.,high,high,central,medium
pmid-31807695,31807695,PMC6881174,10.1126/sciadv.aaw3631,Hierarchical assembly governs TRIM5α recognition of HIV-1 and retroviral capsids.,pmc_xml,/Users/xingmeng/.openclaw/workspaces/staff-scientist-ideker/agenticWorkflow_LiteratureScreeningAndFullTextReview/runs/host_pathogen_shared_mechanisms_apms_20260826/passes/pass_002/artifacts/fulltext_import/PMC_XML/normalized/PMC6881174.json,keep,Full text links a primary virus to a host factor or host pathway mechanism.,high,high,central,medium
pmid-31744918,31744918,PMC6867896,10.1128/mBio.02457-19,Cell-to-Cell Spreading of HIV-1 in Myeloid Target Cells Escapes SAMHD1 Restriction.,pmc_xml,/Users/xingmeng/.openclaw/workspaces/staff-scientist-ideker/agenticWorkflow_LiteratureScreeningAndFullTextReview/runs/host_pathogen_shared_mechanisms_apms_20260826/passes/pass_002/artifacts/fulltext_import/PMC_XML/normalized/PMC6867896.json,keep,Full text links a primary virus to a host factor or host pathway mechanism.,high,high,central,medium
pmid-31736889,31736889,PMC6831784,10.3389/fmicb.2019.02437,HIV-1 Nef Targets HDAC6 to Assure Viral Production and Virus Infection.,pmc_xml,/Users/xingmeng/.openclaw/workspaces/staff-scientist-ideker/agenticWorkflow_LiteratureScreeningAndFullTextReview/runs/host_pathogen_shared_mechanisms_apms_20260826/passes/pass_002/artifacts/fulltext_import/PMC_XML/normalized/PMC6831784.json,keep,Full text links a primary virus to a host factor or host pathway mechanism.,high,high,central,medium
pmid-31722207,31722207,PMC7391006,10.1016/j.celrep.2019.10.009,"The GTPase Domain of MX2 Interacts with the HIV-1 Capsid, Enabling Its Short Isoform to Moderate Antiviral Restriction.",pmc_xml,/Users/xingmeng/.openclaw/workspaces/staff-scientist-ideker/agenticWorkflow_LiteratureScreeningAndFullTextReview/runs/host_pathogen_shared_mechanisms_apms_20260826/passes/pass_002/artifacts/fulltext_import/PMC_XML/normalized/PMC7391006.json,keep,Full text links a primary virus to a host factor or host pathway mechanism.,high,high,central,medium
pmid-31682228,31682228,PMC6855800,10.7554/eLife.49500,"IFI16, a nuclear innate immune DNA sensor, mediates epigenetic silencing of herpesvirus genomes by its association with H3K9 methyltransferases SUV39H1 and GLP.",pmc_xml,/Users/xingmeng/.openclaw/workspaces/staff-scientist-ideker/agenticWorkflow_LiteratureScreeningAndFullTextReview/runs/host_pathogen_shared_mechanisms_apms_20260826/passes/pass_002/artifacts/fulltext_import/PMC_XML/normalized/PMC6855800.json,keep,"Full text contains useful host-pathogen assay or pathway evidence, but the primary-virus mechanism is less central than in direct papers.",medium,medium,supporting,medium
pmid-31648236,31648236,PMC6812753,10.1371/journal.ppat.1008068,Ebola virus-mediated T-lymphocyte depletion is the result of an abortive infection.,pmc_xml,/Users/xingmeng/.openclaw/workspaces/staff-scientist-ideker/agenticWorkflow_LiteratureScreeningAndFullTextReview/runs/host_pathogen_shared_mechanisms_apms_20260826/passes/pass_002/artifacts/fulltext_import/PMC_XML/normalized/PMC6812753.json,keep,Full text links a primary virus to a host factor or host pathway mechanism.,high,high,central,medium
pmid-31636628,31636628,PMC6787150,10.3389/fimmu.2019.02186,Common Nodes of Virus-Host Interaction Revealed Through an Integrated Network Analysis.,pmc_xml,/Users/xingmeng/.openclaw/workspaces/staff-scientist-ideker/agenticWorkflow_LiteratureScreeningAndFullTextReview/runs/host_pathogen_shared_mechanisms_apms_20260826/passes/pass_002/artifacts/fulltext_import/PMC_XML/normalized/PMC6787150.json,keep,"Full text contains useful host-pathogen assay or pathway evidence, but the primary-virus mechanism is less central than in direct papers.",medium,medium,supporting,medium
pmid-31636417,31636417,PMC6881184,10.1038/s41564-019-0586-3,ER-shaping atlastin proteins act as central hubs to promote flavivirus replication and virion assembly.,pmc_xml,/Users/xingmeng/.openclaw/workspaces/staff-scientist-ideker/agenticWorkflow_LiteratureScreeningAndFullTextReview/runs/host_pathogen_shared_mechanisms_apms_20260826/passes/pass_002/artifacts/fulltext_import/PMC_XML/normalized/PMC6881184.json,keep,"Full text contains useful host-pathogen assay or pathway evidence, but the primary-virus mechanism is less central than in direct papers.",medium,medium,supporting,medium
pmid-31582740,31582740,PMC6776665,10.1038/s41467-019-12388-y,A tri-ionic anchor mechanism drives Ube2N-specific recruitment and K63-chain ubiquitination in TRIM ligases.,pmc_xml,/Users/xingmeng/.openclaw/workspaces/staff-scientist-ideker/agenticWorkflow_LiteratureScreeningAndFullTextReview/runs/host_pathogen_shared_mechanisms_apms_20260826/passes/pass_002/artifacts/fulltext_import/PMC_XML/normalized/PMC6776665.json,drop,"Full text does not center a primary virus with host interaction, host factor, pathway, AP-MS, proteomics, or mechanism evidence.",low,low,incidental,high
pmid-31575075,31575075,PMC6848931,10.3390/cells8101181,Exportin-1-Dependent Nuclear Export of DEAD-box Helicase DDX3X is Central to its Role in Antiviral Immunity.,pmc_xml,/Users/xingmeng/.openclaw/workspaces/staff-scientist-ideker/agenticWorkflow_LiteratureScreeningAndFullTextReview/runs/host_pathogen_shared_mechanisms_apms_20260826/passes/pass_002/artifacts/fulltext_import/PMC_XML/normalized/PMC6848931.json,keep,"Full text contains useful host-pathogen assay or pathway evidence, but the primary-virus mechanism is less central than in direct papers.",medium,medium,supporting,medium
pmid-31569640,31569640,PMC6830350,10.3390/cells8101155,Host-HIV-1 Interactome: A Quest for Novel Therapeutic Intervention.,pmc_xml,/Users/xingmeng/.openclaw/workspaces/staff-scientist-ideker/agenticWorkflow_LiteratureScreeningAndFullTextReview/runs/host_pathogen_shared_mechanisms_apms_20260826/passes/pass_002/artifacts/fulltext_import/PMC_XML/normalized/PMC6830350.json,keep,"Full text centers a primary virus and provides assay-supported host interaction, host factor, or pathway mechanism evidence.",high,high,central,high
pmid-31551978,31551978,PMC6743029,10.3389/fmicb.2019.02043,SR-BI Interactome Analysis Reveals a Proviral Role for UGGT1 in Hepatitis C Virus Entry.,pmc_xml,/Users/xingmeng/.openclaw/workspaces/staff-scientist-ideker/agenticWorkflow_LiteratureScreeningAndFullTextReview/runs/host_pathogen_shared_mechanisms_apms_20260826/passes/pass_002/artifacts/fulltext_import/PMC_XML/normalized/PMC6743029.json,keep,"Full text centers a primary virus and provides assay-supported host interaction, host factor, or pathway mechanism evidence.",high,high,central,high
pmid-31546825,31546825,PMC6783930,10.3390/v11090878,Chasing Intracellular Zika Virus Using Proteomics.,pmc_xml,/Users/xingmeng/.openclaw/workspaces/staff-scientist-ideker/agenticWorkflow_LiteratureScreeningAndFullTextReview/runs/host_pathogen_shared_mechanisms_apms_20260826/passes/pass_002/artifacts/fulltext_import/PMC_XML/normalized/PMC6783930.json,keep,"Full text contains useful host-pathogen assay or pathway evidence, but the primary-virus mechanism is less central than in direct papers.",medium,medium,supporting,medium
pmid-31516086,31516086,PMC6758638,10.1080/22221751.2019.1662736,Host factor SMYD3 is recruited by Ebola virus nucleoprotein to facilitate viral mRNA transcription.,pmc_xml,/Users/xingmeng/.openclaw/workspaces/staff-scientist-ideker/agenticWorkflow_LiteratureScreeningAndFullTextReview/runs/host_pathogen_shared_mechanisms_apms_20260826/passes/pass_002/artifacts/fulltext_import/PMC_XML/normalized/PMC6758638.json,keep,"Full text centers a primary virus and provides assay-supported host interaction, host factor, or pathway mechanism evidence.",high,high,central,high
pmid-31511380,31511380,PMC6854511,10.1128/JVI.00986-19,Multiple Pathways To Avoid Beta Interferon Sensitivity of HIV-1 by Mutations in Capsid.,pmc_xml,/Users/xingmeng/.openclaw/workspaces/staff-scientist-ideker/agenticWorkflow_LiteratureScreeningAndFullTextReview/runs/host_pathogen_shared_mechanisms_apms_20260826/passes/pass_002/artifacts/fulltext_import/PMC_XML/normalized/PMC6854511.json,keep,Full text links a primary virus to a host factor or host pathway mechanism.,high,high,central,medium
pmid-31461934,31461934,PMC6783944,10.3390/v11090787,"A Dengue Virus Type 2 (DENV-2) NS4B-Interacting Host Factor, SERP1, Reduces DENV-2 Production by Suppressing Viral RNA Replication.",pmc_xml,/Users/xingmeng/.openclaw/workspaces/staff-scientist-ideker/agenticWorkflow_LiteratureScreeningAndFullTextReview/runs/host_pathogen_shared_mechanisms_apms_20260826/passes/pass_002/artifacts/fulltext_import/PMC_XML/normalized/PMC6783944.json,keep,Full text links a primary virus to a host factor or host pathway mechanism.,high,high,central,medium
pmid-31455647,31455647,PMC6712392,10.1128/mBio.01342-19,ISG15 Deficiency Enhances HIV-1 Infection by Accumulating Misfolded p53.,pmc_xml,/Users/xingmeng/.openclaw/workspaces/staff-scientist-ideker/agenticWorkflow_LiteratureScreeningAndFullTextReview/runs/host_pathogen_shared_mechanisms_apms_20260826/passes/pass_002/artifacts/fulltext_import/PMC_XML/normalized/PMC6712392.json,keep,Full text links a primary virus to a host factor or host pathway mechanism.,high,high,central,medium
pmid-31431548,31431548,PMC6703422,10.1128/mBio.01344-19,Vpr Enhances HIV-1 Env Processing and Virion Infectivity in Macrophages by Modulating TET2-Dependent IFITM3 Expression.,pmc_xml,/Users/xingmeng/.openclaw/workspaces/staff-scientist-ideker/agenticWorkflow_LiteratureScreeningAndFullTextReview/runs/host_pathogen_shared_mechanisms_apms_20260826/passes/pass_002/artifacts/fulltext_import/PMC_XML/normalized/PMC6703422.json,keep,Full text links a primary virus to a host factor or host pathway mechanism.,high,high,central,medium
pmid-31421166,31421166,PMC6801034,10.1016/j.antiviral.2019.104590,Small molecule grp94 inhibitors block dengue and Zika virus replication.,pmc_xml,/Users/xingmeng/.openclaw/workspaces/staff-scientist-ideker/agenticWorkflow_LiteratureScreeningAndFullTextReview/runs/host_pathogen_shared_mechanisms_apms_20260826/passes/pass_002/artifacts/fulltext_import/PMC_XML/normalized/PMC6801034.json,keep,"Full text centers a primary virus and provides assay-supported host interaction, host factor, or pathway mechanism evidence.",high,high,central,high
pmid-31397674,31397674,PMC6701944,10.7554/eLife.48318,USP49 potently stabilizes APOBEC3G protein by removing ubiquitin and inhibits HIV-1 replication.,pmc_xml,/Users/xingmeng/.openclaw/workspaces/staff-scientist-ideker/agenticWorkflow_LiteratureScreeningAndFullTextReview/runs/host_pathogen_shared_mechanisms_apms_20260826/passes/pass_002/artifacts/fulltext_import/PMC_XML/normalized/PMC6701944.json,keep,Full text links a primary virus to a host factor or host pathway mechanism.,high,high,central,medium
pmid-31344133,31344133,PMC6657855,10.1371/journal.pone.0219989,SPSB2 inhibits hepatitis C virus replication by targeting NS5A for ubiquitination and degradation.,pmc_xml,/Users/xingmeng/.openclaw/workspaces/staff-scientist-ideker/agenticWorkflow_LiteratureScreeningAndFullTextReview/runs/host_pathogen_shared_mechanisms_apms_20260826/passes/pass_002/artifacts/fulltext_import/PMC_XML/normalized/PMC6657855.json,keep,Full text links a primary virus to a host factor or host pathway mechanism.,high,high,central,medium
pmid-31291580,31291580,PMC6668718,10.1016/j.celrep.2019.04.020,Conserved Herpesvirus Protein Kinases Target SAMHD1 to Facilitate Virus Replication.,pmc_xml,/Users/xingmeng/.openclaw/workspaces/staff-scientist-ideker/agenticWorkflow_LiteratureScreeningAndFullTextReview/runs/host_pathogen_shared_mechanisms_apms_20260826/passes/pass_002/artifacts/fulltext_import/PMC_XML/normalized/PMC6668718.json,keep,"Full text contains useful host-pathogen assay or pathway evidence, but the primary-virus mechanism is less central than in direct papers.",medium,medium,supporting,medium
pmid-31269971,31269971,PMC6607583,10.1186/s12977-019-0480-3,The autophagy protein ATG9A promotes HIV-1 infectivity.,pmc_xml,/Users/xingmeng/.openclaw/workspaces/staff-scientist-ideker/agenticWorkflow_LiteratureScreeningAndFullTextReview/runs/host_pathogen_shared_mechanisms_apms_20260826/passes/pass_002/artifacts/fulltext_import/PMC_XML/normalized/PMC6607583.json,keep,"Full text centers a primary virus and provides assay-supported host interaction, host factor, or pathway mechanism evidence.",high,high,central,high
pmid-31253590,31253590,PMC7153695,10.1016/j.chom.2019.05.008,ARIH2 Is a Vif-Dependent Regulator of CUL5-Mediated APOBEC3G Degradation in HIV Infection.,pmc_xml,/Users/xingmeng/.openclaw/workspaces/staff-scientist-ideker/agenticWorkflow_LiteratureScreeningAndFullTextReview/runs/host_pathogen_shared_mechanisms_apms_20260826/passes/pass_002/artifacts/fulltext_import/PMC_XML/normalized/PMC7153695.json,keep,"Full text centers a primary virus and provides assay-supported host interaction, host factor, or pathway mechanism evidence.",high,high,central,high
pmid-31213558,31213558,PMC6581860,10.1128/mBio.01113-19,Upregulation of BST-2 by Type I Interferons Reduces the Capacity of Vpu To Protect HIV-1-Infected Cells from NK Cell Responses.,pmc_xml,/Users/xingmeng/.openclaw/workspaces/staff-scientist-ideker/agenticWorkflow_LiteratureScreeningAndFullTextReview/runs/host_pathogen_shared_mechanisms_apms_20260826/passes/pass_002/artifacts/fulltext_import/PMC_XML/normalized/PMC6581860.json,keep,Full text links a primary virus to a host factor or host pathway mechanism.,high,high,central,medium
pmid-31189110,31189110,PMC8666140,10.1016/j.celrep.2019.05.040,TRIM5α Restricts Flavivirus Replication by Targeting the Viral Protease for Proteasomal Degradation.,pmc_xml,/Users/xingmeng/.openclaw/workspaces/staff-scientist-ideker/agenticWorkflow_LiteratureScreeningAndFullTextReview/runs/host_pathogen_shared_mechanisms_apms_20260826/passes/pass_002/artifacts/fulltext_import/PMC_XML/normalized/PMC8666140.json,keep,"Full text has plausible host pathway or host-factor mechanism context for a primary virus, but evidence is not strongly assay-centered.",medium,medium,supporting,low
pmid-31155311,31155311,PMC7183857,10.1016/j.str.2019.04.015,MxB Restricts HIV-1 by Targeting the Tri-hexamer Interface of the Viral Capsid.,pmc_xml,/Users/xingmeng/.openclaw/workspaces/staff-scientist-ideker/agenticWorkflow_LiteratureScreeningAndFullTextReview/runs/host_pathogen_shared_mechanisms_apms_20260826/passes/pass_002/artifacts/fulltext_import/PMC_XML/normalized/PMC7183857.json,keep,Full text links a primary virus to a host factor or host pathway mechanism.,high,high,central,medium
pmid-31068467,31068467,PMC6534999,10.1073/pnas.1902271116,Intrinsic conformational dynamics of the HIV-1 genomic RNA 5'UTR.,pmc_xml,/Users/xingmeng/.openclaw/workspaces/staff-scientist-ideker/agenticWorkflow_LiteratureScreeningAndFullTextReview/runs/host_pathogen_shared_mechanisms_apms_20260826/passes/pass_002/artifacts/fulltext_import/PMC_XML/normalized/PMC6534999.json,keep,Full text links a primary virus to a host factor or host pathway mechanism.,high,high,central,medium
pmid-31043663,31043663,PMC6494904,10.1038/s41598-019-43150-5,The cell adhesion protein CAR is a negative regulator of synaptic transmission.,pmc_xml,/Users/xingmeng/.openclaw/workspaces/staff-scientist-ideker/agenticWorkflow_LiteratureScreeningAndFullTextReview/runs/host_pathogen_shared_mechanisms_apms_20260826/passes/pass_002/artifacts/fulltext_import/PMC_XML/normalized/PMC6494904.json,keep,"Full text contains useful host-pathogen assay or pathway evidence, but the primary-virus mechanism is less central than in direct papers.",medium,medium,supporting,medium
pmid-31018511,31018511,PMC6521077,10.3390/v11040372,Identification of RUVBL1 and RUVBL2 as Novel Cellular Interactors of the Ebola Virus Nucleoprotein.,pmc_xml,/Users/xingmeng/.openclaw/workspaces/staff-scientist-ideker/agenticWorkflow_LiteratureScreeningAndFullTextReview/runs/host_pathogen_shared_mechanisms_apms_20260826/passes/pass_002/artifacts/fulltext_import/PMC_XML/normalized/PMC6521077.json,keep,"Full text centers a primary virus and provides assay-supported host interaction, host factor, or pathway mechanism evidence.",high,high,central,high
pmid-31015445,31015445,PMC6479052,10.1038/s41467-019-09867-7,PIM kinases facilitate lentiviral evasion from SAMHD1 restriction via Vpx phosphorylation.,pmc_xml,/Users/xingmeng/.openclaw/workspaces/staff-scientist-ideker/agenticWorkflow_LiteratureScreeningAndFullTextReview/runs/host_pathogen_shared_mechanisms_apms_20260826/passes/pass_002/artifacts/fulltext_import/PMC_XML/normalized/PMC6479052.json,keep,"Full text contains useful host-pathogen assay or pathway evidence, but the primary-virus mechanism is less central than in direct papers.",medium,medium,supporting,medium
pmid-30997501,30997501,PMC6614814,10.1093/nar/gkz278,TNRC6 proteins modulate hepatitis C virus replication by spatially regulating the binding of miR-122/Ago2 complexes to viral RNA.,pmc_xml,/Users/xingmeng/.openclaw/workspaces/staff-scientist-ideker/agenticWorkflow_LiteratureScreeningAndFullTextReview/runs/host_pathogen_shared_mechanisms_apms_20260826/passes/pass_002/artifacts/fulltext_import/PMC_XML/normalized/PMC6614814.json,keep,"Full text centers a primary virus and provides assay-supported host interaction, host factor, or pathway mechanism evidence.",high,high,central,high
pmid-30894872,30894872,PMC6414412,10.3389/fgene.2019.00146,webCEMiTool: Co-expression Modular Analysis Made Easy.,pmc_xml,/Users/xingmeng/.openclaw/workspaces/staff-scientist-ideker/agenticWorkflow_LiteratureScreeningAndFullTextReview/runs/host_pathogen_shared_mechanisms_apms_20260826/passes/pass_002/artifacts/fulltext_import/PMC_XML/normalized/PMC6414412.json,drop,"Full text is dominated by clinical, biomarker, drug-screen, protocol, or computational-prioritization content rather than host-pathogen mechanism evidence.",low,low,incidental,medium
pmid-30886358,30886358,PMC6544544,10.1038/s41564-019-0402-0,Immunoproteasome activation enables human TRIM5α restriction of HIV-1.,pmc_xml,/Users/xingmeng/.openclaw/workspaces/staff-scientist-ideker/agenticWorkflow_LiteratureScreeningAndFullTextReview/runs/host_pathogen_shared_mechanisms_apms_20260826/passes/pass_002/artifacts/fulltext_import/PMC_XML/normalized/PMC6544544.json,keep,Full text links a primary virus to a host factor or host pathway mechanism.,high,high,central,medium
pmid-30867315,30867315,PMC6532090,10.1128/JVI.02123-18,Kinetics of Early Innate Immune Activation during HIV-1 Infection of Humanized Mice.,pmc_xml,/Users/xingmeng/.openclaw/workspaces/staff-scientist-ideker/agenticWorkflow_LiteratureScreeningAndFullTextReview/runs/host_pathogen_shared_mechanisms_apms_20260826/passes/pass_002/artifacts/fulltext_import/PMC_XML/normalized/PMC6532090.json,keep,Full text links a primary virus to a host factor or host pathway mechanism.,high,high,central,medium
pmid-30808702,30808702,PMC6391917,10.1128/mBio.00144-19,HIV-1 Escape from Small-Molecule Antagonism of Vif.,pmc_xml,/Users/xingmeng/.openclaw/workspaces/staff-scientist-ideker/agenticWorkflow_LiteratureScreeningAndFullTextReview/runs/host_pathogen_shared_mechanisms_apms_20260826/passes/pass_002/artifacts/fulltext_import/PMC_XML/normalized/PMC6391917.json,keep,Full text links a primary virus to a host factor or host pathway mechanism.,high,high,central,medium
pmid-30759391,30759391,PMC7053169,10.1016/j.celrep.2019.01.075,MARCH8 Ubiquitinates the Hepatitis C Virus Nonstructural 2 Protein and Mediates Viral Envelopment.,pmc_xml,/Users/xingmeng/.openclaw/workspaces/staff-scientist-ideker/agenticWorkflow_LiteratureScreeningAndFullTextReview/runs/host_pathogen_shared_mechanisms_apms_20260826/passes/pass_002/artifacts/fulltext_import/PMC_XML/normalized/PMC7053169.json,keep,"Full text centers a primary virus and provides assay-supported host interaction, host factor, or pathway mechanism evidence.",high,high,central,high
pmid-30755512,30755512,PMC6372799,10.1128/mBio.02742-18,ACBD3 Is an Essential Pan-enterovirus Host Factor That Mediates the Interaction between Viral 3A Protein and Cellular Protein PI4KB.,pmc_xml,/Users/xingmeng/.openclaw/workspaces/staff-scientist-ideker/agenticWorkflow_LiteratureScreeningAndFullTextReview/runs/host_pathogen_shared_mechanisms_apms_20260826/passes/pass_002/artifacts/fulltext_import/PMC_XML/normalized/PMC6372799.json,drop,"Full text is dominated by clinical, biomarker, drug-screen, protocol, or computational-prioritization content rather than host-pathogen mechanism evidence.",low,low,incidental,medium
pmid-30682371,30682371,PMC8486322,10.1016/j.cell.2018.12.030,"Regulation of HIV-1 Gag-Pol Expression by Shiftless, an Inhibitor of Programmed -1 Ribosomal Frameshifting.",pmc_xml,/Users/xingmeng/.openclaw/workspaces/staff-scientist-ideker/agenticWorkflow_LiteratureScreeningAndFullTextReview/runs/host_pathogen_shared_mechanisms_apms_20260826/passes/pass_002/artifacts/fulltext_import/PMC_XML/normalized/PMC8486322.json,keep,"Full text centers a primary virus and provides assay-supported host interaction, host factor, or pathway mechanism evidence.",high,high,central,high
pmid-30521835,30521835,PMC6345585,10.1016/j.antiviral.2018.11.017,A potent prolyl tRNA synthetase inhibitor antagonizes Chikungunya and Dengue viruses.,pmc_xml,/Users/xingmeng/.openclaw/workspaces/staff-scientist-ideker/agenticWorkflow_LiteratureScreeningAndFullTextReview/runs/host_pathogen_shared_mechanisms_apms_20260826/passes/pass_002/artifacts/fulltext_import/PMC_XML/normalized/PMC6345585.json,keep,Full text links a primary virus to a host factor or host pathway mechanism.,high,high,central,medium
pmid-29523836,29523836,PMC6461963,10.1038/s41423-018-0006-2,Type III interferon-induced CBFβ inhibits HBV replication by hijacking HBx.,pmc_xml,/Users/xingmeng/.openclaw/workspaces/staff-scientist-ideker/agenticWorkflow_LiteratureScreeningAndFullTextReview/runs/host_pathogen_shared_mechanisms_apms_20260826/passes/pass_002/artifacts/fulltext_import/PMC_XML/normalized/PMC6461963.json,drop,"Full text is dominated by clinical, biomarker, drug-screen, protocol, or computational-prioritization content rather than host-pathogen mechanism evidence.",low,low,incidental,medium
pmid-30550790,30550790,PMC6474419,10.1016/j.cell.2018.11.028,Comparative Flavivirus-Host Protein Interaction Mapping Reveals Mechanisms of Dengue and Zika Virus Pathogenesis.,pmc_xml,/Users/xingmeng/.openclaw/workspaces/staff-scientist-ideker/agenticWorkflow_LiteratureScreeningAndFullTextReview/runs/host_pathogen_shared_mechanisms_apms_20260826/passes/pass_002/artifacts/fulltext_import/PMC_XML/normalized/PMC6474419.json,keep,"Full text centers a primary virus and provides assay-supported host interaction, host factor, or pathway mechanism evidence.",high,high,central,high
pmid-30550789,30550789,PMC6366944,10.1016/j.cell.2018.08.044,Protein Interaction Mapping Identifies RBBP6 as a Negative Regulator of Ebola Virus Replication.,pmc_xml,/Users/xingmeng/.openclaw/workspaces/staff-scientist-ideker/agenticWorkflow_LiteratureScreeningAndFullTextReview/runs/host_pathogen_shared_mechanisms_apms_20260826/passes/pass_002/artifacts/fulltext_import/PMC_XML/normalized/PMC6366944.json,keep,"Full text centers a primary virus and provides assay-supported host interaction, host factor, or pathway mechanism evidence.",high,high,central,high
pmid-30528902,30528902,PMC6282456,10.1016/j.isci.2018.11.028,MicroRNA-124 Regulates Fatty Acid and Triglyceride Homeostasis.,pmc_xml,/Users/xingmeng/.openclaw/workspaces/staff-scientist-ideker/agenticWorkflow_LiteratureScreeningAndFullTextReview/runs/host_pathogen_shared_mechanisms_apms_20260826/passes/pass_002/artifacts/fulltext_import/PMC_XML/normalized/PMC6282456.json,drop,"Full text is dominated by clinical, biomarker, drug-screen, protocol, or computational-prioritization content rather than host-pathogen mechanism evidence.",low,low,incidental,medium
pmid-30520725,30520725,PMC6286125,10.7554/eLife.39823,A virus-packageable CRISPR screen identifies host factors mediating interferon inhibition of HIV.,pmc_xml,/Users/xingmeng/.openclaw/workspaces/staff-scientist-ideker/agenticWorkflow_LiteratureScreeningAndFullTextReview/runs/host_pathogen_shared_mechanisms_apms_20260826/passes/pass_002/artifacts/fulltext_import/PMC_XML/normalized/PMC6286125.json,keep,"Full text centers a primary virus and provides assay-supported host interaction, host factor, or pathway mechanism evidence.",high,high,central,high
pmid-30401776,30401776,PMC6222122,10.1128/mBio.01423-18,Splicing Factor 3B Subunit 1 Interacts with HIV Tat and Plays a Role in Viral Transcription and Reactivation from Latency.,pmc_xml,/Users/xingmeng/.openclaw/workspaces/staff-scientist-ideker/agenticWorkflow_LiteratureScreeningAndFullTextReview/runs/host_pathogen_shared_mechanisms_apms_20260826/passes/pass_002/artifacts/fulltext_import/PMC_XML/normalized/PMC6222122.json,keep,Full text links a primary virus to a host factor or host pathway mechanism.,high,high,central,medium
pmid-30316304,30316304,PMC6186296,10.1186/s12977-018-0452-z,Host SAMHD1 protein restricts endogenous reverse transcription of HIV-1 in nondividing macrophages.,pmc_xml,/Users/xingmeng/.openclaw/workspaces/staff-scientist-ideker/agenticWorkflow_LiteratureScreeningAndFullTextReview/runs/host_pathogen_shared_mechanisms_apms_20260826/passes/pass_002/artifacts/fulltext_import/PMC_XML/normalized/PMC6186296.json,keep,Full text links a primary virus to a host factor or host pathway mechanism.,high,high,central,medium
pmid-30181254,30181254,PMC6123441,10.1128/mBio.01669-18,Direct and Indirect Effects on Viral Translation and RNA Replication Are Required for AUF1 Restriction of Enterovirus Infections in Human Cells.,pmc_xml,/Users/xingmeng/.openclaw/workspaces/staff-scientist-ideker/agenticWorkflow_LiteratureScreeningAndFullTextReview/runs/host_pathogen_shared_mechanisms_apms_20260826/passes/pass_002/artifacts/fulltext_import/PMC_XML/normalized/PMC6123441.json,keep,"Full text has plausible host pathway or host-factor mechanism context for a primary virus, but evidence is not strongly assay-centered.",medium,medium,supporting,low
pmid-30125328,30125328,PMC6117100,10.1371/journal.ppat.1007269,SIVcol Nef counteracts SERINC5 by promoting its proteasomal degradation but does not efficiently enhance HIV-1 replication in human CD4+ T cells and lymphoid tissue.,pmc_xml,/Users/xingmeng/.openclaw/workspaces/staff-scientist-ideker/agenticWorkflow_LiteratureScreeningAndFullTextReview/runs/host_pathogen_shared_mechanisms_apms_20260826/passes/pass_002/artifacts/fulltext_import/PMC_XML/normalized/PMC6117100.json,keep,Full text links a primary virus to a host factor or host pathway mechanism.,high,high,central,medium
pmid-30122350,30122350,PMC6128760,10.1016/j.cell.2018.07.031,Cell-Penetrating Peptide Mediates Intracellular Membrane Passage of Human Papillomavirus L2 Protein to Trigger Retrograde Trafficking.,pmc_xml,/Users/xingmeng/.openclaw/workspaces/staff-scientist-ideker/agenticWorkflow_LiteratureScreeningAndFullTextReview/runs/host_pathogen_shared_mechanisms_apms_20260826/passes/pass_002/artifacts/fulltext_import/PMC_XML/normalized/PMC6128760.json,keep,"Full text contains useful host-pathogen assay or pathway evidence, but the primary-virus mechanism is less central than in direct papers.",medium,medium,supporting,medium
pmid-30053425,30053425,PMC6091687,10.1016/j.cell.2018.07.004,HIV-1 Nefs Are Cargo-Sensitive AP-1 Trimerization Switches in Tetherin Downregulation.,pmc_xml,/Users/xingmeng/.openclaw/workspaces/staff-scientist-ideker/agenticWorkflow_LiteratureScreeningAndFullTextReview/runs/host_pathogen_shared_mechanisms_apms_20260826/passes/pass_002/artifacts/fulltext_import/PMC_XML/normalized/PMC6091687.json,keep,"Full text centers a primary virus and provides assay-supported host interaction, host factor, or pathway mechanism evidence.",high,high,central,high
pmid-30023438,30023438,PMC6047365,10.1016/j.bbrep.2018.05.007,Multiple antiviral activities of the antimalarial and anti-hepatitis C drug candidates N-89 and N-251.,pmc_xml,/Users/xingmeng/.openclaw/workspaces/staff-scientist-ideker/agenticWorkflow_LiteratureScreeningAndFullTextReview/runs/host_pathogen_shared_mechanisms_apms_20260826/passes/pass_002/artifacts/fulltext_import/PMC_XML/normalized/PMC6047365.json,drop,"Full text is dominated by clinical, biomarker, drug-screen, protocol, or computational-prioritization content rather than host-pathogen mechanism evidence.",low,low,incidental,medium
pmid-30016363,30016363,PMC6049953,10.1371/journal.ppat.1007166,Inhibition of Japanese encephalitis virus infection by the host zinc-finger antiviral protein.,pmc_xml,/Users/xingmeng/.openclaw/workspaces/staff-scientist-ideker/agenticWorkflow_LiteratureScreeningAndFullTextReview/runs/host_pathogen_shared_mechanisms_apms_20260826/passes/pass_002/artifacts/fulltext_import/PMC_XML/normalized/PMC6049953.json,keep,"Full text has plausible host pathway or host-factor mechanism context for a primary virus, but evidence is not strongly assay-centered.",medium,medium,supporting,low
pmid-29986386,29986386,PMC6070805,10.3390/v10070359,FUS Negatively Regulates Kaposi's Sarcoma-Associated Herpesvirus Gene Expression.,pmc_xml,/Users/xingmeng/.openclaw/workspaces/staff-scientist-ideker/agenticWorkflow_LiteratureScreeningAndFullTextReview/runs/host_pathogen_shared_mechanisms_apms_20260826/passes/pass_002/artifacts/fulltext_import/PMC_XML/normalized/PMC6070805.json,keep,Full text links a primary virus to a host factor or host pathway mechanism.,high,high,central,medium
pmid-29975762,29975762,PMC6033427,10.1371/journal.pone.0200032,Plasmodium sporozoites can invade hepatocytic cells independently of the Ephrin receptor A2.,pmc_xml,/Users/xingmeng/.openclaw/workspaces/staff-scientist-ideker/agenticWorkflow_LiteratureScreeningAndFullTextReview/runs/host_pathogen_shared_mechanisms_apms_20260826/passes/pass_002/artifacts/fulltext_import/PMC_XML/normalized/PMC6033427.json,drop,"Full text is dominated by clinical, biomarker, drug-screen, protocol, or computational-prioritization content rather than host-pathogen mechanism evidence.",low,low,incidental,medium
pmid-29941968,29941968,PMC6018426,10.1038/s41467-018-04872-8,Crystal structure of the catalytic domain of HIV-1 restriction factor APOBEC3G in complex with ssDNA.,pmc_xml,/Users/xingmeng/.openclaw/workspaces/staff-scientist-ideker/agenticWorkflow_LiteratureScreeningAndFullTextReview/runs/host_pathogen_shared_mechanisms_apms_20260826/passes/pass_002/artifacts/fulltext_import/PMC_XML/normalized/PMC6018426.json,keep,Full text links a primary virus to a host factor or host pathway mechanism.,high,high,central,medium
pmid-29799843,29799843,PMC5969750,10.1371/journal.pone.0196676,Systematic detection of positive selection in the human-pathogen interactome and lasting effects on infectious disease susceptibility.,pmc_xml,/Users/xingmeng/.openclaw/workspaces/staff-scientist-ideker/agenticWorkflow_LiteratureScreeningAndFullTextReview/runs/host_pathogen_shared_mechanisms_apms_20260826/passes/pass_002/artifacts/fulltext_import/PMC_XML/normalized/PMC5969750.json,drop,"Full text does not center a primary virus with host interaction, host factor, pathway, AP-MS, proteomics, or mechanism evidence.",low,low,incidental,high
pmid-29795228,29795228,PMC5966509,10.1038/s41598-018-26318-3,Identification of small molecule compounds targeting the interaction of HIV-1 Vif and human APOBEC3G by virtual screening and biological evaluation.,pmc_xml,/Users/xingmeng/.openclaw/workspaces/staff-scientist-ideker/agenticWorkflow_LiteratureScreeningAndFullTextReview/runs/host_pathogen_shared_mechanisms_apms_20260826/passes/pass_002/artifacts/fulltext_import/PMC_XML/normalized/PMC5966509.json,keep,Full text links a primary virus to a host factor or host pathway mechanism.,high,high,central,medium
pmid-29773792,29773792,PMC5958057,10.1038/s41467-018-04379-2,MxB is an interferon-induced restriction factor of human herpesviruses.,pmc_xml,/Users/xingmeng/.openclaw/workspaces/staff-scientist-ideker/agenticWorkflow_LiteratureScreeningAndFullTextReview/runs/host_pathogen_shared_mechanisms_apms_20260826/passes/pass_002/artifacts/fulltext_import/PMC_XML/normalized/PMC5958057.json,drop,"Full text is dominated by clinical, biomarker, drug-screen, protocol, or computational-prioritization content rather than host-pathogen mechanism evidence.",low,low,incidental,medium
pmid-29764952,29764952,PMC5954222,10.1128/mBio.00819-18,SAMHD1 Phosphorylation Coordinates the Anti-HIV-1 Response by Diverse Interferons and Tyrosine Kinase Inhibition.,pmc_xml,/Users/xingmeng/.openclaw/workspaces/staff-scientist-ideker/agenticWorkflow_LiteratureScreeningAndFullTextReview/runs/host_pathogen_shared_mechanisms_apms_20260826/passes/pass_002/artifacts/fulltext_import/PMC_XML/normalized/PMC5954222.json,keep,"Full text centers a primary virus and provides assay-supported host interaction, host factor, or pathway mechanism evidence.",high,high,central,high
pmid-29743377,29743377,PMC6146692,10.1128/JVI.00499-18,Equine Myxovirus Resistance Protein 2 Restricts Lentiviral Replication by Blocking Nuclear Uptake of Capsid Protein.,pmc_xml,/Users/xingmeng/.openclaw/workspaces/staff-scientist-ideker/agenticWorkflow_LiteratureScreeningAndFullTextReview/runs/host_pathogen_shared_mechanisms_apms_20260826/passes/pass_002/artifacts/fulltext_import/PMC_XML/normalized/PMC6146692.json,keep,"Full text has plausible host pathway or host-factor mechanism context for a primary virus, but evidence is not strongly assay-centered.",medium,medium,supporting,low
pmid-29712754,29712754,PMC5991512,10.1101/gr.230250.117,Arrayed CRISPR screen with image-based assay reliably uncovers host genes required for coxsackievirus infection.,pmc_xml,/Users/xingmeng/.openclaw/workspaces/staff-scientist-ideker/agenticWorkflow_LiteratureScreeningAndFullTextReview/runs/host_pathogen_shared_mechanisms_apms_20260826/passes/pass_002/artifacts/fulltext_import/PMC_XML/normalized/PMC5991512.json,keep,"Full text centers a primary virus and provides assay-supported host interaction, host factor, or pathway mechanism evidence.",high,high,central,high
pmid-29641562,29641562,PMC5912784,10.1371/journal.pntd.0006405,Suppression of the pelo protein by Wolbachia and its effect on dengue virus in Aedes aegypti.,pmc_xml,/Users/xingmeng/.openclaw/workspaces/staff-scientist-ideker/agenticWorkflow_LiteratureScreeningAndFullTextReview/runs/host_pathogen_shared_mechanisms_apms_20260826/passes/pass_002/artifacts/fulltext_import/PMC_XML/normalized/PMC5912784.json,keep,Full text links a primary virus to a host factor or host pathway mechanism.,high,high,central,medium
pmid-29554922,29554922,PMC5859395,10.1186/s12977-018-0409-2,A CRISPR screen for factors regulating SAMHD1 degradation identifies IFITMs as potent inhibitors of lentiviral particle delivery.,pmc_xml,/Users/xingmeng/.openclaw/workspaces/staff-scientist-ideker/agenticWorkflow_LiteratureScreeningAndFullTextReview/runs/host_pathogen_shared_mechanisms_apms_20260826/passes/pass_002/artifacts/fulltext_import/PMC_XML/normalized/PMC5859395.json,keep,"Full text contains useful host-pathogen assay or pathway evidence, but the primary-virus mechanism is less central than in direct papers.",medium,medium,supporting,medium
pmid-29538454,29538454,PMC5882150,10.1371/journal.ppat.1006916,"Infection with hepatitis C virus depends on TACSTD2, a regulator of claudin-1 and occludin highly downregulated in hepatocellular carcinoma.",pmc_xml,/Users/xingmeng/.openclaw/workspaces/staff-scientist-ideker/agenticWorkflow_LiteratureScreeningAndFullTextReview/runs/host_pathogen_shared_mechanisms_apms_20260826/passes/pass_002/artifacts/fulltext_import/PMC_XML/normalized/PMC5882150.json,keep,"Full text centers a primary virus and provides assay-supported host interaction, host factor, or pathway mechanism evidence.",high,high,central,high
pmid-29499066,29499066,PMC5851652,10.1371/journal.ppat.1006937,The interferon-stimulated gene product oligoadenylate synthetase-like protein enhances replication of Kaposi's sarcoma-associated herpesvirus (KSHV) and interacts with the KSHV ORF20 protein.,pmc_xml,/Users/xingmeng/.openclaw/workspaces/staff-scientist-ideker/agenticWorkflow_LiteratureScreeningAndFullTextReview/runs/host_pathogen_shared_mechanisms_apms_20260826/passes/pass_002/artifacts/fulltext_import/PMC_XML/normalized/PMC5851652.json,keep,"Full text centers a primary virus and provides assay-supported host interaction, host factor, or pathway mechanism evidence.",high,high,central,high
pmid-29346774,29346774,PMC5792083,10.1016/j.celrep.2017.12.085,Mannose Receptor 1 Restricts HIV Particle Release from Infected Macrophages.,pmc_xml,/Users/xingmeng/.openclaw/workspaces/staff-scientist-ideker/agenticWorkflow_LiteratureScreeningAndFullTextReview/runs/host_pathogen_shared_mechanisms_apms_20260826/passes/pass_002/artifacts/fulltext_import/PMC_XML/normalized/PMC5792083.json,keep,"Full text centers a primary virus and provides assay-supported host interaction, host factor, or pathway mechanism evidence.",high,high,central,high
pmid-29191651,29191651,PMC5738261,10.1016/j.jmb.2017.11.007,Molecular Interactions of a DNA Modifying Enzyme APOBEC3F Catalytic Domain with a Single-Stranded DNA.,pmc_xml,/Users/xingmeng/.openclaw/workspaces/staff-scientist-ideker/agenticWorkflow_LiteratureScreeningAndFullTextReview/runs/host_pathogen_shared_mechanisms_apms_20260826/passes/pass_002/artifacts/fulltext_import/PMC_XML/normalized/PMC5738261.json,keep,"Full text contains useful host-pathogen assay or pathway evidence, but the primary-virus mechanism is less central than in direct papers.",medium,medium,supporting,medium
pmid-29359168,29359168,PMC5735641,10.1155/2017/1548905,SERINC as a Restriction Factor to Inhibit Viral Infectivity and the Interaction with HIV.,pmc_xml,/Users/xingmeng/.openclaw/workspaces/staff-scientist-ideker/agenticWorkflow_LiteratureScreeningAndFullTextReview/runs/host_pathogen_shared_mechanisms_apms_20260826/passes/pass_002/artifacts/fulltext_import/PMC_XML/normalized/PMC5735641.json,keep,"Full text centers a primary virus and provides assay-supported host interaction, host factor, or pathway mechanism evidence.",high,high,central,high
pmid-29354102,29354102,PMC5758585,10.3389/fmicb.2017.02595,Ultrastructural Localization and Molecular Associations of HCV Capsid Protein in Jurkat T Cells.,pmc_xml,/Users/xingmeng/.openclaw/workspaces/staff-scientist-ideker/agenticWorkflow_LiteratureScreeningAndFullTextReview/runs/host_pathogen_shared_mechanisms_apms_20260826/passes/pass_002/artifacts/fulltext_import/PMC_XML/normalized/PMC5758585.json,keep,"Full text centers a primary virus and provides assay-supported host interaction, host factor, or pathway mechanism evidence.",high,high,central,high
pmid-29208937,29208937,PMC5717263,10.1038/s41598-017-16793-5,Elucidating the in vivo interactome of HIV-1 RNA by hybridization capture and mass spectrometry.,pmc_xml,/Users/xingmeng/.openclaw/workspaces/staff-scientist-ideker/agenticWorkflow_LiteratureScreeningAndFullTextReview/runs/host_pathogen_shared_mechanisms_apms_20260826/passes/pass_002/artifacts/fulltext_import/PMC_XML/normalized/PMC5717263.json,keep,"Full text centers a primary virus and provides assay-supported host interaction, host factor, or pathway mechanism evidence.",high,high,central,high
pmid-29045829,29045829,PMC5656745,10.1016/j.celrep.2017.09.068,Escaping Host Factor PI4KB Inhibition: Enterovirus Genomic RNA Replication in the Absence of Replication Organelles.,pmc_xml,/Users/xingmeng/.openclaw/workspaces/staff-scientist-ideker/agenticWorkflow_LiteratureScreeningAndFullTextReview/runs/host_pathogen_shared_mechanisms_apms_20260826/passes/pass_002/artifacts/fulltext_import/PMC_XML/normalized/PMC5656745.json,keep,"Full text has plausible host pathway or host-factor mechanism context for a primary virus, but evidence is not strongly assay-centered.",medium,medium,supporting,low
pmid-29040738,29040738,PMC5716087,10.1093/nar/gkx931,NF90-NF45 is a selective RNA chaperone that rearranges viral and cellular riboswitches: biochemical analysis of a virus host factor activity.,pmc_xml,/Users/xingmeng/.openclaw/workspaces/staff-scientist-ideker/agenticWorkflow_LiteratureScreeningAndFullTextReview/runs/host_pathogen_shared_mechanisms_apms_20260826/passes/pass_002/artifacts/fulltext_import/PMC_XML/normalized/PMC5716087.json,keep,"Full text has plausible host pathway or host-factor mechanism context for a primary virus, but evidence is not strongly assay-centered.",medium,medium,supporting,low
pmid-29040325,29040325,PMC5667893,10.1371/journal.ppat.1006686,TRIM5α SPRY/coiled-coil interactions optimize avid retroviral capsid recognition.,pmc_xml,/Users/xingmeng/.openclaw/workspaces/staff-scientist-ideker/agenticWorkflow_LiteratureScreeningAndFullTextReview/runs/host_pathogen_shared_mechanisms_apms_20260826/passes/pass_002/artifacts/fulltext_import/PMC_XML/normalized/PMC5667893.json,keep,"Full text has plausible host pathway or host-factor mechanism context for a primary virus, but evidence is not strongly assay-centered.",medium,medium,supporting,low
pmid-29021215,29021215,PMC5666080,10.1098/rsob.170115,Dual role of the chromatin-binding factor PHF13 in the pre- and post-integration phases of HIV-1 replication.,pmc_xml,/Users/xingmeng/.openclaw/workspaces/staff-scientist-ideker/agenticWorkflow_LiteratureScreeningAndFullTextReview/runs/host_pathogen_shared_mechanisms_apms_20260826/passes/pass_002/artifacts/fulltext_import/PMC_XML/normalized/PMC5666080.json,keep,"Full text centers a primary virus and provides assay-supported host interaction, host factor, or pathway mechanism evidence.",high,high,central,high
pmid-28957419,28957419,PMC5619827,10.1371/journal.ppat.1006610,Interference with the production of infectious viral particles and bimodal inhibition of replication are broadly conserved antiviral properties of IFITMs.,pmc_xml,/Users/xingmeng/.openclaw/workspaces/staff-scientist-ideker/agenticWorkflow_LiteratureScreeningAndFullTextReview/runs/host_pathogen_shared_mechanisms_apms_20260826/passes/pass_002/artifacts/fulltext_import/PMC_XML/normalized/PMC5619827.json,keep,"Full text has plausible host pathway or host-factor mechanism context for a primary virus, but evidence is not strongly assay-centered.",medium,medium,supporting,low
pmid-28900156,28900156,PMC5595887,10.1038/s41598-017-11105-3,Dual Roles of Two Isoforms of Autophagy-related Gene ATG10 in HCV-Subgenomic replicon Mediated Autophagy Flux and Innate Immunity.,pmc_xml,/Users/xingmeng/.openclaw/workspaces/staff-scientist-ideker/agenticWorkflow_LiteratureScreeningAndFullTextReview/runs/host_pathogen_shared_mechanisms_apms_20260826/passes/pass_002/artifacts/fulltext_import/PMC_XML/normalized/PMC5595887.json,keep,Full text links a primary virus to a host factor or host pathway mechanism.,high,high,central,medium
pmid-28724915,28724915,PMC5517448,10.1038/s41598-017-06254-4,Quinolinate Phosphoribosyltransferase is an Antiviral Host Factor Against Hepatitis C Virus Infection.,pmc_xml,/Users/xingmeng/.openclaw/workspaces/staff-scientist-ideker/agenticWorkflow_LiteratureScreeningAndFullTextReview/runs/host_pathogen_shared_mechanisms_apms_20260826/passes/pass_002/artifacts/fulltext_import/PMC_XML/normalized/PMC5517448.json,keep,"Full text centers a primary virus and provides assay-supported host interaction, host factor, or pathway mechanism evidence.",high,high,central,high
pmid-28720733,28720733,PMC5516256,10.1128/mBio.00939-17,Dengue Virus Hijacks a Noncanonical Oxidoreductase Function of a Cellular Oligosaccharyltransferase Complex.,pmc_xml,/Users/xingmeng/.openclaw/workspaces/staff-scientist-ideker/agenticWorkflow_LiteratureScreeningAndFullTextReview/runs/host_pathogen_shared_mechanisms_apms_20260826/passes/pass_002/artifacts/fulltext_import/PMC_XML/normalized/PMC5516256.json,keep,"Full text centers a primary virus and provides assay-supported host interaction, host factor, or pathway mechanism evidence.",high,high,central,high
pmid-28683086,28683086,PMC5500366,10.1371/journal.ppat.1006441,Phosphorylation of the HIV-1 capsid by MELK triggers uncoating to promote viral cDNA synthesis.,pmc_xml,/Users/xingmeng/.openclaw/workspaces/staff-scientist-ideker/agenticWorkflow_LiteratureScreeningAndFullTextReview/runs/host_pathogen_shared_mechanisms_apms_20260826/passes/pass_002/artifacts/fulltext_import/PMC_XML/normalized/PMC5500366.json,keep,"Full text centers a primary virus and provides assay-supported host interaction, host factor, or pathway mechanism evidence.",high,high,central,high
pmid-28659481,28659481,PMC5571276,10.1128/JVI.00422-17,Hepatitis C Virus Strain-Dependent Usage of Apolipoprotein E Modulates Assembly Efficiency and Specific Infectivity of Secreted Virions.,pmc_xml,/Users/xingmeng/.openclaw/workspaces/staff-scientist-ideker/agenticWorkflow_LiteratureScreeningAndFullTextReview/runs/host_pathogen_shared_mechanisms_apms_20260826/passes/pass_002/artifacts/fulltext_import/PMC_XML/normalized/PMC5571276.json,keep,Full text links a primary virus to a host factor or host pathway mechanism.,high,high,central,medium
pmid-28656178,28656178,PMC5480037,10.1128/mSphereDirect.00233-17,Gene Knockout Shows That PML (TRIM19) Does Not Restrict the Early Stages of HIV-1 Infection in Human Cell Lines.,pmc_xml,/Users/xingmeng/.openclaw/workspaces/staff-scientist-ideker/agenticWorkflow_LiteratureScreeningAndFullTextReview/runs/host_pathogen_shared_mechanisms_apms_20260826/passes/pass_002/artifacts/fulltext_import/PMC_XML/normalized/PMC5480037.json,keep,Full text links a primary virus to a host factor or host pathway mechanism.,high,high,central,medium
pmid-28320822,28320822,PMC5450231,10.1242/jcs.195412,Characterization of E3 ligases involved in lysosomal sorting of the HIV-1 restriction factor BST2.,pmc_xml,/Users/xingmeng/.openclaw/workspaces/staff-scientist-ideker/agenticWorkflow_LiteratureScreeningAndFullTextReview/runs/host_pathogen_shared_mechanisms_apms_20260826/passes/pass_002/artifacts/fulltext_import/PMC_XML/normalized/PMC5450231.json,keep,Full text links a primary virus to a host factor or host pathway mechanism.,high,high,central,medium
pmid-28184007,28184007,PMC5392680,10.1074/jbc.M116.765842,Cyclin F/FBXO1 Interacts with HIV-1 Viral Infectivity Factor (Vif) and Restricts Progeny Virion Infectivity by Ubiquitination and Proteasomal Degradation of Vif Protein through SCF(cyclin F) E3 Ligase Machinery.,pmc_xml,/Users/xingmeng/.openclaw/workspaces/staff-scientist-ideker/agenticWorkflow_LiteratureScreeningAndFullTextReview/runs/host_pathogen_shared_mechanisms_apms_20260826/passes/pass_002/artifacts/fulltext_import/PMC_XML/normalized/PMC5392680.json,keep,Full text links a primary virus to a host factor or host pathway mechanism.,high,high,central,medium
pmid-28082397,28082397,PMC5416874,10.1093/nar/gkw1332,Differential hepatitis C virus RNA target site selection and host factor activities of naturally occurring miR-122 3΄ variants.,pmc_xml,/Users/xingmeng/.openclaw/workspaces/staff-scientist-ideker/agenticWorkflow_LiteratureScreeningAndFullTextReview/runs/host_pathogen_shared_mechanisms_apms_20260826/passes/pass_002/artifacts/fulltext_import/PMC_XML/normalized/PMC5416874.json,keep,Full text links a primary virus to a host factor or host pathway mechanism.,high,high,central,medium
pmid-28081143,28081143,PMC5230736,10.1371/journal.pntd.0005187,Engineered Aedes aegypti JAK/STAT Pathway-Mediated Immunity to Dengue Virus.,pmc_xml,/Users/xingmeng/.openclaw/workspaces/staff-scientist-ideker/agenticWorkflow_LiteratureScreeningAndFullTextReview/runs/host_pathogen_shared_mechanisms_apms_20260826/passes/pass_002/artifacts/fulltext_import/PMC_XML/normalized/PMC5230736.json,keep,Full text links a primary virus to a host factor or host pathway mechanism.,high,high,central,medium
pmid-27992415,27992415,PMC5511375,10.1038/ng.3741,A genome-wide CRISPR screen identifies a restricted set of HIV host dependency factors.,pmc_xml,/Users/xingmeng/.openclaw/workspaces/staff-scientist-ideker/agenticWorkflow_LiteratureScreeningAndFullTextReview/runs/host_pathogen_shared_mechanisms_apms_20260826/passes/pass_002/artifacts/fulltext_import/PMC_XML/normalized/PMC5511375.json,keep,"Full text centers a primary virus and provides assay-supported host interaction, host factor, or pathway mechanism evidence.",high,high,central,high
pmid-27659453,27659453,PMC5942362,10.1093/bioinformatics/btw610,Evolutionary conservation of Ebola virus proteins predicts important functions at residue level.,pmc_xml,/Users/xingmeng/.openclaw/workspaces/staff-scientist-ideker/agenticWorkflow_LiteratureScreeningAndFullTextReview/runs/host_pathogen_shared_mechanisms_apms_20260826/passes/pass_002/artifacts/fulltext_import/PMC_XML/normalized/PMC5942362.json,keep,"Full text centers a primary virus and provides assay-supported host interaction, host factor, or pathway mechanism evidence.",high,high,central,high
pmid-27609828,27609828,PMC5531222,10.1136/gutjnl-2015-311289,Extracellular lipid-free apolipoprotein E inhibits HCV replication and induces ABCG1-dependent cholesterol efflux.,pmc_xml,/Users/xingmeng/.openclaw/workspaces/staff-scientist-ideker/agenticWorkflow_LiteratureScreeningAndFullTextReview/runs/host_pathogen_shared_mechanisms_apms_20260826/passes/pass_002/artifacts/fulltext_import/PMC_XML/normalized/PMC5531222.json,keep,Full text links a primary virus to a host factor or host pathway mechanism.,high,high,central,medium
pmid-27275775,27275775,PMC5331900,10.1080/21541248.2016.1189990,Guanylate binding protein 5: Impairing virion infectivity by targeting retroviral envelope glycoproteins.,pmc_xml,/Users/xingmeng/.openclaw/workspaces/staff-scientist-ideker/agenticWorkflow_LiteratureScreeningAndFullTextReview/runs/host_pathogen_shared_mechanisms_apms_20260826/passes/pass_002/artifacts/fulltext_import/PMC_XML/normalized/PMC5331900.json,drop,"Full text is dominated by clinical, biomarker, drug-screen, protocol, or computational-prioritization content rather than host-pathogen mechanism evidence.",low,low,incidental,medium
pmid-27853288,27853288,PMC5112552,10.1038/srep37225,Enhancing Virion Tethering by BST2 Sensitizes Productively and Latently HIV-infected T cells to ADCC Mediated by Broadly Neutralizing Antibodies.,pmc_xml,/Users/xingmeng/.openclaw/workspaces/staff-scientist-ideker/agenticWorkflow_LiteratureScreeningAndFullTextReview/runs/host_pathogen_shared_mechanisms_apms_20260826/passes/pass_002/artifacts/fulltext_import/PMC_XML/normalized/PMC5112552.json,keep,Full text links a primary virus to a host factor or host pathway mechanism.,high,high,central,medium
pmid-27783949,27783949,PMC5098118,10.1016/j.celrep.2016.09.084,Solute Carrier NTCP Regulates Innate Antiviral Immune Responses Targeting Hepatitis C Virus Infection of Hepatocytes.,pmc_xml,/Users/xingmeng/.openclaw/workspaces/staff-scientist-ideker/agenticWorkflow_LiteratureScreeningAndFullTextReview/runs/host_pathogen_shared_mechanisms_apms_20260826/passes/pass_002/artifacts/fulltext_import/PMC_XML/normalized/PMC5098118.json,keep,Full text links a primary virus to a host factor or host pathway mechanism.,high,high,central,medium
pmid-27748395,27748395,PMC5071646,10.1038/ncomms13150,Human genome-wide RNAi screen reveals host factors required for enterovirus 71 replication.,pmc_xml,/Users/xingmeng/.openclaw/workspaces/staff-scientist-ideker/agenticWorkflow_LiteratureScreeningAndFullTextReview/runs/host_pathogen_shared_mechanisms_apms_20260826/passes/pass_002/artifacts/fulltext_import/PMC_XML/normalized/PMC5071646.json,keep,"Full text contains useful host-pathogen assay or pathway evidence, but the primary-virus mechanism is less central than in direct papers.",medium,medium,supporting,medium
pmid-27655726,27655726,PMC5342076,10.18632/oncotarget.12104,"Gamma-interferon-inducible, lysosome/endosome-localized thiolreductase, GILT, has anti-retroviral activity and its expression is counteracted by HIV-1.",pmc_xml,/Users/xingmeng/.openclaw/workspaces/staff-scientist-ideker/agenticWorkflow_LiteratureScreeningAndFullTextReview/runs/host_pathogen_shared_mechanisms_apms_20260826/passes/pass_002/artifacts/fulltext_import/PMC_XML/normalized/PMC5342076.json,keep,Full text links a primary virus to a host factor or host pathway mechanism.,high,high,central,medium
pmid-27632082,27632082,PMC5025164,10.1371/journal.pcbi.1005074,Systems Biology-Based Investigation of Cellular Antiviral Drug Targets Identified by Gene-Trap Insertional Mutagenesis.,pmc_xml,/Users/xingmeng/.openclaw/workspaces/staff-scientist-ideker/agenticWorkflow_LiteratureScreeningAndFullTextReview/runs/host_pathogen_shared_mechanisms_apms_20260826/passes/pass_002/artifacts/fulltext_import/PMC_XML/normalized/PMC5025164.json,keep,"Full text contains useful host-pathogen assay or pathway evidence, but the primary-virus mechanism is less central than in direct papers.",medium,medium,supporting,medium
pmid-27624129,27624129,PMC5021806,10.1128/mBio.01433-16,Activation of the DNA Damage Response Is a Conserved Function of HIV-1 and HIV-2 Vpr That Is Independent of SLX4 Recruitment.,pmc_xml,/Users/xingmeng/.openclaw/workspaces/staff-scientist-ideker/agenticWorkflow_LiteratureScreeningAndFullTextReview/runs/host_pathogen_shared_mechanisms_apms_20260826/passes/pass_002/artifacts/fulltext_import/PMC_XML/normalized/PMC5021806.json,keep,Full text links a primary virus to a host factor or host pathway mechanism.,high,high,central,medium
pmid-27558426,27558426,PMC5068538,10.1128/JVI.00323-16,An Essential Role of INI1/hSNF5 Chromatin Remodeling Protein in HIV-1 Posttranscriptional Events and Gag/Gag-Pol Stability.,pmc_xml,/Users/xingmeng/.openclaw/workspaces/staff-scientist-ideker/agenticWorkflow_LiteratureScreeningAndFullTextReview/runs/host_pathogen_shared_mechanisms_apms_20260826/passes/pass_002/artifacts/fulltext_import/PMC_XML/normalized/PMC5068538.json,keep,Full text links a primary virus to a host factor or host pathway mechanism.,high,high,central,medium
pmid-27556644,27556644,PMC4996428,10.1371/journal.pntd.0004921,Identification of RNA Binding Proteins Associated with Dengue Virus RNA in Infected Cells Reveals Temporally Distinct Host Factor Requirements.,pmc_xml,/Users/xingmeng/.openclaw/workspaces/staff-scientist-ideker/agenticWorkflow_LiteratureScreeningAndFullTextReview/runs/host_pathogen_shared_mechanisms_apms_20260826/passes/pass_002/artifacts/fulltext_import/PMC_XML/normalized/PMC4996428.json,keep,"Full text centers a primary virus and provides assay-supported host interaction, host factor, or pathway mechanism evidence.",high,high,central,high
pmid-27512077,27512077,PMC5044832,10.1128/JVI.03262-15,ARID3B: a Novel Regulator of the Kaposi's Sarcoma-Associated Herpesvirus Lytic Cycle.,pmc_xml,/Users/xingmeng/.openclaw/workspaces/staff-scientist-ideker/agenticWorkflow_LiteratureScreeningAndFullTextReview/runs/host_pathogen_shared_mechanisms_apms_20260826/passes/pass_002/artifacts/fulltext_import/PMC_XML/normalized/PMC5044832.json,keep,"Full text centers a primary virus and provides assay-supported host interaction, host factor, or pathway mechanism evidence.",high,high,central,high
pmid-27510840,27510840,PMC4980658,10.1038/srep31340,Copy number variation of genes involved in the hepatitis C virus-human interactome.,pmc_xml,/Users/xingmeng/.openclaw/workspaces/staff-scientist-ideker/agenticWorkflow_LiteratureScreeningAndFullTextReview/runs/host_pathogen_shared_mechanisms_apms_20260826/passes/pass_002/artifacts/fulltext_import/PMC_XML/normalized/PMC4980658.json,keep,"Full text centers a primary virus and provides assay-supported host interaction, host factor, or pathway mechanism evidence.",high,high,central,high
pmid-27489281,27489281,PMC5044849,10.1128/JVI.00960-16,Human Choline Kinase-α Promotes Hepatitis C Virus RNA Replication through Modulation of Membranous Viral Replication Complex Formation.,pmc_xml,/Users/xingmeng/.openclaw/workspaces/staff-scientist-ideker/agenticWorkflow_LiteratureScreeningAndFullTextReview/runs/host_pathogen_shared_mechanisms_apms_20260826/passes/pass_002/artifacts/fulltext_import/PMC_XML/normalized/PMC5044849.json,keep,Full text links a primary virus to a host factor or host pathway mechanism.,high,high,central,medium
pmid-27480941,27480941,PMC4974639,10.1038/ncomms12193,Crystal structures of APOBEC3G N-domain alone and its complex with DNA.,pmc_xml,/Users/xingmeng/.openclaw/workspaces/staff-scientist-ideker/agenticWorkflow_LiteratureScreeningAndFullTextReview/runs/host_pathogen_shared_mechanisms_apms_20260826/passes/pass_002/artifacts/fulltext_import/PMC_XML/normalized/PMC4974639.json,keep,"Full text has plausible host pathway or host-factor mechanism context for a primary virus, but evidence is not strongly assay-centered.",medium,medium,supporting,low
pmid-27454254,27454254,PMC4959372,10.1186/s12864-016-2858-0,"Abstracts from the 3rd International Genomic Medicine Conference (3rd IGMC 2015) : Jeddah, Kingdom of Saudi Arabia. 30 November - 3 December 2015.",pmc_xml,/Users/xingmeng/.openclaw/workspaces/staff-scientist-ideker/agenticWorkflow_LiteratureScreeningAndFullTextReview/runs/host_pathogen_shared_mechanisms_apms_20260826/passes/pass_002/artifacts/fulltext_import/PMC_XML/normalized/PMC4959372.json,keep,"Full text contains useful host-pathogen assay or pathway evidence, but the primary-virus mechanism is less central than in direct papers.",medium,medium,supporting,medium
pmid-27441239,27441239,PMC4945854,10.1016/j.heliyon.2015.e00056,A putative SUMO interacting motif in the B30.2/SPRY domain of rhesus macaque TRIM5α important for NF-κB/AP-1 signaling and HIV-1 restriction.,pmc_xml,/Users/xingmeng/.openclaw/workspaces/staff-scientist-ideker/agenticWorkflow_LiteratureScreeningAndFullTextReview/runs/host_pathogen_shared_mechanisms_apms_20260826/passes/pass_002/artifacts/fulltext_import/PMC_XML/normalized/PMC4945854.json,keep,Full text links a primary virus to a host factor or host pathway mechanism.,high,high,central,medium
pmid-27379031,27379031,PMC4904303,10.3389/fmicb.2016.00883,H11/HSPB8 Restricts HIV-2 Vpx to Restore the Anti-Viral Activity of SAMHD1.,pmc_xml,/Users/xingmeng/.openclaw/workspaces/staff-scientist-ideker/agenticWorkflow_LiteratureScreeningAndFullTextReview/runs/host_pathogen_shared_mechanisms_apms_20260826/passes/pass_002/artifacts/fulltext_import/PMC_XML/normalized/PMC4904303.json,keep,"Full text centers a primary virus and provides assay-supported host interaction, host factor, or pathway mechanism evidence.",high,high,central,high
pmid-27375898,27375898,PMC4928716,10.1038/nmicrobiol.2016.68,HIV-host interactome revealed directly from infected cells.,pmc_xml,/Users/xingmeng/.openclaw/workspaces/staff-scientist-ideker/agenticWorkflow_LiteratureScreeningAndFullTextReview/runs/host_pathogen_shared_mechanisms_apms_20260826/passes/pass_002/artifacts/fulltext_import/PMC_XML/normalized/PMC4928716.json,keep,"Full text centers a primary virus and provides assay-supported host interaction, host factor, or pathway mechanism evidence.",high,high,central,high
pmid-27282740,27282740,PMC4901263,10.1038/srep27778,Cell-death-inducing DFFA-like Effector B Contributes to the Assembly of Hepatitis C Virus (HCV) Particles and Interacts with HCV NS5A.,pmc_xml,/Users/xingmeng/.openclaw/workspaces/staff-scientist-ideker/agenticWorkflow_LiteratureScreeningAndFullTextReview/runs/host_pathogen_shared_mechanisms_apms_20260826/passes/pass_002/artifacts/fulltext_import/PMC_XML/normalized/PMC4901263.json,keep,Full text links a primary virus to a host factor or host pathway mechanism.,high,high,central,medium
pmid-27253379,27253379,PMC4890776,10.1371/journal.ppat.1005677,Human Galectin-9 Is a Potent Mediator of HIV Transcription and Reactivation.,pmc_xml,/Users/xingmeng/.openclaw/workspaces/staff-scientist-ideker/agenticWorkflow_LiteratureScreeningAndFullTextReview/runs/host_pathogen_shared_mechanisms_apms_20260826/passes/pass_002/artifacts/fulltext_import/PMC_XML/normalized/PMC4890776.json,keep,Full text links a primary virus to a host factor or host pathway mechanism.,high,high,central,medium
pmid-27149839,27149839,PMC4850421,10.1016/j.celrep.2016.03.074,Nuclear Envelope Protein SUN2 Promotes Cyclophilin-A-Dependent Steps of HIV Replication.,pmc_xml,/Users/xingmeng/.openclaw/workspaces/staff-scientist-ideker/agenticWorkflow_LiteratureScreeningAndFullTextReview/runs/host_pathogen_shared_mechanisms_apms_20260826/passes/pass_002/artifacts/fulltext_import/PMC_XML/normalized/PMC4850421.json,keep,Full text links a primary virus to a host factor or host pathway mechanism.,high,high,central,medium
pmid-26935098,26935098,PMC4776379,10.1186/s12977-016-0247-z,2-thio-6-azauridine inhibits Vpu mediated BST-2 degradation.,pmc_xml,/Users/xingmeng/.openclaw/workspaces/staff-scientist-ideker/agenticWorkflow_LiteratureScreeningAndFullTextReview/runs/host_pathogen_shared_mechanisms_apms_20260826/passes/pass_002/artifacts/fulltext_import/PMC_XML/normalized/PMC4776379.json,drop,"Full text is dominated by clinical, biomarker, drug-screen, protocol, or computational-prioritization content rather than host-pathogen mechanism evidence.",low,low,incidental,medium
pmid-26929078,26929078,PMC5026123,10.1002/wrna.1342,A structurally plastic ribonucleoprotein complex mediates post-transcriptional gene regulation in HIV-1.,pmc_xml,/Users/xingmeng/.openclaw/workspaces/staff-scientist-ideker/agenticWorkflow_LiteratureScreeningAndFullTextReview/runs/host_pathogen_shared_mechanisms_apms_20260826/passes/pass_002/artifacts/fulltext_import/PMC_XML/normalized/PMC5026123.json,keep,Full text links a primary virus to a host factor or host pathway mechanism.,high,high,central,medium
pmid-26784321,26784321,PMC4718513,10.1371/journal.pone.0147278,C-Terminal Auto-Regulatory Motif of Hepatitis C Virus NS5B Interacts with Human VAPB-MSP to Form a Dynamic Replication Complex.,pmc_xml,/Users/xingmeng/.openclaw/workspaces/staff-scientist-ideker/agenticWorkflow_LiteratureScreeningAndFullTextReview/runs/host_pathogen_shared_mechanisms_apms_20260826/passes/pass_002/artifacts/fulltext_import/PMC_XML/normalized/PMC4718513.json,keep,Full text links a primary virus to a host factor or host pathway mechanism.,high,high,central,medium
pmid-26758180,26758180,PMC4725006,10.1128/mBio.01862-15,Analysis of the Protein Kinase A-Regulated Proteome of Cryptococcus neoformans Identifies a Role for the Ubiquitin-Proteasome Pathway in Capsule Formation.,pmc_xml,/Users/xingmeng/.openclaw/workspaces/staff-scientist-ideker/agenticWorkflow_LiteratureScreeningAndFullTextReview/runs/host_pathogen_shared_mechanisms_apms_20260826/passes/pass_002/artifacts/fulltext_import/PMC_XML/normalized/PMC4725006.json,keep,"Full text contains useful host-pathogen assay or pathway evidence, but the primary-virus mechanism is less central than in direct papers.",medium,medium,supporting,medium
pmid-26735137,26735137,PMC4703206,10.1371/journal.ppat.1005357,Characterization of RyDEN (C19orf66) as an Interferon-Stimulated Cellular Inhibitor against Dengue Virus Replication.,pmc_xml,/Users/xingmeng/.openclaw/workspaces/staff-scientist-ideker/agenticWorkflow_LiteratureScreeningAndFullTextReview/runs/host_pathogen_shared_mechanisms_apms_20260826/passes/pass_002/artifacts/fulltext_import/PMC_XML/normalized/PMC4703206.json,keep,"Full text centers a primary virus and provides assay-supported host interaction, host factor, or pathway mechanism evidence.",high,high,central,high
pmid-26733158,26733158,PMC4939630,10.1515/hsz-2015-0260,Functional organization of human SAMHD1 and mechanisms of HIV-1 restriction.,pmc_xml,/Users/xingmeng/.openclaw/workspaces/staff-scientist-ideker/agenticWorkflow_LiteratureScreeningAndFullTextReview/runs/host_pathogen_shared_mechanisms_apms_20260826/passes/pass_002/artifacts/fulltext_import/PMC_XML/normalized/PMC4939630.json,keep,"Full text centers a primary virus and provides assay-supported host interaction, host factor, or pathway mechanism evidence.",high,high,central,high
pmid-26468522,26468522,PMC4702541,10.1128/JVI.02496-15,TRIM5 Retroviral Restriction Activity Correlates with the Ability To Induce Innate Immune Signaling.,pmc_xml,/Users/xingmeng/.openclaw/workspaces/staff-scientist-ideker/agenticWorkflow_LiteratureScreeningAndFullTextReview/runs/host_pathogen_shared_mechanisms_apms_20260826/passes/pass_002/artifacts/fulltext_import/PMC_XML/normalized/PMC4702541.json,drop,"Full text is dominated by clinical, biomarker, drug-screen, protocol, or computational-prioritization content rather than host-pathogen mechanism evidence.",low,low,incidental,medium
pmid-26360636,26360636,PMC4738181,10.1002/prca.201400189,Investigation of the HIV-1 matrix interactome during virus replication.,pmc_xml,/Users/xingmeng/.openclaw/workspaces/staff-scientist-ideker/agenticWorkflow_LiteratureScreeningAndFullTextReview/runs/host_pathogen_shared_mechanisms_apms_20260826/passes/pass_002/artifacts/fulltext_import/PMC_XML/normalized/PMC4738181.json,keep,"Full text centers a primary virus and provides assay-supported host interaction, host factor, or pathway mechanism evidence.",high,high,central,high
pmid-26646010,26646010,PMC4676281,10.1128/mBio.01499-15,Kaposi's Sarcoma-Associated Herpesvirus Interleukin-6 Modulates Endothelial Cell Movement by Upregulating Cellular Genes Involved in Migration.,pmc_xml,/Users/xingmeng/.openclaw/workspaces/staff-scientist-ideker/agenticWorkflow_LiteratureScreeningAndFullTextReview/runs/host_pathogen_shared_mechanisms_apms_20260826/passes/pass_002/artifacts/fulltext_import/PMC_XML/normalized/PMC4676281.json,keep,Full text links a primary virus to a host factor or host pathway mechanism.,high,high,central,medium
pmid-26483545,26483545,PMC4705996,10.1074/jbc.M115.691576,Mechanistic and Kinetic Differences between Reverse Transcriptases of Vpx Coding and Non-coding Lentiviruses.,pmc_xml,/Users/xingmeng/.openclaw/workspaces/staff-scientist-ideker/agenticWorkflow_LiteratureScreeningAndFullTextReview/runs/host_pathogen_shared_mechanisms_apms_20260826/passes/pass_002/artifacts/fulltext_import/PMC_XML/normalized/PMC4705996.json,keep,"Full text has plausible host pathway or host-factor mechanism context for a primary virus, but evidence is not strongly assay-centered.",medium,medium,supporting,low
pmid-26406250,26406250,PMC4583462,10.1371/journal.ppat.1005185,Modulation of the Host Lipid Landscape to Promote RNA Virus Replication: The Picornavirus Encephalomyocarditis Virus Converges on the Pathway Used by Hepatitis C Virus.,pmc_xml,/Users/xingmeng/.openclaw/workspaces/staff-scientist-ideker/agenticWorkflow_LiteratureScreeningAndFullTextReview/runs/host_pathogen_shared_mechanisms_apms_20260826/passes/pass_002/artifacts/fulltext_import/PMC_XML/normalized/PMC4583462.json,keep,"Full text centers a primary virus and provides assay-supported host interaction, host factor, or pathway mechanism evidence.",high,high,central,high
pmid-26385832,26385832,PMC4685255,10.1016/j.jtbi.2015.08.032,A multi-scale mathematical modeling framework to investigate anti-viral therapeutic opportunities in targeting HIV-1 accessory proteins.,pmc_xml,/Users/xingmeng/.openclaw/workspaces/staff-scientist-ideker/agenticWorkflow_LiteratureScreeningAndFullTextReview/runs/host_pathogen_shared_mechanisms_apms_20260826/passes/pass_002/artifacts/fulltext_import/PMC_XML/normalized/PMC4685255.json,keep,Full text links a primary virus to a host factor or host pathway mechanism.,high,high,central,medium
pmid-26362536,26362536,PMC4566291,10.1186/s12985-015-0365-6,Proteomic analysis of HIV-1 Gag interacting partners using proximity-dependent biotinylation.,pmc_xml,/Users/xingmeng/.openclaw/workspaces/staff-scientist-ideker/agenticWorkflow_LiteratureScreeningAndFullTextReview/runs/host_pathogen_shared_mechanisms_apms_20260826/passes/pass_002/artifacts/fulltext_import/PMC_XML/normalized/PMC4566291.json,keep,"Full text centers a primary virus and provides assay-supported host interaction, host factor, or pathway mechanism evidence.",high,high,central,high
pmid-26323588,26323588,PMC4555030,10.1038/srep13344,PI4K-beta and MKNK1 are regulators of hepatitis C virus IRES-dependent translation.,pmc_xml,/Users/xingmeng/.openclaw/workspaces/staff-scientist-ideker/agenticWorkflow_LiteratureScreeningAndFullTextReview/runs/host_pathogen_shared_mechanisms_apms_20260826/passes/pass_002/artifacts/fulltext_import/PMC_XML/normalized/PMC4555030.json,keep,Full text links a primary virus to a host factor or host pathway mechanism.,high,high,central,medium
pmid-26314804,26314804,PMC4551966,10.1038/srep13324,Identification of the interaction of VP1 with GM130 which may implicate in the pathogenesis of CVB3-induced acute pancreatitis.,pmc_xml,/Users/xingmeng/.openclaw/workspaces/staff-scientist-ideker/agenticWorkflow_LiteratureScreeningAndFullTextReview/runs/host_pathogen_shared_mechanisms_apms_20260826/passes/pass_002/artifacts/fulltext_import/PMC_XML/normalized/PMC4551966.json,drop,"Full text is dominated by clinical, biomarker, drug-screen, protocol, or computational-prioritization content rather than host-pathogen mechanism evidence.",low,low,incidental,medium
pmid-26215564,26215564,PMC4517359,10.1186/s12977-015-0192-2,HIV-1 Vpu utilizes both cullin-RING ligase (CRL) dependent and independent mechanisms to downmodulate host proteins.,pmc_xml,/Users/xingmeng/.openclaw/workspaces/staff-scientist-ideker/agenticWorkflow_LiteratureScreeningAndFullTextReview/runs/host_pathogen_shared_mechanisms_apms_20260826/passes/pass_002/artifacts/fulltext_import/PMC_XML/normalized/PMC4517359.json,keep,Full text links a primary virus to a host factor or host pathway mechanism.,high,high,central,medium
pmid-26212323,26212323,PMC4836839,10.1016/j.celrep.2015.06.063,Quantitative Proteomics Identifies Serum Response Factor Binding Protein 1 as a Host Factor for Hepatitis C Virus Entry.,pmc_xml,/Users/xingmeng/.openclaw/workspaces/staff-scientist-ideker/agenticWorkflow_LiteratureScreeningAndFullTextReview/runs/host_pathogen_shared_mechanisms_apms_20260826/passes/pass_002/artifacts/fulltext_import/PMC_XML/normalized/PMC4836839.json,keep,"Full text centers a primary virus and provides assay-supported host interaction, host factor, or pathway mechanism evidence.",high,high,central,high
pmid-26181333,26181333,PMC4504712,10.1371/journal.ppat.1005050,Lv4 Is a Capsid-Specific Antiviral Activity in Human Blood Cells That Restricts Viruses of the SIVMAC/SIVSM/HIV-2 Lineage Prior to Integration.,pmc_xml,/Users/xingmeng/.openclaw/workspaces/staff-scientist-ideker/agenticWorkflow_LiteratureScreeningAndFullTextReview/runs/host_pathogen_shared_mechanisms_apms_20260826/passes/pass_002/artifacts/fulltext_import/PMC_XML/normalized/PMC4504712.json,keep,Full text links a primary virus to a host factor or host pathway mechanism.,high,high,central,medium
pmid-26172439,26172439,PMC4501562,10.1371/journal.ppat.1005024,Vpu Exploits the Cross-Talk between BST2 and the ILT7 Receptor to Suppress Anti-HIV-1 Responses by Plasmacytoid Dendritic Cells.,pmc_xml,/Users/xingmeng/.openclaw/workspaces/staff-scientist-ideker/agenticWorkflow_LiteratureScreeningAndFullTextReview/runs/host_pathogen_shared_mechanisms_apms_20260826/passes/pass_002/artifacts/fulltext_import/PMC_XML/normalized/PMC4501562.json,keep,Full text links a primary virus to a host factor or host pathway mechanism.,high,high,central,medium
pmid-26129669,26129669,PMC4487854,10.1186/s12977-015-0182-4,Nuclear matrix protein Matrin 3 is a regulator of ZAP-mediated retroviral restriction.,pmc_xml,/Users/xingmeng/.openclaw/workspaces/staff-scientist-ideker/agenticWorkflow_LiteratureScreeningAndFullTextReview/runs/host_pathogen_shared_mechanisms_apms_20260826/passes/pass_002/artifacts/fulltext_import/PMC_XML/normalized/PMC4487854.json,keep,"Full text contains useful host-pathogen assay or pathway evidence, but the primary-virus mechanism is less central than in direct papers.",medium,medium,supporting,medium
pmid-26101257,26101257,PMC4513882,10.1093/nar/gkv633,SAMHD1 is a single-stranded nucleic acid binding protein with no active site-associated nuclease activity.,pmc_xml,/Users/xingmeng/.openclaw/workspaces/staff-scientist-ideker/agenticWorkflow_LiteratureScreeningAndFullTextReview/runs/host_pathogen_shared_mechanisms_apms_20260826/passes/pass_002/artifacts/fulltext_import/PMC_XML/normalized/PMC4513882.json,keep,"Full text contains useful host-pathogen assay or pathway evidence, but the primary-virus mechanism is less central than in direct papers.",medium,medium,supporting,medium
pmid-26001115,26001115,PMC4441479,10.1371/journal.pgen.1005252,The Broad-Spectrum Antiviral Protein ZAP Restricts Human Retrotransposition.,pmc_xml,/Users/xingmeng/.openclaw/workspaces/staff-scientist-ideker/agenticWorkflow_LiteratureScreeningAndFullTextReview/runs/host_pathogen_shared_mechanisms_apms_20260826/passes/pass_002/artifacts/fulltext_import/PMC_XML/normalized/PMC4441479.json,keep,"Full text contains useful host-pathogen assay or pathway evidence, but the primary-virus mechanism is less central than in direct papers.",medium,medium,supporting,medium
pmid-25915421,25915421,PMC4411168,10.1371/journal.pone.0125563,Toll-Interacting Protein Suppresses HIV-1 Long-Terminal-Repeat-Driven Gene Expression and Silences the Post-Integrational Transcription of Viral Proviral DNA.,pmc_xml,/Users/xingmeng/.openclaw/workspaces/staff-scientist-ideker/agenticWorkflow_LiteratureScreeningAndFullTextReview/runs/host_pathogen_shared_mechanisms_apms_20260826/passes/pass_002/artifacts/fulltext_import/PMC_XML/normalized/PMC4411168.json,keep,Full text links a primary virus to a host factor or host pathway mechanism.,high,high,central,medium
pmid-25901786,25901786,PMC4423214,10.1038/ncomms7945,ASK1 restores the antiviral activity of APOBEC3G by disrupting HIV-1 Vif-mediated counteraction.,pmc_xml,/Users/xingmeng/.openclaw/workspaces/staff-scientist-ideker/agenticWorkflow_LiteratureScreeningAndFullTextReview/runs/host_pathogen_shared_mechanisms_apms_20260826/passes/pass_002/artifacts/fulltext_import/PMC_XML/normalized/PMC4423214.json,keep,Full text links a primary virus to a host factor or host pathway mechanism.,high,high,central,medium
pmid-25874870,25874870,PMC4395413,10.1371/journal.pone.0122994,Proteomic profiling of SupT1 cells reveal modulation of host proteins by HIV-1 Nef variants.,pmc_xml,/Users/xingmeng/.openclaw/workspaces/staff-scientist-ideker/agenticWorkflow_LiteratureScreeningAndFullTextReview/runs/host_pathogen_shared_mechanisms_apms_20260826/passes/pass_002/artifacts/fulltext_import/PMC_XML/normalized/PMC4395413.json,keep,"Full text centers a primary virus and provides assay-supported host interaction, host factor, or pathway mechanism evidence.",high,high,central,high
pmid-25811715,25811715,PMC4374698,10.1371/journal.pone.0121608,Host APOBEC3G protein inhibits HCV replication through direct binding at NS3.,pmc_xml,/Users/xingmeng/.openclaw/workspaces/staff-scientist-ideker/agenticWorkflow_LiteratureScreeningAndFullTextReview/runs/host_pathogen_shared_mechanisms_apms_20260826/passes/pass_002/artifacts/fulltext_import/PMC_XML/normalized/PMC4374698.json,keep,"Full text centers a primary virus and provides assay-supported host interaction, host factor, or pathway mechanism evidence.",high,high,central,high
pmid-25809198,25809198,PMC4357141,10.1186/s12977-014-0134-4,HIV-1 IN/Pol recruits LEDGF/p75 into viral particles.,pmc_xml,/Users/xingmeng/.openclaw/workspaces/staff-scientist-ideker/agenticWorkflow_LiteratureScreeningAndFullTextReview/runs/host_pathogen_shared_mechanisms_apms_20260826/passes/pass_002/artifacts/fulltext_import/PMC_XML/normalized/PMC4357141.json,keep,"Full text centers a primary virus and provides assay-supported host interaction, host factor, or pathway mechanism evidence.",high,high,central,high
pmid-25699517,25699517,PMC4336140,10.1371/journal.pone.0118313,Establishment of hepatitis C virus RNA-replicating cell lines possessing ribavirin-resistant phenotype.,pmc_xml,/Users/xingmeng/.openclaw/workspaces/staff-scientist-ideker/agenticWorkflow_LiteratureScreeningAndFullTextReview/runs/host_pathogen_shared_mechanisms_apms_20260826/passes/pass_002/artifacts/fulltext_import/PMC_XML/normalized/PMC4336140.json,keep,Full text links a primary virus to a host factor or host pathway mechanism.,high,high,central,medium
pmid-25582927,25582927,PMC4307230,10.1186/s12977-014-0131-7,HIV-2 infects resting CD4+ T cells but not monocyte-derived dendritic cells.,pmc_xml,/Users/xingmeng/.openclaw/workspaces/staff-scientist-ideker/agenticWorkflow_LiteratureScreeningAndFullTextReview/runs/host_pathogen_shared_mechanisms_apms_20260826/passes/pass_002/artifacts/fulltext_import/PMC_XML/normalized/PMC4307230.json,keep,Full text links a primary virus to a host factor or host pathway mechanism.,high,high,central,medium
pmid-25461596,25461596,PMC4251971,10.1371/journal.pone.0113660,Diffusion of information throughout the host interactome reveals gene expression variations in network proximity to target proteins of hepatitis C virus.,pmc_xml,/Users/xingmeng/.openclaw/workspaces/staff-scientist-ideker/agenticWorkflow_LiteratureScreeningAndFullTextReview/runs/host_pathogen_shared_mechanisms_apms_20260826/passes/pass_002/artifacts/fulltext_import/PMC_XML/normalized/PMC4251971.json,keep,"Full text centers a primary virus and provides assay-supported host interaction, host factor, or pathway mechanism evidence.",high,high,central,high
pmid-25310711,25310711,PMC4195675,10.1371/journal.pone.0109640,Suppressor of cytokine signaling 1 counteracts rhesus macaque TRIM5α-induced inhibition of human immunodeficiency virus type-1 production.,pmc_xml,/Users/xingmeng/.openclaw/workspaces/staff-scientist-ideker/agenticWorkflow_LiteratureScreeningAndFullTextReview/runs/host_pathogen_shared_mechanisms_apms_20260826/passes/pass_002/artifacts/fulltext_import/PMC_XML/normalized/PMC4195675.json,keep,Full text links a primary virus to a host factor or host pathway mechanism.,high,high,central,medium
pmid-25275557,25275557,PMC4183579,10.1371/journal.pone.0109220,Role of microRNA modulation in the interferon-α/ribavirin suppression of HIV-1 in vivo.,pmc_xml,/Users/xingmeng/.openclaw/workspaces/staff-scientist-ideker/agenticWorkflow_LiteratureScreeningAndFullTextReview/runs/host_pathogen_shared_mechanisms_apms_20260826/passes/pass_002/artifacts/fulltext_import/PMC_XML/normalized/PMC4183579.json,keep,"Full text centers a primary virus and provides assay-supported host interaction, host factor, or pathway mechanism evidence.",high,high,central,high
pmid-25123063,25123063,PMC4145229,10.1186/s12977-014-0068-x,MxB binds to the HIV-1 core and prevents the uncoating process of HIV-1.,pmc_xml,/Users/xingmeng/.openclaw/workspaces/staff-scientist-ideker/agenticWorkflow_LiteratureScreeningAndFullTextReview/runs/host_pathogen_shared_mechanisms_apms_20260826/passes/pass_002/artifacts/fulltext_import/PMC_XML/normalized/PMC4145229.json,keep,Full text links a primary virus to a host factor or host pathway mechanism.,high,high,central,medium
pmid-25106478,25106478,PMC4147158,10.1186/1471-2164-15-668,A systems biology approach identified different regulatory networks targeted by KSHV miR-K12-11 in B cells and endothelial cells.,pmc_xml,/Users/xingmeng/.openclaw/workspaces/staff-scientist-ideker/agenticWorkflow_LiteratureScreeningAndFullTextReview/runs/host_pathogen_shared_mechanisms_apms_20260826/passes/pass_002/artifacts/fulltext_import/PMC_XML/normalized/PMC4147158.json,keep,"Full text centers a primary virus and provides assay-supported host interaction, host factor, or pathway mechanism evidence.",high,high,central,high
pmid-25038827,25038827,PMC4318684,10.1038/nm.3626,The ribonuclease activity of SAMHD1 is required for HIV-1 restriction.,pmc_xml,/Users/xingmeng/.openclaw/workspaces/staff-scientist-ideker/agenticWorkflow_LiteratureScreeningAndFullTextReview/runs/host_pathogen_shared_mechanisms_apms_20260826/passes/pass_002/artifacts/fulltext_import/PMC_XML/normalized/PMC4318684.json,keep,Full text links a primary virus to a host factor or host pathway mechanism.,high,high,central,medium
pmid-25008545,25008545,PMC4091094,10.1038/srep04549,Stearoyl-CoA desaturase inhibition blocks formation of hepatitis C virus-induced specialized membranes.,pmc_xml,/Users/xingmeng/.openclaw/workspaces/staff-scientist-ideker/agenticWorkflow_LiteratureScreeningAndFullTextReview/runs/host_pathogen_shared_mechanisms_apms_20260826/passes/pass_002/artifacts/fulltext_import/PMC_XML/normalized/PMC4091094.json,keep,Full text links a primary virus to a host factor or host pathway mechanism.,high,high,central,medium
pmid-24985203,24985203,PMC4227133,10.1186/1742-4690-11-50,A Cyclin T1 point mutation that abolishes positive transcription elongation factor (P-TEFb) binding to Hexim1 and HIV tat.,pmc_xml,/Users/xingmeng/.openclaw/workspaces/staff-scientist-ideker/agenticWorkflow_LiteratureScreeningAndFullTextReview/runs/host_pathogen_shared_mechanisms_apms_20260826/passes/pass_002/artifacts/fulltext_import/PMC_XML/normalized/PMC4227133.json,keep,Full text links a primary virus to a host factor or host pathway mechanism.,high,high,central,medium
pmid-24852294,24852294,PMC4095987,10.1371/journal.ppat.1004163,Integrative functional genomics of hepatitis C virus infection identifies host dependencies in complete viral replication cycle.,pmc_xml,/Users/xingmeng/.openclaw/workspaces/staff-scientist-ideker/agenticWorkflow_LiteratureScreeningAndFullTextReview/runs/host_pathogen_shared_mechanisms_apms_20260826/passes/pass_002/artifacts/fulltext_import/PMC_XML/normalized/PMC4095987.json,keep,"Full text centers a primary virus and provides assay-supported host interaction, host factor, or pathway mechanism evidence.",high,high,central,high
pmid-24843023,24843023,PMC4018625,10.7554/eLife.02362,Structural basis of HIV-1 Vpu-mediated BST2 antagonism via hijacking of the clathrin adaptor protein complex 1.,pmc_xml,/Users/xingmeng/.openclaw/workspaces/staff-scientist-ideker/agenticWorkflow_LiteratureScreeningAndFullTextReview/runs/host_pathogen_shared_mechanisms_apms_20260826/passes/pass_002/artifacts/fulltext_import/PMC_XML/normalized/PMC4018625.json,keep,"Full text centers a primary virus and provides assay-supported host interaction, host factor, or pathway mechanism evidence.",high,high,central,high
pmid-24822052,24822052,PMC4013480,10.3389/fmicb.2014.00177,Mechanisms underlying HIV-1 Vpu-mediated viral egress.,pmc_xml,/Users/xingmeng/.openclaw/workspaces/staff-scientist-ideker/agenticWorkflow_LiteratureScreeningAndFullTextReview/runs/host_pathogen_shared_mechanisms_apms_20260826/passes/pass_002/artifacts/fulltext_import/PMC_XML/normalized/PMC4013480.json,keep,Full text links a primary virus to a host factor or host pathway mechanism.,high,high,central,medium
pmid-24722756,24722756,PMC3983060,10.1371/journal.ppat.1004039,Binding of glutathione to enterovirus capsids is essential for virion morphogenesis.,pmc_xml,/Users/xingmeng/.openclaw/workspaces/staff-scientist-ideker/agenticWorkflow_LiteratureScreeningAndFullTextReview/runs/host_pathogen_shared_mechanisms_apms_20260826/passes/pass_002/artifacts/fulltext_import/PMC_XML/normalized/PMC3983060.json,keep,"Full text contains useful host-pathogen assay or pathway evidence, but the primary-virus mechanism is less central than in direct papers.",medium,medium,supporting,medium
pmid-24696344,24696344,PMC4075997,10.1007/978-1-4939-0348-1_18,Functional genomics approach for the identification of human host factors supporting dengue viral propagation.,pmc_xml,/Users/xingmeng/.openclaw/workspaces/staff-scientist-ideker/agenticWorkflow_LiteratureScreeningAndFullTextReview/runs/host_pathogen_shared_mechanisms_apms_20260826/passes/pass_002/artifacts/fulltext_import/PMC_XML/normalized/PMC4075997.json,keep,"Full text centers a primary virus and provides assay-supported host interaction, host factor, or pathway mechanism evidence.",high,high,central,high
pmid-24693865,24693865,PMC4021598,10.1186/1742-4690-11-27,Interferon-induced HERC5 is evolving under positive selection and inhibits HIV-1 particle production by a novel mechanism targeting Rev/RRE-dependent RNA nuclear export.,pmc_xml,/Users/xingmeng/.openclaw/workspaces/staff-scientist-ideker/agenticWorkflow_LiteratureScreeningAndFullTextReview/runs/host_pathogen_shared_mechanisms_apms_20260826/passes/pass_002/artifacts/fulltext_import/PMC_XML/normalized/PMC4021598.json,keep,Full text links a primary virus to a host factor or host pathway mechanism.,high,high,central,medium
pmid-24663101,24663101,PMC3963944,10.1371/journal.pone.0092724,Gene expression analysis of a panel of cell lines that differentially restrict HIV-1 CA mutants infection in a cyclophilin a-dependent manner.,pmc_xml,/Users/xingmeng/.openclaw/workspaces/staff-scientist-ideker/agenticWorkflow_LiteratureScreeningAndFullTextReview/runs/host_pathogen_shared_mechanisms_apms_20260826/passes/pass_002/artifacts/fulltext_import/PMC_XML/normalized/PMC3963944.json,keep,Full text links a primary virus to a host factor or host pathway mechanism.,high,high,central,medium
pmid-24520823,24520823,PMC4016256,10.1186/1742-4690-11-18,Human protein Staufen-2 promotes HIV-1 proliferation by positively regulating RNA export activity of viral protein Rev.,pmc_xml,/Users/xingmeng/.openclaw/workspaces/staff-scientist-ideker/agenticWorkflow_LiteratureScreeningAndFullTextReview/runs/host_pathogen_shared_mechanisms_apms_20260826/passes/pass_002/artifacts/fulltext_import/PMC_XML/normalized/PMC4016256.json,keep,"Full text centers a primary virus and provides assay-supported host interaction, host factor, or pathway mechanism evidence.",high,high,central,high
pmid-24506064,24506064,PMC4119003,10.1021/bi4014962,Recognition of the HIV capsid by the TRIM5α restriction factor is mediated by a subset of pre-existing conformations of the TRIM5α SPRY domain.,pmc_xml,/Users/xingmeng/.openclaw/workspaces/staff-scientist-ideker/agenticWorkflow_LiteratureScreeningAndFullTextReview/runs/host_pathogen_shared_mechanisms_apms_20260826/passes/pass_002/artifacts/fulltext_import/PMC_XML/normalized/PMC4119003.json,keep,Full text links a primary virus to a host factor or host pathway mechanism.,high,high,central,medium
pmid-24479545,24479545,PMC3916700,10.1186/1742-4690-11-11,Cyclophilin A promotes HIV-1 reverse transcription but its effect on transduction correlates best with its effect on nuclear entry of viral cDNA.,pmc_xml,/Users/xingmeng/.openclaw/workspaces/staff-scientist-ideker/agenticWorkflow_LiteratureScreeningAndFullTextReview/runs/host_pathogen_shared_mechanisms_apms_20260826/passes/pass_002/artifacts/fulltext_import/PMC_XML/normalized/PMC3916700.json,keep,Full text links a primary virus to a host factor or host pathway mechanism.,high,high,central,medium
pmid-24410916,24410916,PMC3895926,10.1186/1742-4690-11-3,Novel restriction factor RNA-associated early-stage anti-viral factor (REAF) inhibits human and simian immunodeficiency viruses.,pmc_xml,/Users/xingmeng/.openclaw/workspaces/staff-scientist-ideker/agenticWorkflow_LiteratureScreeningAndFullTextReview/runs/host_pathogen_shared_mechanisms_apms_20260826/passes/pass_002/artifacts/fulltext_import/PMC_XML/normalized/PMC3895926.json,drop,"Full text is dominated by clinical, biomarker, drug-screen, protocol, or computational-prioritization content rather than host-pathogen mechanism evidence.",low,low,incidental,medium
pmid-24380762,24380762,PMC3963499,10.1016/j.jmb.2013.12.023,Modulation of an ectodomain motif in the influenza A virus neuraminidase alters tetherin sensitivity and results in virus attenuation in vivo.,pmc_xml,/Users/xingmeng/.openclaw/workspaces/staff-scientist-ideker/agenticWorkflow_LiteratureScreeningAndFullTextReview/runs/host_pathogen_shared_mechanisms_apms_20260826/passes/pass_002/artifacts/fulltext_import/PMC_XML/normalized/PMC3963499.json,drop,"Full text is dominated by clinical, biomarker, drug-screen, protocol, or computational-prioritization content rather than host-pathogen mechanism evidence.",low,low,incidental,medium
pmid-24336198,24336198,PMC3886899,10.1038/nature12815,Structural basis of lentiviral subversion of a cellular protein degradation pathway.,pmc_xml,/Users/xingmeng/.openclaw/workspaces/staff-scientist-ideker/agenticWorkflow_LiteratureScreeningAndFullTextReview/runs/host_pathogen_shared_mechanisms_apms_20260826/passes/pass_002/artifacts/fulltext_import/PMC_XML/normalized/PMC3886899.json,keep,"Full text has plausible host pathway or host-factor mechanism context for a primary virus, but evidence is not strongly assay-centered.",medium,medium,supporting,low
pmid-24158820,24158820,PMC4151329,10.1007/978-1-62703-670-2_12,HIV-1 accessory proteins: Vpu and Vif.,pmc_xml,/Users/xingmeng/.openclaw/workspaces/staff-scientist-ideker/agenticWorkflow_LiteratureScreeningAndFullTextReview/runs/host_pathogen_shared_mechanisms_apms_20260826/passes/pass_002/artifacts/fulltext_import/PMC_XML/normalized/PMC4151329.json,keep,Full text links a primary virus to a host factor or host pathway mechanism.,high,high,central,medium
pmid-24158812,24158812,PMC4084958,10.1007/978-1-62703-670-2_4,The cyclosporin A washout assay to detect HIV-1 uncoating in infected cells.,pmc_xml,/Users/xingmeng/.openclaw/workspaces/staff-scientist-ideker/agenticWorkflow_LiteratureScreeningAndFullTextReview/runs/host_pathogen_shared_mechanisms_apms_20260826/passes/pass_002/artifacts/fulltext_import/PMC_XML/normalized/PMC4084958.json,keep,Full text links a primary virus to a host factor or host pathway mechanism.,high,high,central,medium
pmid-24158810,24158810,PMC4506781,10.1007/978-1-62703-670-2_2,"CryoEM analysis of capsid assembly and structural changes upon interactions with a host restriction factor, TRIM5α.",pmc_xml,/Users/xingmeng/.openclaw/workspaces/staff-scientist-ideker/agenticWorkflow_LiteratureScreeningAndFullTextReview/runs/host_pathogen_shared_mechanisms_apms_20260826/passes/pass_002/artifacts/fulltext_import/PMC_XML/normalized/PMC4506781.json,keep,"Full text has plausible host pathway or host-factor mechanism context for a primary virus, but evidence is not strongly assay-centered.",medium,medium,supporting,low
pmid-24564909,24564909,PMC4029569,10.1186/1752-0509-7-S5-S2,Dynamic protein interaction modules in human hepatocellular carcinoma progression.,pmc_xml,/Users/xingmeng/.openclaw/workspaces/staff-scientist-ideker/agenticWorkflow_LiteratureScreeningAndFullTextReview/runs/host_pathogen_shared_mechanisms_apms_20260826/passes/pass_002/artifacts/fulltext_import/PMC_XML/normalized/PMC4029569.json,keep,"Full text contains useful host-pathogen assay or pathway evidence, but the primary-virus mechanism is less central than in direct papers.",medium,medium,supporting,medium
pmid-24523981,24523981,PMC3918895,10.1155/2013/728392,Cellular and Biochemical Mechanisms of the Retroviral Restriction Factor SAMHD1.,pmc_xml,/Users/xingmeng/.openclaw/workspaces/staff-scientist-ideker/agenticWorkflow_LiteratureScreeningAndFullTextReview/runs/host_pathogen_shared_mechanisms_apms_20260826/passes/pass_002/artifacts/fulltext_import/PMC_XML/normalized/PMC3918895.json,keep,"Full text contains useful host-pathogen assay or pathway evidence, but the primary-virus mechanism is less central than in direct papers.",medium,medium,supporting,medium
pmid-24367265,24367265,PMC3868536,10.1371/journal.ppat.1003835,Genome-wide RNAi screen identifies novel host proteins required for alphavirus entry.,pmc_xml,/Users/xingmeng/.openclaw/workspaces/staff-scientist-ideker/agenticWorkflow_LiteratureScreeningAndFullTextReview/runs/host_pathogen_shared_mechanisms_apms_20260826/passes/pass_002/artifacts/fulltext_import/PMC_XML/normalized/PMC3868536.json,keep,"Full text contains useful host-pathogen assay or pathway evidence, but the primary-virus mechanism is less central than in direct papers.",medium,medium,supporting,medium
pmid-24227937,24227937,PMC3823949,10.4196/kjpp.2013.17.5.375,Cyclophilin A as a New Therapeutic Target for Hepatitis C Virus-induced Hepatocellular Carcinoma.,pmc_xml,/Users/xingmeng/.openclaw/workspaces/staff-scientist-ideker/agenticWorkflow_LiteratureScreeningAndFullTextReview/runs/host_pathogen_shared_mechanisms_apms_20260826/passes/pass_002/artifacts/fulltext_import/PMC_XML/normalized/PMC3823949.json,keep,"Full text centers a primary virus and provides assay-supported host interaction, host factor, or pathway mechanism evidence.",high,high,central,high
pmid-24136289,24136289,PMC4171131,10.1039/c3mb70343f,Identification and comparative analysis of hepatitis C virus-host cell protein interactions.,pmc_xml,/Users/xingmeng/.openclaw/workspaces/staff-scientist-ideker/agenticWorkflow_LiteratureScreeningAndFullTextReview/runs/host_pathogen_shared_mechanisms_apms_20260826/passes/pass_002/artifacts/fulltext_import/PMC_XML/normalized/PMC4171131.json,keep,"Full text centers a primary virus and provides assay-supported host interaction, host factor, or pathway mechanism evidence.",high,high,central,high
pmid-24130490,24130490,PMC3795039,10.1371/journal.ppat.1003693,Nucleoporin NUP153 phenylalanine-glycine motifs engage a common binding pocket within the HIV-1 capsid protein to mediate lentiviral infectivity.,pmc_xml,/Users/xingmeng/.openclaw/workspaces/staff-scientist-ideker/agenticWorkflow_LiteratureScreeningAndFullTextReview/runs/host_pathogen_shared_mechanisms_apms_20260826/passes/pass_002/artifacts/fulltext_import/PMC_XML/normalized/PMC3795039.json,keep,Full text links a primary virus to a host factor or host pathway mechanism.,high,high,central,medium
pmid-24086611,24086611,PMC3782430,10.1371/journal.pone.0075680,Expression of HIV-1 Vpu leads to loss of the viral restriction factor CD317/Tetherin from lipid rafts and its enhanced lysosomal degradation.,pmc_xml,/Users/xingmeng/.openclaw/workspaces/staff-scientist-ideker/agenticWorkflow_LiteratureScreeningAndFullTextReview/runs/host_pathogen_shared_mechanisms_apms_20260826/passes/pass_002/artifacts/fulltext_import/PMC_XML/normalized/PMC3782430.json,keep,"Full text centers a primary virus and provides assay-supported host interaction, host factor, or pathway mechanism evidence.",high,high,central,high
pmid-23972988,23972988,PMC4807655,10.1016/j.celrep.2013.07.037,Mouse SAMHD1 has antiretroviral activity and suppresses a spontaneous cell-intrinsic antiviral response.,pmc_xml,/Users/xingmeng/.openclaw/workspaces/staff-scientist-ideker/agenticWorkflow_LiteratureScreeningAndFullTextReview/runs/host_pathogen_shared_mechanisms_apms_20260826/passes/pass_002/artifacts/fulltext_import/PMC_XML/normalized/PMC4807655.json,drop,"Full text is dominated by clinical, biomarker, drug-screen, protocol, or computational-prioritization content rather than host-pathogen mechanism evidence.",low,low,incidental,medium
pmid-23935497,23935497,PMC3731246,10.1371/journal.ppat.1003513,Rab18 binds to hepatitis C virus NS5A and promotes interaction between sites of viral replication and lipid droplets.,pmc_xml,/Users/xingmeng/.openclaw/workspaces/staff-scientist-ideker/agenticWorkflow_LiteratureScreeningAndFullTextReview/runs/host_pathogen_shared_mechanisms_apms_20260826/passes/pass_002/artifacts/fulltext_import/PMC_XML/normalized/PMC3731246.json,keep,"Full text centers a primary virus and provides assay-supported host interaction, host factor, or pathway mechanism evidence.",high,high,central,high
pmid-23886867,23886867,PMC4116666,10.1016/j.jmb.2013.07.025,Rhesus monkey TRIM5α SPRY domain recognizes multiple epitopes that span several capsid monomers on the surface of the HIV-1 mature viral core.,pmc_xml,/Users/xingmeng/.openclaw/workspaces/staff-scientist-ideker/agenticWorkflow_LiteratureScreeningAndFullTextReview/runs/host_pathogen_shared_mechanisms_apms_20260826/passes/pass_002/artifacts/fulltext_import/PMC_XML/normalized/PMC4116666.json,keep,Full text links a primary virus to a host factor or host pathway mechanism.,high,high,central,medium
pmid-23861745,23861745,PMC3701577,10.1371/journal.pone.0066581,Characterization of DNA binding property of the HIV-1 host factor and tumor suppressor protein Integrase Interactor 1 (INI1/hSNF5).,pmc_xml,/Users/xingmeng/.openclaw/workspaces/staff-scientist-ideker/agenticWorkflow_LiteratureScreeningAndFullTextReview/runs/host_pathogen_shared_mechanisms_apms_20260826/passes/pass_002/artifacts/fulltext_import/PMC_XML/normalized/PMC3701577.json,keep,"Full text centers a primary virus and provides assay-supported host interaction, host factor, or pathway mechanism evidence.",high,high,central,high
pmid-23825958,23825958,PMC3694861,10.1371/journal.ppat.1003481,Host factor SAMHD1 restricts DNA viruses in non-dividing myeloid cells.,pmc_xml,/Users/xingmeng/.openclaw/workspaces/staff-scientist-ideker/agenticWorkflow_LiteratureScreeningAndFullTextReview/runs/host_pathogen_shared_mechanisms_apms_20260826/passes/pass_002/artifacts/fulltext_import/PMC_XML/normalized/PMC3694861.json,drop,"Full text is dominated by clinical, biomarker, drug-screen, protocol, or computational-prioritization content rather than host-pathogen mechanism evidence.",low,low,incidental,medium
pmid-23799881,23799881,PMC3708822,10.1186/1742-4690-10-66,"INI1/hSNF5-interaction defective HIV-1 IN mutants exhibit impaired particle morphology, reverse transcription and integration in vivo.",pmc_xml,/Users/xingmeng/.openclaw/workspaces/staff-scientist-ideker/agenticWorkflow_LiteratureScreeningAndFullTextReview/runs/host_pathogen_shared_mechanisms_apms_20260826/passes/pass_002/artifacts/fulltext_import/PMC_XML/normalized/PMC3708822.json,keep,"Full text centers a primary virus and provides assay-supported host interaction, host factor, or pathway mechanism evidence.",high,high,central,high
pmid-23749060,23749060,PMC3753637,10.1093/nar/gkt512,Mapping the LINE1 ORF1 protein interactome reveals associated inhibitors of human retrotransposition.,pmc_xml,/Users/xingmeng/.openclaw/workspaces/staff-scientist-ideker/agenticWorkflow_LiteratureScreeningAndFullTextReview/runs/host_pathogen_shared_mechanisms_apms_20260826/passes/pass_002/artifacts/fulltext_import/PMC_XML/normalized/PMC3753637.json,keep,"Full text contains useful host-pathogen assay or pathway evidence, but the primary-virus mechanism is less central than in direct papers.",medium,medium,supporting,medium
pmid-23741527,23741527,PMC3669275,10.1371/journal.pone.0066156,Identification of a human protein-derived HIV-1 fusion inhibitor targeting the gp41 fusion core structure.,pmc_xml,/Users/xingmeng/.openclaw/workspaces/staff-scientist-ideker/agenticWorkflow_LiteratureScreeningAndFullTextReview/runs/host_pathogen_shared_mechanisms_apms_20260826/passes/pass_002/artifacts/fulltext_import/PMC_XML/normalized/PMC3669275.json,keep,Full text links a primary virus to a host factor or host pathway mechanism.,high,high,central,medium
pmid-23717565,23717565,PMC3662766,10.1371/journal.pone.0064196,Retroviral restriction factor APOBEC3G delays the initiation of DNA synthesis by HIV-1 reverse transcriptase.,pmc_xml,/Users/xingmeng/.openclaw/workspaces/staff-scientist-ideker/agenticWorkflow_LiteratureScreeningAndFullTextReview/runs/host_pathogen_shared_mechanisms_apms_20260826/passes/pass_002/artifacts/fulltext_import/PMC_XML/normalized/PMC3662766.json,keep,"Full text centers a primary virus and provides assay-supported host interaction, host factor, or pathway mechanism evidence.",high,high,central,high
pmid-23708292,23708292,PMC3676727,10.1038/nm.3190,Hepatitis C virus infection activates an innate pathway involving IKK-α in lipogenesis and viral assembly.,pmc_xml,/Users/xingmeng/.openclaw/workspaces/staff-scientist-ideker/agenticWorkflow_LiteratureScreeningAndFullTextReview/runs/host_pathogen_shared_mechanisms_apms_20260826/passes/pass_002/artifacts/fulltext_import/PMC_XML/normalized/PMC3676727.json,keep,Full text links a primary virus to a host factor or host pathway mechanism.,high,high,central,medium
pmid-23696811,23696811,PMC3655974,10.1371/journal.pone.0063300,"A ""candidate-interactome"" aggregate analysis of genome-wide association data in multiple sclerosis.",pmc_xml,/Users/xingmeng/.openclaw/workspaces/staff-scientist-ideker/agenticWorkflow_LiteratureScreeningAndFullTextReview/runs/host_pathogen_shared_mechanisms_apms_20260826/passes/pass_002/artifacts/fulltext_import/PMC_XML/normalized/PMC3655974.json,keep,"Full text contains useful host-pathogen assay or pathway evidence, but the primary-virus mechanism is less central than in direct papers.",medium,medium,supporting,medium
pmid-23516533,23516533,PMC3597726,10.1371/journal.pone.0058675,N-substituted benzyl matrinic acid derivatives inhibit hepatitis C virus (HCV) replication through down-regulating host heat-stress cognate 70 (Hsc70) expression.,pmc_xml,/Users/xingmeng/.openclaw/workspaces/staff-scientist-ideker/agenticWorkflow_LiteratureScreeningAndFullTextReview/runs/host_pathogen_shared_mechanisms_apms_20260826/passes/pass_002/artifacts/fulltext_import/PMC_XML/normalized/PMC3597726.json,keep,Full text links a primary virus to a host factor or host pathway mechanism.,high,high,central,medium
pmid-23497283,23497283,PMC3599662,10.1186/1742-4690-10-27,The efficiency of Vpx-mediated SAMHD1 antagonism does not correlate with the potency of viral control in HIV-2-infected individuals.,pmc_xml,/Users/xingmeng/.openclaw/workspaces/staff-scientist-ideker/agenticWorkflow_LiteratureScreeningAndFullTextReview/runs/host_pathogen_shared_mechanisms_apms_20260826/passes/pass_002/artifacts/fulltext_import/PMC_XML/normalized/PMC3599662.json,keep,Full text links a primary virus to a host factor or host pathway mechanism.,high,high,central,medium
pmid-23460728,23460728,PMC3600911,10.1084/jem.20120572,IL-27 inhibits HIV-1 infection in human macrophages by down-regulating host factor SPTBN1 during monocyte to macrophage differentiation.,pmc_xml,/Users/xingmeng/.openclaw/workspaces/staff-scientist-ideker/agenticWorkflow_LiteratureScreeningAndFullTextReview/runs/host_pathogen_shared_mechanisms_apms_20260826/passes/pass_002/artifacts/fulltext_import/PMC_XML/normalized/PMC3600911.json,keep,"Full text centers a primary virus and provides assay-supported host interaction, host factor, or pathway mechanism evidence.",high,high,central,high
pmid-23432411,23432411,PMC4065613,10.1021/pr300918r,The conserved set of host proteins incorporated into HIV-1 virions suggests a common egress pathway in multiple cell types.,pmc_xml,/Users/xingmeng/.openclaw/workspaces/staff-scientist-ideker/agenticWorkflow_LiteratureScreeningAndFullTextReview/runs/host_pathogen_shared_mechanisms_apms_20260826/passes/pass_002/artifacts/fulltext_import/PMC_XML/normalized/PMC4065613.json,keep,"Full text centers a primary virus and provides assay-supported host interaction, host factor, or pathway mechanism evidence.",high,high,central,high
pmid-23326450,23326450,PMC3543448,10.1371/journal.pone.0053535,"Identification of new protein interactions between dengue fever virus and its hosts, human and mosquito.",pmc_xml,/Users/xingmeng/.openclaw/workspaces/staff-scientist-ideker/agenticWorkflow_LiteratureScreeningAndFullTextReview/runs/host_pathogen_shared_mechanisms_apms_20260826/passes/pass_002/artifacts/fulltext_import/PMC_XML/normalized/PMC3543448.json,keep,"Full text centers a primary virus and provides assay-supported host interaction, host factor, or pathway mechanism evidence.",high,high,central,high
pmid-23316055,23316055,PMC3585047,10.1074/jbc.M112.421875,HIV-1 viral infectivity factor (Vif) alters processive single-stranded DNA scanning of the retroviral restriction factor APOBEC3G.,pmc_xml,/Users/xingmeng/.openclaw/workspaces/staff-scientist-ideker/agenticWorkflow_LiteratureScreeningAndFullTextReview/runs/host_pathogen_shared_mechanisms_apms_20260826/passes/pass_002/artifacts/fulltext_import/PMC_XML/normalized/PMC3585047.json,keep,"Full text centers a primary virus and provides assay-supported host interaction, host factor, or pathway mechanism evidence.",high,high,central,high
pmid-23311681,23311681,PMC3561259,10.1186/1742-4690-10-6,TLR-4 engagement of dendritic cells confers a BST-2/tetherin-mediated restriction of HIV-1 infection to CD4+ T cells across the virological synapse.,pmc_xml,/Users/xingmeng/.openclaw/workspaces/staff-scientist-ideker/agenticWorkflow_LiteratureScreeningAndFullTextReview/runs/host_pathogen_shared_mechanisms_apms_20260826/passes/pass_002/artifacts/fulltext_import/PMC_XML/normalized/PMC3561259.json,keep,Full text links a primary virus to a host factor or host pathway mechanism.,high,high,central,medium
pmid-23260109,23260109,PMC3804251,10.1016/j.virol.2012.11.010,Intracellular nucleotide levels and the control of retroviral infections.,pmc_xml,/Users/xingmeng/.openclaw/workspaces/staff-scientist-ideker/agenticWorkflow_LiteratureScreeningAndFullTextReview/runs/host_pathogen_shared_mechanisms_apms_20260826/passes/pass_002/artifacts/fulltext_import/PMC_XML/normalized/PMC3804251.json,drop,"Full text is dominated by clinical, biomarker, drug-screen, protocol, or computational-prioritization content rather than host-pathogen mechanism evidence.",low,low,incidental,medium
pmid-23231760,23231760,PMC3527137,10.1186/1742-4690-9-105,"SAMHD1 restricts HIV-1 infection in dendritic cells (DCs) by dNTP depletion, but its expression in DCs and primary CD4+ T-lymphocytes cannot be upregulated by interferons.",pmc_xml,/Users/xingmeng/.openclaw/workspaces/staff-scientist-ideker/agenticWorkflow_LiteratureScreeningAndFullTextReview/runs/host_pathogen_shared_mechanisms_apms_20260826/passes/pass_002/artifacts/fulltext_import/PMC_XML/normalized/PMC3527137.json,keep,Full text links a primary virus to a host factor or host pathway mechanism.,high,high,central,medium
pmid-23092512,23092512,PMC3503569,10.1186/1742-4690-9-86,Identification and characterization of naturally occurring splice variants of SAMHD1.,pmc_xml,/Users/xingmeng/.openclaw/workspaces/staff-scientist-ideker/agenticWorkflow_LiteratureScreeningAndFullTextReview/runs/host_pathogen_shared_mechanisms_apms_20260826/passes/pass_002/artifacts/fulltext_import/PMC_XML/normalized/PMC3503569.json,keep,"Full text contains useful host-pathogen assay or pathway evidence, but the primary-virus mechanism is less central than in direct papers.",medium,medium,supporting,medium
pmid-23092163,23092163,PMC3492151,10.1186/1742-4690-9-88,SAMHD1: a new contributor to HIV-1 restriction in resting CD4+ T-cells.,pmc_xml,/Users/xingmeng/.openclaw/workspaces/staff-scientist-ideker/agenticWorkflow_LiteratureScreeningAndFullTextReview/runs/host_pathogen_shared_mechanisms_apms_20260826/passes/pass_002/artifacts/fulltext_import/PMC_XML/normalized/PMC3492151.json,keep,Full text links a primary virus to a host factor or host pathway mechanism.,high,high,central,medium
pmid-23042676,23042676,PMC3526291,10.1093/nar/gks913,HRP2 determines the efficiency and specificity of HIV-1 integration in LEDGF/p75 knockout cells but does not contribute to the antiviral activity of a potent LEDGF/p75-binding site integrase inhibitor.,pmc_xml,/Users/xingmeng/.openclaw/workspaces/staff-scientist-ideker/agenticWorkflow_LiteratureScreeningAndFullTextReview/runs/host_pathogen_shared_mechanisms_apms_20260826/passes/pass_002/artifacts/fulltext_import/PMC_XML/normalized/PMC3526291.json,keep,Full text links a primary virus to a host factor or host pathway mechanism.,high,high,central,medium
pmid-22988032,22988032,PMC3466370,10.4049/jimmunol.1201431,Kruppel-like factor 2 modulates CCR5 expression and susceptibility to HIV-1 infection.,pmc_xml,/Users/xingmeng/.openclaw/workspaces/staff-scientist-ideker/agenticWorkflow_LiteratureScreeningAndFullTextReview/runs/host_pathogen_shared_mechanisms_apms_20260826/passes/pass_002/artifacts/fulltext_import/PMC_XML/normalized/PMC3466370.json,keep,Full text links a primary virus to a host factor or host pathway mechanism.,high,high,central,medium
pmid-22908011,22908011,PMC3415948,10.3389/fmicb.2012.00297,SAMHD1-Dependent and -Independent Functions of HIV-2/SIV Vpx Protein.,pmc_xml,/Users/xingmeng/.openclaw/workspaces/staff-scientist-ideker/agenticWorkflow_LiteratureScreeningAndFullTextReview/runs/host_pathogen_shared_mechanisms_apms_20260826/passes/pass_002/artifacts/fulltext_import/PMC_XML/normalized/PMC3415948.json,keep,Full text links a primary virus to a host factor or host pathway mechanism.,high,high,central,medium
pmid-22904091,22904091,PMC3505963,10.1093/nar/gks733,Unbiased proteomic analysis of proteins interacting with the HIV-1 5'LTR sequence: role of the transcription factor Meis.,pmc_xml,/Users/xingmeng/.openclaw/workspaces/staff-scientist-ideker/agenticWorkflow_LiteratureScreeningAndFullTextReview/runs/host_pathogen_shared_mechanisms_apms_20260826/passes/pass_002/artifacts/fulltext_import/PMC_XML/normalized/PMC3505963.json,keep,"Full text centers a primary virus and provides assay-supported host interaction, host factor, or pathway mechanism evidence.",high,high,central,high
pmid-22875803,22875803,PMC3436993,10.4049/jimmunol.1103129,Host factor transcriptional regulation contributes to preferential expression of HIV type 1 in IL-4-producing CD4 T cells.,pmc_xml,/Users/xingmeng/.openclaw/workspaces/staff-scientist-ideker/agenticWorkflow_LiteratureScreeningAndFullTextReview/runs/host_pathogen_shared_mechanisms_apms_20260826/passes/pass_002/artifacts/fulltext_import/PMC_XML/normalized/PMC3436993.json,keep,Full text links a primary virus to a host factor or host pathway mechanism.,high,high,central,medium
pmid-22734835,22734835,PMC3414838,10.1186/1742-4690-9-55,The function and evolution of the restriction factor Viperin in primates was not driven by lentiviruses.,pmc_xml,/Users/xingmeng/.openclaw/workspaces/staff-scientist-ideker/agenticWorkflow_LiteratureScreeningAndFullTextReview/runs/host_pathogen_shared_mechanisms_apms_20260826/passes/pass_002/artifacts/fulltext_import/PMC_XML/normalized/PMC3414838.json,drop,"Full text is dominated by clinical, biomarker, drug-screen, protocol, or computational-prioritization content rather than host-pathogen mechanism evidence.",low,low,incidental,medium
pmid-22720057,22720057,PMC3376128,10.1371/journal.pone.0039159,Zinc-finger antiviral protein inhibits XMRV infection.,pmc_xml,/Users/xingmeng/.openclaw/workspaces/staff-scientist-ideker/agenticWorkflow_LiteratureScreeningAndFullTextReview/runs/host_pathogen_shared_mechanisms_apms_20260826/passes/pass_002/artifacts/fulltext_import/PMC_XML/normalized/PMC3376128.json,drop,"Full text is dominated by clinical, biomarker, drug-screen, protocol, or computational-prioritization content rather than host-pathogen mechanism evidence.",low,low,incidental,medium
pmid-22574228,22574228,PMC3345027,10.1371/journal.pone.0037477,Co-evolution of primate SAMHD1 and lentivirus Vpx leads to the loss of the vpx gene in HIV-1 ancestor.,pmc_xml,/Users/xingmeng/.openclaw/workspaces/staff-scientist-ideker/agenticWorkflow_LiteratureScreeningAndFullTextReview/runs/host_pathogen_shared_mechanisms_apms_20260826/passes/pass_002/artifacts/fulltext_import/PMC_XML/normalized/PMC3345027.json,keep,Full text links a primary virus to a host factor or host pathway mechanism.,high,high,central,medium
pmid-22539940,22539940,PMC3335119,10.1371/journal.pone.0032289,A novel biclustering approach to association rule mining for predicting HIV-1-human protein interactions.,pmc_xml,/Users/xingmeng/.openclaw/workspaces/staff-scientist-ideker/agenticWorkflow_LiteratureScreeningAndFullTextReview/runs/host_pathogen_shared_mechanisms_apms_20260826/passes/pass_002/artifacts/fulltext_import/PMC_XML/normalized/PMC3335119.json,keep,"Full text centers a primary virus and provides assay-supported host interaction, host factor, or pathway mechanism evidence.",high,high,central,high
pmid-22479575,22479575,PMC3313983,10.1371/journal.pone.0034240,Associations between HIV and human pathways revealed by protein-protein interactions and correlated gene expression profiles.,pmc_xml,/Users/xingmeng/.openclaw/workspaces/staff-scientist-ideker/agenticWorkflow_LiteratureScreeningAndFullTextReview/runs/host_pathogen_shared_mechanisms_apms_20260826/passes/pass_002/artifacts/fulltext_import/PMC_XML/normalized/PMC3313983.json,keep,"Full text centers a primary virus and provides assay-supported host interaction, host factor, or pathway mechanism evidence.",high,high,central,high
pmid-22371486,22371486,PMC3394946,10.1074/mcp.M111.014738,Viruses and interactomes in translation.,pmc_xml,/Users/xingmeng/.openclaw/workspaces/staff-scientist-ideker/agenticWorkflow_LiteratureScreeningAndFullTextReview/runs/host_pathogen_shared_mechanisms_apms_20260826/passes/pass_002/artifacts/fulltext_import/PMC_XML/normalized/PMC3394946.json,keep,"Full text contains useful host-pathogen assay or pathway evidence, but the primary-virus mechanism is less central than in direct papers.",medium,medium,supporting,medium
pmid-22369580,22369580,PMC3302947,10.1021/bi201738a,Hydrodynamic and functional analysis of HIV-1 Vif oligomerization.,pmc_xml,/Users/xingmeng/.openclaw/workspaces/staff-scientist-ideker/agenticWorkflow_LiteratureScreeningAndFullTextReview/runs/host_pathogen_shared_mechanisms_apms_20260826/passes/pass_002/artifacts/fulltext_import/PMC_XML/normalized/PMC3302947.json,keep,"Full text centers a primary virus and provides assay-supported host interaction, host factor, or pathway mechanism evidence.",high,high,central,high
pmid-22362772,22362772,PMC3321004,10.1074/jbc.M112.340711,HIV/simian immunodeficiency virus (SIV) accessory virulence factor Vpx loads the host cell restriction factor SAMHD1 onto the E3 ubiquitin ligase complex CRL4DCAF1.,pmc_xml,/Users/xingmeng/.openclaw/workspaces/staff-scientist-ideker/agenticWorkflow_LiteratureScreeningAndFullTextReview/runs/host_pathogen_shared_mechanisms_apms_20260826/passes/pass_002/artifacts/fulltext_import/PMC_XML/normalized/PMC3321004.json,keep,"Full text centers a primary virus and provides assay-supported host interaction, host factor, or pathway mechanism evidence.",high,high,central,high
pmid-22346743,22346743,PMC3276540,10.1371/journal.pcbi.1002371,Multi-scale modeling of HIV infection in vitro and APOBEC3G-based anti-retroviral therapy.,pmc_xml,/Users/xingmeng/.openclaw/workspaces/staff-scientist-ideker/agenticWorkflow_LiteratureScreeningAndFullTextReview/runs/host_pathogen_shared_mechanisms_apms_20260826/passes/pass_002/artifacts/fulltext_import/PMC_XML/normalized/PMC3276540.json,keep,Full text links a primary virus to a host factor or host pathway mechanism.,high,high,central,medium
pmid-22241994,22241994,PMC3252376,10.1371/journal.ppat.1002468,Human subtilase SKI-1/S1P is a master regulator of the HCV Lifecycle and a potential host cell target for developing indirect-acting antiviral agents.,pmc_xml,/Users/xingmeng/.openclaw/workspaces/staff-scientist-ideker/agenticWorkflow_LiteratureScreeningAndFullTextReview/runs/host_pathogen_shared_mechanisms_apms_20260826/passes/pass_002/artifacts/fulltext_import/PMC_XML/normalized/PMC3252376.json,keep,Full text links a primary virus to a host factor or host pathway mechanism.,high,high,central,medium
pmid-22194693,22194693,PMC3240612,10.1371/journal.ppat.1002456,Quantitative multicolor super-resolution microscopy reveals tetherin HIV-1 interaction.,pmc_xml,/Users/xingmeng/.openclaw/workspaces/staff-scientist-ideker/agenticWorkflow_LiteratureScreeningAndFullTextReview/runs/host_pathogen_shared_mechanisms_apms_20260826/passes/pass_002/artifacts/fulltext_import/PMC_XML/normalized/PMC3240612.json,keep,Full text links a primary virus to a host factor or host pathway mechanism.,high,high,central,medium
pmid-22180752,22180752,PMC3235769,10.3389/fmicb.2011.00250,Structural Basis for the Antiviral Activity of BST-2/Tetherin and Its Viral Antagonism.,pmc_xml,/Users/xingmeng/.openclaw/workspaces/staff-scientist-ideker/agenticWorkflow_LiteratureScreeningAndFullTextReview/runs/host_pathogen_shared_mechanisms_apms_20260826/passes/pass_002/artifacts/fulltext_import/PMC_XML/normalized/PMC3235769.json,drop,"Full text is dominated by clinical, biomarker, drug-screen, protocol, or computational-prioritization content rather than host-pathogen mechanism evidence.",low,low,incidental,medium
pmid-22152111,22152111,PMC3268770,10.1186/1743-422X-8-531,Downregulation of APOBEC3G by xenotropic murine leukemia-virus related virus (XMRV) in prostate cancer cells.,pmc_xml,/Users/xingmeng/.openclaw/workspaces/staff-scientist-ideker/agenticWorkflow_LiteratureScreeningAndFullTextReview/runs/host_pathogen_shared_mechanisms_apms_20260826/passes/pass_002/artifacts/fulltext_import/PMC_XML/normalized/PMC3268770.json,keep,"Full text contains useful host-pathogen assay or pathway evidence, but the primary-virus mechanism is less central than in direct papers.",medium,medium,supporting,medium
pmid-22110710,22110710,PMC3215742,10.1371/journal.pone.0027660,The HIV-1 Vpu viroporin inhibitor BIT225 does not affect Vpu-mediated tetherin antagonism.,pmc_xml,/Users/xingmeng/.openclaw/workspaces/staff-scientist-ideker/agenticWorkflow_LiteratureScreeningAndFullTextReview/runs/host_pathogen_shared_mechanisms_apms_20260826/passes/pass_002/artifacts/fulltext_import/PMC_XML/normalized/PMC3215742.json,keep,Full text links a primary virus to a host factor or host pathway mechanism.,high,high,central,medium
pmid-22093708,22093708,PMC3228677,10.1186/1742-4690-8-95,Human HERC5 restricts an early stage of HIV-1 assembly by a mechanism correlating with the ISGylation of Gag.,pmc_xml,/Users/xingmeng/.openclaw/workspaces/staff-scientist-ideker/agenticWorkflow_LiteratureScreeningAndFullTextReview/runs/host_pathogen_shared_mechanisms_apms_20260826/passes/pass_002/artifacts/fulltext_import/PMC_XML/normalized/PMC3228677.json,keep,"Full text centers a primary virus and provides assay-supported host interaction, host factor, or pathway mechanism evidence.",high,high,central,high
pmid-22072966,22072966,PMC3207927,10.1371/journal.ppat.1002347,Rab7A is required for efficient production of infectious HIV-1.,pmc_xml,/Users/xingmeng/.openclaw/workspaces/staff-scientist-ideker/agenticWorkflow_LiteratureScreeningAndFullTextReview/runs/host_pathogen_shared_mechanisms_apms_20260826/passes/pass_002/artifacts/fulltext_import/PMC_XML/normalized/PMC3207927.json,keep,Full text links a primary virus to a host factor or host pathway mechanism.,high,high,central,medium
pmid-22069525,22069525,PMC3205391,10.3390/v3101986,Cellular restriction factors of feline immunodeficiency virus.,pmc_xml,/Users/xingmeng/.openclaw/workspaces/staff-scientist-ideker/agenticWorkflow_LiteratureScreeningAndFullTextReview/runs/host_pathogen_shared_mechanisms_apms_20260826/passes/pass_002/artifacts/fulltext_import/PMC_XML/normalized/PMC3205391.json,keep,"Full text has plausible host pathway or host-factor mechanism context for a primary virus, but evidence is not strongly assay-centered.",medium,medium,supporting,low
pmid-22045669,22045669,PMC3207276,10.1002/hep.24542,The antiviral protein viperin inhibits hepatitis C virus replication via interaction with nonstructural protein 5A.,pmc_xml,/Users/xingmeng/.openclaw/workspaces/staff-scientist-ideker/agenticWorkflow_LiteratureScreeningAndFullTextReview/runs/host_pathogen_shared_mechanisms_apms_20260826/passes/pass_002/artifacts/fulltext_import/PMC_XML/normalized/PMC3207276.json,keep,Full text links a primary virus to a host factor or host pathway mechanism.,high,high,central,medium
pmid-21931866,21931866,PMC3172305,10.1371/journal.pone.0024887,Analysis of VEGF--a regulated gene expression in endothelial cells to identify genes linked to angiogenesis.,pmc_xml,/Users/xingmeng/.openclaw/workspaces/staff-scientist-ideker/agenticWorkflow_LiteratureScreeningAndFullTextReview/runs/host_pathogen_shared_mechanisms_apms_20260826/passes/pass_002/artifacts/fulltext_import/PMC_XML/normalized/PMC3172305.json,keep,"Full text contains useful host-pathogen assay or pathway evidence, but the primary-virus mechanism is less central than in direct papers.",medium,medium,supporting,medium
pmid-21866272,21866272,PMC3159411,10.3390/v3071204,TRIM5 acts as more than a retroviral restriction factor.,pmc_xml,/Users/xingmeng/.openclaw/workspaces/staff-scientist-ideker/agenticWorkflow_LiteratureScreeningAndFullTextReview/runs/host_pathogen_shared_mechanisms_apms_20260826/passes/pass_002/artifacts/fulltext_import/PMC_XML/normalized/PMC3159411.json,keep,"Full text has plausible host pathway or host-factor mechanism context for a primary virus, but evidence is not strongly assay-centered.",medium,medium,supporting,low
pmid-21858059,21858059,PMC3156123,10.1371/journal.pone.0023293,HIV protein sequence hotspots for crosstalk with host hub proteins.,pmc_xml,/Users/xingmeng/.openclaw/workspaces/staff-scientist-ideker/agenticWorkflow_LiteratureScreeningAndFullTextReview/runs/host_pathogen_shared_mechanisms_apms_20260826/passes/pass_002/artifacts/fulltext_import/PMC_XML/normalized/PMC3156123.json,keep,"Full text centers a primary virus and provides assay-supported host interaction, host factor, or pathway mechanism evidence.",high,high,central,high
pmid-21738584,21738584,PMC3125164,10.1371/journal.pone.0020735,Sequence- and interactome-based prediction of viral protein hotspots targeting host proteins: a case study for HIV Nef.,pmc_xml,/Users/xingmeng/.openclaw/workspaces/staff-scientist-ideker/agenticWorkflow_LiteratureScreeningAndFullTextReview/runs/host_pathogen_shared_mechanisms_apms_20260826/passes/pass_002/artifacts/fulltext_import/PMC_XML/normalized/PMC3125164.json,keep,"Full text centers a primary virus and provides assay-supported host interaction, host factor, or pathway mechanism evidence.",high,high,central,high
pmid-21715020,21715020,PMC4261133,10.1016/j.vetimm.2011.06.020,The role of BST2/tetherin in feline retrovirus infection.,pmc_xml,/Users/xingmeng/.openclaw/workspaces/staff-scientist-ideker/agenticWorkflow_LiteratureScreeningAndFullTextReview/runs/host_pathogen_shared_mechanisms_apms_20260826/passes/pass_002/artifacts/fulltext_import/PMC_XML/normalized/PMC4261133.json,drop,"Full text is dominated by clinical, biomarker, drug-screen, protocol, or computational-prioritization content rather than host-pathogen mechanism evidence.",low,low,incidental,medium
pmid-21610122,21610122,PMC3101777,10.1128/mBio.00036-11,HIV-1 Vpu blocks recycling and biosynthetic transport of the intrinsic immunity factor CD317/tetherin to overcome the virion release restriction.,pmc_xml,/Users/xingmeng/.openclaw/workspaces/staff-scientist-ideker/agenticWorkflow_LiteratureScreeningAndFullTextReview/runs/host_pathogen_shared_mechanisms_apms_20260826/passes/pass_002/artifacts/fulltext_import/PMC_XML/normalized/PMC3101777.json,keep,Full text links a primary virus to a host factor or host pathway mechanism.,high,high,central,medium
pmid-21512573,21512573,PMC3081621,10.1038/nature09976,TRIM5 is an innate immune sensor for the retrovirus capsid lattice.,pmc_xml,/Users/xingmeng/.openclaw/workspaces/staff-scientist-ideker/agenticWorkflow_LiteratureScreeningAndFullTextReview/runs/host_pathogen_shared_mechanisms_apms_20260826/passes/pass_002/artifacts/fulltext_import/PMC_XML/normalized/PMC3081621.json,keep,"Full text contains useful host-pathogen assay or pathway evidence, but the primary-virus mechanism is less central than in direct papers.",medium,medium,supporting,medium
pmid-21504576,21504576,PMC3108291,10.1186/1742-4690-8-26,Tetherin does not significantly restrict dendritic cell-mediated HIV-1 transmission and its expression is upregulated by newly synthesized HIV-1 Nef.,pmc_xml,/Users/xingmeng/.openclaw/workspaces/staff-scientist-ideker/agenticWorkflow_LiteratureScreeningAndFullTextReview/runs/host_pathogen_shared_mechanisms_apms_20260826/passes/pass_002/artifacts/fulltext_import/PMC_XML/normalized/PMC3108291.json,keep,Full text links a primary virus to a host factor or host pathway mechanism.,high,high,central,medium
pmid-21310048,21310048,PMC3049139,10.1186/1742-4690-8-9,β-TrCP is dispensable for Vpu's ability to overcome the CD317/Tetherin-imposed restriction to HIV-1 release.,pmc_xml,/Users/xingmeng/.openclaw/workspaces/staff-scientist-ideker/agenticWorkflow_LiteratureScreeningAndFullTextReview/runs/host_pathogen_shared_mechanisms_apms_20260826/passes/pass_002/artifacts/fulltext_import/PMC_XML/normalized/PMC3049139.json,keep,"Full text centers a primary virus and provides assay-supported host interaction, host factor, or pathway mechanism evidence.",high,high,central,high
pmid-21304933,21304933,PMC3033365,10.1371/journal.ppat.1001265,The ESCRT-0 component HRS is required for HIV-1 Vpu-mediated BST-2/tetherin down-regulation.,pmc_xml,/Users/xingmeng/.openclaw/workspaces/staff-scientist-ideker/agenticWorkflow_LiteratureScreeningAndFullTextReview/runs/host_pathogen_shared_mechanisms_apms_20260826/passes/pass_002/artifacts/fulltext_import/PMC_XML/normalized/PMC3033365.json,keep,Full text links a primary virus to a host factor or host pathway mechanism.,high,high,central,medium
pmid-21281507,21281507,PMC3037883,10.1186/1471-2334-11-34,Dengue-2 structural proteins associate with human proteins to produce a coagulation and innate immune response biased interactome.,pmc_xml,/Users/xingmeng/.openclaw/workspaces/staff-scientist-ideker/agenticWorkflow_LiteratureScreeningAndFullTextReview/runs/host_pathogen_shared_mechanisms_apms_20260826/passes/pass_002/artifacts/fulltext_import/PMC_XML/normalized/PMC3037883.json,keep,"Full text centers a primary virus and provides assay-supported host interaction, host factor, or pathway mechanism evidence.",high,high,central,high
pmid-21255393,21255393,PMC3037315,10.1186/1752-0509-5-13,When the human viral infectome and diseasome networks collide: towards a systems biology platform for the aetiology of human diseases.,pmc_xml,/Users/xingmeng/.openclaw/workspaces/staff-scientist-ideker/agenticWorkflow_LiteratureScreeningAndFullTextReview/runs/host_pathogen_shared_mechanisms_apms_20260826/passes/pass_002/artifacts/fulltext_import/PMC_XML/normalized/PMC3037315.json,keep,"Full text contains useful host-pathogen assay or pathway evidence, but the primary-virus mechanism is less central than in direct papers.",medium,medium,supporting,medium
pmid-21237475,21237475,PMC3086044,10.1016/j.virol.2010.12.038,BST-2 is rapidly down-regulated from the cell surface by the HIV-1 protein Vpu: evidence for a post-ER mechanism of Vpu-action.,pmc_xml,/Users/xingmeng/.openclaw/workspaces/staff-scientist-ideker/agenticWorkflow_LiteratureScreeningAndFullTextReview/runs/host_pathogen_shared_mechanisms_apms_20260826/passes/pass_002/artifacts/fulltext_import/PMC_XML/normalized/PMC3086044.json,keep,Full text links a primary virus to a host factor or host pathway mechanism.,high,high,central,medium
pmid-21123176,21123176,PMC3030345,10.1074/jbc.M110.195685,Atomic force microscopy studies provide direct evidence for dimerization of the HIV restriction factor APOBEC3G.,pmc_xml,/Users/xingmeng/.openclaw/workspaces/staff-scientist-ideker/agenticWorkflow_LiteratureScreeningAndFullTextReview/runs/host_pathogen_shared_mechanisms_apms_20260826/passes/pass_002/artifacts/fulltext_import/PMC_XML/normalized/PMC3030345.json,keep,Full text links a primary virus to a host factor or host pathway mechanism.,high,high,central,medium
pmid-21107268,21107268,PMC3386792,10.1097/QAI.0b013e318204982b,Screening low-frequency SNPS from genome-wide association study reveals a new risk allele for progression to AIDS.,pmc_xml,/Users/xingmeng/.openclaw/workspaces/staff-scientist-ideker/agenticWorkflow_LiteratureScreeningAndFullTextReview/runs/host_pathogen_shared_mechanisms_apms_20260826/passes/pass_002/artifacts/fulltext_import/PMC_XML/normalized/PMC3386792.json,drop,"Full text is dominated by clinical, biomarker, drug-screen, protocol, or computational-prioritization content rather than host-pathogen mechanism evidence.",low,low,incidental,medium
pmid-20708689,20708689,PMC3076283,10.1016/j.ymeth.2010.08.007,Purification and characterization of HIV-human protein complexes.,pmc_xml,/Users/xingmeng/.openclaw/workspaces/staff-scientist-ideker/agenticWorkflow_LiteratureScreeningAndFullTextReview/runs/host_pathogen_shared_mechanisms_apms_20260826/passes/pass_002/artifacts/fulltext_import/PMC_XML/normalized/PMC3076283.json,keep,"Full text centers a primary virus and provides assay-supported host interaction, host factor, or pathway mechanism evidence.",high,high,central,high
pmid-21994685,21994685,PMC3185717,10.3390/v2071382,Targeting microRNA-122 to Treat Hepatitis C Virus Infection.,pmc_xml,/Users/xingmeng/.openclaw/workspaces/staff-scientist-ideker/agenticWorkflow_LiteratureScreeningAndFullTextReview/runs/host_pathogen_shared_mechanisms_apms_20260826/passes/pass_002/artifacts/fulltext_import/PMC_XML/normalized/PMC3185717.json,keep,Full text links a primary virus to a host factor or host pathway mechanism.,high,high,central,medium
pmid-20935628,20935628,PMC3431199,10.1038/nm.2238,Efficient hepatitis C virus particle formation requires diacylglycerol acyltransferase-1.,pmc_xml,/Users/xingmeng/.openclaw/workspaces/staff-scientist-ideker/agenticWorkflow_LiteratureScreeningAndFullTextReview/runs/host_pathogen_shared_mechanisms_apms_20260826/passes/pass_002/artifacts/fulltext_import/PMC_XML/normalized/PMC3431199.json,keep,"Full text centers a primary virus and provides assay-supported host interaction, host factor, or pathway mechanism evidence.",high,high,central,high
pmid-20880565,20880565,PMC4104719,10.1016/j.virol.2010.08.031,Membrane raft association of the Vpu protein of human immunodeficiency virus type 1 correlates with enhanced virus release.,pmc_xml,/Users/xingmeng/.openclaw/workspaces/staff-scientist-ideker/agenticWorkflow_LiteratureScreeningAndFullTextReview/runs/host_pathogen_shared_mechanisms_apms_20260826/passes/pass_002/artifacts/fulltext_import/PMC_XML/normalized/PMC4104719.json,keep,Full text links a primary virus to a host factor or host pathway mechanism.,high,high,central,medium
pmid-20865167,20865167,PMC2928791,10.1371/journal.ppat.1001066,"Direct interaction between two viral proteins, the nonstructural protein 2C and the capsid protein VP3, is required for enterovirus morphogenesis.",pmc_xml,/Users/xingmeng/.openclaw/workspaces/staff-scientist-ideker/agenticWorkflow_LiteratureScreeningAndFullTextReview/runs/host_pathogen_shared_mechanisms_apms_20260826/passes/pass_002/artifacts/fulltext_import/PMC_XML/normalized/PMC2928791.json,keep,"Full text contains useful host-pathogen assay or pathway evidence, but the primary-virus mechanism is less central than in direct papers.",medium,medium,supporting,medium
pmid-20858517,20858517,PMC2967615,10.1016/j.mam.2010.08.002,HIV-1 Vpu targets cell surface markers CD4 and BST-2 through distinct mechanisms.,pmc_xml,/Users/xingmeng/.openclaw/workspaces/staff-scientist-ideker/agenticWorkflow_LiteratureScreeningAndFullTextReview/runs/host_pathogen_shared_mechanisms_apms_20260826/passes/pass_002/artifacts/fulltext_import/PMC_XML/normalized/PMC2967615.json,keep,"Full text centers a primary virus and provides assay-supported host interaction, host factor, or pathway mechanism evidence.",high,high,central,high
pmid-20689591,20689591,PMC2912774,10.1371/journal.pone.0011904,Molecular evolution of the primate antiviral restriction factor tetherin.,pmc_xml,/Users/xingmeng/.openclaw/workspaces/staff-scientist-ideker/agenticWorkflow_LiteratureScreeningAndFullTextReview/runs/host_pathogen_shared_mechanisms_apms_20260826/passes/pass_002/artifacts/fulltext_import/PMC_XML/normalized/PMC2912774.json,keep,"Full text has plausible host pathway or host-factor mechanism context for a primary virus, but evidence is not strongly assay-centered.",medium,medium,supporting,low
pmid-20683944,20683944,PMC3427885,10.1002/hep.23733,"Transcriptome sequencing, microarray, and proteomic analyses reveal cellular and metabolic impact of hepatitis C virus infection in vitro.",pmc_xml,/Users/xingmeng/.openclaw/workspaces/staff-scientist-ideker/agenticWorkflow_LiteratureScreeningAndFullTextReview/runs/host_pathogen_shared_mechanisms_apms_20260826/passes/pass_002/artifacts/fulltext_import/PMC_XML/normalized/PMC3427885.json,keep,"Full text centers a primary virus and provides assay-supported host interaction, host factor, or pathway mechanism evidence.",high,high,central,high
pmid-20614012,20614012,PMC2894085,10.1371/journal.pone.0011371,HIV-1 replication through hHR23A-mediated interaction of Vpr with 26S proteasome.,pmc_xml,/Users/xingmeng/.openclaw/workspaces/staff-scientist-ideker/agenticWorkflow_LiteratureScreeningAndFullTextReview/runs/host_pathogen_shared_mechanisms_apms_20260826/passes/pass_002/artifacts/fulltext_import/PMC_XML/normalized/PMC2894085.json,keep,Full text links a primary virus to a host factor or host pathway mechanism.,high,high,central,medium
pmid-20585562,20585562,PMC2887479,10.1371/journal.ppat.1000955,Tetherin restricts productive HIV-1 cell-to-cell transmission.,pmc_xml,/Users/xingmeng/.openclaw/workspaces/staff-scientist-ideker/agenticWorkflow_LiteratureScreeningAndFullTextReview/runs/host_pathogen_shared_mechanisms_apms_20260826/passes/pass_002/artifacts/fulltext_import/PMC_XML/normalized/PMC2887479.json,keep,Full text links a primary virus to a host factor or host pathway mechanism.,high,high,central,medium
pmid-20529266,20529266,PMC2890665,10.1186/1742-4690-7-51,HIV-1 Vpu and HIV-2 Env counteract BST-2/tetherin by sequestration in a perinuclear compartment.,pmc_xml,/Users/xingmeng/.openclaw/workspaces/staff-scientist-ideker/agenticWorkflow_LiteratureScreeningAndFullTextReview/runs/host_pathogen_shared_mechanisms_apms_20260826/passes/pass_002/artifacts/fulltext_import/PMC_XML/normalized/PMC2890665.json,keep,Full text links a primary virus to a host factor or host pathway mechanism.,high,high,central,medium
pmid-20459747,20459747,PMC2887380,10.1186/1742-4690-7-41,Live cell visualization of the interactions between HIV-1 Gag and the cellular RNA-binding protein Staufen1.,pmc_xml,/Users/xingmeng/.openclaw/workspaces/staff-scientist-ideker/agenticWorkflow_LiteratureScreeningAndFullTextReview/runs/host_pathogen_shared_mechanisms_apms_20260826/passes/pass_002/artifacts/fulltext_import/PMC_XML/normalized/PMC2887380.json,keep,"Full text centers a primary virus and provides assay-supported host interaction, host factor, or pathway mechanism evidence.",high,high,central,high
pmid-20386718,20386718,PMC2851737,10.1371/journal.ppat.1000856,Antagonism of tetherin restriction of HIV-1 release by Vpu involves binding and sequestration of the restriction factor in a perinuclear compartment.,pmc_xml,/Users/xingmeng/.openclaw/workspaces/staff-scientist-ideker/agenticWorkflow_LiteratureScreeningAndFullTextReview/runs/host_pathogen_shared_mechanisms_apms_20260826/passes/pass_002/artifacts/fulltext_import/PMC_XML/normalized/PMC2851737.json,keep,Full text links a primary virus to a host factor or host pathway mechanism.,high,high,central,medium
pmid-20201792,20201792,PMC4290667,10.2174/157016210791111124,The Vpu protein: new concepts in virus release and CD4 down-modulation.,pmc_xml,/Users/xingmeng/.openclaw/workspaces/staff-scientist-ideker/agenticWorkflow_LiteratureScreeningAndFullTextReview/runs/host_pathogen_shared_mechanisms_apms_20260826/passes/pass_002/artifacts/fulltext_import/PMC_XML/normalized/PMC4290667.json,drop,"Full text is dominated by clinical, biomarker, drug-screen, protocol, or computational-prioritization content rather than host-pathogen mechanism evidence.",low,low,incidental,medium
pmid-20126395,20126395,PMC2814849,10.1371/journal.pone.0009005,CAML does not modulate tetherin-mediated restriction of HIV-1 particle release.,pmc_xml,/Users/xingmeng/.openclaw/workspaces/staff-scientist-ideker/agenticWorkflow_LiteratureScreeningAndFullTextReview/runs/host_pathogen_shared_mechanisms_apms_20260826/passes/pass_002/artifacts/fulltext_import/PMC_XML/normalized/PMC2814849.json,keep,"Full text centers a primary virus and provides assay-supported host interaction, host factor, or pathway mechanism evidence.",high,high,central,high
pmid-20078884,20078884,PMC2823648,10.1186/1742-4690-7-1,"Vpu serine 52 dependent counteraction of tetherin is required for HIV-1 replication in macrophages, but not in ex vivo human lymphoid tissue.",pmc_xml,/Users/xingmeng/.openclaw/workspaces/staff-scientist-ideker/agenticWorkflow_LiteratureScreeningAndFullTextReview/runs/host_pathogen_shared_mechanisms_apms_20260826/passes/pass_002/artifacts/fulltext_import/PMC_XML/normalized/PMC2823648.json,keep,Full text links a primary virus to a host factor or host pathway mechanism.,high,high,central,medium
pmid-20015971,20015971,PMC2847223,10.1093/nar/gkp1154,Definition of the interacting interfaces of Apobec3G and HIV-1 Vif using MAPPIT mutagenesis analysis.,pmc_xml,/Users/xingmeng/.openclaw/workspaces/staff-scientist-ideker/agenticWorkflow_LiteratureScreeningAndFullTextReview/runs/host_pathogen_shared_mechanisms_apms_20260826/passes/pass_002/artifacts/fulltext_import/PMC_XML/normalized/PMC2847223.json,keep,Full text links a primary virus to a host factor or host pathway mechanism.,high,high,central,medium
pmid-20007598,20007598,PMC2836548,10.1093/nar/gkp1075,RNA helicase A modulates translation of HIV-1 and infectivity of progeny virions.,pmc_xml,/Users/xingmeng/.openclaw/workspaces/staff-scientist-ideker/agenticWorkflow_LiteratureScreeningAndFullTextReview/runs/host_pathogen_shared_mechanisms_apms_20260826/passes/pass_002/artifacts/fulltext_import/PMC_XML/normalized/PMC2836548.json,keep,Full text links a primary virus to a host factor or host pathway mechanism.,high,high,central,medium
pmid-19793905,19793905,PMC2885062,10.1099/vir.0.015909-0,Requirement of cellular DDX3 for hepatitis C virus replication is unrelated to its interaction with the viral core protein.,pmc_xml,/Users/xingmeng/.openclaw/workspaces/staff-scientist-ideker/agenticWorkflow_LiteratureScreeningAndFullTextReview/runs/host_pathogen_shared_mechanisms_apms_20260826/passes/pass_002/artifacts/fulltext_import/PMC_XML/normalized/PMC2885062.json,keep,Full text links a primary virus to a host factor or host pathway mechanism.,high,high,central,medium
pmid-20019814,20019814,PMC2788703,10.1371/journal.ppat.1000700,BCA2/Rabring7 promotes tetherin-dependent HIV-1 restriction.,pmc_xml,/Users/xingmeng/.openclaw/workspaces/staff-scientist-ideker/agenticWorkflow_LiteratureScreeningAndFullTextReview/runs/host_pathogen_shared_mechanisms_apms_20260826/passes/pass_002/artifacts/fulltext_import/PMC_XML/normalized/PMC2788703.json,keep,Full text links a primary virus to a host factor or host pathway mechanism.,high,high,central,medium
pmid-19915660,19915660,PMC2771899,10.1371/journal.pone.0007825,"Augmentation of reverse transcription by integrase through an interaction with host factor, SIP1/Gemin2 Is critical for HIV-1 infection.",pmc_xml,/Users/xingmeng/.openclaw/workspaces/staff-scientist-ideker/agenticWorkflow_LiteratureScreeningAndFullTextReview/runs/host_pathogen_shared_mechanisms_apms_20260826/passes/pass_002/artifacts/fulltext_import/PMC_XML/normalized/PMC2771899.json,keep,Full text links a primary virus to a host factor or host pathway mechanism.,high,high,central,medium
pmid-19833003,19833003,PMC2776905,10.1186/jbiol183,Decoding the multifaceted HIV-1 virus-host interactome.,pmc_xml,/Users/xingmeng/.openclaw/workspaces/staff-scientist-ideker/agenticWorkflow_LiteratureScreeningAndFullTextReview/runs/host_pathogen_shared_mechanisms_apms_20260826/passes/pass_002/artifacts/fulltext_import/PMC_XML/normalized/PMC2776905.json,keep,"Full text centers a primary virus and provides assay-supported host interaction, host factor, or pathway mechanism evidence.",high,high,central,high
pmid-19535902,19535902,PMC2792590,10.4161/rna.6.4.8920,Sam68 functions in nuclear export and translation of HIV-1 RNA.,pmc_xml,/Users/xingmeng/.openclaw/workspaces/staff-scientist-ideker/agenticWorkflow_LiteratureScreeningAndFullTextReview/runs/host_pathogen_shared_mechanisms_apms_20260826/passes/pass_002/artifacts/fulltext_import/PMC_XML/normalized/PMC2792590.json,keep,"Full text centers a primary virus and provides assay-supported host interaction, host factor, or pathway mechanism evidence.",high,high,central,high
pmid-19461879,19461879,PMC2678251,10.1371/journal.ppat.1000443,Mutation of a single residue renders human tetherin resistant to HIV-1 Vpu-mediated depletion.,pmc_xml,/Users/xingmeng/.openclaw/workspaces/staff-scientist-ideker/agenticWorkflow_LiteratureScreeningAndFullTextReview/runs/host_pathogen_shared_mechanisms_apms_20260826/passes/pass_002/artifacts/fulltext_import/PMC_XML/normalized/PMC2678251.json,keep,Full text links a primary virus to a host factor or host pathway mechanism.,high,high,central,medium
pmid-19454010,19454010,PMC2702331,10.1186/1742-4690-6-47,In vitro nuclear interactome of the HIV-1 Tat protein.,pmc_xml,/Users/xingmeng/.openclaw/workspaces/staff-scientist-ideker/agenticWorkflow_LiteratureScreeningAndFullTextReview/runs/host_pathogen_shared_mechanisms_apms_20260826/passes/pass_002/artifacts/fulltext_import/PMC_XML/normalized/PMC2702331.json,keep,"Full text centers a primary virus and provides assay-supported host interaction, host factor, or pathway mechanism evidence.",high,high,central,high
pmid-19341465,19341465,PMC2679739,10.1186/1743-422X-6-39,Analysis of hemagglutinin-mediated entry tropism of H5N1 avian influenza.,pmc_xml,/Users/xingmeng/.openclaw/workspaces/staff-scientist-ideker/agenticWorkflow_LiteratureScreeningAndFullTextReview/runs/host_pathogen_shared_mechanisms_apms_20260826/passes/pass_002/artifacts/fulltext_import/PMC_XML/normalized/PMC2679739.json,keep,"Full text has plausible host pathway or host-factor mechanism context for a primary virus, but evidence is not strongly assay-centered.",medium,medium,supporting,low
pmid-19300495,19300495,PMC2652112,10.1371/journal.ppat.1000342,Reassessing the role of APOBEC3G in human immunodeficiency virus type 1 infection of quiescent CD4+ T-cells.,pmc_xml,/Users/xingmeng/.openclaw/workspaces/staff-scientist-ideker/agenticWorkflow_LiteratureScreeningAndFullTextReview/runs/host_pathogen_shared_mechanisms_apms_20260826/passes/pass_002/artifacts/fulltext_import/PMC_XML/normalized/PMC2652112.json,keep,Full text links a primary virus to a host factor or host pathway mechanism.,high,high,central,medium
pmid-19216784,19216784,PMC2657108,10.1186/1742-4690-6-16,"APOBEC3G induces a hypermutation gradient: purifying selection at multiple steps during HIV-1 replication results in levels of G-to-A mutations that are high in DNA, intermediate in cellular viral RNA, and low in virion RNA.",pmc_xml,/Users/xingmeng/.openclaw/workspaces/staff-scientist-ideker/agenticWorkflow_LiteratureScreeningAndFullTextReview/runs/host_pathogen_shared_mechanisms_apms_20260826/passes/pass_002/artifacts/fulltext_import/PMC_XML/normalized/PMC2657108.json,keep,Full text links a primary virus to a host factor or host pathway mechanism.,high,high,central,medium
pmid-19150103,19150103,PMC3124558,10.1016/j.virol.2008.11.051,Enhanced replication and pathogenesis of Moloney murine leukemia virus in mice defective in the murine APOBEC3 gene.,pmc_xml,/Users/xingmeng/.openclaw/workspaces/staff-scientist-ideker/agenticWorkflow_LiteratureScreeningAndFullTextReview/runs/host_pathogen_shared_mechanisms_apms_20260826/passes/pass_002/artifacts/fulltext_import/PMC_XML/normalized/PMC3124558.json,keep,"Full text has plausible host pathway or host-factor mechanism context for a primary virus, but evidence is not strongly assay-centered.",medium,medium,supporting,low
pmid-19128510,19128510,PMC2629459,10.1186/1742-4690-6-1,MDM2 is a novel E3 ligase for HIV-1 Vif.,pmc_xml,/Users/xingmeng/.openclaw/workspaces/staff-scientist-ideker/agenticWorkflow_LiteratureScreeningAndFullTextReview/runs/host_pathogen_shared_mechanisms_apms_20260826/passes/pass_002/artifacts/fulltext_import/PMC_XML/normalized/PMC2629459.json,keep,"Full text centers a primary virus and provides assay-supported host interaction, host factor, or pathway mechanism evidence.",high,high,central,high
pmid-18974184,18974184,PMC2686573,10.1093/nar/gkn739,VirusMINT: a viral protein interaction database.,pmc_xml,/Users/xingmeng/.openclaw/workspaces/staff-scientist-ideker/agenticWorkflow_LiteratureScreeningAndFullTextReview/runs/host_pathogen_shared_mechanisms_apms_20260826/passes/pass_002/artifacts/fulltext_import/PMC_XML/normalized/PMC2686573.json,keep,"Full text contains useful host-pathogen assay or pathway evidence, but the primary-virus mechanism is less central than in direct papers.",medium,medium,supporting,medium
pmid-18854154,18854154,PMC2628946,10.1016/j.cell.2008.07.032,Global analysis of host-pathogen interactions that regulate early-stage HIV-1 replication.,pmc_xml,/Users/xingmeng/.openclaw/workspaces/staff-scientist-ideker/agenticWorkflow_LiteratureScreeningAndFullTextReview/runs/host_pathogen_shared_mechanisms_apms_20260826/passes/pass_002/artifacts/fulltext_import/PMC_XML/normalized/PMC2628946.json,keep,"Full text centers a primary virus and provides assay-supported host interaction, host factor, or pathway mechanism evidence.",high,high,central,high
pmid-18498651,18498651,PMC2409373,10.1186/1742-4690-5-41,The host protein Staufen1 interacts with the Pr55Gag zinc fingers and regulates HIV-1 assembly via its N-terminus.,pmc_xml,/Users/xingmeng/.openclaw/workspaces/staff-scientist-ideker/agenticWorkflow_LiteratureScreeningAndFullTextReview/runs/host_pathogen_shared_mechanisms_apms_20260826/passes/pass_002/artifacts/fulltext_import/PMC_XML/normalized/PMC2409373.json,keep,"Full text centers a primary virus and provides assay-supported host interaction, host factor, or pathway mechanism evidence.",high,high,central,high
pmid-18497858,18497858,PMC2374908,10.1371/journal.ppat.1000074,Proteasomal degradation of TRIM5alpha during retrovirus restriction.,pmc_xml,/Users/xingmeng/.openclaw/workspaces/staff-scientist-ideker/agenticWorkflow_LiteratureScreeningAndFullTextReview/runs/host_pathogen_shared_mechanisms_apms_20260826/passes/pass_002/artifacts/fulltext_import/PMC_XML/normalized/PMC2374908.json,keep,"Full text has plausible host pathway or host-factor mechanism context for a primary virus, but evidence is not strongly assay-centered.",medium,medium,supporting,low
pmid-17892575,17892575,PMC2064933,10.1186/1742-4690-4-68,Both TRIM5alpha and TRIMCyp have only weak antiviral activity in canine D17 cells.,pmc_xml,/Users/xingmeng/.openclaw/workspaces/staff-scientist-ideker/agenticWorkflow_LiteratureScreeningAndFullTextReview/runs/host_pathogen_shared_mechanisms_apms_20260826/passes/pass_002/artifacts/fulltext_import/PMC_XML/normalized/PMC2064933.json,keep,"Full text has plausible host pathway or host-factor mechanism context for a primary virus, but evidence is not strongly assay-centered.",medium,medium,supporting,low
pmid-17158150,17158150,PMC1802576,10.1093/nar/gkl885,LEDGF/p75 interacts with divergent lentiviral integrases and modulates their enzymatic activity in vitro.,pmc_xml,/Users/xingmeng/.openclaw/workspaces/staff-scientist-ideker/agenticWorkflow_LiteratureScreeningAndFullTextReview/runs/host_pathogen_shared_mechanisms_apms_20260826/passes/pass_002/artifacts/fulltext_import/PMC_XML/normalized/PMC1802576.json,drop,"Full text is dominated by clinical, biomarker, drug-screen, protocol, or computational-prioritization content rather than host-pathogen mechanism evidence.",low,low,incidental,medium
pmid-17173480,17173480,PMC1698943,10.1371/journal.ppat.0020130,NFAT5 regulates HIV-1 in primary monocytes via a highly conserved long terminal repeat site.,pmc_xml,/Users/xingmeng/.openclaw/workspaces/staff-scientist-ideker/agenticWorkflow_LiteratureScreeningAndFullTextReview/runs/host_pathogen_shared_mechanisms_apms_20260826/passes/pass_002/artifacts/fulltext_import/PMC_XML/normalized/PMC1698943.json,keep,Full text links a primary virus to a host factor or host pathway mechanism.,high,high,central,medium
pmid-17090598,17090598,PMC1693895,10.1093/nar/gkl843,Chromosomal integration of LTR-flanked DNA in yeast expressing HIV-1 integrase: down regulation by RAD51.,pmc_xml,/Users/xingmeng/.openclaw/workspaces/staff-scientist-ideker/agenticWorkflow_LiteratureScreeningAndFullTextReview/runs/host_pathogen_shared_mechanisms_apms_20260826/passes/pass_002/artifacts/fulltext_import/PMC_XML/normalized/PMC1693895.json,keep,Full text links a primary virus to a host factor or host pathway mechanism.,high,high,central,medium
pmid-17052331,17052331,PMC1635045,10.1186/1743-422X-3-86,Vaccinia virus replication is not affected by APOBEC3 family members.,pmc_xml,/Users/xingmeng/.openclaw/workspaces/staff-scientist-ideker/agenticWorkflow_LiteratureScreeningAndFullTextReview/runs/host_pathogen_shared_mechanisms_apms_20260826/passes/pass_002/artifacts/fulltext_import/PMC_XML/normalized/PMC1635045.json,drop,"Full text is dominated by clinical, biomarker, drug-screen, protocol, or computational-prioritization content rather than host-pathogen mechanism evidence.",low,low,incidental,medium
pmid-16945155,16945155,PMC1592304,10.1186/1742-4690-3-56,HIV-1 replication in cell lines harboring INI1/hSNF5 mutations.,pmc_xml,/Users/xingmeng/.openclaw/workspaces/staff-scientist-ideker/agenticWorkflow_LiteratureScreeningAndFullTextReview/runs/host_pathogen_shared_mechanisms_apms_20260826/passes/pass_002/artifacts/fulltext_import/PMC_XML/normalized/PMC1592304.json,keep,Full text links a primary virus to a host factor or host pathway mechanism.,high,high,central,medium
pmid-16699599,16699599,PMC1458959,10.1371/journal.ppat.0020041,Human retroviral host restriction factors APOBEC3G and APOBEC3F localize to mRNA processing bodies.,pmc_xml,/Users/xingmeng/.openclaw/workspaces/staff-scientist-ideker/agenticWorkflow_LiteratureScreeningAndFullTextReview/runs/host_pathogen_shared_mechanisms_apms_20260826/passes/pass_002/artifacts/fulltext_import/PMC_XML/normalized/PMC1458959.json,keep,"Full text has plausible host pathway or host-factor mechanism context for a primary virus, but evidence is not strongly assay-centered.",medium,medium,supporting,low
pmid-9024688,9024688,PMC2134302,10.1083/jcb.136.3.567,"A multistep, ATP-dependent pathway for assembly of human immunodeficiency virus capsids in a cell-free system.",pmc_xml,/Users/xingmeng/.openclaw/workspaces/staff-scientist-ideker/agenticWorkflow_LiteratureScreeningAndFullTextReview/runs/host_pathogen_shared_mechanisms_apms_20260826/passes/pass_002/artifacts/fulltext_import/PMC_XML/normalized/PMC2134302.json,keep,Full text links a primary virus to a host factor or host pathway mechanism.,high,high,central,medium
