paper_id,pmid,pmcid,doi,title,queue_reason,preferred_source,notes
pmid-42619998,42619998,PMC13484650,10.64898/2026.08.03.742570,SAMHD1 enhances HIV-1-induced glycolysis in monocytic cells through hexokinase 2 upregulation.,PMC XML unusable for normalization.,publisher_pdf_or_user_download,PMC XML body text is too short for normalization. Unusable PMC XML deleted from run artifacts.
pmid-42580411,42580411,,10.1016/j.virs.2026.08.003,Enteroviruses antagonize the host restriction factor ABL2 via proteasomal degradation to facilitate viral replication.,No PMCID coverage available.,publisher_pdf_or_user_download,No PMCID found via NCBI idconv; PDF fallback will be needed.
pmid-42562331,42562331,,10.1016/j.bcp.2026.118321,The L-type calcium channel Ca(v)1.2 mediates influenza A virus infection by regulating viral internalization and endoplasmic reticulum homeostasis.,No PMCID coverage available.,publisher_pdf_or_user_download,No PMCID found via NCBI idconv; PDF fallback will be needed.
pmid-42525534,42525534,,10.1016/j.celrep.2026.117773,MITD1 restricts HIV-1 release by targeting ESCRT-III proteins.,No PMCID coverage available.,publisher_pdf_or_user_download,No PMCID found via NCBI idconv; PDF fallback will be needed.
pmid-42520937,42520937,,10.1016/j.jbc.2026.113369,FOXA2 potently represses NF-κB-dependent transcription from viral promoters in liver cells.,No PMCID coverage available.,publisher_pdf_or_user_download,No PMCID found via NCBI idconv; PDF fallback will be needed.
pmid-42403244,42403244,PMC13349425,10.1002/jmv.71043,JQKD82 Inhibits HIV Infection of Macrophages Through Blocking Viral Entry and Enhancing Antiviral ISG Responses.,PMC XML unusable for normalization.,publisher_pdf_or_user_download,PMC XML body element is missing. Unusable PMC XML deleted from run artifacts.
pmid-42336219,42336219,,10.1016/j.antiviral.2026.106471,ITGA4 drives pathogenesis of flavivirus and inhibition of it protects mice against Japanese encephalitis virus infection.,No PMCID coverage available.,publisher_pdf_or_user_download,No PMCID found via NCBI idconv; PDF fallback will be needed.
pmid-42327289,42327289,PMC13278084,10.64898/2026.06.11.731520,Gene duplication and retrotransposition diversify the antiviral repertoire of macaque IFITM proteins.,PMC XML unusable for normalization.,publisher_pdf_or_user_download,PMC XML body element is missing. Unusable PMC XML deleted from run artifacts.
pmid-42173436,42173436,,10.1016/j.jmb.2026.169875,Biophysical Characterization of Ebola VP35 Protein Binding to Host Mindbomb Protein 2.,No PMCID coverage available.,publisher_pdf_or_user_download,No PMCID found via NCBI idconv; PDF fallback will be needed.
pmid-42161262,42161262,,10.1016/j.chom.2026.04.018,A CRISPR activation screen identifies SPART as a pan-orthoflavivirus restriction factor.,No PMCID coverage available.,publisher_pdf_or_user_download,No PMCID found via NCBI idconv; PDF fallback will be needed.
pmid-42152487,42152487,,10.1080/15548627.2026.2677196,USF2 restricts enterovirus replication and transmission by inhibiting autophagy and vesicle-mediated viral spread.,No PMCID coverage available.,publisher_pdf_or_user_download,No PMCID found via NCBI idconv; PDF fallback will be needed.
pmid-41779781,41779781,PMC12974410,10.1073/pnas.2529289123,EIF4H and YBX1 are essential host factors for hepatitis E virus replication and pathogenesis.,PMC XML unusable for normalization.,publisher_pdf_or_user_download,PMC XML body element is missing. Unusable PMC XML deleted from run artifacts.
pmid-41197812,41197812,,10.1016/j.antiviral.2025.106307,Repurposed doxepin targeting host AXL kinase to disrupt viral 2C-mediated immune evasion in Coxsackievirus B infection.,No PMCID coverage available.,publisher_pdf_or_user_download,No PMCID found via NCBI idconv; PDF fallback will be needed.
pmid-40791337,40791337,PMC12338750,10.1101/2025.07.18.665639,Abnormal Vaginal Microbiota Associated with miRNA Targeting the HIV-Host Interactome.,PMC XML unusable for normalization.,publisher_pdf_or_user_download,PMC XML body element is missing. Unusable PMC XML deleted from run artifacts.
pmid-40777346,40777346,PMC12330720,10.1101/2025.07.21.665982,MICRORNAS REGULATED BY PREGNANCY TARGET THE HIV INTERACTOME.,PMC XML unusable for normalization.,publisher_pdf_or_user_download,PMC XML body element is missing. Unusable PMC XML deleted from run artifacts.
pmid-40766577,40766577,PMC12324263,10.1101/2025.07.28.667227,Arf GTPases Define BST-2-Independent Pathways for HIV-1 Assembly and Release.,PMC XML unusable for normalization.,publisher_pdf_or_user_download,PMC XML body element is missing. Unusable PMC XML deleted from run artifacts.
pmid-40689623,40689623,PMC12345215,10.1128/mbio.01465-25,ASCT2 inhibits HIV-1 infectivity by promoting the incorporation of a gp160/ASCT2 complex into virions.,PMC XML unusable for normalization.,publisher_pdf_or_user_download,PMC XML body element is missing. Unusable PMC XML deleted from run artifacts.
pmid-40672252,40672252,PMC12265676,10.1101/2025.07.07.663519,BST-2 inhibits SARS-CoV-2 egress at intracellular membranes and is neutralized by ORF7a.,PMC XML unusable for normalization.,publisher_pdf_or_user_download,PMC XML body element is missing. Unusable PMC XML deleted from run artifacts.
pmid-40250655,40250655,,10.1016/j.ijbiomac.2025.143217,Decoding potential host protein targets against Flaviviridae using protein-protein interaction network.,No PMCID coverage available.,publisher_pdf_or_user_download,No PMCID found via NCBI idconv; PDF fallback will be needed.
pmid-40199068,40199068,PMC13095474,10.1016/j.molpha.2025.100020,Traffic control: Mechanisms of ligand-specific internalization and intracellular distribution of CCR5.,PMC XML unusable for normalization.,publisher_pdf_or_user_download,PMC XML body element is missing. Unusable PMC XML deleted from run artifacts.
pmid-39900759,39900759,,10.1007/978-1-0716-4276-4_8,RNA-Seq and Gene Set Enrichment Analysis (GSEA) in Peripheral Blood Mononuclear Cells (PBMCs).,No PMCID coverage available.,publisher_pdf_or_user_download,No PMCID found via NCBI idconv; PDF fallback will be needed.
pmid-39585616,39585616,,10.1007/978-1-0716-4256-6_7,Proximity Proteomics to Profile Ebola Virus Protein Interactome in Its Functional Context.,No PMCID coverage available.,publisher_pdf_or_user_download,No PMCID found via NCBI idconv; PDF fallback will be needed.
pmid-39480090,39480090,PMC11575316,10.1128/jvi.00947-24,Cyclophilin A facilitates HIV-1 integration.,PMC XML unusable for normalization.,publisher_pdf_or_user_download,PMC XML body element is missing. Unusable PMC XML deleted from run artifacts.
pmid-39389033,39389033,,10.1016/j.chom.2024.09.002,MX2 forms nucleoporin-comprising cytoplasmic biomolecular condensates that lure viral capsids.,No PMCID coverage available.,publisher_pdf_or_user_download,No PMCID found via NCBI idconv; PDF fallback will be needed.
pmid-39128851,39128851,PMC11587837,10.1080/15548627.2024.2390814,AP3B1 facilitates PDIA3/ERP57 function to regulate rabies virus glycoprotein selective degradation and viral entry.,PMC XML unusable for normalization.,publisher_pdf_or_user_download,PMC XML body element is missing. Unusable PMC XML deleted from run artifacts.
pmid-38948800,38948800,PMC11212919,10.1101/2024.06.15.599180,Cyclophilin A Facilitates HIV-1 DNA Integration.,PMC XML unusable for normalization.,publisher_pdf_or_user_download,PMC XML body element is missing. Unusable PMC XML deleted from run artifacts.
pmid-38899932,38899932,PMC11265465,10.1128/jvi.00534-24,"The interferon-regulated host factor hnRNPA0 modulates HIV-1 production by interference with LTR activity, mRNA trafficking, and programmed ribosomal frameshifting.",PMC XML unusable for normalization.,publisher_pdf_or_user_download,PMC XML body element is missing. Unusable PMC XML deleted from run artifacts.
pmid-38888347,38888347,PMC11265353,10.1128/jvi.00556-24,Transcription factor EB (TFEB) interaction with RagC is disrupted during enterovirus D68 infection.,PMC XML unusable for normalization.,publisher_pdf_or_user_download,PMC XML body element is missing. Unusable PMC XML deleted from run artifacts.
pmid-38742902,38742902,PMC11237476,10.1128/jvi.01705-23,LINC08148 promotes the caveola-mediated endocytosis of Zika virus through upregulating transcription of Src.,PMC XML unusable for normalization.,publisher_pdf_or_user_download,PMC XML body element is missing. Unusable PMC XML deleted from run artifacts.
pmid-38417690,38417690,,10.1016/j.abb.2024.109947,Cellular HSF1 expression is induced during HIV-1 infection by activation of its promoter mediated through the cooperative interaction of HSF1 and viral Nef protein.,No PMCID coverage available.,publisher_pdf_or_user_download,No PMCID found via NCBI idconv; PDF fallback will be needed.
pmid-38352529,38352529,PMC10862950,10.21203/rs.3.rs-3838220/v1,A protein-proximity screen reveals Ebola virus co-opts the mRNA decapping complex through the scaffold protein EDC4.,PMC XML unusable for normalization.,publisher_pdf_or_user_download,PMC XML body element is missing. Unusable PMC XML deleted from run artifacts.
pmid-38197631,38197631,PMC10878072,10.1128/jvi.01567-23,RUNX3 inhibits KSHV lytic replication by binding to the viral genome and repressing transcription.,PMC XML unusable for normalization.,publisher_pdf_or_user_download,PMC XML body element is missing. Unusable PMC XML deleted from run artifacts.
pmid-38189249,38189249,PMC10878262,10.1128/jvi.01749-23,N-terminal acetyltransferase 6 facilitates enterovirus 71 replication by regulating PI4KB expression and replication organelle biogenesis.,PMC XML unusable for normalization.,publisher_pdf_or_user_download,PMC XML body element is missing. Unusable PMC XML deleted from run artifacts.
pmid-37961097,37961097,PMC10635066,10.1101/2023.11.01.565224,Ligand-Dependent Mechanisms of CC Chemokine Receptor 5 (CCR5) Trafficking Revealed by APEX2 Proximity Labeling Proteomics.,PMC XML unusable for normalization.,publisher_pdf_or_user_download,PMC XML body element is missing. Unusable PMC XML deleted from run artifacts.
pmid-37905837,37905837,PMC10688328,10.1128/jvi.01044-23,HIV-1 Tat commandeers nuclear export of Rev-viral RNA complex by controlling hnRNPA2-mediated splicing.,PMC XML unusable for normalization.,publisher_pdf_or_user_download,PMC XML body element is missing. Unusable PMC XML deleted from run artifacts.
pmid-37843371,37843371,PMC10688351,10.1128/jvi.00732-23,Emerging role of cyclophilin A in HIV-1 infection: from producer cell to the target cell nucleus.,PMC XML unusable for normalization.,publisher_pdf_or_user_download,PMC XML body element is missing. Unusable PMC XML deleted from run artifacts.
pmid-37750702,37750702,PMC10732038,10.1128/mmbr.00048-22,Capsid-host interactions for HIV-1 ingress.,PMC XML unusable for normalization.,publisher_pdf_or_user_download,PMC XML body element is missing. Unusable PMC XML deleted from run artifacts.
pmid-37562033,37562033,PMC10651195,10.1093/infdis/jiad325,An Antiviral Role for TRIM14 in Ebola Virus Infection.,PMC XML unusable for normalization.,publisher_pdf_or_user_download,PMC XML body element is missing. Unusable PMC XML deleted from run artifacts.
pmid-37540094,37540094,,10.1021/acs.jproteome.3c00162,Quantitative Proteomics of the CDK9 Interactome Reveals a Function of the HSP90-CDC37-P-TEFb Complex for BETi-Induced HIV-1 Latency Reactivation.,No PMCID coverage available.,publisher_pdf_or_user_download,No PMCID found via NCBI idconv; PDF fallback will be needed.
pmid-37406340,37406340,,10.1146/annurev-virology-111821-100816,Small but Highly Versatile: The Viral Accessory Protein Vpu.,No PMCID coverage available.,publisher_pdf_or_user_download,No PMCID found via NCBI idconv; PDF fallback will be needed.
pmid-37358446,37358446,PMC10373548,10.1128/jvi.00255-23,KIF16B Mediates Anterograde Transport and Modulates Lysosomal Degradation of the HIV-1 Envelope Glycoprotein.,PMC XML unusable for normalization.,publisher_pdf_or_user_download,PMC XML body element is missing. Unusable PMC XML deleted from run artifacts.
pmid-37193327,37193327,PMC10182223,10.1007/s13205-023-03569-0,Prediction of human protein interactome of dengue virus non-structural protein 5 (NS5) and its downstream immunological implications.,PMC XML unusable for normalization.,publisher_pdf_or_user_download,PMC XML body element is missing. Unusable PMC XML deleted from run artifacts.
pmid-37149044,37149044,,10.1016/j.antiviral.2023.105622,Host factor DUSP5 potently inhibits dengue virus infection by modulating cytoskeleton rearrangement.,No PMCID coverage available.,publisher_pdf_or_user_download,No PMCID found via NCBI idconv; PDF fallback will be needed.
pmid-36995092,36995092,PMC10062123,10.1128/jvi.01763-22,KSHV Viral Protein Kinase Interacts with USP9X to Modulate the Viral Lifecycle.,PMC XML unusable for normalization.,publisher_pdf_or_user_download,PMC XML body element is missing. Unusable PMC XML deleted from run artifacts.
pmid-36773550,36773550,,10.1016/j.ejmech.2023.115188,Various strategies for developing APOBEC3G protectors to circumvent human immunodeficiency virus type 1.,No PMCID coverage available.,publisher_pdf_or_user_download,No PMCID found via NCBI idconv; PDF fallback will be needed.
pmid-36723955,36723955,,10.1096/fj.202201738R,DNAJB8 facilitates autophagic-lysosomal degradation of viral Vif protein and restricts HIV-1 virion infectivity by rescuing APOBEC3G expression in host cells.,No PMCID coverage available.,publisher_pdf_or_user_download,No PMCID found via NCBI idconv; PDF fallback will be needed.
pmid-36648422,36648422,,10.1089/omi.2022.0130,Pathogenesis of Human Immunodeficiency Virus and Mycobacterium tuberculosis Infection as Revealed by Transcriptome and Interactome Data.,No PMCID coverage available.,publisher_pdf_or_user_download,No PMCID found via NCBI idconv; PDF fallback will be needed.
pmid-36411658,36411658,,10.1016/j.biopha.2022.113850,Assessing the potential of repurposing ion channel inhibitors to treat emerging viral diseases and the role of this host factor in virus replication.,No PMCID coverage available.,publisher_pdf_or_user_download,No PMCID found via NCBI idconv; PDF fallback will be needed.
pmid-36326276,36326276,PMC9682979,10.1128/jvi.01469-22,Shiftless Restricts Viral Gene Expression and Influences RNA Granule Formation during Kaposi's Sarcoma-Associated Herpesvirus Lytic Replication.,PMC XML unusable for normalization.,publisher_pdf_or_user_download,PMC XML body element is missing. Unusable PMC XML deleted from run artifacts.
pmid-35977432,35977432,,10.1016/j.jmgm.2022.108291,In silico study on miRNA regulation and NSs protein interactome characterization of the SFTS virus.,No PMCID coverage available.,publisher_pdf_or_user_download,No PMCID found via NCBI idconv; PDF fallback will be needed.
pmid-35964311,35964311,,10.31857/S0026898422040115,[HIV Restriction Factor APOBEC3G and Prospects for Its Use in Gene Therapy for HIV].,No PMCID coverage available.,publisher_pdf_or_user_download,No PMCID found via NCBI idconv; PDF fallback will be needed.
pmid-35913217,35913217,PMC9400502,10.1128/jvi.00526-22,Riplet Binds the Zinc Finger Antiviral Protein (ZAP) and Augments ZAP-Mediated Restriction of HIV-1.,PMC XML unusable for normalization.,publisher_pdf_or_user_download,PMC XML body element is missing. Unusable PMC XML deleted from run artifacts.
pmid-35862260,35862260,,10.1021/acs.jmedchem.2c00649,Targeting the RNA G-Quadruplex and Protein Interactome for Antiviral Therapy.,No PMCID coverage available.,publisher_pdf_or_user_download,No PMCID found via NCBI idconv; PDF fallback will be needed.
pmid-35766490,35766490,PMC9327697,10.1128/jvi.00652-22,The Myeloid-Specific Transcription Factor PU.1 Upregulates Mannose Receptor Expression but Represses Basal Activity of the HIV-LTR Promoter.,PMC XML unusable for normalization.,publisher_pdf_or_user_download,PMC XML body element is missing. Unusable PMC XML deleted from run artifacts.
pmid-35730977,35730977,PMC9278143,10.1128/jvi.00577-22,"Inhibition of a Chromatin and Transcription Modulator, SLTM, Increases HIV-1 Reactivation Identified by a CRISPR Inhibition Screen.",PMC XML unusable for normalization.,publisher_pdf_or_user_download,PMC XML body element is missing. Unusable PMC XML deleted from run artifacts.
pmid-35652656,35652656,PMC9215245,10.1128/jvi.00704-22,The Dengue Virus Nonstructural Protein 1 (NS1) Interacts with the Putative Epigenetic Regulator DIDO1 to Promote Flavivirus Replication in Mosquito Cells.,PMC XML unusable for normalization.,publisher_pdf_or_user_download,PMC XML body element is missing. Unusable PMC XML deleted from run artifacts.
pmid-35604218,35604218,PMC9215225,10.1128/jvi.00101-22,KSHV RTA Induces Degradation of the Host Transcription Repressor ID2 To Promote the Viral Lytic Cycle.,PMC XML unusable for normalization.,publisher_pdf_or_user_download,PMC XML body element is missing. Unusable PMC XML deleted from run artifacts.
pmid-35397701,35397701,PMC11072344,10.1007/s00018-022-04245-x,Mapping of molecular interactions between human E3 ligase TRIM69 and Dengue virus NS3 protease using hydrogen-deuterium exchange mass spectrometry.,PMC XML unusable for normalization.,publisher_pdf_or_user_download,PMC XML body element is missing. Unusable PMC XML deleted from run artifacts.
pmid-35390695,35390695,,10.1016/j.virol.2022.03.007,Septin 2 interacts with dengue virus replication complex proteins and participates in virus replication in mosquito cells.,No PMCID coverage available.,publisher_pdf_or_user_download,No PMCID found via NCBI idconv; PDF fallback will be needed.
pmid-35266803,35266803,PMC9006918,10.1128/jvi.01962-21,RACK1 Associates with RNA-Binding Proteins Vigilin and SERBP1 to Facilitate Dengue Virus Replication.,PMC XML unusable for normalization.,publisher_pdf_or_user_download,PMC XML body element is missing. Unusable PMC XML deleted from run artifacts.
pmid-35254825,35254825,,10.1021/acsinfecdis.1c00470,miR-383 Regulates Hepatic Lipid Homeostasis and Response to Dengue Virus Infection.,No PMCID coverage available.,publisher_pdf_or_user_download,No PMCID found via NCBI idconv; PDF fallback will be needed.
pmid-34971702,34971702,,10.1016/j.virusres.2021.198668,High-mobility group box 1 protein promotes dengue virus replication by interacting with untranslated regions of viral genome.,No PMCID coverage available.,publisher_pdf_or_user_download,No PMCID found via NCBI idconv; PDF fallback will be needed.
pmid-34954236,34954236,,10.1016/j.jmb.2021.167421,Feline Leukemia Virus-B Envelope Together With its GlycoGag and Human Immunodeficiency Virus-1 Nef Mediate Resistance to Feline SERINC5.,No PMCID coverage available.,publisher_pdf_or_user_download,No PMCID found via NCBI idconv; PDF fallback will be needed.
pmid-34811497,34811497,PMC8752805,10.1038/s41423-021-00802-9,HIV-1 Vif suppresses antiviral immunity by targeting STING.,PMC XML unusable for normalization.,publisher_pdf_or_user_download,PMC XML body element is missing. Unusable PMC XML deleted from run artifacts.
pmid-34787459,34787459,PMC8826805,10.1128/JVI.01782-21,Protein-RNA Interactome Analysis Reveals Wide Association of Kaposi's Sarcoma-Associated Herpesvirus ORF57 with Host Noncoding RNAs and Polysomes.,PMC XML unusable for normalization.,publisher_pdf_or_user_download,PMC XML body element is missing. Unusable PMC XML deleted from run artifacts.
pmid-34757838,34757838,PMC8791308,10.1128/JVI.01597-21,MicroRNA-376b-3p Promotes Porcine Reproductive and Respiratory Syndrome Virus Replication by Targeting Viral Restriction Factor TRIM22.,PMC XML unusable for normalization.,publisher_pdf_or_user_download,PMC XML body element is missing. Unusable PMC XML deleted from run artifacts.
pmid-34730395,34730395,PMC8791300,10.1128/JVI.01708-21,Host Restriction Factor A3G Inhibits the Replication of Enterovirus D68 by Competitively Binding the 5' Untranslated Region with PCBP1.,PMC XML unusable for normalization.,publisher_pdf_or_user_download,PMC XML body element is missing. Unusable PMC XML deleted from run artifacts.
pmid-34709640,34709640,,10.1007/978-1-0716-1879-0_10,Isolation and Identification of Dengue Virus Interactome with Human Plasma Proteins by Affinity Purification-Mass Spectrometry.,No PMCID coverage available.,publisher_pdf_or_user_download,No PMCID found via NCBI idconv; PDF fallback will be needed.
pmid-34818858,34818858,,10.4103/0972-9062.313961,Lipids fluctuations in mosquitoes upon arboviral infections.,No PMCID coverage available.,publisher_pdf_or_user_download,No PMCID found via NCBI idconv; PDF fallback will be needed.
pmid-34550340,34550340,,10.1093/femspd/ftab046,Computational analysis of human host binding partners of chikungunya and dengue viruses during coinfection.,No PMCID coverage available.,publisher_pdf_or_user_download,No PMCID found via NCBI idconv; PDF fallback will be needed.
pmid-34523960,34523960,PMC8577350,10.1128/JVI.01170-21,APOBEC3B Potently Restricts HIV-2 but Not HIV-1 in a Vif-Dependent Manner.,PMC XML unusable for normalization.,publisher_pdf_or_user_download,PMC XML body element is missing. Unusable PMC XML deleted from run artifacts.
pmid-34425283,34425283,,10.1016/j.bbrc.2021.08.031,STUB1/CHIP promotes ubiquitination and degradation of HIV-1 Vif to restore the cellular level of APOBEC3G protein.,No PMCID coverage available.,publisher_pdf_or_user_download,No PMCID found via NCBI idconv; PDF fallback will be needed.
pmid-34242702,34242702,,10.1016/j.jhep.2021.06.038,Novel function of SART1 in HNF4α transcriptional regulation contributes to its antiviral role during HBV infection.,No PMCID coverage available.,publisher_pdf_or_user_download,No PMCID found via NCBI idconv; PDF fallback will be needed.
pmid-34011540,34011540,PMC8274603,10.1128/JVI.00971-20,"Human Immunodeficiency Virus Type 1 Vpr Mediates Degradation of APC1, a Scaffolding Component of the Anaphase-Promoting Complex/Cyclosome.",PMC XML unusable for normalization.,publisher_pdf_or_user_download,PMC XML body element is missing. Unusable PMC XML deleted from run artifacts.
pmid-34001508,34001508,PMC8284442,10.1128/AAC.02349-20,A Novel Series of Indole Alkaloid Derivatives Inhibit Dengue and Zika Virus Infection by Interference with the Viral Replication Complex.,PMC XML unusable for normalization.,publisher_pdf_or_user_download,PMC XML body element is missing. Unusable PMC XML deleted from run artifacts.
pmid-33999509,33999509,,10.1111/febs.16025,APOBEC3G rescues cells from the deleterious effects of DNA damage.,No PMCID coverage available.,publisher_pdf_or_user_download,No PMCID found via NCBI idconv; PDF fallback will be needed.
pmid-33731458,33731458,PMC8139707,10.1128/JVI.02336-20,Valosin-containing protein/p97 plays critical roles in the Japanese encephalitis virus life cycle.,PMC XML unusable for normalization.,publisher_pdf_or_user_download,PMC XML body element is missing. Unusable PMC XML deleted from run artifacts.
pmid-33691013,33691013,,,Protein sequence models for prediction and comparative analysis of the SARS-CoV-2 -human interactome.,No PMCID coverage available.,publisher_pdf_or_user_download,No PMCID found via NCBI idconv; PDF fallback will be needed.
pmid-33464395,33464395,,10.1007/s00438-020-01753-y,"Saccharomyces cerevisiae RNA lariat debranching enzyme, Dbr1p, is required for completion of reverse transcription by the retrovirus-like element Ty1 and cleaves branched Ty1 RNAs.",No PMCID coverage available.,publisher_pdf_or_user_download,No PMCID found via NCBI idconv; PDF fallback will be needed.
pmid-33432690,33432690,,10.1111/cmi.13302,Valosin-containing protein ATPase activity regulates the morphogenesis of Zika virus replication organelles and virus-induced cell death.,No PMCID coverage available.,publisher_pdf_or_user_download,No PMCID found via NCBI idconv; PDF fallback will be needed.
pmid-36659189,36659189,,10.1016/j.scib.2019.12.028,Restriction of exogenous DNA expression by SAMHD1.,No PMCID coverage available.,publisher_pdf_or_user_download,No PMCID found via NCBI idconv; PDF fallback will be needed.
pmid-33009785,33009785,,10.31857/S0026898420050031,[Retrovirus Restriction Factor TRIM5α: The Mechanism of Action and Prospects for Use in Gene Therapy of HIV Infection].,No PMCID coverage available.,publisher_pdf_or_user_download,No PMCID found via NCBI idconv; PDF fallback will be needed.
pmid-32991267,32991267,,10.1146/annurev-virology-012720-094902,RNA Lariat Debranching Enzyme as a Retroviral and Long-Terminal-Repeat Retrotransposon Host Factor.,No PMCID coverage available.,publisher_pdf_or_user_download,No PMCID found via NCBI idconv; PDF fallback will be needed.
pmid-32738280,32738280,,10.1016/j.virusres.2020.198087,Interferon stimulated gene 15 promotes Zika virus replication through regulating Jak/STAT and ISGylation pathways.,No PMCID coverage available.,publisher_pdf_or_user_download,No PMCID found via NCBI idconv; PDF fallback will be needed.
pmid-32727880,32727880,PMC7495382,10.1128/JVI.01306-20,Cortactin Interacts with Hepatitis C Virus Core and NS5A Proteins: Implications for Virion Assembly.,PMC XML unusable for normalization.,publisher_pdf_or_user_download,PMC XML body element is missing. Unusable PMC XML deleted from run artifacts.
pmid-32727878,32727878,PMC7527057,10.1128/JVI.00532-20,ISGylation of Hepatitis C Virus NS5A Protein Promotes Viral RNA Replication via Recruitment of Cyclophilin A.,PMC XML unusable for normalization.,publisher_pdf_or_user_download,PMC XML body element is missing. Unusable PMC XML deleted from run artifacts.
pmid-32376623,32376623,PMC7343194,10.1128/JVI.00404-20,HIV-1 Exploits CLASP2 To Induce Microtubule Stabilization and Facilitate Virus Trafficking to the Nucleus.,PMC XML unusable for normalization.,publisher_pdf_or_user_download,PMC XML body element is missing. Unusable PMC XML deleted from run artifacts.
pmid-32376621,32376621,PMC7343206,10.1128/JVI.00287-20,Kaposi's Sarcoma-Associated Herpesvirus Fine-Tunes the Temporal Expression of Late Genes by Manipulating a Host RNA Quality Control Pathway.,PMC XML unusable for normalization.,publisher_pdf_or_user_download,PMC XML body element is missing. Unusable PMC XML deleted from run artifacts.
pmid-32327259,32327259,,10.1016/j.bbrc.2020.04.041,Proximity proteomics identifies novel function of Rab14 in trafficking of Ebola virus matrix protein VP40.,No PMCID coverage available.,publisher_pdf_or_user_download,No PMCID found via NCBI idconv; PDF fallback will be needed.
pmid-32294532,32294532,,10.1016/j.jhep.2020.03.047,C19orf66 is an interferon-induced inhibitor of HCV replication that restricts formation of the viral replication organelle.,No PMCID coverage available.,publisher_pdf_or_user_download,No PMCID found via NCBI idconv; PDF fallback will be needed.
pmid-32291285,32291285,PMC7247306,10.1074/jbc.RA120.013280,The viral protein U (Vpu)-interacting host protein ATP6V0C down-regulates cell-surface expression of tetherin and thereby contributes to HIV-1 release.,PMC XML unusable for normalization.,publisher_pdf_or_user_download,PMC XML body element is missing. Unusable PMC XML deleted from run artifacts.
pmid-32238588,32238588,PMC7307100,10.1128/JVI.00416-20,Antiviral Activity and Adaptive Evolution of Avian Tetherins.,PMC XML unusable for normalization.,publisher_pdf_or_user_download,PMC XML body element is missing. Unusable PMC XML deleted from run artifacts.
pmid-32152226,32152226,PMC7152771,10.1074/jbc.RA119.010534,The HIV-1 capsid-binding host factor CPSF6 is post-transcriptionally regulated by the cellular microRNA miR-125b.,PMC XML unusable for normalization.,publisher_pdf_or_user_download,PMC XML body element is missing. Unusable PMC XML deleted from run artifacts.
pmid-32119870,32119870,,10.1016/j.antiviral.2020.104756,"Apolipoprotein M, identified as a novel hepatitis C virus (HCV) particle associated protein, contributes to HCV assembly and interacts with E2 protein.",No PMCID coverage available.,publisher_pdf_or_user_download,No PMCID found via NCBI idconv; PDF fallback will be needed.
pmid-32102874,32102874,PMC7163128,10.1128/JVI.00029-20,BPIFB3 Regulates Endoplasmic Reticulum Morphology To Facilitate Flavivirus Replication.,PMC XML unusable for normalization.,publisher_pdf_or_user_download,PMC XML body element is missing. Unusable PMC XML deleted from run artifacts.
pmid-32075911,32075911,PMC7105322,10.1074/jbc.RA120.012767,The C-terminal domain of feline and bovine SAMHD1 proteins has a crucial role in lentiviral restriction.,PMC XML unusable for normalization.,publisher_pdf_or_user_download,PMC XML body element is missing. Unusable PMC XML deleted from run artifacts.
pmid-32016635,32016635,,10.1007/s11033-020-05267-z,Human Tat-specific factor 1 binds the HIV-1 genome and selectively transports HIV-1 RNAs.,No PMCID coverage available.,publisher_pdf_or_user_download,No PMCID found via NCBI idconv; PDF fallback will be needed.
pmid-31941780,31941780,PMC7081906,10.1128/JVI.01708-19,Inhibition of Vif-Mediated Degradation of APOBEC3G through Competitive Binding of Core-Binding Factor Beta.,PMC XML unusable for normalization.,publisher_pdf_or_user_download,PMC XML body element is missing. Unusable PMC XML deleted from run artifacts.
pmid-31915280,31915280,PMC7081898,10.1128/JVI.01751-19,A Genome-Wide CRISPR-Cas9 Screen Identifies the Dolichol-Phosphate Mannose Synthase Complex as a Host Dependency Factor for Dengue Virus Infection.,PMC XML unusable for normalization.,publisher_pdf_or_user_download,PMC XML body element is missing. Unusable PMC XML deleted from run artifacts.
pmid-31863794,31863794,,10.1016/j.jhep.2019.12.009,Interferon-inducible MX2 is a host restriction factor of hepatitis B virus replication.,No PMCID coverage available.,publisher_pdf_or_user_download,No PMCID found via NCBI idconv; PDF fallback will be needed.
pmid-31821132,31821132,,10.1099/jgv.0.001356,mTORC1 restricts hepatitis C virus RNA replication through ULK1-mediated suppression of miR-122 and facilitates post-replication events.,No PMCID coverage available.,publisher_pdf_or_user_download,No PMCID found via NCBI idconv; PDF fallback will be needed.
pmid-31792053,31792053,PMC6956528,10.1074/jbc.RA119.011617,The RNA-binding protein QKI-7 recruits the poly(A) polymerase GLD-2 for 3' adenylation and selective stabilization of microRNA-122.,PMC XML unusable for normalization.,publisher_pdf_or_user_download,PMC XML body element is missing. Unusable PMC XML deleted from run artifacts.
pmid-31645450,31645450,PMC6955281,10.1128/JVI.00858-19,Surfeit 4 Contributes to the Replication of Hepatitis C Virus Using Double-Membrane Vesicles.,PMC XML unusable for normalization.,publisher_pdf_or_user_download,PMC XML body element is missing. Unusable PMC XML deleted from run artifacts.
pmid-31556466,31556466,PMC7159099,10.1002/jmv.25599,ATP1B3 cooperates with BST-2 to promote hepatitis B virus restriction.,PMC XML unusable for normalization.,publisher_pdf_or_user_download,PMC XML body element is missing. Unusable PMC XML deleted from run artifacts.
pmid-31811051,31811051,PMC6901315,10.1074/jbc.AAC119.011798,Correction: The host-cell restriction factor SERINC5 restricts HIV-1 infectivity without altering the lipid composition and organization of viral particles.,PMC XML unusable for normalization.,publisher_pdf_or_user_download,PMC XML body element is missing. Unusable PMC XML deleted from run artifacts.
pmid-31778201,31778201,PMC6886375,10.1093/milmed/usy430,The US Military HIV Natural History Study: Informing Military HIV Care and Policy for Over 30 Years.,PMC XML unusable for normalization.,publisher_pdf_or_user_download,PMC XML body element is missing. Unusable PMC XML deleted from run artifacts.
pmid-31597760,31597760,PMC6912122,10.1128/JVI.01398-19,Multifunctional Roles of the N-Terminal Region of HIV-1(SF2)Nef Are Mediated by Three Independent Protein Interaction Sites.,PMC XML unusable for normalization.,publisher_pdf_or_user_download,PMC XML body element is missing. Unusable PMC XML deleted from run artifacts.
pmid-31578293,31578293,PMC6880156,10.1128/JVI.00666-19,HIV-2 Depletes CD4 T Cells through Pyroptosis despite Vpx-Dependent Degradation of SAMHD1.,PMC XML unusable for normalization.,publisher_pdf_or_user_download,PMC XML body element is missing. Unusable PMC XML deleted from run artifacts.
pmid-31305524,31305524,,10.3791/59329,Identification of Nucleolar Factors During HIV-1 Replication Through Rev Immunoprecipitation and Mass Spectrometry.,No PMCID coverage available.,publisher_pdf_or_user_download,No PMCID found via NCBI idconv; PDF fallback will be needed.
pmid-31292246,31292246,PMC6744251,10.1128/JVI.00733-19,Replicons of a Rodent Hepatitis C Model Virus Permit Selection of Highly Permissive Cells.,PMC XML unusable for normalization.,publisher_pdf_or_user_download,PMC XML body element is missing. Unusable PMC XML deleted from run artifacts.
pmid-31234696,31234696,PMC6693535,10.1080/15476286.2019.1629208,Strand-specific affinity of host factor hnRNP C1/C2 guides positive to negative-strand ratio in Coxsackievirus B3 infection.,PMC XML unusable for normalization.,publisher_pdf_or_user_download,PMC XML body element is missing. Unusable PMC XML deleted from run artifacts.
pmid-31199160,31199160,,10.1021/acs.jproteome.9b00130,Differential Proteomics Reveals Discrete Functions of Proteins Interacting with Hypo- versus Hyper-phosphorylated NS5A of the Hepatitis C Virus.,No PMCID coverage available.,publisher_pdf_or_user_download,No PMCID found via NCBI idconv; PDF fallback will be needed.
pmid-31133753,31133753,,10.1038/s41564-019-0460-3,N4BP1 restricts HIV-1 and its inactivation by MALT1 promotes viral reactivation.,No PMCID coverage available.,publisher_pdf_or_user_download,No PMCID found via NCBI idconv; PDF fallback will be needed.
pmid-31118263,31118263,PMC6714797,10.1128/JVI.00715-19,Characterization of Novel Splice Variants of Zinc Finger Antiviral Protein (ZAP).,PMC XML unusable for normalization.,publisher_pdf_or_user_download,PMC XML body element is missing. Unusable PMC XML deleted from run artifacts.
pmid-31091448,31091448,,10.1016/j.celrep.2019.04.063,Guanylate-Binding Proteins 2 and 5 Exert Broad Antiviral Activity by Inhibiting Furin-Mediated Processing of Viral Envelope Proteins.,No PMCID coverage available.,publisher_pdf_or_user_download,No PMCID found via NCBI idconv; PDF fallback will be needed.
pmid-31068426,31068426,PMC6600202,10.1128/JVI.00558-19,K63-Linked Ubiquitin Is Required for Restriction of HIV-1 Reverse Transcription and Capsid Destabilization by Rhesus TRIM5α.,PMC XML unusable for normalization.,publisher_pdf_or_user_download,PMC XML body element is missing. Unusable PMC XML deleted from run artifacts.
pmid-31068419,31068419,PMC6600183,10.1128/JVI.00693-19,Sam68 Promotes Hepatitis C Virus Replication by Interaction with Stem-Loop 2 of Viral 5' Untranslated Region.,PMC XML unusable for normalization.,publisher_pdf_or_user_download,PMC XML body element is missing. Unusable PMC XML deleted from run artifacts.
pmid-31043528,31043528,PMC6600204,10.1128/JVI.00544-19,CD4 Expression and Env Conformation Are Critical for HIV-1 Restriction by SERINC5.,PMC XML unusable for normalization.,publisher_pdf_or_user_download,PMC XML body element is missing. Unusable PMC XML deleted from run artifacts.
pmid-31003777,31003777,,10.1016/j.bbrc.2019.04.085,Determinants of lentiviral Vpx-CRL4 E3 ligase-mediated SAMHD1 degradation in the substrate adaptor protein DCAF1.,No PMCID coverage available.,publisher_pdf_or_user_download,No PMCID found via NCBI idconv; PDF fallback will be needed.
pmid-30944177,30944177,PMC6613750,10.1128/JVI.00373-19,C19ORF66 Broadly Escapes Virus-Induced Endonuclease Cleavage and Restricts Kaposi's Sarcoma-Associated Herpesvirus.,PMC XML unusable for normalization.,publisher_pdf_or_user_download,PMC XML body element is missing. Unusable PMC XML deleted from run artifacts.
pmid-30867316,30867316,PMC6532093,10.1128/JVI.00020-19,Contribution of the Cytoplasmic Determinants of Vpu to the Expansion of Virus-Containing Compartments in HIV-1-Infected Macrophages.,PMC XML unusable for normalization.,publisher_pdf_or_user_download,PMC XML body element is missing. Unusable PMC XML deleted from run artifacts.
pmid-30862674,30862674,PMC6497950,10.1074/jbc.RA119.007662,"The retroviral accessory proteins S2, Nef, and glycoMA use similar mechanisms for antagonizing the host restriction factor SERINC5.",PMC XML unusable for normalization.,publisher_pdf_or_user_download,PMC XML body element is missing. Unusable PMC XML deleted from run artifacts.
pmid-30862444,30862444,,10.1016/j.antiviral.2019.03.005,APOBEC3G is a restriction factor of EV71 and mediator of IMB-Z antiviral activity.,No PMCID coverage available.,publisher_pdf_or_user_download,No PMCID found via NCBI idconv; PDF fallback will be needed.
pmid-30859472,30859472,,10.1007/s00705-019-04194-0,Polymorphisms in the APOBEC3G gene of Chinese rhesus macaques affect resistance to ubiquitination and degradation mediated by HIV-2 Vif.,No PMCID coverage available.,publisher_pdf_or_user_download,No PMCID found via NCBI idconv; PDF fallback will be needed.
pmid-30851937,30851937,,10.1016/j.bbrc.2019.02.136,Vif-CBFβ interaction is essential for Vif-induced cell cycle arrest.,No PMCID coverage available.,publisher_pdf_or_user_download,No PMCID found via NCBI idconv; PDF fallback will be needed.
pmid-30833724,30833724,,10.1038/s41564-019-0372-2,Proteomic profiling of HIV-1 infection of human CD4(+) T cells identifies PSGL-1 as an HIV restriction factor.,No PMCID coverage available.,publisher_pdf_or_user_download,No PMCID found via NCBI idconv; PDF fallback will be needed.
pmid-30814280,30814280,PMC6475785,10.1128/JVI.00214-19,CA Mutation N57A Has Distinct Strain-Specific HIV-1 Capsid Uncoating and Infectivity Phenotypes.,PMC XML unusable for normalization.,publisher_pdf_or_user_download,PMC XML body element is missing. Unusable PMC XML deleted from run artifacts.
pmid-30567983,30567983,PMC6401423,10.1128/JVI.01459-18,Functional and Physical Interaction between the Arf Activator GBF1 and Hepatitis C Virus NS3 Protein.,PMC XML unusable for normalization.,publisher_pdf_or_user_download,PMC XML body element is missing. Unusable PMC XML deleted from run artifacts.
pmid-30566069,30566069,,10.1099/jgv.0.001205,Role of APOBEC3 proteins in proteasome inhibitor-mediated reactivation of latent HIV-1 viruses.,No PMCID coverage available.,publisher_pdf_or_user_download,No PMCID found via NCBI idconv; PDF fallback will be needed.
pmid-30502581,30502581,,10.1016/j.saa.2018.11.056,Stability of β-turn in LaR2C-N7 peptide for its translation-inhibitory activity against hepatitis C viral infection: A molecular dynamics study.,No PMCID coverage available.,publisher_pdf_or_user_download,No PMCID found via NCBI idconv; PDF fallback will be needed.
pmid-30355687,30355687,PMC6321930,10.1128/JVI.01651-18,Murine Leukemia Virus Glycosylated Gag Reduces Murine SERINC5 Protein Expression at Steady-State Levels via the Endosome/Lysosome Pathway to Counteract SERINC5 Antiretroviral Activity.,PMC XML unusable for normalization.,publisher_pdf_or_user_download,PMC XML body element is missing. Unusable PMC XML deleted from run artifacts.
pmid-30044201,30044201,,10.1080/07391102.2018.1479659,Structure-based prediction of West Nile virus-human protein-protein interactions.,No PMCID coverage available.,publisher_pdf_or_user_download,No PMCID found via NCBI idconv; PDF fallback will be needed.
pmid-28713027,28713027,,10.1016/j.jprot.2017.07.004,"An ""on-matrix"" digestion procedure for AP-MS experiments dissects the interplay between complex-conserved and serotype-specific reactivities in Dengue virus-human plasma interactome.",No PMCID coverage available.,publisher_pdf_or_user_download,No PMCID found via NCBI idconv; PDF fallback will be needed.
pmid-33111682,33111682,,10.1684/vir.2018.0741,SAMHD1: mechanisms of regulation and viral evasion.,No PMCID coverage available.,publisher_pdf_or_user_download,No PMCID found via NCBI idconv; PDF fallback will be needed.
pmid-33111680,33111680,,10.1684/vir.2018.0742,[SAMHD1: mechanisms of regulation and viral evasion].,No PMCID coverage available.,publisher_pdf_or_user_download,No PMCID found via NCBI idconv; PDF fallback will be needed.
pmid-30550784,30550784,,10.1016/j.cell.2018.11.033,Deception through Mimicry: A Cellular Antiviral Strategy.,No PMCID coverage available.,publisher_pdf_or_user_download,No PMCID found via NCBI idconv; PDF fallback will be needed.
pmid-30333189,30333189,PMC6233135,10.1073/pnas.1800796115,Dynamic regulation of HIV-1 capsid interaction with the restriction factor TRIM5α identified by magic-angle spinning NMR and molecular dynamics simulations.,PMC XML unusable for normalization.,publisher_pdf_or_user_download,PMC XML body element is missing. Unusable PMC XML deleted from run artifacts.
pmid-30265629,30265629,,10.1146/annurev-virology-092917-043308,SERINC5 as a New Restriction Factor for Human Immunodeficiency Virus and Murine Leukemia Virus.,No PMCID coverage available.,publisher_pdf_or_user_download,No PMCID found via NCBI idconv; PDF fallback will be needed.
pmid-30133337,30133337,PMC6425983,10.1089/nat.2018.0722,Development of Locked Nucleic Acid Antisense Oligonucleotides Targeting Ebola Viral Proteins and Host Factor Niemann-Pick C1.,PMC XML unusable for normalization.,publisher_pdf_or_user_download,PMC XML body element is missing. Unusable PMC XML deleted from run artifacts.
pmid-30111563,30111563,PMC6189502,10.1128/JVI.01123-18,Neuralized E3 Ubiquitin Protein Ligase 3 Is an Inducible Antiviral Effector That Inhibits Hepatitis C Virus Assembly by Targeting Viral E1 Glycoprotein.,PMC XML unusable for normalization.,publisher_pdf_or_user_download,PMC XML body element is missing. Unusable PMC XML deleted from run artifacts.
pmid-30081309,30081309,,10.1016/j.virol.2018.07.024,Equine MX2 is a restriction factor of equine infectious anemia virus (EIAV).,No PMCID coverage available.,publisher_pdf_or_user_download,No PMCID found via NCBI idconv; PDF fallback will be needed.
pmid-29997176,29997176,PMC6065015,10.1073/pnas.1803909115,Affinity switching of the LEDGF/p75 IBD interactome is governed by kinase-dependent phosphorylation.,PMC XML unusable for normalization.,publisher_pdf_or_user_download,PMC XML body element is missing. Unusable PMC XML deleted from run artifacts.
pmid-29976668,29976668,PMC6146695,10.1128/JVI.00276-18,Preadaptation of Simian Immunodeficiency Virus SIVsmm Facilitated Env-Mediated Counteraction of Human Tetherin by Human Immunodeficiency Virus Type 2.,PMC XML unusable for normalization.,publisher_pdf_or_user_download,PMC XML body element is missing. Unusable PMC XML deleted from run artifacts.
pmid-29950411,29950411,PMC6096802,10.1128/JVI.01056-18,Human MxB Protein Is a Pan-herpesvirus Restriction Factor.,PMC XML unusable for normalization.,publisher_pdf_or_user_download,PMC XML body element is missing. Unusable PMC XML deleted from run artifacts.
pmid-29923822,29923822,,10.1099/jgv.0.001099,Investigation of the role of GBF1 in the replication of positive-sense single-stranded RNA viruses.,No PMCID coverage available.,publisher_pdf_or_user_download,No PMCID found via NCBI idconv; PDF fallback will be needed.
pmid-29891865,29891865,,10.1038/s41564-018-0179-6,HIV-2/SIV viral protein X counteracts HUSH repressor complex.,No PMCID coverage available.,publisher_pdf_or_user_download,No PMCID found via NCBI idconv; PDF fallback will be needed.
pmid-29845529,29845529,,10.1007/978-981-10-8727-1_9,The Dengue Virus Replication Complex: From RNA Replication to Protein-Protein Interactions to Evasion of Innate Immunity.,No PMCID coverage available.,publisher_pdf_or_user_download,No PMCID found via NCBI idconv; PDF fallback will be needed.
pmid-29769341,29769341,PMC6052288,10.1128/JVI.01974-17,Mutational Analysis of the Bovine Hepacivirus Internal Ribosome Entry Site.,PMC XML unusable for normalization.,publisher_pdf_or_user_download,PMC XML body element is missing. Unusable PMC XML deleted from run artifacts.
pmid-29743366,29743366,PMC6026753,10.1128/JVI.00478-18,Regulation of Virus-Associated Lymphoma Growth and Gene Expression by Bacterial Quorum-Sensing Molecules.,PMC XML unusable for normalization.,publisher_pdf_or_user_download,PMC XML body element is missing. Unusable PMC XML deleted from run artifacts.
pmid-29607934,29607934,,10.1248/bpb.b17-00991,Virion-Packaged Pyruvate Kinase Muscle Type 2 Affects Reverse Transcription Efficiency of Human Immunodeficiency Virus Type 1 by Blocking Virion Recruitment of tRNA(Lys3).,No PMCID coverage available.,publisher_pdf_or_user_download,No PMCID found via NCBI idconv; PDF fallback will be needed.
pmid-29514909,29514909,PMC5952139,10.1128/JVI.00196-18,HIV-1 Nef Antagonizes SERINC5 Restriction by Downregulation of SERINC5 via the Endosome/Lysosome System.,PMC XML unusable for normalization.,publisher_pdf_or_user_download,PMC XML body element is missing. Unusable PMC XML deleted from run artifacts.
pmid-29465030,29465030,,10.1099/jgv.0.001026,Novel host restriction factors implicated in HIV-1 replication.,No PMCID coverage available.,publisher_pdf_or_user_download,No PMCID found via NCBI idconv; PDF fallback will be needed.
pmid-29386121,29386121,,10.1016/j.celrep.2018.01.038,A Global Interactome Map of the Dengue Virus NS1 Identifies Virus Restriction and Dependency Host Factors.,No PMCID coverage available.,publisher_pdf_or_user_download,No PMCID found via NCBI idconv; PDF fallback will be needed.
pmid-29321329,29321329,PMC5827405,10.1128/JVI.01787-17,"A Cyclin-Binding Motif in Human SAMHD1 Is Required for Its HIV-1 Restriction, dNTPase Activity, Tetramer Formation, and Efficient Phosphorylation.",PMC XML unusable for normalization.,publisher_pdf_or_user_download,PMC XML body element is missing. Unusable PMC XML deleted from run artifacts.
pmid-29263270,29263270,PMC5827384,10.1128/JVI.01697-17,Identification of a Conserved Interface of Human Immunodeficiency Virus Type 1 and Feline Immunodeficiency Virus Vifs with Cullin 5.,PMC XML unusable for normalization.,publisher_pdf_or_user_download,PMC XML body element is missing. Unusable PMC XML deleted from run artifacts.
pmid-29281836,29281836,,10.1016/j.celrep.2017.11.094,A Global Interactome Map of the Dengue Virus NS1 Identifies Virus Restriction and Dependency Host Factors.,No PMCID coverage available.,publisher_pdf_or_user_download,No PMCID found via NCBI idconv; PDF fallback will be needed.
pmid-29117523,29117523,PMC5685779,10.1016/j.bpj.2017.09.010,FRET Analysis of the Promiscuous yet Specific Interactions of the HIV-1 Vpu Transmembrane Domain.,PMC XML unusable for normalization.,publisher_pdf_or_user_download,PMC XML body element is missing. Unusable PMC XML deleted from run artifacts.
pmid-29079575,29079575,PMC5743084,10.1074/jbc.M117.798801,HIV-1 Vpr protein directly loads helicase-like transcription factor (HLTF) onto the CRL4-DCAF1 E3 ubiquitin ligase.,PMC XML unusable for normalization.,publisher_pdf_or_user_download,PMC XML body element is missing. Unusable PMC XML deleted from run artifacts.
pmid-28965915,28965915,,10.1016/j.antiviral.2017.09.017,"Interplay between dengue virus and Toll-like receptors, RIG-I/MDA5 and microRNAs: Implications for pathogenesis.",No PMCID coverage available.,publisher_pdf_or_user_download,No PMCID found via NCBI idconv; PDF fallback will be needed.
pmid-28956771,28956771,PMC5686720,10.1128/JVI.01264-17,NLRX1 Mediates MAVS Degradation To Attenuate the Hepatitis C Virus-Induced Innate Immune Response through PCBP2.,PMC XML unusable for normalization.,publisher_pdf_or_user_download,PMC XML body element is missing. Unusable PMC XML deleted from run artifacts.
pmid-28840565,28840565,PMC6598887,10.1007/s12250-017-4000-0,Interplay between hepatitis C virus and ARF4.,PMC XML unusable for normalization.,publisher_pdf_or_user_download,PMC XML body element is missing. Unusable PMC XML deleted from run artifacts.
pmid-28835547,28835547,PMC5623871,10.15252/embr.201744100,IFITM3 requires an amphipathic helix for antiviral activity.,PMC XML unusable for normalization.,publisher_pdf_or_user_download,PMC XML body element is missing. Unusable PMC XML deleted from run artifacts.
pmid-28679761,28679761,PMC5571272,10.1128/JVI.00833-17,The Host E3-Ubiquitin Ligase TRIM6 Ubiquitinates the Ebola Virus VP35 Protein and Promotes Virus Replication.,PMC XML unusable for normalization.,publisher_pdf_or_user_download,PMC XML body element is missing. Unusable PMC XML deleted from run artifacts.
pmid-28679754,28679754,PMC5571274,10.1128/JVI.00629-17,Sec24C-Dependent Transport of Claudin-1 Regulates Hepatitis C Virus Entry.,PMC XML unusable for normalization.,publisher_pdf_or_user_download,PMC XML body element is missing. Unusable PMC XML deleted from run artifacts.
pmid-28659343,28659343,PMC5566525,10.1074/jbc.M117.797332,The host-cell restriction factor SERINC5 restricts HIV-1 infectivity without altering the lipid composition and organization of viral particles.,PMC XML unusable for normalization.,publisher_pdf_or_user_download,PMC XML body element is missing. Unusable PMC XML deleted from run artifacts.
pmid-28424288,28424288,PMC5469257,10.1128/JVI.00051-17,Virion-Associated Vpr Alleviates a Postintegration Block to HIV-1 Infection of Dendritic Cells.,PMC XML unusable for normalization.,publisher_pdf_or_user_download,PMC XML body element is missing. Unusable PMC XML deleted from run artifacts.
pmid-28389578,28389578,PMC5392592,10.1074/jbc.H117.777714,Exposing HIV's weaknesses.,PMC XML unusable for normalization.,publisher_pdf_or_user_download,PMC XML body element is missing. Unusable PMC XML deleted from run artifacts.
pmid-28336330,28336330,,10.1016/j.bbalip.2017.03.007,Requirement of cytosolic phospholipase A2 gamma in lipid droplet formation.,No PMCID coverage available.,publisher_pdf_or_user_download,No PMCID found via NCBI idconv; PDF fallback will be needed.
pmid-28202764,28202764,PMC5391446,10.1128/JVI.00088-17,TRIM25 Is Required for the Antiviral Activity of Zinc Finger Antiviral Protein.,PMC XML unusable for normalization.,publisher_pdf_or_user_download,PMC XML body element is missing. Unusable PMC XML deleted from run artifacts.
pmid-28202763,28202763,PMC5391453,10.1128/JVI.00225-17,Inhibition of Vpx-Mediated SAMHD1 and Vpr-Mediated Host Helicase Transcription Factor Degradation by Selective Disruption of Viral CRL4 (DCAF1) E3 Ubiquitin Ligase Assembly.,PMC XML unusable for normalization.,publisher_pdf_or_user_download,PMC XML body element is missing. Unusable PMC XML deleted from run artifacts.
pmid-28077643,28077643,PMC5331793,10.1128/JVI.02177-16,Efficient Vpu-Mediated Tetherin Antagonism by an HIV-1 Group O Strain.,PMC XML unusable for normalization.,publisher_pdf_or_user_download,PMC XML body element is missing. Unusable PMC XML deleted from run artifacts.
pmid-28053103,28053103,PMC5331794,10.1128/JVI.02051-16,Cytokines Elevated in HIV Elite Controllers Reduce HIV Replication In Vitro and Modulate HIV Restriction Factor Expression.,PMC XML unusable for normalization.,publisher_pdf_or_user_download,PMC XML body element is missing. Unusable PMC XML deleted from run artifacts.
pmid-27920203,27920203,PMC5247641,10.1074/jbc.M116.743740,A Highly Active Isoform of Lentivirus Restriction Factor SAMHD1 in Mouse.,PMC XML unusable for normalization.,publisher_pdf_or_user_download,PMC XML body element is missing. Unusable PMC XML deleted from run artifacts.
pmid-27665576,27665576,,10.1111/cmi.12673,Lipoprotein lipase liberates free fatty acids to inhibit HCV infection and prevent hepatic lipid accumulation.,No PMCID coverage available.,publisher_pdf_or_user_download,No PMCID found via NCBI idconv; PDF fallback will be needed.
pmid-27919079,27919079,,10.1038/nature20567,Receptor usage dictates HIV-1 restriction by human TRIM5α in dendritic cell subsets.,No PMCID coverage available.,publisher_pdf_or_user_download,No PMCID found via NCBI idconv; PDF fallback will be needed.
pmid-27880899,27880899,,10.1016/j.celrep.2016.10.045,LC3C Contributes to Vpu-Mediated Antagonism of BST2/Tetherin Restriction on HIV-1 Release through a Non-canonical Autophagy Pathway.,No PMCID coverage available.,publisher_pdf_or_user_download,No PMCID found via NCBI idconv; PDF fallback will be needed.
pmid-27803322,27803322,PMC5135340,10.1073/pnas.1612044113,S2 from equine infectious anemia virus is an infectivity factor which counteracts the retroviral inhibitors SERINC5 and SERINC3.,PMC XML unusable for normalization.,publisher_pdf_or_user_download,PMC XML body element is missing. Unusable PMC XML deleted from run artifacts.
pmid-27786485,27786485,,10.1021/acs.jproteome.6b00337,Elucidation of the Cellular Interactome of Ebola Virus Nucleoprotein and Identification of Therapeutic Targets.,No PMCID coverage available.,publisher_pdf_or_user_download,No PMCID found via NCBI idconv; PDF fallback will be needed.
pmid-27758855,27758855,PMC5122761,10.1074/jbc.M116.734673,"Core Binding Factor β Protects HIV, Type 1 Accessory Protein Viral Infectivity Factor from MDM2-mediated Degradation.",PMC XML unusable for normalization.,publisher_pdf_or_user_download,PMC XML body element is missing. Unusable PMC XML deleted from run artifacts.
pmid-27749368,27749368,,10.1097/QCO.0000000000000322,Retroviral restriction: nature's own solution.,No PMCID coverage available.,publisher_pdf_or_user_download,No PMCID found via NCBI idconv; PDF fallback will be needed.
pmid-27681141,27681141,PMC5126365,10.1128/JVI.01451-16,Antagonism of BST-2/Tetherin Is a Conserved Function of the Env Glycoprotein of Primary HIV-2 Isolates.,PMC XML unusable for normalization.,publisher_pdf_or_user_download,PMC XML body element is missing. Unusable PMC XML deleted from run artifacts.
pmid-27681140,27681140,PMC5110172,10.1128/JVI.01246-16,The Antagonism of HIV-1 Nef to SERINC5 Particle Infectivity Restriction Involves the Counteraction of Virion-Associated Pools of the Restriction Factor.,PMC XML unusable for normalization.,publisher_pdf_or_user_download,PMC XML body element is missing. Unusable PMC XML deleted from run artifacts.
pmid-27676132,27676132,,10.1021/acsinfecdis.6b00143,"Interactions of the Disordered Domain II of Hepatitis C Virus NS5A with Cyclophilin A, NS5B, and Viral RNA Show Extensive Overlap.",No PMCID coverage available.,publisher_pdf_or_user_download,No PMCID found via NCBI idconv; PDF fallback will be needed.
pmid-27609421,27609421,PMC5098041,10.1074/mcp.M116.060509,TNIP2 is a Hub Protein in the NF-κB Network with Both Protein and RNA Mediated Interactions.,PMC XML unusable for normalization.,publisher_pdf_or_user_download,PMC XML body element is missing. Unusable PMC XML deleted from run artifacts.
pmid-27581991,27581991,PMC5105659,10.1128/JVI.01131-16,Differential Control of BST2 Restriction and Plasmacytoid Dendritic Cell Antiviral Response by Antagonists Encoded by HIV-1 Group M and O Strains.,PMC XML unusable for normalization.,publisher_pdf_or_user_download,PMC XML body element is missing. Unusable PMC XML deleted from run artifacts.
pmid-27558430,27558430,PMC5068543,10.1128/JVI.01140-16,"Affinity Purification of the Hepatitis C Virus Replicase Identifies Valosin-Containing Protein, a Member of the ATPases Associated with Diverse Cellular Activities Family, as an Active Virus Replication Modulator.",PMC XML unusable for normalization.,publisher_pdf_or_user_download,PMC XML body element is missing. Unusable PMC XML deleted from run artifacts.
pmid-27510577,27510577,,10.1016/j.antiviral.2016.08.004,Long-term HIV-1 infection induces an antiviral state in primary macrophages.,No PMCID coverage available.,publisher_pdf_or_user_download,No PMCID found via NCBI idconv; PDF fallback will be needed.
pmid-27489272,27489272,PMC5044852,10.1128/JVI.01078-16,ITCH E3 Ubiquitin Ligase Interacts with Ebola Virus VP40 To Regulate Budding.,PMC XML unusable for normalization.,publisher_pdf_or_user_download,PMC XML body element is missing. Unusable PMC XML deleted from run artifacts.
pmid-27466416,27466416,PMC5021400,10.1128/JVI.01003-16,Nuclear Innate Immune DNA Sensor IFI16 Is Degraded during Lytic Reactivation of Kaposi's Sarcoma-Associated Herpesvirus (KSHV): Role of IFI16 in Maintenance of KSHV Latency.,PMC XML unusable for normalization.,publisher_pdf_or_user_download,PMC XML body element is missing. Unusable PMC XML deleted from run artifacts.
pmid-27387229,27387229,,10.1016/j.bbrc.2016.07.013,"SAMHD1, the Aicardi-Goutières syndrome gene and retroviral restriction factor, is a phosphorolytic ribonuclease rather than a hydrolytic ribonuclease.",No PMCID coverage available.,publisher_pdf_or_user_download,No PMCID found via NCBI idconv; PDF fallback will be needed.
pmid-27342126,27342126,,10.1016/j.celrep.2016.06.028,Identification of Zika Virus and Dengue Virus Dependency Factors using Functional Genomics.,No PMCID coverage available.,publisher_pdf_or_user_download,No PMCID found via NCBI idconv; PDF fallback will be needed.
pmid-27307565,27307565,PMC4944271,10.1128/JVI.00019-16,Capsid-CPSF6 Interaction Is Dispensable for HIV-1 Replication in Primary Cells but Is Selected during Virus Passage In Vivo.,PMC XML unusable for normalization.,publisher_pdf_or_user_download,PMC XML body element is missing. Unusable PMC XML deleted from run artifacts.
pmid-27298373,27298373,PMC4941495,10.1073/pnas.1602701113,Hepatitis C virus depends on E-cadherin as an entry factor and regulates its expression in epithelial-to-mesenchymal transition.,PMC XML unusable for normalization.,publisher_pdf_or_user_download,PMC XML body element is missing. Unusable PMC XML deleted from run artifacts.
pmid-27252525,27252525,PMC4984627,10.1128/JVI.00326-16,Nonstructural 3 Protein of Hepatitis C Virus Modulates the Tribbles Homolog 3/Akt Signaling Pathway for Persistent Viral Infection.,PMC XML unusable for normalization.,publisher_pdf_or_user_download,PMC XML body element is missing. Unusable PMC XML deleted from run artifacts.
pmid-27219130,27219130,,10.1097/QAD.0000000000001166,Interferon-induced sterile alpha motif and histidine/aspartic acid domain-containing protein 1 expression in astrocytes and microglia is mediated by microRNA-181a.,No PMCID coverage available.,publisher_pdf_or_user_download,No PMCID found via NCBI idconv; PDF fallback will be needed.
pmid-27200480,27200480,,10.1016/j.virol.2016.04.024,Equine schlafen 11 restricts the production of equine infectious anemia virus via a codon usage-dependent mechanism.,No PMCID coverage available.,publisher_pdf_or_user_download,No PMCID found via NCBI idconv; PDF fallback will be needed.
pmid-27183594,27183594,,10.4049/jimmunol.1502062,Characterization of the Antigen Processing Machinery and Endogenous Peptide Presentation of a Bat MHC Class I Molecule.,No PMCID coverage available.,publisher_pdf_or_user_download,No PMCID found via NCBI idconv; PDF fallback will be needed.
pmid-27170757,27170757,PMC4944280,10.1128/JVI.00504-16,HIV-1 Vpu Antagonizes CD317/Tetherin by Adaptor Protein-1-Mediated Exclusion from Virus Assembly Sites.,PMC XML unusable for normalization.,publisher_pdf_or_user_download,PMC XML body element is missing. Unusable PMC XML deleted from run artifacts.
pmid-27114546,27114546,PMC4868422,10.1073/pnas.1600485113,HIV-1 Vpr degrades the HLTF DNA translocase in T cells and macrophages.,PMC XML unusable for normalization.,publisher_pdf_or_user_download,PMC XML body element is missing. Unusable PMC XML deleted from run artifacts.
pmid-27075251,27075251,PMC5756484,10.1099/jgv.0.000482,MCPIP1/regnase-I inhibits simian immunodeficiency virus and is not counteracted by Vpx.,PMC XML unusable for normalization.,publisher_pdf_or_user_download,PMC XML body element is missing. Unusable PMC XML deleted from run artifacts.
pmid-27012366,27012366,,10.1016/j.bbagrm.2016.03.009,DEAD-box RNA helicase DDX3 connects CRM1-dependent nuclear export and translation of the HIV-1 unspliced mRNA through its N-terminal domain.,No PMCID coverage available.,publisher_pdf_or_user_download,No PMCID found via NCBI idconv; PDF fallback will be needed.
pmid-26919938,26919938,,10.1016/j.apjtm.2016.01.015,Dengue virus non-structural 1 protein interacts with heterogeneous nuclear ribonucleoprotein H in human monocytic cells.,No PMCID coverage available.,publisher_pdf_or_user_download,No PMCID found via NCBI idconv; PDF fallback will be needed.
pmid-26889027,26889027,PMC4836312,10.1128/JVI.03172-15,The C-Terminal Tail of TRIM56 Dictates Antiviral Restriction of Influenza A and B Viruses by Impeding Viral RNA Synthesis.,PMC XML unusable for normalization.,publisher_pdf_or_user_download,PMC XML body element is missing. Unusable PMC XML deleted from run artifacts.
pmid-26814617,26814617,,10.1111/cmi.12572,Identification of class II ADP-ribosylation factors as cellular factors required for hepatitis C virus replication.,No PMCID coverage available.,publisher_pdf_or_user_download,No PMCID found via NCBI idconv; PDF fallback will be needed.
pmid-26739056,26739056,PMC4810664,10.1128/JVI.01540-15,Prolactin Regulatory Element Binding Protein Is Involved in Hepatitis C Virus Replication by Interaction with NS4B.,PMC XML unusable for normalization.,publisher_pdf_or_user_download,PMC XML body element is missing. Unusable PMC XML deleted from run artifacts.
pmid-26699451,26699451,,10.1039/c5mb00732a,A novel topological centrality measure capturing biologically important proteins.,No PMCID coverage available.,publisher_pdf_or_user_download,No PMCID found via NCBI idconv; PDF fallback will be needed.
pmid-26676782,26676782,PMC4733990,10.1128/JVI.01948-15,TRIM5α-Mediated Ubiquitin Chain Conjugation Is Required for Inhibition of HIV-1 Reverse Transcription and Capsid Destabilization.,PMC XML unusable for normalization.,publisher_pdf_or_user_download,PMC XML body element is missing. Unusable PMC XML deleted from run artifacts.
pmid-26673098,26673098,,10.1016/j.virusres.2015.12.003,Interactome of the hepatitis C virus: Literature mining with ANDSystem.,No PMCID coverage available.,publisher_pdf_or_user_download,No PMCID found via NCBI idconv; PDF fallback will be needed.
pmid-26582000,26582000,PMC4719611,10.1128/JVI.01880-15,Three-Dimensional Structural Characterization of HIV-1 Tethered to Human Cells.,PMC XML unusable for normalization.,publisher_pdf_or_user_download,PMC XML body element is missing. Unusable PMC XML deleted from run artifacts.
pmid-26546555,26546555,,10.1016/j.jprot.2015.11.003,Novel interactions of domain III from the envelope glycoprotein of dengue 2 virus with human plasma proteins.,No PMCID coverage available.,publisher_pdf_or_user_download,No PMCID found via NCBI idconv; PDF fallback will be needed.
pmid-26923960,26923960,,10.2222/jsv.65.71,[Ebola virus host cell entry].,No PMCID coverage available.,publisher_pdf_or_user_download,No PMCID found via NCBI idconv; PDF fallback will be needed.
pmid-26719253,26719253,PMC4810631,10.1128/JVI.03146-15,MxB Is Not Responsible for the Blocking of HIV-1 Infection Observed in Alpha Interferon-Treated Cells.,PMC XML unusable for normalization.,publisher_pdf_or_user_download,PMC XML body element is missing. Unusable PMC XML deleted from run artifacts.
pmid-26668372,26668372,PMC4703010,10.1073/pnas.1516305112,Specific induction of endogenous viral restriction factors using CRISPR/Cas-derived transcriptional activators.,PMC XML unusable for normalization.,publisher_pdf_or_user_download,PMC XML body element is missing. Unusable PMC XML deleted from run artifacts.
pmid-26599333,26599333,,10.1089/aid.2014.0377,Comparative Interactome of HIV-1 Tat and Human T Lymphotropic Virus Type-1 Tax and the Cellular Transcriptional Machinery.,No PMCID coverage available.,publisher_pdf_or_user_download,No PMCID found via NCBI idconv; PDF fallback will be needed.
pmid-26553990,26553990,PMC4664340,10.1073/pnas.1516920112,Dynamic allostery governs cyclophilin A-HIV capsid interplay.,PMC XML unusable for normalization.,publisher_pdf_or_user_download,PMC XML body element is missing. Unusable PMC XML deleted from run artifacts.
pmid-26544088,26544088,,10.1021/acs.jcim.5b00419,Homology Model-Based Virtual Screening for the Identification of Human Helicase DDX3 Inhibitors.,No PMCID coverage available.,publisher_pdf_or_user_download,No PMCID found via NCBI idconv; PDF fallback will be needed.
pmid-26396192,26396192,PMC4646388,10.1074/jbc.M115.666065,Natural Polymorphisms and Oligomerization of Human APOBEC3H Contribute to Single-stranded DNA Scanning Ability.,PMC XML unusable for normalization.,publisher_pdf_or_user_download,PMC XML body element is missing. Unusable PMC XML deleted from run artifacts.
pmid-26339049,26339049,PMC4645635,10.1128/JVI.01714-15,HuR Displaces Polypyrimidine Tract Binding Protein To Facilitate La Binding to the 3' Untranslated Region and Enhances Hepatitis C Virus Replication.,PMC XML unusable for normalization.,publisher_pdf_or_user_download,PMC XML body element is missing. Unusable PMC XML deleted from run artifacts.
pmid-26275799,26275799,,10.1016/j.antiviral.2015.08.007,Pokeweed antiviral protein restores levels of cellular APOBEC3G during HIV-1 infection by depurinating Vif mRNA.,No PMCID coverage available.,publisher_pdf_or_user_download,No PMCID found via NCBI idconv; PDF fallback will be needed.
pmid-26269178,26269178,PMC4580188,10.1128/JVI.01297-15,DDX60L Is an Interferon-Stimulated Gene Product Restricting Hepatitis C Virus Replication in Cell Culture.,PMC XML unusable for normalization.,publisher_pdf_or_user_download,PMC XML body element is missing. Unusable PMC XML deleted from run artifacts.
pmid-26246577,26246577,PMC4580175,10.1128/JVI.01736-15,Suppressor of Cytokine Signaling 3 Is an Inducible Host Factor That Regulates Virus Egress during Ebola Virus Infection.,PMC XML unusable for normalization.,publisher_pdf_or_user_download,PMC XML body element is missing. Unusable PMC XML deleted from run artifacts.
pmid-26221025,26221025,,10.1042/BJ20150445,"Dengue NS3, an RNAi suppressor, modulates the human miRNA pathways through its interacting partner.",No PMCID coverage available.,publisher_pdf_or_user_download,No PMCID found via NCBI idconv; PDF fallback will be needed.
pmid-26211835,26211835,,10.1016/j.chom.2015.06.018,HIV-1 Exploits the Host Factor RuvB-like 2 to Balance Viral Protein Expression.,No PMCID coverage available.,publisher_pdf_or_user_download,No PMCID found via NCBI idconv; PDF fallback will be needed.
pmid-26202252,26202252,PMC4577879,10.1128/JVI.01707-15,Pim Kinase Interacts with Nonstructural 5A Protein and Regulates Hepatitis C Virus Entry.,PMC XML unusable for normalization.,publisher_pdf_or_user_download,PMC XML body element is missing. Unusable PMC XML deleted from run artifacts.
pmid-26157130,26157130,PMC4542354,10.1128/JVI.00559-15,Downregulation of Poly(ADP-Ribose) Polymerase 1 by a Viral Processivity Factor Facilitates Lytic Replication of Gammaherpesvirus.,PMC XML unusable for normalization.,publisher_pdf_or_user_download,PMC XML body element is missing. Unusable PMC XML deleted from run artifacts.
pmid-26076730,26076730,PMC4630796,10.1089/hum.2015.059,Preclinical Assessment of Mutant Human TRIM5α as an Anti-HIV-1 Transgene.,PMC XML unusable for normalization.,publisher_pdf_or_user_download,PMC XML body element is missing. Unusable PMC XML deleted from run artifacts.
pmid-26063425,26063425,PMC4524248,10.1128/JVI.00753-15,Restriction of HIV-1 Requires the N-Terminal Region of MxB as a Capsid-Binding Motif but Not as a Nuclear Localization Signal.,PMC XML unusable for normalization.,publisher_pdf_or_user_download,PMC XML body element is missing. Unusable PMC XML deleted from run artifacts.
pmid-25926641,25926641,PMC4473547,10.1128/JVI.00867-15,A Combined Genetic-Proteomic Approach Identifies Residues within Dengue Virus NS4B Critical for Interaction with NS3 and Viral Replication.,PMC XML unusable for normalization.,publisher_pdf_or_user_download,PMC XML body element is missing. Unusable PMC XML deleted from run artifacts.
pmid-25878102,25878102,PMC4468487,10.1128/JVI.00364-15,EFTUD2 Is a Novel Innate Immune Regulator Restricting Hepatitis C Virus Infection through the RIG-I/MDA5 Pathway.,PMC XML unusable for normalization.,publisher_pdf_or_user_download,PMC XML body element is missing. Unusable PMC XML deleted from run artifacts.
pmid-25821226,25821226,PMC4564538,10.1093/infdis/jiv125,Ebola Virus Glycoprotein Promotes Enhanced Viral Egress by Preventing Ebola VP40 From Associating With the Host Restriction Factor BST2/Tetherin.,PMC XML unusable for normalization.,publisher_pdf_or_user_download,PMC XML body element is missing. Unusable PMC XML deleted from run artifacts.
pmid-25759385,25759385,PMC4409254,10.1074/jbc.M114.630095,Membrane Anchoring by a C-terminal Tryptophan Enables HIV-1 Vpu to Displace Bone Marrow Stromal Antigen 2 (BST2) from Sites of Viral Assembly.,PMC XML unusable for normalization.,publisher_pdf_or_user_download,PMC XML body element is missing. Unusable PMC XML deleted from run artifacts.
pmid-25740981,25740981,PMC4442532,10.1128/JVI.03197-14,"Dynamic Interaction of Stress Granules, DDX3X, and IKK-α Mediates Multiple Functions in Hepatitis C Virus Infection.",PMC XML unusable for normalization.,publisher_pdf_or_user_download,PMC XML body element is missing. Unusable PMC XML deleted from run artifacts.
pmid-25717111,25717111,PMC4403497,10.1128/JVI.03464-14,Anti-APOBEC3G activity of HIV-1 Vif protein is attenuated in elite controllers.,PMC XML unusable for normalization.,publisher_pdf_or_user_download,PMC XML body element is missing. Unusable PMC XML deleted from run artifacts.
pmid-25694600,25694600,PMC4403494,10.1128/JVI.02925-14,"A survey of the interactome of Kaposi's sarcoma-associated herpesvirus ORF45 revealed its binding to viral ORF33 and cellular USP7, resulting in stabilization of ORF33 that is required for production of progeny viruses.",PMC XML unusable for normalization.,publisher_pdf_or_user_download,PMC XML body element is missing. Unusable PMC XML deleted from run artifacts.
pmid-25673723,25673723,PMC4403451,10.1128/JVI.03692-14,Dissecting the roles of the 5' exoribonucleases Xrn1 and Xrn2 in restricting hepatitis C virus replication.,PMC XML unusable for normalization.,publisher_pdf_or_user_download,PMC XML body element is missing. Unusable PMC XML deleted from run artifacts.
pmid-25653431,25653431,PMC4442402,10.1128/JVI.03087-14,p53-derived host restriction of HIV-1 replication by protein kinase R-mediated Tat phosphorylation and inactivation.,PMC XML unusable for normalization.,publisher_pdf_or_user_download,PMC XML body element is missing. Unusable PMC XML deleted from run artifacts.
pmid-25646359,25646359,PMC7166976,10.1189/jlb.4HI0714-338RR,SAMHD1's protein expression profile in humans.,PMC XML unusable for normalization.,publisher_pdf_or_user_download,PMC XML body element is missing. Unusable PMC XML deleted from run artifacts.
pmid-25631043,25631043,PMC4358145,10.1074/jbc.M114.627679,The viral restriction factor tetherin prevents leucine-rich pentatricopeptide repeat-containing protein (LRPPRC) from association with beclin 1 and B-cell CLL/lymphoma 2 (Bcl-2) and enhances autophagy and mitophagy.,PMC XML unusable for normalization.,publisher_pdf_or_user_download,PMC XML body element is missing. Unusable PMC XML deleted from run artifacts.
pmid-25609815,25609815,PMC4403431,10.1128/JVI.03060-14,A trans-dominant form of Gag restricts Ty1 retrotransposition and mediates copy number control.,PMC XML unusable for normalization.,publisher_pdf_or_user_download,PMC XML body element is missing. Unusable PMC XML deleted from run artifacts.
pmid-25589658,25589658,PMC4403413,10.1128/JVI.03232-14,Mining the human complexome database identifies RBM14 as an XPO1-associated protein involved in HIV-1 Rev function.,PMC XML unusable for normalization.,publisher_pdf_or_user_download,PMC XML body element is missing. Unusable PMC XML deleted from run artifacts.
pmid-25582776,25582776,,10.1016/j.bbrc.2015.01.001,Multiple lysines combined in HIV-1 Vif determines the responsiveness to CBF-β.,No PMCID coverage available.,publisher_pdf_or_user_download,No PMCID found via NCBI idconv; PDF fallback will be needed.
pmid-25568212,25568212,PMC4337540,10.1128/JVI.03730-14,Contribution of MxB oligomerization to HIV-1 capsid binding and restriction.,PMC XML unusable for normalization.,publisher_pdf_or_user_download,PMC XML body element is missing. Unusable PMC XML deleted from run artifacts.
pmid-25568208,25568208,PMC4403404,10.1128/JVI.03453-14,Characterization of dengue virus NS4A and NS4B protein interaction.,PMC XML unusable for normalization.,publisher_pdf_or_user_download,PMC XML body element is missing. Unusable PMC XML deleted from run artifacts.
pmid-25526889,25526889,,10.1016/j.bbapap.2014.12.008,Structural insights into the stabilization of the human immunodeficiency virus type 1 capsid protein by the cyclophilin-binding domain and implications on the virus cycle.,No PMCID coverage available.,publisher_pdf_or_user_download,No PMCID found via NCBI idconv; PDF fallback will be needed.
pmid-25520503,25520503,PMC4325709,10.1128/JVI.03105-14,COMMD1/Murr1 reinforces HIV-1 latent infection through IκB-α stabilization.,PMC XML unusable for normalization.,publisher_pdf_or_user_download,PMC XML body element is missing. Unusable PMC XML deleted from run artifacts.
pmid-25505071,25505071,PMC4338883,10.1128/JVI.02982-14,Phosphatidylserine-specific phospholipase A1 involved in hepatitis C virus assembly through NS2 complex formation.,PMC XML unusable for normalization.,publisher_pdf_or_user_download,PMC XML body element is missing. Unusable PMC XML deleted from run artifacts.
pmid-25490467,25490467,,10.1097/QAD.0000000000000554,HIV-1 viral infectivity factor interacts with microtubule-associated protein light chain 3 and inhibits autophagy.,No PMCID coverage available.,publisher_pdf_or_user_download,No PMCID found via NCBI idconv; PDF fallback will be needed.
pmid-25473059,25473059,PMC4338887,10.1128/JVI.02978-14,TRIM5α restriction affects clinical outcome and disease progression in simian immunodeficiency virus-infected rhesus macaques.,PMC XML unusable for normalization.,publisher_pdf_or_user_download,PMC XML body element is missing. Unusable PMC XML deleted from run artifacts.
pmid-25462350,25462350,,10.1016/j.virol.2014.11.005,Tetherin restricts HSV-2 release and is counteracted by multiple viral glycoproteins.,No PMCID coverage available.,publisher_pdf_or_user_download,No PMCID found via NCBI idconv; PDF fallback will be needed.
pmid-25253155,25253155,,10.1007/978-1-4939-1396-1_26,Effect of galectins on viral transmission.,No PMCID coverage available.,publisher_pdf_or_user_download,No PMCID found via NCBI idconv; PDF fallback will be needed.
pmid-25587751,25587751,PMC4502693,10.4161/15548627.2014.984278,TRIM proteins regulate autophagy: TRIM5 is a selective autophagy receptor mediating HIV-1 restriction.,PMC XML unusable for normalization.,publisher_pdf_or_user_download,PMC XML body element is missing. Unusable PMC XML deleted from run artifacts.
pmid-25275127,25275127,PMC4249113,10.1128/JVI.02333-14,"HIV-1 Nef and Vpu are functionally redundant broad-spectrum modulators of cell surface receptors, including tetraspanins.",PMC XML unusable for normalization.,publisher_pdf_or_user_download,PMC XML body element is missing. Unusable PMC XML deleted from run artifacts.
pmid-25253338,25253338,PMC4248981,10.1128/JVI.02505-14,Overlapping and distinct molecular determinants dictating the antiviral activities of TRIM56 against flaviviruses and coronavirus.,PMC XML unusable for normalization.,publisher_pdf_or_user_download,PMC XML body element is missing. Unusable PMC XML deleted from run artifacts.
pmid-25210194,25210194,PMC4248984,10.1128/JVI.02234-14,The HERV-K human endogenous retrovirus envelope protein antagonizes Tetherin antiviral activity.,PMC XML unusable for normalization.,publisher_pdf_or_user_download,PMC XML body element is missing. Unusable PMC XML deleted from run artifacts.
pmid-25158218,25158218,,10.1021/pr500556d,Elucidation of the Ebola virus VP24 cellular interactome and disruption of virus biology through targeted inhibition of host-cell protein function.,No PMCID coverage available.,publisher_pdf_or_user_download,No PMCID found via NCBI idconv; PDF fallback will be needed.
pmid-25122780,25122780,PMC4178706,10.1128/JVI.01924-14,Core-binding factor subunit beta is not required for non-primate lentiviral Vif-mediated APOBEC3 degradation.,PMC XML unusable for normalization.,publisher_pdf_or_user_download,PMC XML body element is missing. Unusable PMC XML deleted from run artifacts.
pmid-25100798,25100798,,10.1099/vir.0.068544-0,Receptor-activated human α2-macroglobulin interacts with the envelope protein of dengue virus and protects virions from temperature-induced inactivation through multivalent binding.,No PMCID coverage available.,publisher_pdf_or_user_download,No PMCID found via NCBI idconv; PDF fallback will be needed.
pmid-25071319,25071319,PMC4110556,10.3748/wjg.v20.i28.9261,Cytokinome profile evaluation in patients with hepatitis C virus infection.,PMC XML unusable for normalization.,publisher_pdf_or_user_download,PMC XML body element is missing. Unusable PMC XML deleted from run artifacts.
pmid-25044019,25044019,PMC4223490,10.1074/mcp.M113.028977,A novel immuno-competitive capture mass spectrometry strategy for protein-protein interaction profiling reveals that LATS kinases regulate HCV replication through NS5A phosphorylation.,PMC XML unusable for normalization.,publisher_pdf_or_user_download,PMC XML body element is missing. Unusable PMC XML deleted from run artifacts.
pmid-25010285,25010285,,10.1016/j.virol.2014.04.038,Proteome analysis of the HIV-1 Gag interactome.,No PMCID coverage available.,publisher_pdf_or_user_download,No PMCID found via NCBI idconv; PDF fallback will be needed.
pmid-24980280,24980280,,10.1111/febs.12901,Investigating the antiviral role of cell death-inducing DFF45-like effector B in HCV replication.,No PMCID coverage available.,publisher_pdf_or_user_download,No PMCID found via NCBI idconv; PDF fallback will be needed.
pmid-24910013,24910013,,10.2174/1389201015666140608142728,Insight into structural organization and protein-protein interaction of non structural 3 (NS3) proteins from dengue serotypes.,No PMCID coverage available.,publisher_pdf_or_user_download,No PMCID found via NCBI idconv; PDF fallback will be needed.
pmid-24898729,24898729,,10.1111/cmi.12318,Reticulon 3 interacts with NS4B of the hepatitis C virus and negatively regulates viral replication by disrupting NS4B self-interaction.,No PMCID coverage available.,publisher_pdf_or_user_download,No PMCID found via NCBI idconv; PDF fallback will be needed.
pmid-24797426,24797426,PMC4083108,10.1074/mcp.M113.036301,The intraviral protein interaction network of hepatitis C virus.,PMC XML unusable for normalization.,publisher_pdf_or_user_download,PMC XML body element is missing. Unusable PMC XML deleted from run artifacts.
pmid-24735396,24735396,,10.1021/ic402907g,Comparative thermodynamic analysis of zinc binding to the His/Cys motif in virion infectivity factor.,No PMCID coverage available.,publisher_pdf_or_user_download,No PMCID found via NCBI idconv; PDF fallback will be needed.
pmid-24733916,24733916,PMC4035966,10.1073/pnas.1321507111,Tetherin antagonism by Vpu protects HIV-infected cells from antibody-dependent cell-mediated cytotoxicity.,PMC XML unusable for normalization.,publisher_pdf_or_user_download,PMC XML body element is missing. Unusable PMC XML deleted from run artifacts.
pmid-24642660,24642660,,10.3851/IMP2766,MicroRNAs: role and therapeutic targets in viral hepatitis.,No PMCID coverage available.,publisher_pdf_or_user_download,No PMCID found via NCBI idconv; PDF fallback will be needed.
pmid-24623438,24623438,PMC4093857,10.1128/JVI.03738-13,Hepatitis C virus NS5A hijacks ARFGAP1 to maintain a phosphatidylinositol 4-phosphate-enriched microenvironment.,PMC XML unusable for normalization.,publisher_pdf_or_user_download,PMC XML body element is missing. Unusable PMC XML deleted from run artifacts.
pmid-24623419,24623419,PMC4019113,10.1128/JVI.00155-14,Identification of cellular proteins interacting with the retroviral restriction factor SAMHD1.,PMC XML unusable for normalization.,publisher_pdf_or_user_download,PMC XML body element is missing. Unusable PMC XML deleted from run artifacts.
pmid-24600008,24600008,PMC4019117,10.1128/JVI.03717-13,Functional evidence for the involvement of microtubules and dynein motor complexes in TRIM5α-mediated restriction of retroviruses.,PMC XML unusable for normalization.,publisher_pdf_or_user_download,PMC XML body element is missing. Unusable PMC XML deleted from run artifacts.
pmid-24574390,24574390,PMC3993804,10.1128/JVI.03057-13,Dendritic cell-lymphocyte cross talk downregulates host restriction factor SAMHD1 and stimulates HIV-1 replication in dendritic cells.,PMC XML unusable for normalization.,publisher_pdf_or_user_download,PMC XML body element is missing. Unusable PMC XML deleted from run artifacts.
pmid-24554663,24554663,PMC3993838,10.1128/JVI.00324-14,CD4+ memory stem cells are infected by HIV-1 in a manner regulated in part by SAMHD1 expression.,PMC XML unusable for normalization.,publisher_pdf_or_user_download,PMC XML body element is missing. Unusable PMC XML deleted from run artifacts.
pmid-24554660,24554660,PMC3993799,10.1128/JVI.03241-13,Determining the involvement and therapeutic implications of host cellular factors in hepatitis C virus cell-to-cell spread.,PMC XML unusable for normalization.,publisher_pdf_or_user_download,PMC XML body element is missing. Unusable PMC XML deleted from run artifacts.
pmid-24554657,24554657,PMC3993830,10.1128/JVI.02945-13,Contribution of PDZD8 to stabilization of the human immunodeficiency virus type 1 capsid.,PMC XML unusable for normalization.,publisher_pdf_or_user_download,PMC XML body element is missing. Unusable PMC XML deleted from run artifacts.
pmid-24449862,24449862,PMC3918791,10.1073/pnas.1314268111,"Novel antiviral host factor, TNK1, regulates IFN signaling through serine phosphorylation of STAT1.",PMC XML unusable for normalization.,publisher_pdf_or_user_download,PMC XML body element is missing. Unusable PMC XML deleted from run artifacts.
pmid-24390335,24390335,PMC3957933,10.1128/JVI.03833-13,Evolutionarily conserved requirement for core binding factor beta in the assembly of the human immunodeficiency virus/simian immunodeficiency virus Vif-cullin 5-RING E3 ubiquitin ligase.,PMC XML unusable for normalization.,publisher_pdf_or_user_download,PMC XML body element is missing. Unusable PMC XML deleted from run artifacts.
pmid-24390322,24390322,PMC3957917,10.1128/JVI.03814-13,Feline immunodeficiency virus envelope glycoproteins antagonize tetherin through a distinctive mechanism that requires virion incorporation.,PMC XML unusable for normalization.,publisher_pdf_or_user_download,PMC XML body element is missing. Unusable PMC XML deleted from run artifacts.
pmid-24284321,24284321,PMC3911532,10.1128/JVI.01249-13,Cellular vimentin regulates construction of dengue virus replication complexes through interaction with NS4A protein.,PMC XML unusable for normalization.,publisher_pdf_or_user_download,PMC XML body element is missing. Unusable PMC XML deleted from run artifacts.
pmid-24236455,24236455,,10.2174/1566524013666131118111719,BST-2 expression in human hepatocytes is inducible by all three types of interferons and restricts production of hepatitis C virus.,No PMCID coverage available.,publisher_pdf_or_user_download,No PMCID found via NCBI idconv; PDF fallback will be needed.
pmid-24227834,24227834,PMC3911658,10.1128/JVI.03148-13,Equine tetherin blocks retrovirus release and its activity is antagonized by equine infectious anemia virus envelope protein.,PMC XML unusable for normalization.,publisher_pdf_or_user_download,PMC XML body element is missing. Unusable PMC XML deleted from run artifacts.
pmid-24173214,24173214,PMC3911732,10.1128/JVI.02828-13,The innate immune factor apolipoprotein L1 restricts HIV-1 infection.,PMC XML unusable for normalization.,publisher_pdf_or_user_download,PMC XML body element is missing. Unusable PMC XML deleted from run artifacts.
pmid-24169621,24169621,PMC3879614,10.1074/mcp.M113.030155,Elucidating novel hepatitis C virus-host interactions using combined mass spectrometry and functional genomics approaches.,PMC XML unusable for normalization.,publisher_pdf_or_user_download,PMC XML body element is missing. Unusable PMC XML deleted from run artifacts.
pmid-24155399,24155399,PMC3911728,10.1128/JVI.02687-13,Effects of alpha interferon treatment on intrinsic anti-HIV-1 immunity in vivo.,PMC XML unusable for normalization.,publisher_pdf_or_user_download,PMC XML body element is missing. Unusable PMC XML deleted from run artifacts.
pmid-25366053,25366053,,10.2222/jsv.63.187,[Multifunctional HIV accessory proteins are hub proteins antagonizing host antiviral factors].,No PMCID coverage available.,publisher_pdf_or_user_download,No PMCID found via NCBI idconv; PDF fallback will be needed.
pmid-24175228,24175228,PMC3785047,10.5501/wjv.v2.i2.32,Architecture and biogenesis of plus-strand RNA virus replication factories.,PMC XML unusable for normalization.,publisher_pdf_or_user_download,PMC XML body element is missing. Unusable PMC XML deleted from run artifacts.
pmid-24161438,24161438,,10.1016/j.jmb.2013.10.022,SAMHD1 host restriction factor: a link with innate immune sensing of retrovirus infection.,No PMCID coverage available.,publisher_pdf_or_user_download,No PMCID found via NCBI idconv; PDF fallback will be needed.
pmid-24075872,24075872,,10.1016/j.jmb.2013.09.029,Emerging role of the host restriction factor tetherin in viral immune sensing.,No PMCID coverage available.,publisher_pdf_or_user_download,No PMCID found via NCBI idconv; PDF fallback will be needed.
pmid-24074594,24074594,,10.1016/j.virol.2013.08.009,The interaction between claudin-1 and dengue viral prM/M protein for its entry.,No PMCID coverage available.,publisher_pdf_or_user_download,No PMCID found via NCBI idconv; PDF fallback will be needed.
pmid-23986595,23986595,PMC3807372,10.1128/JVI.01474-13,A host YB-1 ribonucleoprotein complex is hijacked by hepatitis C virus for the control of NS3-dependent particle production.,PMC XML unusable for normalization.,publisher_pdf_or_user_download,PMC XML body element is missing. Unusable PMC XML deleted from run artifacts.
pmid-23966394,23966394,PMC3807358,10.1128/JVI.02128-13,Effects of cellular activation on anti-HIV-1 restriction factor expression profile in primary cells.,PMC XML unusable for normalization.,publisher_pdf_or_user_download,PMC XML body element is missing. Unusable PMC XML deleted from run artifacts.
pmid-23943653,23943653,PMC3798998,10.1182/blood-2013-01-479972,Targeting the Hsp90-associated viral oncoproteome in gammaherpesvirus-associated malignancies.,PMC XML unusable for normalization.,publisher_pdf_or_user_download,PMC XML body element is missing. Unusable PMC XML deleted from run artifacts.
pmid-23896472,23896472,PMC3811463,10.1128/AAC.01175-13,"A novel, broad-spectrum inhibitor of enterovirus replication that targets host cell factor phosphatidylinositol 4-kinase IIIβ.",PMC XML unusable for normalization.,publisher_pdf_or_user_download,PMC XML body element is missing. Unusable PMC XML deleted from run artifacts.
pmid-23872947,23872947,PMC3770946,10.1038/emboj.2013.163,SAMHD1-dependent retroviral control and escape in mice.,PMC XML unusable for normalization.,publisher_pdf_or_user_download,PMC XML body element is missing. Unusable PMC XML deleted from run artifacts.
pmid-23817385,23817385,PMC3811413,10.1128/AAC.00985-13,Discovery of novel small-molecule HIV-1 replication inhibitors that stabilize capsid complexes.,PMC XML unusable for normalization.,publisher_pdf_or_user_download,PMC XML body element is missing. Unusable PMC XML deleted from run artifacts.
pmid-23781096,23781096,,10.1096/fj.13-229187,Hepatitis C virus/human interactome identifies SMURF2 and the viral protease as critical elements for the control of TGF-β signaling.,No PMCID coverage available.,publisher_pdf_or_user_download,No PMCID found via NCBI idconv; PDF fallback will be needed.
pmid-23744077,23744077,PMC3711331,10.1074/jbc.M113.472159,Anti-HIV host factor SAMHD1 regulates viral sensitivity to nucleoside reverse transcriptase inhibitors via modulation of cellular deoxyribonucleoside triphosphate (dNTP) levels.,PMC XML unusable for normalization.,publisher_pdf_or_user_download,PMC XML body element is missing. Unusable PMC XML deleted from run artifacts.
pmid-23682656,23682656,,10.1021/pr3011217,Understanding the biological context of NS5A-host interactions in HCV infection: a network-based approach.,No PMCID coverage available.,publisher_pdf_or_user_download,No PMCID found via NCBI idconv; PDF fallback will be needed.
pmid-23659500,23659500,,10.1042/CS20120594,Amiodarone inhibits the entry and assembly steps of hepatitis C virus life cycle.,No PMCID coverage available.,publisher_pdf_or_user_download,No PMCID found via NCBI idconv; PDF fallback will be needed.
pmid-23640893,23640893,PMC3682580,10.1074/jbc.M113.468975,Interleukin-2 inhibits HIV-1 replication in some human T cell lymphotrophic virus-1-infected cell lines via the induction and incorporation of APOBEC3G into the virion.,PMC XML unusable for normalization.,publisher_pdf_or_user_download,PMC XML body element is missing. Unusable PMC XML deleted from run artifacts.
pmid-23478265,23478265,PMC3647972,10.1128/MCB.01603-12,Human DEAD box helicase 3 couples IκB kinase ε to interferon regulatory factor 3 activation.,PMC XML unusable for normalization.,publisher_pdf_or_user_download,PMC XML body element is missing. Unusable PMC XML deleted from run artifacts.
pmid-23365451,23365451,PMC3624358,10.1128/JVI.00954-12,Contrasting roles of mitogen-activated protein kinases in cellular entry and replication of hepatitis C virus: MKNK1 facilitates cell entry.,PMC XML unusable for normalization.,publisher_pdf_or_user_download,PMC XML body element is missing. Unusable PMC XML deleted from run artifacts.
pmid-23348195,23348195,,10.1016/j.virusres.2013.01.006,The cellular protein TIP47 restricts Respirovirus multiplication leading to decreased virus particle production.,No PMCID coverage available.,publisher_pdf_or_user_download,No PMCID found via NCBI idconv; PDF fallback will be needed.
pmid-23269793,23269793,PMC3571388,10.1128/JVI.02514-12,SAMHD1 restricts HIV-1 cell-to-cell transmission and limits immune detection in monocyte-derived dendritic cells.,PMC XML unusable for normalization.,publisher_pdf_or_user_download,PMC XML body element is missing. Unusable PMC XML deleted from run artifacts.
pmid-23266878,23266878,,10.1007/s11262-012-0865-z,Kaposi's sarcoma: a computational approach through protein-protein interaction and gene regulatory networks analysis.,No PMCID coverage available.,publisher_pdf_or_user_download,No PMCID found via NCBI idconv; PDF fallback will be needed.
pmid-23221546,23221546,PMC3571454,10.1128/JVI.02272-12,Stimulation of NF-κB activity by the HIV restriction factor BST2.,PMC XML unusable for normalization.,publisher_pdf_or_user_download,PMC XML body element is missing. Unusable PMC XML deleted from run artifacts.
pmid-23076149,23076149,PMC3510820,10.1074/jbc.M112.403816,Functional analysis of the relationship between Vpx and the restriction factor SAMHD1.,PMC XML unusable for normalization.,publisher_pdf_or_user_download,PMC XML body element is missing. Unusable PMC XML deleted from run artifacts.
pmid-23043100,23043100,PMC3510791,10.1074/jbc.R112.416925,The restriction factors of human immunodeficiency virus.,PMC XML unusable for normalization.,publisher_pdf_or_user_download,PMC XML body element is missing. Unusable PMC XML deleted from run artifacts.
pmid-23019037,23019037,,10.3724/SP.J.1141.2012.05537,[SAMHD1 − a HIV-1 restriction factor derived from Myeloid lineage monocytes].,No PMCID coverage available.,publisher_pdf_or_user_download,No PMCID found via NCBI idconv; PDF fallback will be needed.
pmid-22722598,22722598,PMC3429549,10.4161/auto.20339,Autophagy and RNA virus interactomes reveal IRGM as a common target.,PMC XML unusable for normalization.,publisher_pdf_or_user_download,PMC XML body element is missing. Unusable PMC XML deleted from run artifacts.
pmid-22646850,22646850,,10.1021/pr300121a,Proteomic analysis of hepatitis C virus (HCV) core protein transfection and host regulator PA28γ knockout in HCV pathogenesis: a network-based study.,No PMCID coverage available.,publisher_pdf_or_user_download,No PMCID found via NCBI idconv; PDF fallback will be needed.
pmid-22553322,22553322,PMC3416313,10.1128/JVI.00157-12,Evidence for a genetic and physical interaction between nonstructural proteins NS1 and NS4B that modulates replication of West Nile virus.,PMC XML unusable for normalization.,publisher_pdf_or_user_download,PMC XML body element is missing. Unusable PMC XML deleted from run artifacts.
pmid-22545703,22545703,,10.1089/nat.2011.0332,A locked nucleic acid oligonucleotide targeting microRNA 122 is well-tolerated in cynomolgus monkeys.,No PMCID coverage available.,publisher_pdf_or_user_download,No PMCID found via NCBI idconv; PDF fallback will be needed.
pmid-22524176,22524176,,10.2174/157016212800792423,Sites of action of HIV-1 Vpu in BST-2/tetherin downregulation.,No PMCID coverage available.,publisher_pdf_or_user_download,No PMCID found via NCBI idconv; PDF fallback will be needed.
pmid-22514281,22514281,PMC3391094,10.1074/jbc.M111.306373,Glycogen synthase kinase 3β (GSK3β) modulates antiviral activity of zinc-finger antiviral protein (ZAP).,PMC XML unusable for normalization.,publisher_pdf_or_user_download,PMC XML body element is missing. Unusable PMC XML deleted from run artifacts.
pmid-22497815,22497815,,10.1111/j.1365-2893.2011.01556.x,Nonstructural 5A protein of hepatitis C virus regulates heat shock protein 72 for its own propagation.,No PMCID coverage available.,publisher_pdf_or_user_download,No PMCID found via NCBI idconv; PDF fallback will be needed.
pmid-22467683,22467683,,10.1093/jmcb/mjs011,Coexpression network analysis in chronic hepatitis B and C hepatic lesions reveals distinct patterns of disease progression to hepatocellular carcinoma.,No PMCID coverage available.,publisher_pdf_or_user_download,No PMCID found via NCBI idconv; PDF fallback will be needed.
pmid-22443280,22443280,,10.1021/pr201128s,Ferritin heavy chain is the host factor responsible for HCV-induced inhibition of apoB-100 production and is required for efficient viral infection.,No PMCID coverage available.,publisher_pdf_or_user_download,No PMCID found via NCBI idconv; PDF fallback will be needed.
pmid-22431021,22431021,,10.1002/jmv.23250,Hepatitis C virus promotes expression of the 3β-hydroxysterol δ24-reductase through Sp1.,No PMCID coverage available.,publisher_pdf_or_user_download,No PMCID found via NCBI idconv; PDF fallback will be needed.
pmid-22407013,22407013,,10.1038/nsmb.2243,Structure of N-terminal domain of ZAP indicates how a zinc-finger protein recognizes complex RNA.,No PMCID coverage available.,publisher_pdf_or_user_download,No PMCID found via NCBI idconv; PDF fallback will be needed.
pmid-22398279,22398279,PMC3347301,10.1128/JVI.06280-11,Anti-tetherin activities of HIV-1 Vpu and Ebola virus glycoprotein do not involve removal of tetherin from lipid rafts.,PMC XML unusable for normalization.,publisher_pdf_or_user_download,PMC XML body element is missing. Unusable PMC XML deleted from run artifacts.
pmid-22379090,22379090,PMC3347272,10.1128/JVI.00114-12,Valosin-containing protein (VCP/p97) is required for poliovirus replication and is involved in cellular protein secretion pathway in poliovirus infection.,PMC XML unusable for normalization.,publisher_pdf_or_user_download,PMC XML body element is missing. Unusable PMC XML deleted from run artifacts.
pmid-22350260,22350260,,10.1007/s00253-012-3933-3,Intracellular interactome of secreted antibody Fab fragment in Pichia pastoris reveals its routes of secretion and degradation.,No PMCID coverage available.,publisher_pdf_or_user_download,No PMCID found via NCBI idconv; PDF fallback will be needed.
pmid-22318991,22318991,,10.1002/hep.25642,Major vault protein: a virus-induced host factor against viral replication through the induction of type-I interferon.,No PMCID coverage available.,publisher_pdf_or_user_download,No PMCID found via NCBI idconv; PDF fallback will be needed.
pmid-22215596,22215596,PMC3271899,10.1073/pnas.1112263109,Stabilization of hepatitis C virus RNA by an Ago2-miR-122 complex.,PMC XML unusable for normalization.,publisher_pdf_or_user_download,PMC XML body element is missing. Unusable PMC XML deleted from run artifacts.
pmid-22174317,22174317,PMC3322577,10.1074/mcp.M111.015313,Host cell interactome of HIV-1 Rev includes RNA helicases involved in multiple facets of virus production.,PMC XML unusable for normalization.,publisher_pdf_or_user_download,PMC XML body element is missing. Unusable PMC XML deleted from run artifacts.
pmid-22171279,22171279,PMC3302389,10.1128/JVI.06035-11,Productive replication and evolution of HIV-1 in ferret cells.,PMC XML unusable for normalization.,publisher_pdf_or_user_download,PMC XML body element is missing. Unusable PMC XML deleted from run artifacts.
pmid-22154809,22154809,,10.1016/j.jmb.2011.11.034,Solution structure of the HIV-1 exon splicing silencer 3.,No PMCID coverage available.,publisher_pdf_or_user_download,No PMCID found via NCBI idconv; PDF fallback will be needed.
pmid-22072710,22072710,PMC3249111,10.1074/jbc.M111.296772,HIV-1 Vpu protein antagonizes innate restriction factor BST-2 via lipid-embedded helix-helix interactions.,PMC XML unusable for normalization.,publisher_pdf_or_user_download,PMC XML body element is missing. Unusable PMC XML deleted from run artifacts.
pmid-22077229,22077229,,10.1111/j.1574-695X.2011.00848.x,Extensive viral mimicry of 22 AIDS-related autoantigens by HIV-1 proteins and pathway analysis of 561 viral/human homologues suggest an initial treatable autoimmune component of AIDS.,No PMCID coverage available.,publisher_pdf_or_user_download,No PMCID found via NCBI idconv; PDF fallback will be needed.
pmid-22056990,22056990,,10.1038/nature10623,HIV-1 restriction factor SAMHD1 is a deoxynucleoside triphosphate triphosphohydrolase.,No PMCID coverage available.,publisher_pdf_or_user_download,No PMCID found via NCBI idconv; PDF fallback will be needed.
pmid-21957497,21957497,PMC3256426,10.4161/rna.8.6.17836,Quantitative mass spectrometry of DENV-2 RNA-interacting proteins reveals that the DEAD-box RNA helicase DDX6 binds the DB1 and DB2 3' UTR structures.,PMC XML unusable for normalization.,publisher_pdf_or_user_download,PMC XML body element is missing. Unusable PMC XML deleted from run artifacts.
pmid-21918865,21918865,,10.1007/s00705-011-1097-6,Rhesus monkey TRIM5α represses HIV-1 LTR promoter activity by negatively regulating TAK1/TAB1/TAB2/TAB3-complex-mediated NF-κB activation.,No PMCID coverage available.,publisher_pdf_or_user_download,No PMCID found via NCBI idconv; PDF fallback will be needed.
pmid-21876179,21876179,PMC3179061,10.1073/pnas.1101676108,Zinc-finger antiviral protein inhibits HIV-1 infection by selectively targeting multiply spliced viral mRNAs for degradation.,PMC XML unusable for normalization.,publisher_pdf_or_user_download,PMC XML body element is missing. Unusable PMC XML deleted from run artifacts.
pmid-21849455,21849455,PMC3194978,10.1128/JVI.00719-11,Y-box-binding protein 1 interacts with hepatitis C virus NS3/4A and influences the equilibrium between viral RNA replication and infectious particle production.,PMC XML unusable for normalization.,publisher_pdf_or_user_download,PMC XML body element is missing. Unusable PMC XML deleted from run artifacts.
pmid-21835787,21835787,PMC3194973,10.1128/JVI.05238-11,"Human and rhesus APOBEC3D, APOBEC3F, APOBEC3G, and APOBEC3H demonstrate a conserved capacity to restrict Vif-deficient HIV-1.",PMC XML unusable for normalization.,publisher_pdf_or_user_download,PMC XML body element is missing. Unusable PMC XML deleted from run artifacts.
pmid-21825869,21825869,,10.1097/COH.0b013e3283499e11,Innate immune factors associated with HIV-1 transmission.,No PMCID coverage available.,publisher_pdf_or_user_download,No PMCID found via NCBI idconv; PDF fallback will be needed.
pmid-21808013,21808013,PMC3158195,10.1073/pnas.1101684108,In vivo expression profile of the antiviral restriction factor and tumor-targeting antigen CD317/BST-2/HM1.24/tetherin in humans.,PMC XML unusable for normalization.,publisher_pdf_or_user_download,PMC XML body element is missing. Unusable PMC XML deleted from run artifacts.
pmid-21806988,21806988,,10.1016/j.febslet.2011.07.019,Phospholipid scramblase 1 mediates hepatitis C virus entry into host cells.,No PMCID coverage available.,publisher_pdf_or_user_download,No PMCID found via NCBI idconv; PDF fallback will be needed.
pmid-21795330,21795330,PMC3196437,10.1128/JVI.00097-11,Variable prevalence and functional diversity of the antiretroviral restriction factor TRIMCyp in Macaca fascicularis.,PMC XML unusable for normalization.,publisher_pdf_or_user_download,PMC XML body element is missing. Unusable PMC XML deleted from run artifacts.
pmid-21680743,21680743,PMC3151041,10.1074/jbc.M111.260406,Determinants of the higher order association of the restriction factor TRIM5alpha and other tripartite motif (TRIM) proteins.,PMC XML unusable for normalization.,publisher_pdf_or_user_download,PMC XML body element is missing. Unusable PMC XML deleted from run artifacts.
pmid-21680504,21680504,PMC3165832,10.1128/JVI.02533-10,Peptidyl-prolyl isomerase Pin1 is a cellular factor required for hepatitis C virus propagation.,PMC XML unusable for normalization.,publisher_pdf_or_user_download,PMC XML body element is missing. Unusable PMC XML deleted from run artifacts.
pmid-21480319,21480319,,10.1002/hep.24214,c-Src is required for complex formation between the hepatitis C virus-encoded proteins NS5A and NS5B: a prerequisite for replication.,No PMCID coverage available.,publisher_pdf_or_user_download,No PMCID found via NCBI idconv; PDF fallback will be needed.
pmid-21341383,21341383,,10.3724/SP.J.1141.2011.01040,[Identification of the TRIM5/TRIMCyp heterozygous genotype in Macaca assamensis].,No PMCID coverage available.,publisher_pdf_or_user_download,No PMCID found via NCBI idconv; PDF fallback will be needed.
pmid-21300806,21300806,PMC3064197,10.1074/jbc.M110.199604,Intensity of deoxycytidine deamination of HIV-1 proviral DNA by the retroviral restriction factor APOBEC3G is mediated by the noncatalytic domain.,PMC XML unusable for normalization.,publisher_pdf_or_user_download,PMC XML body element is missing. Unusable PMC XML deleted from run artifacts.
pmid-21297162,21297162,PMC3064185,10.1074/jbc.M110.194472,Hepatitis C virus NS5A protein interacts with phosphatidylinositol 4-kinase type IIIalpha and regulates viral propagation.,PMC XML unusable for normalization.,publisher_pdf_or_user_download,PMC XML body element is missing. Unusable PMC XML deleted from run artifacts.
pmid-21289118,21289118,PMC3126137,10.1128/JVI.02546-10,TRIM56 is a virus- and interferon-inducible E3 ubiquitin ligase that restricts pestivirus infection.,PMC XML unusable for normalization.,publisher_pdf_or_user_download,PMC XML body element is missing. Unusable PMC XML deleted from run artifacts.
pmid-21282347,21282347,PMC3062177,10.1261/rna.2462011,Identification of Tat-SF1 cellular targets by exon array analysis reveals dual roles in transcription and splicing.,PMC XML unusable for normalization.,publisher_pdf_or_user_download,PMC XML body element is missing. Unusable PMC XML deleted from run artifacts.
pmid-21217078,21217078,,10.1182/blood-2010-05-287193,The nerve growth factor reduces APOBEC3G synthesis and enhances HIV-1 transcription and replication in human primary macrophages.,No PMCID coverage available.,publisher_pdf_or_user_download,No PMCID found via NCBI idconv; PDF fallback will be needed.
pmid-21191020,21191020,PMC3067951,10.1128/JVI.02080-10,Differential effects of human immunodeficiency virus type 1 Vpu on the stability of BST-2/tetherin.,PMC XML unusable for normalization.,publisher_pdf_or_user_download,PMC XML body element is missing. Unusable PMC XML deleted from run artifacts.
pmid-21177810,21177810,PMC3067798,10.1128/JVI.02249-10,Phosphatidylinositol 4-kinase III beta is a target of enviroxime-like compounds for antipoliovirus activity.,PMC XML unusable for normalization.,publisher_pdf_or_user_download,PMC XML body element is missing. Unusable PMC XML deleted from run artifacts.
pmid-21166593,21166593,PMC3021358,10.1089/jir.2010.0108,"The interferon-inducible host factor bone marrow stromal antigen 2/tetherin restricts virion release, but is it actually a viral restriction factor?",PMC XML unusable for normalization.,publisher_pdf_or_user_download,PMC XML body element is missing. Unusable PMC XML deleted from run artifacts.
pmid-21148275,21148275,,10.1099/vir.0.028597-0,Functional interaction between cellular p100 and the dengue virus 3' UTR.,No PMCID coverage available.,publisher_pdf_or_user_download,No PMCID found via NCBI idconv; PDF fallback will be needed.
pmid-21078663,21078663,PMC3024752,10.1074/jbc.M110.154377,"NFAT and IRF proteins regulate transcription of the anti-HIV gene, APOBEC3G.",PMC XML unusable for normalization.,publisher_pdf_or_user_download,PMC XML body element is missing. Unusable PMC XML deleted from run artifacts.
pmid-20980512,20980512,PMC3014196,10.1128/JVI.01795-10,Serine-threonine ubiquitination mediates downregulation of BST-2/tetherin and relief of restricted virion release by HIV-1 Vpu.,PMC XML unusable for normalization.,publisher_pdf_or_user_download,PMC XML body element is missing. Unusable PMC XML deleted from run artifacts.
pmid-20962083,20962083,PMC3014163,10.1128/JVI.01406-10,Small-molecule inhibition of human immunodeficiency virus type 1 infection by virus capsid destabilization.,PMC XML unusable for normalization.,publisher_pdf_or_user_download,PMC XML body element is missing. Unusable PMC XML deleted from run artifacts.
pmid-21203916,21203916,PMC4875198,10.1007/s13238-010-0096-9,Analyses of SELEX-derived ZAP-binding RNA aptamers suggest that the binding specificity is determined by both structure and sequence of the RNA.,PMC XML unusable for normalization.,publisher_pdf_or_user_download,PMC XML body element is missing. Unusable PMC XML deleted from run artifacts.
pmid-20940320,20940320,PMC2972963,10.1073/pnas.1011485107,Structural insight into the mechanisms of enveloped virus tethering by tetherin.,PMC XML unusable for normalization.,publisher_pdf_or_user_download,PMC XML body element is missing. Unusable PMC XML deleted from run artifacts.
pmid-20861257,20861257,PMC2976402,10.1128/JVI.01447-10,Cell-cell spread of human immunodeficiency virus type 1 overcomes tetherin/BST-2-mediated restriction in T cells.,PMC XML unusable for normalization.,publisher_pdf_or_user_download,PMC XML body element is missing. Unusable PMC XML deleted from run artifacts.
pmid-20807705,20807705,,10.1189/jlb.0310176,Arsenic modulates APOBEC3G-mediated restriction to HIV-1 infection in myeloid dendritic cells.,No PMCID coverage available.,publisher_pdf_or_user_download,No PMCID found via NCBI idconv; PDF fallback will be needed.
pmid-20702783,20702783,PMC3101857,10.1074/mcp.M110.003418,Identification of essential filovirion-associated host factors by serial proteomic analysis and RNAi screen.,PMC XML unusable for normalization.,publisher_pdf_or_user_download,PMC XML body element is missing. Unusable PMC XML deleted from run artifacts.
pmid-20601427,20601427,PMC2934683,10.1074/jbc.M110.118323,Heat shock protein 72 is associated with the hepatitis C virus replicase complex and enhances viral RNA replication.,PMC XML unusable for normalization.,publisher_pdf_or_user_download,PMC XML body element is missing. Unusable PMC XML deleted from run artifacts.
pmid-20473303,20473303,,10.1038/nchembio.370,Rational design of small-molecule inhibitors of the LEDGF/p75-integrase interaction and HIV replication.,No PMCID coverage available.,publisher_pdf_or_user_download,No PMCID found via NCBI idconv; PDF fallback will be needed.
pmid-20410272,20410272,PMC2903270,10.1128/JVI.00210-10,TRIM5alpha disrupts the structure of assembled HIV-1 capsid complexes in vitro.,PMC XML unusable for normalization.,publisher_pdf_or_user_download,PMC XML body element is missing. Unusable PMC XML deleted from run artifacts.
pmid-20335258,20335258,PMC2876593,10.1128/JVI.02343-09,Role of annexin A2 in the production of infectious hepatitis C virus particles.,PMC XML unusable for normalization.,publisher_pdf_or_user_download,PMC XML body element is missing. Unusable PMC XML deleted from run artifacts.
pmid-20147395,20147395,PMC2849503,10.1128/JVI.01549-09,Antagonism of CD317 restriction of human immunodeficiency virus type 1 (HIV-1) particle release and depletion of CD317 are separable activities of HIV-1 Vpu.,PMC XML unusable for normalization.,publisher_pdf_or_user_download,PMC XML body element is missing. Unusable PMC XML deleted from run artifacts.
pmid-20147389,20147389,PMC2863769,10.1128/JVI.02421-09,CD317/tetherin is enriched in the HIV-1 envelope and downregulated from the plasma membrane upon virus infection.,PMC XML unusable for normalization.,publisher_pdf_or_user_download,PMC XML body element is missing. Unusable PMC XML deleted from run artifacts.
pmid-20110098,20110098,,10.1016/j.virol.2010.01.003,Contribution of RING domain to retrovirus restriction by TRIM5alpha depends on combination of host and virus.,No PMCID coverage available.,publisher_pdf_or_user_download,No PMCID found via NCBI idconv; PDF fallback will be needed.
pmid-20089662,20089662,PMC2838092,10.1128/JVI.02590-09,HIV-1 Vpr induces the K48-linked polyubiquitination and proteasomal degradation of target cellular proteins to activate ATR and promote G2 arrest.,PMC XML unusable for normalization.,publisher_pdf_or_user_download,PMC XML body element is missing. Unusable PMC XML deleted from run artifacts.
pmid-20053985,20053985,PMC2844226,10.1074/jbc.M109.040618,Hsp70 interacts with the retroviral restriction factor TRIM5alpha and assists the folding of TRIM5alpha.,PMC XML unusable for normalization.,publisher_pdf_or_user_download,PMC XML body element is missing. Unusable PMC XML deleted from run artifacts.
pmid-20023216,20023216,PMC2830761,10.1182/blood-2009-06-226423,CCR6 ligands inhibit HIV by inducing APOBEC3G.,PMC XML unusable for normalization.,publisher_pdf_or_user_download,PMC XML body element is missing. Unusable PMC XML deleted from run artifacts.
pmid-20014138,20014138,,10.1002/hep.23278,Apolipoprotein E interacts with hepatitis C virus nonstructural protein 5A and determines assembly of infectious particles.,No PMCID coverage available.,publisher_pdf_or_user_download,No PMCID found via NCBI idconv; PDF fallback will be needed.
pmid-19906930,19906930,PMC2798365,10.1128/JVI.01190-09,Identification of GBF1 as a cellular factor required for hepatitis C virus RNA replication.,PMC XML unusable for normalization.,publisher_pdf_or_user_download,PMC XML body element is missing. Unusable PMC XML deleted from run artifacts.
pmid-19899129,19899129,,10.1002/cyto.a.20818,A quantitative measure for alterations in the actin cytoskeleton investigated with automated high-throughput microscopy.,No PMCID coverage available.,publisher_pdf_or_user_download,No PMCID found via NCBI idconv; PDF fallback will be needed.
pmid-19837671,19837671,PMC2787367,10.1074/jbc.M109.058305,HIV-1 accessory protein Vpu internalizes cell-surface BST-2/tetherin through transmembrane interactions leading to lysosomes.,PMC XML unusable for normalization.,publisher_pdf_or_user_download,PMC XML body element is missing. Unusable PMC XML deleted from run artifacts.
pmid-19811073,19811073,,10.1586/epr.09.73,Cell-type-specific proteome and interactome: using HIV-1 Tat as a test case.,No PMCID coverage available.,publisher_pdf_or_user_download,No PMCID found via NCBI idconv; PDF fallback will be needed.
pmid-19793820,19793820,PMC2786830,10.1128/JVI.01786-09,Effect of calcium-modulating cyclophilin ligand on human immunodeficiency virus type 1 particle release and cell surface expression of tetherin.,PMC XML unusable for normalization.,publisher_pdf_or_user_download,PMC XML body element is missing. Unusable PMC XML deleted from run artifacts.
pmid-19539482,19539482,,10.1016/j.bmc.2009.05.045,Proteochemometrics mapping of the interaction space for retroviral proteases and their substrates.,No PMCID coverage available.,publisher_pdf_or_user_download,No PMCID found via NCBI idconv; PDF fallback will be needed.
pmid-19515779,19515779,PMC2715753,10.1128/JVI.00242-09,Vpu directs the degradation of the human immunodeficiency virus restriction factor BST-2/Tetherin via a {beta}TrCP-dependent mechanism.,PMC XML unusable for normalization.,publisher_pdf_or_user_download,PMC XML body element is missing. Unusable PMC XML deleted from run artifacts.
pmid-19451286,19451286,PMC2715601,10.1128/AAC.00189-09,Cyclosporine inhibits flavivirus replication through blocking the interaction between host cyclophilins and viral NS5 protein.,PMC XML unusable for normalization.,publisher_pdf_or_user_download,PMC XML body element is missing. Unusable PMC XML deleted from run artifacts.
pmid-19327355,19327355,,10.1016/j.febslet.2009.03.041,Requirement for microtubule integrity in the SOCS1-mediated intracellular dynamics of HIV-1 Gag.,No PMCID coverage available.,publisher_pdf_or_user_download,No PMCID found via NCBI idconv; PDF fallback will be needed.
pmid-19278657,19278657,,10.1016/j.str.2008.12.020,Three-dimensional structure of AAA ATPase Vps4: advancing structural insights into the mechanisms of endosomal sorting and enveloped virus budding.,No PMCID coverage available.,publisher_pdf_or_user_download,No PMCID found via NCBI idconv; PDF fallback will be needed.
pmid-19244337,19244337,PMC2668474,10.1128/JVI.01800-08,Suppression of Tetherin-restricting activity upon human immunodeficiency virus type 1 particle release correlates with localization of Vpu in the trans-Golgi network.,PMC XML unusable for normalization.,publisher_pdf_or_user_download,PMC XML body element is missing. Unusable PMC XML deleted from run artifacts.
pmid-19244240,19244240,PMC2670152,10.1074/jbc.M807781200,Lens epithelium-derived growth factor/p75 interacts with the transposase-derived DDE domain of PogZ.,PMC XML unusable for normalization.,publisher_pdf_or_user_download,PMC XML body element is missing. Unusable PMC XML deleted from run artifacts.
pmid-19153238,19153238,PMC2663286,10.1128/JVI.02347-08,Induction of APOBEC3 in vivo causes increased restriction of retrovirus infection.,PMC XML unusable for normalization.,publisher_pdf_or_user_download,PMC XML body element is missing. Unusable PMC XML deleted from run artifacts.
pmid-19374199,19374199,,10.2222/jsv.58.207,[Suppression of hepatitis C virus with the reagent targetting host factors].,No PMCID coverage available.,publisher_pdf_or_user_download,No PMCID found via NCBI idconv; PDF fallback will be needed.
pmid-18976975,18976975,,10.1016/j.chom.2008.10.004,Genome-scale RNAi screen for host factors required for HIV replication.,No PMCID coverage available.,publisher_pdf_or_user_download,No PMCID found via NCBI idconv; PDF fallback will be needed.
pmid-18854243,18854243,,10.1016/j.chom.2008.08.013,HIV Nef enhances Tat-mediated viral transcription through a hnRNP-K-nucleated signaling complex.,No PMCID coverage available.,publisher_pdf_or_user_download,No PMCID found via NCBI idconv; PDF fallback will be needed.
pmid-18851679,18851679,PMC2928122,10.1089/aid.2008.0072,The level of APOBEC3G (hA3G)-related G-to-A mutations does not correlate with viral load in HIV type 1-infected individuals.,PMC XML unusable for normalization.,publisher_pdf_or_user_download,PMC XML body element is missing. Unusable PMC XML deleted from run artifacts.
pmid-18836454,18836454,,10.1038/nsmb.1497,Phosphorylation of APOBEC3G by protein kinase A regulates its interaction with HIV-1 Vif.,No PMCID coverage available.,publisher_pdf_or_user_download,No PMCID found via NCBI idconv; PDF fallback will be needed.
pmid-18819912,18819912,PMC2662242,10.1074/jbc.M804587200,Role of HRB in clathrin-dependent endocytosis.,PMC XML unusable for normalization.,publisher_pdf_or_user_download,PMC XML body element is missing. Unusable PMC XML deleted from run artifacts.
pmid-18799572,18799572,PMC2583655,10.1128/JVI.01559-08,Biochemical and biophysical characterization of a chimeric TRIM21-TRIM5alpha protein.,PMC XML unusable for normalization.,publisher_pdf_or_user_download,PMC XML body element is missing. Unusable PMC XML deleted from run artifacts.
pmid-18500349,18500349,PMC2652483,10.1038/nm1778,Identification of calcium-modulating cyclophilin ligand as a human host restriction to HIV-1 release overcome by Vpu.,PMC XML unusable for normalization.,publisher_pdf_or_user_download,PMC XML body element is missing. Unusable PMC XML deleted from run artifacts.
pmid-18480452,18480452,PMC2446983,10.1128/JVI.02543-07,"CDK13, a new potential human immunodeficiency virus type 1 inhibitory factor regulating viral mRNA splicing.",PMC XML unusable for normalization.,publisher_pdf_or_user_download,PMC XML body element is missing. Unusable PMC XML deleted from run artifacts.
pmid-18462673,18462673,PMC2697820,10.1016/j.str.2008.01.020,Crystal structure of NFAT bound to the HIV-1 LTR tandem kappaB enhancer element.,PMC XML unusable for normalization.,publisher_pdf_or_user_download,PMC XML body element is missing. Unusable PMC XML deleted from run artifacts.
pmid-18385767,18385767,,10.1038/gt.2008.50,Tissue-specific restriction of cyclophilin A-independent HIV-1- and SIV-derived lentiviral vectors.,No PMCID coverage available.,publisher_pdf_or_user_download,No PMCID found via NCBI idconv; PDF fallback will be needed.
pmid-18342597,18342597,PMC2474773,10.1016/j.chom.2008.03.001,The interferon-induced protein BST-2 restricts HIV-1 release and is downregulated from the cell surface by the viral Vpu protein.,PMC XML unusable for normalization.,publisher_pdf_or_user_download,PMC XML body element is missing. Unusable PMC XML deleted from run artifacts.
pmid-18287035,18287035,PMC2265179,10.1073/pnas.0709003105,Independent evolution of an antiviral TRIMCyp in rhesus macaques.,PMC XML unusable for normalization.,publisher_pdf_or_user_download,PMC XML body element is missing. Unusable PMC XML deleted from run artifacts.
pmid-18287034,18287034,PMC2265128,10.1073/pnas.0709258105,Independent genesis of chimeric TRIM5-cyclophilin proteins in two primate species.,PMC XML unusable for normalization.,publisher_pdf_or_user_download,PMC XML body element is missing. Unusable PMC XML deleted from run artifacts.
pmid-18172216,18172216,PMC2224204,10.1073/pnas.0704831105,SOCS1 is an inducible host factor during HIV-1 infection and regulates the intracellular trafficking and stability of HIV-1 Gag.,PMC XML unusable for normalization.,publisher_pdf_or_user_download,PMC XML body element is missing. Unusable PMC XML deleted from run artifacts.
pmid-18165230,18165230,,10.1074/jbc.M708567200,Nuclear Exclusion of the HIV-1 host defense factor APOBEC3G requires a novel cytoplasmic retention signal and is not dependent on RNA binding.,No PMCID coverage available.,publisher_pdf_or_user_download,No PMCID found via NCBI idconv; PDF fallback will be needed.
pmid-17715216,17715216,PMC2168785,10.1128/JVI.00620-07,Analysis of human cell heterokaryons demonstrates that target cell restriction of cyclosporine-resistant human immunodeficiency virus type 1 mutants is genetically dominant.,PMC XML unusable for normalization.,publisher_pdf_or_user_download,PMC XML body element is missing. Unusable PMC XML deleted from run artifacts.
pmid-17643463,17643463,,10.1016/j.virol.2007.06.028,The RING finger ubiquitin ligase RNF125/TRAC-1 down-modulates HIV-1 replication in primary human peripheral blood mononuclear cells.,No PMCID coverage available.,publisher_pdf_or_user_download,No PMCID found via NCBI idconv; PDF fallback will be needed.
pmid-17609268,17609268,PMC2045386,10.1128/JVI.00616-07,Fusion of cyclophilin A to Fv1 enables cyclosporine-sensitive restriction of human and feline immunodeficiency viruses.,PMC XML unusable for normalization.,publisher_pdf_or_user_download,PMC XML body element is missing. Unusable PMC XML deleted from run artifacts.
pmid-17574642,17574642,PMC2065756,10.1016/j.virol.2007.04.034,The ability of multimerized cyclophilin A to restrict retrovirus infection.,PMC XML unusable for normalization.,publisher_pdf_or_user_download,PMC XML body element is missing. Unusable PMC XML deleted from run artifacts.
pmid-17569707,17569707,,10.1093/jb/mvm102,Functional interaction of hepatitis C Virus NS5B with Nucleolin GAR domain.,No PMCID coverage available.,publisher_pdf_or_user_download,No PMCID found via NCBI idconv; PDF fallback will be needed.
pmid-17428871,17428871,PMC1933301,10.1128/JVI.00272-07,Human immunodeficiency virus type 1 cDNAs produced in the presence of APOBEC3G exhibit defects in plus-strand DNA transfer and integration.,PMC XML unusable for normalization.,publisher_pdf_or_user_download,PMC XML body element is missing. Unusable PMC XML deleted from run artifacts.
pmid-17427231,17427231,,10.1002/prot.21415,Computational proteomics analysis of HIV-1 protease interactome.,No PMCID coverage available.,publisher_pdf_or_user_download,No PMCID found via NCBI idconv; PDF fallback will be needed.
pmid-17400754,17400754,PMC1851072,10.1073/pnas.0609174104,Structural basis for PRYSPRY-mediated tripartite motif (TRIM) protein function.,PMC XML unusable for normalization.,publisher_pdf_or_user_download,PMC XML body element is missing. Unusable PMC XML deleted from run artifacts.
pmid-17344295,17344295,PMC1900209,10.1128/JVI.02237-06,APOBEC3G multimers are recruited to the plasma membrane for packaging into human immunodeficiency virus type 1 virus-like particles in an RNA-dependent process requiring the NC basic linker.,PMC XML unusable for normalization.,publisher_pdf_or_user_download,PMC XML body element is missing. Unusable PMC XML deleted from run artifacts.
pmid-17314519,17314519,,10.1097/QAD.0b013e32801424a5,"Inhibiting lentiviral replication by HEXIM1, a cellular negative regulator of the CDK9/cyclin T complex.",No PMCID coverage available.,publisher_pdf_or_user_download,No PMCID found via NCBI idconv; PDF fallback will be needed.
pmid-17267486,17267486,PMC1866116,10.1128/JVI.02322-06,Transcriptional coactivator LEDGF/p75 modulates human immunodeficiency virus type 1 integrase-mediated concerted integration.,PMC XML unusable for normalization.,publisher_pdf_or_user_download,PMC XML body element is missing. Unusable PMC XML deleted from run artifacts.
pmid-17090531,17090531,,10.1074/jbc.M607439200,Requirement of non-canonical activity of uracil DNA glycosylase for class switch recombination.,No PMCID coverage available.,publisher_pdf_or_user_download,No PMCID found via NCBI idconv; PDF fallback will be needed.
pmid-17172832,17172832,,10.4161/cc.5.22.3442,The role of Vpr in the regulation of HIV-1 gene expression.,No PMCID coverage available.,publisher_pdf_or_user_download,No PMCID found via NCBI idconv; PDF fallback will be needed.
pmid-17030807,17030807,PMC1592537,10.1073/pnas.0604524103,High-molecular-mass APOBEC3G complexes restrict Alu retrotransposition.,PMC XML unusable for normalization.,publisher_pdf_or_user_download,PMC XML body element is missing. Unusable PMC XML deleted from run artifacts.
pmid-16923810,16923810,,10.1074/jbc.M604220200,SerpinB2 is an inducible host factor involved in enhancing HIV-1 transcription and replication.,No PMCID coverage available.,publisher_pdf_or_user_download,No PMCID found via NCBI idconv; PDF fallback will be needed.
pmid-16890533,16890533,,10.1016/j.cub.2006.06.055,Murine retrovirus escapes from murine APOBEC3 via two distinct novel mechanisms.,No PMCID coverage available.,publisher_pdf_or_user_download,No PMCID found via NCBI idconv; PDF fallback will be needed.
pmid-16650449,16650449,,10.1016/j.virol.2006.03.023,Requirements for capsid-binding and an effector function in TRIMCyp-mediated restriction of HIV-1.,No PMCID coverage available.,publisher_pdf_or_user_download,No PMCID found via NCBI idconv; PDF fallback will be needed.
pmid-16643975,16643975,,10.1016/j.virol.2006.03.015,Cyclophilin A: an auxiliary but not necessary cofactor for TRIM5alpha restriction of HIV-1.,No PMCID coverage available.,publisher_pdf_or_user_download,No PMCID found via NCBI idconv; PDF fallback will be needed.
pmid-16629470,16629470,,10.5357/koubyou.73.47,[Identification of the novel host factor that interacts with HIV-1 integrase and analysis of the expression profile of the interactor in vivo].,No PMCID coverage available.,publisher_pdf_or_user_download,No PMCID found via NCBI idconv; PDF fallback will be needed.
pmid-16571822,16571822,PMC1440439,10.1128/JVI.80.8.4061-4067.2006,Trim-cyclophilin A fusion proteins can restrict human immunodeficiency virus type 1 infection at two distinct phases in the viral life cycle.,PMC XML unusable for normalization.,publisher_pdf_or_user_download,PMC XML body element is missing. Unusable PMC XML deleted from run artifacts.
pmid-16540544,16540544,PMC1459386,10.1073/pnas.0509996103,Specific recognition and accelerated uncoating of retroviral capsids by the TRIM5alpha restriction factor.,PMC XML unusable for normalization.,publisher_pdf_or_user_download,PMC XML body element is missing. Unusable PMC XML deleted from run artifacts.
pmid-16474153,16474153,PMC1395369,10.1128/JVI.80.5.2463-2471.2006,Genetic association of the antiviral restriction factor TRIM5alpha with human immunodeficiency virus type 1 infection.,PMC XML unusable for normalization.,publisher_pdf_or_user_download,PMC XML body element is missing. Unusable PMC XML deleted from run artifacts.
pmid-16339411,16339411,,10.1126/science.1116804,Herpesviral protein networks and their interaction with the human proteome.,No PMCID coverage available.,publisher_pdf_or_user_download,No PMCID found via NCBI idconv; PDF fallback will be needed.
pmid-16306627,16306627,PMC1316013,10.1128/JVI.79.24.15567-15572.2005,"Restriction of human immunodeficiency virus type 1 by TRIM-CypA occurs with rapid kinetics and independently of cytoplasmic bodies, ubiquitin, and proteasome activity.",PMC XML unusable for normalization.,publisher_pdf_or_user_download,PMC XML body element is missing. Unusable PMC XML deleted from run artifacts.
pmid-16227268,16227268,PMC1262604,10.1128/JVI.79.21.13473-13482.2005,Human VAP-B is involved in hepatitis C virus replication through interaction with NS5A and NS5B.,PMC XML unusable for normalization.,publisher_pdf_or_user_download,PMC XML body element is missing. Unusable PMC XML deleted from run artifacts.
pmid-16081321,16081321,,10.1016/j.ymthe.2005.07.291,TRIM5alpharh expression restricts HIV-1 infection in lentiviral vector-transduced CD34+-cell-derived macrophages.,No PMCID coverage available.,publisher_pdf_or_user_download,No PMCID found via NCBI idconv; PDF fallback will be needed.
pmid-15994766,15994766,PMC1168746,10.1128/JVI.79.14.8724-8731.2005,Foamy virus Bet proteins function as novel inhibitors of the APOBEC3 family of innate antiretroviral defense factors.,PMC XML unusable for normalization.,publisher_pdf_or_user_download,PMC XML body element is missing. Unusable PMC XML deleted from run artifacts.
pmid-15829920,15829920,,10.1038/nature03493,Cellular APOBEC3G restricts HIV-1 infection in resting CD4+ T cells.,No PMCID coverage available.,publisher_pdf_or_user_download,No PMCID found via NCBI idconv; PDF fallback will be needed.
pmid-15778371,15778371,,10.4049/jimmunol.174.7.4120,Galectin-1 acts as a soluble host factor that promotes HIV-1 infectivity through stabilization of virus attachment to host cells.,No PMCID coverage available.,publisher_pdf_or_user_download,No PMCID found via NCBI idconv; PDF fallback will be needed.
pmid-15713840,15713840,PMC548945,10.1101/gad.1267905,Genome-wide RNAi screen reveals a specific sensitivity of IRES-containing RNA viruses to host translation inhibition.,PMC XML unusable for normalization.,publisher_pdf_or_user_download,PMC XML body element is missing. Unusable PMC XML deleted from run artifacts.
pmid-15596813,15596813,PMC538701,10.1128/JVI.79.1.176-183.2005,Cyclophilin interactions with incoming human immunodeficiency virus type 1 capsids with opposing effects on infectivity in human cells.,PMC XML unusable for normalization.,publisher_pdf_or_user_download,PMC XML body element is missing. Unusable PMC XML deleted from run artifacts.
pmid-15581898,15581898,,10.1016/j.jmb.2004.10.067,APOBEC3G ubiquitination by Nedd4-1 favors its packaging into HIV-1 particles.,No PMCID coverage available.,publisher_pdf_or_user_download,No PMCID found via NCBI idconv; PDF fallback will be needed.
pmid-15479848,15479848,PMC523284,10.1128/JVI.78.21.12066-12070.2004,Selection for loss of Ref1 activity in human cells releases human immunodeficiency virus type 1 from cyclophilin A dependence during infection.,PMC XML unusable for normalization.,publisher_pdf_or_user_download,PMC XML body element is missing. Unusable PMC XML deleted from run artifacts.
pmid-15249690,15249690,PMC490012,10.1073/pnas.0402876101,Trim5alpha protein restricts both HIV-1 and murine leukemia virus.,PMC XML unusable for normalization.,publisher_pdf_or_user_download,PMC XML body element is missing. Unusable PMC XML deleted from run artifacts.
pmid-15249687,15249687,PMC490011,10.1073/pnas.0402474101,The human and African green monkey TRIM5alpha genes encode Ref1 and Lv1 retroviral restriction factor activities.,PMC XML unusable for normalization.,publisher_pdf_or_user_download,PMC XML body element is missing. Unusable PMC XML deleted from run artifacts.
pmid-15208447,15208447,PMC1370602,10.1261/rna.5263904,A novel function for Sam68: enhancement of HIV-1 RNA 3' end processing.,PMC XML unusable for normalization.,publisher_pdf_or_user_download,PMC XML body element is missing. Unusable PMC XML deleted from run artifacts.
pmid-15141007,15141007,PMC415831,10.1128/JVI.78.11.6073-6076.2004,Human APOBEC3F is another host factor that blocks human immunodeficiency virus type 1 replication.,PMC XML unusable for normalization.,publisher_pdf_or_user_download,PMC XML body element is missing. Unusable PMC XML deleted from run artifacts.
pmid-15064363,15064363,PMC390370,10.1093/nar/gkh519,"Ded1p, a conserved DExD/H-box translation factor, can promote yeast L-A virus negative-strand RNA synthesis in vitro.",PMC XML unusable for normalization.,publisher_pdf_or_user_download,PMC XML body element is missing. Unusable PMC XML deleted from run artifacts.
pmid-15057887,15057887,,10.1002/hep.20139,Host factors and failure of interferon-alpha treatment in hepatitis C virus.,No PMCID coverage available.,publisher_pdf_or_user_download,No PMCID found via NCBI idconv; PDF fallback will be needed.
pmid-15013426,15013426,,10.1016/j.bbrc.2004.01.023,The Vif protein of human immunodeficiency virus type 1 is posttranslationally modified by ubiquitin.,No PMCID coverage available.,publisher_pdf_or_user_download,No PMCID found via NCBI idconv; PDF fallback will be needed.
pmid-14963118,14963118,PMC369229,10.1128/jvi.78.5.2222-2231.2004,Specificity of interaction of INI1/hSNF5 with retroviral integrases and its functional significance.,PMC XML unusable for normalization.,publisher_pdf_or_user_download,PMC XML body element is missing. Unusable PMC XML deleted from run artifacts.
pmid-14685242,14685242,,10.1038/nature02171,The gene product Murr1 restricts HIV-1 replication in resting CD4+ lymphocytes.,No PMCID coverage available.,publisher_pdf_or_user_download,No PMCID found via NCBI idconv; PDF fallback will be needed.
pmid-14671320,14671320,PMC307642,10.1073/pnas.2536857100,"Systematic, genome-wide identification of host genes affecting replication of a positive-strand RNA virus.",PMC XML unusable for normalization.,publisher_pdf_or_user_download,PMC XML body element is missing. Unusable PMC XML deleted from run artifacts.
pmid-14517076,14517076,,10.1016/s0042-6822(03)00400-8,Control of HIV-1 env RNA splicing and transport: investigating the role of hnRNP A1 in exon splicing silencer (ESS3a) function.,No PMCID coverage available.,publisher_pdf_or_user_download,No PMCID found via NCBI idconv; PDF fallback will be needed.
pmid-12897779,12897779,,10.1038/nm910,Cyclophilin A modulates the sensitivity of HIV-1 to host restriction factors.,No PMCID coverage available.,publisher_pdf_or_user_download,No PMCID found via NCBI idconv; PDF fallback will be needed.
pmid-12154231,12154231,PMC129369,10.1073/pnas.172384599,Restriction of lentivirus in monkeys.,PMC XML unusable for normalization.,publisher_pdf_or_user_download,PMC XML body element is missing. Unusable PMC XML deleted from run artifacts.
pmid-11861846,11861846,PMC135952,10.1128/jvi.76.6.2789-2795.2002,In vivo interference of Rous sarcoma virus budding by cis expression of a WW domain.,PMC XML unusable for normalization.,publisher_pdf_or_user_download,PMC XML body element is missing. Unusable PMC XML deleted from run artifacts.
pmid-11544326,11544326,,10.4049/jimmunol.167.6.3360,Synergistic induction of apoptosis in primary CD4(+) T cells by macrophage-tropic HIV-1 and TGF-beta1.,No PMCID coverage available.,publisher_pdf_or_user_download,No PMCID found via NCBI idconv; PDF fallback will be needed.
pmid-9581891,9581891,,,The HIV type 1 coreceptor CCR5 and its role in viral transmission and disease progression.,No PMCID coverage available.,publisher_pdf_or_user_download,No PMCID found via NCBI idconv; PDF fallback will be needed.
pmid-9294203,9294203,PMC23355,10.1073/pnas.94.19.10289,Severe genital herpes infections in HIV-infected individuals with impaired herpes simplex virus-specific CD8+ cytotoxic T lymphocyte responses.,PMC XML unusable for normalization.,publisher_pdf_or_user_download,PMC XML body element is missing. Unusable PMC XML deleted from run artifacts.
pmid-8875615,8875615,,,Mechanism of translation initiation on hepatitis C virus RNA.,No PMCID coverage available.,publisher_pdf_or_user_download,No PMCID found via NCBI idconv; PDF fallback will be needed.
