paper_id,pmid,doi,title,year,priority,shortlist_decision,evidence_category,learned_criteria_matched,shortlist_rationale,source_query,abstract_reviewer2_decision,promotion_decision
pmid-8875615,8875615,,Mechanism of translation initiation on hepatitis C virus RNA.,1995,high,request_pdf,strong_learned_match,viral protein-host protein binding; viral protein-host protein; restriction factor; dependency factor; entry factor; ubiquitin ligase; replication complex; host; virus; viral,Request PDF: title/abstract matches multiple PMC-learned criteria plus run-objective terms.,"((""hepatitis C virus""[tiab] OR HCV[tiab]) AND (""host factor""[tiab] OR ""restriction factor""[tiab] OR ""dependency factor""[tiab] OR ""entry factor""[tiab] OR ""host E3 ubiquitin ligase""[tiab] OR ""viral protein-host protein""[tiab] OR ""replication complex""[tiab]) AND (interacts[tiab] OR binds[tiab] OR recruits[tiab] OR cleaves[tiab] OR degrades[tiab] OR modulates[tiab] OR antagonizes[tiab] OR restricts[tiab] OR promotes[tiab] OR mechanism*[tiab]))",confirm_include,advance_to_import
pmid-9294203,9294203,10.1073/pnas.94.19.10289,Severe genital herpes infections in HIV-infected individuals with impaired herpes simplex virus-specific CD8+ cytotoxic T lymphocyte responses.,1997,high,request_pdf,strong_learned_match,viral protein-host protein; restriction factor; dependency factor; entry factor; ubiquitin ligase; nuclear import; host; virus; viral; studies,Request PDF: title/abstract matches multiple PMC-learned criteria plus run-objective terms.,"((HIV[tiab] OR ""human immunodeficiency virus""[tiab]) AND (""host factor""[tiab] OR ""restriction factor""[tiab] OR ""dependency factor""[tiab] OR ""entry factor""[tiab] OR ""host E3 ubiquitin ligase""[tiab] OR ""viral protein-host protein""[tiab]) AND (interacts[tiab] OR binds[tiab] OR recruits[tiab] OR cleaves[tiab] OR degrades[tiab] OR modulates[tiab] OR antagonizes[tiab] OR restricts[tiab] OR promotes[tiab] OR mechanism*[tiab]))",confirm_include,advance_to_import
pmid-9581891,9581891,,The HIV type 1 coreceptor CCR5 and its role in viral transmission and disease progression.,1998,high,request_pdf,strong_learned_match,viral protein-host protein; restriction factor; dependency factor; entry factor; ubiquitin ligase; host; virus; viral; evidence; not,Request PDF: title/abstract matches multiple PMC-learned criteria plus run-objective terms.,"((HIV[tiab] OR ""human immunodeficiency virus""[tiab]) AND (""host factor""[tiab] OR ""restriction factor""[tiab] OR ""dependency factor""[tiab] OR ""entry factor""[tiab] OR ""host E3 ubiquitin ligase""[tiab] OR ""viral protein-host protein""[tiab]) AND (interacts[tiab] OR binds[tiab] OR recruits[tiab] OR cleaves[tiab] OR degrades[tiab] OR modulates[tiab] OR antagonizes[tiab] OR restricts[tiab] OR promotes[tiab] OR mechanism*[tiab]))",confirm_include,advance_to_import
pmid-11544326,11544326,10.4049/jimmunol.167.6.3360,Synergistic induction of apoptosis in primary CD4(+) T cells by macrophage-tropic HIV-1 and TGF-beta1.,2001,high,request_pdf,strong_learned_match,viral protein-host protein; restriction factor; dependency factor; entry factor; ubiquitin ligase; host; virus; viral; interaction; not,Request PDF: title/abstract matches multiple PMC-learned criteria plus run-objective terms.,"((HIV[tiab] OR ""human immunodeficiency virus""[tiab]) AND (""host factor""[tiab] OR ""restriction factor""[tiab] OR ""dependency factor""[tiab] OR ""entry factor""[tiab] OR ""host E3 ubiquitin ligase""[tiab] OR ""viral protein-host protein""[tiab]) AND (interacts[tiab] OR binds[tiab] OR recruits[tiab] OR cleaves[tiab] OR degrades[tiab] OR modulates[tiab] OR antagonizes[tiab] OR restricts[tiab] OR promotes[tiab] OR mechanism*[tiab]))",confirm_include,advance_to_import
pmid-11861846,11861846,10.1128/jvi.76.6.2789-2795.2002,In vivo interference of Rous sarcoma virus budding by cis expression of a WW domain.,2002,high,request_pdf,strong_learned_match,viral protein-host protein; restriction factor; dependency factor; entry factor; ubiquitin ligase; host; virus; viruses; viral; when,Request PDF: title/abstract matches multiple PMC-learned criteria plus run-objective terms.,"((HIV[tiab] OR ""human immunodeficiency virus""[tiab]) AND (""host factor""[tiab] OR ""restriction factor""[tiab] OR ""dependency factor""[tiab] OR ""entry factor""[tiab] OR ""host E3 ubiquitin ligase""[tiab] OR ""viral protein-host protein""[tiab]) AND (interacts[tiab] OR binds[tiab] OR recruits[tiab] OR cleaves[tiab] OR degrades[tiab] OR modulates[tiab] OR antagonizes[tiab] OR restricts[tiab] OR promotes[tiab] OR mechanism*[tiab]))",confirm_include,advance_to_import
pmid-12154231,12154231,10.1073/pnas.172384599,Restriction of lentivirus in monkeys.,2002,high,request_pdf,strong_learned_match,viral protein-host protein; restriction factor; dependency factor; entry factor; ubiquitin ligase; host; virus; viruses; viral; for,Request PDF: title/abstract matches multiple PMC-learned criteria plus run-objective terms.,"((HIV[tiab] OR ""human immunodeficiency virus""[tiab]) AND (""host factor""[tiab] OR ""restriction factor""[tiab] OR ""dependency factor""[tiab] OR ""entry factor""[tiab] OR ""host E3 ubiquitin ligase""[tiab] OR ""viral protein-host protein""[tiab]) AND (interacts[tiab] OR binds[tiab] OR recruits[tiab] OR cleaves[tiab] OR degrades[tiab] OR modulates[tiab] OR antagonizes[tiab] OR restricts[tiab] OR promotes[tiab] OR mechanism*[tiab]))",confirm_include,advance_to_import
pmid-14517076,14517076,10.1016/s0042-6822(03)00400-8,Control of HIV-1 env RNA splicing and transport: investigating the role of hnRNP A1 in exon splicing silencer (ESS3a) function.,2003,high,request_pdf,strong_learned_match,viral protein-host protein binding; viral protein-host protein; restriction factor; dependency factor; entry factor; ubiquitin ligase; replication complex; host; virus; viral,Request PDF: title/abstract matches multiple PMC-learned criteria plus run-objective terms.,"((HIV[tiab] OR ""human immunodeficiency virus""[tiab]) AND (""host factor""[tiab] OR ""restriction factor""[tiab] OR ""dependency factor""[tiab] OR ""entry factor""[tiab] OR ""host E3 ubiquitin ligase""[tiab] OR ""viral protein-host protein""[tiab]) AND (interacts[tiab] OR binds[tiab] OR recruits[tiab] OR cleaves[tiab] OR degrades[tiab] OR modulates[tiab] OR antagonizes[tiab] OR restricts[tiab] OR promotes[tiab] OR mechanism*[tiab]))",confirm_include,advance_to_import
pmid-12897779,12897779,10.1038/nm910,Cyclophilin A modulates the sensitivity of HIV-1 to host restriction factors.,2003,high,request_pdf,strong_learned_match,viral protein-host protein binding; viral protein-host protein; restriction factor; dependency factor; entry factor; ubiquitin ligase; host; virus; viral; interaction,Request PDF: title/abstract matches multiple PMC-learned criteria plus run-objective terms.,"((HIV[tiab] OR ""human immunodeficiency virus""[tiab]) AND (""host factor""[tiab] OR ""restriction factor""[tiab] OR ""dependency factor""[tiab] OR ""entry factor""[tiab] OR ""host E3 ubiquitin ligase""[tiab] OR ""viral protein-host protein""[tiab]) AND (interacts[tiab] OR binds[tiab] OR recruits[tiab] OR cleaves[tiab] OR degrades[tiab] OR modulates[tiab] OR antagonizes[tiab] OR restricts[tiab] OR promotes[tiab] OR mechanism*[tiab]))",confirm_include,advance_to_import
pmid-14671320,14671320,10.1073/pnas.2536857100,"Systematic, genome-wide identification of host genes affecting replication of a positive-strand RNA virus.",2003,high,request_pdf,strong_learned_match,crispr screen; rnai screen; restriction factor; dependency factor; replication complex; host; pathway; virus; viruses; viral,Request PDF: title/abstract matches multiple PMC-learned criteria plus run-objective terms.,"((KSHV[tiab] OR ""Kaposi sarcoma-associated herpesvirus""[tiab] OR dengue[tiab] OR DENV[tiab] OR ""hepatitis C virus""[tiab] OR HCV[tiab] OR coxsackievirus[tiab] OR HIV[tiab] OR Ebola[tiab] OR EBOV[tiab]) AND (""CRISPR screen""[tiab] OR ""RNAi screen""[tiab] OR ""functional genomics""[tiab]) AND (""host factor""[tiab] OR ""host factors""[tiab] OR ""dependency factor""[tiab] OR ""restriction factor""[tiab]))",confirm_include,advance_to_import
pmid-14685242,14685242,10.1038/nature02171,The gene product Murr1 restricts HIV-1 replication in resting CD4+ lymphocytes.,2003,high,request_pdf,strong_learned_match,viral protein-host protein; restriction factor; dependency factor; entry factor; ubiquitin ligase; host; virus; viral; not; for,Request PDF: title/abstract matches multiple PMC-learned criteria plus run-objective terms.,"((HIV[tiab] OR ""human immunodeficiency virus""[tiab]) AND (""host factor""[tiab] OR ""restriction factor""[tiab] OR ""dependency factor""[tiab] OR ""entry factor""[tiab] OR ""host E3 ubiquitin ligase""[tiab] OR ""viral protein-host protein""[tiab]) AND (interacts[tiab] OR binds[tiab] OR recruits[tiab] OR cleaves[tiab] OR degrades[tiab] OR modulates[tiab] OR antagonizes[tiab] OR restricts[tiab] OR promotes[tiab] OR mechanism*[tiab]))",confirm_include,advance_to_import
pmid-15208447,15208447,10.1261/rna.5263904,A novel function for Sam68: enhancement of HIV-1 RNA 3' end processing.,2004,high,request_pdf,strong_learned_match,viral protein-host protein; restriction factor; dependency factor; entry factor; ubiquitin ligase; host; virus; viral; proteins; not,Request PDF: title/abstract matches multiple PMC-learned criteria plus run-objective terms.,"((HIV[tiab] OR ""human immunodeficiency virus""[tiab]) AND (""host factor""[tiab] OR ""restriction factor""[tiab] OR ""dependency factor""[tiab] OR ""entry factor""[tiab] OR ""host E3 ubiquitin ligase""[tiab] OR ""viral protein-host protein""[tiab]) AND (interacts[tiab] OR binds[tiab] OR recruits[tiab] OR cleaves[tiab] OR degrades[tiab] OR modulates[tiab] OR antagonizes[tiab] OR restricts[tiab] OR promotes[tiab] OR mechanism*[tiab]))",confirm_include,advance_to_import
pmid-15064363,15064363,10.1093/nar/gkh519,"Ded1p, a conserved DExD/H-box translation factor, can promote yeast L-A virus negative-strand RNA synthesis in vitro.",2004,high,request_pdf,strong_learned_match,viral protein-host protein; restriction factor; dependency factor; entry factor; ubiquitin ligase; replication complex; host; virus; viruses; viral,Request PDF: title/abstract matches multiple PMC-learned criteria plus run-objective terms.,"((""hepatitis C virus""[tiab] OR HCV[tiab]) AND (""host factor""[tiab] OR ""restriction factor""[tiab] OR ""dependency factor""[tiab] OR ""entry factor""[tiab] OR ""host E3 ubiquitin ligase""[tiab] OR ""viral protein-host protein""[tiab] OR ""replication complex""[tiab]) AND (interacts[tiab] OR binds[tiab] OR recruits[tiab] OR cleaves[tiab] OR degrades[tiab] OR modulates[tiab] OR antagonizes[tiab] OR restricts[tiab] OR promotes[tiab] OR mechanism*[tiab]))",confirm_include,advance_to_import
pmid-15057887,15057887,10.1002/hep.20139,Host factors and failure of interferon-alpha treatment in hepatitis C virus.,2004,high,request_pdf,strong_learned_match,viral protein-host protein; restriction factor; dependency factor; entry factor; ubiquitin ligase; replication complex; host; virus; viral; evidence,Request PDF: title/abstract matches multiple PMC-learned criteria plus run-objective terms.,"((""hepatitis C virus""[tiab] OR HCV[tiab]) AND (""host factor""[tiab] OR ""restriction factor""[tiab] OR ""dependency factor""[tiab] OR ""entry factor""[tiab] OR ""host E3 ubiquitin ligase""[tiab] OR ""viral protein-host protein""[tiab] OR ""replication complex""[tiab]) AND (interacts[tiab] OR binds[tiab] OR recruits[tiab] OR cleaves[tiab] OR degrades[tiab] OR modulates[tiab] OR antagonizes[tiab] OR restricts[tiab] OR promotes[tiab] OR mechanism*[tiab]))",confirm_include,advance_to_import
pmid-15141007,15141007,10.1128/JVI.78.11.6073-6076.2004,Human APOBEC3F is another host factor that blocks human immunodeficiency virus type 1 replication.,2004,high,request_pdf,strong_learned_match,viral protein-host protein; restriction factor; dependency factor; entry factor; ubiquitin ligase; host; virus; viruses; viral; not,Request PDF: title/abstract matches multiple PMC-learned criteria plus run-objective terms.,"((HIV[tiab] OR ""human immunodeficiency virus""[tiab]) AND (""host factor""[tiab] OR ""restriction factor""[tiab] OR ""dependency factor""[tiab] OR ""entry factor""[tiab] OR ""host E3 ubiquitin ligase""[tiab] OR ""viral protein-host protein""[tiab]) AND (interacts[tiab] OR binds[tiab] OR recruits[tiab] OR cleaves[tiab] OR degrades[tiab] OR modulates[tiab] OR antagonizes[tiab] OR restricts[tiab] OR promotes[tiab] OR mechanism*[tiab]))",confirm_include,advance_to_import
pmid-15479848,15479848,10.1128/JVI.78.21.12066-12070.2004,Selection for loss of Ref1 activity in human cells releases human immunodeficiency virus type 1 from cyclophilin A dependence during infection.,2004,high,request_pdf,strong_learned_match,viral protein-host protein; restriction factor; dependency factor; entry factor; ubiquitin ligase; host; virus; viruses; viral; interaction,Request PDF: title/abstract matches multiple PMC-learned criteria plus run-objective terms.,"((HIV[tiab] OR ""human immunodeficiency virus""[tiab]) AND (""host factor""[tiab] OR ""restriction factor""[tiab] OR ""dependency factor""[tiab] OR ""entry factor""[tiab] OR ""host E3 ubiquitin ligase""[tiab] OR ""viral protein-host protein""[tiab]) AND (interacts[tiab] OR binds[tiab] OR recruits[tiab] OR cleaves[tiab] OR degrades[tiab] OR modulates[tiab] OR antagonizes[tiab] OR restricts[tiab] OR promotes[tiab] OR mechanism*[tiab]))",confirm_include,advance_to_import
pmid-14963118,14963118,10.1128/jvi.78.5.2222-2231.2004,Specificity of interaction of INI1/hSNF5 with retroviral integrases and its functional significance.,2004,high,request_pdf,strong_learned_match,viral protein-host protein; restriction factor; dependency factor; entry factor; ubiquitin ligase; host; virus; viruses; viral; interaction,Request PDF: title/abstract matches multiple PMC-learned criteria plus run-objective terms.,"((HIV[tiab] OR ""human immunodeficiency virus""[tiab]) AND (""host factor""[tiab] OR ""restriction factor""[tiab] OR ""dependency factor""[tiab] OR ""entry factor""[tiab] OR ""host E3 ubiquitin ligase""[tiab] OR ""viral protein-host protein""[tiab]) AND (interacts[tiab] OR binds[tiab] OR recruits[tiab] OR cleaves[tiab] OR degrades[tiab] OR modulates[tiab] OR antagonizes[tiab] OR restricts[tiab] OR promotes[tiab] OR mechanism*[tiab]))",confirm_include,advance_to_import
pmid-15013426,15013426,10.1016/j.bbrc.2004.01.023,The Vif protein of human immunodeficiency virus type 1 is posttranslationally modified by ubiquitin.,2004,high,request_pdf,strong_learned_match,viral protein-host protein binding; viral protein-host protein; restriction factor; dependency factor; entry factor; ubiquitin ligase; host; virus; viral; proteins,Request PDF: title/abstract matches multiple PMC-learned criteria plus run-objective terms.,"((HIV[tiab] OR ""human immunodeficiency virus""[tiab]) AND (""host factor""[tiab] OR ""restriction factor""[tiab] OR ""dependency factor""[tiab] OR ""entry factor""[tiab] OR ""host E3 ubiquitin ligase""[tiab] OR ""viral protein-host protein""[tiab]) AND (interacts[tiab] OR binds[tiab] OR recruits[tiab] OR cleaves[tiab] OR degrades[tiab] OR modulates[tiab] OR antagonizes[tiab] OR restricts[tiab] OR promotes[tiab] OR mechanism*[tiab]))",confirm_include,advance_to_import
pmid-15249687,15249687,10.1073/pnas.0402474101,The human and African green monkey TRIM5alpha genes encode Ref1 and Lv1 retroviral restriction factor activities.,2004,high,request_pdf,strong_learned_match,viral protein-host protein; restriction factor; dependency factor; entry factor; ubiquitin ligase; host; virus; viruses; viral; when,Request PDF: title/abstract matches multiple PMC-learned criteria plus run-objective terms.,"((HIV[tiab] OR ""human immunodeficiency virus""[tiab]) AND (""host factor""[tiab] OR ""restriction factor""[tiab] OR ""dependency factor""[tiab] OR ""entry factor""[tiab] OR ""host E3 ubiquitin ligase""[tiab] OR ""viral protein-host protein""[tiab]) AND (interacts[tiab] OR binds[tiab] OR recruits[tiab] OR cleaves[tiab] OR degrades[tiab] OR modulates[tiab] OR antagonizes[tiab] OR restricts[tiab] OR promotes[tiab] OR mechanism*[tiab]))",confirm_include,advance_to_import
pmid-15249690,15249690,10.1073/pnas.0402876101,Trim5alpha protein restricts both HIV-1 and murine leukemia virus.,2004,high,request_pdf,strong_learned_match,viral protein-host protein; restriction factor; dependency factor; entry factor; ubiquitin ligase; host; virus; viruses; viral; proteins,Request PDF: title/abstract matches multiple PMC-learned criteria plus run-objective terms.,"((HIV[tiab] OR ""human immunodeficiency virus""[tiab]) AND (""host factor""[tiab] OR ""restriction factor""[tiab] OR ""dependency factor""[tiab] OR ""entry factor""[tiab] OR ""host E3 ubiquitin ligase""[tiab] OR ""viral protein-host protein""[tiab]) AND (interacts[tiab] OR binds[tiab] OR recruits[tiab] OR cleaves[tiab] OR degrades[tiab] OR modulates[tiab] OR antagonizes[tiab] OR restricts[tiab] OR promotes[tiab] OR mechanism*[tiab]))",confirm_include,advance_to_import
pmid-15581898,15581898,10.1016/j.jmb.2004.10.067,APOBEC3G ubiquitination by Nedd4-1 favors its packaging into HIV-1 particles.,2005,high,request_pdf,strong_learned_match,viral protein-host protein binding; viral protein-host protein; restriction factor; dependency factor; entry factor; ubiquitin ligase; er-phagy; reticulophagy; nuclear import; replication complex,Request PDF: title/abstract matches multiple PMC-learned criteria plus run-objective terms.,"((HIV[tiab] OR ""human immunodeficiency virus""[tiab]) AND (""host factor""[tiab] OR ""restriction factor""[tiab] OR ""dependency factor""[tiab] OR ""entry factor""[tiab] OR ""host E3 ubiquitin ligase""[tiab] OR ""viral protein-host protein""[tiab]) AND (interacts[tiab] OR binds[tiab] OR recruits[tiab] OR cleaves[tiab] OR degrades[tiab] OR modulates[tiab] OR antagonizes[tiab] OR restricts[tiab] OR promotes[tiab] OR mechanism*[tiab])); ((KSHV[ti] OR ""Kaposi sarcoma-associated herpesvirus""[ti] OR dengue[ti] OR DENV[ti] OR ""hepatitis C virus""[ti] OR HCV[ti] OR coxsackievirus[ti] OR HIV[ti] OR Ebola[ti] OR EBOV[ti]) AND (""ubiquitin ligase""[tiab] OR proteasome[tiab] OR autophagy[tiab] OR ""ER-phagy""[tiab] OR reticulophagy[tiab] OR ""nuclear import""[tiab] OR ""RNA-binding protein""[tiab] OR ""replication complex""[tiab] OR trafficking[tiab]) AND (""host factor""[tiab] OR ""host protein""[tiab] OR ""viral protein""[tiab]) AND (interacts[tiab] OR binds[tiab] OR recruits[tiab] OR cleaves[tiab] OR degrades[tiab] OR modulates[tiab] OR restricts[tiab] OR promotes[tiab]) NOT (patient*[tiab] OR plasma[tiab] OR serum[tiab] OR biomarker*[tiab] OR metabolomic*[tiab] OR ""network pharmacology""[tiab] OR docking[tiab] OR vaccine*[tiab] OR diagnostic*[tiab] OR epidemiolog*[tiab]))",confirm_include,advance_to_import
pmid-15829920,15829920,10.1038/nature03493,Cellular APOBEC3G restricts HIV-1 infection in resting CD4+ T cells.,2005,high,request_pdf,strong_learned_match,viral protein-host protein; restriction factor; dependency factor; entry factor; ubiquitin ligase; replication complex; host; virus; viral; when,Request PDF: title/abstract matches multiple PMC-learned criteria plus run-objective terms.,"((HIV[tiab] OR ""human immunodeficiency virus""[tiab]) AND (""host factor""[tiab] OR ""restriction factor""[tiab] OR ""dependency factor""[tiab] OR ""entry factor""[tiab] OR ""host E3 ubiquitin ligase""[tiab] OR ""viral protein-host protein""[tiab]) AND (interacts[tiab] OR binds[tiab] OR recruits[tiab] OR cleaves[tiab] OR degrades[tiab] OR modulates[tiab] OR antagonizes[tiab] OR restricts[tiab] OR promotes[tiab] OR mechanism*[tiab]))",confirm_include,advance_to_import
pmid-15596813,15596813,10.1128/JVI.79.1.176-183.2005,Cyclophilin interactions with incoming human immunodeficiency virus type 1 capsids with opposing effects on infectivity in human cells.,2005,high,request_pdf,strong_learned_match,viral protein-host protein; restriction factor; dependency factor; entry factor; ubiquitin ligase; host; virus; viral; interaction; proteins,Request PDF: title/abstract matches multiple PMC-learned criteria plus run-objective terms.,"((HIV[tiab] OR ""human immunodeficiency virus""[tiab]) AND (""host factor""[tiab] OR ""restriction factor""[tiab] OR ""dependency factor""[tiab] OR ""entry factor""[tiab] OR ""host E3 ubiquitin ligase""[tiab] OR ""viral protein-host protein""[tiab]) AND (interacts[tiab] OR binds[tiab] OR recruits[tiab] OR cleaves[tiab] OR degrades[tiab] OR modulates[tiab] OR antagonizes[tiab] OR restricts[tiab] OR promotes[tiab] OR mechanism*[tiab]))",confirm_include,advance_to_import
pmid-15994766,15994766,10.1128/JVI.79.14.8724-8731.2005,Foamy virus Bet proteins function as novel inhibitors of the APOBEC3 family of innate antiretroviral defense factors.,2005,high,request_pdf,strong_learned_match,viral protein-host protein binding; viral protein-host protein; restriction factor; dependency factor; entry factor; ubiquitin ligase; replication complex; host; virus; viruses,Request PDF: title/abstract matches multiple PMC-learned criteria plus run-objective terms.,"((HIV[tiab] OR ""human immunodeficiency virus""[tiab]) AND (""host factor""[tiab] OR ""restriction factor""[tiab] OR ""dependency factor""[tiab] OR ""entry factor""[tiab] OR ""host E3 ubiquitin ligase""[tiab] OR ""viral protein-host protein""[tiab]) AND (interacts[tiab] OR binds[tiab] OR recruits[tiab] OR cleaves[tiab] OR degrades[tiab] OR modulates[tiab] OR antagonizes[tiab] OR restricts[tiab] OR promotes[tiab] OR mechanism*[tiab]))",confirm_include,advance_to_import
pmid-15778371,15778371,10.4049/jimmunol.174.7.4120,Galectin-1 acts as a soluble host factor that promotes HIV-1 infectivity through stabilization of virus attachment to host cells.,2005,high,request_pdf,strong_learned_match,viral protein-host protein binding; viral protein-host protein; restriction factor; dependency factor; entry factor; ubiquitin ligase; host; virus; viral; interaction,Request PDF: title/abstract matches multiple PMC-learned criteria plus run-objective terms.,"((HIV[tiab] OR ""human immunodeficiency virus""[tiab]) AND (""host factor""[tiab] OR ""restriction factor""[tiab] OR ""dependency factor""[tiab] OR ""entry factor""[tiab] OR ""host E3 ubiquitin ligase""[tiab] OR ""viral protein-host protein""[tiab]) AND (interacts[tiab] OR binds[tiab] OR recruits[tiab] OR cleaves[tiab] OR degrades[tiab] OR modulates[tiab] OR antagonizes[tiab] OR restricts[tiab] OR promotes[tiab] OR mechanism*[tiab]))",confirm_include,advance_to_import
pmid-15713840,15713840,10.1101/gad.1267905,Genome-wide RNAi screen reveals a specific sensitivity of IRES-containing RNA viruses to host translation inhibition.,2005,high,request_pdf,strong_learned_match,crispr screen; rnai screen; restriction factor; dependency factor; entry factor; host; virus; viruses; viral; when,Request PDF: title/abstract matches multiple PMC-learned criteria plus run-objective terms.,"((KSHV[tiab] OR ""Kaposi sarcoma-associated herpesvirus""[tiab] OR dengue[tiab] OR DENV[tiab] OR ""hepatitis C virus""[tiab] OR HCV[tiab] OR coxsackievirus[tiab] OR HIV[tiab] OR Ebola[tiab] OR EBOV[tiab]) AND (""CRISPR screen""[tiab] OR ""RNAi screen""[tiab] OR ""functional genomics""[tiab]) AND (""host factor""[tiab] OR ""host factors""[tiab] OR ""dependency factor""[tiab] OR ""restriction factor""[tiab]))",confirm_include,advance_to_import
pmid-16227268,16227268,10.1128/JVI.79.21.13473-13482.2005,Human VAP-B is involved in hepatitis C virus replication through interaction with NS5A and NS5B.,2005,high,request_pdf,strong_learned_match,viral protein-host protein binding; viral protein-host protein; restriction factor; dependency factor; entry factor; ubiquitin ligase; replication complex; host; virus; viral,Request PDF: title/abstract matches multiple PMC-learned criteria plus run-objective terms.,"((""hepatitis C virus""[tiab] OR HCV[tiab]) AND (""host factor""[tiab] OR ""restriction factor""[tiab] OR ""dependency factor""[tiab] OR ""entry factor""[tiab] OR ""host E3 ubiquitin ligase""[tiab] OR ""viral protein-host protein""[tiab] OR ""replication complex""[tiab]) AND (interacts[tiab] OR binds[tiab] OR recruits[tiab] OR cleaves[tiab] OR degrades[tiab] OR modulates[tiab] OR antagonizes[tiab] OR restricts[tiab] OR promotes[tiab] OR mechanism*[tiab]))",confirm_include,advance_to_import
pmid-16306627,16306627,10.1128/JVI.79.24.15567-15572.2005,"Restriction of human immunodeficiency virus type 1 by TRIM-CypA occurs with rapid kinetics and independently of cytoplasmic bodies, ubiquitin, and proteasome activity.",2005,high,request_pdf,strong_learned_match,viral protein-host protein; restriction factor; dependency factor; entry factor; ubiquitin ligase; host; virus; viral; proteins; for,Request PDF: title/abstract matches multiple PMC-learned criteria plus run-objective terms.,"((HIV[tiab] OR ""human immunodeficiency virus""[tiab]) AND (""host factor""[tiab] OR ""restriction factor""[tiab] OR ""dependency factor""[tiab] OR ""entry factor""[tiab] OR ""host E3 ubiquitin ligase""[tiab] OR ""viral protein-host protein""[tiab]) AND (interacts[tiab] OR binds[tiab] OR recruits[tiab] OR cleaves[tiab] OR degrades[tiab] OR modulates[tiab] OR antagonizes[tiab] OR restricts[tiab] OR promotes[tiab] OR mechanism*[tiab]))",confirm_include,advance_to_import
pmid-16081321,16081321,10.1016/j.ymthe.2005.07.291,TRIM5alpharh expression restricts HIV-1 infection in lentiviral vector-transduced CD34+-cell-derived macrophages.,2005,high,request_pdf,strong_learned_match,viral protein-host protein; restriction factor; dependency factor; entry factor; ubiquitin ligase; host; virus; viral; not; for,Request PDF: title/abstract matches multiple PMC-learned criteria plus run-objective terms.,"((HIV[tiab] OR ""human immunodeficiency virus""[tiab]) AND (""host factor""[tiab] OR ""restriction factor""[tiab] OR ""dependency factor""[tiab] OR ""entry factor""[tiab] OR ""host E3 ubiquitin ligase""[tiab] OR ""viral protein-host protein""[tiab]) AND (interacts[tiab] OR binds[tiab] OR recruits[tiab] OR cleaves[tiab] OR degrades[tiab] OR modulates[tiab] OR antagonizes[tiab] OR restricts[tiab] OR promotes[tiab] OR mechanism*[tiab]))",confirm_include,advance_to_import
pmid-16643975,16643975,10.1016/j.virol.2006.03.015,Cyclophilin A: an auxiliary but not necessary cofactor for TRIM5alpha restriction of HIV-1.,2006,high,request_pdf,strong_learned_match,viral protein-host protein binding; viral protein-host protein; restriction factor; dependency factor; entry factor; ubiquitin ligase; host; virus; viral; when,Request PDF: title/abstract matches multiple PMC-learned criteria plus run-objective terms.,"((HIV[tiab] OR ""human immunodeficiency virus""[tiab]) AND (""host factor""[tiab] OR ""restriction factor""[tiab] OR ""dependency factor""[tiab] OR ""entry factor""[tiab] OR ""host E3 ubiquitin ligase""[tiab] OR ""viral protein-host protein""[tiab]) AND (interacts[tiab] OR binds[tiab] OR recruits[tiab] OR cleaves[tiab] OR degrades[tiab] OR modulates[tiab] OR antagonizes[tiab] OR restricts[tiab] OR promotes[tiab] OR mechanism*[tiab]))",confirm_include,advance_to_import
pmid-16474153,16474153,10.1128/JVI.80.5.2463-2471.2006,Genetic association of the antiviral restriction factor TRIM5alpha with human immunodeficiency virus type 1 infection.,2006,high,request_pdf,strong_learned_match,viral protein-host protein; restriction factor; dependency factor; entry factor; ubiquitin ligase; host; virus; viruses; viral; interaction,Request PDF: title/abstract matches multiple PMC-learned criteria plus run-objective terms.,"((HIV[tiab] OR ""human immunodeficiency virus""[tiab]) AND (""host factor""[tiab] OR ""restriction factor""[tiab] OR ""dependency factor""[tiab] OR ""entry factor""[tiab] OR ""host E3 ubiquitin ligase""[tiab] OR ""viral protein-host protein""[tiab]) AND (interacts[tiab] OR binds[tiab] OR recruits[tiab] OR cleaves[tiab] OR degrades[tiab] OR modulates[tiab] OR antagonizes[tiab] OR restricts[tiab] OR promotes[tiab] OR mechanism*[tiab]))",confirm_include,advance_to_import
pmid-16339411,16339411,10.1126/science.1116804,Herpesviral protein networks and their interaction with the human proteome.,2006,high,request_pdf,strong_learned_match,proximity proteomics; protein interaction mapping; host; virus; viruses; viral; interaction; proteins; ap-ms; proteomics,Request PDF: title/abstract matches multiple PMC-learned criteria plus run-objective terms.,"((KSHV[tiab] OR ""Kaposi sarcoma-associated herpesvirus""[tiab] OR ""human herpesvirus 8""[tiab] OR HHV-8[tiab]) AND (interactome[tiab] OR AP-MS[tiab] OR ""affinity purification mass spectrometry""[tiab] OR ""proximity proteomics""[tiab] OR ""proximity labeling""[tiab] OR BioID[tiab] OR ""protein interaction mapping""[tiab] OR (""viral protein""[tiab] AND (""host protein""[tiab] OR ""cellular protein""[tiab]))))",confirm_include,advance_to_import
pmid-17030807,17030807,10.1073/pnas.0604524103,High-molecular-mass APOBEC3G complexes restrict Alu retrotransposition.,2006,high,request_pdf,strong_learned_match,viral protein-host protein; restriction factor; dependency factor; entry factor; ubiquitin ligase; host; virus; viruses; viral; not,Request PDF: title/abstract matches multiple PMC-learned criteria plus run-objective terms.,"((HIV[tiab] OR ""human immunodeficiency virus""[tiab]) AND (""host factor""[tiab] OR ""restriction factor""[tiab] OR ""dependency factor""[tiab] OR ""entry factor""[tiab] OR ""host E3 ubiquitin ligase""[tiab] OR ""viral protein-host protein""[tiab]) AND (interacts[tiab] OR binds[tiab] OR recruits[tiab] OR cleaves[tiab] OR degrades[tiab] OR modulates[tiab] OR antagonizes[tiab] OR restricts[tiab] OR promotes[tiab] OR mechanism*[tiab]))",confirm_include,advance_to_import
pmid-16890533,16890533,10.1016/j.cub.2006.06.055,Murine retrovirus escapes from murine APOBEC3 via two distinct novel mechanisms.,2006,high,request_pdf,strong_learned_match,viral protein-host protein binding; viral protein-host protein; restriction factor; dependency factor; entry factor; ubiquitin ligase; host; pathway; virus; viruses,Request PDF: title/abstract matches multiple PMC-learned criteria plus run-objective terms.,"((HIV[tiab] OR ""human immunodeficiency virus""[tiab]) AND (""host factor""[tiab] OR ""restriction factor""[tiab] OR ""dependency factor""[tiab] OR ""entry factor""[tiab] OR ""host E3 ubiquitin ligase""[tiab] OR ""viral protein-host protein""[tiab]) AND (interacts[tiab] OR binds[tiab] OR recruits[tiab] OR cleaves[tiab] OR degrades[tiab] OR modulates[tiab] OR antagonizes[tiab] OR restricts[tiab] OR promotes[tiab] OR mechanism*[tiab]))",confirm_include,advance_to_import
pmid-16650449,16650449,10.1016/j.virol.2006.03.023,Requirements for capsid-binding and an effector function in TRIMCyp-mediated restriction of HIV-1.,2006,high,request_pdf,strong_learned_match,viral protein-host protein binding; viral protein-host protein; restriction factor; dependency factor; entry factor; ubiquitin ligase; host; virus; viruses; viral,Request PDF: title/abstract matches multiple PMC-learned criteria plus run-objective terms.,"((HIV[tiab] OR ""human immunodeficiency virus""[tiab]) AND (""host factor""[tiab] OR ""restriction factor""[tiab] OR ""dependency factor""[tiab] OR ""entry factor""[tiab] OR ""host E3 ubiquitin ligase""[tiab] OR ""viral protein-host protein""[tiab]) AND (interacts[tiab] OR binds[tiab] OR recruits[tiab] OR cleaves[tiab] OR degrades[tiab] OR modulates[tiab] OR antagonizes[tiab] OR restricts[tiab] OR promotes[tiab] OR mechanism*[tiab]))",confirm_include,advance_to_import
pmid-16923810,16923810,10.1074/jbc.M604220200,SerpinB2 is an inducible host factor involved in enhancing HIV-1 transcription and replication.,2006,high,request_pdf,strong_learned_match,viral protein-host protein binding; viral protein-host protein; restriction factor; dependency factor; entry factor; ubiquitin ligase; nuclear import; host; virus; viral,Request PDF: title/abstract matches multiple PMC-learned criteria plus run-objective terms.,"((HIV[tiab] OR ""human immunodeficiency virus""[tiab]) AND (""host factor""[tiab] OR ""restriction factor""[tiab] OR ""dependency factor""[tiab] OR ""entry factor""[tiab] OR ""host E3 ubiquitin ligase""[tiab] OR ""viral protein-host protein""[tiab]) AND (interacts[tiab] OR binds[tiab] OR recruits[tiab] OR cleaves[tiab] OR degrades[tiab] OR modulates[tiab] OR antagonizes[tiab] OR restricts[tiab] OR promotes[tiab] OR mechanism*[tiab]))",confirm_include,advance_to_import
pmid-16540544,16540544,10.1073/pnas.0509996103,Specific recognition and accelerated uncoating of retroviral capsids by the TRIM5alpha restriction factor.,2006,high,request_pdf,strong_learned_match,viral protein-host protein; restriction factor; dependency factor; entry factor; ubiquitin ligase; host; virus; viral; interaction; proteins,Request PDF: title/abstract matches multiple PMC-learned criteria plus run-objective terms.,"((HIV[tiab] OR ""human immunodeficiency virus""[tiab]) AND (""host factor""[tiab] OR ""restriction factor""[tiab] OR ""dependency factor""[tiab] OR ""entry factor""[tiab] OR ""host E3 ubiquitin ligase""[tiab] OR ""viral protein-host protein""[tiab]) AND (interacts[tiab] OR binds[tiab] OR recruits[tiab] OR cleaves[tiab] OR degrades[tiab] OR modulates[tiab] OR antagonizes[tiab] OR restricts[tiab] OR promotes[tiab] OR mechanism*[tiab]))",confirm_include,advance_to_import
pmid-17172832,17172832,10.4161/cc.5.22.3442,The role of Vpr in the regulation of HIV-1 gene expression.,2006,high,request_pdf,strong_learned_match,proximity proteomics; protein interaction mapping; host; virus; viral; studies; interaction; not; for; ap-ms,Request PDF: title/abstract matches multiple PMC-learned criteria plus run-objective terms.,"((HIV[tiab] OR ""human immunodeficiency virus""[tiab]) AND (interactome[tiab] OR AP-MS[tiab] OR ""affinity purification mass spectrometry""[tiab] OR ""proximity proteomics""[tiab] OR ""proximity labeling""[tiab] OR BioID[tiab] OR ""protein interaction mapping""[tiab] OR (""viral protein""[tiab] AND (""host protein""[tiab] OR ""cellular protein""[tiab]))))",confirm_include,advance_to_import
pmid-16571822,16571822,10.1128/JVI.80.8.4061-4067.2006,Trim-cyclophilin A fusion proteins can restrict human immunodeficiency virus type 1 infection at two distinct phases in the viral life cycle.,2006,high,request_pdf,strong_learned_match,viral protein-host protein binding; viral protein-host protein; restriction factor; dependency factor; entry factor; ubiquitin ligase; host; virus; viruses; viral,Request PDF: title/abstract matches multiple PMC-learned criteria plus run-objective terms.,"((HIV[tiab] OR ""human immunodeficiency virus""[tiab]) AND (""host factor""[tiab] OR ""restriction factor""[tiab] OR ""dependency factor""[tiab] OR ""entry factor""[tiab] OR ""host E3 ubiquitin ligase""[tiab] OR ""viral protein-host protein""[tiab]) AND (interacts[tiab] OR binds[tiab] OR recruits[tiab] OR cleaves[tiab] OR degrades[tiab] OR modulates[tiab] OR antagonizes[tiab] OR restricts[tiab] OR promotes[tiab] OR mechanism*[tiab]))",confirm_include,advance_to_import
pmid-16629470,16629470,10.5357/koubyou.73.47,[Identification of the novel host factor that interacts with HIV-1 integrase and analysis of the expression profile of the interactor in vivo].,2006,high,request_pdf,strong_learned_match,viral protein-host protein; restriction factor; dependency factor; entry factor; ubiquitin ligase; host; virus; viruses; viral; not,Request PDF: title/abstract matches multiple PMC-learned criteria plus run-objective terms.,"((HIV[tiab] OR ""human immunodeficiency virus""[tiab]) AND (""host factor""[tiab] OR ""restriction factor""[tiab] OR ""dependency factor""[tiab] OR ""entry factor""[tiab] OR ""host E3 ubiquitin ligase""[tiab] OR ""viral protein-host protein""[tiab]) AND (interacts[tiab] OR binds[tiab] OR recruits[tiab] OR cleaves[tiab] OR degrades[tiab] OR modulates[tiab] OR antagonizes[tiab] OR restricts[tiab] OR promotes[tiab] OR mechanism*[tiab]))",confirm_include,advance_to_import
pmid-17344295,17344295,10.1128/JVI.02237-06,APOBEC3G multimers are recruited to the plasma membrane for packaging into human immunodeficiency virus type 1 virus-like particles in an RNA-dependent process requiring the NC basic linker.,2007,high,request_pdf,strong_learned_match,viral protein-host protein binding; viral protein-host protein; protein interaction mapping; restriction factor; dependency factor; entry factor; ubiquitin ligase; replication complex; host; virus,Request PDF: title/abstract matches multiple PMC-learned criteria plus run-objective terms.,"((HIV[tiab] OR ""human immunodeficiency virus""[tiab]) AND (""host factor""[tiab] OR ""restriction factor""[tiab] OR ""dependency factor""[tiab] OR ""entry factor""[tiab] OR ""host E3 ubiquitin ligase""[tiab] OR ""viral protein-host protein""[tiab]) AND (interacts[tiab] OR binds[tiab] OR recruits[tiab] OR cleaves[tiab] OR degrades[tiab] OR modulates[tiab] OR antagonizes[tiab] OR restricts[tiab] OR promotes[tiab] OR mechanism*[tiab]))",confirm_include,advance_to_import
pmid-17715216,17715216,10.1128/JVI.00620-07,Analysis of human cell heterokaryons demonstrates that target cell restriction of cyclosporine-resistant human immunodeficiency virus type 1 mutants is genetically dominant.,2007,high,request_pdf,strong_learned_match,viral protein-host protein; restriction factor; dependency factor; entry factor; ubiquitin ligase; host; virus; viral; interaction; not,Request PDF: title/abstract matches multiple PMC-learned criteria plus run-objective terms.,"((HIV[tiab] OR ""human immunodeficiency virus""[tiab]) AND (""host factor""[tiab] OR ""restriction factor""[tiab] OR ""dependency factor""[tiab] OR ""entry factor""[tiab] OR ""host E3 ubiquitin ligase""[tiab] OR ""viral protein-host protein""[tiab]) AND (interacts[tiab] OR binds[tiab] OR recruits[tiab] OR cleaves[tiab] OR degrades[tiab] OR modulates[tiab] OR antagonizes[tiab] OR restricts[tiab] OR promotes[tiab] OR mechanism*[tiab]))",confirm_include,advance_to_import
pmid-17427231,17427231,10.1002/prot.21415,Computational proteomics analysis of HIV-1 protease interactome.,2007,high,request_pdf,strong_learned_match,proximity proteomics; protein interaction mapping; host; virus; viral; interaction; proteins; not; for; ap-ms,Request PDF: title/abstract matches multiple PMC-learned criteria plus run-objective terms.,"((HIV[tiab] OR ""human immunodeficiency virus""[tiab]) AND (interactome[tiab] OR AP-MS[tiab] OR ""affinity purification mass spectrometry""[tiab] OR ""proximity proteomics""[tiab] OR ""proximity labeling""[tiab] OR BioID[tiab] OR ""protein interaction mapping""[tiab] OR (""viral protein""[tiab] AND (""host protein""[tiab] OR ""cellular protein""[tiab]))))",confirm_include,advance_to_import
pmid-17569707,17569707,10.1093/jb/mvm102,Functional interaction of hepatitis C Virus NS5B with Nucleolin GAR domain.,2007,high,request_pdf,strong_learned_match,viral protein-host protein binding; viral protein-host protein; restriction factor; dependency factor; entry factor; ubiquitin ligase; er-phagy; reticulophagy; nuclear import; rna-binding proteins,Request PDF: title/abstract matches multiple PMC-learned criteria plus run-objective terms.,"((""hepatitis C virus""[tiab] OR HCV[tiab]) AND (""host factor""[tiab] OR ""restriction factor""[tiab] OR ""dependency factor""[tiab] OR ""entry factor""[tiab] OR ""host E3 ubiquitin ligase""[tiab] OR ""viral protein-host protein""[tiab] OR ""replication complex""[tiab]) AND (interacts[tiab] OR binds[tiab] OR recruits[tiab] OR cleaves[tiab] OR degrades[tiab] OR modulates[tiab] OR antagonizes[tiab] OR restricts[tiab] OR promotes[tiab] OR mechanism*[tiab])); ((KSHV[ti] OR ""Kaposi sarcoma-associated herpesvirus""[ti] OR dengue[ti] OR DENV[ti] OR ""hepatitis C virus""[ti] OR HCV[ti] OR coxsackievirus[ti] OR HIV[ti] OR Ebola[ti] OR EBOV[ti]) AND (""ubiquitin ligase""[tiab] OR proteasome[tiab] OR autophagy[tiab] OR ""ER-phagy""[tiab] OR reticulophagy[tiab] OR ""nuclear import""[tiab] OR ""RNA-binding protein""[tiab] OR ""replication complex""[tiab] OR trafficking[tiab]) AND (""host factor""[tiab] OR ""host protein""[tiab] OR ""viral protein""[tiab]) AND (interacts[tiab] OR binds[tiab] OR recruits[tiab] OR cleaves[tiab] OR degrades[tiab] OR modulates[tiab] OR restricts[tiab] OR promotes[tiab]) NOT (patient*[tiab] OR plasma[tiab] OR serum[tiab] OR biomarker*[tiab] OR metabolomic*[tiab] OR ""network pharmacology""[tiab] OR docking[tiab] OR vaccine*[tiab] OR diagnostic*[tiab] OR epidemiolog*[tiab]))",confirm_include,advance_to_import
pmid-17609268,17609268,10.1128/JVI.00616-07,Fusion of cyclophilin A to Fv1 enables cyclosporine-sensitive restriction of human and feline immunodeficiency viruses.,2007,high,request_pdf,strong_learned_match,viral protein-host protein binding; viral protein-host protein; restriction factor; dependency factor; entry factor; ubiquitin ligase; replication complex; host; virus; viruses,Request PDF: title/abstract matches multiple PMC-learned criteria plus run-objective terms.,"((HIV[tiab] OR ""human immunodeficiency virus""[tiab]) AND (""host factor""[tiab] OR ""restriction factor""[tiab] OR ""dependency factor""[tiab] OR ""entry factor""[tiab] OR ""host E3 ubiquitin ligase""[tiab] OR ""viral protein-host protein""[tiab]) AND (interacts[tiab] OR binds[tiab] OR recruits[tiab] OR cleaves[tiab] OR degrades[tiab] OR modulates[tiab] OR antagonizes[tiab] OR restricts[tiab] OR promotes[tiab] OR mechanism*[tiab]))",confirm_include,advance_to_import
pmid-17428871,17428871,10.1128/JVI.00272-07,Human immunodeficiency virus type 1 cDNAs produced in the presence of APOBEC3G exhibit defects in plus-strand DNA transfer and integration.,2007,high,request_pdf,strong_learned_match,viral protein-host protein; restriction factor; dependency factor; entry factor; ubiquitin ligase; replication complex; host; virus; viral; not,Request PDF: title/abstract matches multiple PMC-learned criteria plus run-objective terms.,"((HIV[tiab] OR ""human immunodeficiency virus""[tiab]) AND (""host factor""[tiab] OR ""restriction factor""[tiab] OR ""dependency factor""[tiab] OR ""entry factor""[tiab] OR ""host E3 ubiquitin ligase""[tiab] OR ""viral protein-host protein""[tiab]) AND (interacts[tiab] OR binds[tiab] OR recruits[tiab] OR cleaves[tiab] OR degrades[tiab] OR modulates[tiab] OR antagonizes[tiab] OR restricts[tiab] OR promotes[tiab] OR mechanism*[tiab]))",confirm_include,advance_to_import
pmid-17314519,17314519,10.1097/QAD.0b013e32801424a5,"Inhibiting lentiviral replication by HEXIM1, a cellular negative regulator of the CDK9/cyclin T complex.",2007,high,request_pdf,strong_learned_match,viral protein-host protein; restriction factor; dependency factor; entry factor; ubiquitin ligase; replication complex; host; virus; viral; evidence,Request PDF: title/abstract matches multiple PMC-learned criteria plus run-objective terms.,"((HIV[tiab] OR ""human immunodeficiency virus""[tiab]) AND (""host factor""[tiab] OR ""restriction factor""[tiab] OR ""dependency factor""[tiab] OR ""entry factor""[tiab] OR ""host E3 ubiquitin ligase""[tiab] OR ""viral protein-host protein""[tiab]) AND (interacts[tiab] OR binds[tiab] OR recruits[tiab] OR cleaves[tiab] OR degrades[tiab] OR modulates[tiab] OR antagonizes[tiab] OR restricts[tiab] OR promotes[tiab] OR mechanism*[tiab]))",confirm_include,advance_to_import
pmid-17090531,17090531,10.1074/jbc.M607439200,Requirement of non-canonical activity of uracil DNA glycosylase for class switch recombination.,2007,high,request_pdf,strong_learned_match,viral protein-host protein; restriction factor; dependency factor; entry factor; ubiquitin ligase; host; virus; viral; interaction; not,Request PDF: title/abstract matches multiple PMC-learned criteria plus run-objective terms.,"((HIV[tiab] OR ""human immunodeficiency virus""[tiab]) AND (""host factor""[tiab] OR ""restriction factor""[tiab] OR ""dependency factor""[tiab] OR ""entry factor""[tiab] OR ""host E3 ubiquitin ligase""[tiab] OR ""viral protein-host protein""[tiab]) AND (interacts[tiab] OR binds[tiab] OR recruits[tiab] OR cleaves[tiab] OR degrades[tiab] OR modulates[tiab] OR antagonizes[tiab] OR restricts[tiab] OR promotes[tiab] OR mechanism*[tiab]))",confirm_include,advance_to_import
pmid-17400754,17400754,10.1073/pnas.0609174104,Structural basis for PRYSPRY-mediated tripartite motif (TRIM) protein function.,2007,high,request_pdf,strong_learned_match,viral protein-host protein binding; viral protein-host protein; restriction factor; dependency factor; entry factor; ubiquitin ligase; host; virus; viral; proteins,Request PDF: title/abstract matches multiple PMC-learned criteria plus run-objective terms.,"((HIV[tiab] OR ""human immunodeficiency virus""[tiab]) AND (""host factor""[tiab] OR ""restriction factor""[tiab] OR ""dependency factor""[tiab] OR ""entry factor""[tiab] OR ""host E3 ubiquitin ligase""[tiab] OR ""viral protein-host protein""[tiab]) AND (interacts[tiab] OR binds[tiab] OR recruits[tiab] OR cleaves[tiab] OR degrades[tiab] OR modulates[tiab] OR antagonizes[tiab] OR restricts[tiab] OR promotes[tiab] OR mechanism*[tiab]))",confirm_include,advance_to_import
pmid-17643463,17643463,10.1016/j.virol.2007.06.028,The RING finger ubiquitin ligase RNF125/TRAC-1 down-modulates HIV-1 replication in primary human peripheral blood mononuclear cells.,2007,high,request_pdf,strong_learned_match,viral protein-host protein binding; viral protein-host protein; restriction factor; dependency factor; entry factor; ubiquitin ligase; er-phagy; reticulophagy; nuclear import; replication complex,Request PDF: title/abstract matches multiple PMC-learned criteria plus run-objective terms.,"((HIV[tiab] OR ""human immunodeficiency virus""[tiab]) AND (""host factor""[tiab] OR ""restriction factor""[tiab] OR ""dependency factor""[tiab] OR ""entry factor""[tiab] OR ""host E3 ubiquitin ligase""[tiab] OR ""viral protein-host protein""[tiab]) AND (interacts[tiab] OR binds[tiab] OR recruits[tiab] OR cleaves[tiab] OR degrades[tiab] OR modulates[tiab] OR antagonizes[tiab] OR restricts[tiab] OR promotes[tiab] OR mechanism*[tiab])); ((KSHV[ti] OR ""Kaposi sarcoma-associated herpesvirus""[ti] OR dengue[ti] OR DENV[ti] OR ""hepatitis C virus""[ti] OR HCV[ti] OR coxsackievirus[ti] OR HIV[ti] OR Ebola[ti] OR EBOV[ti]) AND (""ubiquitin ligase""[tiab] OR proteasome[tiab] OR autophagy[tiab] OR ""ER-phagy""[tiab] OR reticulophagy[tiab] OR ""nuclear import""[tiab] OR ""RNA-binding protein""[tiab] OR ""replication complex""[tiab] OR trafficking[tiab]) AND (""host factor""[tiab] OR ""host protein""[tiab] OR ""viral protein""[tiab]) AND (interacts[tiab] OR binds[tiab] OR recruits[tiab] OR cleaves[tiab] OR degrades[tiab] OR modulates[tiab] OR restricts[tiab] OR promotes[tiab]) NOT (patient*[tiab] OR plasma[tiab] OR serum[tiab] OR biomarker*[tiab] OR metabolomic*[tiab] OR ""network pharmacology""[tiab] OR docking[tiab] OR vaccine*[tiab] OR diagnostic*[tiab] OR epidemiolog*[tiab]))",confirm_include,advance_to_import
pmid-17574642,17574642,10.1016/j.virol.2007.04.034,The ability of multimerized cyclophilin A to restrict retrovirus infection.,2007,high,request_pdf,strong_learned_match,viral protein-host protein binding; viral protein-host protein; restriction factor; dependency factor; entry factor; ubiquitin ligase; host; virus; viruses; viral,Request PDF: title/abstract matches multiple PMC-learned criteria plus run-objective terms.,"((HIV[tiab] OR ""human immunodeficiency virus""[tiab]) AND (""host factor""[tiab] OR ""restriction factor""[tiab] OR ""dependency factor""[tiab] OR ""entry factor""[tiab] OR ""host E3 ubiquitin ligase""[tiab] OR ""viral protein-host protein""[tiab]) AND (interacts[tiab] OR binds[tiab] OR recruits[tiab] OR cleaves[tiab] OR degrades[tiab] OR modulates[tiab] OR antagonizes[tiab] OR restricts[tiab] OR promotes[tiab] OR mechanism*[tiab]))",confirm_include,advance_to_import
pmid-17267486,17267486,10.1128/JVI.02322-06,Transcriptional coactivator LEDGF/p75 modulates human immunodeficiency virus type 1 integrase-mediated concerted integration.,2007,high,request_pdf,strong_learned_match,viral protein-host protein binding; viral protein-host protein; restriction factor; dependency factor; entry factor; ubiquitin ligase; host; virus; viral; interaction,Request PDF: title/abstract matches multiple PMC-learned criteria plus run-objective terms.,"((HIV[tiab] OR ""human immunodeficiency virus""[tiab]) AND (""host factor""[tiab] OR ""restriction factor""[tiab] OR ""dependency factor""[tiab] OR ""entry factor""[tiab] OR ""host E3 ubiquitin ligase""[tiab] OR ""viral protein-host protein""[tiab]) AND (interacts[tiab] OR binds[tiab] OR recruits[tiab] OR cleaves[tiab] OR degrades[tiab] OR modulates[tiab] OR antagonizes[tiab] OR restricts[tiab] OR promotes[tiab] OR mechanism*[tiab]))",confirm_include,advance_to_import
pmid-18799572,18799572,10.1128/JVI.01559-08,Biochemical and biophysical characterization of a chimeric TRIM21-TRIM5alpha protein.,2008,high,request_pdf,strong_learned_match,viral protein-host protein binding; viral protein-host protein; restriction factor; dependency factor; entry factor; ubiquitin ligase; host; virus; viruses; viral,Request PDF: title/abstract matches multiple PMC-learned criteria plus run-objective terms.,"((HIV[tiab] OR ""human immunodeficiency virus""[tiab]) AND (""host factor""[tiab] OR ""restriction factor""[tiab] OR ""dependency factor""[tiab] OR ""entry factor""[tiab] OR ""host E3 ubiquitin ligase""[tiab] OR ""viral protein-host protein""[tiab]) AND (interacts[tiab] OR binds[tiab] OR recruits[tiab] OR cleaves[tiab] OR degrades[tiab] OR modulates[tiab] OR antagonizes[tiab] OR restricts[tiab] OR promotes[tiab] OR mechanism*[tiab]))",confirm_include,advance_to_import
pmid-18480452,18480452,10.1128/JVI.02543-07,"CDK13, a new potential human immunodeficiency virus type 1 inhibitory factor regulating viral mRNA splicing.",2008,high,request_pdf,strong_learned_match,viral protein-host protein binding; viral protein-host protein; restriction factor; dependency factor; entry factor; ubiquitin ligase; host; virus; viral; proteins,Request PDF: title/abstract matches multiple PMC-learned criteria plus run-objective terms.,"((HIV[tiab] OR ""human immunodeficiency virus""[tiab]) AND (""host factor""[tiab] OR ""restriction factor""[tiab] OR ""dependency factor""[tiab] OR ""entry factor""[tiab] OR ""host E3 ubiquitin ligase""[tiab] OR ""viral protein-host protein""[tiab]) AND (interacts[tiab] OR binds[tiab] OR recruits[tiab] OR cleaves[tiab] OR degrades[tiab] OR modulates[tiab] OR antagonizes[tiab] OR restricts[tiab] OR promotes[tiab] OR mechanism*[tiab]))",confirm_include,advance_to_import
pmid-18462673,18462673,10.1016/j.str.2008.01.020,Crystal structure of NFAT bound to the HIV-1 LTR tandem kappaB enhancer element.,2008,high,request_pdf,strong_learned_match,viral protein-host protein binding; viral protein-host protein; restriction factor; dependency factor; entry factor; ubiquitin ligase; host; virus; viral; studies,Request PDF: title/abstract matches multiple PMC-learned criteria plus run-objective terms.,"((HIV[tiab] OR ""human immunodeficiency virus""[tiab]) AND (""host factor""[tiab] OR ""restriction factor""[tiab] OR ""dependency factor""[tiab] OR ""entry factor""[tiab] OR ""host E3 ubiquitin ligase""[tiab] OR ""viral protein-host protein""[tiab]) AND (interacts[tiab] OR binds[tiab] OR recruits[tiab] OR cleaves[tiab] OR degrades[tiab] OR modulates[tiab] OR antagonizes[tiab] OR restricts[tiab] OR promotes[tiab] OR mechanism*[tiab]))",confirm_include,advance_to_import
pmid-18976975,18976975,10.1016/j.chom.2008.10.004,Genome-scale RNAi screen for host factors required for HIV replication.,2008,high,request_pdf,strong_learned_match,crispr screen; rnai screen; restriction factor; dependency factor; replication complex; host; pathway; host-pathogen; virus; evidence,Request PDF: title/abstract matches multiple PMC-learned criteria plus run-objective terms.,"((KSHV[tiab] OR ""Kaposi sarcoma-associated herpesvirus""[tiab] OR dengue[tiab] OR DENV[tiab] OR ""hepatitis C virus""[tiab] OR HCV[tiab] OR coxsackievirus[tiab] OR HIV[tiab] OR Ebola[tiab] OR EBOV[tiab]) AND (""CRISPR screen""[tiab] OR ""RNAi screen""[tiab] OR ""functional genomics""[tiab]) AND (""host factor""[tiab] OR ""host factors""[tiab] OR ""dependency factor""[tiab] OR ""restriction factor""[tiab]))",confirm_include,advance_to_import
pmid-18854243,18854243,10.1016/j.chom.2008.08.013,HIV Nef enhances Tat-mediated viral transcription through a hnRNP-K-nucleated signaling complex.,2008,high,request_pdf,strong_learned_match,viral protein-host protein; restriction factor; dependency factor; entry factor; ubiquitin ligase; replication complex; host; virus; viral; not,Request PDF: title/abstract matches multiple PMC-learned criteria plus run-objective terms.,"((HIV[tiab] OR ""human immunodeficiency virus""[tiab]) AND (""host factor""[tiab] OR ""restriction factor""[tiab] OR ""dependency factor""[tiab] OR ""entry factor""[tiab] OR ""host E3 ubiquitin ligase""[tiab] OR ""viral protein-host protein""[tiab]) AND (interacts[tiab] OR binds[tiab] OR recruits[tiab] OR cleaves[tiab] OR degrades[tiab] OR modulates[tiab] OR antagonizes[tiab] OR restricts[tiab] OR promotes[tiab] OR mechanism*[tiab]))",confirm_include,advance_to_import
pmid-18500349,18500349,10.1038/nm1778,Identification of calcium-modulating cyclophilin ligand as a human host restriction to HIV-1 release overcome by Vpu.,2008,high,request_pdf,strong_learned_match,viral protein-host protein; restriction factor; dependency factor; entry factor; ubiquitin ligase; host; virus; viral; for,Request PDF: title/abstract matches multiple PMC-learned criteria plus run-objective terms.,"((HIV[tiab] OR ""human immunodeficiency virus""[tiab]) AND (""host factor""[tiab] OR ""restriction factor""[tiab] OR ""dependency factor""[tiab] OR ""entry factor""[tiab] OR ""host E3 ubiquitin ligase""[tiab] OR ""viral protein-host protein""[tiab]) AND (interacts[tiab] OR binds[tiab] OR recruits[tiab] OR cleaves[tiab] OR degrades[tiab] OR modulates[tiab] OR antagonizes[tiab] OR restricts[tiab] OR promotes[tiab] OR mechanism*[tiab]))",confirm_include,advance_to_import
pmid-18287035,18287035,10.1073/pnas.0709003105,Independent evolution of an antiviral TRIMCyp in rhesus macaques.,2008,high,request_pdf,strong_learned_match,viral protein-host protein binding; viral protein-host protein; restriction factor; dependency factor; entry factor; ubiquitin ligase; host; virus; viruses; viral,Request PDF: title/abstract matches multiple PMC-learned criteria plus run-objective terms.,"((HIV[tiab] OR ""human immunodeficiency virus""[tiab]) AND (""host factor""[tiab] OR ""restriction factor""[tiab] OR ""dependency factor""[tiab] OR ""entry factor""[tiab] OR ""host E3 ubiquitin ligase""[tiab] OR ""viral protein-host protein""[tiab]) AND (interacts[tiab] OR binds[tiab] OR recruits[tiab] OR cleaves[tiab] OR degrades[tiab] OR modulates[tiab] OR antagonizes[tiab] OR restricts[tiab] OR promotes[tiab] OR mechanism*[tiab]))",confirm_include,advance_to_import
pmid-18287034,18287034,10.1073/pnas.0709258105,Independent genesis of chimeric TRIM5-cyclophilin proteins in two primate species.,2008,high,request_pdf,strong_learned_match,viral protein-host protein binding; viral protein-host protein; restriction factor; dependency factor; entry factor; ubiquitin ligase; host; virus; viruses; viral,Request PDF: title/abstract matches multiple PMC-learned criteria plus run-objective terms.,"((HIV[tiab] OR ""human immunodeficiency virus""[tiab]) AND (""host factor""[tiab] OR ""restriction factor""[tiab] OR ""dependency factor""[tiab] OR ""entry factor""[tiab] OR ""host E3 ubiquitin ligase""[tiab] OR ""viral protein-host protein""[tiab]) AND (interacts[tiab] OR binds[tiab] OR recruits[tiab] OR cleaves[tiab] OR degrades[tiab] OR modulates[tiab] OR antagonizes[tiab] OR restricts[tiab] OR promotes[tiab] OR mechanism*[tiab]))",confirm_include,advance_to_import
pmid-18165230,18165230,10.1074/jbc.M708567200,Nuclear Exclusion of the HIV-1 host defense factor APOBEC3G requires a novel cytoplasmic retention signal and is not dependent on RNA binding.,2008,high,request_pdf,strong_learned_match,viral protein-host protein binding; viral protein-host protein; restriction factor; dependency factor; entry factor; ubiquitin ligase; nuclear import; host; virus; viruses,Request PDF: title/abstract matches multiple PMC-learned criteria plus run-objective terms.,"((HIV[tiab] OR ""human immunodeficiency virus""[tiab]) AND (""host factor""[tiab] OR ""restriction factor""[tiab] OR ""dependency factor""[tiab] OR ""entry factor""[tiab] OR ""host E3 ubiquitin ligase""[tiab] OR ""viral protein-host protein""[tiab]) AND (interacts[tiab] OR binds[tiab] OR recruits[tiab] OR cleaves[tiab] OR degrades[tiab] OR modulates[tiab] OR antagonizes[tiab] OR restricts[tiab] OR promotes[tiab] OR mechanism*[tiab]))",confirm_include,advance_to_import
pmid-18836454,18836454,10.1038/nsmb.1497,Phosphorylation of APOBEC3G by protein kinase A regulates its interaction with HIV-1 Vif.,2008,high,request_pdf,strong_learned_match,viral protein-host protein binding; viral protein-host protein; restriction factor; dependency factor; entry factor; ubiquitin ligase; er-phagy; reticulophagy; nuclear import; replication complex,Request PDF: title/abstract matches multiple PMC-learned criteria plus run-objective terms.,"((HIV[tiab] OR ""human immunodeficiency virus""[tiab]) AND (""host factor""[tiab] OR ""restriction factor""[tiab] OR ""dependency factor""[tiab] OR ""entry factor""[tiab] OR ""host E3 ubiquitin ligase""[tiab] OR ""viral protein-host protein""[tiab]) AND (interacts[tiab] OR binds[tiab] OR recruits[tiab] OR cleaves[tiab] OR degrades[tiab] OR modulates[tiab] OR antagonizes[tiab] OR restricts[tiab] OR promotes[tiab] OR mechanism*[tiab])); ((KSHV[ti] OR ""Kaposi sarcoma-associated herpesvirus""[ti] OR dengue[ti] OR DENV[ti] OR ""hepatitis C virus""[ti] OR HCV[ti] OR coxsackievirus[ti] OR HIV[ti] OR Ebola[ti] OR EBOV[ti]) AND (""ubiquitin ligase""[tiab] OR proteasome[tiab] OR autophagy[tiab] OR ""ER-phagy""[tiab] OR reticulophagy[tiab] OR ""nuclear import""[tiab] OR ""RNA-binding protein""[tiab] OR ""replication complex""[tiab] OR trafficking[tiab]) AND (""host factor""[tiab] OR ""host protein""[tiab] OR ""viral protein""[tiab]) AND (interacts[tiab] OR binds[tiab] OR recruits[tiab] OR cleaves[tiab] OR degrades[tiab] OR modulates[tiab] OR restricts[tiab] OR promotes[tiab]) NOT (patient*[tiab] OR plasma[tiab] OR serum[tiab] OR biomarker*[tiab] OR metabolomic*[tiab] OR ""network pharmacology""[tiab] OR docking[tiab] OR vaccine*[tiab] OR diagnostic*[tiab] OR epidemiolog*[tiab]))",confirm_include,advance_to_import
pmid-18819912,18819912,10.1074/jbc.M804587200,Role of HRB in clathrin-dependent endocytosis.,2008,high,request_pdf,strong_learned_match,proximity proteomics; protein interaction mapping; host; virus; viral; interaction; not; ap-ms; proteomics,Request PDF: title/abstract matches multiple PMC-learned criteria plus run-objective terms.,"((HIV[tiab] OR ""human immunodeficiency virus""[tiab]) AND (interactome[tiab] OR AP-MS[tiab] OR ""affinity purification mass spectrometry""[tiab] OR ""proximity proteomics""[tiab] OR ""proximity labeling""[tiab] OR BioID[tiab] OR ""protein interaction mapping""[tiab] OR (""viral protein""[tiab] AND (""host protein""[tiab] OR ""cellular protein""[tiab]))))",confirm_include,advance_to_import
pmid-18172216,18172216,10.1073/pnas.0704831105,SOCS1 is an inducible host factor during HIV-1 infection and regulates the intracellular trafficking and stability of HIV-1 Gag.,2008,high,request_pdf,strong_learned_match,viral protein-host protein; restriction factor; dependency factor; entry factor; ubiquitin ligase; host; pathway; virus; viral; interaction,Request PDF: title/abstract matches multiple PMC-learned criteria plus run-objective terms.,"((HIV[tiab] OR ""human immunodeficiency virus""[tiab]) AND (""host factor""[tiab] OR ""restriction factor""[tiab] OR ""dependency factor""[tiab] OR ""entry factor""[tiab] OR ""host E3 ubiquitin ligase""[tiab] OR ""viral protein-host protein""[tiab]) AND (interacts[tiab] OR binds[tiab] OR recruits[tiab] OR cleaves[tiab] OR degrades[tiab] OR modulates[tiab] OR antagonizes[tiab] OR restricts[tiab] OR promotes[tiab] OR mechanism*[tiab]))",confirm_include,advance_to_import
pmid-18342597,18342597,10.1016/j.chom.2008.03.001,The interferon-induced protein BST-2 restricts HIV-1 release and is downregulated from the cell surface by the viral Vpu protein.,2008,high,request_pdf,strong_learned_match,viral protein-host protein; restriction factor; dependency factor; entry factor; ubiquitin ligase; host; virus; viral; not; for,Request PDF: title/abstract matches multiple PMC-learned criteria plus run-objective terms.,"((HIV[tiab] OR ""human immunodeficiency virus""[tiab]) AND (""host factor""[tiab] OR ""restriction factor""[tiab] OR ""dependency factor""[tiab] OR ""entry factor""[tiab] OR ""host E3 ubiquitin ligase""[tiab] OR ""viral protein-host protein""[tiab]) AND (interacts[tiab] OR binds[tiab] OR recruits[tiab] OR cleaves[tiab] OR degrades[tiab] OR modulates[tiab] OR antagonizes[tiab] OR restricts[tiab] OR promotes[tiab] OR mechanism*[tiab]))",confirm_include,advance_to_import
pmid-18851679,18851679,10.1089/aid.2008.0072,The level of APOBEC3G (hA3G)-related G-to-A mutations does not correlate with viral load in HIV type 1-infected individuals.,2008,high,request_pdf,strong_learned_match,viral protein-host protein; restriction factor; dependency factor; entry factor; ubiquitin ligase; host; virus; viral; not,Request PDF: title/abstract matches multiple PMC-learned criteria plus run-objective terms.,"((HIV[tiab] OR ""human immunodeficiency virus""[tiab]) AND (""host factor""[tiab] OR ""restriction factor""[tiab] OR ""dependency factor""[tiab] OR ""entry factor""[tiab] OR ""host E3 ubiquitin ligase""[tiab] OR ""viral protein-host protein""[tiab]) AND (interacts[tiab] OR binds[tiab] OR recruits[tiab] OR cleaves[tiab] OR degrades[tiab] OR modulates[tiab] OR antagonizes[tiab] OR restricts[tiab] OR promotes[tiab] OR mechanism*[tiab]))",confirm_include,advance_to_import
pmid-18385767,18385767,10.1038/gt.2008.50,Tissue-specific restriction of cyclophilin A-independent HIV-1- and SIV-derived lentiviral vectors.,2008,high,request_pdf,strong_learned_match,viral protein-host protein binding; viral protein-host protein; restriction factor; dependency factor; entry factor; ubiquitin ligase; host; pathway; virus; viruses,Request PDF: title/abstract matches multiple PMC-learned criteria plus run-objective terms.,"((HIV[tiab] OR ""human immunodeficiency virus""[tiab]) AND (""host factor""[tiab] OR ""restriction factor""[tiab] OR ""dependency factor""[tiab] OR ""entry factor""[tiab] OR ""host E3 ubiquitin ligase""[tiab] OR ""viral protein-host protein""[tiab]) AND (interacts[tiab] OR binds[tiab] OR recruits[tiab] OR cleaves[tiab] OR degrades[tiab] OR modulates[tiab] OR antagonizes[tiab] OR restricts[tiab] OR promotes[tiab] OR mechanism*[tiab]))",confirm_include,advance_to_import
pmid-19374199,19374199,10.2222/jsv.58.207,[Suppression of hepatitis C virus with the reagent targetting host factors].,2008,high,request_pdf,strong_learned_match,viral protein-host protein binding; viral protein-host protein; restriction factor; dependency factor; entry factor; ubiquitin ligase; replication complex; host; virus; viral,Request PDF: title/abstract matches multiple PMC-learned criteria plus run-objective terms.,"((""hepatitis C virus""[tiab] OR HCV[tiab]) AND (""host factor""[tiab] OR ""restriction factor""[tiab] OR ""dependency factor""[tiab] OR ""entry factor""[tiab] OR ""host E3 ubiquitin ligase""[tiab] OR ""viral protein-host protein""[tiab] OR ""replication complex""[tiab]) AND (interacts[tiab] OR binds[tiab] OR recruits[tiab] OR cleaves[tiab] OR degrades[tiab] OR modulates[tiab] OR antagonizes[tiab] OR restricts[tiab] OR promotes[tiab] OR mechanism*[tiab]))",confirm_include,advance_to_import
pmid-19811073,19811073,10.1586/epr.09.73,Cell-type-specific proteome and interactome: using HIV-1 Tat as a test case.,2009,high,request_pdf,strong_learned_match,proximity proteomics; protein interaction mapping; replication complex; host; virus; viral; when; interaction; proteins; not,Request PDF: title/abstract matches multiple PMC-learned criteria plus run-objective terms.,"((HIV[tiab] OR ""human immunodeficiency virus""[tiab]) AND (interactome[tiab] OR AP-MS[tiab] OR ""affinity purification mass spectrometry""[tiab] OR ""proximity proteomics""[tiab] OR ""proximity labeling""[tiab] OR BioID[tiab] OR ""protein interaction mapping""[tiab] OR (""viral protein""[tiab] AND (""host protein""[tiab] OR ""cellular protein""[tiab]))))",confirm_include,advance_to_import
pmid-19451286,19451286,10.1128/AAC.00189-09,Cyclosporine inhibits flavivirus replication through blocking the interaction between host cyclophilins and viral NS5 protein.,2009,high,request_pdf,strong_learned_match,viral protein-host protein; restriction factor; dependency factor; entry factor; ubiquitin ligase; replication complex; host; virus; viruses; viral,Request PDF: title/abstract matches multiple PMC-learned criteria plus run-objective terms.,"((dengue[tiab] OR DENV[tiab]) AND (""host factor""[tiab] OR ""restriction factor""[tiab] OR ""dependency factor""[tiab] OR ""entry factor""[tiab] OR ""host E3 ubiquitin ligase""[tiab] OR ""viral protein-host protein""[tiab] OR ""replication complex""[tiab]) AND (interacts[tiab] OR binds[tiab] OR recruits[tiab] OR cleaves[tiab] OR degrades[tiab] OR modulates[tiab] OR antagonizes[tiab] OR restricts[tiab] OR promotes[tiab] OR mechanism*[tiab]))",confirm_include,advance_to_import
pmid-19793820,19793820,10.1128/JVI.01786-09,Effect of calcium-modulating cyclophilin ligand on human immunodeficiency virus type 1 particle release and cell surface expression of tetherin.,2009,high,request_pdf,strong_learned_match,viral protein-host protein; restriction factor; dependency factor; entry factor; ubiquitin ligase; host; virus; viral; not; for,Request PDF: title/abstract matches multiple PMC-learned criteria plus run-objective terms.,"((HIV[tiab] OR ""human immunodeficiency virus""[tiab]) AND (""host factor""[tiab] OR ""restriction factor""[tiab] OR ""dependency factor""[tiab] OR ""entry factor""[tiab] OR ""host E3 ubiquitin ligase""[tiab] OR ""viral protein-host protein""[tiab]) AND (interacts[tiab] OR binds[tiab] OR recruits[tiab] OR cleaves[tiab] OR degrades[tiab] OR modulates[tiab] OR antagonizes[tiab] OR restricts[tiab] OR promotes[tiab] OR mechanism*[tiab]))",confirm_include,advance_to_import
pmid-19837671,19837671,10.1074/jbc.M109.058305,HIV-1 accessory protein Vpu internalizes cell-surface BST-2/tetherin through transmembrane interactions leading to lysosomes.,2009,high,request_pdf,strong_learned_match,proximity proteomics; viral protein-host protein; protein interaction mapping; restriction factor; dependency factor; entry factor; ubiquitin ligase; host; pathway; virus,Request PDF: title/abstract matches multiple PMC-learned criteria plus run-objective terms.,"((HIV[tiab] OR ""human immunodeficiency virus""[tiab]) AND (interactome[tiab] OR AP-MS[tiab] OR ""affinity purification mass spectrometry""[tiab] OR ""proximity proteomics""[tiab] OR ""proximity labeling""[tiab] OR BioID[tiab] OR ""protein interaction mapping""[tiab] OR (""viral protein""[tiab] AND (""host protein""[tiab] OR ""cellular protein""[tiab])))); ((HIV[tiab] OR ""human immunodeficiency virus""[tiab]) AND (""host factor""[tiab] OR ""restriction factor""[tiab] OR ""dependency factor""[tiab] OR ""entry factor""[tiab] OR ""host E3 ubiquitin ligase""[tiab] OR ""viral protein-host protein""[tiab]) AND (interacts[tiab] OR binds[tiab] OR recruits[tiab] OR cleaves[tiab] OR degrades[tiab] OR modulates[tiab] OR antagonizes[tiab] OR restricts[tiab] OR promotes[tiab] OR mechanism*[tiab]))",confirm_include,advance_to_import
pmid-19153238,19153238,10.1128/JVI.02347-08,Induction of APOBEC3 in vivo causes increased restriction of retrovirus infection.,2009,high,request_pdf,strong_learned_match,viral protein-host protein; restriction factor; dependency factor; entry factor; ubiquitin ligase; host; virus; viruses; viral; proteins,Request PDF: title/abstract matches multiple PMC-learned criteria plus run-objective terms.,"((HIV[tiab] OR ""human immunodeficiency virus""[tiab]) AND (""host factor""[tiab] OR ""restriction factor""[tiab] OR ""dependency factor""[tiab] OR ""entry factor""[tiab] OR ""host E3 ubiquitin ligase""[tiab] OR ""viral protein-host protein""[tiab]) AND (interacts[tiab] OR binds[tiab] OR recruits[tiab] OR cleaves[tiab] OR degrades[tiab] OR modulates[tiab] OR antagonizes[tiab] OR restricts[tiab] OR promotes[tiab] OR mechanism*[tiab]))",confirm_include,advance_to_import
pmid-19244240,19244240,10.1074/jbc.M807781200,Lens epithelium-derived growth factor/p75 interacts with the transposase-derived DDE domain of PogZ.,2009,high,request_pdf,strong_learned_match,viral protein-host protein binding; viral protein-host protein; restriction factor; dependency factor; entry factor; ubiquitin ligase; host; virus; viral; interaction,Request PDF: title/abstract matches multiple PMC-learned criteria plus run-objective terms.,"((HIV[tiab] OR ""human immunodeficiency virus""[tiab]) AND (""host factor""[tiab] OR ""restriction factor""[tiab] OR ""dependency factor""[tiab] OR ""entry factor""[tiab] OR ""host E3 ubiquitin ligase""[tiab] OR ""viral protein-host protein""[tiab]) AND (interacts[tiab] OR binds[tiab] OR recruits[tiab] OR cleaves[tiab] OR degrades[tiab] OR modulates[tiab] OR antagonizes[tiab] OR restricts[tiab] OR promotes[tiab] OR mechanism*[tiab]))",confirm_include,advance_to_import
pmid-19539482,19539482,10.1016/j.bmc.2009.05.045,Proteochemometrics mapping of the interaction space for retroviral proteases and their substrates.,2009,high,request_pdf,strong_learned_match,proximity proteomics; protein interaction mapping; host; virus; viruses; viral; interaction; for; across; ap-ms,Request PDF: title/abstract matches multiple PMC-learned criteria plus run-objective terms.,"((HIV[tiab] OR ""human immunodeficiency virus""[tiab]) AND (interactome[tiab] OR AP-MS[tiab] OR ""affinity purification mass spectrometry""[tiab] OR ""proximity proteomics""[tiab] OR ""proximity labeling""[tiab] OR BioID[tiab] OR ""protein interaction mapping""[tiab] OR (""viral protein""[tiab] AND (""host protein""[tiab] OR ""cellular protein""[tiab]))))",confirm_include,advance_to_import
pmid-19327355,19327355,10.1016/j.febslet.2009.03.041,Requirement for microtubule integrity in the SOCS1-mediated intracellular dynamics of HIV-1 Gag.,2009,high,request_pdf,strong_learned_match,viral protein-host protein binding; viral protein-host protein; restriction factor; dependency factor; entry factor; ubiquitin ligase; er-phagy; reticulophagy; nuclear import; replication complex,Request PDF: title/abstract matches multiple PMC-learned criteria plus run-objective terms.,"((HIV[tiab] OR ""human immunodeficiency virus""[tiab]) AND (""host factor""[tiab] OR ""restriction factor""[tiab] OR ""dependency factor""[tiab] OR ""entry factor""[tiab] OR ""host E3 ubiquitin ligase""[tiab] OR ""viral protein-host protein""[tiab]) AND (interacts[tiab] OR binds[tiab] OR recruits[tiab] OR cleaves[tiab] OR degrades[tiab] OR modulates[tiab] OR antagonizes[tiab] OR restricts[tiab] OR promotes[tiab] OR mechanism*[tiab])); ((KSHV[ti] OR ""Kaposi sarcoma-associated herpesvirus""[ti] OR dengue[ti] OR DENV[ti] OR ""hepatitis C virus""[ti] OR HCV[ti] OR coxsackievirus[ti] OR HIV[ti] OR Ebola[ti] OR EBOV[ti]) AND (""ubiquitin ligase""[tiab] OR proteasome[tiab] OR autophagy[tiab] OR ""ER-phagy""[tiab] OR reticulophagy[tiab] OR ""nuclear import""[tiab] OR ""RNA-binding protein""[tiab] OR ""replication complex""[tiab] OR trafficking[tiab]) AND (""host factor""[tiab] OR ""host protein""[tiab] OR ""viral protein""[tiab]) AND (interacts[tiab] OR binds[tiab] OR recruits[tiab] OR cleaves[tiab] OR degrades[tiab] OR modulates[tiab] OR restricts[tiab] OR promotes[tiab]) NOT (patient*[tiab] OR plasma[tiab] OR serum[tiab] OR biomarker*[tiab] OR metabolomic*[tiab] OR ""network pharmacology""[tiab] OR docking[tiab] OR vaccine*[tiab] OR diagnostic*[tiab] OR epidemiolog*[tiab]))",confirm_include,advance_to_import
pmid-19244337,19244337,10.1128/JVI.01800-08,Suppression of Tetherin-restricting activity upon human immunodeficiency virus type 1 particle release correlates with localization of Vpu in the trans-Golgi network.,2009,high,request_pdf,strong_learned_match,viral protein-host protein; restriction factor; dependency factor; entry factor; ubiquitin ligase; host; virus; viral; evidence; for,Request PDF: title/abstract matches multiple PMC-learned criteria plus run-objective terms.,"((HIV[tiab] OR ""human immunodeficiency virus""[tiab]) AND (""host factor""[tiab] OR ""restriction factor""[tiab] OR ""dependency factor""[tiab] OR ""entry factor""[tiab] OR ""host E3 ubiquitin ligase""[tiab] OR ""viral protein-host protein""[tiab]) AND (interacts[tiab] OR binds[tiab] OR recruits[tiab] OR cleaves[tiab] OR degrades[tiab] OR modulates[tiab] OR antagonizes[tiab] OR restricts[tiab] OR promotes[tiab] OR mechanism*[tiab]))",confirm_include,advance_to_import
pmid-19278657,19278657,10.1016/j.str.2008.12.020,Three-dimensional structure of AAA ATPase Vps4: advancing structural insights into the mechanisms of endosomal sorting and enveloped virus budding.,2009,high,request_pdf,strong_learned_match,viral protein-host protein; restriction factor; dependency factor; entry factor; ubiquitin ligase; replication complex; host; virus; viruses; viral,Request PDF: title/abstract matches multiple PMC-learned criteria plus run-objective terms.,"((HIV[tiab] OR ""human immunodeficiency virus""[tiab]) AND (""host factor""[tiab] OR ""restriction factor""[tiab] OR ""dependency factor""[tiab] OR ""entry factor""[tiab] OR ""host E3 ubiquitin ligase""[tiab] OR ""viral protein-host protein""[tiab]) AND (interacts[tiab] OR binds[tiab] OR recruits[tiab] OR cleaves[tiab] OR degrades[tiab] OR modulates[tiab] OR antagonizes[tiab] OR restricts[tiab] OR promotes[tiab] OR mechanism*[tiab])); ((Ebola[tiab] OR ""Ebola virus""[tiab] OR Ebolavirus[tiab] OR EBOV[tiab]) AND (""host factor""[tiab] OR ""restriction factor""[tiab] OR ""dependency factor""[tiab] OR ""entry factor""[tiab] OR ""host E3 ubiquitin ligase""[tiab] OR ""viral protein-host protein""[tiab] OR ""replication complex""[tiab]) AND (interacts[tiab] OR binds[tiab] OR recruits[tiab] OR cleaves[tiab] OR degrades[tiab] OR modulates[tiab] OR antagonizes[tiab] OR restricts[tiab] OR promotes[tiab] OR mechanism*[tiab]))",confirm_include,advance_to_import
pmid-19515779,19515779,10.1128/JVI.00242-09,Vpu directs the degradation of the human immunodeficiency virus restriction factor BST-2/Tetherin via a {beta}TrCP-dependent mechanism.,2009,high,request_pdf,strong_learned_match,viral protein-host protein; restriction factor; dependency factor; entry factor; ubiquitin ligase; host; pathway; virus; viral; interaction,Request PDF: title/abstract matches multiple PMC-learned criteria plus run-objective terms.,"((HIV[tiab] OR ""human immunodeficiency virus""[tiab]) AND (""host factor""[tiab] OR ""restriction factor""[tiab] OR ""dependency factor""[tiab] OR ""entry factor""[tiab] OR ""host E3 ubiquitin ligase""[tiab] OR ""viral protein-host protein""[tiab]) AND (interacts[tiab] OR binds[tiab] OR recruits[tiab] OR cleaves[tiab] OR degrades[tiab] OR modulates[tiab] OR antagonizes[tiab] OR restricts[tiab] OR promotes[tiab] OR mechanism*[tiab]))",confirm_include,advance_to_import
pmid-19899129,19899129,10.1002/cyto.a.20818,A quantitative measure for alterations in the actin cytoskeleton investigated with automated high-throughput microscopy.,2010,high,request_pdf,strong_learned_match,viral protein-host protein; restriction factor; dependency factor; entry factor; ubiquitin ligase; host; virus; viral; for,Request PDF: title/abstract matches multiple PMC-learned criteria plus run-objective terms.,"((HIV[tiab] OR ""human immunodeficiency virus""[tiab]) AND (""host factor""[tiab] OR ""restriction factor""[tiab] OR ""dependency factor""[tiab] OR ""entry factor""[tiab] OR ""host E3 ubiquitin ligase""[tiab] OR ""viral protein-host protein""[tiab]) AND (interacts[tiab] OR binds[tiab] OR recruits[tiab] OR cleaves[tiab] OR degrades[tiab] OR modulates[tiab] OR antagonizes[tiab] OR restricts[tiab] OR promotes[tiab] OR mechanism*[tiab]))",confirm_include,advance_to_import
pmid-21203916,21203916,10.1007/s13238-010-0096-9,Analyses of SELEX-derived ZAP-binding RNA aptamers suggest that the binding specificity is determined by both structure and sequence of the RNA.,2010,high,request_pdf,strong_learned_match,viral protein-host protein binding; viral protein-host protein; restriction factor; dependency factor; entry factor; ubiquitin ligase; replication complex; host; virus; viruses,Request PDF: title/abstract matches multiple PMC-learned criteria plus run-objective terms.,"((Ebola[tiab] OR ""Ebola virus""[tiab] OR Ebolavirus[tiab] OR EBOV[tiab]) AND (""host factor""[tiab] OR ""restriction factor""[tiab] OR ""dependency factor""[tiab] OR ""entry factor""[tiab] OR ""host E3 ubiquitin ligase""[tiab] OR ""viral protein-host protein""[tiab] OR ""replication complex""[tiab]) AND (interacts[tiab] OR binds[tiab] OR recruits[tiab] OR cleaves[tiab] OR degrades[tiab] OR modulates[tiab] OR antagonizes[tiab] OR restricts[tiab] OR promotes[tiab] OR mechanism*[tiab]))",confirm_include,advance_to_import
pmid-20147395,20147395,10.1128/JVI.01549-09,Antagonism of CD317 restriction of human immunodeficiency virus type 1 (HIV-1) particle release and depletion of CD317 are separable activities of HIV-1 Vpu.,2010,high,request_pdf,strong_learned_match,viral protein-host protein; restriction factor; dependency factor; entry factor; ubiquitin ligase; host; virus; viral,Request PDF: title/abstract matches multiple PMC-learned criteria plus run-objective terms.,"((HIV[tiab] OR ""human immunodeficiency virus""[tiab]) AND (""host factor""[tiab] OR ""restriction factor""[tiab] OR ""dependency factor""[tiab] OR ""entry factor""[tiab] OR ""host E3 ubiquitin ligase""[tiab] OR ""viral protein-host protein""[tiab]) AND (interacts[tiab] OR binds[tiab] OR recruits[tiab] OR cleaves[tiab] OR degrades[tiab] OR modulates[tiab] OR antagonizes[tiab] OR restricts[tiab] OR promotes[tiab] OR mechanism*[tiab]))",confirm_include,advance_to_import
pmid-20014138,20014138,10.1002/hep.23278,Apolipoprotein E interacts with hepatitis C virus nonstructural protein 5A and determines assembly of infectious particles.,2010,high,request_pdf,strong_learned_match,viral protein-host protein binding; viral protein-host protein; restriction factor; dependency factor; entry factor; ubiquitin ligase; replication complex; host; virus; viral,Request PDF: title/abstract matches multiple PMC-learned criteria plus run-objective terms.,"((""hepatitis C virus""[tiab] OR HCV[tiab]) AND (""host factor""[tiab] OR ""restriction factor""[tiab] OR ""dependency factor""[tiab] OR ""entry factor""[tiab] OR ""host E3 ubiquitin ligase""[tiab] OR ""viral protein-host protein""[tiab] OR ""replication complex""[tiab]) AND (interacts[tiab] OR binds[tiab] OR recruits[tiab] OR cleaves[tiab] OR degrades[tiab] OR modulates[tiab] OR antagonizes[tiab] OR restricts[tiab] OR promotes[tiab] OR mechanism*[tiab]))",confirm_include,advance_to_import
pmid-20807705,20807705,10.1189/jlb.0310176,Arsenic modulates APOBEC3G-mediated restriction to HIV-1 infection in myeloid dendritic cells.,2010,high,request_pdf,strong_learned_match,viral protein-host protein; restriction factor; dependency factor; entry factor; ubiquitin ligase; host; virus; viral; not,Request PDF: title/abstract matches multiple PMC-learned criteria plus run-objective terms.,"((HIV[tiab] OR ""human immunodeficiency virus""[tiab]) AND (""host factor""[tiab] OR ""restriction factor""[tiab] OR ""dependency factor""[tiab] OR ""entry factor""[tiab] OR ""host E3 ubiquitin ligase""[tiab] OR ""viral protein-host protein""[tiab]) AND (interacts[tiab] OR binds[tiab] OR recruits[tiab] OR cleaves[tiab] OR degrades[tiab] OR modulates[tiab] OR antagonizes[tiab] OR restricts[tiab] OR promotes[tiab] OR mechanism*[tiab]))",confirm_include,advance_to_import
pmid-20023216,20023216,10.1182/blood-2009-06-226423,CCR6 ligands inhibit HIV by inducing APOBEC3G.,2010,high,request_pdf,strong_learned_match,viral protein-host protein; restriction factor; dependency factor; entry factor; ubiquitin ligase; host; pathway; virus; viral; not,Request PDF: title/abstract matches multiple PMC-learned criteria plus run-objective terms.,"((HIV[tiab] OR ""human immunodeficiency virus""[tiab]) AND (""host factor""[tiab] OR ""restriction factor""[tiab] OR ""dependency factor""[tiab] OR ""entry factor""[tiab] OR ""host E3 ubiquitin ligase""[tiab] OR ""viral protein-host protein""[tiab]) AND (interacts[tiab] OR binds[tiab] OR recruits[tiab] OR cleaves[tiab] OR degrades[tiab] OR modulates[tiab] OR antagonizes[tiab] OR restricts[tiab] OR promotes[tiab] OR mechanism*[tiab]))",confirm_include,advance_to_import
pmid-20147389,20147389,10.1128/JVI.02421-09,CD317/tetherin is enriched in the HIV-1 envelope and downregulated from the plasma membrane upon virus infection.,2010,high,request_pdf,strong_learned_match,viral protein-host protein; restriction factor; dependency factor; entry factor; ubiquitin ligase; host; virus; viruses; viral; studies,Request PDF: title/abstract matches multiple PMC-learned criteria plus run-objective terms.,"((HIV[tiab] OR ""human immunodeficiency virus""[tiab]) AND (""host factor""[tiab] OR ""restriction factor""[tiab] OR ""dependency factor""[tiab] OR ""entry factor""[tiab] OR ""host E3 ubiquitin ligase""[tiab] OR ""viral protein-host protein""[tiab]) AND (interacts[tiab] OR binds[tiab] OR recruits[tiab] OR cleaves[tiab] OR degrades[tiab] OR modulates[tiab] OR antagonizes[tiab] OR restricts[tiab] OR promotes[tiab] OR mechanism*[tiab]))",confirm_include,advance_to_import
pmid-20861257,20861257,10.1128/JVI.01447-10,Cell-cell spread of human immunodeficiency virus type 1 overcomes tetherin/BST-2-mediated restriction in T cells.,2010,high,request_pdf,strong_learned_match,viral protein-host protein; restriction factor; dependency factor; entry factor; ubiquitin ligase; host; virus; viral; proteins; not,Request PDF: title/abstract matches multiple PMC-learned criteria plus run-objective terms.,"((HIV[tiab] OR ""human immunodeficiency virus""[tiab]) AND (""host factor""[tiab] OR ""restriction factor""[tiab] OR ""dependency factor""[tiab] OR ""entry factor""[tiab] OR ""host E3 ubiquitin ligase""[tiab] OR ""viral protein-host protein""[tiab]) AND (interacts[tiab] OR binds[tiab] OR recruits[tiab] OR cleaves[tiab] OR degrades[tiab] OR modulates[tiab] OR antagonizes[tiab] OR restricts[tiab] OR promotes[tiab] OR mechanism*[tiab]))",confirm_include,advance_to_import
pmid-20110098,20110098,10.1016/j.virol.2010.01.003,Contribution of RING domain to retrovirus restriction by TRIM5alpha depends on combination of host and virus.,2010,high,request_pdf,strong_learned_match,viral protein-host protein; restriction factor; dependency factor; entry factor; ubiquitin ligase; host; pathway; virus; viral; not,Request PDF: title/abstract matches multiple PMC-learned criteria plus run-objective terms.,"((HIV[tiab] OR ""human immunodeficiency virus""[tiab]) AND (""host factor""[tiab] OR ""restriction factor""[tiab] OR ""dependency factor""[tiab] OR ""entry factor""[tiab] OR ""host E3 ubiquitin ligase""[tiab] OR ""viral protein-host protein""[tiab]) AND (interacts[tiab] OR binds[tiab] OR recruits[tiab] OR cleaves[tiab] OR degrades[tiab] OR modulates[tiab] OR antagonizes[tiab] OR restricts[tiab] OR promotes[tiab] OR mechanism*[tiab]))",confirm_include,advance_to_import
pmid-20089662,20089662,10.1128/JVI.02590-09,HIV-1 Vpr induces the K48-linked polyubiquitination and proteasomal degradation of target cellular proteins to activate ATR and promote G2 arrest.,2010,high,request_pdf,strong_learned_match,ubiquitin ligase; er-phagy; reticulophagy; nuclear import; rna-binding proteins; replication complex; host; virus; viral; evidence,Request PDF: title/abstract matches multiple PMC-learned criteria plus run-objective terms.,"((KSHV[ti] OR ""Kaposi sarcoma-associated herpesvirus""[ti] OR dengue[ti] OR DENV[ti] OR ""hepatitis C virus""[ti] OR HCV[ti] OR coxsackievirus[ti] OR HIV[ti] OR Ebola[ti] OR EBOV[ti]) AND (""ubiquitin ligase""[tiab] OR proteasome[tiab] OR autophagy[tiab] OR ""ER-phagy""[tiab] OR reticulophagy[tiab] OR ""nuclear import""[tiab] OR ""RNA-binding protein""[tiab] OR ""replication complex""[tiab] OR trafficking[tiab]) AND (""host factor""[tiab] OR ""host protein""[tiab] OR ""viral protein""[tiab]) AND (interacts[tiab] OR binds[tiab] OR recruits[tiab] OR cleaves[tiab] OR degrades[tiab] OR modulates[tiab] OR restricts[tiab] OR promotes[tiab]) NOT (patient*[tiab] OR plasma[tiab] OR serum[tiab] OR biomarker*[tiab] OR metabolomic*[tiab] OR ""network pharmacology""[tiab] OR docking[tiab] OR vaccine*[tiab] OR diagnostic*[tiab] OR epidemiolog*[tiab]))",confirm_include,advance_to_import
pmid-20601427,20601427,10.1074/jbc.M110.118323,Heat shock protein 72 is associated with the hepatitis C virus replicase complex and enhances viral RNA replication.,2010,high,request_pdf,strong_learned_match,viral protein-host protein; restriction factor; dependency factor; entry factor; ubiquitin ligase; replication complex; host; virus; viral; interaction,Request PDF: title/abstract matches multiple PMC-learned criteria plus run-objective terms.,"((""hepatitis C virus""[tiab] OR HCV[tiab]) AND (""host factor""[tiab] OR ""restriction factor""[tiab] OR ""dependency factor""[tiab] OR ""entry factor""[tiab] OR ""host E3 ubiquitin ligase""[tiab] OR ""viral protein-host protein""[tiab] OR ""replication complex""[tiab]) AND (interacts[tiab] OR binds[tiab] OR recruits[tiab] OR cleaves[tiab] OR degrades[tiab] OR modulates[tiab] OR antagonizes[tiab] OR restricts[tiab] OR promotes[tiab] OR mechanism*[tiab]))",confirm_include,advance_to_import
pmid-20053985,20053985,10.1074/jbc.M109.040618,Hsp70 interacts with the retroviral restriction factor TRIM5alpha and assists the folding of TRIM5alpha.,2010,high,request_pdf,strong_learned_match,viral protein-host protein binding; viral protein-host protein; restriction factor; dependency factor; entry factor; ubiquitin ligase; host; virus; viral; studies,Request PDF: title/abstract matches multiple PMC-learned criteria plus run-objective terms.,"((HIV[tiab] OR ""human immunodeficiency virus""[tiab]) AND (""host factor""[tiab] OR ""restriction factor""[tiab] OR ""dependency factor""[tiab] OR ""entry factor""[tiab] OR ""host E3 ubiquitin ligase""[tiab] OR ""viral protein-host protein""[tiab]) AND (interacts[tiab] OR binds[tiab] OR recruits[tiab] OR cleaves[tiab] OR degrades[tiab] OR modulates[tiab] OR antagonizes[tiab] OR restricts[tiab] OR promotes[tiab] OR mechanism*[tiab]))",confirm_include,advance_to_import
pmid-19906930,19906930,10.1128/JVI.01190-09,Identification of GBF1 as a cellular factor required for hepatitis C virus RNA replication.,2010,high,request_pdf,strong_learned_match,viral protein-host protein; restriction factor; dependency factor; entry factor; ubiquitin ligase; replication complex; host; pathway; virus; viral,Request PDF: title/abstract matches multiple PMC-learned criteria plus run-objective terms.,"((""hepatitis C virus""[tiab] OR HCV[tiab]) AND (""host factor""[tiab] OR ""restriction factor""[tiab] OR ""dependency factor""[tiab] OR ""entry factor""[tiab] OR ""host E3 ubiquitin ligase""[tiab] OR ""viral protein-host protein""[tiab] OR ""replication complex""[tiab]) AND (interacts[tiab] OR binds[tiab] OR recruits[tiab] OR cleaves[tiab] OR degrades[tiab] OR modulates[tiab] OR antagonizes[tiab] OR restricts[tiab] OR promotes[tiab] OR mechanism*[tiab]))",confirm_include,advance_to_import
pmid-20702783,20702783,10.1074/mcp.M110.003418,Identification of essential filovirion-associated host factors by serial proteomic analysis and RNAi screen.,2010,high,request_pdf,strong_learned_match,crispr screen; rnai screen; restriction factor; dependency factor; host; virus; viruses; viral; studies; proteins,Request PDF: title/abstract matches multiple PMC-learned criteria plus run-objective terms.,"((KSHV[tiab] OR ""Kaposi sarcoma-associated herpesvirus""[tiab] OR dengue[tiab] OR DENV[tiab] OR ""hepatitis C virus""[tiab] OR HCV[tiab] OR coxsackievirus[tiab] OR HIV[tiab] OR Ebola[tiab] OR EBOV[tiab]) AND (""CRISPR screen""[tiab] OR ""RNAi screen""[tiab] OR ""functional genomics""[tiab]) AND (""host factor""[tiab] OR ""host factors""[tiab] OR ""dependency factor""[tiab] OR ""restriction factor""[tiab]))",confirm_include,advance_to_import
pmid-20473303,20473303,10.1038/nchembio.370,Rational design of small-molecule inhibitors of the LEDGF/p75-integrase interaction and HIV replication.,2010,high,request_pdf,strong_learned_match,viral protein-host protein binding; viral protein-host protein; restriction factor; dependency factor; entry factor; ubiquitin ligase; replication complex; host; virus; viral,Request PDF: title/abstract matches multiple PMC-learned criteria plus run-objective terms.,"((HIV[tiab] OR ""human immunodeficiency virus""[tiab]) AND (""host factor""[tiab] OR ""restriction factor""[tiab] OR ""dependency factor""[tiab] OR ""entry factor""[tiab] OR ""host E3 ubiquitin ligase""[tiab] OR ""viral protein-host protein""[tiab]) AND (interacts[tiab] OR binds[tiab] OR recruits[tiab] OR cleaves[tiab] OR degrades[tiab] OR modulates[tiab] OR antagonizes[tiab] OR restricts[tiab] OR promotes[tiab] OR mechanism*[tiab]))",confirm_include,advance_to_import
pmid-20335258,20335258,10.1128/JVI.02343-09,Role of annexin A2 in the production of infectious hepatitis C virus particles.,2010,high,request_pdf,strong_learned_match,viral protein-host protein; restriction factor; dependency factor; entry factor; ubiquitin ligase; replication complex; host; virus; viruses; viral,Request PDF: title/abstract matches multiple PMC-learned criteria plus run-objective terms.,"((""hepatitis C virus""[tiab] OR HCV[tiab]) AND (""host factor""[tiab] OR ""restriction factor""[tiab] OR ""dependency factor""[tiab] OR ""entry factor""[tiab] OR ""host E3 ubiquitin ligase""[tiab] OR ""viral protein-host protein""[tiab] OR ""replication complex""[tiab]) AND (interacts[tiab] OR binds[tiab] OR recruits[tiab] OR cleaves[tiab] OR degrades[tiab] OR modulates[tiab] OR antagonizes[tiab] OR restricts[tiab] OR promotes[tiab] OR mechanism*[tiab]))",confirm_include,advance_to_import
pmid-20940320,20940320,10.1073/pnas.1011485107,Structural insight into the mechanisms of enveloped virus tethering by tetherin.,2010,high,request_pdf,strong_learned_match,viral protein-host protein; restriction factor; dependency factor; entry factor; ubiquitin ligase; host; virus; viruses; viral; studies,Request PDF: title/abstract matches multiple PMC-learned criteria plus run-objective terms.,"((HIV[tiab] OR ""human immunodeficiency virus""[tiab]) AND (""host factor""[tiab] OR ""restriction factor""[tiab] OR ""dependency factor""[tiab] OR ""entry factor""[tiab] OR ""host E3 ubiquitin ligase""[tiab] OR ""viral protein-host protein""[tiab]) AND (interacts[tiab] OR binds[tiab] OR recruits[tiab] OR cleaves[tiab] OR degrades[tiab] OR modulates[tiab] OR antagonizes[tiab] OR restricts[tiab] OR promotes[tiab] OR mechanism*[tiab]))",confirm_include,advance_to_import
pmid-20410272,20410272,10.1128/JVI.00210-10,TRIM5alpha disrupts the structure of assembled HIV-1 capsid complexes in vitro.,2010,high,request_pdf,strong_learned_match,viral protein-host protein binding; viral protein-host protein; restriction factor; dependency factor; entry factor; ubiquitin ligase; host; virus; viral; interaction,Request PDF: title/abstract matches multiple PMC-learned criteria plus run-objective terms.,"((HIV[tiab] OR ""human immunodeficiency virus""[tiab]) AND (""host factor""[tiab] OR ""restriction factor""[tiab] OR ""dependency factor""[tiab] OR ""entry factor""[tiab] OR ""host E3 ubiquitin ligase""[tiab] OR ""viral protein-host protein""[tiab]) AND (interacts[tiab] OR binds[tiab] OR recruits[tiab] OR cleaves[tiab] OR degrades[tiab] OR modulates[tiab] OR antagonizes[tiab] OR restricts[tiab] OR promotes[tiab] OR mechanism*[tiab]))",confirm_include,advance_to_import
pmid-21680743,21680743,10.1074/jbc.M111.260406,Determinants of the higher order association of the restriction factor TRIM5alpha and other tripartite motif (TRIM) proteins.,2011,high,request_pdf,strong_learned_match,viral protein-host protein binding; viral protein-host protein; restriction factor; dependency factor; entry factor; ubiquitin ligase; host; virus; viral; studies,Request PDF: title/abstract matches multiple PMC-learned criteria plus run-objective terms.,"((HIV[tiab] OR ""human immunodeficiency virus""[tiab]) AND (""host factor""[tiab] OR ""restriction factor""[tiab] OR ""dependency factor""[tiab] OR ""entry factor""[tiab] OR ""host E3 ubiquitin ligase""[tiab] OR ""viral protein-host protein""[tiab]) AND (interacts[tiab] OR binds[tiab] OR recruits[tiab] OR cleaves[tiab] OR degrades[tiab] OR modulates[tiab] OR antagonizes[tiab] OR restricts[tiab] OR promotes[tiab] OR mechanism*[tiab]))",confirm_include,advance_to_import
pmid-21191020,21191020,10.1128/JVI.02080-10,Differential effects of human immunodeficiency virus type 1 Vpu on the stability of BST-2/tetherin.,2011,high,request_pdf,strong_learned_match,viral protein-host protein; restriction factor; dependency factor; entry factor; ubiquitin ligase; host; virus; viruses; viral; evidence,Request PDF: title/abstract matches multiple PMC-learned criteria plus run-objective terms.,"((HIV[tiab] OR ""human immunodeficiency virus""[tiab]) AND (""host factor""[tiab] OR ""restriction factor""[tiab] OR ""dependency factor""[tiab] OR ""entry factor""[tiab] OR ""host E3 ubiquitin ligase""[tiab] OR ""viral protein-host protein""[tiab]) AND (interacts[tiab] OR binds[tiab] OR recruits[tiab] OR cleaves[tiab] OR degrades[tiab] OR modulates[tiab] OR antagonizes[tiab] OR restricts[tiab] OR promotes[tiab] OR mechanism*[tiab]))",confirm_include,advance_to_import
pmid-22077229,22077229,10.1111/j.1574-695X.2011.00848.x,Extensive viral mimicry of 22 AIDS-related autoantigens by HIV-1 proteins and pathway analysis of 561 viral/human homologues suggest an initial treatable autoimmune component of AIDS.,2011,high,request_pdf,strong_learned_match,proximity proteomics; protein interaction mapping; entry factor; host; pathway; virus; viral; interaction; proteins; ap-ms,Request PDF: title/abstract matches multiple PMC-learned criteria plus run-objective terms.,"((HIV[tiab] OR ""human immunodeficiency virus""[tiab]) AND (interactome[tiab] OR AP-MS[tiab] OR ""affinity purification mass spectrometry""[tiab] OR ""proximity proteomics""[tiab] OR ""proximity labeling""[tiab] OR BioID[tiab] OR ""protein interaction mapping""[tiab] OR (""viral protein""[tiab] AND (""host protein""[tiab] OR ""cellular protein""[tiab]))))",confirm_include,advance_to_import
pmid-21148275,21148275,10.1099/vir.0.028597-0,Functional interaction between cellular p100 and the dengue virus 3' UTR.,2011,high,request_pdf,strong_learned_match,proximity proteomics; protein interaction mapping; host; virus; viral; evidence; interaction; for; ap-ms; proteomics,Request PDF: title/abstract matches multiple PMC-learned criteria plus run-objective terms.,"((dengue[tiab] OR DENV[tiab]) AND (interactome[tiab] OR AP-MS[tiab] OR ""affinity purification mass spectrometry""[tiab] OR ""proximity proteomics""[tiab] OR ""proximity labeling""[tiab] OR BioID[tiab] OR ""protein interaction mapping""[tiab] OR (""viral protein""[tiab] AND (""host protein""[tiab] OR ""cellular protein""[tiab]))))",confirm_include,advance_to_import
pmid-22056990,22056990,10.1038/nature10623,HIV-1 restriction factor SAMHD1 is a deoxynucleoside triphosphate triphosphohydrolase.,2011,high,request_pdf,strong_learned_match,viral protein-host protein; restriction factor; dependency factor; entry factor; ubiquitin ligase; host; virus; viral; for; antiviral,Request PDF: title/abstract matches multiple PMC-learned criteria plus run-objective terms.,"((HIV[tiab] OR ""human immunodeficiency virus""[tiab]) AND (""host factor""[tiab] OR ""restriction factor""[tiab] OR ""dependency factor""[tiab] OR ""entry factor""[tiab] OR ""host E3 ubiquitin ligase""[tiab] OR ""viral protein-host protein""[tiab]) AND (interacts[tiab] OR binds[tiab] OR recruits[tiab] OR cleaves[tiab] OR degrades[tiab] OR modulates[tiab] OR antagonizes[tiab] OR restricts[tiab] OR promotes[tiab] OR mechanism*[tiab]))",confirm_include,advance_to_import
pmid-21297162,21297162,10.1074/jbc.M110.194472,Hepatitis C virus NS5A protein interacts with phosphatidylinositol 4-kinase type IIIalpha and regulates viral propagation.,2011,high,request_pdf,strong_learned_match,viral protein-host protein binding; viral protein-host protein; restriction factor; dependency factor; entry factor; ubiquitin ligase; er-phagy; reticulophagy; nuclear import; replication complex,Request PDF: title/abstract matches multiple PMC-learned criteria plus run-objective terms.,"((""hepatitis C virus""[tiab] OR HCV[tiab]) AND (""host factor""[tiab] OR ""restriction factor""[tiab] OR ""dependency factor""[tiab] OR ""entry factor""[tiab] OR ""host E3 ubiquitin ligase""[tiab] OR ""viral protein-host protein""[tiab] OR ""replication complex""[tiab]) AND (interacts[tiab] OR binds[tiab] OR recruits[tiab] OR cleaves[tiab] OR degrades[tiab] OR modulates[tiab] OR antagonizes[tiab] OR restricts[tiab] OR promotes[tiab] OR mechanism*[tiab])); ((KSHV[ti] OR ""Kaposi sarcoma-associated herpesvirus""[ti] OR dengue[ti] OR DENV[ti] OR ""hepatitis C virus""[ti] OR HCV[ti] OR coxsackievirus[ti] OR HIV[ti] OR Ebola[ti] OR EBOV[ti]) AND (""ubiquitin ligase""[tiab] OR proteasome[tiab] OR autophagy[tiab] OR ""ER-phagy""[tiab] OR reticulophagy[tiab] OR ""nuclear import""[tiab] OR ""RNA-binding protein""[tiab] OR ""replication complex""[tiab] OR trafficking[tiab]) AND (""host factor""[tiab] OR ""host protein""[tiab] OR ""viral protein""[tiab]) AND (interacts[tiab] OR binds[tiab] OR recruits[tiab] OR cleaves[tiab] OR degrades[tiab] OR modulates[tiab] OR restricts[tiab] OR promotes[tiab]) NOT (patient*[tiab] OR plasma[tiab] OR serum[tiab] OR biomarker*[tiab] OR metabolomic*[tiab] OR ""network pharmacology""[tiab] OR docking[tiab] OR vaccine*[tiab] OR diagnostic*[tiab] OR epidemiolog*[tiab]))",confirm_include,advance_to_import
pmid-21835787,21835787,10.1128/JVI.05238-11,"Human and rhesus APOBEC3D, APOBEC3F, APOBEC3G, and APOBEC3H demonstrate a conserved capacity to restrict Vif-deficient HIV-1.",2011,high,request_pdf,strong_learned_match,viral protein-host protein; restriction factor; dependency factor; entry factor; ubiquitin ligase; host; virus; viral; when; proteins,Request PDF: title/abstract matches multiple PMC-learned criteria plus run-objective terms.,"((HIV[tiab] OR ""human immunodeficiency virus""[tiab]) AND (""host factor""[tiab] OR ""restriction factor""[tiab] OR ""dependency factor""[tiab] OR ""entry factor""[tiab] OR ""host E3 ubiquitin ligase""[tiab] OR ""viral protein-host protein""[tiab]) AND (interacts[tiab] OR binds[tiab] OR recruits[tiab] OR cleaves[tiab] OR degrades[tiab] OR modulates[tiab] OR antagonizes[tiab] OR restricts[tiab] OR promotes[tiab] OR mechanism*[tiab]))",confirm_include,advance_to_import
pmid-21282347,21282347,10.1261/rna.2462011,Identification of Tat-SF1 cellular targets by exon array analysis reveals dual roles in transcription and splicing.,2011,high,request_pdf,strong_learned_match,viral protein-host protein; restriction factor; dependency factor; entry factor; ubiquitin ligase; host; pathway; virus; viral; evidence,Request PDF: title/abstract matches multiple PMC-learned criteria plus run-objective terms.,"((HIV[tiab] OR ""human immunodeficiency virus""[tiab]) AND (""host factor""[tiab] OR ""restriction factor""[tiab] OR ""dependency factor""[tiab] OR ""entry factor""[tiab] OR ""host E3 ubiquitin ligase""[tiab] OR ""viral protein-host protein""[tiab]) AND (interacts[tiab] OR binds[tiab] OR recruits[tiab] OR cleaves[tiab] OR degrades[tiab] OR modulates[tiab] OR antagonizes[tiab] OR restricts[tiab] OR promotes[tiab] OR mechanism*[tiab]))",confirm_include,advance_to_import
pmid-21808013,21808013,10.1073/pnas.1101684108,In vivo expression profile of the antiviral restriction factor and tumor-targeting antigen CD317/BST-2/HM1.24/tetherin in humans.,2011,high,request_pdf,strong_learned_match,viral protein-host protein; restriction factor; dependency factor; entry factor; ubiquitin ligase; host; virus; viruses; viral; studies,Request PDF: title/abstract matches multiple PMC-learned criteria plus run-objective terms.,"((HIV[tiab] OR ""human immunodeficiency virus""[tiab]) AND (""host factor""[tiab] OR ""restriction factor""[tiab] OR ""dependency factor""[tiab] OR ""entry factor""[tiab] OR ""host E3 ubiquitin ligase""[tiab] OR ""viral protein-host protein""[tiab]) AND (interacts[tiab] OR binds[tiab] OR recruits[tiab] OR cleaves[tiab] OR degrades[tiab] OR modulates[tiab] OR antagonizes[tiab] OR restricts[tiab] OR promotes[tiab] OR mechanism*[tiab]))",confirm_include,advance_to_import
pmid-21825869,21825869,10.1097/COH.0b013e3283499e11,Innate immune factors associated with HIV-1 transmission.,2011,high,request_pdf,strong_learned_match,viral protein-host protein; restriction factor; dependency factor; entry factor; ubiquitin ligase; host; virus; viral; proteins; across,Request PDF: title/abstract matches multiple PMC-learned criteria plus run-objective terms.,"((HIV[tiab] OR ""human immunodeficiency virus""[tiab]) AND (""host factor""[tiab] OR ""restriction factor""[tiab] OR ""dependency factor""[tiab] OR ""entry factor""[tiab] OR ""host E3 ubiquitin ligase""[tiab] OR ""viral protein-host protein""[tiab]) AND (interacts[tiab] OR binds[tiab] OR recruits[tiab] OR cleaves[tiab] OR degrades[tiab] OR modulates[tiab] OR antagonizes[tiab] OR restricts[tiab] OR promotes[tiab] OR mechanism*[tiab]))",confirm_include,advance_to_import
pmid-21300806,21300806,10.1074/jbc.M110.199604,Intensity of deoxycytidine deamination of HIV-1 proviral DNA by the retroviral restriction factor APOBEC3G is mediated by the noncatalytic domain.,2011,high,request_pdf,strong_learned_match,viral protein-host protein; restriction factor; dependency factor; entry factor; ubiquitin ligase; host; virus; viral; for,Request PDF: title/abstract matches multiple PMC-learned criteria plus run-objective terms.,"((HIV[tiab] OR ""human immunodeficiency virus""[tiab]) AND (""host factor""[tiab] OR ""restriction factor""[tiab] OR ""dependency factor""[tiab] OR ""entry factor""[tiab] OR ""host E3 ubiquitin ligase""[tiab] OR ""viral protein-host protein""[tiab]) AND (interacts[tiab] OR binds[tiab] OR recruits[tiab] OR cleaves[tiab] OR degrades[tiab] OR modulates[tiab] OR antagonizes[tiab] OR restricts[tiab] OR promotes[tiab] OR mechanism*[tiab]))",confirm_include,advance_to_import
pmid-21078663,21078663,10.1074/jbc.M110.154377,"NFAT and IRF proteins regulate transcription of the anti-HIV gene, APOBEC3G.",2011,high,request_pdf,strong_learned_match,viral protein-host protein binding; viral protein-host protein; restriction factor; dependency factor; entry factor; ubiquitin ligase; host; virus; viral; when,Request PDF: title/abstract matches multiple PMC-learned criteria plus run-objective terms.,"((HIV[tiab] OR ""human immunodeficiency virus""[tiab]) AND (""host factor""[tiab] OR ""restriction factor""[tiab] OR ""dependency factor""[tiab] OR ""entry factor""[tiab] OR ""host E3 ubiquitin ligase""[tiab] OR ""viral protein-host protein""[tiab]) AND (interacts[tiab] OR binds[tiab] OR recruits[tiab] OR cleaves[tiab] OR degrades[tiab] OR modulates[tiab] OR antagonizes[tiab] OR restricts[tiab] OR promotes[tiab] OR mechanism*[tiab]))",confirm_include,advance_to_import
pmid-21680504,21680504,10.1128/JVI.02533-10,Peptidyl-prolyl isomerase Pin1 is a cellular factor required for hepatitis C virus propagation.,2011,high,request_pdf,strong_learned_match,viral protein-host protein binding; viral protein-host protein; restriction factor; dependency factor; entry factor; ubiquitin ligase; replication complex; host; virus; viral,Request PDF: title/abstract matches multiple PMC-learned criteria plus run-objective terms.,"((""hepatitis C virus""[tiab] OR HCV[tiab]) AND (""host factor""[tiab] OR ""restriction factor""[tiab] OR ""dependency factor""[tiab] OR ""entry factor""[tiab] OR ""host E3 ubiquitin ligase""[tiab] OR ""viral protein-host protein""[tiab] OR ""replication complex""[tiab]) AND (interacts[tiab] OR binds[tiab] OR recruits[tiab] OR cleaves[tiab] OR degrades[tiab] OR modulates[tiab] OR antagonizes[tiab] OR restricts[tiab] OR promotes[tiab] OR mechanism*[tiab]))",confirm_include,advance_to_import
pmid-21177810,21177810,10.1128/JVI.02249-10,Phosphatidylinositol 4-kinase III beta is a target of enviroxime-like compounds for antipoliovirus activity.,2011,high,request_pdf,strong_learned_match,viral protein-host protein; restriction factor; dependency factor; entry factor; ubiquitin ligase; replication complex; host; virus; viral; not,Request PDF: title/abstract matches multiple PMC-learned criteria plus run-objective terms.,"((""hepatitis C virus""[tiab] OR HCV[tiab]) AND (""host factor""[tiab] OR ""restriction factor""[tiab] OR ""dependency factor""[tiab] OR ""entry factor""[tiab] OR ""host E3 ubiquitin ligase""[tiab] OR ""viral protein-host protein""[tiab] OR ""replication complex""[tiab]) AND (interacts[tiab] OR binds[tiab] OR recruits[tiab] OR cleaves[tiab] OR degrades[tiab] OR modulates[tiab] OR antagonizes[tiab] OR restricts[tiab] OR promotes[tiab] OR mechanism*[tiab]))",confirm_include,advance_to_import
pmid-21806988,21806988,10.1016/j.febslet.2011.07.019,Phospholipid scramblase 1 mediates hepatitis C virus entry into host cells.,2011,high,request_pdf,strong_learned_match,viral protein-host protein; restriction factor; dependency factor; entry factor; ubiquitin ligase; replication complex; host; virus; viral; interaction,Request PDF: title/abstract matches multiple PMC-learned criteria plus run-objective terms.,"((""hepatitis C virus""[tiab] OR HCV[tiab]) AND (""host factor""[tiab] OR ""restriction factor""[tiab] OR ""dependency factor""[tiab] OR ""entry factor""[tiab] OR ""host E3 ubiquitin ligase""[tiab] OR ""viral protein-host protein""[tiab] OR ""replication complex""[tiab]) AND (interacts[tiab] OR binds[tiab] OR recruits[tiab] OR cleaves[tiab] OR degrades[tiab] OR modulates[tiab] OR antagonizes[tiab] OR restricts[tiab] OR promotes[tiab] OR mechanism*[tiab]))",confirm_include,advance_to_import
pmid-21957497,21957497,10.4161/rna.8.6.17836,Quantitative mass spectrometry of DENV-2 RNA-interacting proteins reveals that the DEAD-box RNA helicase DDX6 binds the DB1 and DB2 3' UTR structures.,2011,high,request_pdf,strong_learned_match,viral protein-host protein; restriction factor; dependency factor; entry factor; ubiquitin ligase; replication complex; host; virus; viral; interaction,Request PDF: title/abstract matches multiple PMC-learned criteria plus run-objective terms.,"((dengue[tiab] OR DENV[tiab]) AND (""host factor""[tiab] OR ""restriction factor""[tiab] OR ""dependency factor""[tiab] OR ""entry factor""[tiab] OR ""host E3 ubiquitin ligase""[tiab] OR ""viral protein-host protein""[tiab] OR ""replication complex""[tiab]) AND (interacts[tiab] OR binds[tiab] OR recruits[tiab] OR cleaves[tiab] OR degrades[tiab] OR modulates[tiab] OR antagonizes[tiab] OR restricts[tiab] OR promotes[tiab] OR mechanism*[tiab]))",confirm_include,advance_to_import
pmid-21918865,21918865,10.1007/s00705-011-1097-6,Rhesus monkey TRIM5α represses HIV-1 LTR promoter activity by negatively regulating TAK1/TAB1/TAB2/TAB3-complex-mediated NF-κB activation.,2011,high,request_pdf,strong_learned_match,viral protein-host protein binding; viral protein-host protein; restriction factor; dependency factor; entry factor; ubiquitin ligase; host; pathway; virus; viral,Request PDF: title/abstract matches multiple PMC-learned criteria plus run-objective terms.,"((HIV[tiab] OR ""human immunodeficiency virus""[tiab]) AND (""host factor""[tiab] OR ""restriction factor""[tiab] OR ""dependency factor""[tiab] OR ""entry factor""[tiab] OR ""host E3 ubiquitin ligase""[tiab] OR ""viral protein-host protein""[tiab]) AND (interacts[tiab] OR binds[tiab] OR recruits[tiab] OR cleaves[tiab] OR degrades[tiab] OR modulates[tiab] OR antagonizes[tiab] OR restricts[tiab] OR promotes[tiab] OR mechanism*[tiab]))",confirm_include,advance_to_import
pmid-20980512,20980512,10.1128/JVI.01795-10,Serine-threonine ubiquitination mediates downregulation of BST-2/tetherin and relief of restricted virion release by HIV-1 Vpu.,2011,high,request_pdf,strong_learned_match,viral protein-host protein; restriction factor; dependency factor; entry factor; ubiquitin ligase; host; virus; viral; interaction; for,Request PDF: title/abstract matches multiple PMC-learned criteria plus run-objective terms.,"((HIV[tiab] OR ""human immunodeficiency virus""[tiab]) AND (""host factor""[tiab] OR ""restriction factor""[tiab] OR ""dependency factor""[tiab] OR ""entry factor""[tiab] OR ""host E3 ubiquitin ligase""[tiab] OR ""viral protein-host protein""[tiab]) AND (interacts[tiab] OR binds[tiab] OR recruits[tiab] OR cleaves[tiab] OR degrades[tiab] OR modulates[tiab] OR antagonizes[tiab] OR restricts[tiab] OR promotes[tiab] OR mechanism*[tiab]))",confirm_include,advance_to_import
pmid-20962083,20962083,10.1128/JVI.01406-10,Small-molecule inhibition of human immunodeficiency virus type 1 infection by virus capsid destabilization.,2011,high,request_pdf,strong_learned_match,viral protein-host protein binding; viral protein-host protein; restriction factor; dependency factor; entry factor; ubiquitin ligase; host; virus; viral; antiviral,Request PDF: title/abstract matches multiple PMC-learned criteria plus run-objective terms.,"((HIV[tiab] OR ""human immunodeficiency virus""[tiab]) AND (""host factor""[tiab] OR ""restriction factor""[tiab] OR ""dependency factor""[tiab] OR ""entry factor""[tiab] OR ""host E3 ubiquitin ligase""[tiab] OR ""viral protein-host protein""[tiab]) AND (interacts[tiab] OR binds[tiab] OR recruits[tiab] OR cleaves[tiab] OR degrades[tiab] OR modulates[tiab] OR antagonizes[tiab] OR restricts[tiab] OR promotes[tiab] OR mechanism*[tiab]))",confirm_include,advance_to_import
pmid-21289118,21289118,10.1128/JVI.02546-10,TRIM56 is a virus- and interferon-inducible E3 ubiquitin ligase that restricts pestivirus infection.,2011,high,request_pdf,strong_learned_match,viral protein-host protein; restriction factor; dependency factor; entry factor; ubiquitin ligase; replication complex; host; virus; viral; proteins,Request PDF: title/abstract matches multiple PMC-learned criteria plus run-objective terms.,"((""hepatitis C virus""[tiab] OR HCV[tiab]) AND (""host factor""[tiab] OR ""restriction factor""[tiab] OR ""dependency factor""[tiab] OR ""entry factor""[tiab] OR ""host E3 ubiquitin ligase""[tiab] OR ""viral protein-host protein""[tiab] OR ""replication complex""[tiab]) AND (interacts[tiab] OR binds[tiab] OR recruits[tiab] OR cleaves[tiab] OR degrades[tiab] OR modulates[tiab] OR antagonizes[tiab] OR restricts[tiab] OR promotes[tiab] OR mechanism*[tiab]))",confirm_include,advance_to_import
pmid-21166593,21166593,10.1089/jir.2010.0108,"The interferon-inducible host factor bone marrow stromal antigen 2/tetherin restricts virion release, but is it actually a viral restriction factor?",2011,high,request_pdf,strong_learned_match,viral protein-host protein; restriction factor; dependency factor; entry factor; ubiquitin ligase; host; virus; viruses; viral; when,Request PDF: title/abstract matches multiple PMC-learned criteria plus run-objective terms.,"((HIV[tiab] OR ""human immunodeficiency virus""[tiab]) AND (""host factor""[tiab] OR ""restriction factor""[tiab] OR ""dependency factor""[tiab] OR ""entry factor""[tiab] OR ""host E3 ubiquitin ligase""[tiab] OR ""viral protein-host protein""[tiab]) AND (interacts[tiab] OR binds[tiab] OR recruits[tiab] OR cleaves[tiab] OR degrades[tiab] OR modulates[tiab] OR antagonizes[tiab] OR restricts[tiab] OR promotes[tiab] OR mechanism*[tiab]))",confirm_include,advance_to_import
pmid-21217078,21217078,10.1182/blood-2010-05-287193,The nerve growth factor reduces APOBEC3G synthesis and enhances HIV-1 transcription and replication in human primary macrophages.,2011,high,request_pdf,strong_learned_match,viral protein-host protein; restriction factor; dependency factor; entry factor; ubiquitin ligase; host; virus; viral; for,Request PDF: title/abstract matches multiple PMC-learned criteria plus run-objective terms.,"((HIV[tiab] OR ""human immunodeficiency virus""[tiab]) AND (""host factor""[tiab] OR ""restriction factor""[tiab] OR ""dependency factor""[tiab] OR ""entry factor""[tiab] OR ""host E3 ubiquitin ligase""[tiab] OR ""viral protein-host protein""[tiab]) AND (interacts[tiab] OR binds[tiab] OR recruits[tiab] OR cleaves[tiab] OR degrades[tiab] OR modulates[tiab] OR antagonizes[tiab] OR restricts[tiab] OR promotes[tiab] OR mechanism*[tiab]))",confirm_include,advance_to_import
pmid-21795330,21795330,10.1128/JVI.00097-11,Variable prevalence and functional diversity of the antiretroviral restriction factor TRIMCyp in Macaca fascicularis.,2011,high,request_pdf,strong_learned_match,viral protein-host protein; restriction factor; dependency factor; entry factor; ubiquitin ligase; host; virus; viral; studies; not,Request PDF: title/abstract matches multiple PMC-learned criteria plus run-objective terms.,"((HIV[tiab] OR ""human immunodeficiency virus""[tiab]) AND (""host factor""[tiab] OR ""restriction factor""[tiab] OR ""dependency factor""[tiab] OR ""entry factor""[tiab] OR ""host E3 ubiquitin ligase""[tiab] OR ""viral protein-host protein""[tiab]) AND (interacts[tiab] OR binds[tiab] OR recruits[tiab] OR cleaves[tiab] OR degrades[tiab] OR modulates[tiab] OR antagonizes[tiab] OR restricts[tiab] OR promotes[tiab] OR mechanism*[tiab]))",confirm_include,advance_to_import
pmid-21849455,21849455,10.1128/JVI.00719-11,Y-box-binding protein 1 interacts with hepatitis C virus NS3/4A and influences the equilibrium between viral RNA replication and infectious particle production.,2011,high,request_pdf,strong_learned_match,proximity proteomics; protein interaction mapping; replication complex; host; virus; viral; studies; interaction; for; ap-ms,Request PDF: title/abstract matches multiple PMC-learned criteria plus run-objective terms.,"((""hepatitis C virus""[tiab] OR HCV[tiab]) AND (interactome[tiab] OR AP-MS[tiab] OR ""affinity purification mass spectrometry""[tiab] OR ""proximity proteomics""[tiab] OR ""proximity labeling""[tiab] OR BioID[tiab] OR ""protein interaction mapping""[tiab] OR (""viral protein""[tiab] AND (""host protein""[tiab] OR ""cellular protein""[tiab]))))",confirm_include,advance_to_import
pmid-21876179,21876179,10.1073/pnas.1101676108,Zinc-finger antiviral protein inhibits HIV-1 infection by selectively targeting multiply spliced viral mRNAs for degradation.,2011,high,request_pdf,strong_learned_match,viral protein-host protein; restriction factor; dependency factor; entry factor; ubiquitin ligase; replication complex; host; virus; viral; evidence,Request PDF: title/abstract matches multiple PMC-learned criteria plus run-objective terms.,"((HIV[tiab] OR ""human immunodeficiency virus""[tiab]) AND (""host factor""[tiab] OR ""restriction factor""[tiab] OR ""dependency factor""[tiab] OR ""entry factor""[tiab] OR ""host E3 ubiquitin ligase""[tiab] OR ""viral protein-host protein""[tiab]) AND (interacts[tiab] OR binds[tiab] OR recruits[tiab] OR cleaves[tiab] OR degrades[tiab] OR modulates[tiab] OR antagonizes[tiab] OR restricts[tiab] OR promotes[tiab] OR mechanism*[tiab]))",confirm_include,advance_to_import
pmid-21341383,21341383,10.3724/SP.J.1141.2011.01040,[Identification of the TRIM5/TRIMCyp heterozygous genotype in Macaca assamensis].,2011,high,request_pdf,strong_learned_match,viral protein-host protein; restriction factor; dependency factor; entry factor; ubiquitin ligase; host; virus; viruses; viral; proteins,Request PDF: title/abstract matches multiple PMC-learned criteria plus run-objective terms.,"((HIV[tiab] OR ""human immunodeficiency virus""[tiab]) AND (""host factor""[tiab] OR ""restriction factor""[tiab] OR ""dependency factor""[tiab] OR ""entry factor""[tiab] OR ""host E3 ubiquitin ligase""[tiab] OR ""viral protein-host protein""[tiab]) AND (interacts[tiab] OR binds[tiab] OR recruits[tiab] OR cleaves[tiab] OR degrades[tiab] OR modulates[tiab] OR antagonizes[tiab] OR restricts[tiab] OR promotes[tiab] OR mechanism*[tiab]))",confirm_include,advance_to_import
pmid-21480319,21480319,10.1002/hep.24214,c-Src is required for complex formation between the hepatitis C virus-encoded proteins NS5A and NS5B: a prerequisite for replication.,2011,high,request_pdf,strong_learned_match,viral protein-host protein; restriction factor; dependency factor; entry factor; ubiquitin ligase; replication complex; host; pathway; virus; viral,Request PDF: title/abstract matches multiple PMC-learned criteria plus run-objective terms.,"((""hepatitis C virus""[tiab] OR HCV[tiab]) AND (""host factor""[tiab] OR ""restriction factor""[tiab] OR ""dependency factor""[tiab] OR ""entry factor""[tiab] OR ""host E3 ubiquitin ligase""[tiab] OR ""viral protein-host protein""[tiab] OR ""replication complex""[tiab]) AND (interacts[tiab] OR binds[tiab] OR recruits[tiab] OR cleaves[tiab] OR degrades[tiab] OR modulates[tiab] OR antagonizes[tiab] OR restricts[tiab] OR promotes[tiab] OR mechanism*[tiab]))",confirm_include,advance_to_import
pmid-22545703,22545703,10.1089/nat.2011.0332,A locked nucleic acid oligonucleotide targeting microRNA 122 is well-tolerated in cynomolgus monkeys.,2012,high,request_pdf,strong_learned_match,viral protein-host protein; restriction factor; dependency factor; entry factor; ubiquitin ligase; replication complex; host; pathway; virus; viral,Request PDF: title/abstract matches multiple PMC-learned criteria plus run-objective terms.,"((""hepatitis C virus""[tiab] OR HCV[tiab]) AND (""host factor""[tiab] OR ""restriction factor""[tiab] OR ""dependency factor""[tiab] OR ""entry factor""[tiab] OR ""host E3 ubiquitin ligase""[tiab] OR ""viral protein-host protein""[tiab] OR ""replication complex""[tiab]) AND (interacts[tiab] OR binds[tiab] OR recruits[tiab] OR cleaves[tiab] OR degrades[tiab] OR modulates[tiab] OR antagonizes[tiab] OR restricts[tiab] OR promotes[tiab] OR mechanism*[tiab]))",confirm_include,advance_to_import
pmid-22398279,22398279,10.1128/JVI.06280-11,Anti-tetherin activities of HIV-1 Vpu and Ebola virus glycoprotein do not involve removal of tetherin from lipid rafts.,2012,high,request_pdf,strong_learned_match,viral protein-host protein; restriction factor; dependency factor; entry factor; ubiquitin ligase; replication complex; host; virus; viruses; viral,Request PDF: title/abstract matches multiple PMC-learned criteria plus run-objective terms.,"((HIV[tiab] OR ""human immunodeficiency virus""[tiab]) AND (""host factor""[tiab] OR ""restriction factor""[tiab] OR ""dependency factor""[tiab] OR ""entry factor""[tiab] OR ""host E3 ubiquitin ligase""[tiab] OR ""viral protein-host protein""[tiab]) AND (interacts[tiab] OR binds[tiab] OR recruits[tiab] OR cleaves[tiab] OR degrades[tiab] OR modulates[tiab] OR antagonizes[tiab] OR restricts[tiab] OR promotes[tiab] OR mechanism*[tiab])); ((Ebola[tiab] OR ""Ebola virus""[tiab] OR Ebolavirus[tiab] OR EBOV[tiab]) AND (""host factor""[tiab] OR ""restriction factor""[tiab] OR ""dependency factor""[tiab] OR ""entry factor""[tiab] OR ""host E3 ubiquitin ligase""[tiab] OR ""viral protein-host protein""[tiab] OR ""replication complex""[tiab]) AND (interacts[tiab] OR binds[tiab] OR recruits[tiab] OR cleaves[tiab] OR degrades[tiab] OR modulates[tiab] OR antagonizes[tiab] OR restricts[tiab] OR promotes[tiab] OR mechanism*[tiab]))",confirm_include,advance_to_import
pmid-22722598,22722598,10.4161/auto.20339,Autophagy and RNA virus interactomes reveal IRGM as a common target.,2012,high,request_pdf,strong_learned_match,proximity proteomics; protein interaction mapping; host; virus; viruses; viral; interaction; proteins; ap-ms; proteomics,Request PDF: title/abstract matches multiple PMC-learned criteria plus run-objective terms.,"((""hepatitis C virus""[tiab] OR HCV[tiab]) AND (interactome[tiab] OR AP-MS[tiab] OR ""affinity purification mass spectrometry""[tiab] OR ""proximity proteomics""[tiab] OR ""proximity labeling""[tiab] OR BioID[tiab] OR ""protein interaction mapping""[tiab] OR (""viral protein""[tiab] AND (""host protein""[tiab] OR ""cellular protein""[tiab])))); ((HIV[tiab] OR ""human immunodeficiency virus""[tiab]) AND (interactome[tiab] OR AP-MS[tiab] OR ""affinity purification mass spectrometry""[tiab] OR ""proximity proteomics""[tiab] OR ""proximity labeling""[tiab] OR BioID[tiab] OR ""protein interaction mapping""[tiab] OR (""viral protein""[tiab] AND (""host protein""[tiab] OR ""cellular protein""[tiab]))))",confirm_include,advance_to_import
pmid-22467683,22467683,10.1093/jmcb/mjs011,Coexpression network analysis in chronic hepatitis B and C hepatic lesions reveals distinct patterns of disease progression to hepatocellular carcinoma.,2012,high,request_pdf,strong_learned_match,virus-host interactome; proximity proteomics; protein interaction mapping; host; pathway; virus; viral; interaction; not; for,Request PDF: title/abstract matches multiple PMC-learned criteria plus run-objective terms.,"((""hepatitis C virus""[tiab] OR HCV[tiab]) AND (interactome[tiab] OR AP-MS[tiab] OR ""affinity purification mass spectrometry""[tiab] OR ""proximity proteomics""[tiab] OR ""proximity labeling""[tiab] OR BioID[tiab] OR ""protein interaction mapping""[tiab] OR (""viral protein""[tiab] AND (""host protein""[tiab] OR ""cellular protein""[tiab]))))",confirm_include,advance_to_import
pmid-22553322,22553322,10.1128/JVI.00157-12,Evidence for a genetic and physical interaction between nonstructural proteins NS1 and NS4B that modulates replication of West Nile virus.,2012,high,request_pdf,strong_learned_match,viral protein-host protein; restriction factor; dependency factor; entry factor; ubiquitin ligase; replication complex; host; pathway; virus; viral,Request PDF: title/abstract matches multiple PMC-learned criteria plus run-objective terms.,"((dengue[tiab] OR DENV[tiab]) AND (""host factor""[tiab] OR ""restriction factor""[tiab] OR ""dependency factor""[tiab] OR ""entry factor""[tiab] OR ""host E3 ubiquitin ligase""[tiab] OR ""viral protein-host protein""[tiab] OR ""replication complex""[tiab]) AND (interacts[tiab] OR binds[tiab] OR recruits[tiab] OR cleaves[tiab] OR degrades[tiab] OR modulates[tiab] OR antagonizes[tiab] OR restricts[tiab] OR promotes[tiab] OR mechanism*[tiab]))",confirm_include,advance_to_import
pmid-22443280,22443280,10.1021/pr201128s,Ferritin heavy chain is the host factor responsible for HCV-induced inhibition of apoB-100 production and is required for efficient viral infection.,2012,high,request_pdf,strong_learned_match,viral protein-host protein; restriction factor; dependency factor; entry factor; ubiquitin ligase; replication complex; host; virus; viral; proteins,Request PDF: title/abstract matches multiple PMC-learned criteria plus run-objective terms.,"((""hepatitis C virus""[tiab] OR HCV[tiab]) AND (""host factor""[tiab] OR ""restriction factor""[tiab] OR ""dependency factor""[tiab] OR ""entry factor""[tiab] OR ""host E3 ubiquitin ligase""[tiab] OR ""viral protein-host protein""[tiab] OR ""replication complex""[tiab]) AND (interacts[tiab] OR binds[tiab] OR recruits[tiab] OR cleaves[tiab] OR degrades[tiab] OR modulates[tiab] OR antagonizes[tiab] OR restricts[tiab] OR promotes[tiab] OR mechanism*[tiab]))",confirm_include,advance_to_import
pmid-23076149,23076149,10.1074/jbc.M112.403816,Functional analysis of the relationship between Vpx and the restriction factor SAMHD1.,2012,high,request_pdf,strong_learned_match,viral protein-host protein; restriction factor; dependency factor; entry factor; ubiquitin ligase; host; virus; viruses; viral; interaction,Request PDF: title/abstract matches multiple PMC-learned criteria plus run-objective terms.,"((HIV[tiab] OR ""human immunodeficiency virus""[tiab]) AND (""host factor""[tiab] OR ""restriction factor""[tiab] OR ""dependency factor""[tiab] OR ""entry factor""[tiab] OR ""host E3 ubiquitin ligase""[tiab] OR ""viral protein-host protein""[tiab]) AND (interacts[tiab] OR binds[tiab] OR recruits[tiab] OR cleaves[tiab] OR degrades[tiab] OR modulates[tiab] OR antagonizes[tiab] OR restricts[tiab] OR promotes[tiab] OR mechanism*[tiab]))",confirm_include,advance_to_import
pmid-22514281,22514281,10.1074/jbc.M111.306373,Glycogen synthase kinase 3β (GSK3β) modulates antiviral activity of zinc-finger antiviral protein (ZAP).,2012,high,request_pdf,strong_learned_match,viral protein-host protein; restriction factor; dependency factor; entry factor; ubiquitin ligase; replication complex; host; virus; viruses; viral,Request PDF: title/abstract matches multiple PMC-learned criteria plus run-objective terms.,"((HIV[tiab] OR ""human immunodeficiency virus""[tiab]) AND (""host factor""[tiab] OR ""restriction factor""[tiab] OR ""dependency factor""[tiab] OR ""entry factor""[tiab] OR ""host E3 ubiquitin ligase""[tiab] OR ""viral protein-host protein""[tiab]) AND (interacts[tiab] OR binds[tiab] OR recruits[tiab] OR cleaves[tiab] OR degrades[tiab] OR modulates[tiab] OR antagonizes[tiab] OR restricts[tiab] OR promotes[tiab] OR mechanism*[tiab])); ((Ebola[tiab] OR ""Ebola virus""[tiab] OR Ebolavirus[tiab] OR EBOV[tiab]) AND (""host factor""[tiab] OR ""restriction factor""[tiab] OR ""dependency factor""[tiab] OR ""entry factor""[tiab] OR ""host E3 ubiquitin ligase""[tiab] OR ""viral protein-host protein""[tiab] OR ""replication complex""[tiab]) AND (interacts[tiab] OR binds[tiab] OR recruits[tiab] OR cleaves[tiab] OR degrades[tiab] OR modulates[tiab] OR antagonizes[tiab] OR restricts[tiab] OR promotes[tiab] OR mechanism*[tiab]))",confirm_include,advance_to_import
pmid-22072710,22072710,10.1074/jbc.M111.296772,HIV-1 Vpu protein antagonizes innate restriction factor BST-2 via lipid-embedded helix-helix interactions.,2012,high,request_pdf,strong_learned_match,viral protein-host protein; restriction factor; dependency factor; entry factor; ubiquitin ligase; host; virus; viral; interaction; for,Request PDF: title/abstract matches multiple PMC-learned criteria plus run-objective terms.,"((HIV[tiab] OR ""human immunodeficiency virus""[tiab]) AND (""host factor""[tiab] OR ""restriction factor""[tiab] OR ""dependency factor""[tiab] OR ""entry factor""[tiab] OR ""host E3 ubiquitin ligase""[tiab] OR ""viral protein-host protein""[tiab]) AND (interacts[tiab] OR binds[tiab] OR recruits[tiab] OR cleaves[tiab] OR degrades[tiab] OR modulates[tiab] OR antagonizes[tiab] OR restricts[tiab] OR promotes[tiab] OR mechanism*[tiab]))",confirm_include,advance_to_import
pmid-22431021,22431021,10.1002/jmv.23250,Hepatitis C virus promotes expression of the 3β-hydroxysterol δ24-reductase through Sp1.,2012,high,request_pdf,strong_learned_match,viral protein-host protein binding; viral protein-host protein; restriction factor; dependency factor; entry factor; ubiquitin ligase; replication complex; host; virus; viral,Request PDF: title/abstract matches multiple PMC-learned criteria plus run-objective terms.,"((""hepatitis C virus""[tiab] OR HCV[tiab]) AND (""host factor""[tiab] OR ""restriction factor""[tiab] OR ""dependency factor""[tiab] OR ""entry factor""[tiab] OR ""host E3 ubiquitin ligase""[tiab] OR ""viral protein-host protein""[tiab] OR ""replication complex""[tiab]) AND (interacts[tiab] OR binds[tiab] OR recruits[tiab] OR cleaves[tiab] OR degrades[tiab] OR modulates[tiab] OR antagonizes[tiab] OR restricts[tiab] OR promotes[tiab] OR mechanism*[tiab]))",confirm_include,advance_to_import
pmid-22174317,22174317,10.1074/mcp.M111.015313,Host cell interactome of HIV-1 Rev includes RNA helicases involved in multiple facets of virus production.,2012,high,request_pdf,strong_learned_match,proximity proteomics; protein interaction mapping; replication complex; host; pathway; virus; viral; evidence; studies; interaction,Request PDF: title/abstract matches multiple PMC-learned criteria plus run-objective terms.,"((HIV[tiab] OR ""human immunodeficiency virus""[tiab]) AND (interactome[tiab] OR AP-MS[tiab] OR ""affinity purification mass spectrometry""[tiab] OR ""proximity proteomics""[tiab] OR ""proximity labeling""[tiab] OR BioID[tiab] OR ""protein interaction mapping""[tiab] OR (""viral protein""[tiab] AND (""host protein""[tiab] OR ""cellular protein""[tiab]))))",confirm_include,advance_to_import
pmid-22350260,22350260,10.1007/s00253-012-3933-3,Intracellular interactome of secreted antibody Fab fragment in Pichia pastoris reveals its routes of secretion and degradation.,2012,high,request_pdf,strong_learned_match,proximity proteomics; protein interaction mapping; host; pathway; virus; viral; when; interaction; proteins; not,Request PDF: title/abstract matches multiple PMC-learned criteria plus run-objective terms.,"((HIV[tiab] OR ""human immunodeficiency virus""[tiab]) AND (interactome[tiab] OR AP-MS[tiab] OR ""affinity purification mass spectrometry""[tiab] OR ""proximity proteomics""[tiab] OR ""proximity labeling""[tiab] OR BioID[tiab] OR ""protein interaction mapping""[tiab] OR (""viral protein""[tiab] AND (""host protein""[tiab] OR ""cellular protein""[tiab]))))",confirm_include,advance_to_import
pmid-22318991,22318991,10.1002/hep.25642,Major vault protein: a virus-induced host factor against viral replication through the induction of type-I interferon.,2012,high,request_pdf,strong_learned_match,viral protein-host protein; restriction factor; dependency factor; entry factor; ubiquitin ligase; replication complex; host; pathway; virus; viral,Request PDF: title/abstract matches multiple PMC-learned criteria plus run-objective terms.,"((""hepatitis C virus""[tiab] OR HCV[tiab]) AND (""host factor""[tiab] OR ""restriction factor""[tiab] OR ""dependency factor""[tiab] OR ""entry factor""[tiab] OR ""host E3 ubiquitin ligase""[tiab] OR ""viral protein-host protein""[tiab] OR ""replication complex""[tiab]) AND (interacts[tiab] OR binds[tiab] OR recruits[tiab] OR cleaves[tiab] OR degrades[tiab] OR modulates[tiab] OR antagonizes[tiab] OR restricts[tiab] OR promotes[tiab] OR mechanism*[tiab]))",confirm_include,advance_to_import
pmid-22497815,22497815,10.1111/j.1365-2893.2011.01556.x,Nonstructural 5A protein of hepatitis C virus regulates heat shock protein 72 for its own propagation.,2012,high,request_pdf,strong_learned_match,viral protein-host protein; restriction factor; dependency factor; entry factor; ubiquitin ligase; nuclear import; replication complex; host; virus; viral,Request PDF: title/abstract matches multiple PMC-learned criteria plus run-objective terms.,"((""hepatitis C virus""[tiab] OR HCV[tiab]) AND (""host factor""[tiab] OR ""restriction factor""[tiab] OR ""dependency factor""[tiab] OR ""entry factor""[tiab] OR ""host E3 ubiquitin ligase""[tiab] OR ""viral protein-host protein""[tiab] OR ""replication complex""[tiab]) AND (interacts[tiab] OR binds[tiab] OR recruits[tiab] OR cleaves[tiab] OR degrades[tiab] OR modulates[tiab] OR antagonizes[tiab] OR restricts[tiab] OR promotes[tiab] OR mechanism*[tiab]))",confirm_include,advance_to_import
pmid-22171279,22171279,10.1128/JVI.06035-11,Productive replication and evolution of HIV-1 in ferret cells.,2012,high,request_pdf,strong_learned_match,viral protein-host protein binding; viral protein-host protein; restriction factor; dependency factor; entry factor; ubiquitin ligase; host; virus; viral; proteins,Request PDF: title/abstract matches multiple PMC-learned criteria plus run-objective terms.,"((HIV[tiab] OR ""human immunodeficiency virus""[tiab]) AND (""host factor""[tiab] OR ""restriction factor""[tiab] OR ""dependency factor""[tiab] OR ""entry factor""[tiab] OR ""host E3 ubiquitin ligase""[tiab] OR ""viral protein-host protein""[tiab]) AND (interacts[tiab] OR binds[tiab] OR recruits[tiab] OR cleaves[tiab] OR degrades[tiab] OR modulates[tiab] OR antagonizes[tiab] OR restricts[tiab] OR promotes[tiab] OR mechanism*[tiab]))",confirm_include,advance_to_import
pmid-22646850,22646850,10.1021/pr300121a,Proteomic analysis of hepatitis C virus (HCV) core protein transfection and host regulator PA28γ knockout in HCV pathogenesis: a network-based study.,2012,high,request_pdf,strong_learned_match,proximity proteomics; protein interaction mapping; host; pathway; virus; viral; interaction; proteins; not; for,Request PDF: title/abstract matches multiple PMC-learned criteria plus run-objective terms.,"((""hepatitis C virus""[tiab] OR HCV[tiab]) AND (interactome[tiab] OR AP-MS[tiab] OR ""affinity purification mass spectrometry""[tiab] OR ""proximity proteomics""[tiab] OR ""proximity labeling""[tiab] OR BioID[tiab] OR ""protein interaction mapping""[tiab] OR (""viral protein""[tiab] AND (""host protein""[tiab] OR ""cellular protein""[tiab]))))",confirm_include,advance_to_import
pmid-22524176,22524176,10.2174/157016212800792423,Sites of action of HIV-1 Vpu in BST-2/tetherin downregulation.,2012,high,request_pdf,strong_learned_match,viral protein-host protein; restriction factor; dependency factor; entry factor; ubiquitin ligase; host; pathway; virus; viral; evidence,Request PDF: title/abstract matches multiple PMC-learned criteria plus run-objective terms.,"((HIV[tiab] OR ""human immunodeficiency virus""[tiab]) AND (""host factor""[tiab] OR ""restriction factor""[tiab] OR ""dependency factor""[tiab] OR ""entry factor""[tiab] OR ""host E3 ubiquitin ligase""[tiab] OR ""viral protein-host protein""[tiab]) AND (interacts[tiab] OR binds[tiab] OR recruits[tiab] OR cleaves[tiab] OR degrades[tiab] OR modulates[tiab] OR antagonizes[tiab] OR restricts[tiab] OR promotes[tiab] OR mechanism*[tiab]))",confirm_include,advance_to_import
pmid-22154809,22154809,10.1016/j.jmb.2011.11.034,Solution structure of the HIV-1 exon splicing silencer 3.,2012,high,request_pdf,strong_learned_match,proximity proteomics; protein interaction mapping; replication complex; host; virus; viral; interaction; for; ap-ms; proteomics,Request PDF: title/abstract matches multiple PMC-learned criteria plus run-objective terms.,"((HIV[tiab] OR ""human immunodeficiency virus""[tiab]) AND (interactome[tiab] OR AP-MS[tiab] OR ""affinity purification mass spectrometry""[tiab] OR ""proximity proteomics""[tiab] OR ""proximity labeling""[tiab] OR BioID[tiab] OR ""protein interaction mapping""[tiab] OR (""viral protein""[tiab] AND (""host protein""[tiab] OR ""cellular protein""[tiab]))))",confirm_include,advance_to_import
pmid-22215596,22215596,10.1073/pnas.1112263109,Stabilization of hepatitis C virus RNA by an Ago2-miR-122 complex.,2012,high,request_pdf,strong_learned_match,viral protein-host protein binding; viral protein-host protein; restriction factor; dependency factor; entry factor; ubiquitin ligase; replication complex; host; virus; viral,Request PDF: title/abstract matches multiple PMC-learned criteria plus run-objective terms.,"((""hepatitis C virus""[tiab] OR HCV[tiab]) AND (""host factor""[tiab] OR ""restriction factor""[tiab] OR ""dependency factor""[tiab] OR ""entry factor""[tiab] OR ""host E3 ubiquitin ligase""[tiab] OR ""viral protein-host protein""[tiab] OR ""replication complex""[tiab]) AND (interacts[tiab] OR binds[tiab] OR recruits[tiab] OR cleaves[tiab] OR degrades[tiab] OR modulates[tiab] OR antagonizes[tiab] OR restricts[tiab] OR promotes[tiab] OR mechanism*[tiab]))",confirm_include,advance_to_import
pmid-22407013,22407013,10.1038/nsmb.2243,Structure of N-terminal domain of ZAP indicates how a zinc-finger protein recognizes complex RNA.,2012,high,request_pdf,strong_learned_match,viral protein-host protein binding; viral protein-host protein; restriction factor; dependency factor; entry factor; ubiquitin ligase; replication complex; host; virus; viruses,Request PDF: title/abstract matches multiple PMC-learned criteria plus run-objective terms.,"((HIV[tiab] OR ""human immunodeficiency virus""[tiab]) AND (""host factor""[tiab] OR ""restriction factor""[tiab] OR ""dependency factor""[tiab] OR ""entry factor""[tiab] OR ""host E3 ubiquitin ligase""[tiab] OR ""viral protein-host protein""[tiab]) AND (interacts[tiab] OR binds[tiab] OR recruits[tiab] OR cleaves[tiab] OR degrades[tiab] OR modulates[tiab] OR antagonizes[tiab] OR restricts[tiab] OR promotes[tiab] OR mechanism*[tiab]))",confirm_include,advance_to_import
pmid-23043100,23043100,10.1074/jbc.R112.416925,The restriction factors of human immunodeficiency virus.,2012,high,request_pdf,strong_learned_match,viral protein-host protein; restriction factor; dependency factor; entry factor; ubiquitin ligase; host; virus; viral; proteins; for,Request PDF: title/abstract matches multiple PMC-learned criteria plus run-objective terms.,"((HIV[tiab] OR ""human immunodeficiency virus""[tiab]) AND (""host factor""[tiab] OR ""restriction factor""[tiab] OR ""dependency factor""[tiab] OR ""entry factor""[tiab] OR ""host E3 ubiquitin ligase""[tiab] OR ""viral protein-host protein""[tiab]) AND (interacts[tiab] OR binds[tiab] OR recruits[tiab] OR cleaves[tiab] OR degrades[tiab] OR modulates[tiab] OR antagonizes[tiab] OR restricts[tiab] OR promotes[tiab] OR mechanism*[tiab]))",confirm_include,advance_to_import
pmid-22379090,22379090,10.1128/JVI.00114-12,Valosin-containing protein (VCP/p97) is required for poliovirus replication and is involved in cellular protein secretion pathway in poliovirus infection.,2012,high,request_pdf,strong_learned_match,proximity proteomics; protein interaction mapping; host; pathway; virus; viral; interaction; proteins; not; for,Request PDF: title/abstract matches multiple PMC-learned criteria plus run-objective terms.,"((coxsackievirus[tiab] OR ""coxsackie virus""[tiab] OR CVB[tiab]) AND (interactome[tiab] OR AP-MS[tiab] OR ""affinity purification mass spectrometry""[tiab] OR ""proximity proteomics""[tiab] OR ""proximity labeling""[tiab] OR BioID[tiab] OR ""protein interaction mapping""[tiab] OR (""viral protein""[tiab] AND (""host protein""[tiab] OR ""cellular protein""[tiab]))))",confirm_include,advance_to_import
pmid-23019037,23019037,10.3724/SP.J.1141.2012.05537,[SAMHD1 − a HIV-1 restriction factor derived from Myeloid lineage monocytes].,2012,high,request_pdf,strong_learned_match,viral protein-host protein; restriction factor; dependency factor; entry factor; ubiquitin ligase; host; virus; viral; interaction; antiviral,Request PDF: title/abstract matches multiple PMC-learned criteria plus run-objective terms.,"((HIV[tiab] OR ""human immunodeficiency virus""[tiab]) AND (""host factor""[tiab] OR ""restriction factor""[tiab] OR ""dependency factor""[tiab] OR ""entry factor""[tiab] OR ""host E3 ubiquitin ligase""[tiab] OR ""viral protein-host protein""[tiab]) AND (interacts[tiab] OR binds[tiab] OR recruits[tiab] OR cleaves[tiab] OR degrades[tiab] OR modulates[tiab] OR antagonizes[tiab] OR restricts[tiab] OR promotes[tiab] OR mechanism*[tiab]))",confirm_include,advance_to_import
pmid-23986595,23986595,10.1128/JVI.01474-13,A host YB-1 ribonucleoprotein complex is hijacked by hepatitis C virus for the control of NS3-dependent particle production.,2013,high,request_pdf,strong_learned_match,proximity proteomics; protein interaction mapping; nuclear import; rna-binding proteins; replication complex; host; virus; viral; interaction; proteins,Request PDF: title/abstract matches multiple PMC-learned criteria plus run-objective terms.,"((""hepatitis C virus""[tiab] OR HCV[tiab]) AND (interactome[tiab] OR AP-MS[tiab] OR ""affinity purification mass spectrometry""[tiab] OR ""proximity proteomics""[tiab] OR ""proximity labeling""[tiab] OR BioID[tiab] OR ""protein interaction mapping""[tiab] OR (""viral protein""[tiab] AND (""host protein""[tiab] OR ""cellular protein""[tiab]))))",confirm_include,advance_to_import
pmid-23896472,23896472,10.1128/AAC.01175-13,"A novel, broad-spectrum inhibitor of enterovirus replication that targets host cell factor phosphatidylinositol 4-kinase IIIβ.",2013,high,request_pdf,strong_learned_match,viral protein-host protein binding; viral protein-host protein; restriction factor; dependency factor; entry factor; ubiquitin ligase; replication complex; host; virus; viruses,Request PDF: title/abstract matches multiple PMC-learned criteria plus run-objective terms.,"((coxsackievirus[tiab] OR ""coxsackie virus""[tiab] OR CVB[tiab]) AND (""host factor""[tiab] OR ""restriction factor""[tiab] OR ""dependency factor""[tiab] OR ""entry factor""[tiab] OR ""host E3 ubiquitin ligase""[tiab] OR ""viral protein-host protein""[tiab] OR ""replication complex""[tiab]) AND (interacts[tiab] OR binds[tiab] OR recruits[tiab] OR cleaves[tiab] OR degrades[tiab] OR modulates[tiab] OR antagonizes[tiab] OR restricts[tiab] OR promotes[tiab] OR mechanism*[tiab]))",confirm_include,advance_to_import
pmid-23659500,23659500,10.1042/CS20120594,Amiodarone inhibits the entry and assembly steps of hepatitis C virus life cycle.,2013,high,request_pdf,strong_learned_match,viral protein-host protein; restriction factor; dependency factor; entry factor; ubiquitin ligase; replication complex; host; virus; viral; not,Request PDF: title/abstract matches multiple PMC-learned criteria plus run-objective terms.,"((""hepatitis C virus""[tiab] OR HCV[tiab]) AND (""host factor""[tiab] OR ""restriction factor""[tiab] OR ""dependency factor""[tiab] OR ""entry factor""[tiab] OR ""host E3 ubiquitin ligase""[tiab] OR ""viral protein-host protein""[tiab] OR ""replication complex""[tiab]) AND (interacts[tiab] OR binds[tiab] OR recruits[tiab] OR cleaves[tiab] OR degrades[tiab] OR modulates[tiab] OR antagonizes[tiab] OR restricts[tiab] OR promotes[tiab] OR mechanism*[tiab]))",confirm_include,advance_to_import
pmid-23744077,23744077,10.1074/jbc.M113.472159,Anti-HIV host factor SAMHD1 regulates viral sensitivity to nucleoside reverse transcriptase inhibitors via modulation of cellular deoxyribonucleoside triphosphate (dNTP) levels.,2013,high,request_pdf,strong_learned_match,viral protein-host protein; restriction factor; dependency factor; entry factor; ubiquitin ligase; host; virus; viruses; viral; not,Request PDF: title/abstract matches multiple PMC-learned criteria plus run-objective terms.,"((HIV[tiab] OR ""human immunodeficiency virus""[tiab]) AND (""host factor""[tiab] OR ""restriction factor""[tiab] OR ""dependency factor""[tiab] OR ""entry factor""[tiab] OR ""host E3 ubiquitin ligase""[tiab] OR ""viral protein-host protein""[tiab]) AND (interacts[tiab] OR binds[tiab] OR recruits[tiab] OR cleaves[tiab] OR degrades[tiab] OR modulates[tiab] OR antagonizes[tiab] OR restricts[tiab] OR promotes[tiab] OR mechanism*[tiab]))",confirm_include,advance_to_import
pmid-24175228,24175228,10.5501/wjv.v2.i2.32,Architecture and biogenesis of plus-strand RNA virus replication factories.,2013,high,request_pdf,strong_learned_match,viral protein-host protein; restriction factor; dependency factor; entry factor; ubiquitin ligase; replication complex; host; virus; viral; studies,Request PDF: title/abstract matches multiple PMC-learned criteria plus run-objective terms.,"((""hepatitis C virus""[tiab] OR HCV[tiab]) AND (""host factor""[tiab] OR ""restriction factor""[tiab] OR ""dependency factor""[tiab] OR ""entry factor""[tiab] OR ""host E3 ubiquitin ligase""[tiab] OR ""viral protein-host protein""[tiab] OR ""replication complex""[tiab]) AND (interacts[tiab] OR binds[tiab] OR recruits[tiab] OR cleaves[tiab] OR degrades[tiab] OR modulates[tiab] OR antagonizes[tiab] OR restricts[tiab] OR promotes[tiab] OR mechanism*[tiab]))",confirm_include,advance_to_import
pmid-23365451,23365451,10.1128/JVI.00954-12,Contrasting roles of mitogen-activated protein kinases in cellular entry and replication of hepatitis C virus: MKNK1 facilitates cell entry.,2013,high,request_pdf,strong_learned_match,viral protein-host protein; rnai screen; restriction factor; dependency factor; entry factor; ubiquitin ligase; replication complex; host; virus; viral,Request PDF: title/abstract matches multiple PMC-learned criteria plus run-objective terms.,"((""hepatitis C virus""[tiab] OR HCV[tiab]) AND (""host factor""[tiab] OR ""restriction factor""[tiab] OR ""dependency factor""[tiab] OR ""entry factor""[tiab] OR ""host E3 ubiquitin ligase""[tiab] OR ""viral protein-host protein""[tiab] OR ""replication complex""[tiab]) AND (interacts[tiab] OR binds[tiab] OR recruits[tiab] OR cleaves[tiab] OR degrades[tiab] OR modulates[tiab] OR antagonizes[tiab] OR restricts[tiab] OR promotes[tiab] OR mechanism*[tiab]))",confirm_include,advance_to_import
pmid-23817385,23817385,10.1128/AAC.00985-13,Discovery of novel small-molecule HIV-1 replication inhibitors that stabilize capsid complexes.,2013,high,request_pdf,strong_learned_match,viral protein-host protein binding; viral protein-host protein; restriction factor; dependency factor; entry factor; ubiquitin ligase; replication complex; host; virus; viruses,Request PDF: title/abstract matches multiple PMC-learned criteria plus run-objective terms.,"((HIV[tiab] OR ""human immunodeficiency virus""[tiab]) AND (""host factor""[tiab] OR ""restriction factor""[tiab] OR ""dependency factor""[tiab] OR ""entry factor""[tiab] OR ""host E3 ubiquitin ligase""[tiab] OR ""viral protein-host protein""[tiab]) AND (interacts[tiab] OR binds[tiab] OR recruits[tiab] OR cleaves[tiab] OR degrades[tiab] OR modulates[tiab] OR antagonizes[tiab] OR restricts[tiab] OR promotes[tiab] OR mechanism*[tiab]))",confirm_include,advance_to_import
pmid-23966394,23966394,10.1128/JVI.02128-13,Effects of cellular activation on anti-HIV-1 restriction factor expression profile in primary cells.,2013,high,request_pdf,strong_learned_match,viral protein-host protein; restriction factor; dependency factor; entry factor; ubiquitin ligase; host; virus; viral; for; antiviral,Request PDF: title/abstract matches multiple PMC-learned criteria plus run-objective terms.,"((HIV[tiab] OR ""human immunodeficiency virus""[tiab]) AND (""host factor""[tiab] OR ""restriction factor""[tiab] OR ""dependency factor""[tiab] OR ""entry factor""[tiab] OR ""host E3 ubiquitin ligase""[tiab] OR ""viral protein-host protein""[tiab]) AND (interacts[tiab] OR binds[tiab] OR recruits[tiab] OR cleaves[tiab] OR degrades[tiab] OR modulates[tiab] OR antagonizes[tiab] OR restricts[tiab] OR promotes[tiab] OR mechanism*[tiab]))",confirm_include,advance_to_import
pmid-24075872,24075872,10.1016/j.jmb.2013.09.029,Emerging role of the host restriction factor tetherin in viral immune sensing.,2013,high,request_pdf,strong_learned_match,viral protein-host protein; restriction factor; dependency factor; entry factor; ubiquitin ligase; host; virus; viruses; viral; evidence,Request PDF: title/abstract matches multiple PMC-learned criteria plus run-objective terms.,"((HIV[tiab] OR ""human immunodeficiency virus""[tiab]) AND (""host factor""[tiab] OR ""restriction factor""[tiab] OR ""dependency factor""[tiab] OR ""entry factor""[tiab] OR ""host E3 ubiquitin ligase""[tiab] OR ""viral protein-host protein""[tiab]) AND (interacts[tiab] OR binds[tiab] OR recruits[tiab] OR cleaves[tiab] OR degrades[tiab] OR modulates[tiab] OR antagonizes[tiab] OR restricts[tiab] OR promotes[tiab] OR mechanism*[tiab]))",confirm_include,advance_to_import
pmid-23781096,23781096,10.1096/fj.13-229187,Hepatitis C virus/human interactome identifies SMURF2 and the viral protease as critical elements for the control of TGF-β signaling.,2013,high,request_pdf,strong_learned_match,proximity proteomics; protein interaction mapping; ubiquitin ligase; host; virus; viral; interaction; proteins; not; for,Request PDF: title/abstract matches multiple PMC-learned criteria plus run-objective terms.,"((""hepatitis C virus""[tiab] OR HCV[tiab]) AND (interactome[tiab] OR AP-MS[tiab] OR ""affinity purification mass spectrometry""[tiab] OR ""proximity proteomics""[tiab] OR ""proximity labeling""[tiab] OR BioID[tiab] OR ""protein interaction mapping""[tiab] OR (""viral protein""[tiab] AND (""host protein""[tiab] OR ""cellular protein""[tiab]))))",confirm_include,advance_to_import
pmid-23478265,23478265,10.1128/MCB.01603-12,Human DEAD box helicase 3 couples IκB kinase ε to interferon regulatory factor 3 activation.,2013,high,request_pdf,strong_learned_match,viral protein-host protein binding; viral protein-host protein; restriction factor; dependency factor; entry factor; ubiquitin ligase; replication complex; host; pathway; virus,Request PDF: title/abstract matches multiple PMC-learned criteria plus run-objective terms.,"((""hepatitis C virus""[tiab] OR HCV[tiab]) AND (""host factor""[tiab] OR ""restriction factor""[tiab] OR ""dependency factor""[tiab] OR ""entry factor""[tiab] OR ""host E3 ubiquitin ligase""[tiab] OR ""viral protein-host protein""[tiab] OR ""replication complex""[tiab]) AND (interacts[tiab] OR binds[tiab] OR recruits[tiab] OR cleaves[tiab] OR degrades[tiab] OR modulates[tiab] OR antagonizes[tiab] OR restricts[tiab] OR promotes[tiab] OR mechanism*[tiab])); ((HIV[tiab] OR ""human immunodeficiency virus""[tiab]) AND (""host factor""[tiab] OR ""restriction factor""[tiab] OR ""dependency factor""[tiab] OR ""entry factor""[tiab] OR ""host E3 ubiquitin ligase""[tiab] OR ""viral protein-host protein""[tiab]) AND (interacts[tiab] OR binds[tiab] OR recruits[tiab] OR cleaves[tiab] OR degrades[tiab] OR modulates[tiab] OR antagonizes[tiab] OR restricts[tiab] OR promotes[tiab] OR mechanism*[tiab]))",confirm_include,advance_to_import
pmid-23640893,23640893,10.1074/jbc.M113.468975,Interleukin-2 inhibits HIV-1 replication in some human T cell lymphotrophic virus-1-infected cell lines via the induction and incorporation of APOBEC3G into the virion.,2013,high,request_pdf,strong_learned_match,viral protein-host protein; restriction factor; dependency factor; entry factor; ubiquitin ligase; host; virus; viral; not; for,Request PDF: title/abstract matches multiple PMC-learned criteria plus run-objective terms.,"((HIV[tiab] OR ""human immunodeficiency virus""[tiab]) AND (""host factor""[tiab] OR ""restriction factor""[tiab] OR ""dependency factor""[tiab] OR ""entry factor""[tiab] OR ""host E3 ubiquitin ligase""[tiab] OR ""viral protein-host protein""[tiab]) AND (interacts[tiab] OR binds[tiab] OR recruits[tiab] OR cleaves[tiab] OR degrades[tiab] OR modulates[tiab] OR antagonizes[tiab] OR restricts[tiab] OR promotes[tiab] OR mechanism*[tiab]))",confirm_include,advance_to_import
pmid-23266878,23266878,10.1007/s11262-012-0865-z,Kaposi's sarcoma: a computational approach through protein-protein interaction and gene regulatory networks analysis.,2013,high,request_pdf,strong_learned_match,proximity proteomics; protein interaction mapping; host; pathway; virus; viral; interaction; not; for; ap-ms,Request PDF: title/abstract matches multiple PMC-learned criteria plus run-objective terms.,"((KSHV[tiab] OR ""Kaposi sarcoma-associated herpesvirus""[tiab] OR ""human herpesvirus 8""[tiab] OR HHV-8[tiab]) AND (interactome[tiab] OR AP-MS[tiab] OR ""affinity purification mass spectrometry""[tiab] OR ""proximity proteomics""[tiab] OR ""proximity labeling""[tiab] OR BioID[tiab] OR ""protein interaction mapping""[tiab] OR (""viral protein""[tiab] AND (""host protein""[tiab] OR ""cellular protein""[tiab]))))",confirm_include,advance_to_import
pmid-24161438,24161438,10.1016/j.jmb.2013.10.022,SAMHD1 host restriction factor: a link with innate immune sensing of retrovirus infection.,2013,high,request_pdf,strong_learned_match,viral protein-host protein; restriction factor; dependency factor; entry factor; ubiquitin ligase; host; virus; viruses; viral; studies,Request PDF: title/abstract matches multiple PMC-learned criteria plus run-objective terms.,"((HIV[tiab] OR ""human immunodeficiency virus""[tiab]) AND (""host factor""[tiab] OR ""restriction factor""[tiab] OR ""dependency factor""[tiab] OR ""entry factor""[tiab] OR ""host E3 ubiquitin ligase""[tiab] OR ""viral protein-host protein""[tiab]) AND (interacts[tiab] OR binds[tiab] OR recruits[tiab] OR cleaves[tiab] OR degrades[tiab] OR modulates[tiab] OR antagonizes[tiab] OR restricts[tiab] OR promotes[tiab] OR mechanism*[tiab]))",confirm_include,advance_to_import
pmid-23269793,23269793,10.1128/JVI.02514-12,SAMHD1 restricts HIV-1 cell-to-cell transmission and limits immune detection in monocyte-derived dendritic cells.,2013,high,request_pdf,strong_learned_match,viral protein-host protein; restriction factor; dependency factor; entry factor; ubiquitin ligase; host; virus; viral; not; for,Request PDF: title/abstract matches multiple PMC-learned criteria plus run-objective terms.,"((HIV[tiab] OR ""human immunodeficiency virus""[tiab]) AND (""host factor""[tiab] OR ""restriction factor""[tiab] OR ""dependency factor""[tiab] OR ""entry factor""[tiab] OR ""host E3 ubiquitin ligase""[tiab] OR ""viral protein-host protein""[tiab]) AND (interacts[tiab] OR binds[tiab] OR recruits[tiab] OR cleaves[tiab] OR degrades[tiab] OR modulates[tiab] OR antagonizes[tiab] OR restricts[tiab] OR promotes[tiab] OR mechanism*[tiab]))",confirm_include,advance_to_import
pmid-23872947,23872947,10.1038/emboj.2013.163,SAMHD1-dependent retroviral control and escape in mice.,2013,high,request_pdf,strong_learned_match,viral protein-host protein; restriction factor; dependency factor; entry factor; ubiquitin ligase; host; virus; viruses; viral; evidence,Request PDF: title/abstract matches multiple PMC-learned criteria plus run-objective terms.,"((HIV[tiab] OR ""human immunodeficiency virus""[tiab]) AND (""host factor""[tiab] OR ""restriction factor""[tiab] OR ""dependency factor""[tiab] OR ""entry factor""[tiab] OR ""host E3 ubiquitin ligase""[tiab] OR ""viral protein-host protein""[tiab]) AND (interacts[tiab] OR binds[tiab] OR recruits[tiab] OR cleaves[tiab] OR degrades[tiab] OR modulates[tiab] OR antagonizes[tiab] OR restricts[tiab] OR promotes[tiab] OR mechanism*[tiab]))",confirm_include,advance_to_import
pmid-23221546,23221546,10.1128/JVI.02272-12,Stimulation of NF-κB activity by the HIV restriction factor BST2.,2013,high,request_pdf,strong_learned_match,viral protein-host protein; restriction factor; dependency factor; entry factor; ubiquitin ligase; host; pathway; host-pathogen; virus; viruses,Request PDF: title/abstract matches multiple PMC-learned criteria plus run-objective terms.,"((HIV[tiab] OR ""human immunodeficiency virus""[tiab]) AND (""host factor""[tiab] OR ""restriction factor""[tiab] OR ""dependency factor""[tiab] OR ""entry factor""[tiab] OR ""host E3 ubiquitin ligase""[tiab] OR ""viral protein-host protein""[tiab]) AND (interacts[tiab] OR binds[tiab] OR recruits[tiab] OR cleaves[tiab] OR degrades[tiab] OR modulates[tiab] OR antagonizes[tiab] OR restricts[tiab] OR promotes[tiab] OR mechanism*[tiab]))",confirm_include,advance_to_import
pmid-23943653,23943653,10.1182/blood-2013-01-479972,Targeting the Hsp90-associated viral oncoproteome in gammaherpesvirus-associated malignancies.,2013,high,request_pdf,strong_learned_match,proximity proteomics; protein interaction mapping; nuclear import; host; pathway; virus; viral; interaction; proteins; not,Request PDF: title/abstract matches multiple PMC-learned criteria plus run-objective terms.,"((KSHV[tiab] OR ""Kaposi sarcoma-associated herpesvirus""[tiab] OR ""human herpesvirus 8""[tiab] OR HHV-8[tiab]) AND (interactome[tiab] OR AP-MS[tiab] OR ""affinity purification mass spectrometry""[tiab] OR ""proximity proteomics""[tiab] OR ""proximity labeling""[tiab] OR BioID[tiab] OR ""protein interaction mapping""[tiab] OR (""viral protein""[tiab] AND (""host protein""[tiab] OR ""cellular protein""[tiab]))))",confirm_include,advance_to_import
pmid-23348195,23348195,10.1016/j.virusres.2013.01.006,The cellular protein TIP47 restricts Respirovirus multiplication leading to decreased virus particle production.,2013,high,request_pdf,strong_learned_match,proximity proteomics; viral protein-host protein; protein interaction mapping; restriction factor; dependency factor; entry factor; ubiquitin ligase; host; virus; viral,Request PDF: title/abstract matches multiple PMC-learned criteria plus run-objective terms.,"((HIV[tiab] OR ""human immunodeficiency virus""[tiab]) AND (interactome[tiab] OR AP-MS[tiab] OR ""affinity purification mass spectrometry""[tiab] OR ""proximity proteomics""[tiab] OR ""proximity labeling""[tiab] OR BioID[tiab] OR ""protein interaction mapping""[tiab] OR (""viral protein""[tiab] AND (""host protein""[tiab] OR ""cellular protein""[tiab])))); ((HIV[tiab] OR ""human immunodeficiency virus""[tiab]) AND (""host factor""[tiab] OR ""restriction factor""[tiab] OR ""dependency factor""[tiab] OR ""entry factor""[tiab] OR ""host E3 ubiquitin ligase""[tiab] OR ""viral protein-host protein""[tiab]) AND (interacts[tiab] OR binds[tiab] OR recruits[tiab] OR cleaves[tiab] OR degrades[tiab] OR modulates[tiab] OR antagonizes[tiab] OR restricts[tiab] OR promotes[tiab] OR mechanism*[tiab]))",confirm_include,advance_to_import
pmid-24074594,24074594,10.1016/j.virol.2013.08.009,The interaction between claudin-1 and dengue viral prM/M protein for its entry.,2013,high,request_pdf,strong_learned_match,proximity proteomics; protein interaction mapping; entry factor; host; virus; viral; when; interaction; for; ap-ms,Request PDF: title/abstract matches multiple PMC-learned criteria plus run-objective terms.,"((dengue[tiab] OR DENV[tiab]) AND (interactome[tiab] OR AP-MS[tiab] OR ""affinity purification mass spectrometry""[tiab] OR ""proximity proteomics""[tiab] OR ""proximity labeling""[tiab] OR BioID[tiab] OR ""protein interaction mapping""[tiab] OR (""viral protein""[tiab] AND (""host protein""[tiab] OR ""cellular protein""[tiab]))))",confirm_include,advance_to_import
pmid-23682656,23682656,10.1021/pr3011217,Understanding the biological context of NS5A-host interactions in HCV infection: a network-based approach.,2013,high,request_pdf,strong_learned_match,proximity proteomics; protein interaction mapping; host; pathway; virus; viral; interaction; proteins; for; ap-ms,Request PDF: title/abstract matches multiple PMC-learned criteria plus run-objective terms.,"((""hepatitis C virus""[tiab] OR HCV[tiab]) AND (interactome[tiab] OR AP-MS[tiab] OR ""affinity purification mass spectrometry""[tiab] OR ""proximity proteomics""[tiab] OR ""proximity labeling""[tiab] OR BioID[tiab] OR ""protein interaction mapping""[tiab] OR (""viral protein""[tiab] AND (""host protein""[tiab] OR ""cellular protein""[tiab]))))",confirm_include,advance_to_import
pmid-25366053,25366053,10.2222/jsv.63.187,[Multifunctional HIV accessory proteins are hub proteins antagonizing host antiviral factors].,2013,high,request_pdf,strong_learned_match,viral protein-host protein; restriction factor; dependency factor; entry factor; ubiquitin ligase; host; virus; viral; proteins; for,Request PDF: title/abstract matches multiple PMC-learned criteria plus run-objective terms.,"((HIV[tiab] OR ""human immunodeficiency virus""[tiab]) AND (""host factor""[tiab] OR ""restriction factor""[tiab] OR ""dependency factor""[tiab] OR ""entry factor""[tiab] OR ""host E3 ubiquitin ligase""[tiab] OR ""viral protein-host protein""[tiab]) AND (interacts[tiab] OR binds[tiab] OR recruits[tiab] OR cleaves[tiab] OR degrades[tiab] OR modulates[tiab] OR antagonizes[tiab] OR restricts[tiab] OR promotes[tiab] OR mechanism*[tiab]))",confirm_include,advance_to_import
pmid-25044019,25044019,10.1074/mcp.M113.028977,A novel immuno-competitive capture mass spectrometry strategy for protein-protein interaction profiling reveals that LATS kinases regulate HCV replication through NS5A phosphorylation.,2014,high,request_pdf,strong_learned_match,proximity proteomics; protein interaction mapping; replication complex; host; virus; viral; interaction; proteins; for; ap-ms,Request PDF: title/abstract matches multiple PMC-learned criteria plus run-objective terms.,"((""hepatitis C virus""[tiab] OR HCV[tiab]) AND (interactome[tiab] OR AP-MS[tiab] OR ""affinity purification mass spectrometry""[tiab] OR ""proximity proteomics""[tiab] OR ""proximity labeling""[tiab] OR BioID[tiab] OR ""protein interaction mapping""[tiab] OR (""viral protein""[tiab] AND (""host protein""[tiab] OR ""cellular protein""[tiab]))))",confirm_include,advance_to_import
pmid-24236455,24236455,10.2174/1566524013666131118111719,BST-2 expression in human hepatocytes is inducible by all three types of interferons and restricts production of hepatitis C virus.,2014,high,request_pdf,strong_learned_match,viral protein-host protein; restriction factor; dependency factor; entry factor; ubiquitin ligase; replication complex; host; virus; viruses; viral,Request PDF: title/abstract matches multiple PMC-learned criteria plus run-objective terms.,"((""hepatitis C virus""[tiab] OR HCV[tiab]) AND (""host factor""[tiab] OR ""restriction factor""[tiab] OR ""dependency factor""[tiab] OR ""entry factor""[tiab] OR ""host E3 ubiquitin ligase""[tiab] OR ""viral protein-host protein""[tiab] OR ""replication complex""[tiab]) AND (interacts[tiab] OR binds[tiab] OR recruits[tiab] OR cleaves[tiab] OR degrades[tiab] OR modulates[tiab] OR antagonizes[tiab] OR restricts[tiab] OR promotes[tiab] OR mechanism*[tiab]))",confirm_include,advance_to_import
pmid-24554663,24554663,10.1128/JVI.00324-14,CD4+ memory stem cells are infected by HIV-1 in a manner regulated in part by SAMHD1 expression.,2014,high,request_pdf,strong_learned_match,viral protein-host protein; restriction factor; dependency factor; entry factor; ubiquitin ligase; host; virus; viral; studies; not,Request PDF: title/abstract matches multiple PMC-learned criteria plus run-objective terms.,"((HIV[tiab] OR ""human immunodeficiency virus""[tiab]) AND (""host factor""[tiab] OR ""restriction factor""[tiab] OR ""dependency factor""[tiab] OR ""entry factor""[tiab] OR ""host E3 ubiquitin ligase""[tiab] OR ""viral protein-host protein""[tiab]) AND (interacts[tiab] OR binds[tiab] OR recruits[tiab] OR cleaves[tiab] OR degrades[tiab] OR modulates[tiab] OR antagonizes[tiab] OR restricts[tiab] OR promotes[tiab] OR mechanism*[tiab]))",confirm_include,advance_to_import
pmid-24284321,24284321,10.1128/JVI.01249-13,Cellular vimentin regulates construction of dengue virus replication complexes through interaction with NS4A protein.,2014,high,request_pdf,strong_learned_match,viral protein-host protein; restriction factor; dependency factor; entry factor; ubiquitin ligase; nuclear import; replication complex; host; virus; viral,Request PDF: title/abstract matches multiple PMC-learned criteria plus run-objective terms.,"((dengue[tiab] OR DENV[tiab]) AND (""host factor""[tiab] OR ""restriction factor""[tiab] OR ""dependency factor""[tiab] OR ""entry factor""[tiab] OR ""host E3 ubiquitin ligase""[tiab] OR ""viral protein-host protein""[tiab] OR ""replication complex""[tiab]) AND (interacts[tiab] OR binds[tiab] OR recruits[tiab] OR cleaves[tiab] OR degrades[tiab] OR modulates[tiab] OR antagonizes[tiab] OR restricts[tiab] OR promotes[tiab] OR mechanism*[tiab]))",confirm_include,advance_to_import
pmid-24735396,24735396,10.1021/ic402907g,Comparative thermodynamic analysis of zinc binding to the His/Cys motif in virion infectivity factor.,2014,high,request_pdf,strong_learned_match,viral protein-host protein binding; viral protein-host protein; restriction factor; dependency factor; entry factor; ubiquitin ligase; host; virus; viral; studies,Request PDF: title/abstract matches multiple PMC-learned criteria plus run-objective terms.,"((HIV[tiab] OR ""human immunodeficiency virus""[tiab]) AND (""host factor""[tiab] OR ""restriction factor""[tiab] OR ""dependency factor""[tiab] OR ""entry factor""[tiab] OR ""host E3 ubiquitin ligase""[tiab] OR ""viral protein-host protein""[tiab]) AND (interacts[tiab] OR binds[tiab] OR recruits[tiab] OR cleaves[tiab] OR degrades[tiab] OR modulates[tiab] OR antagonizes[tiab] OR restricts[tiab] OR promotes[tiab] OR mechanism*[tiab]))",confirm_include,advance_to_import
pmid-24554657,24554657,10.1128/JVI.02945-13,Contribution of PDZD8 to stabilization of the human immunodeficiency virus type 1 capsid.,2014,high,request_pdf,strong_learned_match,viral protein-host protein binding; viral protein-host protein; restriction factor; dependency factor; entry factor; ubiquitin ligase; replication complex; host; virus; viral,Request PDF: title/abstract matches multiple PMC-learned criteria plus run-objective terms.,"((HIV[tiab] OR ""human immunodeficiency virus""[tiab]) AND (""host factor""[tiab] OR ""restriction factor""[tiab] OR ""dependency factor""[tiab] OR ""entry factor""[tiab] OR ""host E3 ubiquitin ligase""[tiab] OR ""viral protein-host protein""[tiab]) AND (interacts[tiab] OR binds[tiab] OR recruits[tiab] OR cleaves[tiab] OR degrades[tiab] OR modulates[tiab] OR antagonizes[tiab] OR restricts[tiab] OR promotes[tiab] OR mechanism*[tiab]))",confirm_include,advance_to_import
pmid-25122780,25122780,10.1128/JVI.01924-14,Core-binding factor subunit beta is not required for non-primate lentiviral Vif-mediated APOBEC3 degradation.,2014,high,request_pdf,strong_learned_match,viral protein-host protein binding; viral protein-host protein; restriction factor; dependency factor; entry factor; ubiquitin ligase; replication complex; host; pathway; virus,Request PDF: title/abstract matches multiple PMC-learned criteria plus run-objective terms.,"((HIV[tiab] OR ""human immunodeficiency virus""[tiab]) AND (""host factor""[tiab] OR ""restriction factor""[tiab] OR ""dependency factor""[tiab] OR ""entry factor""[tiab] OR ""host E3 ubiquitin ligase""[tiab] OR ""viral protein-host protein""[tiab]) AND (interacts[tiab] OR binds[tiab] OR recruits[tiab] OR cleaves[tiab] OR degrades[tiab] OR modulates[tiab] OR antagonizes[tiab] OR restricts[tiab] OR promotes[tiab] OR mechanism*[tiab]))",confirm_include,advance_to_import
pmid-25071319,25071319,10.3748/wjg.v20.i28.9261,Cytokinome profile evaluation in patients with hepatitis C virus infection.,2014,high,request_pdf,strong_learned_match,proximity proteomics; protein interaction mapping; host; virus; viral; interaction; proteins; for; ap-ms; proteomics,Request PDF: title/abstract matches multiple PMC-learned criteria plus run-objective terms.,"((""hepatitis C virus""[tiab] OR HCV[tiab]) AND (interactome[tiab] OR AP-MS[tiab] OR ""affinity purification mass spectrometry""[tiab] OR ""proximity proteomics""[tiab] OR ""proximity labeling""[tiab] OR BioID[tiab] OR ""protein interaction mapping""[tiab] OR (""viral protein""[tiab] AND (""host protein""[tiab] OR ""cellular protein""[tiab]))))",confirm_include,advance_to_import
pmid-24574390,24574390,10.1128/JVI.03057-13,Dendritic cell-lymphocyte cross talk downregulates host restriction factor SAMHD1 and stimulates HIV-1 replication in dendritic cells.,2014,high,request_pdf,strong_learned_match,viral protein-host protein; restriction factor; dependency factor; entry factor; ubiquitin ligase; host; virus; viral; for; antiviral,Request PDF: title/abstract matches multiple PMC-learned criteria plus run-objective terms.,"((HIV[tiab] OR ""human immunodeficiency virus""[tiab]) AND (""host factor""[tiab] OR ""restriction factor""[tiab] OR ""dependency factor""[tiab] OR ""entry factor""[tiab] OR ""host E3 ubiquitin ligase""[tiab] OR ""viral protein-host protein""[tiab]) AND (interacts[tiab] OR binds[tiab] OR recruits[tiab] OR cleaves[tiab] OR degrades[tiab] OR modulates[tiab] OR antagonizes[tiab] OR restricts[tiab] OR promotes[tiab] OR mechanism*[tiab]))",confirm_include,advance_to_import
pmid-24554660,24554660,10.1128/JVI.03241-13,Determining the involvement and therapeutic implications of host cellular factors in hepatitis C virus cell-to-cell spread.,2014,high,request_pdf,strong_learned_match,viral protein-host protein; restriction factor; dependency factor; entry factor; ubiquitin ligase; replication complex; host; pathway; virus; viral,Request PDF: title/abstract matches multiple PMC-learned criteria plus run-objective terms.,"((""hepatitis C virus""[tiab] OR HCV[tiab]) AND (""host factor""[tiab] OR ""restriction factor""[tiab] OR ""dependency factor""[tiab] OR ""entry factor""[tiab] OR ""host E3 ubiquitin ligase""[tiab] OR ""viral protein-host protein""[tiab] OR ""replication complex""[tiab]) AND (interacts[tiab] OR binds[tiab] OR recruits[tiab] OR cleaves[tiab] OR degrades[tiab] OR modulates[tiab] OR antagonizes[tiab] OR restricts[tiab] OR promotes[tiab] OR mechanism*[tiab]))",confirm_include,advance_to_import
pmid-24155399,24155399,10.1128/JVI.02687-13,Effects of alpha interferon treatment on intrinsic anti-HIV-1 immunity in vivo.,2014,high,request_pdf,strong_learned_match,viral protein-host protein; restriction factor; dependency factor; entry factor; ubiquitin ligase; replication complex; host; virus; viral,Request PDF: title/abstract matches multiple PMC-learned criteria plus run-objective terms.,"((""hepatitis C virus""[tiab] OR HCV[tiab]) AND (""host factor""[tiab] OR ""restriction factor""[tiab] OR ""dependency factor""[tiab] OR ""entry factor""[tiab] OR ""host E3 ubiquitin ligase""[tiab] OR ""viral protein-host protein""[tiab] OR ""replication complex""[tiab]) AND (interacts[tiab] OR binds[tiab] OR recruits[tiab] OR cleaves[tiab] OR degrades[tiab] OR modulates[tiab] OR antagonizes[tiab] OR restricts[tiab] OR promotes[tiab] OR mechanism*[tiab])); ((HIV[tiab] OR ""human immunodeficiency virus""[tiab]) AND (""host factor""[tiab] OR ""restriction factor""[tiab] OR ""dependency factor""[tiab] OR ""entry factor""[tiab] OR ""host E3 ubiquitin ligase""[tiab] OR ""viral protein-host protein""[tiab]) AND (interacts[tiab] OR binds[tiab] OR recruits[tiab] OR cleaves[tiab] OR degrades[tiab] OR modulates[tiab] OR antagonizes[tiab] OR restricts[tiab] OR promotes[tiab] OR mechanism*[tiab]))",confirm_include,advance_to_import
pmid-24169621,24169621,10.1074/mcp.M113.030155,Elucidating novel hepatitis C virus-host interactions using combined mass spectrometry and functional genomics approaches.,2014,high,request_pdf,strong_learned_match,virus-host interactome; proximity proteomics; protein interaction mapping; replication complex; host; virus; viruses; viral; studies; interaction,Request PDF: title/abstract matches multiple PMC-learned criteria plus run-objective terms.,"((""hepatitis C virus""[tiab] OR HCV[tiab]) AND (interactome[tiab] OR AP-MS[tiab] OR ""affinity purification mass spectrometry""[tiab] OR ""proximity proteomics""[tiab] OR ""proximity labeling""[tiab] OR BioID[tiab] OR ""protein interaction mapping""[tiab] OR (""viral protein""[tiab] AND (""host protein""[tiab] OR ""cellular protein""[tiab]))))",confirm_include,advance_to_import
pmid-25158218,25158218,10.1021/pr500556d,Elucidation of the Ebola virus VP24 cellular interactome and disruption of virus biology through targeted inhibition of host-cell protein function.,2014,high,request_pdf,strong_learned_match,proximity proteomics; protein interaction mapping; host; virus; viral; interaction; proteins; for; ap-ms; proteomics,Request PDF: title/abstract matches multiple PMC-learned criteria plus run-objective terms.,"((Ebola[tiab] OR ""Ebola virus""[tiab] OR Ebolavirus[tiab] OR EBOV[tiab]) AND (interactome[tiab] OR AP-MS[tiab] OR ""affinity purification mass spectrometry""[tiab] OR ""proximity proteomics""[tiab] OR ""proximity labeling""[tiab] OR BioID[tiab] OR ""protein interaction mapping""[tiab] OR (""viral protein""[tiab] AND (""host protein""[tiab] OR ""cellular protein""[tiab]))))",confirm_include,advance_to_import
pmid-24227834,24227834,10.1128/JVI.03148-13,Equine tetherin blocks retrovirus release and its activity is antagonized by equine infectious anemia virus envelope protein.,2014,high,request_pdf,strong_learned_match,viral protein-host protein; restriction factor; dependency factor; entry factor; ubiquitin ligase; host; virus; viruses; viral; studies,Request PDF: title/abstract matches multiple PMC-learned criteria plus run-objective terms.,"((HIV[tiab] OR ""human immunodeficiency virus""[tiab]) AND (""host factor""[tiab] OR ""restriction factor""[tiab] OR ""dependency factor""[tiab] OR ""entry factor""[tiab] OR ""host E3 ubiquitin ligase""[tiab] OR ""viral protein-host protein""[tiab]) AND (interacts[tiab] OR binds[tiab] OR recruits[tiab] OR cleaves[tiab] OR degrades[tiab] OR modulates[tiab] OR antagonizes[tiab] OR restricts[tiab] OR promotes[tiab] OR mechanism*[tiab]))",confirm_include,advance_to_import
pmid-24390335,24390335,10.1128/JVI.03833-13,Evolutionarily conserved requirement for core binding factor beta in the assembly of the human immunodeficiency virus/simian immunodeficiency virus Vif-cullin 5-RING E3 ubiquitin ligase.,2014,high,request_pdf,strong_learned_match,viral protein-host protein binding; viral protein-host protein; restriction factor; dependency factor; entry factor; ubiquitin ligase; replication complex; host; virus; viral,Request PDF: title/abstract matches multiple PMC-learned criteria plus run-objective terms.,"((HIV[tiab] OR ""human immunodeficiency virus""[tiab]) AND (""host factor""[tiab] OR ""restriction factor""[tiab] OR ""dependency factor""[tiab] OR ""entry factor""[tiab] OR ""host E3 ubiquitin ligase""[tiab] OR ""viral protein-host protein""[tiab]) AND (interacts[tiab] OR binds[tiab] OR recruits[tiab] OR cleaves[tiab] OR degrades[tiab] OR modulates[tiab] OR antagonizes[tiab] OR restricts[tiab] OR promotes[tiab] OR mechanism*[tiab]))",confirm_include,advance_to_import
pmid-24390322,24390322,10.1128/JVI.03814-13,Feline immunodeficiency virus envelope glycoproteins antagonize tetherin through a distinctive mechanism that requires virion incorporation.,2014,high,request_pdf,strong_learned_match,viral protein-host protein; restriction factor; dependency factor; entry factor; ubiquitin ligase; replication complex; host; virus; viruses; viral,Request PDF: title/abstract matches multiple PMC-learned criteria plus run-objective terms.,"((HIV[tiab] OR ""human immunodeficiency virus""[tiab]) AND (""host factor""[tiab] OR ""restriction factor""[tiab] OR ""dependency factor""[tiab] OR ""entry factor""[tiab] OR ""host E3 ubiquitin ligase""[tiab] OR ""viral protein-host protein""[tiab]) AND (interacts[tiab] OR binds[tiab] OR recruits[tiab] OR cleaves[tiab] OR degrades[tiab] OR modulates[tiab] OR antagonizes[tiab] OR restricts[tiab] OR promotes[tiab] OR mechanism*[tiab])); ((Ebola[tiab] OR ""Ebola virus""[tiab] OR Ebolavirus[tiab] OR EBOV[tiab]) AND (""host factor""[tiab] OR ""restriction factor""[tiab] OR ""dependency factor""[tiab] OR ""entry factor""[tiab] OR ""host E3 ubiquitin ligase""[tiab] OR ""viral protein-host protein""[tiab] OR ""replication complex""[tiab]) AND (interacts[tiab] OR binds[tiab] OR recruits[tiab] OR cleaves[tiab] OR degrades[tiab] OR modulates[tiab] OR antagonizes[tiab] OR restricts[tiab] OR promotes[tiab] OR mechanism*[tiab]))",confirm_include,advance_to_import
pmid-24600008,24600008,10.1128/JVI.03717-13,Functional evidence for the involvement of microtubules and dynein motor complexes in TRIM5α-mediated restriction of retroviruses.,2014,high,request_pdf,strong_learned_match,viral protein-host protein; restriction factor; dependency factor; entry factor; ubiquitin ligase; host; virus; viruses; viral; evidence,Request PDF: title/abstract matches multiple PMC-learned criteria plus run-objective terms.,"((HIV[tiab] OR ""human immunodeficiency virus""[tiab]) AND (""host factor""[tiab] OR ""restriction factor""[tiab] OR ""dependency factor""[tiab] OR ""entry factor""[tiab] OR ""host E3 ubiquitin ligase""[tiab] OR ""viral protein-host protein""[tiab]) AND (interacts[tiab] OR binds[tiab] OR recruits[tiab] OR cleaves[tiab] OR degrades[tiab] OR modulates[tiab] OR antagonizes[tiab] OR restricts[tiab] OR promotes[tiab] OR mechanism*[tiab]))",confirm_include,advance_to_import
pmid-25275127,25275127,10.1128/JVI.02333-14,"HIV-1 Nef and Vpu are functionally redundant broad-spectrum modulators of cell surface receptors, including tetraspanins.",2014,high,request_pdf,strong_learned_match,viral protein-host protein; restriction factor; dependency factor; entry factor; ubiquitin ligase; nuclear import; replication complex; host; virus; viral,Request PDF: title/abstract matches multiple PMC-learned criteria plus run-objective terms.,"((HIV[tiab] OR ""human immunodeficiency virus""[tiab]) AND (""host factor""[tiab] OR ""restriction factor""[tiab] OR ""dependency factor""[tiab] OR ""entry factor""[tiab] OR ""host E3 ubiquitin ligase""[tiab] OR ""viral protein-host protein""[tiab]) AND (interacts[tiab] OR binds[tiab] OR recruits[tiab] OR cleaves[tiab] OR degrades[tiab] OR modulates[tiab] OR antagonizes[tiab] OR restricts[tiab] OR promotes[tiab] OR mechanism*[tiab]))",confirm_include,advance_to_import
pmid-24623438,24623438,10.1128/JVI.03738-13,Hepatitis C virus NS5A hijacks ARFGAP1 to maintain a phosphatidylinositol 4-phosphate-enriched microenvironment.,2014,high,request_pdf,strong_learned_match,viral protein-host protein; restriction factor; dependency factor; entry factor; ubiquitin ligase; replication complex; host; pathway; virus; viruses,Request PDF: title/abstract matches multiple PMC-learned criteria plus run-objective terms.,"((""hepatitis C virus""[tiab] OR HCV[tiab]) AND (""host factor""[tiab] OR ""restriction factor""[tiab] OR ""dependency factor""[tiab] OR ""entry factor""[tiab] OR ""host E3 ubiquitin ligase""[tiab] OR ""viral protein-host protein""[tiab] OR ""replication complex""[tiab]) AND (interacts[tiab] OR binds[tiab] OR recruits[tiab] OR cleaves[tiab] OR degrades[tiab] OR modulates[tiab] OR antagonizes[tiab] OR restricts[tiab] OR promotes[tiab] OR mechanism*[tiab]))",confirm_include,advance_to_import
pmid-24623419,24623419,10.1128/JVI.00155-14,Identification of cellular proteins interacting with the retroviral restriction factor SAMHD1.,2014,high,request_pdf,strong_learned_match,primary virus name and; primary virus name and and mechanism; primary virus name and and; primary virus name and and host factor; viral protein-host protein; restriction factor; dependency factor; entry factor; ubiquitin ligase; host,Request PDF: title/abstract matches multiple PMC-learned criteria plus run-objective terms.,"((HIV[tiab] OR ""human immunodeficiency virus""[tiab]) AND (""host factor""[tiab] OR ""restriction factor""[tiab] OR ""dependency factor""[tiab] OR ""entry factor""[tiab] OR ""host E3 ubiquitin ligase""[tiab] OR ""viral protein-host protein""[tiab]) AND (interacts[tiab] OR binds[tiab] OR recruits[tiab] OR cleaves[tiab] OR degrades[tiab] OR modulates[tiab] OR antagonizes[tiab] OR restricts[tiab] OR promotes[tiab] OR mechanism*[tiab]))",confirm_include,advance_to_import
pmid-24910013,24910013,10.2174/1389201015666140608142728,Insight into structural organization and protein-protein interaction of non structural 3 (NS3) proteins from dengue serotypes.,2014,high,request_pdf,strong_learned_match,proximity proteomics; protein interaction mapping; replication complex; host; virus; viral; interaction; proteins; for; ap-ms,Request PDF: title/abstract matches multiple PMC-learned criteria plus run-objective terms.,"((dengue[tiab] OR DENV[tiab]) AND (interactome[tiab] OR AP-MS[tiab] OR ""affinity purification mass spectrometry""[tiab] OR ""proximity proteomics""[tiab] OR ""proximity labeling""[tiab] OR BioID[tiab] OR ""protein interaction mapping""[tiab] OR (""viral protein""[tiab] AND (""host protein""[tiab] OR ""cellular protein""[tiab]))))",confirm_include,advance_to_import
pmid-24980280,24980280,10.1111/febs.12901,Investigating the antiviral role of cell death-inducing DFF45-like effector B in HCV replication.,2014,high,request_pdf,strong_learned_match,viral protein-host protein; restriction factor; dependency factor; entry factor; ubiquitin ligase; replication complex; host; virus; viral; proteins,Request PDF: title/abstract matches multiple PMC-learned criteria plus run-objective terms.,"((""hepatitis C virus""[tiab] OR HCV[tiab]) AND (""host factor""[tiab] OR ""restriction factor""[tiab] OR ""dependency factor""[tiab] OR ""entry factor""[tiab] OR ""host E3 ubiquitin ligase""[tiab] OR ""viral protein-host protein""[tiab] OR ""replication complex""[tiab]) AND (interacts[tiab] OR binds[tiab] OR recruits[tiab] OR cleaves[tiab] OR degrades[tiab] OR modulates[tiab] OR antagonizes[tiab] OR restricts[tiab] OR promotes[tiab] OR mechanism*[tiab]))",confirm_include,advance_to_import
pmid-24642660,24642660,10.3851/IMP2766,MicroRNAs: role and therapeutic targets in viral hepatitis.,2014,high,request_pdf,strong_learned_match,viral protein-host protein binding; viral protein-host protein; restriction factor; dependency factor; entry factor; ubiquitin ligase; replication complex; host; virus; viral,Request PDF: title/abstract matches multiple PMC-learned criteria plus run-objective terms.,"((""hepatitis C virus""[tiab] OR HCV[tiab]) AND (""host factor""[tiab] OR ""restriction factor""[tiab] OR ""dependency factor""[tiab] OR ""entry factor""[tiab] OR ""host E3 ubiquitin ligase""[tiab] OR ""viral protein-host protein""[tiab] OR ""replication complex""[tiab]) AND (interacts[tiab] OR binds[tiab] OR recruits[tiab] OR cleaves[tiab] OR degrades[tiab] OR modulates[tiab] OR antagonizes[tiab] OR restricts[tiab] OR promotes[tiab] OR mechanism*[tiab]))",confirm_include,advance_to_import
pmid-24449862,24449862,10.1073/pnas.1314268111,"Novel antiviral host factor, TNK1, regulates IFN signaling through serine phosphorylation of STAT1.",2014,high,request_pdf,strong_learned_match,viral protein-host protein; restriction factor; dependency factor; entry factor; ubiquitin ligase; replication complex; host; pathway; virus; viral,Request PDF: title/abstract matches multiple PMC-learned criteria plus run-objective terms.,"((""hepatitis C virus""[tiab] OR HCV[tiab]) AND (""host factor""[tiab] OR ""restriction factor""[tiab] OR ""dependency factor""[tiab] OR ""entry factor""[tiab] OR ""host E3 ubiquitin ligase""[tiab] OR ""viral protein-host protein""[tiab] OR ""replication complex""[tiab]) AND (interacts[tiab] OR binds[tiab] OR recruits[tiab] OR cleaves[tiab] OR degrades[tiab] OR modulates[tiab] OR antagonizes[tiab] OR restricts[tiab] OR promotes[tiab] OR mechanism*[tiab]))",confirm_include,advance_to_import
pmid-25253338,25253338,10.1128/JVI.02505-14,Overlapping and distinct molecular determinants dictating the antiviral activities of TRIM56 against flaviviruses and coronavirus.,2014,high,request_pdf,strong_learned_match,viral protein-host protein; restriction factor; dependency factor; entry factor; ubiquitin ligase; replication complex; host; virus; viruses; viral,Request PDF: title/abstract matches multiple PMC-learned criteria plus run-objective terms.,"((dengue[tiab] OR DENV[tiab]) AND (""host factor""[tiab] OR ""restriction factor""[tiab] OR ""dependency factor""[tiab] OR ""entry factor""[tiab] OR ""host E3 ubiquitin ligase""[tiab] OR ""viral protein-host protein""[tiab] OR ""replication complex""[tiab]) AND (interacts[tiab] OR binds[tiab] OR recruits[tiab] OR cleaves[tiab] OR degrades[tiab] OR modulates[tiab] OR antagonizes[tiab] OR restricts[tiab] OR promotes[tiab] OR mechanism*[tiab]))",confirm_include,advance_to_import
pmid-25010285,25010285,10.1016/j.virol.2014.04.038,Proteome analysis of the HIV-1 Gag interactome.,2014,high,request_pdf,strong_learned_match,virus-host interactome; proximity proteomics; protein interaction mapping; host; pathway; host-pathogen; virus; viral; interaction; proteins,Request PDF: title/abstract matches multiple PMC-learned criteria plus run-objective terms.,"((HIV[tiab] OR ""human immunodeficiency virus""[tiab]) AND (interactome[tiab] OR AP-MS[tiab] OR ""affinity purification mass spectrometry""[tiab] OR ""proximity proteomics""[tiab] OR ""proximity labeling""[tiab] OR BioID[tiab] OR ""protein interaction mapping""[tiab] OR (""viral protein""[tiab] AND (""host protein""[tiab] OR ""cellular protein""[tiab]))))",confirm_include,advance_to_import
pmid-25100798,25100798,10.1099/vir.0.068544-0,Receptor-activated human α2-macroglobulin interacts with the envelope protein of dengue virus and protects virions from temperature-induced inactivation through multivalent binding.,2014,high,request_pdf,strong_learned_match,viral protein-host protein binding; viral protein-host protein; restriction factor; dependency factor; entry factor; ubiquitin ligase; replication complex; host; virus; viral,Request PDF: title/abstract matches multiple PMC-learned criteria plus run-objective terms.,"((dengue[tiab] OR DENV[tiab]) AND (""host factor""[tiab] OR ""restriction factor""[tiab] OR ""dependency factor""[tiab] OR ""entry factor""[tiab] OR ""host E3 ubiquitin ligase""[tiab] OR ""viral protein-host protein""[tiab] OR ""replication complex""[tiab]) AND (interacts[tiab] OR binds[tiab] OR recruits[tiab] OR cleaves[tiab] OR degrades[tiab] OR modulates[tiab] OR antagonizes[tiab] OR restricts[tiab] OR promotes[tiab] OR mechanism*[tiab]))",confirm_include,advance_to_import
pmid-24898729,24898729,10.1111/cmi.12318,Reticulon 3 interacts with NS4B of the hepatitis C virus and negatively regulates viral replication by disrupting NS4B self-interaction.,2014,high,request_pdf,strong_learned_match,viral protein-host protein; restriction factor; dependency factor; entry factor; ubiquitin ligase; replication complex; host; virus; viruses; viral,Request PDF: title/abstract matches multiple PMC-learned criteria plus run-objective terms.,"((""hepatitis C virus""[tiab] OR HCV[tiab]) AND (""host factor""[tiab] OR ""restriction factor""[tiab] OR ""dependency factor""[tiab] OR ""entry factor""[tiab] OR ""host E3 ubiquitin ligase""[tiab] OR ""viral protein-host protein""[tiab] OR ""replication complex""[tiab]) AND (interacts[tiab] OR binds[tiab] OR recruits[tiab] OR cleaves[tiab] OR degrades[tiab] OR modulates[tiab] OR antagonizes[tiab] OR restricts[tiab] OR promotes[tiab] OR mechanism*[tiab]))",confirm_include,advance_to_import
pmid-25587751,25587751,10.4161/15548627.2014.984278,TRIM proteins regulate autophagy: TRIM5 is a selective autophagy receptor mediating HIV-1 restriction.,2014,high,request_pdf,strong_learned_match,viral protein-host protein; restriction factor; dependency factor; entry factor; ubiquitin ligase; host; virus; viral; interaction; proteins,Request PDF: title/abstract matches multiple PMC-learned criteria plus run-objective terms.,"((HIV[tiab] OR ""human immunodeficiency virus""[tiab]) AND (""host factor""[tiab] OR ""restriction factor""[tiab] OR ""dependency factor""[tiab] OR ""entry factor""[tiab] OR ""host E3 ubiquitin ligase""[tiab] OR ""viral protein-host protein""[tiab]) AND (interacts[tiab] OR binds[tiab] OR recruits[tiab] OR cleaves[tiab] OR degrades[tiab] OR modulates[tiab] OR antagonizes[tiab] OR restricts[tiab] OR promotes[tiab] OR mechanism*[tiab]))",confirm_include,advance_to_import
pmid-24733916,24733916,10.1073/pnas.1321507111,Tetherin antagonism by Vpu protects HIV-infected cells from antibody-dependent cell-mediated cytotoxicity.,2014,high,request_pdf,strong_learned_match,viral protein-host protein; restriction factor; dependency factor; entry factor; ubiquitin ligase; host; virus; viruses; viral; proteins,Request PDF: title/abstract matches multiple PMC-learned criteria plus run-objective terms.,"((HIV[tiab] OR ""human immunodeficiency virus""[tiab]) AND (""host factor""[tiab] OR ""restriction factor""[tiab] OR ""dependency factor""[tiab] OR ""entry factor""[tiab] OR ""host E3 ubiquitin ligase""[tiab] OR ""viral protein-host protein""[tiab]) AND (interacts[tiab] OR binds[tiab] OR recruits[tiab] OR cleaves[tiab] OR degrades[tiab] OR modulates[tiab] OR antagonizes[tiab] OR restricts[tiab] OR promotes[tiab] OR mechanism*[tiab]))",confirm_include,advance_to_import
pmid-25210194,25210194,10.1128/JVI.02234-14,The HERV-K human endogenous retrovirus envelope protein antagonizes Tetherin antiviral activity.,2014,high,request_pdf,strong_learned_match,viral protein-host protein; restriction factor; dependency factor; entry factor; ubiquitin ligase; replication complex; host; virus; viruses; viral,Request PDF: title/abstract matches multiple PMC-learned criteria plus run-objective terms.,"((HIV[tiab] OR ""human immunodeficiency virus""[tiab]) AND (""host factor""[tiab] OR ""restriction factor""[tiab] OR ""dependency factor""[tiab] OR ""entry factor""[tiab] OR ""host E3 ubiquitin ligase""[tiab] OR ""viral protein-host protein""[tiab]) AND (interacts[tiab] OR binds[tiab] OR recruits[tiab] OR cleaves[tiab] OR degrades[tiab] OR modulates[tiab] OR antagonizes[tiab] OR restricts[tiab] OR promotes[tiab] OR mechanism*[tiab])); ((Ebola[tiab] OR ""Ebola virus""[tiab] OR Ebolavirus[tiab] OR EBOV[tiab]) AND (""host factor""[tiab] OR ""restriction factor""[tiab] OR ""dependency factor""[tiab] OR ""entry factor""[tiab] OR ""host E3 ubiquitin ligase""[tiab] OR ""viral protein-host protein""[tiab] OR ""replication complex""[tiab]) AND (interacts[tiab] OR binds[tiab] OR recruits[tiab] OR cleaves[tiab] OR degrades[tiab] OR modulates[tiab] OR antagonizes[tiab] OR restricts[tiab] OR promotes[tiab] OR mechanism*[tiab]))",confirm_include,advance_to_import
pmid-24173214,24173214,10.1128/JVI.02828-13,The innate immune factor apolipoprotein L1 restricts HIV-1 infection.,2014,high,request_pdf,strong_learned_match,viral protein-host protein; restriction factor; dependency factor; entry factor; ubiquitin ligase; host; pathway; virus; viral; not,Request PDF: title/abstract matches multiple PMC-learned criteria plus run-objective terms.,"((HIV[tiab] OR ""human immunodeficiency virus""[tiab]) AND (""host factor""[tiab] OR ""restriction factor""[tiab] OR ""dependency factor""[tiab] OR ""entry factor""[tiab] OR ""host E3 ubiquitin ligase""[tiab] OR ""viral protein-host protein""[tiab]) AND (interacts[tiab] OR binds[tiab] OR recruits[tiab] OR cleaves[tiab] OR degrades[tiab] OR modulates[tiab] OR antagonizes[tiab] OR restricts[tiab] OR promotes[tiab] OR mechanism*[tiab]))",confirm_include,advance_to_import
pmid-24797426,24797426,10.1074/mcp.M113.036301,The intraviral protein interaction network of hepatitis C virus.,2014,high,request_pdf,strong_learned_match,proximity proteomics; protein interaction mapping; host; virus; viral; interaction; proteins; for; ap-ms; proteomics,Request PDF: title/abstract matches multiple PMC-learned criteria plus run-objective terms.,"((""hepatitis C virus""[tiab] OR HCV[tiab]) AND (interactome[tiab] OR AP-MS[tiab] OR ""affinity purification mass spectrometry""[tiab] OR ""proximity proteomics""[tiab] OR ""proximity labeling""[tiab] OR BioID[tiab] OR ""protein interaction mapping""[tiab] OR (""viral protein""[tiab] AND (""host protein""[tiab] OR ""cellular protein""[tiab]))))",confirm_include,advance_to_import
pmid-25926641,25926641,10.1128/JVI.00867-15,A Combined Genetic-Proteomic Approach Identifies Residues within Dengue Virus NS4B Critical for Interaction with NS3 and Viral Replication.,2015,high,request_pdf,strong_learned_match,proximity proteomics; protein interaction mapping; replication complex; host; virus; viral; evidence; interaction; not; for,Request PDF: title/abstract matches multiple PMC-learned criteria plus run-objective terms.,"((dengue[tiab] OR DENV[tiab]) AND (interactome[tiab] OR AP-MS[tiab] OR ""affinity purification mass spectrometry""[tiab] OR ""proximity proteomics""[tiab] OR ""proximity labeling""[tiab] OR BioID[tiab] OR ""protein interaction mapping""[tiab] OR (""viral protein""[tiab] AND (""host protein""[tiab] OR ""cellular protein""[tiab]))))",confirm_include,advance_to_import
pmid-25694600,25694600,10.1128/JVI.02925-14,"A survey of the interactome of Kaposi's sarcoma-associated herpesvirus ORF45 revealed its binding to viral ORF33 and cellular USP7, resulting in stabilization of ORF33 that is required for production of progeny viruses.",2015,high,request_pdf,strong_learned_match,proximity proteomics; protein interaction mapping; replication complex; host; virus; viruses; viral; studies; interaction; proteins,Request PDF: title/abstract matches multiple PMC-learned criteria plus run-objective terms.,"((KSHV[tiab] OR ""Kaposi sarcoma-associated herpesvirus""[tiab] OR ""human herpesvirus 8""[tiab] OR HHV-8[tiab]) AND (interactome[tiab] OR AP-MS[tiab] OR ""affinity purification mass spectrometry""[tiab] OR ""proximity proteomics""[tiab] OR ""proximity labeling""[tiab] OR BioID[tiab] OR ""protein interaction mapping""[tiab] OR (""viral protein""[tiab] AND (""host protein""[tiab] OR ""cellular protein""[tiab]))))",confirm_include,advance_to_import
pmid-25609815,25609815,10.1128/JVI.03060-14,A trans-dominant form of Gag restricts Ty1 retrotransposition and mediates copy number control.,2015,high,request_pdf,strong_learned_match,viral protein-host protein; restriction factor; dependency factor; entry factor; ubiquitin ligase; host; pathway; virus; viruses; viral,Request PDF: title/abstract matches multiple PMC-learned criteria plus run-objective terms.,"((HIV[tiab] OR ""human immunodeficiency virus""[tiab]) AND (""host factor""[tiab] OR ""restriction factor""[tiab] OR ""dependency factor""[tiab] OR ""entry factor""[tiab] OR ""host E3 ubiquitin ligase""[tiab] OR ""viral protein-host protein""[tiab]) AND (interacts[tiab] OR binds[tiab] OR recruits[tiab] OR cleaves[tiab] OR degrades[tiab] OR modulates[tiab] OR antagonizes[tiab] OR restricts[tiab] OR promotes[tiab] OR mechanism*[tiab]))",confirm_include,advance_to_import
pmid-25717111,25717111,10.1128/JVI.03464-14,Anti-APOBEC3G activity of HIV-1 Vif protein is attenuated in elite controllers.,2015,high,request_pdf,strong_learned_match,viral protein-host protein; restriction factor; dependency factor; entry factor; ubiquitin ligase; host; virus; viruses; viral; evidence,Request PDF: title/abstract matches multiple PMC-learned criteria plus run-objective terms.,"((HIV[tiab] OR ""human immunodeficiency virus""[tiab]) AND (""host factor""[tiab] OR ""restriction factor""[tiab] OR ""dependency factor""[tiab] OR ""entry factor""[tiab] OR ""host E3 ubiquitin ligase""[tiab] OR ""viral protein-host protein""[tiab]) AND (interacts[tiab] OR binds[tiab] OR recruits[tiab] OR cleaves[tiab] OR degrades[tiab] OR modulates[tiab] OR antagonizes[tiab] OR restricts[tiab] OR promotes[tiab] OR mechanism*[tiab]))",confirm_include,advance_to_import
pmid-25520503,25520503,10.1128/JVI.03105-14,COMMD1/Murr1 reinforces HIV-1 latent infection through IκB-α stabilization.,2015,high,request_pdf,strong_learned_match,viral protein-host protein; restriction factor; dependency factor; entry factor; ubiquitin ligase; host; pathway; virus; viral; when,Request PDF: title/abstract matches multiple PMC-learned criteria plus run-objective terms.,"((HIV[tiab] OR ""human immunodeficiency virus""[tiab]) AND (""host factor""[tiab] OR ""restriction factor""[tiab] OR ""dependency factor""[tiab] OR ""entry factor""[tiab] OR ""host E3 ubiquitin ligase""[tiab] OR ""viral protein-host protein""[tiab]) AND (interacts[tiab] OR binds[tiab] OR recruits[tiab] OR cleaves[tiab] OR degrades[tiab] OR modulates[tiab] OR antagonizes[tiab] OR restricts[tiab] OR promotes[tiab] OR mechanism*[tiab]))",confirm_include,advance_to_import
pmid-25568208,25568208,10.1128/JVI.03453-14,Characterization of dengue virus NS4A and NS4B protein interaction.,2015,high,request_pdf,strong_learned_match,viral protein-host protein; restriction factor; dependency factor; entry factor; ubiquitin ligase; nuclear import; replication complex; host; virus; viral,Request PDF: title/abstract matches multiple PMC-learned criteria plus run-objective terms.,"((dengue[tiab] OR DENV[tiab]) AND (""host factor""[tiab] OR ""restriction factor""[tiab] OR ""dependency factor""[tiab] OR ""entry factor""[tiab] OR ""host E3 ubiquitin ligase""[tiab] OR ""viral protein-host protein""[tiab] OR ""replication complex""[tiab]) AND (interacts[tiab] OR binds[tiab] OR recruits[tiab] OR cleaves[tiab] OR degrades[tiab] OR modulates[tiab] OR antagonizes[tiab] OR restricts[tiab] OR promotes[tiab] OR mechanism*[tiab]))",confirm_include,advance_to_import
pmid-26599333,26599333,10.1089/aid.2014.0377,Comparative Interactome of HIV-1 Tat and Human T Lymphotropic Virus Type-1 Tax and the Cellular Transcriptional Machinery.,2015,high,request_pdf,strong_learned_match,proximity proteomics; protein interaction mapping; host; virus; viral; interaction; ap-ms; proteomics,Request PDF: title/abstract matches multiple PMC-learned criteria plus run-objective terms.,"((HIV[tiab] OR ""human immunodeficiency virus""[tiab]) AND (interactome[tiab] OR AP-MS[tiab] OR ""affinity purification mass spectrometry""[tiab] OR ""proximity proteomics""[tiab] OR ""proximity labeling""[tiab] OR BioID[tiab] OR ""protein interaction mapping""[tiab] OR (""viral protein""[tiab] AND (""host protein""[tiab] OR ""cellular protein""[tiab]))))",confirm_include,advance_to_import
pmid-25568212,25568212,10.1128/JVI.03730-14,Contribution of MxB oligomerization to HIV-1 capsid binding and restriction.,2015,high,request_pdf,strong_learned_match,viral protein-host protein binding; viral protein-host protein; restriction factor; dependency factor; entry factor; ubiquitin ligase; host; virus; viral; studies,Request PDF: title/abstract matches multiple PMC-learned criteria plus run-objective terms.,"((HIV[tiab] OR ""human immunodeficiency virus""[tiab]) AND (""host factor""[tiab] OR ""restriction factor""[tiab] OR ""dependency factor""[tiab] OR ""entry factor""[tiab] OR ""host E3 ubiquitin ligase""[tiab] OR ""viral protein-host protein""[tiab]) AND (interacts[tiab] OR binds[tiab] OR recruits[tiab] OR cleaves[tiab] OR degrades[tiab] OR modulates[tiab] OR antagonizes[tiab] OR restricts[tiab] OR promotes[tiab] OR mechanism*[tiab]))",confirm_include,advance_to_import
pmid-26269178,26269178,10.1128/JVI.01297-15,DDX60L Is an Interferon-Stimulated Gene Product Restricting Hepatitis C Virus Replication in Cell Culture.,2015,high,request_pdf,strong_learned_match,viral protein-host protein; restriction factor; dependency factor; entry factor; ubiquitin ligase; replication complex; host; pathway; virus; viruses,Request PDF: title/abstract matches multiple PMC-learned criteria plus run-objective terms.,"((""hepatitis C virus""[tiab] OR HCV[tiab]) AND (""host factor""[tiab] OR ""restriction factor""[tiab] OR ""dependency factor""[tiab] OR ""entry factor""[tiab] OR ""host E3 ubiquitin ligase""[tiab] OR ""viral protein-host protein""[tiab] OR ""replication complex""[tiab]) AND (interacts[tiab] OR binds[tiab] OR recruits[tiab] OR cleaves[tiab] OR degrades[tiab] OR modulates[tiab] OR antagonizes[tiab] OR restricts[tiab] OR promotes[tiab] OR mechanism*[tiab]))",confirm_include,advance_to_import
pmid-26221025,26221025,10.1042/BJ20150445,"Dengue NS3, an RNAi suppressor, modulates the human miRNA pathways through its interacting partner.",2015,high,request_pdf,strong_learned_match,viral protein-host protein binding; viral protein-host protein; restriction factor; dependency factor; entry factor; ubiquitin ligase; er-phagy; reticulophagy; nuclear import; rna-binding proteins,Request PDF: title/abstract matches multiple PMC-learned criteria plus run-objective terms.,"((dengue[tiab] OR DENV[tiab]) AND (""host factor""[tiab] OR ""restriction factor""[tiab] OR ""dependency factor""[tiab] OR ""entry factor""[tiab] OR ""host E3 ubiquitin ligase""[tiab] OR ""viral protein-host protein""[tiab] OR ""replication complex""[tiab]) AND (interacts[tiab] OR binds[tiab] OR recruits[tiab] OR cleaves[tiab] OR degrades[tiab] OR modulates[tiab] OR antagonizes[tiab] OR restricts[tiab] OR promotes[tiab] OR mechanism*[tiab])); ((KSHV[ti] OR ""Kaposi sarcoma-associated herpesvirus""[ti] OR dengue[ti] OR DENV[ti] OR ""hepatitis C virus""[ti] OR HCV[ti] OR coxsackievirus[ti] OR HIV[ti] OR Ebola[ti] OR EBOV[ti]) AND (""ubiquitin ligase""[tiab] OR proteasome[tiab] OR autophagy[tiab] OR ""ER-phagy""[tiab] OR reticulophagy[tiab] OR ""nuclear import""[tiab] OR ""RNA-binding protein""[tiab] OR ""replication complex""[tiab] OR trafficking[tiab]) AND (""host factor""[tiab] OR ""host protein""[tiab] OR ""viral protein""[tiab]) AND (interacts[tiab] OR binds[tiab] OR recruits[tiab] OR cleaves[tiab] OR degrades[tiab] OR modulates[tiab] OR restricts[tiab] OR promotes[tiab]) NOT (patient*[tiab] OR plasma[tiab] OR serum[tiab] OR biomarker*[tiab] OR metabolomic*[tiab] OR ""network pharmacology""[tiab] OR docking[tiab] OR vaccine*[tiab] OR diagnostic*[tiab] OR epidemiolog*[tiab]))",confirm_include,advance_to_import
pmid-25673723,25673723,10.1128/JVI.03692-14,Dissecting the roles of the 5' exoribonucleases Xrn1 and Xrn2 in restricting hepatitis C virus replication.,2015,high,request_pdf,strong_learned_match,viral protein-host protein; restriction factor; dependency factor; entry factor; ubiquitin ligase; nuclear import; replication complex; host; virus; viruses,Request PDF: title/abstract matches multiple PMC-learned criteria plus run-objective terms.,"((""hepatitis C virus""[tiab] OR HCV[tiab]) AND (""host factor""[tiab] OR ""restriction factor""[tiab] OR ""dependency factor""[tiab] OR ""entry factor""[tiab] OR ""host E3 ubiquitin ligase""[tiab] OR ""viral protein-host protein""[tiab] OR ""replication complex""[tiab]) AND (interacts[tiab] OR binds[tiab] OR recruits[tiab] OR cleaves[tiab] OR degrades[tiab] OR modulates[tiab] OR antagonizes[tiab] OR restricts[tiab] OR promotes[tiab] OR mechanism*[tiab]))",confirm_include,advance_to_import
pmid-26157130,26157130,10.1128/JVI.00559-15,Downregulation of Poly(ADP-Ribose) Polymerase 1 by a Viral Processivity Factor Facilitates Lytic Replication of Gammaherpesvirus.,2015,high,request_pdf,strong_learned_match,viral protein-host protein; restriction factor; dependency factor; entry factor; ubiquitin ligase; nuclear import; host; virus; viruses; viral,Request PDF: title/abstract matches multiple PMC-learned criteria plus run-objective terms.,"((KSHV[tiab] OR ""Kaposi sarcoma-associated herpesvirus""[tiab] OR ""human herpesvirus 8""[tiab] OR HHV-8[tiab]) AND (""host factor""[tiab] OR ""restriction factor""[tiab] OR ""dependency factor""[tiab] OR ""entry factor""[tiab] OR ""host E3 ubiquitin ligase""[tiab] OR ""viral protein-host protein""[tiab]) AND (interacts[tiab] OR binds[tiab] OR recruits[tiab] OR cleaves[tiab] OR degrades[tiab] OR modulates[tiab] OR antagonizes[tiab] OR restricts[tiab] OR promotes[tiab] OR mechanism*[tiab]))",confirm_include,advance_to_import
pmid-25740981,25740981,10.1128/JVI.03197-14,"Dynamic Interaction of Stress Granules, DDX3X, and IKK-α Mediates Multiple Functions in Hepatitis C Virus Infection.",2015,high,request_pdf,strong_learned_match,viral protein-host protein binding; viral protein-host protein; restriction factor; dependency factor; entry factor; ubiquitin ligase; er-phagy; reticulophagy; nuclear import; rna-binding proteins,Request PDF: title/abstract matches multiple PMC-learned criteria plus run-objective terms.,"((""hepatitis C virus""[tiab] OR HCV[tiab]) AND (""host factor""[tiab] OR ""restriction factor""[tiab] OR ""dependency factor""[tiab] OR ""entry factor""[tiab] OR ""host E3 ubiquitin ligase""[tiab] OR ""viral protein-host protein""[tiab] OR ""replication complex""[tiab]) AND (interacts[tiab] OR binds[tiab] OR recruits[tiab] OR cleaves[tiab] OR degrades[tiab] OR modulates[tiab] OR antagonizes[tiab] OR restricts[tiab] OR promotes[tiab] OR mechanism*[tiab])); ((KSHV[ti] OR ""Kaposi sarcoma-associated herpesvirus""[ti] OR dengue[ti] OR DENV[ti] OR ""hepatitis C virus""[ti] OR HCV[ti] OR coxsackievirus[ti] OR HIV[ti] OR Ebola[ti] OR EBOV[ti]) AND (""ubiquitin ligase""[tiab] OR proteasome[tiab] OR autophagy[tiab] OR ""ER-phagy""[tiab] OR reticulophagy[tiab] OR ""nuclear import""[tiab] OR ""RNA-binding protein""[tiab] OR ""replication complex""[tiab] OR trafficking[tiab]) AND (""host factor""[tiab] OR ""host protein""[tiab] OR ""viral protein""[tiab]) AND (interacts[tiab] OR binds[tiab] OR recruits[tiab] OR cleaves[tiab] OR degrades[tiab] OR modulates[tiab] OR restricts[tiab] OR promotes[tiab]) NOT (patient*[tiab] OR plasma[tiab] OR serum[tiab] OR biomarker*[tiab] OR metabolomic*[tiab] OR ""network pharmacology""[tiab] OR docking[tiab] OR vaccine*[tiab] OR diagnostic*[tiab] OR epidemiolog*[tiab]))",confirm_include,advance_to_import
pmid-26553990,26553990,10.1073/pnas.1516920112,Dynamic allostery governs cyclophilin A-HIV capsid interplay.,2015,high,request_pdf,strong_learned_match,viral protein-host protein binding; viral protein-host protein; restriction factor; dependency factor; entry factor; ubiquitin ligase; host; virus; viral; interaction,Request PDF: title/abstract matches multiple PMC-learned criteria plus run-objective terms.,"((HIV[tiab] OR ""human immunodeficiency virus""[tiab]) AND (""host factor""[tiab] OR ""restriction factor""[tiab] OR ""dependency factor""[tiab] OR ""entry factor""[tiab] OR ""host E3 ubiquitin ligase""[tiab] OR ""viral protein-host protein""[tiab]) AND (interacts[tiab] OR binds[tiab] OR recruits[tiab] OR cleaves[tiab] OR degrades[tiab] OR modulates[tiab] OR antagonizes[tiab] OR restricts[tiab] OR promotes[tiab] OR mechanism*[tiab]))",confirm_include,advance_to_import
pmid-25878102,25878102,10.1128/JVI.00364-15,EFTUD2 Is a Novel Innate Immune Regulator Restricting Hepatitis C Virus Infection through the RIG-I/MDA5 Pathway.,2015,high,request_pdf,strong_learned_match,viral protein-host protein binding; viral protein-host protein; restriction factor; dependency factor; entry factor; ubiquitin ligase; replication complex; host; pathway; virus,Request PDF: title/abstract matches multiple PMC-learned criteria plus run-objective terms.,"((""hepatitis C virus""[tiab] OR HCV[tiab]) AND (""host factor""[tiab] OR ""restriction factor""[tiab] OR ""dependency factor""[tiab] OR ""entry factor""[tiab] OR ""host E3 ubiquitin ligase""[tiab] OR ""viral protein-host protein""[tiab] OR ""replication complex""[tiab]) AND (interacts[tiab] OR binds[tiab] OR recruits[tiab] OR cleaves[tiab] OR degrades[tiab] OR modulates[tiab] OR antagonizes[tiab] OR restricts[tiab] OR promotes[tiab] OR mechanism*[tiab]))",confirm_include,advance_to_import
pmid-25821226,25821226,10.1093/infdis/jiv125,Ebola Virus Glycoprotein Promotes Enhanced Viral Egress by Preventing Ebola VP40 From Associating With the Host Restriction Factor BST2/Tetherin.,2015,high,request_pdf,strong_learned_match,viral protein-host protein; restriction factor; dependency factor; entry factor; ubiquitin ligase; replication complex; host; virus; viruses; viral,Request PDF: title/abstract matches multiple PMC-learned criteria plus run-objective terms.,"((HIV[tiab] OR ""human immunodeficiency virus""[tiab]) AND (""host factor""[tiab] OR ""restriction factor""[tiab] OR ""dependency factor""[tiab] OR ""entry factor""[tiab] OR ""host E3 ubiquitin ligase""[tiab] OR ""viral protein-host protein""[tiab]) AND (interacts[tiab] OR binds[tiab] OR recruits[tiab] OR cleaves[tiab] OR degrades[tiab] OR modulates[tiab] OR antagonizes[tiab] OR restricts[tiab] OR promotes[tiab] OR mechanism*[tiab])); ((Ebola[tiab] OR ""Ebola virus""[tiab] OR Ebolavirus[tiab] OR EBOV[tiab]) AND (""host factor""[tiab] OR ""restriction factor""[tiab] OR ""dependency factor""[tiab] OR ""entry factor""[tiab] OR ""host E3 ubiquitin ligase""[tiab] OR ""viral protein-host protein""[tiab] OR ""replication complex""[tiab]) AND (interacts[tiab] OR binds[tiab] OR recruits[tiab] OR cleaves[tiab] OR degrades[tiab] OR modulates[tiab] OR antagonizes[tiab] OR restricts[tiab] OR promotes[tiab] OR mechanism*[tiab]))",confirm_include,advance_to_import
pmid-25253155,25253155,10.1007/978-1-4939-1396-1_26,Effect of galectins on viral transmission.,2015,high,request_pdf,strong_learned_match,viral protein-host protein binding; viral protein-host protein; restriction factor; dependency factor; entry factor; ubiquitin ligase; host; virus; viruses; viral,Request PDF: title/abstract matches multiple PMC-learned criteria plus run-objective terms.,"((HIV[tiab] OR ""human immunodeficiency virus""[tiab]) AND (""host factor""[tiab] OR ""restriction factor""[tiab] OR ""dependency factor""[tiab] OR ""entry factor""[tiab] OR ""host E3 ubiquitin ligase""[tiab] OR ""viral protein-host protein""[tiab]) AND (interacts[tiab] OR binds[tiab] OR recruits[tiab] OR cleaves[tiab] OR degrades[tiab] OR modulates[tiab] OR antagonizes[tiab] OR restricts[tiab] OR promotes[tiab] OR mechanism*[tiab]))",confirm_include,advance_to_import
pmid-26211835,26211835,10.1016/j.chom.2015.06.018,HIV-1 Exploits the Host Factor RuvB-like 2 to Balance Viral Protein Expression.,2015,high,request_pdf,strong_learned_match,viral protein-host protein; restriction factor; dependency factor; entry factor; ubiquitin ligase; host; virus; viral; when; interaction,Request PDF: title/abstract matches multiple PMC-learned criteria plus run-objective terms.,"((HIV[tiab] OR ""human immunodeficiency virus""[tiab]) AND (""host factor""[tiab] OR ""restriction factor""[tiab] OR ""dependency factor""[tiab] OR ""entry factor""[tiab] OR ""host E3 ubiquitin ligase""[tiab] OR ""viral protein-host protein""[tiab]) AND (interacts[tiab] OR binds[tiab] OR recruits[tiab] OR cleaves[tiab] OR degrades[tiab] OR modulates[tiab] OR antagonizes[tiab] OR restricts[tiab] OR promotes[tiab] OR mechanism*[tiab]))",confirm_include,advance_to_import
pmid-25490467,25490467,10.1097/QAD.0000000000000554,HIV-1 viral infectivity factor interacts with microtubule-associated protein light chain 3 and inhibits autophagy.,2015,high,request_pdf,strong_learned_match,viral protein-host protein binding; viral protein-host protein; restriction factor; dependency factor; entry factor; ubiquitin ligase; er-phagy; reticulophagy; nuclear import; replication complex,Request PDF: title/abstract matches multiple PMC-learned criteria plus run-objective terms.,"((HIV[tiab] OR ""human immunodeficiency virus""[tiab]) AND (""host factor""[tiab] OR ""restriction factor""[tiab] OR ""dependency factor""[tiab] OR ""entry factor""[tiab] OR ""host E3 ubiquitin ligase""[tiab] OR ""viral protein-host protein""[tiab]) AND (interacts[tiab] OR binds[tiab] OR recruits[tiab] OR cleaves[tiab] OR degrades[tiab] OR modulates[tiab] OR antagonizes[tiab] OR restricts[tiab] OR promotes[tiab] OR mechanism*[tiab])); ((KSHV[ti] OR ""Kaposi sarcoma-associated herpesvirus""[ti] OR dengue[ti] OR DENV[ti] OR ""hepatitis C virus""[ti] OR HCV[ti] OR coxsackievirus[ti] OR HIV[ti] OR Ebola[ti] OR EBOV[ti]) AND (""ubiquitin ligase""[tiab] OR proteasome[tiab] OR autophagy[tiab] OR ""ER-phagy""[tiab] OR reticulophagy[tiab] OR ""nuclear import""[tiab] OR ""RNA-binding protein""[tiab] OR ""replication complex""[tiab] OR trafficking[tiab]) AND (""host factor""[tiab] OR ""host protein""[tiab] OR ""viral protein""[tiab]) AND (interacts[tiab] OR binds[tiab] OR recruits[tiab] OR cleaves[tiab] OR degrades[tiab] OR modulates[tiab] OR restricts[tiab] OR promotes[tiab]) NOT (patient*[tiab] OR plasma[tiab] OR serum[tiab] OR biomarker*[tiab] OR metabolomic*[tiab] OR ""network pharmacology""[tiab] OR docking[tiab] OR vaccine*[tiab] OR diagnostic*[tiab] OR epidemiolog*[tiab]))",confirm_include,advance_to_import
pmid-26544088,26544088,10.1021/acs.jcim.5b00419,Homology Model-Based Virtual Screening for the Identification of Human Helicase DDX3 Inhibitors.,2015,high,request_pdf,strong_learned_match,viral protein-host protein binding; viral protein-host protein; restriction factor; dependency factor; entry factor; ubiquitin ligase; replication complex; host; virus; viruses,Request PDF: title/abstract matches multiple PMC-learned criteria plus run-objective terms.,"((dengue[tiab] OR DENV[tiab]) AND (""host factor""[tiab] OR ""restriction factor""[tiab] OR ""dependency factor""[tiab] OR ""entry factor""[tiab] OR ""host E3 ubiquitin ligase""[tiab] OR ""viral protein-host protein""[tiab] OR ""replication complex""[tiab]) AND (interacts[tiab] OR binds[tiab] OR recruits[tiab] OR cleaves[tiab] OR degrades[tiab] OR modulates[tiab] OR antagonizes[tiab] OR restricts[tiab] OR promotes[tiab] OR mechanism*[tiab])); ((""hepatitis C virus""[tiab] OR HCV[tiab]) AND (""host factor""[tiab] OR ""restriction factor""[tiab] OR ""dependency factor""[tiab] OR ""entry factor""[tiab] OR ""host E3 ubiquitin ligase""[tiab] OR ""viral protein-host protein""[tiab] OR ""replication complex""[tiab]) AND (interacts[tiab] OR binds[tiab] OR recruits[tiab] OR cleaves[tiab] OR degrades[tiab] OR modulates[tiab] OR antagonizes[tiab] OR restricts[tiab] OR promotes[tiab] OR mechanism*[tiab])); ((HIV[tiab] OR ""human immunodeficiency virus""[tiab]) AND (""host factor""[tiab] OR ""restriction factor""[tiab] OR ""dependency factor""[tiab] OR ""entry factor""[tiab] OR ""host E3 ubiquitin ligase""[tiab] OR ""viral protein-host protein""[tiab]) AND (interacts[tiab] OR binds[tiab] OR recruits[tiab] OR cleaves[tiab] OR degrades[tiab] OR modulates[tiab] OR antagonizes[tiab] OR restricts[tiab] OR promotes[tiab] OR mechanism*[tiab]))",confirm_include,advance_to_import
pmid-26339049,26339049,10.1128/JVI.01714-15,HuR Displaces Polypyrimidine Tract Binding Protein To Facilitate La Binding to the 3' Untranslated Region and Enhances Hepatitis C Virus Replication.,2015,high,request_pdf,strong_learned_match,viral protein-host protein binding; viral protein-host protein; restriction factor; dependency factor; entry factor; ubiquitin ligase; er-phagy; reticulophagy; nuclear import; rna-binding proteins,Request PDF: title/abstract matches multiple PMC-learned criteria plus run-objective terms.,"((""hepatitis C virus""[tiab] OR HCV[tiab]) AND (""host factor""[tiab] OR ""restriction factor""[tiab] OR ""dependency factor""[tiab] OR ""entry factor""[tiab] OR ""host E3 ubiquitin ligase""[tiab] OR ""viral protein-host protein""[tiab] OR ""replication complex""[tiab]) AND (interacts[tiab] OR binds[tiab] OR recruits[tiab] OR cleaves[tiab] OR degrades[tiab] OR modulates[tiab] OR antagonizes[tiab] OR restricts[tiab] OR promotes[tiab] OR mechanism*[tiab])); ((KSHV[ti] OR ""Kaposi sarcoma-associated herpesvirus""[ti] OR dengue[ti] OR DENV[ti] OR ""hepatitis C virus""[ti] OR HCV[ti] OR coxsackievirus[ti] OR HIV[ti] OR Ebola[ti] OR EBOV[ti]) AND (""ubiquitin ligase""[tiab] OR proteasome[tiab] OR autophagy[tiab] OR ""ER-phagy""[tiab] OR reticulophagy[tiab] OR ""nuclear import""[tiab] OR ""RNA-binding protein""[tiab] OR ""replication complex""[tiab] OR trafficking[tiab]) AND (""host factor""[tiab] OR ""host protein""[tiab] OR ""viral protein""[tiab]) AND (interacts[tiab] OR binds[tiab] OR recruits[tiab] OR cleaves[tiab] OR degrades[tiab] OR modulates[tiab] OR restricts[tiab] OR promotes[tiab]) NOT (patient*[tiab] OR plasma[tiab] OR serum[tiab] OR biomarker*[tiab] OR metabolomic*[tiab] OR ""network pharmacology""[tiab] OR docking[tiab] OR vaccine*[tiab] OR diagnostic*[tiab] OR epidemiolog*[tiab]))",confirm_include,advance_to_import
pmid-25759385,25759385,10.1074/jbc.M114.630095,Membrane Anchoring by a C-terminal Tryptophan Enables HIV-1 Vpu to Displace Bone Marrow Stromal Antigen 2 (BST2) from Sites of Viral Assembly.,2015,high,request_pdf,strong_learned_match,viral protein-host protein; restriction factor; dependency factor; entry factor; ubiquitin ligase; host; virus; viruses; viral; studies,Request PDF: title/abstract matches multiple PMC-learned criteria plus run-objective terms.,"((HIV[tiab] OR ""human immunodeficiency virus""[tiab]) AND (""host factor""[tiab] OR ""restriction factor""[tiab] OR ""dependency factor""[tiab] OR ""entry factor""[tiab] OR ""host E3 ubiquitin ligase""[tiab] OR ""viral protein-host protein""[tiab]) AND (interacts[tiab] OR binds[tiab] OR recruits[tiab] OR cleaves[tiab] OR degrades[tiab] OR modulates[tiab] OR antagonizes[tiab] OR restricts[tiab] OR promotes[tiab] OR mechanism*[tiab]))",confirm_include,advance_to_import
pmid-25589658,25589658,10.1128/JVI.03232-14,Mining the human complexome database identifies RBM14 as an XPO1-associated protein involved in HIV-1 Rev function.,2015,high,request_pdf,strong_learned_match,proximity proteomics; protein interaction mapping; nuclear import; host; virus; viral; interaction; for; ap-ms; proteomics,Request PDF: title/abstract matches multiple PMC-learned criteria plus run-objective terms.,"((HIV[tiab] OR ""human immunodeficiency virus""[tiab]) AND (interactome[tiab] OR AP-MS[tiab] OR ""affinity purification mass spectrometry""[tiab] OR ""proximity proteomics""[tiab] OR ""proximity labeling""[tiab] OR BioID[tiab] OR ""protein interaction mapping""[tiab] OR (""viral protein""[tiab] AND (""host protein""[tiab] OR ""cellular protein""[tiab]))))",confirm_include,advance_to_import
pmid-25582776,25582776,10.1016/j.bbrc.2015.01.001,Multiple lysines combined in HIV-1 Vif determines the responsiveness to CBF-β.,2015,high,request_pdf,strong_learned_match,proximity proteomics; viral protein-host protein binding; viral protein-host protein; protein interaction mapping; restriction factor; dependency factor; entry factor; ubiquitin ligase; er-phagy; reticulophagy,Request PDF: title/abstract matches multiple PMC-learned criteria plus run-objective terms.,"((HIV[tiab] OR ""human immunodeficiency virus""[tiab]) AND (interactome[tiab] OR AP-MS[tiab] OR ""affinity purification mass spectrometry""[tiab] OR ""proximity proteomics""[tiab] OR ""proximity labeling""[tiab] OR BioID[tiab] OR ""protein interaction mapping""[tiab] OR (""viral protein""[tiab] AND (""host protein""[tiab] OR ""cellular protein""[tiab])))); ((HIV[tiab] OR ""human immunodeficiency virus""[tiab]) AND (""host factor""[tiab] OR ""restriction factor""[tiab] OR ""dependency factor""[tiab] OR ""entry factor""[tiab] OR ""host E3 ubiquitin ligase""[tiab] OR ""viral protein-host protein""[tiab]) AND (interacts[tiab] OR binds[tiab] OR recruits[tiab] OR cleaves[tiab] OR degrades[tiab] OR modulates[tiab] OR antagonizes[tiab] OR restricts[tiab] OR promotes[tiab] OR mechanism*[tiab])); ((KSHV[ti] OR ""Kaposi sarcoma-associated herpesvirus""[ti] OR dengue[ti] OR DENV[ti] OR ""hepatitis C virus""[ti] OR HCV[ti] OR coxsackievirus[ti] OR HIV[ti] OR Ebola[ti] OR EBOV[ti]) AND (""ubiquitin ligase""[tiab] OR proteasome[tiab] OR autophagy[tiab] OR ""ER-phagy""[tiab] OR reticulophagy[tiab] OR ""nuclear import""[tiab] OR ""RNA-binding protein""[tiab] OR ""replication complex""[tiab] OR trafficking[tiab]) AND (""host factor""[tiab] OR ""host protein""[tiab] OR ""viral protein""[tiab]) AND (interacts[tiab] OR binds[tiab] OR recruits[tiab] OR cleaves[tiab] OR degrades[tiab] OR modulates[tiab] OR restricts[tiab] OR promotes[tiab]) NOT (patient*[tiab] OR plasma[tiab] OR serum[tiab] OR biomarker*[tiab] OR metabolomic*[tiab] OR ""network pharmacology""[tiab] OR docking[tiab] OR vaccine*[tiab] OR diagnostic*[tiab] OR epidemiolog*[tiab]))",confirm_include,advance_to_import
pmid-26719253,26719253,10.1128/JVI.03146-15,MxB Is Not Responsible for the Blocking of HIV-1 Infection Observed in Alpha Interferon-Treated Cells.,2015,high,request_pdf,strong_learned_match,viral protein-host protein; restriction factor; dependency factor; entry factor; ubiquitin ligase; host; virus; viral; not; for,Request PDF: title/abstract matches multiple PMC-learned criteria plus run-objective terms.,"((HIV[tiab] OR ""human immunodeficiency virus""[tiab]) AND (""host factor""[tiab] OR ""restriction factor""[tiab] OR ""dependency factor""[tiab] OR ""entry factor""[tiab] OR ""host E3 ubiquitin ligase""[tiab] OR ""viral protein-host protein""[tiab]) AND (interacts[tiab] OR binds[tiab] OR recruits[tiab] OR cleaves[tiab] OR degrades[tiab] OR modulates[tiab] OR antagonizes[tiab] OR restricts[tiab] OR promotes[tiab] OR mechanism*[tiab]))",confirm_include,advance_to_import
pmid-26396192,26396192,10.1074/jbc.M115.666065,Natural Polymorphisms and Oligomerization of Human APOBEC3H Contribute to Single-stranded DNA Scanning Ability.,2015,high,request_pdf,strong_learned_match,viral protein-host protein; restriction factor; dependency factor; entry factor; ubiquitin ligase; host; virus; viral; not; for,Request PDF: title/abstract matches multiple PMC-learned criteria plus run-objective terms.,"((HIV[tiab] OR ""human immunodeficiency virus""[tiab]) AND (""host factor""[tiab] OR ""restriction factor""[tiab] OR ""dependency factor""[tiab] OR ""entry factor""[tiab] OR ""host E3 ubiquitin ligase""[tiab] OR ""viral protein-host protein""[tiab]) AND (interacts[tiab] OR binds[tiab] OR recruits[tiab] OR cleaves[tiab] OR degrades[tiab] OR modulates[tiab] OR antagonizes[tiab] OR restricts[tiab] OR promotes[tiab] OR mechanism*[tiab]))",confirm_include,advance_to_import
pmid-25505071,25505071,10.1128/JVI.02982-14,Phosphatidylserine-specific phospholipase A1 involved in hepatitis C virus assembly through NS2 complex formation.,2015,high,request_pdf,strong_learned_match,viral protein-host protein binding; viral protein-host protein; restriction factor; dependency factor; entry factor; ubiquitin ligase; er-phagy; reticulophagy; nuclear import; rna-binding proteins,Request PDF: title/abstract matches multiple PMC-learned criteria plus run-objective terms.,"((""hepatitis C virus""[tiab] OR HCV[tiab]) AND (""host factor""[tiab] OR ""restriction factor""[tiab] OR ""dependency factor""[tiab] OR ""entry factor""[tiab] OR ""host E3 ubiquitin ligase""[tiab] OR ""viral protein-host protein""[tiab] OR ""replication complex""[tiab]) AND (interacts[tiab] OR binds[tiab] OR recruits[tiab] OR cleaves[tiab] OR degrades[tiab] OR modulates[tiab] OR antagonizes[tiab] OR restricts[tiab] OR promotes[tiab] OR mechanism*[tiab])); ((KSHV[ti] OR ""Kaposi sarcoma-associated herpesvirus""[ti] OR dengue[ti] OR DENV[ti] OR ""hepatitis C virus""[ti] OR HCV[ti] OR coxsackievirus[ti] OR HIV[ti] OR Ebola[ti] OR EBOV[ti]) AND (""ubiquitin ligase""[tiab] OR proteasome[tiab] OR autophagy[tiab] OR ""ER-phagy""[tiab] OR reticulophagy[tiab] OR ""nuclear import""[tiab] OR ""RNA-binding protein""[tiab] OR ""replication complex""[tiab] OR trafficking[tiab]) AND (""host factor""[tiab] OR ""host protein""[tiab] OR ""viral protein""[tiab]) AND (interacts[tiab] OR binds[tiab] OR recruits[tiab] OR cleaves[tiab] OR degrades[tiab] OR modulates[tiab] OR restricts[tiab] OR promotes[tiab]) NOT (patient*[tiab] OR plasma[tiab] OR serum[tiab] OR biomarker*[tiab] OR metabolomic*[tiab] OR ""network pharmacology""[tiab] OR docking[tiab] OR vaccine*[tiab] OR diagnostic*[tiab] OR epidemiolog*[tiab]))",confirm_include,advance_to_import
pmid-26202252,26202252,10.1128/JVI.01707-15,Pim Kinase Interacts with Nonstructural 5A Protein and Regulates Hepatitis C Virus Entry.,2015,high,request_pdf,strong_learned_match,viral protein-host protein binding; viral protein-host protein; restriction factor; dependency factor; entry factor; ubiquitin ligase; replication complex; host; virus; viral,Request PDF: title/abstract matches multiple PMC-learned criteria plus run-objective terms.,"((""hepatitis C virus""[tiab] OR HCV[tiab]) AND (""host factor""[tiab] OR ""restriction factor""[tiab] OR ""dependency factor""[tiab] OR ""entry factor""[tiab] OR ""host E3 ubiquitin ligase""[tiab] OR ""viral protein-host protein""[tiab] OR ""replication complex""[tiab]) AND (interacts[tiab] OR binds[tiab] OR recruits[tiab] OR cleaves[tiab] OR degrades[tiab] OR modulates[tiab] OR antagonizes[tiab] OR restricts[tiab] OR promotes[tiab] OR mechanism*[tiab]))",confirm_include,advance_to_import
pmid-26275799,26275799,10.1016/j.antiviral.2015.08.007,Pokeweed antiviral protein restores levels of cellular APOBEC3G during HIV-1 infection by depurinating Vif mRNA.,2015,high,request_pdf,strong_learned_match,viral protein-host protein; restriction factor; dependency factor; entry factor; ubiquitin ligase; host; virus; viruses; viral; when,Request PDF: title/abstract matches multiple PMC-learned criteria plus run-objective terms.,"((HIV[tiab] OR ""human immunodeficiency virus""[tiab]) AND (""host factor""[tiab] OR ""restriction factor""[tiab] OR ""dependency factor""[tiab] OR ""entry factor""[tiab] OR ""host E3 ubiquitin ligase""[tiab] OR ""viral protein-host protein""[tiab]) AND (interacts[tiab] OR binds[tiab] OR recruits[tiab] OR cleaves[tiab] OR degrades[tiab] OR modulates[tiab] OR antagonizes[tiab] OR restricts[tiab] OR promotes[tiab] OR mechanism*[tiab]))",confirm_include,advance_to_import
pmid-26076730,26076730,10.1089/hum.2015.059,Preclinical Assessment of Mutant Human TRIM5α as an Anti-HIV-1 Transgene.,2015,high,request_pdf,strong_learned_match,viral protein-host protein binding; viral protein-host protein; restriction factor; dependency factor; entry factor; ubiquitin ligase; host; pathway; virus; viruses,Request PDF: title/abstract matches multiple PMC-learned criteria plus run-objective terms.,"((HIV[tiab] OR ""human immunodeficiency virus""[tiab]) AND (""host factor""[tiab] OR ""restriction factor""[tiab] OR ""dependency factor""[tiab] OR ""entry factor""[tiab] OR ""host E3 ubiquitin ligase""[tiab] OR ""viral protein-host protein""[tiab]) AND (interacts[tiab] OR binds[tiab] OR recruits[tiab] OR cleaves[tiab] OR degrades[tiab] OR modulates[tiab] OR antagonizes[tiab] OR restricts[tiab] OR promotes[tiab] OR mechanism*[tiab]))",confirm_include,advance_to_import
pmid-26063425,26063425,10.1128/JVI.00753-15,Restriction of HIV-1 Requires the N-Terminal Region of MxB as a Capsid-Binding Motif but Not as a Nuclear Localization Signal.,2015,high,request_pdf,strong_learned_match,viral protein-host protein binding; viral protein-host protein; restriction factor; dependency factor; entry factor; ubiquitin ligase; nuclear import; host; virus; viral,Request PDF: title/abstract matches multiple PMC-learned criteria plus run-objective terms.,"((HIV[tiab] OR ""human immunodeficiency virus""[tiab]) AND (""host factor""[tiab] OR ""restriction factor""[tiab] OR ""dependency factor""[tiab] OR ""entry factor""[tiab] OR ""host E3 ubiquitin ligase""[tiab] OR ""viral protein-host protein""[tiab]) AND (interacts[tiab] OR binds[tiab] OR recruits[tiab] OR cleaves[tiab] OR degrades[tiab] OR modulates[tiab] OR antagonizes[tiab] OR restricts[tiab] OR promotes[tiab] OR mechanism*[tiab]))",confirm_include,advance_to_import
pmid-25646359,25646359,10.1189/jlb.4HI0714-338RR,SAMHD1's protein expression profile in humans.,2015,high,request_pdf,strong_learned_match,viral protein-host protein; restriction factor; dependency factor; entry factor; ubiquitin ligase; host; virus; viral; not; for,Request PDF: title/abstract matches multiple PMC-learned criteria plus run-objective terms.,"((HIV[tiab] OR ""human immunodeficiency virus""[tiab]) AND (""host factor""[tiab] OR ""restriction factor""[tiab] OR ""dependency factor""[tiab] OR ""entry factor""[tiab] OR ""host E3 ubiquitin ligase""[tiab] OR ""viral protein-host protein""[tiab]) AND (interacts[tiab] OR binds[tiab] OR recruits[tiab] OR cleaves[tiab] OR degrades[tiab] OR modulates[tiab] OR antagonizes[tiab] OR restricts[tiab] OR promotes[tiab] OR mechanism*[tiab]))",confirm_include,advance_to_import
pmid-26668372,26668372,10.1073/pnas.1516305112,Specific induction of endogenous viral restriction factors using CRISPR/Cas-derived transcriptional activators.,2015,high,request_pdf,strong_learned_match,viral protein-host protein binding; viral protein-host protein; crispr screen; restriction factor; dependency factor; entry factor; ubiquitin ligase; host; virus; viruses,Request PDF: title/abstract matches multiple PMC-learned criteria plus run-objective terms.,"((HIV[tiab] OR ""human immunodeficiency virus""[tiab]) AND (""host factor""[tiab] OR ""restriction factor""[tiab] OR ""dependency factor""[tiab] OR ""entry factor""[tiab] OR ""host E3 ubiquitin ligase""[tiab] OR ""viral protein-host protein""[tiab]) AND (interacts[tiab] OR binds[tiab] OR recruits[tiab] OR cleaves[tiab] OR degrades[tiab] OR modulates[tiab] OR antagonizes[tiab] OR restricts[tiab] OR promotes[tiab] OR mechanism*[tiab]))",confirm_include,advance_to_import
pmid-25526889,25526889,10.1016/j.bbapap.2014.12.008,Structural insights into the stabilization of the human immunodeficiency virus type 1 capsid protein by the cyclophilin-binding domain and implications on the virus cycle.,2015,high,request_pdf,strong_learned_match,viral protein-host protein binding; viral protein-host protein; restriction factor; dependency factor; entry factor; ubiquitin ligase; host; virus; viral; studies,Request PDF: title/abstract matches multiple PMC-learned criteria plus run-objective terms.,"((HIV[tiab] OR ""human immunodeficiency virus""[tiab]) AND (""host factor""[tiab] OR ""restriction factor""[tiab] OR ""dependency factor""[tiab] OR ""entry factor""[tiab] OR ""host E3 ubiquitin ligase""[tiab] OR ""viral protein-host protein""[tiab]) AND (interacts[tiab] OR binds[tiab] OR recruits[tiab] OR cleaves[tiab] OR degrades[tiab] OR modulates[tiab] OR antagonizes[tiab] OR restricts[tiab] OR promotes[tiab] OR mechanism*[tiab]))",confirm_include,advance_to_import
pmid-26246577,26246577,10.1128/JVI.01736-15,Suppressor of Cytokine Signaling 3 Is an Inducible Host Factor That Regulates Virus Egress during Ebola Virus Infection.,2015,high,request_pdf,strong_learned_match,viral protein-host protein; restriction factor; dependency factor; entry factor; ubiquitin ligase; replication complex; host; pathway; virus; viral,Request PDF: title/abstract matches multiple PMC-learned criteria plus run-objective terms.,"((Ebola[tiab] OR ""Ebola virus""[tiab] OR Ebolavirus[tiab] OR EBOV[tiab]) AND (""host factor""[tiab] OR ""restriction factor""[tiab] OR ""dependency factor""[tiab] OR ""entry factor""[tiab] OR ""host E3 ubiquitin ligase""[tiab] OR ""viral protein-host protein""[tiab] OR ""replication complex""[tiab]) AND (interacts[tiab] OR binds[tiab] OR recruits[tiab] OR cleaves[tiab] OR degrades[tiab] OR modulates[tiab] OR antagonizes[tiab] OR restricts[tiab] OR promotes[tiab] OR mechanism*[tiab]))",confirm_include,advance_to_import
pmid-25473059,25473059,10.1128/JVI.02978-14,TRIM5α restriction affects clinical outcome and disease progression in simian immunodeficiency virus-infected rhesus macaques.,2015,high,request_pdf,strong_learned_match,viral protein-host protein; restriction factor; dependency factor; entry factor; ubiquitin ligase; host; virus; viral; studies; not,Request PDF: title/abstract matches multiple PMC-learned criteria plus run-objective terms.,"((HIV[tiab] OR ""human immunodeficiency virus""[tiab]) AND (""host factor""[tiab] OR ""restriction factor""[tiab] OR ""dependency factor""[tiab] OR ""entry factor""[tiab] OR ""host E3 ubiquitin ligase""[tiab] OR ""viral protein-host protein""[tiab]) AND (interacts[tiab] OR binds[tiab] OR recruits[tiab] OR cleaves[tiab] OR degrades[tiab] OR modulates[tiab] OR antagonizes[tiab] OR restricts[tiab] OR promotes[tiab] OR mechanism*[tiab]))",confirm_include,advance_to_import
pmid-25462350,25462350,10.1016/j.virol.2014.11.005,Tetherin restricts HSV-2 release and is counteracted by multiple viral glycoproteins.,2015,high,request_pdf,strong_learned_match,viral protein-host protein; restriction factor; dependency factor; entry factor; ubiquitin ligase; host; virus; viruses; viral; interaction,Request PDF: title/abstract matches multiple PMC-learned criteria plus run-objective terms.,"((HIV[tiab] OR ""human immunodeficiency virus""[tiab]) AND (""host factor""[tiab] OR ""restriction factor""[tiab] OR ""dependency factor""[tiab] OR ""entry factor""[tiab] OR ""host E3 ubiquitin ligase""[tiab] OR ""viral protein-host protein""[tiab]) AND (interacts[tiab] OR binds[tiab] OR recruits[tiab] OR cleaves[tiab] OR degrades[tiab] OR modulates[tiab] OR antagonizes[tiab] OR restricts[tiab] OR promotes[tiab] OR mechanism*[tiab]))",confirm_include,advance_to_import
pmid-25631043,25631043,10.1074/jbc.M114.627679,The viral restriction factor tetherin prevents leucine-rich pentatricopeptide repeat-containing protein (LRPPRC) from association with beclin 1 and B-cell CLL/lymphoma 2 (Bcl-2) and enhances autophagy and mitophagy.,2015,high,request_pdf,strong_learned_match,viral protein-host protein; restriction factor; dependency factor; entry factor; ubiquitin ligase; replication complex; host; virus; viral; not,Request PDF: title/abstract matches multiple PMC-learned criteria plus run-objective terms.,"((""hepatitis C virus""[tiab] OR HCV[tiab]) AND (""host factor""[tiab] OR ""restriction factor""[tiab] OR ""dependency factor""[tiab] OR ""entry factor""[tiab] OR ""host E3 ubiquitin ligase""[tiab] OR ""viral protein-host protein""[tiab] OR ""replication complex""[tiab]) AND (interacts[tiab] OR binds[tiab] OR recruits[tiab] OR cleaves[tiab] OR degrades[tiab] OR modulates[tiab] OR antagonizes[tiab] OR restricts[tiab] OR promotes[tiab] OR mechanism*[tiab])); ((HIV[tiab] OR ""human immunodeficiency virus""[tiab]) AND (""host factor""[tiab] OR ""restriction factor""[tiab] OR ""dependency factor""[tiab] OR ""entry factor""[tiab] OR ""host E3 ubiquitin ligase""[tiab] OR ""viral protein-host protein""[tiab]) AND (interacts[tiab] OR binds[tiab] OR recruits[tiab] OR cleaves[tiab] OR degrades[tiab] OR modulates[tiab] OR antagonizes[tiab] OR restricts[tiab] OR promotes[tiab] OR mechanism*[tiab]))",confirm_include,advance_to_import
pmid-26923960,26923960,10.2222/jsv.65.71,[Ebola virus host cell entry].,2015,high,request_pdf,strong_learned_match,entry factor; ubiquitin ligase; er-phagy; reticulophagy; nuclear import; rna-binding proteins; replication complex; host; virus; viral,Request PDF: title/abstract matches multiple PMC-learned criteria plus run-objective terms.,"((KSHV[ti] OR ""Kaposi sarcoma-associated herpesvirus""[ti] OR dengue[ti] OR DENV[ti] OR ""hepatitis C virus""[ti] OR HCV[ti] OR coxsackievirus[ti] OR HIV[ti] OR Ebola[ti] OR EBOV[ti]) AND (""ubiquitin ligase""[tiab] OR proteasome[tiab] OR autophagy[tiab] OR ""ER-phagy""[tiab] OR reticulophagy[tiab] OR ""nuclear import""[tiab] OR ""RNA-binding protein""[tiab] OR ""replication complex""[tiab] OR trafficking[tiab]) AND (""host factor""[tiab] OR ""host protein""[tiab] OR ""viral protein""[tiab]) AND (interacts[tiab] OR binds[tiab] OR recruits[tiab] OR cleaves[tiab] OR degrades[tiab] OR modulates[tiab] OR restricts[tiab] OR promotes[tiab]) NOT (patient*[tiab] OR plasma[tiab] OR serum[tiab] OR biomarker*[tiab] OR metabolomic*[tiab] OR ""network pharmacology""[tiab] OR docking[tiab] OR vaccine*[tiab] OR diagnostic*[tiab] OR epidemiolog*[tiab]))",confirm_include,advance_to_import
pmid-25653431,25653431,10.1128/JVI.03087-14,p53-derived host restriction of HIV-1 replication by protein kinase R-mediated Tat phosphorylation and inactivation.,2015,high,request_pdf,strong_learned_match,viral protein-host protein binding; viral protein-host protein; restriction factor; dependency factor; entry factor; ubiquitin ligase; nuclear import; host; pathway; virus,Request PDF: title/abstract matches multiple PMC-learned criteria plus run-objective terms.,"((HIV[tiab] OR ""human immunodeficiency virus""[tiab]) AND (""host factor""[tiab] OR ""restriction factor""[tiab] OR ""dependency factor""[tiab] OR ""entry factor""[tiab] OR ""host E3 ubiquitin ligase""[tiab] OR ""viral protein-host protein""[tiab]) AND (interacts[tiab] OR binds[tiab] OR recruits[tiab] OR cleaves[tiab] OR degrades[tiab] OR modulates[tiab] OR antagonizes[tiab] OR restricts[tiab] OR promotes[tiab] OR mechanism*[tiab]))",confirm_include,advance_to_import
pmid-26699451,26699451,10.1039/c5mb00732a,A novel topological centrality measure capturing biologically important proteins.,2016,high,request_pdf,strong_learned_match,proximity proteomics; protein interaction mapping; host; virus; viral; interaction; proteins; not; for; ap-ms,Request PDF: title/abstract matches multiple PMC-learned criteria plus run-objective terms.,"((HIV[tiab] OR ""human immunodeficiency virus""[tiab]) AND (interactome[tiab] OR AP-MS[tiab] OR ""affinity purification mass spectrometry""[tiab] OR ""proximity proteomics""[tiab] OR ""proximity labeling""[tiab] OR BioID[tiab] OR ""protein interaction mapping""[tiab] OR (""viral protein""[tiab] AND (""host protein""[tiab] OR ""cellular protein""[tiab]))))",confirm_include,advance_to_import
pmid-27558430,27558430,10.1128/JVI.01140-16,"Affinity Purification of the Hepatitis C Virus Replicase Identifies Valosin-Containing Protein, a Member of the ATPases Associated with Diverse Cellular Activities Family, as an Active Virus Replication Modulator.",2016,high,request_pdf,strong_learned_match,viral protein-host protein; restriction factor; dependency factor; entry factor; ubiquitin ligase; replication complex; host; virus; viruses; viral,Request PDF: title/abstract matches multiple PMC-learned criteria plus run-objective terms.,"((""hepatitis C virus""[tiab] OR HCV[tiab]) AND (""host factor""[tiab] OR ""restriction factor""[tiab] OR ""dependency factor""[tiab] OR ""entry factor""[tiab] OR ""host E3 ubiquitin ligase""[tiab] OR ""viral protein-host protein""[tiab] OR ""replication complex""[tiab]) AND (interacts[tiab] OR binds[tiab] OR recruits[tiab] OR cleaves[tiab] OR degrades[tiab] OR modulates[tiab] OR antagonizes[tiab] OR restricts[tiab] OR promotes[tiab] OR mechanism*[tiab]))",confirm_include,advance_to_import
pmid-27681141,27681141,10.1128/JVI.01451-16,Antagonism of BST-2/Tetherin Is a Conserved Function of the Env Glycoprotein of Primary HIV-2 Isolates.,2016,high,request_pdf,strong_learned_match,viral protein-host protein binding; viral protein-host protein; restriction factor; dependency factor; entry factor; ubiquitin ligase; host; virus; viruses; viral,Request PDF: title/abstract matches multiple PMC-learned criteria plus run-objective terms.,"((HIV[tiab] OR ""human immunodeficiency virus""[tiab]) AND (""host factor""[tiab] OR ""restriction factor""[tiab] OR ""dependency factor""[tiab] OR ""entry factor""[tiab] OR ""host E3 ubiquitin ligase""[tiab] OR ""viral protein-host protein""[tiab]) AND (interacts[tiab] OR binds[tiab] OR recruits[tiab] OR cleaves[tiab] OR degrades[tiab] OR modulates[tiab] OR antagonizes[tiab] OR restricts[tiab] OR promotes[tiab] OR mechanism*[tiab]))",confirm_include,advance_to_import
pmid-27307565,27307565,10.1128/JVI.00019-16,Capsid-CPSF6 Interaction Is Dispensable for HIV-1 Replication in Primary Cells but Is Selected during Virus Passage In Vivo.,2016,high,request_pdf,strong_learned_match,viral protein-host protein binding; viral protein-host protein; restriction factor; dependency factor; entry factor; ubiquitin ligase; nuclear import; host; virus; viruses,Request PDF: title/abstract matches multiple PMC-learned criteria plus run-objective terms.,"((HIV[tiab] OR ""human immunodeficiency virus""[tiab]) AND (""host factor""[tiab] OR ""restriction factor""[tiab] OR ""dependency factor""[tiab] OR ""entry factor""[tiab] OR ""host E3 ubiquitin ligase""[tiab] OR ""viral protein-host protein""[tiab]) AND (interacts[tiab] OR binds[tiab] OR recruits[tiab] OR cleaves[tiab] OR degrades[tiab] OR modulates[tiab] OR antagonizes[tiab] OR restricts[tiab] OR promotes[tiab] OR mechanism*[tiab]))",confirm_include,advance_to_import
pmid-27183594,27183594,10.4049/jimmunol.1502062,Characterization of the Antigen Processing Machinery and Endogenous Peptide Presentation of a Bat MHC Class I Molecule.,2016,high,request_pdf,strong_learned_match,proximity proteomics; protein interaction mapping; host; virus; viruses; viral; interaction; for; ap-ms; proteomics,Request PDF: title/abstract matches multiple PMC-learned criteria plus run-objective terms.,"((Ebola[tiab] OR ""Ebola virus""[tiab] OR Ebolavirus[tiab] OR EBOV[tiab]) AND (interactome[tiab] OR AP-MS[tiab] OR ""affinity purification mass spectrometry""[tiab] OR ""proximity proteomics""[tiab] OR ""proximity labeling""[tiab] OR BioID[tiab] OR ""protein interaction mapping""[tiab] OR (""viral protein""[tiab] AND (""host protein""[tiab] OR ""cellular protein""[tiab]))))",confirm_include,advance_to_import
pmid-27758855,27758855,10.1074/jbc.M116.734673,"Core Binding Factor β Protects HIV, Type 1 Accessory Protein Viral Infectivity Factor from MDM2-mediated Degradation.",2016,high,request_pdf,strong_learned_match,viral protein-host protein binding; viral protein-host protein; restriction factor; dependency factor; entry factor; ubiquitin ligase; host; virus; viral; interaction,Request PDF: title/abstract matches multiple PMC-learned criteria plus run-objective terms.,"((HIV[tiab] OR ""human immunodeficiency virus""[tiab]) AND (""host factor""[tiab] OR ""restriction factor""[tiab] OR ""dependency factor""[tiab] OR ""entry factor""[tiab] OR ""host E3 ubiquitin ligase""[tiab] OR ""viral protein-host protein""[tiab]) AND (interacts[tiab] OR binds[tiab] OR recruits[tiab] OR cleaves[tiab] OR degrades[tiab] OR modulates[tiab] OR antagonizes[tiab] OR restricts[tiab] OR promotes[tiab] OR mechanism*[tiab]))",confirm_include,advance_to_import
pmid-27012366,27012366,10.1016/j.bbagrm.2016.03.009,DEAD-box RNA helicase DDX3 connects CRM1-dependent nuclear export and translation of the HIV-1 unspliced mRNA through its N-terminal domain.,2016,high,request_pdf,strong_learned_match,viral protein-host protein; restriction factor; dependency factor; entry factor; ubiquitin ligase; replication complex; host; pathway; virus; viral,Request PDF: title/abstract matches multiple PMC-learned criteria plus run-objective terms.,"((HIV[tiab] OR ""human immunodeficiency virus""[tiab]) AND (""host factor""[tiab] OR ""restriction factor""[tiab] OR ""dependency factor""[tiab] OR ""entry factor""[tiab] OR ""host E3 ubiquitin ligase""[tiab] OR ""viral protein-host protein""[tiab]) AND (interacts[tiab] OR binds[tiab] OR recruits[tiab] OR cleaves[tiab] OR degrades[tiab] OR modulates[tiab] OR antagonizes[tiab] OR restricts[tiab] OR promotes[tiab] OR mechanism*[tiab]))",confirm_include,advance_to_import
pmid-26919938,26919938,10.1016/j.apjtm.2016.01.015,Dengue virus non-structural 1 protein interacts with heterogeneous nuclear ribonucleoprotein H in human monocytic cells.,2016,high,request_pdf,strong_learned_match,proximity proteomics; protein interaction mapping; nuclear import; host; virus; viral; interaction; proteins; for; ap-ms,Request PDF: title/abstract matches multiple PMC-learned criteria plus run-objective terms.,"((dengue[tiab] OR DENV[tiab]) AND (interactome[tiab] OR AP-MS[tiab] OR ""affinity purification mass spectrometry""[tiab] OR ""proximity proteomics""[tiab] OR ""proximity labeling""[tiab] OR BioID[tiab] OR ""protein interaction mapping""[tiab] OR (""viral protein""[tiab] AND (""host protein""[tiab] OR ""cellular protein""[tiab]))))",confirm_include,advance_to_import
pmid-27581991,27581991,10.1128/JVI.01131-16,Differential Control of BST2 Restriction and Plasmacytoid Dendritic Cell Antiviral Response by Antagonists Encoded by HIV-1 Group M and O Strains.,2016,high,request_pdf,strong_learned_match,viral protein-host protein; restriction factor; dependency factor; entry factor; ubiquitin ligase; nuclear import; host; pathway; virus; viral,Request PDF: title/abstract matches multiple PMC-learned criteria plus run-objective terms.,"((HIV[tiab] OR ""human immunodeficiency virus""[tiab]) AND (""host factor""[tiab] OR ""restriction factor""[tiab] OR ""dependency factor""[tiab] OR ""entry factor""[tiab] OR ""host E3 ubiquitin ligase""[tiab] OR ""viral protein-host protein""[tiab]) AND (interacts[tiab] OR binds[tiab] OR recruits[tiab] OR cleaves[tiab] OR degrades[tiab] OR modulates[tiab] OR antagonizes[tiab] OR restricts[tiab] OR promotes[tiab] OR mechanism*[tiab]))",confirm_include,advance_to_import
pmid-27786485,27786485,10.1021/acs.jproteome.6b00337,Elucidation of the Cellular Interactome of Ebola Virus Nucleoprotein and Identification of Therapeutic Targets.,2016,high,request_pdf,strong_learned_match,proximity proteomics; protein interaction mapping; host; virus; viruses; viral; interaction; proteins; for; ap-ms,Request PDF: title/abstract matches multiple PMC-learned criteria plus run-objective terms.,"((HIV[tiab] OR ""human immunodeficiency virus""[tiab]) AND (interactome[tiab] OR AP-MS[tiab] OR ""affinity purification mass spectrometry""[tiab] OR ""proximity proteomics""[tiab] OR ""proximity labeling""[tiab] OR BioID[tiab] OR ""protein interaction mapping""[tiab] OR (""viral protein""[tiab] AND (""host protein""[tiab] OR ""cellular protein""[tiab])))); ((Ebola[tiab] OR ""Ebola virus""[tiab] OR Ebolavirus[tiab] OR EBOV[tiab]) AND (interactome[tiab] OR AP-MS[tiab] OR ""affinity purification mass spectrometry""[tiab] OR ""proximity proteomics""[tiab] OR ""proximity labeling""[tiab] OR BioID[tiab] OR ""protein interaction mapping""[tiab] OR (""viral protein""[tiab] AND (""host protein""[tiab] OR ""cellular protein""[tiab]))))",confirm_include,advance_to_import
pmid-27200480,27200480,10.1016/j.virol.2016.04.024,Equine schlafen 11 restricts the production of equine infectious anemia virus via a codon usage-dependent mechanism.,2016,high,request_pdf,strong_learned_match,viral protein-host protein; restriction factor; dependency factor; entry factor; ubiquitin ligase; host; virus; viral; proteins; not,Request PDF: title/abstract matches multiple PMC-learned criteria plus run-objective terms.,"((HIV[tiab] OR ""human immunodeficiency virus""[tiab]) AND (""host factor""[tiab] OR ""restriction factor""[tiab] OR ""dependency factor""[tiab] OR ""entry factor""[tiab] OR ""host E3 ubiquitin ligase""[tiab] OR ""viral protein-host protein""[tiab]) AND (interacts[tiab] OR binds[tiab] OR recruits[tiab] OR cleaves[tiab] OR degrades[tiab] OR modulates[tiab] OR antagonizes[tiab] OR restricts[tiab] OR promotes[tiab] OR mechanism*[tiab]))",confirm_include,advance_to_import
pmid-27114546,27114546,10.1073/pnas.1600485113,HIV-1 Vpr degrades the HLTF DNA translocase in T cells and macrophages.,2016,high,request_pdf,strong_learned_match,viral protein-host protein binding; viral protein-host protein; restriction factor; dependency factor; entry factor; ubiquitin ligase; er-phagy; reticulophagy; nuclear import; replication complex,Request PDF: title/abstract matches multiple PMC-learned criteria plus run-objective terms.,"((HIV[tiab] OR ""human immunodeficiency virus""[tiab]) AND (""host factor""[tiab] OR ""restriction factor""[tiab] OR ""dependency factor""[tiab] OR ""entry factor""[tiab] OR ""host E3 ubiquitin ligase""[tiab] OR ""viral protein-host protein""[tiab]) AND (interacts[tiab] OR binds[tiab] OR recruits[tiab] OR cleaves[tiab] OR degrades[tiab] OR modulates[tiab] OR antagonizes[tiab] OR restricts[tiab] OR promotes[tiab] OR mechanism*[tiab])); ((KSHV[ti] OR ""Kaposi sarcoma-associated herpesvirus""[ti] OR dengue[ti] OR DENV[ti] OR ""hepatitis C virus""[ti] OR HCV[ti] OR coxsackievirus[ti] OR HIV[ti] OR Ebola[ti] OR EBOV[ti]) AND (""ubiquitin ligase""[tiab] OR proteasome[tiab] OR autophagy[tiab] OR ""ER-phagy""[tiab] OR reticulophagy[tiab] OR ""nuclear import""[tiab] OR ""RNA-binding protein""[tiab] OR ""replication complex""[tiab] OR trafficking[tiab]) AND (""host factor""[tiab] OR ""host protein""[tiab] OR ""viral protein""[tiab]) AND (interacts[tiab] OR binds[tiab] OR recruits[tiab] OR cleaves[tiab] OR degrades[tiab] OR modulates[tiab] OR restricts[tiab] OR promotes[tiab]) NOT (patient*[tiab] OR plasma[tiab] OR serum[tiab] OR biomarker*[tiab] OR metabolomic*[tiab] OR ""network pharmacology""[tiab] OR docking[tiab] OR vaccine*[tiab] OR diagnostic*[tiab] OR epidemiolog*[tiab]))",confirm_include,advance_to_import
pmid-27170757,27170757,10.1128/JVI.00504-16,HIV-1 Vpu Antagonizes CD317/Tetherin by Adaptor Protein-1-Mediated Exclusion from Virus Assembly Sites.,2016,high,request_pdf,strong_learned_match,viral protein-host protein; restriction factor; dependency factor; entry factor; ubiquitin ligase; replication complex; host; virus; viral; interaction,Request PDF: title/abstract matches multiple PMC-learned criteria plus run-objective terms.,"((HIV[tiab] OR ""human immunodeficiency virus""[tiab]) AND (""host factor""[tiab] OR ""restriction factor""[tiab] OR ""dependency factor""[tiab] OR ""entry factor""[tiab] OR ""host E3 ubiquitin ligase""[tiab] OR ""viral protein-host protein""[tiab]) AND (interacts[tiab] OR binds[tiab] OR recruits[tiab] OR cleaves[tiab] OR degrades[tiab] OR modulates[tiab] OR antagonizes[tiab] OR restricts[tiab] OR promotes[tiab] OR mechanism*[tiab]))",confirm_include,advance_to_import
pmid-27298373,27298373,10.1073/pnas.1602701113,Hepatitis C virus depends on E-cadherin as an entry factor and regulates its expression in epithelial-to-mesenchymal transition.,2016,high,request_pdf,strong_learned_match,viral protein-host protein binding; viral protein-host protein; crispr screen; rnai screen; restriction factor; dependency factor; entry factor; ubiquitin ligase; replication complex; host,Request PDF: title/abstract matches multiple PMC-learned criteria plus run-objective terms.,"((""hepatitis C virus""[tiab] OR HCV[tiab]) AND (""host factor""[tiab] OR ""restriction factor""[tiab] OR ""dependency factor""[tiab] OR ""entry factor""[tiab] OR ""host E3 ubiquitin ligase""[tiab] OR ""viral protein-host protein""[tiab] OR ""replication complex""[tiab]) AND (interacts[tiab] OR binds[tiab] OR recruits[tiab] OR cleaves[tiab] OR degrades[tiab] OR modulates[tiab] OR antagonizes[tiab] OR restricts[tiab] OR promotes[tiab] OR mechanism*[tiab])); ((KSHV[tiab] OR ""Kaposi sarcoma-associated herpesvirus""[tiab] OR dengue[tiab] OR DENV[tiab] OR ""hepatitis C virus""[tiab] OR HCV[tiab] OR coxsackievirus[tiab] OR HIV[tiab] OR Ebola[tiab] OR EBOV[tiab]) AND (""CRISPR screen""[tiab] OR ""RNAi screen""[tiab] OR ""functional genomics""[tiab]) AND (""host factor""[tiab] OR ""host factors""[tiab] OR ""dependency factor""[tiab] OR ""restriction factor""[tiab]))",confirm_include,advance_to_import
pmid-27489272,27489272,10.1128/JVI.01078-16,ITCH E3 Ubiquitin Ligase Interacts with Ebola Virus VP40 To Regulate Budding.,2016,high,request_pdf,strong_learned_match,viral protein-host protein; restriction factor; dependency factor; entry factor; ubiquitin ligase; replication complex; host; virus; viral; interaction,Request PDF: title/abstract matches multiple PMC-learned criteria plus run-objective terms.,"((Ebola[tiab] OR ""Ebola virus""[tiab] OR Ebolavirus[tiab] OR EBOV[tiab]) AND (""host factor""[tiab] OR ""restriction factor""[tiab] OR ""dependency factor""[tiab] OR ""entry factor""[tiab] OR ""host E3 ubiquitin ligase""[tiab] OR ""viral protein-host protein""[tiab] OR ""replication complex""[tiab]) AND (interacts[tiab] OR binds[tiab] OR recruits[tiab] OR cleaves[tiab] OR degrades[tiab] OR modulates[tiab] OR antagonizes[tiab] OR restricts[tiab] OR promotes[tiab] OR mechanism*[tiab]))",confirm_include,advance_to_import
pmid-27342126,27342126,10.1016/j.celrep.2016.06.028,Identification of Zika Virus and Dengue Virus Dependency Factors using Functional Genomics.,2016,high,request_pdf,strong_learned_match,crispr screen; rnai screen; restriction factor; dependency factor; entry factor; replication complex; host; virus; viruses; studies,Request PDF: title/abstract matches multiple PMC-learned criteria plus run-objective terms.,"((KSHV[tiab] OR ""Kaposi sarcoma-associated herpesvirus""[tiab] OR dengue[tiab] OR DENV[tiab] OR ""hepatitis C virus""[tiab] OR HCV[tiab] OR coxsackievirus[tiab] OR HIV[tiab] OR Ebola[tiab] OR EBOV[tiab]) AND (""CRISPR screen""[tiab] OR ""RNAi screen""[tiab] OR ""functional genomics""[tiab]) AND (""host factor""[tiab] OR ""host factors""[tiab] OR ""dependency factor""[tiab] OR ""restriction factor""[tiab]))",confirm_include,advance_to_import
pmid-26814617,26814617,10.1111/cmi.12572,Identification of class II ADP-ribosylation factors as cellular factors required for hepatitis C virus replication.,2016,high,request_pdf,strong_learned_match,viral protein-host protein; restriction factor; dependency factor; entry factor; ubiquitin ligase; replication complex; host; pathway; virus; viral,Request PDF: title/abstract matches multiple PMC-learned criteria plus run-objective terms.,"((""hepatitis C virus""[tiab] OR HCV[tiab]) AND (""host factor""[tiab] OR ""restriction factor""[tiab] OR ""dependency factor""[tiab] OR ""entry factor""[tiab] OR ""host E3 ubiquitin ligase""[tiab] OR ""viral protein-host protein""[tiab] OR ""replication complex""[tiab]) AND (interacts[tiab] OR binds[tiab] OR recruits[tiab] OR cleaves[tiab] OR degrades[tiab] OR modulates[tiab] OR antagonizes[tiab] OR restricts[tiab] OR promotes[tiab] OR mechanism*[tiab]))",confirm_include,advance_to_import
pmid-27676132,27676132,10.1021/acsinfecdis.6b00143,"Interactions of the Disordered Domain II of Hepatitis C Virus NS5A with Cyclophilin A, NS5B, and Viral RNA Show Extensive Overlap.",2016,high,request_pdf,strong_learned_match,viral protein-host protein binding; viral protein-host protein; restriction factor; dependency factor; entry factor; ubiquitin ligase; replication complex; host; virus; viral,Request PDF: title/abstract matches multiple PMC-learned criteria plus run-objective terms.,"((""hepatitis C virus""[tiab] OR HCV[tiab]) AND (""host factor""[tiab] OR ""restriction factor""[tiab] OR ""dependency factor""[tiab] OR ""entry factor""[tiab] OR ""host E3 ubiquitin ligase""[tiab] OR ""viral protein-host protein""[tiab] OR ""replication complex""[tiab]) AND (interacts[tiab] OR binds[tiab] OR recruits[tiab] OR cleaves[tiab] OR degrades[tiab] OR modulates[tiab] OR antagonizes[tiab] OR restricts[tiab] OR promotes[tiab] OR mechanism*[tiab]))",confirm_include,advance_to_import
pmid-26673098,26673098,10.1016/j.virusres.2015.12.003,Interactome of the hepatitis C virus: Literature mining with ANDSystem.,2016,high,request_pdf,strong_learned_match,proximity proteomics; protein interaction mapping; host; pathway; host-pathogen; virus; viral; interaction; proteins; not,Request PDF: title/abstract matches multiple PMC-learned criteria plus run-objective terms.,"((""hepatitis C virus""[tiab] OR HCV[tiab]) AND (interactome[tiab] OR AP-MS[tiab] OR ""affinity purification mass spectrometry""[tiab] OR ""proximity proteomics""[tiab] OR ""proximity labeling""[tiab] OR BioID[tiab] OR ""protein interaction mapping""[tiab] OR (""viral protein""[tiab] AND (""host protein""[tiab] OR ""cellular protein""[tiab]))))",confirm_include,advance_to_import
pmid-27219130,27219130,10.1097/QAD.0000000000001166,Interferon-induced sterile alpha motif and histidine/aspartic acid domain-containing protein 1 expression in astrocytes and microglia is mediated by microRNA-181a.,2016,high,request_pdf,strong_learned_match,viral protein-host protein; restriction factor; dependency factor; entry factor; ubiquitin ligase; host; pathway; virus; viral; not,Request PDF: title/abstract matches multiple PMC-learned criteria plus run-objective terms.,"((HIV[tiab] OR ""human immunodeficiency virus""[tiab]) AND (""host factor""[tiab] OR ""restriction factor""[tiab] OR ""dependency factor""[tiab] OR ""entry factor""[tiab] OR ""host E3 ubiquitin ligase""[tiab] OR ""viral protein-host protein""[tiab]) AND (interacts[tiab] OR binds[tiab] OR recruits[tiab] OR cleaves[tiab] OR degrades[tiab] OR modulates[tiab] OR antagonizes[tiab] OR restricts[tiab] OR promotes[tiab] OR mechanism*[tiab]))",confirm_include,advance_to_import
pmid-27880899,27880899,10.1016/j.celrep.2016.10.045,LC3C Contributes to Vpu-Mediated Antagonism of BST2/Tetherin Restriction on HIV-1 Release through a Non-canonical Autophagy Pathway.,2016,high,request_pdf,strong_learned_match,viral protein-host protein; restriction factor; dependency factor; entry factor; ubiquitin ligase; host; pathway; virus; viruses; viral,Request PDF: title/abstract matches multiple PMC-learned criteria plus run-objective terms.,"((HIV[tiab] OR ""human immunodeficiency virus""[tiab]) AND (""host factor""[tiab] OR ""restriction factor""[tiab] OR ""dependency factor""[tiab] OR ""entry factor""[tiab] OR ""host E3 ubiquitin ligase""[tiab] OR ""viral protein-host protein""[tiab]) AND (interacts[tiab] OR binds[tiab] OR recruits[tiab] OR cleaves[tiab] OR degrades[tiab] OR modulates[tiab] OR antagonizes[tiab] OR restricts[tiab] OR promotes[tiab] OR mechanism*[tiab]))",confirm_include,advance_to_import
pmid-27510577,27510577,10.1016/j.antiviral.2016.08.004,Long-term HIV-1 infection induces an antiviral state in primary macrophages.,2016,high,request_pdf,strong_learned_match,viral protein-host protein; restriction factor; dependency factor; entry factor; ubiquitin ligase; host; virus; viral; for; antiviral,Request PDF: title/abstract matches multiple PMC-learned criteria plus run-objective terms.,"((HIV[tiab] OR ""human immunodeficiency virus""[tiab]) AND (""host factor""[tiab] OR ""restriction factor""[tiab] OR ""dependency factor""[tiab] OR ""entry factor""[tiab] OR ""host E3 ubiquitin ligase""[tiab] OR ""viral protein-host protein""[tiab]) AND (interacts[tiab] OR binds[tiab] OR recruits[tiab] OR cleaves[tiab] OR degrades[tiab] OR modulates[tiab] OR antagonizes[tiab] OR restricts[tiab] OR promotes[tiab] OR mechanism*[tiab]))",confirm_include,advance_to_import
pmid-27075251,27075251,10.1099/jgv.0.000482,MCPIP1/regnase-I inhibits simian immunodeficiency virus and is not counteracted by Vpx.,2016,high,request_pdf,strong_learned_match,viral protein-host protein; restriction factor; dependency factor; entry factor; ubiquitin ligase; host; virus; viral; studies; not,Request PDF: title/abstract matches multiple PMC-learned criteria plus run-objective terms.,"((HIV[tiab] OR ""human immunodeficiency virus""[tiab]) AND (""host factor""[tiab] OR ""restriction factor""[tiab] OR ""dependency factor""[tiab] OR ""entry factor""[tiab] OR ""host E3 ubiquitin ligase""[tiab] OR ""viral protein-host protein""[tiab]) AND (interacts[tiab] OR binds[tiab] OR recruits[tiab] OR cleaves[tiab] OR degrades[tiab] OR modulates[tiab] OR antagonizes[tiab] OR restricts[tiab] OR promotes[tiab] OR mechanism*[tiab]))",confirm_include,advance_to_import
pmid-27252525,27252525,10.1128/JVI.00326-16,Nonstructural 3 Protein of Hepatitis C Virus Modulates the Tribbles Homolog 3/Akt Signaling Pathway for Persistent Viral Infection.,2016,high,request_pdf,strong_learned_match,viral protein-host protein binding; viral protein-host protein; restriction factor; dependency factor; entry factor; ubiquitin ligase; replication complex; host; pathway; virus,Request PDF: title/abstract matches multiple PMC-learned criteria plus run-objective terms.,"((""hepatitis C virus""[tiab] OR HCV[tiab]) AND (""host factor""[tiab] OR ""restriction factor""[tiab] OR ""dependency factor""[tiab] OR ""entry factor""[tiab] OR ""host E3 ubiquitin ligase""[tiab] OR ""viral protein-host protein""[tiab] OR ""replication complex""[tiab]) AND (interacts[tiab] OR binds[tiab] OR recruits[tiab] OR cleaves[tiab] OR degrades[tiab] OR modulates[tiab] OR antagonizes[tiab] OR restricts[tiab] OR promotes[tiab] OR mechanism*[tiab]))",confirm_include,advance_to_import
pmid-26546555,26546555,10.1016/j.jprot.2015.11.003,Novel interactions of domain III from the envelope glycoprotein of dengue 2 virus with human plasma proteins.,2016,high,request_pdf,strong_learned_match,proximity proteomics; protein interaction mapping; replication complex; host; virus; viral; evidence; interaction; proteins; for,Request PDF: title/abstract matches multiple PMC-learned criteria plus run-objective terms.,"((dengue[tiab] OR DENV[tiab]) AND (interactome[tiab] OR AP-MS[tiab] OR ""affinity purification mass spectrometry""[tiab] OR ""proximity proteomics""[tiab] OR ""proximity labeling""[tiab] OR BioID[tiab] OR ""protein interaction mapping""[tiab] OR (""viral protein""[tiab] AND (""host protein""[tiab] OR ""cellular protein""[tiab]))))",confirm_include,advance_to_import
pmid-27466416,27466416,10.1128/JVI.01003-16,Nuclear Innate Immune DNA Sensor IFI16 Is Degraded during Lytic Reactivation of Kaposi's Sarcoma-Associated Herpesvirus (KSHV): Role of IFI16 in Maintenance of KSHV Latency.,2016,high,request_pdf,strong_learned_match,viral protein-host protein; restriction factor; dependency factor; entry factor; ubiquitin ligase; nuclear import; replication complex; host; pathway; virus,Request PDF: title/abstract matches multiple PMC-learned criteria plus run-objective terms.,"((KSHV[tiab] OR ""Kaposi sarcoma-associated herpesvirus""[tiab] OR ""human herpesvirus 8""[tiab] OR HHV-8[tiab]) AND (""host factor""[tiab] OR ""restriction factor""[tiab] OR ""dependency factor""[tiab] OR ""entry factor""[tiab] OR ""host E3 ubiquitin ligase""[tiab] OR ""viral protein-host protein""[tiab]) AND (interacts[tiab] OR binds[tiab] OR recruits[tiab] OR cleaves[tiab] OR degrades[tiab] OR modulates[tiab] OR antagonizes[tiab] OR restricts[tiab] OR promotes[tiab] OR mechanism*[tiab]))",confirm_include,advance_to_import
pmid-26739056,26739056,10.1128/JVI.01540-15,Prolactin Regulatory Element Binding Protein Is Involved in Hepatitis C Virus Replication by Interaction with NS4B.,2016,high,request_pdf,strong_learned_match,viral protein-host protein binding; viral protein-host protein; restriction factor; dependency factor; entry factor; ubiquitin ligase; replication complex; host; virus; viral,Request PDF: title/abstract matches multiple PMC-learned criteria plus run-objective terms.,"((""hepatitis C virus""[tiab] OR HCV[tiab]) AND (""host factor""[tiab] OR ""restriction factor""[tiab] OR ""dependency factor""[tiab] OR ""entry factor""[tiab] OR ""host E3 ubiquitin ligase""[tiab] OR ""viral protein-host protein""[tiab] OR ""replication complex""[tiab]) AND (interacts[tiab] OR binds[tiab] OR recruits[tiab] OR cleaves[tiab] OR degrades[tiab] OR modulates[tiab] OR antagonizes[tiab] OR restricts[tiab] OR promotes[tiab] OR mechanism*[tiab]))",confirm_include,advance_to_import
pmid-27919079,27919079,10.1038/nature20567,Receptor usage dictates HIV-1 restriction by human TRIM5α in dendritic cell subsets.,2016,high,request_pdf,strong_learned_match,viral protein-host protein binding; viral protein-host protein; restriction factor; dependency factor; entry factor; ubiquitin ligase; host; pathway; virus; viral,Request PDF: title/abstract matches multiple PMC-learned criteria plus run-objective terms.,"((HIV[tiab] OR ""human immunodeficiency virus""[tiab]) AND (""host factor""[tiab] OR ""restriction factor""[tiab] OR ""dependency factor""[tiab] OR ""entry factor""[tiab] OR ""host E3 ubiquitin ligase""[tiab] OR ""viral protein-host protein""[tiab]) AND (interacts[tiab] OR binds[tiab] OR recruits[tiab] OR cleaves[tiab] OR degrades[tiab] OR modulates[tiab] OR antagonizes[tiab] OR restricts[tiab] OR promotes[tiab] OR mechanism*[tiab]))",confirm_include,advance_to_import
pmid-27749368,27749368,10.1097/QCO.0000000000000322,Retroviral restriction: nature's own solution.,2016,high,request_pdf,strong_learned_match,viral protein-host protein; restriction factor; dependency factor; entry factor; ubiquitin ligase; host; virus; viral; studies; for,Request PDF: title/abstract matches multiple PMC-learned criteria plus run-objective terms.,"((HIV[tiab] OR ""human immunodeficiency virus""[tiab]) AND (""host factor""[tiab] OR ""restriction factor""[tiab] OR ""dependency factor""[tiab] OR ""entry factor""[tiab] OR ""host E3 ubiquitin ligase""[tiab] OR ""viral protein-host protein""[tiab]) AND (interacts[tiab] OR binds[tiab] OR recruits[tiab] OR cleaves[tiab] OR degrades[tiab] OR modulates[tiab] OR antagonizes[tiab] OR restricts[tiab] OR promotes[tiab] OR mechanism*[tiab]))",confirm_include,advance_to_import
pmid-27803322,27803322,10.1073/pnas.1612044113,S2 from equine infectious anemia virus is an infectivity factor which counteracts the retroviral inhibitors SERINC5 and SERINC3.,2016,high,request_pdf,strong_learned_match,viral protein-host protein; restriction factor; dependency factor; entry factor; ubiquitin ligase; host; virus; viral; interaction; proteins,Request PDF: title/abstract matches multiple PMC-learned criteria plus run-objective terms.,"((HIV[tiab] OR ""human immunodeficiency virus""[tiab]) AND (""host factor""[tiab] OR ""restriction factor""[tiab] OR ""dependency factor""[tiab] OR ""entry factor""[tiab] OR ""host E3 ubiquitin ligase""[tiab] OR ""viral protein-host protein""[tiab]) AND (interacts[tiab] OR binds[tiab] OR recruits[tiab] OR cleaves[tiab] OR degrades[tiab] OR modulates[tiab] OR antagonizes[tiab] OR restricts[tiab] OR promotes[tiab] OR mechanism*[tiab]))",confirm_include,advance_to_import
pmid-27387229,27387229,10.1016/j.bbrc.2016.07.013,"SAMHD1, the Aicardi-Goutières syndrome gene and retroviral restriction factor, is a phosphorolytic ribonuclease rather than a hydrolytic ribonuclease.",2016,high,request_pdf,strong_learned_match,viral protein-host protein; restriction factor; dependency factor; entry factor; ubiquitin ligase; host; virus; viral; studies; not,Request PDF: title/abstract matches multiple PMC-learned criteria plus run-objective terms.,"((HIV[tiab] OR ""human immunodeficiency virus""[tiab]) AND (""host factor""[tiab] OR ""restriction factor""[tiab] OR ""dependency factor""[tiab] OR ""entry factor""[tiab] OR ""host E3 ubiquitin ligase""[tiab] OR ""viral protein-host protein""[tiab]) AND (interacts[tiab] OR binds[tiab] OR recruits[tiab] OR cleaves[tiab] OR degrades[tiab] OR modulates[tiab] OR antagonizes[tiab] OR restricts[tiab] OR promotes[tiab] OR mechanism*[tiab]))",confirm_include,advance_to_import
pmid-27609421,27609421,10.1074/mcp.M116.060509,TNIP2 is a Hub Protein in the NF-κB Network with Both Protein and RNA Mediated Interactions.,2016,high,request_pdf,strong_learned_match,proximity proteomics; protein interaction mapping; host; pathway; virus; viral; interaction; proteins; not; for,Request PDF: title/abstract matches multiple PMC-learned criteria plus run-objective terms.,"((HIV[tiab] OR ""human immunodeficiency virus""[tiab]) AND (interactome[tiab] OR AP-MS[tiab] OR ""affinity purification mass spectrometry""[tiab] OR ""proximity proteomics""[tiab] OR ""proximity labeling""[tiab] OR BioID[tiab] OR ""protein interaction mapping""[tiab] OR (""viral protein""[tiab] AND (""host protein""[tiab] OR ""cellular protein""[tiab]))))",confirm_include,advance_to_import
pmid-26676782,26676782,10.1128/JVI.01948-15,TRIM5α-Mediated Ubiquitin Chain Conjugation Is Required for Inhibition of HIV-1 Reverse Transcription and Capsid Destabilization.,2016,high,request_pdf,strong_learned_match,viral protein-host protein binding; viral protein-host protein; restriction factor; dependency factor; entry factor; ubiquitin ligase; host; pathway; virus; viral,Request PDF: title/abstract matches multiple PMC-learned criteria plus run-objective terms.,"((HIV[tiab] OR ""human immunodeficiency virus""[tiab]) AND (""host factor""[tiab] OR ""restriction factor""[tiab] OR ""dependency factor""[tiab] OR ""entry factor""[tiab] OR ""host E3 ubiquitin ligase""[tiab] OR ""viral protein-host protein""[tiab]) AND (interacts[tiab] OR binds[tiab] OR recruits[tiab] OR cleaves[tiab] OR degrades[tiab] OR modulates[tiab] OR antagonizes[tiab] OR restricts[tiab] OR promotes[tiab] OR mechanism*[tiab]))",confirm_include,advance_to_import
pmid-27681140,27681140,10.1128/JVI.01246-16,The Antagonism of HIV-1 Nef to SERINC5 Particle Infectivity Restriction Involves the Counteraction of Virion-Associated Pools of the Restriction Factor.,2016,high,request_pdf,strong_learned_match,viral protein-host protein; restriction factor; dependency factor; entry factor; ubiquitin ligase; host; virus; viral; interaction; not,Request PDF: title/abstract matches multiple PMC-learned criteria plus run-objective terms.,"((HIV[tiab] OR ""human immunodeficiency virus""[tiab]) AND (""host factor""[tiab] OR ""restriction factor""[tiab] OR ""dependency factor""[tiab] OR ""entry factor""[tiab] OR ""host E3 ubiquitin ligase""[tiab] OR ""viral protein-host protein""[tiab]) AND (interacts[tiab] OR binds[tiab] OR recruits[tiab] OR cleaves[tiab] OR degrades[tiab] OR modulates[tiab] OR antagonizes[tiab] OR restricts[tiab] OR promotes[tiab] OR mechanism*[tiab]))",confirm_include,advance_to_import
pmid-26889027,26889027,10.1128/JVI.03172-15,The C-Terminal Tail of TRIM56 Dictates Antiviral Restriction of Influenza A and B Viruses by Impeding Viral RNA Synthesis.,2016,high,request_pdf,strong_learned_match,viral protein-host protein; restriction factor; dependency factor; entry factor; ubiquitin ligase; replication complex; host; virus; viruses; viral,Request PDF: title/abstract matches multiple PMC-learned criteria plus run-objective terms.,"((dengue[tiab] OR DENV[tiab]) AND (""host factor""[tiab] OR ""restriction factor""[tiab] OR ""dependency factor""[tiab] OR ""entry factor""[tiab] OR ""host E3 ubiquitin ligase""[tiab] OR ""viral protein-host protein""[tiab] OR ""replication complex""[tiab]) AND (interacts[tiab] OR binds[tiab] OR recruits[tiab] OR cleaves[tiab] OR degrades[tiab] OR modulates[tiab] OR antagonizes[tiab] OR restricts[tiab] OR promotes[tiab] OR mechanism*[tiab]))",confirm_include,advance_to_import
pmid-26582000,26582000,10.1128/JVI.01880-15,Three-Dimensional Structural Characterization of HIV-1 Tethered to Human Cells.,2016,high,request_pdf,strong_learned_match,viral protein-host protein; restriction factor; dependency factor; entry factor; ubiquitin ligase; host; virus; viruses; viral; when,Request PDF: title/abstract matches multiple PMC-learned criteria plus run-objective terms.,"((HIV[tiab] OR ""human immunodeficiency virus""[tiab]) AND (""host factor""[tiab] OR ""restriction factor""[tiab] OR ""dependency factor""[tiab] OR ""entry factor""[tiab] OR ""host E3 ubiquitin ligase""[tiab] OR ""viral protein-host protein""[tiab]) AND (interacts[tiab] OR binds[tiab] OR recruits[tiab] OR cleaves[tiab] OR degrades[tiab] OR modulates[tiab] OR antagonizes[tiab] OR restricts[tiab] OR promotes[tiab] OR mechanism*[tiab]))",confirm_include,advance_to_import
pmid-29281836,29281836,10.1016/j.celrep.2017.11.094,A Global Interactome Map of the Dengue Virus NS1 Identifies Virus Restriction and Dependency Host Factors.,2017,high,request_pdf,strong_learned_match,proximity proteomics; protein interaction mapping; crispr screen; rnai screen; restriction factor; dependency factor; replication complex; host; virus; viral,Request PDF: title/abstract matches multiple PMC-learned criteria plus run-objective terms.,"((dengue[tiab] OR DENV[tiab]) AND (interactome[tiab] OR AP-MS[tiab] OR ""affinity purification mass spectrometry""[tiab] OR ""proximity proteomics""[tiab] OR ""proximity labeling""[tiab] OR BioID[tiab] OR ""protein interaction mapping""[tiab] OR (""viral protein""[tiab] AND (""host protein""[tiab] OR ""cellular protein""[tiab])))); ((KSHV[tiab] OR ""Kaposi sarcoma-associated herpesvirus""[tiab] OR dengue[tiab] OR DENV[tiab] OR ""hepatitis C virus""[tiab] OR HCV[tiab] OR coxsackievirus[tiab] OR HIV[tiab] OR Ebola[tiab] OR EBOV[tiab]) AND (""CRISPR screen""[tiab] OR ""RNAi screen""[tiab] OR ""functional genomics""[tiab]) AND (""host factor""[tiab] OR ""host factors""[tiab] OR ""dependency factor""[tiab] OR ""restriction factor""[tiab]))",confirm_include,advance_to_import
pmid-27920203,27920203,10.1074/jbc.M116.743740,A Highly Active Isoform of Lentivirus Restriction Factor SAMHD1 in Mouse.,2017,high,request_pdf,strong_learned_match,viral protein-host protein; restriction factor; dependency factor; entry factor; ubiquitin ligase; replication complex; host; virus; viral; for,Request PDF: title/abstract matches multiple PMC-learned criteria plus run-objective terms.,"((HIV[tiab] OR ""human immunodeficiency virus""[tiab]) AND (""host factor""[tiab] OR ""restriction factor""[tiab] OR ""dependency factor""[tiab] OR ""entry factor""[tiab] OR ""host E3 ubiquitin ligase""[tiab] OR ""viral protein-host protein""[tiab]) AND (interacts[tiab] OR binds[tiab] OR recruits[tiab] OR cleaves[tiab] OR degrades[tiab] OR modulates[tiab] OR antagonizes[tiab] OR restricts[tiab] OR promotes[tiab] OR mechanism*[tiab]))",confirm_include,advance_to_import
pmid-28053103,28053103,10.1128/JVI.02051-16,Cytokines Elevated in HIV Elite Controllers Reduce HIV Replication In Vitro and Modulate HIV Restriction Factor Expression.,2017,high,request_pdf,strong_learned_match,viral protein-host protein; restriction factor; dependency factor; entry factor; ubiquitin ligase; host; virus; viral; studies; not,Request PDF: title/abstract matches multiple PMC-learned criteria plus run-objective terms.,"((HIV[tiab] OR ""human immunodeficiency virus""[tiab]) AND (""host factor""[tiab] OR ""restriction factor""[tiab] OR ""dependency factor""[tiab] OR ""entry factor""[tiab] OR ""host E3 ubiquitin ligase""[tiab] OR ""viral protein-host protein""[tiab]) AND (interacts[tiab] OR binds[tiab] OR recruits[tiab] OR cleaves[tiab] OR degrades[tiab] OR modulates[tiab] OR antagonizes[tiab] OR restricts[tiab] OR promotes[tiab] OR mechanism*[tiab]))",confirm_include,advance_to_import
pmid-28077643,28077643,10.1128/JVI.02177-16,Efficient Vpu-Mediated Tetherin Antagonism by an HIV-1 Group O Strain.,2017,high,request_pdf,strong_learned_match,viral protein-host protein; restriction factor; dependency factor; entry factor; ubiquitin ligase; host; virus; viruses; viral; studies,Request PDF: title/abstract matches multiple PMC-learned criteria plus run-objective terms.,"((HIV[tiab] OR ""human immunodeficiency virus""[tiab]) AND (""host factor""[tiab] OR ""restriction factor""[tiab] OR ""dependency factor""[tiab] OR ""entry factor""[tiab] OR ""host E3 ubiquitin ligase""[tiab] OR ""viral protein-host protein""[tiab]) AND (interacts[tiab] OR binds[tiab] OR recruits[tiab] OR cleaves[tiab] OR degrades[tiab] OR modulates[tiab] OR antagonizes[tiab] OR restricts[tiab] OR promotes[tiab] OR mechanism*[tiab]))",confirm_include,advance_to_import
pmid-28389578,28389578,10.1074/jbc.H117.777714,Exposing HIV's weaknesses.,2017,high,request_pdf,strong_learned_match,viral protein-host protein; restriction factor; dependency factor; entry factor; ubiquitin ligase; host; virus; viral; studies; interaction,Request PDF: title/abstract matches multiple PMC-learned criteria plus run-objective terms.,"((HIV[tiab] OR ""human immunodeficiency virus""[tiab]) AND (""host factor""[tiab] OR ""restriction factor""[tiab] OR ""dependency factor""[tiab] OR ""entry factor""[tiab] OR ""host E3 ubiquitin ligase""[tiab] OR ""viral protein-host protein""[tiab]) AND (interacts[tiab] OR binds[tiab] OR recruits[tiab] OR cleaves[tiab] OR degrades[tiab] OR modulates[tiab] OR antagonizes[tiab] OR restricts[tiab] OR promotes[tiab] OR mechanism*[tiab]))",confirm_include,advance_to_import
pmid-29117523,29117523,10.1016/j.bpj.2017.09.010,FRET Analysis of the Promiscuous yet Specific Interactions of the HIV-1 Vpu Transmembrane Domain.,2017,high,request_pdf,strong_learned_match,viral protein-host protein binding; viral protein-host protein; restriction factor; dependency factor; entry factor; ubiquitin ligase; host; virus; viral; interaction,Request PDF: title/abstract matches multiple PMC-learned criteria plus run-objective terms.,"((HIV[tiab] OR ""human immunodeficiency virus""[tiab]) AND (""host factor""[tiab] OR ""restriction factor""[tiab] OR ""dependency factor""[tiab] OR ""entry factor""[tiab] OR ""host E3 ubiquitin ligase""[tiab] OR ""viral protein-host protein""[tiab]) AND (interacts[tiab] OR binds[tiab] OR recruits[tiab] OR cleaves[tiab] OR degrades[tiab] OR modulates[tiab] OR antagonizes[tiab] OR restricts[tiab] OR promotes[tiab] OR mechanism*[tiab]))",confirm_include,advance_to_import
pmid-29079575,29079575,10.1074/jbc.M117.798801,HIV-1 Vpr protein directly loads helicase-like transcription factor (HLTF) onto the CRL4-DCAF1 E3 ubiquitin ligase.,2017,high,request_pdf,strong_learned_match,ubiquitin ligase; er-phagy; reticulophagy; nuclear import; rna-binding proteins; replication complex; host; virus; viral; interaction,Request PDF: title/abstract matches multiple PMC-learned criteria plus run-objective terms.,"((KSHV[ti] OR ""Kaposi sarcoma-associated herpesvirus""[ti] OR dengue[ti] OR DENV[ti] OR ""hepatitis C virus""[ti] OR HCV[ti] OR coxsackievirus[ti] OR HIV[ti] OR Ebola[ti] OR EBOV[ti]) AND (""ubiquitin ligase""[tiab] OR proteasome[tiab] OR autophagy[tiab] OR ""ER-phagy""[tiab] OR reticulophagy[tiab] OR ""nuclear import""[tiab] OR ""RNA-binding protein""[tiab] OR ""replication complex""[tiab] OR trafficking[tiab]) AND (""host factor""[tiab] OR ""host protein""[tiab] OR ""viral protein""[tiab]) AND (interacts[tiab] OR binds[tiab] OR recruits[tiab] OR cleaves[tiab] OR degrades[tiab] OR modulates[tiab] OR restricts[tiab] OR promotes[tiab]) NOT (patient*[tiab] OR plasma[tiab] OR serum[tiab] OR biomarker*[tiab] OR metabolomic*[tiab] OR ""network pharmacology""[tiab] OR docking[tiab] OR vaccine*[tiab] OR diagnostic*[tiab] OR epidemiolog*[tiab]))",confirm_include,advance_to_import
pmid-28835547,28835547,10.15252/embr.201744100,IFITM3 requires an amphipathic helix for antiviral activity.,2017,high,request_pdf,strong_learned_match,viral protein-host protein; restriction factor; dependency factor; entry factor; ubiquitin ligase; replication complex; host; virus; viral; evidence,Request PDF: title/abstract matches multiple PMC-learned criteria plus run-objective terms.,"((HIV[tiab] OR ""human immunodeficiency virus""[tiab]) AND (""host factor""[tiab] OR ""restriction factor""[tiab] OR ""dependency factor""[tiab] OR ""entry factor""[tiab] OR ""host E3 ubiquitin ligase""[tiab] OR ""viral protein-host protein""[tiab]) AND (interacts[tiab] OR binds[tiab] OR recruits[tiab] OR cleaves[tiab] OR degrades[tiab] OR modulates[tiab] OR antagonizes[tiab] OR restricts[tiab] OR promotes[tiab] OR mechanism*[tiab])); ((Ebola[tiab] OR ""Ebola virus""[tiab] OR Ebolavirus[tiab] OR EBOV[tiab]) AND (""host factor""[tiab] OR ""restriction factor""[tiab] OR ""dependency factor""[tiab] OR ""entry factor""[tiab] OR ""host E3 ubiquitin ligase""[tiab] OR ""viral protein-host protein""[tiab] OR ""replication complex""[tiab]) AND (interacts[tiab] OR binds[tiab] OR recruits[tiab] OR cleaves[tiab] OR degrades[tiab] OR modulates[tiab] OR antagonizes[tiab] OR restricts[tiab] OR promotes[tiab] OR mechanism*[tiab]))",confirm_include,advance_to_import
pmid-28202763,28202763,10.1128/JVI.00225-17,Inhibition of Vpx-Mediated SAMHD1 and Vpr-Mediated Host Helicase Transcription Factor Degradation by Selective Disruption of Viral CRL4 (DCAF1) E3 Ubiquitin Ligase Assembly.,2017,high,request_pdf,strong_learned_match,viral protein-host protein binding; viral protein-host protein; restriction factor; dependency factor; entry factor; ubiquitin ligase; replication complex; host; virus; viruses,Request PDF: title/abstract matches multiple PMC-learned criteria plus run-objective terms.,"((HIV[tiab] OR ""human immunodeficiency virus""[tiab]) AND (""host factor""[tiab] OR ""restriction factor""[tiab] OR ""dependency factor""[tiab] OR ""entry factor""[tiab] OR ""host E3 ubiquitin ligase""[tiab] OR ""viral protein-host protein""[tiab]) AND (interacts[tiab] OR binds[tiab] OR recruits[tiab] OR cleaves[tiab] OR degrades[tiab] OR modulates[tiab] OR antagonizes[tiab] OR restricts[tiab] OR promotes[tiab] OR mechanism*[tiab]))",confirm_include,advance_to_import
pmid-28965915,28965915,10.1016/j.antiviral.2017.09.017,"Interplay between dengue virus and Toll-like receptors, RIG-I/MDA5 and microRNAs: Implications for pathogenesis.",2017,high,request_pdf,strong_learned_match,viral protein-host protein; restriction factor; dependency factor; entry factor; ubiquitin ligase; replication complex; host; pathway; virus; viral,Request PDF: title/abstract matches multiple PMC-learned criteria plus run-objective terms.,"((dengue[tiab] OR DENV[tiab]) AND (""host factor""[tiab] OR ""restriction factor""[tiab] OR ""dependency factor""[tiab] OR ""entry factor""[tiab] OR ""host E3 ubiquitin ligase""[tiab] OR ""viral protein-host protein""[tiab] OR ""replication complex""[tiab]) AND (interacts[tiab] OR binds[tiab] OR recruits[tiab] OR cleaves[tiab] OR degrades[tiab] OR modulates[tiab] OR antagonizes[tiab] OR restricts[tiab] OR promotes[tiab] OR mechanism*[tiab]))",confirm_include,advance_to_import
pmid-28840565,28840565,10.1007/s12250-017-4000-0,Interplay between hepatitis C virus and ARF4.,2017,high,request_pdf,strong_learned_match,viral protein-host protein; restriction factor; dependency factor; entry factor; ubiquitin ligase; replication complex; host; virus; viral; studies,Request PDF: title/abstract matches multiple PMC-learned criteria plus run-objective terms.,"((""hepatitis C virus""[tiab] OR HCV[tiab]) AND (""host factor""[tiab] OR ""restriction factor""[tiab] OR ""dependency factor""[tiab] OR ""entry factor""[tiab] OR ""host E3 ubiquitin ligase""[tiab] OR ""viral protein-host protein""[tiab] OR ""replication complex""[tiab]) AND (interacts[tiab] OR binds[tiab] OR recruits[tiab] OR cleaves[tiab] OR degrades[tiab] OR modulates[tiab] OR antagonizes[tiab] OR restricts[tiab] OR promotes[tiab] OR mechanism*[tiab]))",confirm_include,advance_to_import
pmid-27665576,27665576,10.1111/cmi.12673,Lipoprotein lipase liberates free fatty acids to inhibit HCV infection and prevent hepatic lipid accumulation.,2017,high,request_pdf,strong_learned_match,viral protein-host protein; restriction factor; dependency factor; entry factor; ubiquitin ligase; replication complex; host; virus; viral; proteins,Request PDF: title/abstract matches multiple PMC-learned criteria plus run-objective terms.,"((""hepatitis C virus""[tiab] OR HCV[tiab]) AND (""host factor""[tiab] OR ""restriction factor""[tiab] OR ""dependency factor""[tiab] OR ""entry factor""[tiab] OR ""host E3 ubiquitin ligase""[tiab] OR ""viral protein-host protein""[tiab] OR ""replication complex""[tiab]) AND (interacts[tiab] OR binds[tiab] OR recruits[tiab] OR cleaves[tiab] OR degrades[tiab] OR modulates[tiab] OR antagonizes[tiab] OR restricts[tiab] OR promotes[tiab] OR mechanism*[tiab]))",confirm_include,advance_to_import
pmid-28956771,28956771,10.1128/JVI.01264-17,NLRX1 Mediates MAVS Degradation To Attenuate the Hepatitis C Virus-Induced Innate Immune Response through PCBP2.,2017,high,request_pdf,strong_learned_match,viral protein-host protein binding; viral protein-host protein; restriction factor; dependency factor; entry factor; ubiquitin ligase; replication complex; host; pathway; virus,Request PDF: title/abstract matches multiple PMC-learned criteria plus run-objective terms.,"((""hepatitis C virus""[tiab] OR HCV[tiab]) AND (""host factor""[tiab] OR ""restriction factor""[tiab] OR ""dependency factor""[tiab] OR ""entry factor""[tiab] OR ""host E3 ubiquitin ligase""[tiab] OR ""viral protein-host protein""[tiab] OR ""replication complex""[tiab]) AND (interacts[tiab] OR binds[tiab] OR recruits[tiab] OR cleaves[tiab] OR degrades[tiab] OR modulates[tiab] OR antagonizes[tiab] OR restricts[tiab] OR promotes[tiab] OR mechanism*[tiab]))",confirm_include,advance_to_import
pmid-28336330,28336330,10.1016/j.bbalip.2017.03.007,Requirement of cytosolic phospholipase A2 gamma in lipid droplet formation.,2017,high,request_pdf,strong_learned_match,viral protein-host protein; restriction factor; dependency factor; entry factor; ubiquitin ligase; replication complex; host; virus; viral; not,Request PDF: title/abstract matches multiple PMC-learned criteria plus run-objective terms.,"((""hepatitis C virus""[tiab] OR HCV[tiab]) AND (""host factor""[tiab] OR ""restriction factor""[tiab] OR ""dependency factor""[tiab] OR ""entry factor""[tiab] OR ""host E3 ubiquitin ligase""[tiab] OR ""viral protein-host protein""[tiab] OR ""replication complex""[tiab]) AND (interacts[tiab] OR binds[tiab] OR recruits[tiab] OR cleaves[tiab] OR degrades[tiab] OR modulates[tiab] OR antagonizes[tiab] OR restricts[tiab] OR promotes[tiab] OR mechanism*[tiab]))",confirm_include,advance_to_import
pmid-28679754,28679754,10.1128/JVI.00629-17,Sec24C-Dependent Transport of Claudin-1 Regulates Hepatitis C Virus Entry.,2017,high,request_pdf,strong_learned_match,viral protein-host protein; restriction factor; dependency factor; entry factor; ubiquitin ligase; replication complex; host; pathway; virus; viral,Request PDF: title/abstract matches multiple PMC-learned criteria plus run-objective terms.,"((""hepatitis C virus""[tiab] OR HCV[tiab]) AND (""host factor""[tiab] OR ""restriction factor""[tiab] OR ""dependency factor""[tiab] OR ""entry factor""[tiab] OR ""host E3 ubiquitin ligase""[tiab] OR ""viral protein-host protein""[tiab] OR ""replication complex""[tiab]) AND (interacts[tiab] OR binds[tiab] OR recruits[tiab] OR cleaves[tiab] OR degrades[tiab] OR modulates[tiab] OR antagonizes[tiab] OR restricts[tiab] OR promotes[tiab] OR mechanism*[tiab]))",confirm_include,advance_to_import
pmid-28202764,28202764,10.1128/JVI.00088-17,TRIM25 Is Required for the Antiviral Activity of Zinc Finger Antiviral Protein.,2017,high,request_pdf,strong_learned_match,viral protein-host protein binding; viral protein-host protein; restriction factor; dependency factor; entry factor; ubiquitin ligase; replication complex; host; virus; viruses,Request PDF: title/abstract matches multiple PMC-learned criteria plus run-objective terms.,"((HIV[tiab] OR ""human immunodeficiency virus""[tiab]) AND (""host factor""[tiab] OR ""restriction factor""[tiab] OR ""dependency factor""[tiab] OR ""entry factor""[tiab] OR ""host E3 ubiquitin ligase""[tiab] OR ""viral protein-host protein""[tiab]) AND (interacts[tiab] OR binds[tiab] OR recruits[tiab] OR cleaves[tiab] OR degrades[tiab] OR modulates[tiab] OR antagonizes[tiab] OR restricts[tiab] OR promotes[tiab] OR mechanism*[tiab])); ((Ebola[tiab] OR ""Ebola virus""[tiab] OR Ebolavirus[tiab] OR EBOV[tiab]) AND (""host factor""[tiab] OR ""restriction factor""[tiab] OR ""dependency factor""[tiab] OR ""entry factor""[tiab] OR ""host E3 ubiquitin ligase""[tiab] OR ""viral protein-host protein""[tiab] OR ""replication complex""[tiab]) AND (interacts[tiab] OR binds[tiab] OR recruits[tiab] OR cleaves[tiab] OR degrades[tiab] OR modulates[tiab] OR antagonizes[tiab] OR restricts[tiab] OR promotes[tiab] OR mechanism*[tiab]))",confirm_include,advance_to_import
pmid-28679761,28679761,10.1128/JVI.00833-17,The Host E3-Ubiquitin Ligase TRIM6 Ubiquitinates the Ebola Virus VP35 Protein and Promotes Virus Replication.,2017,high,request_pdf,strong_learned_match,viral protein-host protein; restriction factor; dependency factor; entry factor; ubiquitin ligase; replication complex; host; virus; viruses; viral,Request PDF: title/abstract matches multiple PMC-learned criteria plus run-objective terms.,"((Ebola[tiab] OR ""Ebola virus""[tiab] OR Ebolavirus[tiab] OR EBOV[tiab]) AND (""host factor""[tiab] OR ""restriction factor""[tiab] OR ""dependency factor""[tiab] OR ""entry factor""[tiab] OR ""host E3 ubiquitin ligase""[tiab] OR ""viral protein-host protein""[tiab] OR ""replication complex""[tiab]) AND (interacts[tiab] OR binds[tiab] OR recruits[tiab] OR cleaves[tiab] OR degrades[tiab] OR modulates[tiab] OR antagonizes[tiab] OR restricts[tiab] OR promotes[tiab] OR mechanism*[tiab]))",confirm_include,advance_to_import
pmid-28659343,28659343,10.1074/jbc.M117.797332,The host-cell restriction factor SERINC5 restricts HIV-1 infectivity without altering the lipid composition and organization of viral particles.,2017,high,request_pdf,strong_learned_match,viral protein-host protein binding; viral protein-host protein; restriction factor; dependency factor; entry factor; ubiquitin ligase; host; pathway; virus; viral,Request PDF: title/abstract matches multiple PMC-learned criteria plus run-objective terms.,"((HIV[tiab] OR ""human immunodeficiency virus""[tiab]) AND (""host factor""[tiab] OR ""restriction factor""[tiab] OR ""dependency factor""[tiab] OR ""entry factor""[tiab] OR ""host E3 ubiquitin ligase""[tiab] OR ""viral protein-host protein""[tiab]) AND (interacts[tiab] OR binds[tiab] OR recruits[tiab] OR cleaves[tiab] OR degrades[tiab] OR modulates[tiab] OR antagonizes[tiab] OR restricts[tiab] OR promotes[tiab] OR mechanism*[tiab]))",confirm_include,advance_to_import
pmid-28424288,28424288,10.1128/JVI.00051-17,Virion-Associated Vpr Alleviates a Postintegration Block to HIV-1 Infection of Dendritic Cells.,2017,high,request_pdf,strong_learned_match,viral protein-host protein binding; viral protein-host protein; restriction factor; dependency factor; entry factor; ubiquitin ligase; replication complex; host; virus; viruses,Request PDF: title/abstract matches multiple PMC-learned criteria plus run-objective terms.,"((HIV[tiab] OR ""human immunodeficiency virus""[tiab]) AND (""host factor""[tiab] OR ""restriction factor""[tiab] OR ""dependency factor""[tiab] OR ""entry factor""[tiab] OR ""host E3 ubiquitin ligase""[tiab] OR ""viral protein-host protein""[tiab]) AND (interacts[tiab] OR binds[tiab] OR recruits[tiab] OR cleaves[tiab] OR degrades[tiab] OR modulates[tiab] OR antagonizes[tiab] OR restricts[tiab] OR promotes[tiab] OR mechanism*[tiab]))",confirm_include,advance_to_import
pmid-29321329,29321329,10.1128/JVI.01787-17,"A Cyclin-Binding Motif in Human SAMHD1 Is Required for Its HIV-1 Restriction, dNTPase Activity, Tetramer Formation, and Efficient Phosphorylation.",2018,high,request_pdf,strong_learned_match,viral protein-host protein binding; viral protein-host protein; restriction factor; dependency factor; entry factor; ubiquitin ligase; nuclear import; host; pathway; virus,Request PDF: title/abstract matches multiple PMC-learned criteria plus run-objective terms.,"((HIV[tiab] OR ""human immunodeficiency virus""[tiab]) AND (""host factor""[tiab] OR ""restriction factor""[tiab] OR ""dependency factor""[tiab] OR ""entry factor""[tiab] OR ""host E3 ubiquitin ligase""[tiab] OR ""viral protein-host protein""[tiab]) AND (interacts[tiab] OR binds[tiab] OR recruits[tiab] OR cleaves[tiab] OR degrades[tiab] OR modulates[tiab] OR antagonizes[tiab] OR restricts[tiab] OR promotes[tiab] OR mechanism*[tiab]))",confirm_include,advance_to_import
pmid-29386121,29386121,10.1016/j.celrep.2018.01.038,A Global Interactome Map of the Dengue Virus NS1 Identifies Virus Restriction and Dependency Host Factors.,2018,high,request_pdf,strong_learned_match,proximity proteomics; protein interaction mapping; restriction factor; dependency factor; host; virus; viral; interaction; ap-ms; proteomics,Request PDF: title/abstract matches multiple PMC-learned criteria plus run-objective terms.,"((dengue[tiab] OR DENV[tiab]) AND (interactome[tiab] OR AP-MS[tiab] OR ""affinity purification mass spectrometry""[tiab] OR ""proximity proteomics""[tiab] OR ""proximity labeling""[tiab] OR BioID[tiab] OR ""protein interaction mapping""[tiab] OR (""viral protein""[tiab] AND (""host protein""[tiab] OR ""cellular protein""[tiab]))))",confirm_include,advance_to_import
pmid-29997176,29997176,10.1073/pnas.1803909115,Affinity switching of the LEDGF/p75 IBD interactome is governed by kinase-dependent phosphorylation.,2018,high,request_pdf,strong_learned_match,proximity proteomics; protein interaction mapping; dependency factor; host; virus; viral; interaction; proteins; not; for,Request PDF: title/abstract matches multiple PMC-learned criteria plus run-objective terms.,"((HIV[tiab] OR ""human immunodeficiency virus""[tiab]) AND (interactome[tiab] OR AP-MS[tiab] OR ""affinity purification mass spectrometry""[tiab] OR ""proximity proteomics""[tiab] OR ""proximity labeling""[tiab] OR BioID[tiab] OR ""protein interaction mapping""[tiab] OR (""viral protein""[tiab] AND (""host protein""[tiab] OR ""cellular protein""[tiab]))))",confirm_include,advance_to_import
pmid-30550784,30550784,10.1016/j.cell.2018.11.033,Deception through Mimicry: A Cellular Antiviral Strategy.,2018,high,request_pdf,strong_learned_match,proximity proteomics; protein interaction mapping; restriction factor; host; virus; viruses; viral; interaction; ap-ms; proteomics,Request PDF: title/abstract matches multiple PMC-learned criteria plus run-objective terms.,"((Ebola[tiab] OR ""Ebola virus""[tiab] OR Ebolavirus[tiab] OR EBOV[tiab]) AND (interactome[tiab] OR AP-MS[tiab] OR ""affinity purification mass spectrometry""[tiab] OR ""proximity proteomics""[tiab] OR ""proximity labeling""[tiab] OR BioID[tiab] OR ""protein interaction mapping""[tiab] OR (""viral protein""[tiab] AND (""host protein""[tiab] OR ""cellular protein""[tiab]))))",confirm_include,advance_to_import
pmid-30133337,30133337,10.1089/nat.2018.0722,Development of Locked Nucleic Acid Antisense Oligonucleotides Targeting Ebola Viral Proteins and Host Factor Niemann-Pick C1.,2018,high,request_pdf,strong_learned_match,viral protein-host protein; restriction factor; dependency factor; entry factor; ubiquitin ligase; replication complex; host; virus; viral; proteins,Request PDF: title/abstract matches multiple PMC-learned criteria plus run-objective terms.,"((Ebola[tiab] OR ""Ebola virus""[tiab] OR Ebolavirus[tiab] OR EBOV[tiab]) AND (""host factor""[tiab] OR ""restriction factor""[tiab] OR ""dependency factor""[tiab] OR ""entry factor""[tiab] OR ""host E3 ubiquitin ligase""[tiab] OR ""viral protein-host protein""[tiab] OR ""replication complex""[tiab]) AND (interacts[tiab] OR binds[tiab] OR recruits[tiab] OR cleaves[tiab] OR degrades[tiab] OR modulates[tiab] OR antagonizes[tiab] OR restricts[tiab] OR promotes[tiab] OR mechanism*[tiab]))",confirm_include,advance_to_import
pmid-30333189,30333189,10.1073/pnas.1800796115,Dynamic regulation of HIV-1 capsid interaction with the restriction factor TRIM5α identified by magic-angle spinning NMR and molecular dynamics simulations.,2018,high,request_pdf,strong_learned_match,viral protein-host protein binding; viral protein-host protein; restriction factor; dependency factor; entry factor; ubiquitin ligase; nuclear import; host; virus; viral,Request PDF: title/abstract matches multiple PMC-learned criteria plus run-objective terms.,"((HIV[tiab] OR ""human immunodeficiency virus""[tiab]) AND (""host factor""[tiab] OR ""restriction factor""[tiab] OR ""dependency factor""[tiab] OR ""entry factor""[tiab] OR ""host E3 ubiquitin ligase""[tiab] OR ""viral protein-host protein""[tiab]) AND (interacts[tiab] OR binds[tiab] OR recruits[tiab] OR cleaves[tiab] OR degrades[tiab] OR modulates[tiab] OR antagonizes[tiab] OR restricts[tiab] OR promotes[tiab] OR mechanism*[tiab]))",confirm_include,advance_to_import
pmid-30081309,30081309,10.1016/j.virol.2018.07.024,Equine MX2 is a restriction factor of equine infectious anemia virus (EIAV).,2018,high,request_pdf,strong_learned_match,viral protein-host protein binding; viral protein-host protein; restriction factor; dependency factor; entry factor; ubiquitin ligase; host; virus; viruses; viral,Request PDF: title/abstract matches multiple PMC-learned criteria plus run-objective terms.,"((HIV[tiab] OR ""human immunodeficiency virus""[tiab]) AND (""host factor""[tiab] OR ""restriction factor""[tiab] OR ""dependency factor""[tiab] OR ""entry factor""[tiab] OR ""host E3 ubiquitin ligase""[tiab] OR ""viral protein-host protein""[tiab]) AND (interacts[tiab] OR binds[tiab] OR recruits[tiab] OR cleaves[tiab] OR degrades[tiab] OR modulates[tiab] OR antagonizes[tiab] OR restricts[tiab] OR promotes[tiab] OR mechanism*[tiab]))",confirm_include,advance_to_import
pmid-29514909,29514909,10.1128/JVI.00196-18,HIV-1 Nef Antagonizes SERINC5 Restriction by Downregulation of SERINC5 via the Endosome/Lysosome System.,2018,high,request_pdf,strong_learned_match,viral protein-host protein binding; viral protein-host protein; restriction factor; dependency factor; entry factor; ubiquitin ligase; host; pathway; virus; viral,Request PDF: title/abstract matches multiple PMC-learned criteria plus run-objective terms.,"((HIV[tiab] OR ""human immunodeficiency virus""[tiab]) AND (""host factor""[tiab] OR ""restriction factor""[tiab] OR ""dependency factor""[tiab] OR ""entry factor""[tiab] OR ""host E3 ubiquitin ligase""[tiab] OR ""viral protein-host protein""[tiab]) AND (interacts[tiab] OR binds[tiab] OR recruits[tiab] OR cleaves[tiab] OR degrades[tiab] OR modulates[tiab] OR antagonizes[tiab] OR restricts[tiab] OR promotes[tiab] OR mechanism*[tiab]))",confirm_include,advance_to_import
pmid-29891865,29891865,10.1038/s41564-018-0179-6,HIV-2/SIV viral protein X counteracts HUSH repressor complex.,2018,high,request_pdf,strong_learned_match,viral protein-host protein binding; viral protein-host protein; restriction factor; dependency factor; entry factor; ubiquitin ligase; er-phagy; reticulophagy; nuclear import; rna-binding proteins,Request PDF: title/abstract matches multiple PMC-learned criteria plus run-objective terms.,"((HIV[tiab] OR ""human immunodeficiency virus""[tiab]) AND (""host factor""[tiab] OR ""restriction factor""[tiab] OR ""dependency factor""[tiab] OR ""entry factor""[tiab] OR ""host E3 ubiquitin ligase""[tiab] OR ""viral protein-host protein""[tiab]) AND (interacts[tiab] OR binds[tiab] OR recruits[tiab] OR cleaves[tiab] OR degrades[tiab] OR modulates[tiab] OR antagonizes[tiab] OR restricts[tiab] OR promotes[tiab] OR mechanism*[tiab])); ((KSHV[ti] OR ""Kaposi sarcoma-associated herpesvirus""[ti] OR dengue[ti] OR DENV[ti] OR ""hepatitis C virus""[ti] OR HCV[ti] OR coxsackievirus[ti] OR HIV[ti] OR Ebola[ti] OR EBOV[ti]) AND (""ubiquitin ligase""[tiab] OR proteasome[tiab] OR autophagy[tiab] OR ""ER-phagy""[tiab] OR reticulophagy[tiab] OR ""nuclear import""[tiab] OR ""RNA-binding protein""[tiab] OR ""replication complex""[tiab] OR trafficking[tiab]) AND (""host factor""[tiab] OR ""host protein""[tiab] OR ""viral protein""[tiab]) AND (interacts[tiab] OR binds[tiab] OR recruits[tiab] OR cleaves[tiab] OR degrades[tiab] OR modulates[tiab] OR restricts[tiab] OR promotes[tiab]) NOT (patient*[tiab] OR plasma[tiab] OR serum[tiab] OR biomarker*[tiab] OR metabolomic*[tiab] OR ""network pharmacology""[tiab] OR docking[tiab] OR vaccine*[tiab] OR diagnostic*[tiab] OR epidemiolog*[tiab]))",confirm_include,advance_to_import
pmid-29950411,29950411,10.1128/JVI.01056-18,Human MxB Protein Is a Pan-herpesvirus Restriction Factor.,2018,high,request_pdf,strong_learned_match,viral protein-host protein binding; viral protein-host protein; restriction factor; dependency factor; entry factor; ubiquitin ligase; host; virus; viruses; viral,Request PDF: title/abstract matches multiple PMC-learned criteria plus run-objective terms.,"((HIV[tiab] OR ""human immunodeficiency virus""[tiab]) AND (""host factor""[tiab] OR ""restriction factor""[tiab] OR ""dependency factor""[tiab] OR ""entry factor""[tiab] OR ""host E3 ubiquitin ligase""[tiab] OR ""viral protein-host protein""[tiab]) AND (interacts[tiab] OR binds[tiab] OR recruits[tiab] OR cleaves[tiab] OR degrades[tiab] OR modulates[tiab] OR antagonizes[tiab] OR restricts[tiab] OR promotes[tiab] OR mechanism*[tiab]))",confirm_include,advance_to_import
pmid-29263270,29263270,10.1128/JVI.01697-17,Identification of a Conserved Interface of Human Immunodeficiency Virus Type 1 and Feline Immunodeficiency Virus Vifs with Cullin 5.,2018,high,request_pdf,strong_learned_match,viral protein-host protein binding; viral protein-host protein; restriction factor; dependency factor; entry factor; ubiquitin ligase; host; virus; viruses; viral,Request PDF: title/abstract matches multiple PMC-learned criteria plus run-objective terms.,"((HIV[tiab] OR ""human immunodeficiency virus""[tiab]) AND (""host factor""[tiab] OR ""restriction factor""[tiab] OR ""dependency factor""[tiab] OR ""entry factor""[tiab] OR ""host E3 ubiquitin ligase""[tiab] OR ""viral protein-host protein""[tiab]) AND (interacts[tiab] OR binds[tiab] OR recruits[tiab] OR cleaves[tiab] OR degrades[tiab] OR modulates[tiab] OR antagonizes[tiab] OR restricts[tiab] OR promotes[tiab] OR mechanism*[tiab]))",confirm_include,advance_to_import
pmid-29923822,29923822,10.1099/jgv.0.001099,Investigation of the role of GBF1 in the replication of positive-sense single-stranded RNA viruses.,2018,high,request_pdf,strong_learned_match,viral protein-host protein; restriction factor; dependency factor; entry factor; ubiquitin ligase; replication complex; host; pathway; virus; viruses,Request PDF: title/abstract matches multiple PMC-learned criteria plus run-objective terms.,"((""hepatitis C virus""[tiab] OR HCV[tiab]) AND (""host factor""[tiab] OR ""restriction factor""[tiab] OR ""dependency factor""[tiab] OR ""entry factor""[tiab] OR ""host E3 ubiquitin ligase""[tiab] OR ""viral protein-host protein""[tiab] OR ""replication complex""[tiab]) AND (interacts[tiab] OR binds[tiab] OR recruits[tiab] OR cleaves[tiab] OR degrades[tiab] OR modulates[tiab] OR antagonizes[tiab] OR restricts[tiab] OR promotes[tiab] OR mechanism*[tiab])); ((coxsackievirus[tiab] OR ""coxsackie virus""[tiab] OR CVB[tiab]) AND (""host factor""[tiab] OR ""restriction factor""[tiab] OR ""dependency factor""[tiab] OR ""entry factor""[tiab] OR ""host E3 ubiquitin ligase""[tiab] OR ""viral protein-host protein""[tiab] OR ""replication complex""[tiab]) AND (interacts[tiab] OR binds[tiab] OR recruits[tiab] OR cleaves[tiab] OR degrades[tiab] OR modulates[tiab] OR antagonizes[tiab] OR restricts[tiab] OR promotes[tiab] OR mechanism*[tiab]))",confirm_include,advance_to_import
pmid-29769341,29769341,10.1128/JVI.01974-17,Mutational Analysis of the Bovine Hepacivirus Internal Ribosome Entry Site.,2018,high,request_pdf,strong_learned_match,viral protein-host protein binding; viral protein-host protein; restriction factor; dependency factor; entry factor; ubiquitin ligase; replication complex; host; pathway; virus,Request PDF: title/abstract matches multiple PMC-learned criteria plus run-objective terms.,"((""hepatitis C virus""[tiab] OR HCV[tiab]) AND (""host factor""[tiab] OR ""restriction factor""[tiab] OR ""dependency factor""[tiab] OR ""entry factor""[tiab] OR ""host E3 ubiquitin ligase""[tiab] OR ""viral protein-host protein""[tiab] OR ""replication complex""[tiab]) AND (interacts[tiab] OR binds[tiab] OR recruits[tiab] OR cleaves[tiab] OR degrades[tiab] OR modulates[tiab] OR antagonizes[tiab] OR restricts[tiab] OR promotes[tiab] OR mechanism*[tiab]))",confirm_include,advance_to_import
pmid-30111563,30111563,10.1128/JVI.01123-18,Neuralized E3 Ubiquitin Protein Ligase 3 Is an Inducible Antiviral Effector That Inhibits Hepatitis C Virus Assembly by Targeting Viral E1 Glycoprotein.,2018,high,request_pdf,strong_learned_match,viral protein-host protein binding; viral protein-host protein; restriction factor; dependency factor; entry factor; ubiquitin ligase; replication complex; host; virus; viruses,Request PDF: title/abstract matches multiple PMC-learned criteria plus run-objective terms.,"((dengue[tiab] OR DENV[tiab]) AND (""host factor""[tiab] OR ""restriction factor""[tiab] OR ""dependency factor""[tiab] OR ""entry factor""[tiab] OR ""host E3 ubiquitin ligase""[tiab] OR ""viral protein-host protein""[tiab] OR ""replication complex""[tiab]) AND (interacts[tiab] OR binds[tiab] OR recruits[tiab] OR cleaves[tiab] OR degrades[tiab] OR modulates[tiab] OR antagonizes[tiab] OR restricts[tiab] OR promotes[tiab] OR mechanism*[tiab])); ((""hepatitis C virus""[tiab] OR HCV[tiab]) AND (""host factor""[tiab] OR ""restriction factor""[tiab] OR ""dependency factor""[tiab] OR ""entry factor""[tiab] OR ""host E3 ubiquitin ligase""[tiab] OR ""viral protein-host protein""[tiab] OR ""replication complex""[tiab]) AND (interacts[tiab] OR binds[tiab] OR recruits[tiab] OR cleaves[tiab] OR degrades[tiab] OR modulates[tiab] OR antagonizes[tiab] OR restricts[tiab] OR promotes[tiab] OR mechanism*[tiab]))",confirm_include,advance_to_import
pmid-29465030,29465030,10.1099/jgv.0.001026,Novel host restriction factors implicated in HIV-1 replication.,2018,high,request_pdf,strong_learned_match,viral protein-host protein binding; viral protein-host protein; restriction factor; dependency factor; entry factor; ubiquitin ligase; replication complex; host; host-pathogen; virus,Request PDF: title/abstract matches multiple PMC-learned criteria plus run-objective terms.,"((HIV[tiab] OR ""human immunodeficiency virus""[tiab]) AND (""host factor""[tiab] OR ""restriction factor""[tiab] OR ""dependency factor""[tiab] OR ""entry factor""[tiab] OR ""host E3 ubiquitin ligase""[tiab] OR ""viral protein-host protein""[tiab]) AND (interacts[tiab] OR binds[tiab] OR recruits[tiab] OR cleaves[tiab] OR degrades[tiab] OR modulates[tiab] OR antagonizes[tiab] OR restricts[tiab] OR promotes[tiab] OR mechanism*[tiab]))",confirm_include,advance_to_import
pmid-29976668,29976668,10.1128/JVI.00276-18,Preadaptation of Simian Immunodeficiency Virus SIVsmm Facilitated Env-Mediated Counteraction of Human Tetherin by Human Immunodeficiency Virus Type 2.,2018,high,request_pdf,strong_learned_match,viral protein-host protein; restriction factor; dependency factor; entry factor; ubiquitin ligase; host; virus; viruses; viral; proteins,Request PDF: title/abstract matches multiple PMC-learned criteria plus run-objective terms.,"((HIV[tiab] OR ""human immunodeficiency virus""[tiab]) AND (""host factor""[tiab] OR ""restriction factor""[tiab] OR ""dependency factor""[tiab] OR ""entry factor""[tiab] OR ""host E3 ubiquitin ligase""[tiab] OR ""viral protein-host protein""[tiab]) AND (interacts[tiab] OR binds[tiab] OR recruits[tiab] OR cleaves[tiab] OR degrades[tiab] OR modulates[tiab] OR antagonizes[tiab] OR restricts[tiab] OR promotes[tiab] OR mechanism*[tiab]))",confirm_include,advance_to_import
pmid-29743366,29743366,10.1128/JVI.00478-18,Regulation of Virus-Associated Lymphoma Growth and Gene Expression by Bacterial Quorum-Sensing Molecules.,2018,high,request_pdf,strong_learned_match,proximity proteomics; protein interaction mapping; host; virus; viral; studies; interaction; for; ap-ms; proteomics,Request PDF: title/abstract matches multiple PMC-learned criteria plus run-objective terms.,"((KSHV[tiab] OR ""Kaposi sarcoma-associated herpesvirus""[tiab] OR ""human herpesvirus 8""[tiab] OR HHV-8[tiab]) AND (interactome[tiab] OR AP-MS[tiab] OR ""affinity purification mass spectrometry""[tiab] OR ""proximity proteomics""[tiab] OR ""proximity labeling""[tiab] OR BioID[tiab] OR ""protein interaction mapping""[tiab] OR (""viral protein""[tiab] AND (""host protein""[tiab] OR ""cellular protein""[tiab]))))",confirm_include,advance_to_import
pmid-33111682,33111682,10.1684/vir.2018.0741,SAMHD1: mechanisms of regulation and viral evasion.,2018,high,request_pdf,strong_learned_match,viral protein-host protein; restriction factor; dependency factor; entry factor; ubiquitin ligase; host; virus; viruses; viral; for,Request PDF: title/abstract matches multiple PMC-learned criteria plus run-objective terms.,"((HIV[tiab] OR ""human immunodeficiency virus""[tiab]) AND (""host factor""[tiab] OR ""restriction factor""[tiab] OR ""dependency factor""[tiab] OR ""entry factor""[tiab] OR ""host E3 ubiquitin ligase""[tiab] OR ""viral protein-host protein""[tiab]) AND (interacts[tiab] OR binds[tiab] OR recruits[tiab] OR cleaves[tiab] OR degrades[tiab] OR modulates[tiab] OR antagonizes[tiab] OR restricts[tiab] OR promotes[tiab] OR mechanism*[tiab]))",confirm_include,advance_to_import
pmid-30265629,30265629,10.1146/annurev-virology-092917-043308,SERINC5 as a New Restriction Factor for Human Immunodeficiency Virus and Murine Leukemia Virus.,2018,high,request_pdf,strong_learned_match,viral protein-host protein; restriction factor; dependency factor; entry factor; ubiquitin ligase; host; virus; viruses; viral; proteins,Request PDF: title/abstract matches multiple PMC-learned criteria plus run-objective terms.,"((HIV[tiab] OR ""human immunodeficiency virus""[tiab]) AND (""host factor""[tiab] OR ""restriction factor""[tiab] OR ""dependency factor""[tiab] OR ""entry factor""[tiab] OR ""host E3 ubiquitin ligase""[tiab] OR ""viral protein-host protein""[tiab]) AND (interacts[tiab] OR binds[tiab] OR recruits[tiab] OR cleaves[tiab] OR degrades[tiab] OR modulates[tiab] OR antagonizes[tiab] OR restricts[tiab] OR promotes[tiab] OR mechanism*[tiab]))",confirm_include,advance_to_import
pmid-29845529,29845529,10.1007/978-981-10-8727-1_9,The Dengue Virus Replication Complex: From RNA Replication to Protein-Protein Interactions to Evasion of Innate Immunity.,2018,high,request_pdf,strong_learned_match,proximity proteomics; viral protein-host protein; protein interaction mapping; restriction factor; dependency factor; entry factor; ubiquitin ligase; replication complex; host; virus,Request PDF: title/abstract matches multiple PMC-learned criteria plus run-objective terms.,"((dengue[tiab] OR DENV[tiab]) AND (interactome[tiab] OR AP-MS[tiab] OR ""affinity purification mass spectrometry""[tiab] OR ""proximity proteomics""[tiab] OR ""proximity labeling""[tiab] OR BioID[tiab] OR ""protein interaction mapping""[tiab] OR (""viral protein""[tiab] AND (""host protein""[tiab] OR ""cellular protein""[tiab])))); ((dengue[tiab] OR DENV[tiab]) AND (""host factor""[tiab] OR ""restriction factor""[tiab] OR ""dependency factor""[tiab] OR ""entry factor""[tiab] OR ""host E3 ubiquitin ligase""[tiab] OR ""viral protein-host protein""[tiab] OR ""replication complex""[tiab]) AND (interacts[tiab] OR binds[tiab] OR recruits[tiab] OR cleaves[tiab] OR degrades[tiab] OR modulates[tiab] OR antagonizes[tiab] OR restricts[tiab] OR promotes[tiab] OR mechanism*[tiab]))",confirm_include,advance_to_import
pmid-29607934,29607934,10.1248/bpb.b17-00991,Virion-Packaged Pyruvate Kinase Muscle Type 2 Affects Reverse Transcription Efficiency of Human Immunodeficiency Virus Type 1 by Blocking Virion Recruitment of tRNA(Lys3).,2018,high,request_pdf,strong_learned_match,viral protein-host protein; restriction factor; dependency factor; entry factor; ubiquitin ligase; host; virus; viral,Request PDF: title/abstract matches multiple PMC-learned criteria plus run-objective terms.,"((HIV[tiab] OR ""human immunodeficiency virus""[tiab]) AND (""host factor""[tiab] OR ""restriction factor""[tiab] OR ""dependency factor""[tiab] OR ""entry factor""[tiab] OR ""host E3 ubiquitin ligase""[tiab] OR ""viral protein-host protein""[tiab]) AND (interacts[tiab] OR binds[tiab] OR recruits[tiab] OR cleaves[tiab] OR degrades[tiab] OR modulates[tiab] OR antagonizes[tiab] OR restricts[tiab] OR promotes[tiab] OR mechanism*[tiab]))",confirm_include,advance_to_import
pmid-33111680,33111680,10.1684/vir.2018.0742,[SAMHD1: mechanisms of regulation and viral evasion].,2018,high,request_pdf,strong_learned_match,viral protein-host protein; restriction factor; dependency factor; entry factor; ubiquitin ligase; host; virus; viruses; viral; for,Request PDF: title/abstract matches multiple PMC-learned criteria plus run-objective terms.,"((HIV[tiab] OR ""human immunodeficiency virus""[tiab]) AND (""host factor""[tiab] OR ""restriction factor""[tiab] OR ""dependency factor""[tiab] OR ""entry factor""[tiab] OR ""host E3 ubiquitin ligase""[tiab] OR ""viral protein-host protein""[tiab]) AND (interacts[tiab] OR binds[tiab] OR recruits[tiab] OR cleaves[tiab] OR degrades[tiab] OR modulates[tiab] OR antagonizes[tiab] OR restricts[tiab] OR promotes[tiab] OR mechanism*[tiab]))",confirm_include,advance_to_import
pmid-30862444,30862444,10.1016/j.antiviral.2019.03.005,APOBEC3G is a restriction factor of EV71 and mediator of IMB-Z antiviral activity.,2019,high,request_pdf,strong_learned_match,viral protein-host protein; restriction factor; dependency factor; entry factor; ubiquitin ligase; replication complex; host; virus; viruses; viral,Request PDF: title/abstract matches multiple PMC-learned criteria plus run-objective terms.,"((""hepatitis C virus""[tiab] OR HCV[tiab]) AND (""host factor""[tiab] OR ""restriction factor""[tiab] OR ""dependency factor""[tiab] OR ""entry factor""[tiab] OR ""host E3 ubiquitin ligase""[tiab] OR ""viral protein-host protein""[tiab] OR ""replication complex""[tiab]) AND (interacts[tiab] OR binds[tiab] OR recruits[tiab] OR cleaves[tiab] OR degrades[tiab] OR modulates[tiab] OR antagonizes[tiab] OR restricts[tiab] OR promotes[tiab] OR mechanism*[tiab])); ((HIV[tiab] OR ""human immunodeficiency virus""[tiab]) AND (""host factor""[tiab] OR ""restriction factor""[tiab] OR ""dependency factor""[tiab] OR ""entry factor""[tiab] OR ""host E3 ubiquitin ligase""[tiab] OR ""viral protein-host protein""[tiab]) AND (interacts[tiab] OR binds[tiab] OR recruits[tiab] OR cleaves[tiab] OR degrades[tiab] OR modulates[tiab] OR antagonizes[tiab] OR restricts[tiab] OR promotes[tiab] OR mechanism*[tiab]))",confirm_include,advance_to_import
pmid-28713027,28713027,10.1016/j.jprot.2017.07.004,"An ""on-matrix"" digestion procedure for AP-MS experiments dissects the interplay between complex-conserved and serotype-specific reactivities in Dengue virus-human plasma interactome.",2019,high,request_pdf,strong_learned_match,proximity proteomics; protein interaction mapping; host; virus; viral; evidence; studies; interaction; proteins; not,Request PDF: title/abstract matches multiple PMC-learned criteria plus run-objective terms.,"((dengue[tiab] OR DENV[tiab]) AND (interactome[tiab] OR AP-MS[tiab] OR ""affinity purification mass spectrometry""[tiab] OR ""proximity proteomics""[tiab] OR ""proximity labeling""[tiab] OR BioID[tiab] OR ""protein interaction mapping""[tiab] OR (""viral protein""[tiab] AND (""host protein""[tiab] OR ""cellular protein""[tiab]))))",confirm_include,advance_to_import
pmid-30944177,30944177,10.1128/JVI.00373-19,C19ORF66 Broadly Escapes Virus-Induced Endonuclease Cleavage and Restricts Kaposi's Sarcoma-Associated Herpesvirus.,2019,high,request_pdf,strong_learned_match,viral protein-host protein; restriction factor; dependency factor; entry factor; ubiquitin ligase; host; virus; viruses; viral; not,Request PDF: title/abstract matches multiple PMC-learned criteria plus run-objective terms.,"((KSHV[tiab] OR ""Kaposi sarcoma-associated herpesvirus""[tiab] OR ""human herpesvirus 8""[tiab] OR HHV-8[tiab]) AND (""host factor""[tiab] OR ""restriction factor""[tiab] OR ""dependency factor""[tiab] OR ""entry factor""[tiab] OR ""host E3 ubiquitin ligase""[tiab] OR ""viral protein-host protein""[tiab]) AND (interacts[tiab] OR binds[tiab] OR recruits[tiab] OR cleaves[tiab] OR degrades[tiab] OR modulates[tiab] OR antagonizes[tiab] OR restricts[tiab] OR promotes[tiab] OR mechanism*[tiab]))",confirm_include,advance_to_import
pmid-30814280,30814280,10.1128/JVI.00214-19,CA Mutation N57A Has Distinct Strain-Specific HIV-1 Capsid Uncoating and Infectivity Phenotypes.,2019,high,request_pdf,strong_learned_match,viral protein-host protein; restriction factor; dependency factor; entry factor; ubiquitin ligase; host; virus; viral; when; not,Request PDF: title/abstract matches multiple PMC-learned criteria plus run-objective terms.,"((HIV[tiab] OR ""human immunodeficiency virus""[tiab]) AND (""host factor""[tiab] OR ""restriction factor""[tiab] OR ""dependency factor""[tiab] OR ""entry factor""[tiab] OR ""host E3 ubiquitin ligase""[tiab] OR ""viral protein-host protein""[tiab]) AND (interacts[tiab] OR binds[tiab] OR recruits[tiab] OR cleaves[tiab] OR degrades[tiab] OR modulates[tiab] OR antagonizes[tiab] OR restricts[tiab] OR promotes[tiab] OR mechanism*[tiab]))",confirm_include,advance_to_import
pmid-31043528,31043528,10.1128/JVI.00544-19,CD4 Expression and Env Conformation Are Critical for HIV-1 Restriction by SERINC5.,2019,high,request_pdf,strong_learned_match,viral protein-host protein; restriction factor; dependency factor; entry factor; ubiquitin ligase; nuclear import; replication complex; host; virus; viruses,Request PDF: title/abstract matches multiple PMC-learned criteria plus run-objective terms.,"((HIV[tiab] OR ""human immunodeficiency virus""[tiab]) AND (""host factor""[tiab] OR ""restriction factor""[tiab] OR ""dependency factor""[tiab] OR ""entry factor""[tiab] OR ""host E3 ubiquitin ligase""[tiab] OR ""viral protein-host protein""[tiab]) AND (interacts[tiab] OR binds[tiab] OR recruits[tiab] OR cleaves[tiab] OR degrades[tiab] OR modulates[tiab] OR antagonizes[tiab] OR restricts[tiab] OR promotes[tiab] OR mechanism*[tiab]))",confirm_include,advance_to_import
pmid-31118263,31118263,10.1128/JVI.00715-19,Characterization of Novel Splice Variants of Zinc Finger Antiviral Protein (ZAP).,2019,high,request_pdf,strong_learned_match,viral protein-host protein; restriction factor; dependency factor; entry factor; ubiquitin ligase; replication complex; host; virus; viruses; viral,Request PDF: title/abstract matches multiple PMC-learned criteria plus run-objective terms.,"((Ebola[tiab] OR ""Ebola virus""[tiab] OR Ebolavirus[tiab] OR EBOV[tiab]) AND (""host factor""[tiab] OR ""restriction factor""[tiab] OR ""dependency factor""[tiab] OR ""entry factor""[tiab] OR ""host E3 ubiquitin ligase""[tiab] OR ""viral protein-host protein""[tiab] OR ""replication complex""[tiab]) AND (interacts[tiab] OR binds[tiab] OR recruits[tiab] OR cleaves[tiab] OR degrades[tiab] OR modulates[tiab] OR antagonizes[tiab] OR restricts[tiab] OR promotes[tiab] OR mechanism*[tiab]))",confirm_include,advance_to_import
pmid-30867316,30867316,10.1128/JVI.00020-19,Contribution of the Cytoplasmic Determinants of Vpu to the Expansion of Virus-Containing Compartments in HIV-1-Infected Macrophages.,2019,high,request_pdf,strong_learned_match,viral protein-host protein; restriction factor; dependency factor; entry factor; ubiquitin ligase; host; virus; viruses; viral; studies,Request PDF: title/abstract matches multiple PMC-learned criteria plus run-objective terms.,"((HIV[tiab] OR ""human immunodeficiency virus""[tiab]) AND (""host factor""[tiab] OR ""restriction factor""[tiab] OR ""dependency factor""[tiab] OR ""entry factor""[tiab] OR ""host E3 ubiquitin ligase""[tiab] OR ""viral protein-host protein""[tiab]) AND (interacts[tiab] OR binds[tiab] OR recruits[tiab] OR cleaves[tiab] OR degrades[tiab] OR modulates[tiab] OR antagonizes[tiab] OR restricts[tiab] OR promotes[tiab] OR mechanism*[tiab]))",confirm_include,advance_to_import
pmid-31811051,31811051,10.1074/jbc.AAC119.011798,Correction: The host-cell restriction factor SERINC5 restricts HIV-1 infectivity without altering the lipid composition and organization of viral particles.,2019,high,request_pdf,strong_learned_match,viral protein-host protein; restriction factor; dependency factor; entry factor; ubiquitin ligase; host; virus; viral,Request PDF: title/abstract matches multiple PMC-learned criteria plus run-objective terms.,"((HIV[tiab] OR ""human immunodeficiency virus""[tiab]) AND (""host factor""[tiab] OR ""restriction factor""[tiab] OR ""dependency factor""[tiab] OR ""entry factor""[tiab] OR ""host E3 ubiquitin ligase""[tiab] OR ""viral protein-host protein""[tiab]) AND (interacts[tiab] OR binds[tiab] OR recruits[tiab] OR cleaves[tiab] OR degrades[tiab] OR modulates[tiab] OR antagonizes[tiab] OR restricts[tiab] OR promotes[tiab] OR mechanism*[tiab]))",confirm_include,advance_to_import
pmid-31003777,31003777,10.1016/j.bbrc.2019.04.085,Determinants of lentiviral Vpx-CRL4 E3 ligase-mediated SAMHD1 degradation in the substrate adaptor protein DCAF1.,2019,high,request_pdf,strong_learned_match,viral protein-host protein binding; viral protein-host protein; restriction factor; dependency factor; entry factor; ubiquitin ligase; replication complex; host; virus; viral,Request PDF: title/abstract matches multiple PMC-learned criteria plus run-objective terms.,"((HIV[tiab] OR ""human immunodeficiency virus""[tiab]) AND (""host factor""[tiab] OR ""restriction factor""[tiab] OR ""dependency factor""[tiab] OR ""entry factor""[tiab] OR ""host E3 ubiquitin ligase""[tiab] OR ""viral protein-host protein""[tiab]) AND (interacts[tiab] OR binds[tiab] OR recruits[tiab] OR cleaves[tiab] OR degrades[tiab] OR modulates[tiab] OR antagonizes[tiab] OR restricts[tiab] OR promotes[tiab] OR mechanism*[tiab]))",confirm_include,advance_to_import
pmid-31199160,31199160,10.1021/acs.jproteome.9b00130,Differential Proteomics Reveals Discrete Functions of Proteins Interacting with Hypo- versus Hyper-phosphorylated NS5A of the Hepatitis C Virus.,2019,high,request_pdf,strong_learned_match,proximity proteomics; protein interaction mapping; host; virus; viral; interaction; proteins; not; for; ap-ms,Request PDF: title/abstract matches multiple PMC-learned criteria plus run-objective terms.,"((""hepatitis C virus""[tiab] OR HCV[tiab]) AND (interactome[tiab] OR AP-MS[tiab] OR ""affinity purification mass spectrometry""[tiab] OR ""proximity proteomics""[tiab] OR ""proximity labeling""[tiab] OR BioID[tiab] OR ""protein interaction mapping""[tiab] OR (""viral protein""[tiab] AND (""host protein""[tiab] OR ""cellular protein""[tiab]))))",confirm_include,advance_to_import
pmid-30567983,30567983,10.1128/JVI.01459-18,Functional and Physical Interaction between the Arf Activator GBF1 and Hepatitis C Virus NS3 Protein.,2019,high,request_pdf,strong_learned_match,viral protein-host protein; restriction factor; dependency factor; entry factor; ubiquitin ligase; replication complex; host; virus; viruses; viral,Request PDF: title/abstract matches multiple PMC-learned criteria plus run-objective terms.,"((""hepatitis C virus""[tiab] OR HCV[tiab]) AND (""host factor""[tiab] OR ""restriction factor""[tiab] OR ""dependency factor""[tiab] OR ""entry factor""[tiab] OR ""host E3 ubiquitin ligase""[tiab] OR ""viral protein-host protein""[tiab] OR ""replication complex""[tiab]) AND (interacts[tiab] OR binds[tiab] OR recruits[tiab] OR cleaves[tiab] OR degrades[tiab] OR modulates[tiab] OR antagonizes[tiab] OR restricts[tiab] OR promotes[tiab] OR mechanism*[tiab]))",confirm_include,advance_to_import
pmid-31091448,31091448,10.1016/j.celrep.2019.04.063,Guanylate-Binding Proteins 2 and 5 Exert Broad Antiviral Activity by Inhibiting Furin-Mediated Processing of Viral Envelope Proteins.,2019,high,request_pdf,strong_learned_match,viral protein-host protein binding; viral protein-host protein; restriction factor; dependency factor; entry factor; ubiquitin ligase; host; virus; viruses; viral,Request PDF: title/abstract matches multiple PMC-learned criteria plus run-objective terms.,"((HIV[tiab] OR ""human immunodeficiency virus""[tiab]) AND (""host factor""[tiab] OR ""restriction factor""[tiab] OR ""dependency factor""[tiab] OR ""entry factor""[tiab] OR ""host E3 ubiquitin ligase""[tiab] OR ""viral protein-host protein""[tiab]) AND (interacts[tiab] OR binds[tiab] OR recruits[tiab] OR cleaves[tiab] OR degrades[tiab] OR modulates[tiab] OR antagonizes[tiab] OR restricts[tiab] OR promotes[tiab] OR mechanism*[tiab]))",confirm_include,advance_to_import
pmid-31578293,31578293,10.1128/JVI.00666-19,HIV-2 Depletes CD4 T Cells through Pyroptosis despite Vpx-Dependent Degradation of SAMHD1.,2019,high,request_pdf,strong_learned_match,viral protein-host protein; restriction factor; dependency factor; entry factor; ubiquitin ligase; host; virus; viral; not; for,Request PDF: title/abstract matches multiple PMC-learned criteria plus run-objective terms.,"((HIV[tiab] OR ""human immunodeficiency virus""[tiab]) AND (""host factor""[tiab] OR ""restriction factor""[tiab] OR ""dependency factor""[tiab] OR ""entry factor""[tiab] OR ""host E3 ubiquitin ligase""[tiab] OR ""viral protein-host protein""[tiab]) AND (interacts[tiab] OR binds[tiab] OR recruits[tiab] OR cleaves[tiab] OR degrades[tiab] OR modulates[tiab] OR antagonizes[tiab] OR restricts[tiab] OR promotes[tiab] OR mechanism*[tiab]))",confirm_include,advance_to_import
pmid-31305524,31305524,10.3791/59329,Identification of Nucleolar Factors During HIV-1 Replication Through Rev Immunoprecipitation and Mass Spectrometry.,2019,high,request_pdf,strong_learned_match,proximity proteomics; protein interaction mapping; replication complex; host; pathway; virus; viral; interaction; for; ap-ms,Request PDF: title/abstract matches multiple PMC-learned criteria plus run-objective terms.,"((HIV[tiab] OR ""human immunodeficiency virus""[tiab]) AND (interactome[tiab] OR AP-MS[tiab] OR ""affinity purification mass spectrometry""[tiab] OR ""proximity proteomics""[tiab] OR ""proximity labeling""[tiab] OR BioID[tiab] OR ""protein interaction mapping""[tiab] OR (""viral protein""[tiab] AND (""host protein""[tiab] OR ""cellular protein""[tiab]))))",confirm_include,advance_to_import
pmid-31068426,31068426,10.1128/JVI.00558-19,K63-Linked Ubiquitin Is Required for Restriction of HIV-1 Reverse Transcription and Capsid Destabilization by Rhesus TRIM5α.,2019,high,request_pdf,strong_learned_match,viral protein-host protein binding; viral protein-host protein; restriction factor; dependency factor; entry factor; ubiquitin ligase; host; pathway; virus; viral,Request PDF: title/abstract matches multiple PMC-learned criteria plus run-objective terms.,"((HIV[tiab] OR ""human immunodeficiency virus""[tiab]) AND (""host factor""[tiab] OR ""restriction factor""[tiab] OR ""dependency factor""[tiab] OR ""entry factor""[tiab] OR ""host E3 ubiquitin ligase""[tiab] OR ""viral protein-host protein""[tiab]) AND (interacts[tiab] OR binds[tiab] OR recruits[tiab] OR cleaves[tiab] OR degrades[tiab] OR modulates[tiab] OR antagonizes[tiab] OR restricts[tiab] OR promotes[tiab] OR mechanism*[tiab]))",confirm_include,advance_to_import
pmid-31597760,31597760,10.1128/JVI.01398-19,Multifunctional Roles of the N-Terminal Region of HIV-1(SF2)Nef Are Mediated by Three Independent Protein Interaction Sites.,2019,high,request_pdf,strong_learned_match,viral protein-host protein binding; viral protein-host protein; protein interaction mapping; restriction factor; dependency factor; entry factor; ubiquitin ligase; replication complex; host; virus,Request PDF: title/abstract matches multiple PMC-learned criteria plus run-objective terms.,"((HIV[tiab] OR ""human immunodeficiency virus""[tiab]) AND (""host factor""[tiab] OR ""restriction factor""[tiab] OR ""dependency factor""[tiab] OR ""entry factor""[tiab] OR ""host E3 ubiquitin ligase""[tiab] OR ""viral protein-host protein""[tiab]) AND (interacts[tiab] OR binds[tiab] OR recruits[tiab] OR cleaves[tiab] OR degrades[tiab] OR modulates[tiab] OR antagonizes[tiab] OR restricts[tiab] OR promotes[tiab] OR mechanism*[tiab]))",confirm_include,advance_to_import
pmid-30355687,30355687,10.1128/JVI.01651-18,Murine Leukemia Virus Glycosylated Gag Reduces Murine SERINC5 Protein Expression at Steady-State Levels via the Endosome/Lysosome Pathway to Counteract SERINC5 Antiretroviral Activity.,2019,high,request_pdf,strong_learned_match,viral protein-host protein; restriction factor; dependency factor; entry factor; ubiquitin ligase; nuclear import; host; pathway; virus; viruses,Request PDF: title/abstract matches multiple PMC-learned criteria plus run-objective terms.,"((HIV[tiab] OR ""human immunodeficiency virus""[tiab]) AND (""host factor""[tiab] OR ""restriction factor""[tiab] OR ""dependency factor""[tiab] OR ""entry factor""[tiab] OR ""host E3 ubiquitin ligase""[tiab] OR ""viral protein-host protein""[tiab]) AND (interacts[tiab] OR binds[tiab] OR recruits[tiab] OR cleaves[tiab] OR degrades[tiab] OR modulates[tiab] OR antagonizes[tiab] OR restricts[tiab] OR promotes[tiab] OR mechanism*[tiab]))",confirm_include,advance_to_import
pmid-31133753,31133753,10.1038/s41564-019-0460-3,N4BP1 restricts HIV-1 and its inactivation by MALT1 promotes viral reactivation.,2019,high,request_pdf,strong_learned_match,viral protein-host protein binding; primary virus name and; primary virus name and and mechanism; primary virus name and and; primary virus name and and host factor; viral protein-host protein; restriction factor; dependency factor; entry factor; ubiquitin ligase,Request PDF: title/abstract matches multiple PMC-learned criteria plus run-objective terms.,"((HIV[tiab] OR ""human immunodeficiency virus""[tiab]) AND (""host factor""[tiab] OR ""restriction factor""[tiab] OR ""dependency factor""[tiab] OR ""entry factor""[tiab] OR ""host E3 ubiquitin ligase""[tiab] OR ""viral protein-host protein""[tiab]) AND (interacts[tiab] OR binds[tiab] OR recruits[tiab] OR cleaves[tiab] OR degrades[tiab] OR modulates[tiab] OR antagonizes[tiab] OR restricts[tiab] OR promotes[tiab] OR mechanism*[tiab]))",confirm_include,advance_to_import
pmid-30859472,30859472,10.1007/s00705-019-04194-0,Polymorphisms in the APOBEC3G gene of Chinese rhesus macaques affect resistance to ubiquitination and degradation mediated by HIV-2 Vif.,2019,high,request_pdf,strong_learned_match,viral protein-host protein; restriction factor; dependency factor; entry factor; ubiquitin ligase; host; virus; viral; proteins; not,Request PDF: title/abstract matches multiple PMC-learned criteria plus run-objective terms.,"((HIV[tiab] OR ""human immunodeficiency virus""[tiab]) AND (""host factor""[tiab] OR ""restriction factor""[tiab] OR ""dependency factor""[tiab] OR ""entry factor""[tiab] OR ""host E3 ubiquitin ligase""[tiab] OR ""viral protein-host protein""[tiab]) AND (interacts[tiab] OR binds[tiab] OR recruits[tiab] OR cleaves[tiab] OR degrades[tiab] OR modulates[tiab] OR antagonizes[tiab] OR restricts[tiab] OR promotes[tiab] OR mechanism*[tiab]))",confirm_include,advance_to_import
pmid-30833724,30833724,10.1038/s41564-019-0372-2,Proteomic profiling of HIV-1 infection of human CD4(+) T cells identifies PSGL-1 as an HIV restriction factor.,2019,high,request_pdf,strong_learned_match,viral protein-host protein; restriction factor; dependency factor; entry factor; ubiquitin ligase; host; virus; viral; proteins,Request PDF: title/abstract matches multiple PMC-learned criteria plus run-objective terms.,"((HIV[tiab] OR ""human immunodeficiency virus""[tiab]) AND (""host factor""[tiab] OR ""restriction factor""[tiab] OR ""dependency factor""[tiab] OR ""entry factor""[tiab] OR ""host E3 ubiquitin ligase""[tiab] OR ""viral protein-host protein""[tiab]) AND (interacts[tiab] OR binds[tiab] OR recruits[tiab] OR cleaves[tiab] OR degrades[tiab] OR modulates[tiab] OR antagonizes[tiab] OR restricts[tiab] OR promotes[tiab] OR mechanism*[tiab]))",confirm_include,advance_to_import
pmid-31292246,31292246,10.1128/JVI.00733-19,Replicons of a Rodent Hepatitis C Model Virus Permit Selection of Highly Permissive Cells.,2019,high,request_pdf,strong_learned_match,viral protein-host protein; restriction factor; dependency factor; entry factor; ubiquitin ligase; replication complex; host; virus; viruses; viral,Request PDF: title/abstract matches multiple PMC-learned criteria plus run-objective terms.,"((""hepatitis C virus""[tiab] OR HCV[tiab]) AND (""host factor""[tiab] OR ""restriction factor""[tiab] OR ""dependency factor""[tiab] OR ""entry factor""[tiab] OR ""host E3 ubiquitin ligase""[tiab] OR ""viral protein-host protein""[tiab] OR ""replication complex""[tiab]) AND (interacts[tiab] OR binds[tiab] OR recruits[tiab] OR cleaves[tiab] OR degrades[tiab] OR modulates[tiab] OR antagonizes[tiab] OR restricts[tiab] OR promotes[tiab] OR mechanism*[tiab]))",confirm_include,advance_to_import
pmid-30566069,30566069,10.1099/jgv.0.001205,Role of APOBEC3 proteins in proteasome inhibitor-mediated reactivation of latent HIV-1 viruses.,2019,high,request_pdf,strong_learned_match,viral protein-host protein; restriction factor; dependency factor; entry factor; ubiquitin ligase; host; virus; viruses; viral; proteins,Request PDF: title/abstract matches multiple PMC-learned criteria plus run-objective terms.,"((HIV[tiab] OR ""human immunodeficiency virus""[tiab]) AND (""host factor""[tiab] OR ""restriction factor""[tiab] OR ""dependency factor""[tiab] OR ""entry factor""[tiab] OR ""host E3 ubiquitin ligase""[tiab] OR ""viral protein-host protein""[tiab]) AND (interacts[tiab] OR binds[tiab] OR recruits[tiab] OR cleaves[tiab] OR degrades[tiab] OR modulates[tiab] OR antagonizes[tiab] OR restricts[tiab] OR promotes[tiab] OR mechanism*[tiab]))",confirm_include,advance_to_import
pmid-31068419,31068419,10.1128/JVI.00693-19,Sam68 Promotes Hepatitis C Virus Replication by Interaction with Stem-Loop 2 of Viral 5' Untranslated Region.,2019,high,request_pdf,strong_learned_match,viral protein-host protein; restriction factor; dependency factor; entry factor; ubiquitin ligase; nuclear import; replication complex; host; virus; viral,Request PDF: title/abstract matches multiple PMC-learned criteria plus run-objective terms.,"((""hepatitis C virus""[tiab] OR HCV[tiab]) AND (""host factor""[tiab] OR ""restriction factor""[tiab] OR ""dependency factor""[tiab] OR ""entry factor""[tiab] OR ""host E3 ubiquitin ligase""[tiab] OR ""viral protein-host protein""[tiab] OR ""replication complex""[tiab]) AND (interacts[tiab] OR binds[tiab] OR recruits[tiab] OR cleaves[tiab] OR degrades[tiab] OR modulates[tiab] OR antagonizes[tiab] OR restricts[tiab] OR promotes[tiab] OR mechanism*[tiab]))",confirm_include,advance_to_import
pmid-30502581,30502581,10.1016/j.saa.2018.11.056,Stability of β-turn in LaR2C-N7 peptide for its translation-inhibitory activity against hepatitis C viral infection: A molecular dynamics study.,2019,high,request_pdf,strong_learned_match,viral protein-host protein binding; viral protein-host protein; restriction factor; dependency factor; entry factor; ubiquitin ligase; replication complex; host; virus; viral,Request PDF: title/abstract matches multiple PMC-learned criteria plus run-objective terms.,"((""hepatitis C virus""[tiab] OR HCV[tiab]) AND (""host factor""[tiab] OR ""restriction factor""[tiab] OR ""dependency factor""[tiab] OR ""entry factor""[tiab] OR ""host E3 ubiquitin ligase""[tiab] OR ""viral protein-host protein""[tiab] OR ""replication complex""[tiab]) AND (interacts[tiab] OR binds[tiab] OR recruits[tiab] OR cleaves[tiab] OR degrades[tiab] OR modulates[tiab] OR antagonizes[tiab] OR restricts[tiab] OR promotes[tiab] OR mechanism*[tiab]))",confirm_include,advance_to_import
pmid-31234696,31234696,10.1080/15476286.2019.1629208,Strand-specific affinity of host factor hnRNP C1/C2 guides positive to negative-strand ratio in Coxsackievirus B3 infection.,2019,high,request_pdf,strong_learned_match,viral protein-host protein binding; viral protein-host protein; restriction factor; dependency factor; entry factor; ubiquitin ligase; replication complex; host; virus; viruses,Request PDF: title/abstract matches multiple PMC-learned criteria plus run-objective terms.,"((coxsackievirus[tiab] OR ""coxsackie virus""[tiab] OR CVB[tiab]) AND (""host factor""[tiab] OR ""restriction factor""[tiab] OR ""dependency factor""[tiab] OR ""entry factor""[tiab] OR ""host E3 ubiquitin ligase""[tiab] OR ""viral protein-host protein""[tiab] OR ""replication complex""[tiab]) AND (interacts[tiab] OR binds[tiab] OR recruits[tiab] OR cleaves[tiab] OR degrades[tiab] OR modulates[tiab] OR antagonizes[tiab] OR restricts[tiab] OR promotes[tiab] OR mechanism*[tiab]))",confirm_include,advance_to_import
pmid-30044201,30044201,10.1080/07391102.2018.1479659,Structure-based prediction of West Nile virus-human protein-protein interactions.,2019,high,request_pdf,strong_learned_match,proximity proteomics; protein interaction mapping; host; virus; viral; interaction; proteins; for; ap-ms; proteomics,Request PDF: title/abstract matches multiple PMC-learned criteria plus run-objective terms.,"((dengue[tiab] OR DENV[tiab]) AND (interactome[tiab] OR AP-MS[tiab] OR ""affinity purification mass spectrometry""[tiab] OR ""proximity proteomics""[tiab] OR ""proximity labeling""[tiab] OR BioID[tiab] OR ""protein interaction mapping""[tiab] OR (""viral protein""[tiab] AND (""host protein""[tiab] OR ""cellular protein""[tiab]))))",confirm_include,advance_to_import
pmid-31778201,31778201,10.1093/milmed/usy430,The US Military HIV Natural History Study: Informing Military HIV Care and Policy for Over 30 Years.,2019,high,request_pdf,strong_learned_match,viral protein-host protein; restriction factor; dependency factor; entry factor; ubiquitin ligase; host; pathway; virus; viral; evidence,Request PDF: title/abstract matches multiple PMC-learned criteria plus run-objective terms.,"((HIV[tiab] OR ""human immunodeficiency virus""[tiab]) AND (""host factor""[tiab] OR ""restriction factor""[tiab] OR ""dependency factor""[tiab] OR ""entry factor""[tiab] OR ""host E3 ubiquitin ligase""[tiab] OR ""viral protein-host protein""[tiab]) AND (interacts[tiab] OR binds[tiab] OR recruits[tiab] OR cleaves[tiab] OR degrades[tiab] OR modulates[tiab] OR antagonizes[tiab] OR restricts[tiab] OR promotes[tiab] OR mechanism*[tiab]))",confirm_include,advance_to_import
pmid-30862674,30862674,10.1074/jbc.RA119.007662,"The retroviral accessory proteins S2, Nef, and glycoMA use similar mechanisms for antagonizing the host restriction factor SERINC5.",2019,high,request_pdf,strong_learned_match,viral protein-host protein; restriction factor; dependency factor; entry factor; ubiquitin ligase; host; pathway; virus; viral; interaction,Request PDF: title/abstract matches multiple PMC-learned criteria plus run-objective terms.,"((HIV[tiab] OR ""human immunodeficiency virus""[tiab]) AND (""host factor""[tiab] OR ""restriction factor""[tiab] OR ""dependency factor""[tiab] OR ""entry factor""[tiab] OR ""host E3 ubiquitin ligase""[tiab] OR ""viral protein-host protein""[tiab]) AND (interacts[tiab] OR binds[tiab] OR recruits[tiab] OR cleaves[tiab] OR degrades[tiab] OR modulates[tiab] OR antagonizes[tiab] OR restricts[tiab] OR promotes[tiab] OR mechanism*[tiab]))",confirm_include,advance_to_import
pmid-30851937,30851937,10.1016/j.bbrc.2019.02.136,Vif-CBFβ interaction is essential for Vif-induced cell cycle arrest.,2019,high,request_pdf,strong_learned_match,viral protein-host protein; restriction factor; dependency factor; entry factor; ubiquitin ligase; replication complex; host; virus; viral; interaction,Request PDF: title/abstract matches multiple PMC-learned criteria plus run-objective terms.,"((HIV[tiab] OR ""human immunodeficiency virus""[tiab]) AND (""host factor""[tiab] OR ""restriction factor""[tiab] OR ""dependency factor""[tiab] OR ""entry factor""[tiab] OR ""host E3 ubiquitin ligase""[tiab] OR ""viral protein-host protein""[tiab]) AND (interacts[tiab] OR binds[tiab] OR recruits[tiab] OR cleaves[tiab] OR degrades[tiab] OR modulates[tiab] OR antagonizes[tiab] OR restricts[tiab] OR promotes[tiab] OR mechanism*[tiab]))",confirm_include,advance_to_import
pmid-31915280,31915280,10.1128/JVI.01751-19,A Genome-Wide CRISPR-Cas9 Screen Identifies the Dolichol-Phosphate Mannose Synthase Complex as a Host Dependency Factor for Dengue Virus Infection.,2020,high,request_pdf,strong_learned_match,viral protein-host protein; crispr screen; restriction factor; dependency factor; entry factor; ubiquitin ligase; replication complex; host; pathway; virus,Request PDF: title/abstract matches multiple PMC-learned criteria plus run-objective terms.,"((dengue[tiab] OR DENV[tiab]) AND (""host factor""[tiab] OR ""restriction factor""[tiab] OR ""dependency factor""[tiab] OR ""entry factor""[tiab] OR ""host E3 ubiquitin ligase""[tiab] OR ""viral protein-host protein""[tiab] OR ""replication complex""[tiab]) AND (interacts[tiab] OR binds[tiab] OR recruits[tiab] OR cleaves[tiab] OR degrades[tiab] OR modulates[tiab] OR antagonizes[tiab] OR restricts[tiab] OR promotes[tiab] OR mechanism*[tiab]))",confirm_include,advance_to_import
pmid-31556466,31556466,10.1002/jmv.25599,ATP1B3 cooperates with BST-2 to promote hepatitis B virus restriction.,2020,high,request_pdf,strong_learned_match,viral protein-host protein; restriction factor; dependency factor; entry factor; ubiquitin ligase; nuclear import; host; pathway; virus; viral,Request PDF: title/abstract matches multiple PMC-learned criteria plus run-objective terms.,"((HIV[tiab] OR ""human immunodeficiency virus""[tiab]) AND (""host factor""[tiab] OR ""restriction factor""[tiab] OR ""dependency factor""[tiab] OR ""entry factor""[tiab] OR ""host E3 ubiquitin ligase""[tiab] OR ""viral protein-host protein""[tiab]) AND (interacts[tiab] OR binds[tiab] OR recruits[tiab] OR cleaves[tiab] OR degrades[tiab] OR modulates[tiab] OR antagonizes[tiab] OR restricts[tiab] OR promotes[tiab] OR mechanism*[tiab]))",confirm_include,advance_to_import
pmid-32238588,32238588,10.1128/JVI.00416-20,Antiviral Activity and Adaptive Evolution of Avian Tetherins.,2020,high,request_pdf,strong_learned_match,viral protein-host protein; restriction factor; dependency factor; entry factor; ubiquitin ligase; host; virus; viruses; viral; interaction,Request PDF: title/abstract matches multiple PMC-learned criteria plus run-objective terms.,"((HIV[tiab] OR ""human immunodeficiency virus""[tiab]) AND (""host factor""[tiab] OR ""restriction factor""[tiab] OR ""dependency factor""[tiab] OR ""entry factor""[tiab] OR ""host E3 ubiquitin ligase""[tiab] OR ""viral protein-host protein""[tiab]) AND (interacts[tiab] OR binds[tiab] OR recruits[tiab] OR cleaves[tiab] OR degrades[tiab] OR modulates[tiab] OR antagonizes[tiab] OR restricts[tiab] OR promotes[tiab] OR mechanism*[tiab]))",confirm_include,advance_to_import
pmid-32119870,32119870,10.1016/j.antiviral.2020.104756,"Apolipoprotein M, identified as a novel hepatitis C virus (HCV) particle associated protein, contributes to HCV assembly and interacts with E2 protein.",2020,high,request_pdf,strong_learned_match,proximity proteomics; protein interaction mapping; host; virus; viral; interaction; proteins; not; for; ap-ms,Request PDF: title/abstract matches multiple PMC-learned criteria plus run-objective terms.,"((""hepatitis C virus""[tiab] OR HCV[tiab]) AND (interactome[tiab] OR AP-MS[tiab] OR ""affinity purification mass spectrometry""[tiab] OR ""proximity proteomics""[tiab] OR ""proximity labeling""[tiab] OR BioID[tiab] OR ""protein interaction mapping""[tiab] OR (""viral protein""[tiab] AND (""host protein""[tiab] OR ""cellular protein""[tiab]))))",confirm_include,advance_to_import
pmid-32102874,32102874,10.1128/JVI.00029-20,BPIFB3 Regulates Endoplasmic Reticulum Morphology To Facilitate Flavivirus Replication.,2020,high,request_pdf,strong_learned_match,viral protein-host protein; restriction factor; dependency factor; entry factor; ubiquitin ligase; reticulophagy; replication complex; host; pathway; virus,Request PDF: title/abstract matches multiple PMC-learned criteria plus run-objective terms.,"((dengue[tiab] OR DENV[tiab]) AND (""host factor""[tiab] OR ""restriction factor""[tiab] OR ""dependency factor""[tiab] OR ""entry factor""[tiab] OR ""host E3 ubiquitin ligase""[tiab] OR ""viral protein-host protein""[tiab] OR ""replication complex""[tiab]) AND (interacts[tiab] OR binds[tiab] OR recruits[tiab] OR cleaves[tiab] OR degrades[tiab] OR modulates[tiab] OR antagonizes[tiab] OR restricts[tiab] OR promotes[tiab] OR mechanism*[tiab]))",confirm_include,advance_to_import
pmid-32294532,32294532,10.1016/j.jhep.2020.03.047,C19orf66 is an interferon-induced inhibitor of HCV replication that restricts formation of the viral replication organelle.,2020,high,request_pdf,strong_learned_match,proximity proteomics; viral protein-host protein; protein interaction mapping; restriction factor; dependency factor; entry factor; ubiquitin ligase; replication complex; host; virus,Request PDF: title/abstract matches multiple PMC-learned criteria plus run-objective terms.,"((""hepatitis C virus""[tiab] OR HCV[tiab]) AND (interactome[tiab] OR AP-MS[tiab] OR ""affinity purification mass spectrometry""[tiab] OR ""proximity proteomics""[tiab] OR ""proximity labeling""[tiab] OR BioID[tiab] OR ""protein interaction mapping""[tiab] OR (""viral protein""[tiab] AND (""host protein""[tiab] OR ""cellular protein""[tiab])))); ((""hepatitis C virus""[tiab] OR HCV[tiab]) AND (""host factor""[tiab] OR ""restriction factor""[tiab] OR ""dependency factor""[tiab] OR ""entry factor""[tiab] OR ""host E3 ubiquitin ligase""[tiab] OR ""viral protein-host protein""[tiab] OR ""replication complex""[tiab]) AND (interacts[tiab] OR binds[tiab] OR recruits[tiab] OR cleaves[tiab] OR degrades[tiab] OR modulates[tiab] OR antagonizes[tiab] OR restricts[tiab] OR promotes[tiab] OR mechanism*[tiab]))",confirm_include,advance_to_import
pmid-32727880,32727880,10.1128/JVI.01306-20,Cortactin Interacts with Hepatitis C Virus Core and NS5A Proteins: Implications for Virion Assembly.,2020,high,request_pdf,strong_learned_match,viral protein-host protein binding; viral protein-host protein; restriction factor; dependency factor; entry factor; ubiquitin ligase; replication complex; host; virus; viral,Request PDF: title/abstract matches multiple PMC-learned criteria plus run-objective terms.,"((""hepatitis C virus""[tiab] OR HCV[tiab]) AND (""host factor""[tiab] OR ""restriction factor""[tiab] OR ""dependency factor""[tiab] OR ""entry factor""[tiab] OR ""host E3 ubiquitin ligase""[tiab] OR ""viral protein-host protein""[tiab] OR ""replication complex""[tiab]) AND (interacts[tiab] OR binds[tiab] OR recruits[tiab] OR cleaves[tiab] OR degrades[tiab] OR modulates[tiab] OR antagonizes[tiab] OR restricts[tiab] OR promotes[tiab] OR mechanism*[tiab]))",confirm_include,advance_to_import
pmid-32376623,32376623,10.1128/JVI.00404-20,HIV-1 Exploits CLASP2 To Induce Microtubule Stabilization and Facilitate Virus Trafficking to the Nucleus.,2020,high,request_pdf,strong_learned_match,viral protein-host protein binding; viral protein-host protein; restriction factor; dependency factor; entry factor; ubiquitin ligase; er-phagy; reticulophagy; nuclear import; rna-binding proteins,Request PDF: title/abstract matches multiple PMC-learned criteria plus run-objective terms.,"((HIV[tiab] OR ""human immunodeficiency virus""[tiab]) AND (""host factor""[tiab] OR ""restriction factor""[tiab] OR ""dependency factor""[tiab] OR ""entry factor""[tiab] OR ""host E3 ubiquitin ligase""[tiab] OR ""viral protein-host protein""[tiab]) AND (interacts[tiab] OR binds[tiab] OR recruits[tiab] OR cleaves[tiab] OR degrades[tiab] OR modulates[tiab] OR antagonizes[tiab] OR restricts[tiab] OR promotes[tiab] OR mechanism*[tiab])); ((KSHV[ti] OR ""Kaposi sarcoma-associated herpesvirus""[ti] OR dengue[ti] OR DENV[ti] OR ""hepatitis C virus""[ti] OR HCV[ti] OR coxsackievirus[ti] OR HIV[ti] OR Ebola[ti] OR EBOV[ti]) AND (""ubiquitin ligase""[tiab] OR proteasome[tiab] OR autophagy[tiab] OR ""ER-phagy""[tiab] OR reticulophagy[tiab] OR ""nuclear import""[tiab] OR ""RNA-binding protein""[tiab] OR ""replication complex""[tiab] OR trafficking[tiab]) AND (""host factor""[tiab] OR ""host protein""[tiab] OR ""viral protein""[tiab]) AND (interacts[tiab] OR binds[tiab] OR recruits[tiab] OR cleaves[tiab] OR degrades[tiab] OR modulates[tiab] OR restricts[tiab] OR promotes[tiab]) NOT (patient*[tiab] OR plasma[tiab] OR serum[tiab] OR biomarker*[tiab] OR metabolomic*[tiab] OR ""network pharmacology""[tiab] OR docking[tiab] OR vaccine*[tiab] OR diagnostic*[tiab] OR epidemiolog*[tiab]))",confirm_include,advance_to_import
pmid-32016635,32016635,10.1007/s11033-020-05267-z,Human Tat-specific factor 1 binds the HIV-1 genome and selectively transports HIV-1 RNAs.,2020,high,request_pdf,strong_learned_match,viral protein-host protein binding; viral protein-host protein; restriction factor; dependency factor; entry factor; ubiquitin ligase; host; virus; viral; not,Request PDF: title/abstract matches multiple PMC-learned criteria plus run-objective terms.,"((HIV[tiab] OR ""human immunodeficiency virus""[tiab]) AND (""host factor""[tiab] OR ""restriction factor""[tiab] OR ""dependency factor""[tiab] OR ""entry factor""[tiab] OR ""host E3 ubiquitin ligase""[tiab] OR ""viral protein-host protein""[tiab]) AND (interacts[tiab] OR binds[tiab] OR recruits[tiab] OR cleaves[tiab] OR degrades[tiab] OR modulates[tiab] OR antagonizes[tiab] OR restricts[tiab] OR promotes[tiab] OR mechanism*[tiab]))",confirm_include,advance_to_import
pmid-32727878,32727878,10.1128/JVI.00532-20,ISGylation of Hepatitis C Virus NS5A Protein Promotes Viral RNA Replication via Recruitment of Cyclophilin A.,2020,high,request_pdf,strong_learned_match,viral protein-host protein binding; viral protein-host protein; restriction factor; dependency factor; entry factor; ubiquitin ligase; replication complex; host; virus; viruses,Request PDF: title/abstract matches multiple PMC-learned criteria plus run-objective terms.,"((""hepatitis C virus""[tiab] OR HCV[tiab]) AND (""host factor""[tiab] OR ""restriction factor""[tiab] OR ""dependency factor""[tiab] OR ""entry factor""[tiab] OR ""host E3 ubiquitin ligase""[tiab] OR ""viral protein-host protein""[tiab] OR ""replication complex""[tiab]) AND (interacts[tiab] OR binds[tiab] OR recruits[tiab] OR cleaves[tiab] OR degrades[tiab] OR modulates[tiab] OR antagonizes[tiab] OR restricts[tiab] OR promotes[tiab] OR mechanism*[tiab]))",confirm_include,advance_to_import
pmid-31941780,31941780,10.1128/JVI.01708-19,Inhibition of Vif-Mediated Degradation of APOBEC3G through Competitive Binding of Core-Binding Factor Beta.,2020,high,request_pdf,strong_learned_match,viral protein-host protein binding; viral protein-host protein; restriction factor; dependency factor; entry factor; ubiquitin ligase; replication complex; host; virus; viruses,Request PDF: title/abstract matches multiple PMC-learned criteria plus run-objective terms.,"((HIV[tiab] OR ""human immunodeficiency virus""[tiab]) AND (""host factor""[tiab] OR ""restriction factor""[tiab] OR ""dependency factor""[tiab] OR ""entry factor""[tiab] OR ""host E3 ubiquitin ligase""[tiab] OR ""viral protein-host protein""[tiab]) AND (interacts[tiab] OR binds[tiab] OR recruits[tiab] OR cleaves[tiab] OR degrades[tiab] OR modulates[tiab] OR antagonizes[tiab] OR restricts[tiab] OR promotes[tiab] OR mechanism*[tiab]))",confirm_include,advance_to_import
pmid-32738280,32738280,10.1016/j.virusres.2020.198087,Interferon stimulated gene 15 promotes Zika virus replication through regulating Jak/STAT and ISGylation pathways.,2020,high,request_pdf,strong_learned_match,viral protein-host protein; restriction factor; dependency factor; entry factor; ubiquitin ligase; replication complex; host; pathway; virus; viruses,Request PDF: title/abstract matches multiple PMC-learned criteria plus run-objective terms.,"((""hepatitis C virus""[tiab] OR HCV[tiab]) AND (""host factor""[tiab] OR ""restriction factor""[tiab] OR ""dependency factor""[tiab] OR ""entry factor""[tiab] OR ""host E3 ubiquitin ligase""[tiab] OR ""viral protein-host protein""[tiab] OR ""replication complex""[tiab]) AND (interacts[tiab] OR binds[tiab] OR recruits[tiab] OR cleaves[tiab] OR degrades[tiab] OR modulates[tiab] OR antagonizes[tiab] OR restricts[tiab] OR promotes[tiab] OR mechanism*[tiab]))",confirm_include,advance_to_import
pmid-31863794,31863794,10.1016/j.jhep.2019.12.009,Interferon-inducible MX2 is a host restriction factor of hepatitis B virus replication.,2020,high,request_pdf,strong_learned_match,viral protein-host protein; restriction factor; dependency factor; entry factor; ubiquitin ligase; replication complex; host; virus; viruses; viral,Request PDF: title/abstract matches multiple PMC-learned criteria plus run-objective terms.,"((""hepatitis C virus""[tiab] OR HCV[tiab]) AND (""host factor""[tiab] OR ""restriction factor""[tiab] OR ""dependency factor""[tiab] OR ""entry factor""[tiab] OR ""host E3 ubiquitin ligase""[tiab] OR ""viral protein-host protein""[tiab] OR ""replication complex""[tiab]) AND (interacts[tiab] OR binds[tiab] OR recruits[tiab] OR cleaves[tiab] OR degrades[tiab] OR modulates[tiab] OR antagonizes[tiab] OR restricts[tiab] OR promotes[tiab] OR mechanism*[tiab])); ((HIV[tiab] OR ""human immunodeficiency virus""[tiab]) AND (""host factor""[tiab] OR ""restriction factor""[tiab] OR ""dependency factor""[tiab] OR ""entry factor""[tiab] OR ""host E3 ubiquitin ligase""[tiab] OR ""viral protein-host protein""[tiab]) AND (interacts[tiab] OR binds[tiab] OR recruits[tiab] OR cleaves[tiab] OR degrades[tiab] OR modulates[tiab] OR antagonizes[tiab] OR restricts[tiab] OR promotes[tiab] OR mechanism*[tiab]))",confirm_include,advance_to_import
pmid-32376621,32376621,10.1128/JVI.00287-20,Kaposi's Sarcoma-Associated Herpesvirus Fine-Tunes the Temporal Expression of Late Genes by Manipulating a Host RNA Quality Control Pathway.,2020,high,request_pdf,strong_learned_match,viral protein-host protein; restriction factor; dependency factor; entry factor; ubiquitin ligase; nuclear import; host; pathway; virus; viral,Request PDF: title/abstract matches multiple PMC-learned criteria plus run-objective terms.,"((KSHV[tiab] OR ""Kaposi sarcoma-associated herpesvirus""[tiab] OR ""human herpesvirus 8""[tiab] OR HHV-8[tiab]) AND (""host factor""[tiab] OR ""restriction factor""[tiab] OR ""dependency factor""[tiab] OR ""entry factor""[tiab] OR ""host E3 ubiquitin ligase""[tiab] OR ""viral protein-host protein""[tiab]) AND (interacts[tiab] OR binds[tiab] OR recruits[tiab] OR cleaves[tiab] OR degrades[tiab] OR modulates[tiab] OR antagonizes[tiab] OR restricts[tiab] OR promotes[tiab] OR mechanism*[tiab]))",confirm_include,advance_to_import
pmid-32327259,32327259,10.1016/j.bbrc.2020.04.041,Proximity proteomics identifies novel function of Rab14 in trafficking of Ebola virus matrix protein VP40.,2020,high,request_pdf,strong_learned_match,proximity proteomics; protein interaction mapping; host; virus; viruses; viral; evidence; studies; when; interaction,Request PDF: title/abstract matches multiple PMC-learned criteria plus run-objective terms.,"((Ebola[tiab] OR ""Ebola virus""[tiab] OR Ebolavirus[tiab] OR EBOV[tiab]) AND (interactome[tiab] OR AP-MS[tiab] OR ""affinity purification mass spectrometry""[tiab] OR ""proximity proteomics""[tiab] OR ""proximity labeling""[tiab] OR BioID[tiab] OR ""protein interaction mapping""[tiab] OR (""viral protein""[tiab] AND (""host protein""[tiab] OR ""cellular protein""[tiab]))))",confirm_include,advance_to_import
pmid-32991267,32991267,10.1146/annurev-virology-012720-094902,RNA Lariat Debranching Enzyme as a Retroviral and Long-Terminal-Repeat Retrotransposon Host Factor.,2020,high,request_pdf,strong_learned_match,viral protein-host protein; restriction factor; dependency factor; entry factor; ubiquitin ligase; host; virus; viruses; viral; studies,Request PDF: title/abstract matches multiple PMC-learned criteria plus run-objective terms.,"((HIV[tiab] OR ""human immunodeficiency virus""[tiab]) AND (""host factor""[tiab] OR ""restriction factor""[tiab] OR ""dependency factor""[tiab] OR ""entry factor""[tiab] OR ""host E3 ubiquitin ligase""[tiab] OR ""viral protein-host protein""[tiab]) AND (interacts[tiab] OR binds[tiab] OR recruits[tiab] OR cleaves[tiab] OR degrades[tiab] OR modulates[tiab] OR antagonizes[tiab] OR restricts[tiab] OR promotes[tiab] OR mechanism*[tiab]))",confirm_include,advance_to_import
pmid-36659189,36659189,10.1016/j.scib.2019.12.028,Restriction of exogenous DNA expression by SAMHD1.,2020,high,request_pdf,strong_learned_match,viral protein-host protein; restriction factor; dependency factor; entry factor; ubiquitin ligase; host; virus; viruses; viral; not,Request PDF: title/abstract matches multiple PMC-learned criteria plus run-objective terms.,"((HIV[tiab] OR ""human immunodeficiency virus""[tiab]) AND (""host factor""[tiab] OR ""restriction factor""[tiab] OR ""dependency factor""[tiab] OR ""entry factor""[tiab] OR ""host E3 ubiquitin ligase""[tiab] OR ""viral protein-host protein""[tiab]) AND (interacts[tiab] OR binds[tiab] OR recruits[tiab] OR cleaves[tiab] OR degrades[tiab] OR modulates[tiab] OR antagonizes[tiab] OR restricts[tiab] OR promotes[tiab] OR mechanism*[tiab]))",confirm_include,advance_to_import
pmid-31645450,31645450,10.1128/JVI.00858-19,Surfeit 4 Contributes to the Replication of Hepatitis C Virus Using Double-Membrane Vesicles.,2020,high,request_pdf,strong_learned_match,viral protein-host protein; restriction factor; dependency factor; entry factor; ubiquitin ligase; replication complex; host; virus; viruses; viral,Request PDF: title/abstract matches multiple PMC-learned criteria plus run-objective terms.,"((dengue[tiab] OR DENV[tiab]) AND (""host factor""[tiab] OR ""restriction factor""[tiab] OR ""dependency factor""[tiab] OR ""entry factor""[tiab] OR ""host E3 ubiquitin ligase""[tiab] OR ""viral protein-host protein""[tiab] OR ""replication complex""[tiab]) AND (interacts[tiab] OR binds[tiab] OR recruits[tiab] OR cleaves[tiab] OR degrades[tiab] OR modulates[tiab] OR antagonizes[tiab] OR restricts[tiab] OR promotes[tiab] OR mechanism*[tiab])); ((""hepatitis C virus""[tiab] OR HCV[tiab]) AND (""host factor""[tiab] OR ""restriction factor""[tiab] OR ""dependency factor""[tiab] OR ""entry factor""[tiab] OR ""host E3 ubiquitin ligase""[tiab] OR ""viral protein-host protein""[tiab] OR ""replication complex""[tiab]) AND (interacts[tiab] OR binds[tiab] OR recruits[tiab] OR cleaves[tiab] OR degrades[tiab] OR modulates[tiab] OR antagonizes[tiab] OR restricts[tiab] OR promotes[tiab] OR mechanism*[tiab]))",confirm_include,advance_to_import
pmid-32075911,32075911,10.1074/jbc.RA120.012767,The C-terminal domain of feline and bovine SAMHD1 proteins has a crucial role in lentiviral restriction.,2020,high,request_pdf,strong_learned_match,viral protein-host protein; restriction factor; dependency factor; entry factor; ubiquitin ligase; host; virus; viruses; viral; proteins,Request PDF: title/abstract matches multiple PMC-learned criteria plus run-objective terms.,"((HIV[tiab] OR ""human immunodeficiency virus""[tiab]) AND (""host factor""[tiab] OR ""restriction factor""[tiab] OR ""dependency factor""[tiab] OR ""entry factor""[tiab] OR ""host E3 ubiquitin ligase""[tiab] OR ""viral protein-host protein""[tiab]) AND (interacts[tiab] OR binds[tiab] OR recruits[tiab] OR cleaves[tiab] OR degrades[tiab] OR modulates[tiab] OR antagonizes[tiab] OR restricts[tiab] OR promotes[tiab] OR mechanism*[tiab]))",confirm_include,advance_to_import
pmid-32152226,32152226,10.1074/jbc.RA119.010534,The HIV-1 capsid-binding host factor CPSF6 is post-transcriptionally regulated by the cellular microRNA miR-125b.,2020,high,request_pdf,strong_learned_match,viral protein-host protein binding; viral protein-host protein; restriction factor; dependency factor; entry factor; ubiquitin ligase; er-phagy; reticulophagy; nuclear import; replication complex,Request PDF: title/abstract matches multiple PMC-learned criteria plus run-objective terms.,"((HIV[tiab] OR ""human immunodeficiency virus""[tiab]) AND (""host factor""[tiab] OR ""restriction factor""[tiab] OR ""dependency factor""[tiab] OR ""entry factor""[tiab] OR ""host E3 ubiquitin ligase""[tiab] OR ""viral protein-host protein""[tiab]) AND (interacts[tiab] OR binds[tiab] OR recruits[tiab] OR cleaves[tiab] OR degrades[tiab] OR modulates[tiab] OR antagonizes[tiab] OR restricts[tiab] OR promotes[tiab] OR mechanism*[tiab])); ((KSHV[ti] OR ""Kaposi sarcoma-associated herpesvirus""[ti] OR dengue[ti] OR DENV[ti] OR ""hepatitis C virus""[ti] OR HCV[ti] OR coxsackievirus[ti] OR HIV[ti] OR Ebola[ti] OR EBOV[ti]) AND (""ubiquitin ligase""[tiab] OR proteasome[tiab] OR autophagy[tiab] OR ""ER-phagy""[tiab] OR reticulophagy[tiab] OR ""nuclear import""[tiab] OR ""RNA-binding protein""[tiab] OR ""replication complex""[tiab] OR trafficking[tiab]) AND (""host factor""[tiab] OR ""host protein""[tiab] OR ""viral protein""[tiab]) AND (interacts[tiab] OR binds[tiab] OR recruits[tiab] OR cleaves[tiab] OR degrades[tiab] OR modulates[tiab] OR restricts[tiab] OR promotes[tiab]) NOT (patient*[tiab] OR plasma[tiab] OR serum[tiab] OR biomarker*[tiab] OR metabolomic*[tiab] OR ""network pharmacology""[tiab] OR docking[tiab] OR vaccine*[tiab] OR diagnostic*[tiab] OR epidemiolog*[tiab]))",confirm_include,advance_to_import
pmid-31792053,31792053,10.1074/jbc.RA119.011617,The RNA-binding protein QKI-7 recruits the poly(A) polymerase GLD-2 for 3' adenylation and selective stabilization of microRNA-122.,2020,high,request_pdf,strong_learned_match,viral protein-host protein binding; viral protein-host protein; restriction factor; dependency factor; entry factor; ubiquitin ligase; rna-binding proteins; replication complex; host; virus,Request PDF: title/abstract matches multiple PMC-learned criteria plus run-objective terms.,"((""hepatitis C virus""[tiab] OR HCV[tiab]) AND (""host factor""[tiab] OR ""restriction factor""[tiab] OR ""dependency factor""[tiab] OR ""entry factor""[tiab] OR ""host E3 ubiquitin ligase""[tiab] OR ""viral protein-host protein""[tiab] OR ""replication complex""[tiab]) AND (interacts[tiab] OR binds[tiab] OR recruits[tiab] OR cleaves[tiab] OR degrades[tiab] OR modulates[tiab] OR antagonizes[tiab] OR restricts[tiab] OR promotes[tiab] OR mechanism*[tiab]))",confirm_include,advance_to_import
pmid-32291285,32291285,10.1074/jbc.RA120.013280,The viral protein U (Vpu)-interacting host protein ATP6V0C down-regulates cell-surface expression of tetherin and thereby contributes to HIV-1 release.,2020,high,request_pdf,strong_learned_match,proximity proteomics; viral protein-host protein binding; viral protein-host protein; protein interaction mapping; restriction factor; dependency factor; entry factor; ubiquitin ligase; host; virus,Request PDF: title/abstract matches multiple PMC-learned criteria plus run-objective terms.,"((HIV[tiab] OR ""human immunodeficiency virus""[tiab]) AND (interactome[tiab] OR AP-MS[tiab] OR ""affinity purification mass spectrometry""[tiab] OR ""proximity proteomics""[tiab] OR ""proximity labeling""[tiab] OR BioID[tiab] OR ""protein interaction mapping""[tiab] OR (""viral protein""[tiab] AND (""host protein""[tiab] OR ""cellular protein""[tiab])))); ((HIV[tiab] OR ""human immunodeficiency virus""[tiab]) AND (""host factor""[tiab] OR ""restriction factor""[tiab] OR ""dependency factor""[tiab] OR ""entry factor""[tiab] OR ""host E3 ubiquitin ligase""[tiab] OR ""viral protein-host protein""[tiab]) AND (interacts[tiab] OR binds[tiab] OR recruits[tiab] OR cleaves[tiab] OR degrades[tiab] OR modulates[tiab] OR antagonizes[tiab] OR restricts[tiab] OR promotes[tiab] OR mechanism*[tiab]))",confirm_include,advance_to_import
pmid-33009785,33009785,10.31857/S0026898420050031,[Retrovirus Restriction Factor TRIM5α: The Mechanism of Action and Prospects for Use in Gene Therapy of HIV Infection].,2020,high,request_pdf,strong_learned_match,viral protein-host protein; restriction factor; dependency factor; entry factor; ubiquitin ligase; host; virus; viral; for; antiviral,Request PDF: title/abstract matches multiple PMC-learned criteria plus run-objective terms.,"((HIV[tiab] OR ""human immunodeficiency virus""[tiab]) AND (""host factor""[tiab] OR ""restriction factor""[tiab] OR ""dependency factor""[tiab] OR ""entry factor""[tiab] OR ""host E3 ubiquitin ligase""[tiab] OR ""viral protein-host protein""[tiab]) AND (interacts[tiab] OR binds[tiab] OR recruits[tiab] OR cleaves[tiab] OR degrades[tiab] OR modulates[tiab] OR antagonizes[tiab] OR restricts[tiab] OR promotes[tiab] OR mechanism*[tiab]))",confirm_include,advance_to_import
pmid-31821132,31821132,10.1099/jgv.0.001356,mTORC1 restricts hepatitis C virus RNA replication through ULK1-mediated suppression of miR-122 and facilitates post-replication events.,2020,high,request_pdf,strong_learned_match,viral protein-host protein binding; viral protein-host protein; restriction factor; dependency factor; entry factor; ubiquitin ligase; er-phagy; reticulophagy; nuclear import; replication complex,Request PDF: title/abstract matches multiple PMC-learned criteria plus run-objective terms.,"((""hepatitis C virus""[tiab] OR HCV[tiab]) AND (""host factor""[tiab] OR ""restriction factor""[tiab] OR ""dependency factor""[tiab] OR ""entry factor""[tiab] OR ""host E3 ubiquitin ligase""[tiab] OR ""viral protein-host protein""[tiab] OR ""replication complex""[tiab]) AND (interacts[tiab] OR binds[tiab] OR recruits[tiab] OR cleaves[tiab] OR degrades[tiab] OR modulates[tiab] OR antagonizes[tiab] OR restricts[tiab] OR promotes[tiab] OR mechanism*[tiab])); ((KSHV[ti] OR ""Kaposi sarcoma-associated herpesvirus""[ti] OR dengue[ti] OR DENV[ti] OR ""hepatitis C virus""[ti] OR HCV[ti] OR coxsackievirus[ti] OR HIV[ti] OR Ebola[ti] OR EBOV[ti]) AND (""ubiquitin ligase""[tiab] OR proteasome[tiab] OR autophagy[tiab] OR ""ER-phagy""[tiab] OR reticulophagy[tiab] OR ""nuclear import""[tiab] OR ""RNA-binding protein""[tiab] OR ""replication complex""[tiab] OR trafficking[tiab]) AND (""host factor""[tiab] OR ""host protein""[tiab] OR ""viral protein""[tiab]) AND (interacts[tiab] OR binds[tiab] OR recruits[tiab] OR cleaves[tiab] OR degrades[tiab] OR modulates[tiab] OR restricts[tiab] OR promotes[tiab]) NOT (patient*[tiab] OR plasma[tiab] OR serum[tiab] OR biomarker*[tiab] OR metabolomic*[tiab] OR ""network pharmacology""[tiab] OR docking[tiab] OR vaccine*[tiab] OR diagnostic*[tiab] OR epidemiolog*[tiab]))",confirm_include,advance_to_import
pmid-34001508,34001508,10.1128/AAC.02349-20,A Novel Series of Indole Alkaloid Derivatives Inhibit Dengue and Zika Virus Infection by Interference with the Viral Replication Complex.,2021,high,request_pdf,strong_learned_match,viral protein-host protein; restriction factor; dependency factor; entry factor; ubiquitin ligase; replication complex; host; virus; viral; studies,Request PDF: title/abstract matches multiple PMC-learned criteria plus run-objective terms.,"((dengue[tiab] OR DENV[tiab]) AND (""host factor""[tiab] OR ""restriction factor""[tiab] OR ""dependency factor""[tiab] OR ""entry factor""[tiab] OR ""host E3 ubiquitin ligase""[tiab] OR ""viral protein-host protein""[tiab] OR ""replication complex""[tiab]) AND (interacts[tiab] OR binds[tiab] OR recruits[tiab] OR cleaves[tiab] OR degrades[tiab] OR modulates[tiab] OR antagonizes[tiab] OR restricts[tiab] OR promotes[tiab] OR mechanism*[tiab]))",confirm_include,advance_to_import
pmid-34523960,34523960,10.1128/JVI.01170-21,APOBEC3B Potently Restricts HIV-2 but Not HIV-1 in a Vif-Dependent Manner.,2021,high,request_pdf,strong_learned_match,viral protein-host protein; restriction factor; dependency factor; entry factor; ubiquitin ligase; host; virus; viruses; viral; proteins,Request PDF: title/abstract matches multiple PMC-learned criteria plus run-objective terms.,"((HIV[tiab] OR ""human immunodeficiency virus""[tiab]) AND (""host factor""[tiab] OR ""restriction factor""[tiab] OR ""dependency factor""[tiab] OR ""entry factor""[tiab] OR ""host E3 ubiquitin ligase""[tiab] OR ""viral protein-host protein""[tiab]) AND (interacts[tiab] OR binds[tiab] OR recruits[tiab] OR cleaves[tiab] OR degrades[tiab] OR modulates[tiab] OR antagonizes[tiab] OR restricts[tiab] OR promotes[tiab] OR mechanism*[tiab]))",confirm_include,advance_to_import
pmid-33999509,33999509,10.1111/febs.16025,APOBEC3G rescues cells from the deleterious effects of DNA damage.,2021,high,request_pdf,strong_learned_match,viral protein-host protein; restriction factor; dependency factor; entry factor; ubiquitin ligase; host; pathway; virus; viral; proteins,Request PDF: title/abstract matches multiple PMC-learned criteria plus run-objective terms.,"((HIV[tiab] OR ""human immunodeficiency virus""[tiab]) AND (""host factor""[tiab] OR ""restriction factor""[tiab] OR ""dependency factor""[tiab] OR ""entry factor""[tiab] OR ""host E3 ubiquitin ligase""[tiab] OR ""viral protein-host protein""[tiab]) AND (interacts[tiab] OR binds[tiab] OR recruits[tiab] OR cleaves[tiab] OR degrades[tiab] OR modulates[tiab] OR antagonizes[tiab] OR restricts[tiab] OR promotes[tiab] OR mechanism*[tiab]))",confirm_include,advance_to_import
pmid-34550340,34550340,10.1093/femspd/ftab046,Computational analysis of human host binding partners of chikungunya and dengue viruses during coinfection.,2021,high,request_pdf,strong_learned_match,proximity proteomics; protein interaction mapping; host; pathway; virus; viruses; viral; interaction; proteins; ap-ms,Request PDF: title/abstract matches multiple PMC-learned criteria plus run-objective terms.,"((dengue[tiab] OR DENV[tiab]) AND (interactome[tiab] OR AP-MS[tiab] OR ""affinity purification mass spectrometry""[tiab] OR ""proximity proteomics""[tiab] OR ""proximity labeling""[tiab] OR BioID[tiab] OR ""protein interaction mapping""[tiab] OR (""viral protein""[tiab] AND (""host protein""[tiab] OR ""cellular protein""[tiab]))))",confirm_include,advance_to_import
pmid-34011540,34011540,10.1128/JVI.00971-20,"Human Immunodeficiency Virus Type 1 Vpr Mediates Degradation of APC1, a Scaffolding Component of the Anaphase-Promoting Complex/Cyclosome.",2021,high,request_pdf,strong_learned_match,proximity proteomics; protein interaction mapping; replication complex; host; virus; viral; interaction; proteins; not; for,Request PDF: title/abstract matches multiple PMC-learned criteria plus run-objective terms.,"((HIV[tiab] OR ""human immunodeficiency virus""[tiab]) AND (interactome[tiab] OR AP-MS[tiab] OR ""affinity purification mass spectrometry""[tiab] OR ""proximity proteomics""[tiab] OR ""proximity labeling""[tiab] OR BioID[tiab] OR ""protein interaction mapping""[tiab] OR (""viral protein""[tiab] AND (""host protein""[tiab] OR ""cellular protein""[tiab]))))",confirm_include,advance_to_import
pmid-34818858,34818858,10.4103/0972-9062.313961,Lipids fluctuations in mosquitoes upon arboviral infections.,2021,high,request_pdf,strong_learned_match,viral protein-host protein; restriction factor; dependency factor; entry factor; ubiquitin ligase; replication complex; host; virus; viruses; viral,Request PDF: title/abstract matches multiple PMC-learned criteria plus run-objective terms.,"((dengue[tiab] OR DENV[tiab]) AND (""host factor""[tiab] OR ""restriction factor""[tiab] OR ""dependency factor""[tiab] OR ""entry factor""[tiab] OR ""host E3 ubiquitin ligase""[tiab] OR ""viral protein-host protein""[tiab] OR ""replication complex""[tiab]) AND (interacts[tiab] OR binds[tiab] OR recruits[tiab] OR cleaves[tiab] OR degrades[tiab] OR modulates[tiab] OR antagonizes[tiab] OR restricts[tiab] OR promotes[tiab] OR mechanism*[tiab]))",confirm_include,advance_to_import
pmid-34242702,34242702,10.1016/j.jhep.2021.06.038,Novel function of SART1 in HNF4α transcriptional regulation contributes to its antiviral role during HBV infection.,2021,high,request_pdf,strong_learned_match,viral protein-host protein; restriction factor; dependency factor; entry factor; ubiquitin ligase; replication complex; host; virus; viral; interaction,Request PDF: title/abstract matches multiple PMC-learned criteria plus run-objective terms.,"((""hepatitis C virus""[tiab] OR HCV[tiab]) AND (""host factor""[tiab] OR ""restriction factor""[tiab] OR ""dependency factor""[tiab] OR ""entry factor""[tiab] OR ""host E3 ubiquitin ligase""[tiab] OR ""viral protein-host protein""[tiab] OR ""replication complex""[tiab]) AND (interacts[tiab] OR binds[tiab] OR recruits[tiab] OR cleaves[tiab] OR degrades[tiab] OR modulates[tiab] OR antagonizes[tiab] OR restricts[tiab] OR promotes[tiab] OR mechanism*[tiab]))",confirm_include,advance_to_import
pmid-33691013,33691013,,Protein sequence models for prediction and comparative analysis of the SARS-CoV-2 -human interactome.,2021,high,request_pdf,strong_learned_match,proximity proteomics; protein interaction mapping; host; virus; viruses; viral; when; interaction; proteins; not,Request PDF: title/abstract matches multiple PMC-learned criteria plus run-objective terms.,"((HIV[tiab] OR ""human immunodeficiency virus""[tiab]) AND (interactome[tiab] OR AP-MS[tiab] OR ""affinity purification mass spectrometry""[tiab] OR ""proximity proteomics""[tiab] OR ""proximity labeling""[tiab] OR BioID[tiab] OR ""protein interaction mapping""[tiab] OR (""viral protein""[tiab] AND (""host protein""[tiab] OR ""cellular protein""[tiab])))); ((Ebola[tiab] OR ""Ebola virus""[tiab] OR Ebolavirus[tiab] OR EBOV[tiab]) AND (interactome[tiab] OR AP-MS[tiab] OR ""affinity purification mass spectrometry""[tiab] OR ""proximity proteomics""[tiab] OR ""proximity labeling""[tiab] OR BioID[tiab] OR ""protein interaction mapping""[tiab] OR (""viral protein""[tiab] AND (""host protein""[tiab] OR ""cellular protein""[tiab]))))",confirm_include,advance_to_import
pmid-34425283,34425283,10.1016/j.bbrc.2021.08.031,STUB1/CHIP promotes ubiquitination and degradation of HIV-1 Vif to restore the cellular level of APOBEC3G protein.,2021,high,request_pdf,strong_learned_match,viral protein-host protein; restriction factor; dependency factor; entry factor; ubiquitin ligase; host; virus; viral; for,Request PDF: title/abstract matches multiple PMC-learned criteria plus run-objective terms.,"((HIV[tiab] OR ""human immunodeficiency virus""[tiab]) AND (""host factor""[tiab] OR ""restriction factor""[tiab] OR ""dependency factor""[tiab] OR ""entry factor""[tiab] OR ""host E3 ubiquitin ligase""[tiab] OR ""viral protein-host protein""[tiab]) AND (interacts[tiab] OR binds[tiab] OR recruits[tiab] OR cleaves[tiab] OR degrades[tiab] OR modulates[tiab] OR antagonizes[tiab] OR restricts[tiab] OR promotes[tiab] OR mechanism*[tiab]))",confirm_include,advance_to_import
pmid-33464395,33464395,10.1007/s00438-020-01753-y,"Saccharomyces cerevisiae RNA lariat debranching enzyme, Dbr1p, is required for completion of reverse transcription by the retrovirus-like element Ty1 and cleaves branched Ty1 RNAs.",2021,high,request_pdf,strong_learned_match,viral protein-host protein; restriction factor; dependency factor; entry factor; ubiquitin ligase; host; virus; viral; for,Request PDF: title/abstract matches multiple PMC-learned criteria plus run-objective terms.,"((HIV[tiab] OR ""human immunodeficiency virus""[tiab]) AND (""host factor""[tiab] OR ""restriction factor""[tiab] OR ""dependency factor""[tiab] OR ""entry factor""[tiab] OR ""host E3 ubiquitin ligase""[tiab] OR ""viral protein-host protein""[tiab]) AND (interacts[tiab] OR binds[tiab] OR recruits[tiab] OR cleaves[tiab] OR degrades[tiab] OR modulates[tiab] OR antagonizes[tiab] OR restricts[tiab] OR promotes[tiab] OR mechanism*[tiab]))",confirm_include,advance_to_import
pmid-33432690,33432690,10.1111/cmi.13302,Valosin-containing protein ATPase activity regulates the morphogenesis of Zika virus replication organelles and virus-induced cell death.,2021,high,request_pdf,strong_learned_match,viral protein-host protein; restriction factor; dependency factor; entry factor; ubiquitin ligase; replication complex; host; virus; viral; interaction,Request PDF: title/abstract matches multiple PMC-learned criteria plus run-objective terms.,"((dengue[tiab] OR DENV[tiab]) AND (""host factor""[tiab] OR ""restriction factor""[tiab] OR ""dependency factor""[tiab] OR ""entry factor""[tiab] OR ""host E3 ubiquitin ligase""[tiab] OR ""viral protein-host protein""[tiab] OR ""replication complex""[tiab]) AND (interacts[tiab] OR binds[tiab] OR recruits[tiab] OR cleaves[tiab] OR degrades[tiab] OR modulates[tiab] OR antagonizes[tiab] OR restricts[tiab] OR promotes[tiab] OR mechanism*[tiab]))",confirm_include,advance_to_import
pmid-33731458,33731458,10.1128/JVI.02336-20,Valosin-containing protein/p97 plays critical roles in the Japanese encephalitis virus life cycle.,2021,high,request_pdf,strong_learned_match,viral protein-host protein; restriction factor; dependency factor; entry factor; ubiquitin ligase; replication complex; host; pathway; virus; viruses,Request PDF: title/abstract matches multiple PMC-learned criteria plus run-objective terms.,"((dengue[tiab] OR DENV[tiab]) AND (""host factor""[tiab] OR ""restriction factor""[tiab] OR ""dependency factor""[tiab] OR ""entry factor""[tiab] OR ""host E3 ubiquitin ligase""[tiab] OR ""viral protein-host protein""[tiab] OR ""replication complex""[tiab]) AND (interacts[tiab] OR binds[tiab] OR recruits[tiab] OR cleaves[tiab] OR degrades[tiab] OR modulates[tiab] OR antagonizes[tiab] OR restricts[tiab] OR promotes[tiab] OR mechanism*[tiab]))",confirm_include,advance_to_import
pmid-36411658,36411658,10.1016/j.biopha.2022.113850,Assessing the potential of repurposing ion channel inhibitors to treat emerging viral diseases and the role of this host factor in virus replication.,2022,high,request_pdf,strong_learned_match,viral protein-host protein; restriction factor; dependency factor; entry factor; ubiquitin ligase; host; virus; viruses; viral; for,Request PDF: title/abstract matches multiple PMC-learned criteria plus run-objective terms.,"((HIV[tiab] OR ""human immunodeficiency virus""[tiab]) AND (""host factor""[tiab] OR ""restriction factor""[tiab] OR ""dependency factor""[tiab] OR ""entry factor""[tiab] OR ""host E3 ubiquitin ligase""[tiab] OR ""viral protein-host protein""[tiab]) AND (interacts[tiab] OR binds[tiab] OR recruits[tiab] OR cleaves[tiab] OR degrades[tiab] OR modulates[tiab] OR antagonizes[tiab] OR restricts[tiab] OR promotes[tiab] OR mechanism*[tiab]))",confirm_include,advance_to_import
pmid-34954236,34954236,10.1016/j.jmb.2021.167421,Feline Leukemia Virus-B Envelope Together With its GlycoGag and Human Immunodeficiency Virus-1 Nef Mediate Resistance to Feline SERINC5.,2022,high,request_pdf,strong_learned_match,viral protein-host protein; restriction factor; dependency factor; entry factor; ubiquitin ligase; host; virus; viruses; viral; proteins,Request PDF: title/abstract matches multiple PMC-learned criteria plus run-objective terms.,"((HIV[tiab] OR ""human immunodeficiency virus""[tiab]) AND (""host factor""[tiab] OR ""restriction factor""[tiab] OR ""dependency factor""[tiab] OR ""entry factor""[tiab] OR ""host E3 ubiquitin ligase""[tiab] OR ""viral protein-host protein""[tiab]) AND (interacts[tiab] OR binds[tiab] OR recruits[tiab] OR cleaves[tiab] OR degrades[tiab] OR modulates[tiab] OR antagonizes[tiab] OR restricts[tiab] OR promotes[tiab] OR mechanism*[tiab]))",confirm_include,advance_to_import
pmid-34811497,34811497,10.1038/s41423-021-00802-9,HIV-1 Vif suppresses antiviral immunity by targeting STING.,2022,high,request_pdf,strong_learned_match,viral protein-host protein; restriction factor; dependency factor; entry factor; ubiquitin ligase; host; virus; viral; interaction; for,Request PDF: title/abstract matches multiple PMC-learned criteria plus run-objective terms.,"((HIV[tiab] OR ""human immunodeficiency virus""[tiab]) AND (""host factor""[tiab] OR ""restriction factor""[tiab] OR ""dependency factor""[tiab] OR ""entry factor""[tiab] OR ""host E3 ubiquitin ligase""[tiab] OR ""viral protein-host protein""[tiab]) AND (interacts[tiab] OR binds[tiab] OR recruits[tiab] OR cleaves[tiab] OR degrades[tiab] OR modulates[tiab] OR antagonizes[tiab] OR restricts[tiab] OR promotes[tiab] OR mechanism*[tiab]))",confirm_include,advance_to_import
pmid-34971702,34971702,10.1016/j.virusres.2021.198668,High-mobility group box 1 protein promotes dengue virus replication by interacting with untranslated regions of viral genome.,2022,high,request_pdf,strong_learned_match,viral protein-host protein; restriction factor; dependency factor; entry factor; ubiquitin ligase; nuclear import; replication complex; host; virus; viral,Request PDF: title/abstract matches multiple PMC-learned criteria plus run-objective terms.,"((dengue[tiab] OR DENV[tiab]) AND (""host factor""[tiab] OR ""restriction factor""[tiab] OR ""dependency factor""[tiab] OR ""entry factor""[tiab] OR ""host E3 ubiquitin ligase""[tiab] OR ""viral protein-host protein""[tiab] OR ""replication complex""[tiab]) AND (interacts[tiab] OR binds[tiab] OR recruits[tiab] OR cleaves[tiab] OR degrades[tiab] OR modulates[tiab] OR antagonizes[tiab] OR restricts[tiab] OR promotes[tiab] OR mechanism*[tiab]))",confirm_include,advance_to_import
pmid-34730395,34730395,10.1128/JVI.01708-21,Host Restriction Factor A3G Inhibits the Replication of Enterovirus D68 by Competitively Binding the 5' Untranslated Region with PCBP1.,2022,high,request_pdf,strong_learned_match,viral protein-host protein binding; viral protein-host protein; restriction factor; dependency factor; entry factor; ubiquitin ligase; replication complex; host; pathway; virus,Request PDF: title/abstract matches multiple PMC-learned criteria plus run-objective terms.,"((coxsackievirus[tiab] OR ""coxsackie virus""[tiab] OR CVB[tiab]) AND (""host factor""[tiab] OR ""restriction factor""[tiab] OR ""dependency factor""[tiab] OR ""entry factor""[tiab] OR ""host E3 ubiquitin ligase""[tiab] OR ""viral protein-host protein""[tiab] OR ""replication complex""[tiab]) AND (interacts[tiab] OR binds[tiab] OR recruits[tiab] OR cleaves[tiab] OR degrades[tiab] OR modulates[tiab] OR antagonizes[tiab] OR restricts[tiab] OR promotes[tiab] OR mechanism*[tiab]))",confirm_include,advance_to_import
pmid-35977432,35977432,10.1016/j.jmgm.2022.108291,In silico study on miRNA regulation and NSs protein interactome characterization of the SFTS virus.,2022,high,request_pdf,strong_learned_match,proximity proteomics; protein interaction mapping; host; virus; viruses; viral; studies; interaction; not; for,Request PDF: title/abstract matches multiple PMC-learned criteria plus run-objective terms.,"((dengue[tiab] OR DENV[tiab]) AND (interactome[tiab] OR AP-MS[tiab] OR ""affinity purification mass spectrometry""[tiab] OR ""proximity proteomics""[tiab] OR ""proximity labeling""[tiab] OR BioID[tiab] OR ""protein interaction mapping""[tiab] OR (""viral protein""[tiab] AND (""host protein""[tiab] OR ""cellular protein""[tiab])))); ((HIV[tiab] OR ""human immunodeficiency virus""[tiab]) AND (interactome[tiab] OR AP-MS[tiab] OR ""affinity purification mass spectrometry""[tiab] OR ""proximity proteomics""[tiab] OR ""proximity labeling""[tiab] OR BioID[tiab] OR ""protein interaction mapping""[tiab] OR (""viral protein""[tiab] AND (""host protein""[tiab] OR ""cellular protein""[tiab]))))",confirm_include,advance_to_import
pmid-35730977,35730977,10.1128/jvi.00577-22,"Inhibition of a Chromatin and Transcription Modulator, SLTM, Increases HIV-1 Reactivation Identified by a CRISPR Inhibition Screen.",2022,high,request_pdf,strong_learned_match,crispr screen; rnai screen; restriction factor; dependency factor; host; virus; viral; interaction; not,Request PDF: title/abstract matches multiple PMC-learned criteria plus run-objective terms.,"((KSHV[tiab] OR ""Kaposi sarcoma-associated herpesvirus""[tiab] OR dengue[tiab] OR DENV[tiab] OR ""hepatitis C virus""[tiab] OR HCV[tiab] OR coxsackievirus[tiab] OR HIV[tiab] OR Ebola[tiab] OR EBOV[tiab]) AND (""CRISPR screen""[tiab] OR ""RNAi screen""[tiab] OR ""functional genomics""[tiab]) AND (""host factor""[tiab] OR ""host factors""[tiab] OR ""dependency factor""[tiab] OR ""restriction factor""[tiab]))",confirm_include,advance_to_import
pmid-34709640,34709640,10.1007/978-1-0716-1879-0_10,Isolation and Identification of Dengue Virus Interactome with Human Plasma Proteins by Affinity Purification-Mass Spectrometry.,2022,high,request_pdf,strong_learned_match,proximity proteomics; protein interaction mapping; host; virus; viral; interaction; proteins; for; ap-ms; proteomics,Request PDF: title/abstract matches multiple PMC-learned criteria plus run-objective terms.,"((dengue[tiab] OR DENV[tiab]) AND (interactome[tiab] OR AP-MS[tiab] OR ""affinity purification mass spectrometry""[tiab] OR ""proximity proteomics""[tiab] OR ""proximity labeling""[tiab] OR BioID[tiab] OR ""protein interaction mapping""[tiab] OR (""viral protein""[tiab] AND (""host protein""[tiab] OR ""cellular protein""[tiab]))))",confirm_include,advance_to_import
pmid-35604218,35604218,10.1128/jvi.00101-22,KSHV RTA Induces Degradation of the Host Transcription Repressor ID2 To Promote the Viral Lytic Cycle.,2022,high,request_pdf,strong_learned_match,restriction factor; ubiquitin ligase; er-phagy; reticulophagy; nuclear import; rna-binding proteins; replication complex; host; pathway; virus,Request PDF: title/abstract matches multiple PMC-learned criteria plus run-objective terms.,"((KSHV[ti] OR ""Kaposi sarcoma-associated herpesvirus""[ti] OR dengue[ti] OR DENV[ti] OR ""hepatitis C virus""[ti] OR HCV[ti] OR coxsackievirus[ti] OR HIV[ti] OR Ebola[ti] OR EBOV[ti]) AND (""ubiquitin ligase""[tiab] OR proteasome[tiab] OR autophagy[tiab] OR ""ER-phagy""[tiab] OR reticulophagy[tiab] OR ""nuclear import""[tiab] OR ""RNA-binding protein""[tiab] OR ""replication complex""[tiab] OR trafficking[tiab]) AND (""host factor""[tiab] OR ""host protein""[tiab] OR ""viral protein""[tiab]) AND (interacts[tiab] OR binds[tiab] OR recruits[tiab] OR cleaves[tiab] OR degrades[tiab] OR modulates[tiab] OR restricts[tiab] OR promotes[tiab]) NOT (patient*[tiab] OR plasma[tiab] OR serum[tiab] OR biomarker*[tiab] OR metabolomic*[tiab] OR ""network pharmacology""[tiab] OR docking[tiab] OR vaccine*[tiab] OR diagnostic*[tiab] OR epidemiolog*[tiab]))",confirm_include,advance_to_import
pmid-35397701,35397701,10.1007/s00018-022-04245-x,Mapping of molecular interactions between human E3 ligase TRIM69 and Dengue virus NS3 protease using hydrogen-deuterium exchange mass spectrometry.,2022,high,request_pdf,strong_learned_match,viral protein-host protein binding; viral protein-host protein; protein interaction mapping; restriction factor; dependency factor; entry factor; ubiquitin ligase; replication complex; host; virus,Request PDF: title/abstract matches multiple PMC-learned criteria plus run-objective terms.,"((dengue[tiab] OR DENV[tiab]) AND (""host factor""[tiab] OR ""restriction factor""[tiab] OR ""dependency factor""[tiab] OR ""entry factor""[tiab] OR ""host E3 ubiquitin ligase""[tiab] OR ""viral protein-host protein""[tiab] OR ""replication complex""[tiab]) AND (interacts[tiab] OR binds[tiab] OR recruits[tiab] OR cleaves[tiab] OR degrades[tiab] OR modulates[tiab] OR antagonizes[tiab] OR restricts[tiab] OR promotes[tiab] OR mechanism*[tiab]))",confirm_include,advance_to_import
pmid-34757838,34757838,10.1128/JVI.01597-21,MicroRNA-376b-3p Promotes Porcine Reproductive and Respiratory Syndrome Virus Replication by Targeting Viral Restriction Factor TRIM22.,2022,high,request_pdf,strong_learned_match,viral protein-host protein; restriction factor; dependency factor; entry factor; ubiquitin ligase; replication complex; host; pathway; virus; viruses,Request PDF: title/abstract matches multiple PMC-learned criteria plus run-objective terms.,"((""hepatitis C virus""[tiab] OR HCV[tiab]) AND (""host factor""[tiab] OR ""restriction factor""[tiab] OR ""dependency factor""[tiab] OR ""entry factor""[tiab] OR ""host E3 ubiquitin ligase""[tiab] OR ""viral protein-host protein""[tiab] OR ""replication complex""[tiab]) AND (interacts[tiab] OR binds[tiab] OR recruits[tiab] OR cleaves[tiab] OR degrades[tiab] OR modulates[tiab] OR antagonizes[tiab] OR restricts[tiab] OR promotes[tiab] OR mechanism*[tiab])); ((HIV[tiab] OR ""human immunodeficiency virus""[tiab]) AND (""host factor""[tiab] OR ""restriction factor""[tiab] OR ""dependency factor""[tiab] OR ""entry factor""[tiab] OR ""host E3 ubiquitin ligase""[tiab] OR ""viral protein-host protein""[tiab]) AND (interacts[tiab] OR binds[tiab] OR recruits[tiab] OR cleaves[tiab] OR degrades[tiab] OR modulates[tiab] OR antagonizes[tiab] OR restricts[tiab] OR promotes[tiab] OR mechanism*[tiab]))",confirm_include,advance_to_import
pmid-34787459,34787459,10.1128/JVI.01782-21,Protein-RNA Interactome Analysis Reveals Wide Association of Kaposi's Sarcoma-Associated Herpesvirus ORF57 with Host Noncoding RNAs and Polysomes.,2022,high,request_pdf,strong_learned_match,proximity proteomics; protein interaction mapping; rna-binding proteins; host; virus; viral; evidence; interaction; proteins; not,Request PDF: title/abstract matches multiple PMC-learned criteria plus run-objective terms.,"((KSHV[tiab] OR ""Kaposi sarcoma-associated herpesvirus""[tiab] OR ""human herpesvirus 8""[tiab] OR HHV-8[tiab]) AND (interactome[tiab] OR AP-MS[tiab] OR ""affinity purification mass spectrometry""[tiab] OR ""proximity proteomics""[tiab] OR ""proximity labeling""[tiab] OR BioID[tiab] OR ""protein interaction mapping""[tiab] OR (""viral protein""[tiab] AND (""host protein""[tiab] OR ""cellular protein""[tiab]))))",confirm_include,advance_to_import
pmid-35266803,35266803,10.1128/jvi.01962-21,RACK1 Associates with RNA-Binding Proteins Vigilin and SERBP1 to Facilitate Dengue Virus Replication.,2022,high,request_pdf,strong_learned_match,proximity proteomics; viral protein-host protein binding; viral protein-host protein; protein interaction mapping; restriction factor; dependency factor; entry factor; ubiquitin ligase; rna-binding proteins; replication complex,Request PDF: title/abstract matches multiple PMC-learned criteria plus run-objective terms.,"((dengue[tiab] OR DENV[tiab]) AND (interactome[tiab] OR AP-MS[tiab] OR ""affinity purification mass spectrometry""[tiab] OR ""proximity proteomics""[tiab] OR ""proximity labeling""[tiab] OR BioID[tiab] OR ""protein interaction mapping""[tiab] OR (""viral protein""[tiab] AND (""host protein""[tiab] OR ""cellular protein""[tiab])))); ((dengue[tiab] OR DENV[tiab]) AND (""host factor""[tiab] OR ""restriction factor""[tiab] OR ""dependency factor""[tiab] OR ""entry factor""[tiab] OR ""host E3 ubiquitin ligase""[tiab] OR ""viral protein-host protein""[tiab] OR ""replication complex""[tiab]) AND (interacts[tiab] OR binds[tiab] OR recruits[tiab] OR cleaves[tiab] OR degrades[tiab] OR modulates[tiab] OR antagonizes[tiab] OR restricts[tiab] OR promotes[tiab] OR mechanism*[tiab]))",confirm_include,advance_to_import
pmid-35913217,35913217,10.1128/jvi.00526-22,Riplet Binds the Zinc Finger Antiviral Protein (ZAP) and Augments ZAP-Mediated Restriction of HIV-1.,2022,high,request_pdf,strong_learned_match,viral protein-host protein binding; viral protein-host protein; restriction factor; dependency factor; entry factor; ubiquitin ligase; replication complex; host; pathway; virus,Request PDF: title/abstract matches multiple PMC-learned criteria plus run-objective terms.,"((HIV[tiab] OR ""human immunodeficiency virus""[tiab]) AND (""host factor""[tiab] OR ""restriction factor""[tiab] OR ""dependency factor""[tiab] OR ""entry factor""[tiab] OR ""host E3 ubiquitin ligase""[tiab] OR ""viral protein-host protein""[tiab]) AND (interacts[tiab] OR binds[tiab] OR recruits[tiab] OR cleaves[tiab] OR degrades[tiab] OR modulates[tiab] OR antagonizes[tiab] OR restricts[tiab] OR promotes[tiab] OR mechanism*[tiab]))",confirm_include,advance_to_import
pmid-35390695,35390695,10.1016/j.virol.2022.03.007,Septin 2 interacts with dengue virus replication complex proteins and participates in virus replication in mosquito cells.,2022,high,request_pdf,strong_learned_match,viral protein-host protein binding; viral protein-host protein; restriction factor; dependency factor; entry factor; ubiquitin ligase; er-phagy; reticulophagy; nuclear import; rna-binding proteins,Request PDF: title/abstract matches multiple PMC-learned criteria plus run-objective terms.,"((dengue[tiab] OR DENV[tiab]) AND (""host factor""[tiab] OR ""restriction factor""[tiab] OR ""dependency factor""[tiab] OR ""entry factor""[tiab] OR ""host E3 ubiquitin ligase""[tiab] OR ""viral protein-host protein""[tiab] OR ""replication complex""[tiab]) AND (interacts[tiab] OR binds[tiab] OR recruits[tiab] OR cleaves[tiab] OR degrades[tiab] OR modulates[tiab] OR antagonizes[tiab] OR restricts[tiab] OR promotes[tiab] OR mechanism*[tiab])); ((""hepatitis C virus""[tiab] OR HCV[tiab]) AND (""host factor""[tiab] OR ""restriction factor""[tiab] OR ""dependency factor""[tiab] OR ""entry factor""[tiab] OR ""host E3 ubiquitin ligase""[tiab] OR ""viral protein-host protein""[tiab] OR ""replication complex""[tiab]) AND (interacts[tiab] OR binds[tiab] OR recruits[tiab] OR cleaves[tiab] OR degrades[tiab] OR modulates[tiab] OR antagonizes[tiab] OR restricts[tiab] OR promotes[tiab] OR mechanism*[tiab])); ((KSHV[ti] OR ""Kaposi sarcoma-associated herpesvirus""[ti] OR dengue[ti] OR DENV[ti] OR ""hepatitis C virus""[ti] OR HCV[ti] OR coxsackievirus[ti] OR HIV[ti] OR Ebola[ti] OR EBOV[ti]) AND (""ubiquitin ligase""[tiab] OR proteasome[tiab] OR autophagy[tiab] OR ""ER-phagy""[tiab] OR reticulophagy[tiab] OR ""nuclear import""[tiab] OR ""RNA-binding protein""[tiab] OR ""replication complex""[tiab] OR trafficking[tiab]) AND (""host factor""[tiab] OR ""host protein""[tiab] OR ""viral protein""[tiab]) AND (interacts[tiab] OR binds[tiab] OR recruits[tiab] OR cleaves[tiab] OR degrades[tiab] OR modulates[tiab] OR restricts[tiab] OR promotes[tiab]) NOT (patient*[tiab] OR plasma[tiab] OR serum[tiab] OR biomarker*[tiab] OR metabolomic*[tiab] OR ""network pharmacology""[tiab] OR docking[tiab] OR vaccine*[tiab] OR diagnostic*[tiab] OR epidemiolog*[tiab]))",confirm_include,advance_to_import
pmid-36326276,36326276,10.1128/jvi.01469-22,Shiftless Restricts Viral Gene Expression and Influences RNA Granule Formation during Kaposi's Sarcoma-Associated Herpesvirus Lytic Replication.,2022,high,request_pdf,strong_learned_match,proximity proteomics; protein interaction mapping; rna-binding proteins; replication complex; host; virus; viruses; viral; interaction; proteins,Request PDF: title/abstract matches multiple PMC-learned criteria plus run-objective terms.,"((KSHV[tiab] OR ""Kaposi sarcoma-associated herpesvirus""[tiab] OR ""human herpesvirus 8""[tiab] OR HHV-8[tiab]) AND (interactome[tiab] OR AP-MS[tiab] OR ""affinity purification mass spectrometry""[tiab] OR ""proximity proteomics""[tiab] OR ""proximity labeling""[tiab] OR BioID[tiab] OR ""protein interaction mapping""[tiab] OR (""viral protein""[tiab] AND (""host protein""[tiab] OR ""cellular protein""[tiab])))); ((HIV[tiab] OR ""human immunodeficiency virus""[tiab]) AND (interactome[tiab] OR AP-MS[tiab] OR ""affinity purification mass spectrometry""[tiab] OR ""proximity proteomics""[tiab] OR ""proximity labeling""[tiab] OR BioID[tiab] OR ""protein interaction mapping""[tiab] OR (""viral protein""[tiab] AND (""host protein""[tiab] OR ""cellular protein""[tiab]))))",confirm_include,advance_to_import
pmid-35862260,35862260,10.1021/acs.jmedchem.2c00649,Targeting the RNA G-Quadruplex and Protein Interactome for Antiviral Therapy.,2022,high,request_pdf,strong_learned_match,proximity proteomics; protein interaction mapping; host; virus; viruses; viral; studies; interaction; proteins; for,Request PDF: title/abstract matches multiple PMC-learned criteria plus run-objective terms.,"((HIV[tiab] OR ""human immunodeficiency virus""[tiab]) AND (interactome[tiab] OR AP-MS[tiab] OR ""affinity purification mass spectrometry""[tiab] OR ""proximity proteomics""[tiab] OR ""proximity labeling""[tiab] OR BioID[tiab] OR ""protein interaction mapping""[tiab] OR (""viral protein""[tiab] AND (""host protein""[tiab] OR ""cellular protein""[tiab]))))",confirm_include,advance_to_import
pmid-35652656,35652656,10.1128/jvi.00704-22,The Dengue Virus Nonstructural Protein 1 (NS1) Interacts with the Putative Epigenetic Regulator DIDO1 to Promote Flavivirus Replication in Mosquito Cells.,2022,high,request_pdf,strong_learned_match,proximity proteomics; viral protein-host protein; protein interaction mapping; restriction factor; dependency factor; entry factor; ubiquitin ligase; replication complex; host; pathway,Request PDF: title/abstract matches multiple PMC-learned criteria plus run-objective terms.,"((dengue[tiab] OR DENV[tiab]) AND (interactome[tiab] OR AP-MS[tiab] OR ""affinity purification mass spectrometry""[tiab] OR ""proximity proteomics""[tiab] OR ""proximity labeling""[tiab] OR BioID[tiab] OR ""protein interaction mapping""[tiab] OR (""viral protein""[tiab] AND (""host protein""[tiab] OR ""cellular protein""[tiab])))); ((dengue[tiab] OR DENV[tiab]) AND (""host factor""[tiab] OR ""restriction factor""[tiab] OR ""dependency factor""[tiab] OR ""entry factor""[tiab] OR ""host E3 ubiquitin ligase""[tiab] OR ""viral protein-host protein""[tiab] OR ""replication complex""[tiab]) AND (interacts[tiab] OR binds[tiab] OR recruits[tiab] OR cleaves[tiab] OR degrades[tiab] OR modulates[tiab] OR antagonizes[tiab] OR restricts[tiab] OR promotes[tiab] OR mechanism*[tiab]))",confirm_include,advance_to_import
pmid-35766490,35766490,10.1128/jvi.00652-22,The Myeloid-Specific Transcription Factor PU.1 Upregulates Mannose Receptor Expression but Represses Basal Activity of the HIV-LTR Promoter.,2022,high,request_pdf,strong_learned_match,viral protein-host protein; restriction factor; dependency factor; entry factor; ubiquitin ligase; replication complex; host; virus; viral; proteins,Request PDF: title/abstract matches multiple PMC-learned criteria plus run-objective terms.,"((HIV[tiab] OR ""human immunodeficiency virus""[tiab]) AND (""host factor""[tiab] OR ""restriction factor""[tiab] OR ""dependency factor""[tiab] OR ""entry factor""[tiab] OR ""host E3 ubiquitin ligase""[tiab] OR ""viral protein-host protein""[tiab]) AND (interacts[tiab] OR binds[tiab] OR recruits[tiab] OR cleaves[tiab] OR degrades[tiab] OR modulates[tiab] OR antagonizes[tiab] OR restricts[tiab] OR promotes[tiab] OR mechanism*[tiab]))",confirm_include,advance_to_import
pmid-35964311,35964311,10.31857/S0026898422040115,[HIV Restriction Factor APOBEC3G and Prospects for Its Use in Gene Therapy for HIV].,2022,high,request_pdf,strong_learned_match,viral protein-host protein; restriction factor; dependency factor; entry factor; ubiquitin ligase; host; virus; viral; proteins; for,Request PDF: title/abstract matches multiple PMC-learned criteria plus run-objective terms.,"((HIV[tiab] OR ""human immunodeficiency virus""[tiab]) AND (""host factor""[tiab] OR ""restriction factor""[tiab] OR ""dependency factor""[tiab] OR ""entry factor""[tiab] OR ""host E3 ubiquitin ligase""[tiab] OR ""viral protein-host protein""[tiab]) AND (interacts[tiab] OR binds[tiab] OR recruits[tiab] OR cleaves[tiab] OR degrades[tiab] OR modulates[tiab] OR antagonizes[tiab] OR restricts[tiab] OR promotes[tiab] OR mechanism*[tiab]))",confirm_include,advance_to_import
pmid-35254825,35254825,10.1021/acsinfecdis.1c00470,miR-383 Regulates Hepatic Lipid Homeostasis and Response to Dengue Virus Infection.,2022,high,request_pdf,strong_learned_match,viral protein-host protein; restriction factor; dependency factor; entry factor; ubiquitin ligase; replication complex; host; pathway; virus; viruses,Request PDF: title/abstract matches multiple PMC-learned criteria plus run-objective terms.,"((dengue[tiab] OR DENV[tiab]) AND (""host factor""[tiab] OR ""restriction factor""[tiab] OR ""dependency factor""[tiab] OR ""entry factor""[tiab] OR ""host E3 ubiquitin ligase""[tiab] OR ""viral protein-host protein""[tiab] OR ""replication complex""[tiab]) AND (interacts[tiab] OR binds[tiab] OR recruits[tiab] OR cleaves[tiab] OR degrades[tiab] OR modulates[tiab] OR antagonizes[tiab] OR restricts[tiab] OR promotes[tiab] OR mechanism*[tiab]))",confirm_include,advance_to_import
pmid-37562033,37562033,10.1093/infdis/jiad325,An Antiviral Role for TRIM14 in Ebola Virus Infection.,2023,high,request_pdf,strong_learned_match,viral protein-host protein; restriction factor; dependency factor; entry factor; ubiquitin ligase; replication complex; host; pathway; virus; viral,Request PDF: title/abstract matches multiple PMC-learned criteria plus run-objective terms.,"((Ebola[tiab] OR ""Ebola virus""[tiab] OR Ebolavirus[tiab] OR EBOV[tiab]) AND (""host factor""[tiab] OR ""restriction factor""[tiab] OR ""dependency factor""[tiab] OR ""entry factor""[tiab] OR ""host E3 ubiquitin ligase""[tiab] OR ""viral protein-host protein""[tiab] OR ""replication complex""[tiab]) AND (interacts[tiab] OR binds[tiab] OR recruits[tiab] OR cleaves[tiab] OR degrades[tiab] OR modulates[tiab] OR antagonizes[tiab] OR restricts[tiab] OR promotes[tiab] OR mechanism*[tiab]))",confirm_include,advance_to_import
pmid-37750702,37750702,10.1128/mmbr.00048-22,Capsid-host interactions for HIV-1 ingress.,2023,high,request_pdf,strong_learned_match,viral protein-host protein binding; viral protein-host protein; restriction factor; dependency factor; entry factor; ubiquitin ligase; er-phagy; reticulophagy; nuclear import; rna-binding proteins,Request PDF: title/abstract matches multiple PMC-learned criteria plus run-objective terms.,"((HIV[tiab] OR ""human immunodeficiency virus""[tiab]) AND (""host factor""[tiab] OR ""restriction factor""[tiab] OR ""dependency factor""[tiab] OR ""entry factor""[tiab] OR ""host E3 ubiquitin ligase""[tiab] OR ""viral protein-host protein""[tiab]) AND (interacts[tiab] OR binds[tiab] OR recruits[tiab] OR cleaves[tiab] OR degrades[tiab] OR modulates[tiab] OR antagonizes[tiab] OR restricts[tiab] OR promotes[tiab] OR mechanism*[tiab])); ((KSHV[ti] OR ""Kaposi sarcoma-associated herpesvirus""[ti] OR dengue[ti] OR DENV[ti] OR ""hepatitis C virus""[ti] OR HCV[ti] OR coxsackievirus[ti] OR HIV[ti] OR Ebola[ti] OR EBOV[ti]) AND (""ubiquitin ligase""[tiab] OR proteasome[tiab] OR autophagy[tiab] OR ""ER-phagy""[tiab] OR reticulophagy[tiab] OR ""nuclear import""[tiab] OR ""RNA-binding protein""[tiab] OR ""replication complex""[tiab] OR trafficking[tiab]) AND (""host factor""[tiab] OR ""host protein""[tiab] OR ""viral protein""[tiab]) AND (interacts[tiab] OR binds[tiab] OR recruits[tiab] OR cleaves[tiab] OR degrades[tiab] OR modulates[tiab] OR restricts[tiab] OR promotes[tiab]) NOT (patient*[tiab] OR plasma[tiab] OR serum[tiab] OR biomarker*[tiab] OR metabolomic*[tiab] OR ""network pharmacology""[tiab] OR docking[tiab] OR vaccine*[tiab] OR diagnostic*[tiab] OR epidemiolog*[tiab]))",confirm_include,advance_to_import
pmid-36723955,36723955,10.1096/fj.202201738R,DNAJB8 facilitates autophagic-lysosomal degradation of viral Vif protein and restricts HIV-1 virion infectivity by rescuing APOBEC3G expression in host cells.,2023,high,request_pdf,strong_learned_match,viral protein-host protein; restriction factor; dependency factor; entry factor; ubiquitin ligase; host; virus; viruses; viral; studies,Request PDF: title/abstract matches multiple PMC-learned criteria plus run-objective terms.,"((HIV[tiab] OR ""human immunodeficiency virus""[tiab]) AND (""host factor""[tiab] OR ""restriction factor""[tiab] OR ""dependency factor""[tiab] OR ""entry factor""[tiab] OR ""host E3 ubiquitin ligase""[tiab] OR ""viral protein-host protein""[tiab]) AND (interacts[tiab] OR binds[tiab] OR recruits[tiab] OR cleaves[tiab] OR degrades[tiab] OR modulates[tiab] OR antagonizes[tiab] OR restricts[tiab] OR promotes[tiab] OR mechanism*[tiab]))",confirm_include,advance_to_import
pmid-37843371,37843371,10.1128/jvi.00732-23,Emerging role of cyclophilin A in HIV-1 infection: from producer cell to the target cell nucleus.,2023,high,request_pdf,strong_learned_match,viral protein-host protein binding; viral protein-host protein; restriction factor; dependency factor; entry factor; ubiquitin ligase; host; virus; viral; interaction,Request PDF: title/abstract matches multiple PMC-learned criteria plus run-objective terms.,"((HIV[tiab] OR ""human immunodeficiency virus""[tiab]) AND (""host factor""[tiab] OR ""restriction factor""[tiab] OR ""dependency factor""[tiab] OR ""entry factor""[tiab] OR ""host E3 ubiquitin ligase""[tiab] OR ""viral protein-host protein""[tiab]) AND (interacts[tiab] OR binds[tiab] OR recruits[tiab] OR cleaves[tiab] OR degrades[tiab] OR modulates[tiab] OR antagonizes[tiab] OR restricts[tiab] OR promotes[tiab] OR mechanism*[tiab]))",confirm_include,advance_to_import
pmid-37905837,37905837,10.1128/jvi.01044-23,HIV-1 Tat commandeers nuclear export of Rev-viral RNA complex by controlling hnRNPA2-mediated splicing.,2023,high,request_pdf,strong_learned_match,viral protein-host protein; restriction factor; dependency factor; entry factor; ubiquitin ligase; replication complex; host; virus; viral; when,Request PDF: title/abstract matches multiple PMC-learned criteria plus run-objective terms.,"((HIV[tiab] OR ""human immunodeficiency virus""[tiab]) AND (""host factor""[tiab] OR ""restriction factor""[tiab] OR ""dependency factor""[tiab] OR ""entry factor""[tiab] OR ""host E3 ubiquitin ligase""[tiab] OR ""viral protein-host protein""[tiab]) AND (interacts[tiab] OR binds[tiab] OR recruits[tiab] OR cleaves[tiab] OR degrades[tiab] OR modulates[tiab] OR antagonizes[tiab] OR restricts[tiab] OR promotes[tiab] OR mechanism*[tiab]))",confirm_include,advance_to_import
pmid-37149044,37149044,10.1016/j.antiviral.2023.105622,Host factor DUSP5 potently inhibits dengue virus infection by modulating cytoskeleton rearrangement.,2023,high,request_pdf,strong_learned_match,viral protein-host protein; restriction factor; dependency factor; entry factor; ubiquitin ligase; replication complex; host; virus; viral; studies,Request PDF: title/abstract matches multiple PMC-learned criteria plus run-objective terms.,"((dengue[tiab] OR DENV[tiab]) AND (""host factor""[tiab] OR ""restriction factor""[tiab] OR ""dependency factor""[tiab] OR ""entry factor""[tiab] OR ""host E3 ubiquitin ligase""[tiab] OR ""viral protein-host protein""[tiab] OR ""replication complex""[tiab]) AND (interacts[tiab] OR binds[tiab] OR recruits[tiab] OR cleaves[tiab] OR degrades[tiab] OR modulates[tiab] OR antagonizes[tiab] OR restricts[tiab] OR promotes[tiab] OR mechanism*[tiab]))",confirm_include,advance_to_import
pmid-37358446,37358446,10.1128/jvi.00255-23,KIF16B Mediates Anterograde Transport and Modulates Lysosomal Degradation of the HIV-1 Envelope Glycoprotein.,2023,high,request_pdf,strong_learned_match,viral protein-host protein; restriction factor; dependency factor; entry factor; ubiquitin ligase; nuclear import; host; pathway; virus; viral,Request PDF: title/abstract matches multiple PMC-learned criteria plus run-objective terms.,"((HIV[tiab] OR ""human immunodeficiency virus""[tiab]) AND (""host factor""[tiab] OR ""restriction factor""[tiab] OR ""dependency factor""[tiab] OR ""entry factor""[tiab] OR ""host E3 ubiquitin ligase""[tiab] OR ""viral protein-host protein""[tiab]) AND (interacts[tiab] OR binds[tiab] OR recruits[tiab] OR cleaves[tiab] OR degrades[tiab] OR modulates[tiab] OR antagonizes[tiab] OR restricts[tiab] OR promotes[tiab] OR mechanism*[tiab]))",confirm_include,advance_to_import
pmid-36995092,36995092,10.1128/jvi.01763-22,KSHV Viral Protein Kinase Interacts with USP9X to Modulate the Viral Lifecycle.,2023,high,request_pdf,strong_learned_match,proximity proteomics; protein interaction mapping; host; virus; viruses; viral; interaction; proteins; for; ap-ms,Request PDF: title/abstract matches multiple PMC-learned criteria plus run-objective terms.,"((KSHV[tiab] OR ""Kaposi sarcoma-associated herpesvirus""[tiab] OR ""human herpesvirus 8""[tiab] OR HHV-8[tiab]) AND (interactome[tiab] OR AP-MS[tiab] OR ""affinity purification mass spectrometry""[tiab] OR ""proximity proteomics""[tiab] OR ""proximity labeling""[tiab] OR BioID[tiab] OR ""protein interaction mapping""[tiab] OR (""viral protein""[tiab] AND (""host protein""[tiab] OR ""cellular protein""[tiab])))); ((HIV[tiab] OR ""human immunodeficiency virus""[tiab]) AND (interactome[tiab] OR AP-MS[tiab] OR ""affinity purification mass spectrometry""[tiab] OR ""proximity proteomics""[tiab] OR ""proximity labeling""[tiab] OR BioID[tiab] OR ""protein interaction mapping""[tiab] OR (""viral protein""[tiab] AND (""host protein""[tiab] OR ""cellular protein""[tiab]))))",confirm_include,advance_to_import
pmid-36648422,36648422,10.1089/omi.2022.0130,Pathogenesis of Human Immunodeficiency Virus and Mycobacterium tuberculosis Infection as Revealed by Transcriptome and Interactome Data.,2023,high,request_pdf,strong_learned_match,proximity proteomics; protein interaction mapping; host; host-pathogen; virus; viral; interaction; for; ap-ms; proteomics,Request PDF: title/abstract matches multiple PMC-learned criteria plus run-objective terms.,"((HIV[tiab] OR ""human immunodeficiency virus""[tiab]) AND (interactome[tiab] OR AP-MS[tiab] OR ""affinity purification mass spectrometry""[tiab] OR ""proximity proteomics""[tiab] OR ""proximity labeling""[tiab] OR BioID[tiab] OR ""protein interaction mapping""[tiab] OR (""viral protein""[tiab] AND (""host protein""[tiab] OR ""cellular protein""[tiab]))))",confirm_include,advance_to_import
pmid-37193327,37193327,10.1007/s13205-023-03569-0,Prediction of human protein interactome of dengue virus non-structural protein 5 (NS5) and its downstream immunological implications.,2023,high,request_pdf,strong_learned_match,proximity proteomics; protein interaction mapping; host; pathway; virus; viruses; viral; interaction; proteins; not,Request PDF: title/abstract matches multiple PMC-learned criteria plus run-objective terms.,"((dengue[tiab] OR DENV[tiab]) AND (interactome[tiab] OR AP-MS[tiab] OR ""affinity purification mass spectrometry""[tiab] OR ""proximity proteomics""[tiab] OR ""proximity labeling""[tiab] OR BioID[tiab] OR ""protein interaction mapping""[tiab] OR (""viral protein""[tiab] AND (""host protein""[tiab] OR ""cellular protein""[tiab]))))",confirm_include,advance_to_import
pmid-37540094,37540094,10.1021/acs.jproteome.3c00162,Quantitative Proteomics of the CDK9 Interactome Reveals a Function of the HSP90-CDC37-P-TEFb Complex for BETi-Induced HIV-1 Latency Reactivation.,2023,high,request_pdf,strong_learned_match,proximity proteomics; protein interaction mapping; host; virus; viral; interaction; proteins; for; ap-ms; proteomics,Request PDF: title/abstract matches multiple PMC-learned criteria plus run-objective terms.,"((HIV[tiab] OR ""human immunodeficiency virus""[tiab]) AND (interactome[tiab] OR AP-MS[tiab] OR ""affinity purification mass spectrometry""[tiab] OR ""proximity proteomics""[tiab] OR ""proximity labeling""[tiab] OR BioID[tiab] OR ""protein interaction mapping""[tiab] OR (""viral protein""[tiab] AND (""host protein""[tiab] OR ""cellular protein""[tiab]))))",confirm_include,advance_to_import
pmid-37406340,37406340,10.1146/annurev-virology-111821-100816,Small but Highly Versatile: The Viral Accessory Protein Vpu.,2023,high,request_pdf,strong_learned_match,viral protein-host protein; restriction factor; dependency factor; entry factor; ubiquitin ligase; nuclear import; replication complex; host; virus; viruses,Request PDF: title/abstract matches multiple PMC-learned criteria plus run-objective terms.,"((HIV[tiab] OR ""human immunodeficiency virus""[tiab]) AND (""host factor""[tiab] OR ""restriction factor""[tiab] OR ""dependency factor""[tiab] OR ""entry factor""[tiab] OR ""host E3 ubiquitin ligase""[tiab] OR ""viral protein-host protein""[tiab]) AND (interacts[tiab] OR binds[tiab] OR recruits[tiab] OR cleaves[tiab] OR degrades[tiab] OR modulates[tiab] OR antagonizes[tiab] OR restricts[tiab] OR promotes[tiab] OR mechanism*[tiab]))",confirm_include,advance_to_import
pmid-36773550,36773550,10.1016/j.ejmech.2023.115188,Various strategies for developing APOBEC3G protectors to circumvent human immunodeficiency virus type 1.,2023,high,request_pdf,strong_learned_match,viral protein-host protein; restriction factor; dependency factor; entry factor; ubiquitin ligase; host; virus; viral; proteins; for,Request PDF: title/abstract matches multiple PMC-learned criteria plus run-objective terms.,"((HIV[tiab] OR ""human immunodeficiency virus""[tiab]) AND (""host factor""[tiab] OR ""restriction factor""[tiab] OR ""dependency factor""[tiab] OR ""entry factor""[tiab] OR ""host E3 ubiquitin ligase""[tiab] OR ""viral protein-host protein""[tiab]) AND (interacts[tiab] OR binds[tiab] OR recruits[tiab] OR cleaves[tiab] OR degrades[tiab] OR modulates[tiab] OR antagonizes[tiab] OR restricts[tiab] OR promotes[tiab] OR mechanism*[tiab]))",confirm_include,advance_to_import
pmid-38352529,38352529,10.21203/rs.3.rs-3838220/v1,A protein-proximity screen reveals Ebola virus co-opts the mRNA decapping complex through the scaffold protein EDC4.,2024,high,request_pdf,strong_learned_match,proximity proteomics; protein interaction mapping; replication complex; host; virus; viral; interaction; proteins; not; for,Request PDF: title/abstract matches multiple PMC-learned criteria plus run-objective terms.,"((Ebola[tiab] OR ""Ebola virus""[tiab] OR Ebolavirus[tiab] OR EBOV[tiab]) AND (interactome[tiab] OR AP-MS[tiab] OR ""affinity purification mass spectrometry""[tiab] OR ""proximity proteomics""[tiab] OR ""proximity labeling""[tiab] OR BioID[tiab] OR ""protein interaction mapping""[tiab] OR (""viral protein""[tiab] AND (""host protein""[tiab] OR ""cellular protein""[tiab]))))",confirm_include,advance_to_import
pmid-39128851,39128851,10.1080/15548627.2024.2390814,AP3B1 facilitates PDIA3/ERP57 function to regulate rabies virus glycoprotein selective degradation and viral entry.,2024,high,request_pdf,strong_learned_match,proximity proteomics; protein interaction mapping; entry factor; host; pathway; virus; viral; interaction; ap-ms; proteomics,Request PDF: title/abstract matches multiple PMC-learned criteria plus run-objective terms.,"((Ebola[tiab] OR ""Ebola virus""[tiab] OR Ebolavirus[tiab] OR EBOV[tiab]) AND (interactome[tiab] OR AP-MS[tiab] OR ""affinity purification mass spectrometry""[tiab] OR ""proximity proteomics""[tiab] OR ""proximity labeling""[tiab] OR BioID[tiab] OR ""protein interaction mapping""[tiab] OR (""viral protein""[tiab] AND (""host protein""[tiab] OR ""cellular protein""[tiab]))))",confirm_include,advance_to_import
pmid-38417690,38417690,10.1016/j.abb.2024.109947,Cellular HSF1 expression is induced during HIV-1 infection by activation of its promoter mediated through the cooperative interaction of HSF1 and viral Nef protein.,2024,high,request_pdf,strong_learned_match,viral protein-host protein binding; viral protein-host protein; restriction factor; dependency factor; entry factor; ubiquitin ligase; replication complex; host; virus; viral,Request PDF: title/abstract matches multiple PMC-learned criteria plus run-objective terms.,"((HIV[tiab] OR ""human immunodeficiency virus""[tiab]) AND (""host factor""[tiab] OR ""restriction factor""[tiab] OR ""dependency factor""[tiab] OR ""entry factor""[tiab] OR ""host E3 ubiquitin ligase""[tiab] OR ""viral protein-host protein""[tiab]) AND (interacts[tiab] OR binds[tiab] OR recruits[tiab] OR cleaves[tiab] OR degrades[tiab] OR modulates[tiab] OR antagonizes[tiab] OR restricts[tiab] OR promotes[tiab] OR mechanism*[tiab]))",confirm_include,advance_to_import
pmid-38948800,38948800,10.1101/2024.06.15.599180,Cyclophilin A Facilitates HIV-1 DNA Integration.,2024,high,request_pdf,strong_learned_match,viral protein-host protein binding; viral protein-host protein; restriction factor; dependency factor; entry factor; ubiquitin ligase; nuclear import; host; virus; viral,Request PDF: title/abstract matches multiple PMC-learned criteria plus run-objective terms.,"((HIV[tiab] OR ""human immunodeficiency virus""[tiab]) AND (""host factor""[tiab] OR ""restriction factor""[tiab] OR ""dependency factor""[tiab] OR ""entry factor""[tiab] OR ""host E3 ubiquitin ligase""[tiab] OR ""viral protein-host protein""[tiab]) AND (interacts[tiab] OR binds[tiab] OR recruits[tiab] OR cleaves[tiab] OR degrades[tiab] OR modulates[tiab] OR antagonizes[tiab] OR restricts[tiab] OR promotes[tiab] OR mechanism*[tiab]))",confirm_include,advance_to_import
pmid-39480090,39480090,10.1128/jvi.00947-24,Cyclophilin A facilitates HIV-1 integration.,2024,high,request_pdf,strong_learned_match,viral protein-host protein binding; viral protein-host protein; restriction factor; dependency factor; entry factor; ubiquitin ligase; nuclear import; host; virus; viral,Request PDF: title/abstract matches multiple PMC-learned criteria plus run-objective terms.,"((HIV[tiab] OR ""human immunodeficiency virus""[tiab]) AND (""host factor""[tiab] OR ""restriction factor""[tiab] OR ""dependency factor""[tiab] OR ""entry factor""[tiab] OR ""host E3 ubiquitin ligase""[tiab] OR ""viral protein-host protein""[tiab]) AND (interacts[tiab] OR binds[tiab] OR recruits[tiab] OR cleaves[tiab] OR degrades[tiab] OR modulates[tiab] OR antagonizes[tiab] OR restricts[tiab] OR promotes[tiab] OR mechanism*[tiab]))",confirm_include,advance_to_import
pmid-38742902,38742902,10.1128/jvi.01705-23,LINC08148 promotes the caveola-mediated endocytosis of Zika virus through upregulating transcription of Src.,2024,high,request_pdf,strong_learned_match,viral protein-host protein binding; viral protein-host protein; restriction factor; dependency factor; entry factor; ubiquitin ligase; replication complex; host; virus; viral,Request PDF: title/abstract matches multiple PMC-learned criteria plus run-objective terms.,"((dengue[tiab] OR DENV[tiab]) AND (""host factor""[tiab] OR ""restriction factor""[tiab] OR ""dependency factor""[tiab] OR ""entry factor""[tiab] OR ""host E3 ubiquitin ligase""[tiab] OR ""viral protein-host protein""[tiab] OR ""replication complex""[tiab]) AND (interacts[tiab] OR binds[tiab] OR recruits[tiab] OR cleaves[tiab] OR degrades[tiab] OR modulates[tiab] OR antagonizes[tiab] OR restricts[tiab] OR promotes[tiab] OR mechanism*[tiab]))",confirm_include,advance_to_import
pmid-37961097,37961097,10.1101/2023.11.01.565224,Ligand-Dependent Mechanisms of CC Chemokine Receptor 5 (CCR5) Trafficking Revealed by APEX2 Proximity Labeling Proteomics.,2024,high,request_pdf,strong_learned_match,proximity proteomics; protein interaction mapping; entry factor; host; virus; viral; interaction; not; for; ap-ms,Request PDF: title/abstract matches multiple PMC-learned criteria plus run-objective terms.,"((HIV[tiab] OR ""human immunodeficiency virus""[tiab]) AND (interactome[tiab] OR AP-MS[tiab] OR ""affinity purification mass spectrometry""[tiab] OR ""proximity proteomics""[tiab] OR ""proximity labeling""[tiab] OR BioID[tiab] OR ""protein interaction mapping""[tiab] OR (""viral protein""[tiab] AND (""host protein""[tiab] OR ""cellular protein""[tiab]))))",confirm_include,advance_to_import
pmid-39389033,39389033,10.1016/j.chom.2024.09.002,MX2 forms nucleoporin-comprising cytoplasmic biomolecular condensates that lure viral capsids.,2024,high,request_pdf,strong_learned_match,proximity proteomics; protein interaction mapping; entry factor; host; virus; viruses; viral; interaction; proteins; for,Request PDF: title/abstract matches multiple PMC-learned criteria plus run-objective terms.,"((HIV[tiab] OR ""human immunodeficiency virus""[tiab]) AND (interactome[tiab] OR AP-MS[tiab] OR ""affinity purification mass spectrometry""[tiab] OR ""proximity proteomics""[tiab] OR ""proximity labeling""[tiab] OR BioID[tiab] OR ""protein interaction mapping""[tiab] OR (""viral protein""[tiab] AND (""host protein""[tiab] OR ""cellular protein""[tiab]))))",confirm_include,advance_to_import
pmid-38189249,38189249,10.1128/jvi.01749-23,N-terminal acetyltransferase 6 facilitates enterovirus 71 replication by regulating PI4KB expression and replication organelle biogenesis.,2024,high,request_pdf,strong_learned_match,viral protein-host protein binding; viral protein-host protein; crispr screen; restriction factor; dependency factor; entry factor; ubiquitin ligase; replication complex; host; pathway,Request PDF: title/abstract matches multiple PMC-learned criteria plus run-objective terms.,"((coxsackievirus[tiab] OR ""coxsackie virus""[tiab] OR CVB[tiab]) AND (""host factor""[tiab] OR ""restriction factor""[tiab] OR ""dependency factor""[tiab] OR ""entry factor""[tiab] OR ""host E3 ubiquitin ligase""[tiab] OR ""viral protein-host protein""[tiab] OR ""replication complex""[tiab]) AND (interacts[tiab] OR binds[tiab] OR recruits[tiab] OR cleaves[tiab] OR degrades[tiab] OR modulates[tiab] OR antagonizes[tiab] OR restricts[tiab] OR promotes[tiab] OR mechanism*[tiab]))",confirm_include,advance_to_import
pmid-38197631,38197631,10.1128/jvi.01567-23,RUNX3 inhibits KSHV lytic replication by binding to the viral genome and repressing transcription.,2024,high,request_pdf,strong_learned_match,viral protein-host protein binding; viral protein-host protein; restriction factor; dependency factor; entry factor; ubiquitin ligase; replication complex; host; pathway; virus,Request PDF: title/abstract matches multiple PMC-learned criteria plus run-objective terms.,"((KSHV[tiab] OR ""Kaposi sarcoma-associated herpesvirus""[tiab] OR ""human herpesvirus 8""[tiab] OR HHV-8[tiab]) AND (""host factor""[tiab] OR ""restriction factor""[tiab] OR ""dependency factor""[tiab] OR ""entry factor""[tiab] OR ""host E3 ubiquitin ligase""[tiab] OR ""viral protein-host protein""[tiab]) AND (interacts[tiab] OR binds[tiab] OR recruits[tiab] OR cleaves[tiab] OR degrades[tiab] OR modulates[tiab] OR antagonizes[tiab] OR restricts[tiab] OR promotes[tiab] OR mechanism*[tiab]))",confirm_include,advance_to_import
pmid-38899932,38899932,10.1128/jvi.00534-24,"The interferon-regulated host factor hnRNPA0 modulates HIV-1 production by interference with LTR activity, mRNA trafficking, and programmed ribosomal frameshifting.",2024,high,request_pdf,strong_learned_match,viral protein-host protein binding; viral protein-host protein; restriction factor; dependency factor; entry factor; ubiquitin ligase; er-phagy; reticulophagy; nuclear import; rna-binding proteins,Request PDF: title/abstract matches multiple PMC-learned criteria plus run-objective terms.,"((HIV[tiab] OR ""human immunodeficiency virus""[tiab]) AND (""host factor""[tiab] OR ""restriction factor""[tiab] OR ""dependency factor""[tiab] OR ""entry factor""[tiab] OR ""host E3 ubiquitin ligase""[tiab] OR ""viral protein-host protein""[tiab]) AND (interacts[tiab] OR binds[tiab] OR recruits[tiab] OR cleaves[tiab] OR degrades[tiab] OR modulates[tiab] OR antagonizes[tiab] OR restricts[tiab] OR promotes[tiab] OR mechanism*[tiab])); ((KSHV[ti] OR ""Kaposi sarcoma-associated herpesvirus""[ti] OR dengue[ti] OR DENV[ti] OR ""hepatitis C virus""[ti] OR HCV[ti] OR coxsackievirus[ti] OR HIV[ti] OR Ebola[ti] OR EBOV[ti]) AND (""ubiquitin ligase""[tiab] OR proteasome[tiab] OR autophagy[tiab] OR ""ER-phagy""[tiab] OR reticulophagy[tiab] OR ""nuclear import""[tiab] OR ""RNA-binding protein""[tiab] OR ""replication complex""[tiab] OR trafficking[tiab]) AND (""host factor""[tiab] OR ""host protein""[tiab] OR ""viral protein""[tiab]) AND (interacts[tiab] OR binds[tiab] OR recruits[tiab] OR cleaves[tiab] OR degrades[tiab] OR modulates[tiab] OR restricts[tiab] OR promotes[tiab]) NOT (patient*[tiab] OR plasma[tiab] OR serum[tiab] OR biomarker*[tiab] OR metabolomic*[tiab] OR ""network pharmacology""[tiab] OR docking[tiab] OR vaccine*[tiab] OR diagnostic*[tiab] OR epidemiolog*[tiab]))",confirm_include,advance_to_import
pmid-38888347,38888347,10.1128/jvi.00556-24,Transcription factor EB (TFEB) interaction with RagC is disrupted during enterovirus D68 infection.,2024,high,request_pdf,strong_learned_match,viral protein-host protein binding; viral protein-host protein; restriction factor; dependency factor; entry factor; ubiquitin ligase; replication complex; host; pathway; virus,Request PDF: title/abstract matches multiple PMC-learned criteria plus run-objective terms.,"((coxsackievirus[tiab] OR ""coxsackie virus""[tiab] OR CVB[tiab]) AND (""host factor""[tiab] OR ""restriction factor""[tiab] OR ""dependency factor""[tiab] OR ""entry factor""[tiab] OR ""host E3 ubiquitin ligase""[tiab] OR ""viral protein-host protein""[tiab] OR ""replication complex""[tiab]) AND (interacts[tiab] OR binds[tiab] OR recruits[tiab] OR cleaves[tiab] OR degrades[tiab] OR modulates[tiab] OR antagonizes[tiab] OR restricts[tiab] OR promotes[tiab] OR mechanism*[tiab]))",confirm_include,advance_to_import
pmid-40689623,40689623,10.1128/mbio.01465-25,ASCT2 inhibits HIV-1 infectivity by promoting the incorporation of a gp160/ASCT2 complex into virions.,2025,high,request_pdf,strong_learned_match,viral protein-host protein; restriction factor; dependency factor; entry factor; ubiquitin ligase; host; pathway; virus; viral; interaction,Request PDF: title/abstract matches multiple PMC-learned criteria plus run-objective terms.,"((HIV[tiab] OR ""human immunodeficiency virus""[tiab]) AND (""host factor""[tiab] OR ""restriction factor""[tiab] OR ""dependency factor""[tiab] OR ""entry factor""[tiab] OR ""host E3 ubiquitin ligase""[tiab] OR ""viral protein-host protein""[tiab]) AND (interacts[tiab] OR binds[tiab] OR recruits[tiab] OR cleaves[tiab] OR degrades[tiab] OR modulates[tiab] OR antagonizes[tiab] OR restricts[tiab] OR promotes[tiab] OR mechanism*[tiab]))",confirm_include,advance_to_import
pmid-40791337,40791337,10.1101/2025.07.18.665639,Abnormal Vaginal Microbiota Associated with miRNA Targeting the HIV-Host Interactome.,2025,high,request_pdf,strong_learned_match,proximity proteomics; protein interaction mapping; host; pathway; virus; viral; interaction; for; ap-ms; proteomics,Request PDF: title/abstract matches multiple PMC-learned criteria plus run-objective terms.,"((HIV[tiab] OR ""human immunodeficiency virus""[tiab]) AND (interactome[tiab] OR AP-MS[tiab] OR ""affinity purification mass spectrometry""[tiab] OR ""proximity proteomics""[tiab] OR ""proximity labeling""[tiab] OR BioID[tiab] OR ""protein interaction mapping""[tiab] OR (""viral protein""[tiab] AND (""host protein""[tiab] OR ""cellular protein""[tiab]))))",confirm_include,advance_to_import
pmid-40766577,40766577,10.1101/2025.07.28.667227,Arf GTPases Define BST-2-Independent Pathways for HIV-1 Assembly and Release.,2025,high,request_pdf,strong_learned_match,viral protein-host protein binding; viral protein-host protein; restriction factor; dependency factor; entry factor; ubiquitin ligase; host; pathway; virus; viruses,Request PDF: title/abstract matches multiple PMC-learned criteria plus run-objective terms.,"((HIV[tiab] OR ""human immunodeficiency virus""[tiab]) AND (""host factor""[tiab] OR ""restriction factor""[tiab] OR ""dependency factor""[tiab] OR ""entry factor""[tiab] OR ""host E3 ubiquitin ligase""[tiab] OR ""viral protein-host protein""[tiab]) AND (interacts[tiab] OR binds[tiab] OR recruits[tiab] OR cleaves[tiab] OR degrades[tiab] OR modulates[tiab] OR antagonizes[tiab] OR restricts[tiab] OR promotes[tiab] OR mechanism*[tiab]))",confirm_include,advance_to_import
pmid-40672252,40672252,10.1101/2025.07.07.663519,BST-2 inhibits SARS-CoV-2 egress at intracellular membranes and is neutralized by ORF7a.,2025,high,request_pdf,strong_learned_match,viral protein-host protein; restriction factor; dependency factor; entry factor; ubiquitin ligase; host; virus; viruses; viral; proteins,Request PDF: title/abstract matches multiple PMC-learned criteria plus run-objective terms.,"((HIV[tiab] OR ""human immunodeficiency virus""[tiab]) AND (""host factor""[tiab] OR ""restriction factor""[tiab] OR ""dependency factor""[tiab] OR ""entry factor""[tiab] OR ""host E3 ubiquitin ligase""[tiab] OR ""viral protein-host protein""[tiab]) AND (interacts[tiab] OR binds[tiab] OR recruits[tiab] OR cleaves[tiab] OR degrades[tiab] OR modulates[tiab] OR antagonizes[tiab] OR restricts[tiab] OR promotes[tiab] OR mechanism*[tiab]))",confirm_include,advance_to_import
pmid-40250655,40250655,10.1016/j.ijbiomac.2025.143217,Decoding potential host protein targets against Flaviviridae using protein-protein interaction network.,2025,high,request_pdf,strong_learned_match,virus-host interactome; proximity proteomics; protein interaction mapping; replication complex; host; pathway; virus; viruses; viral; interaction,Request PDF: title/abstract matches multiple PMC-learned criteria plus run-objective terms.,"((dengue[tiab] OR DENV[tiab]) AND (interactome[tiab] OR AP-MS[tiab] OR ""affinity purification mass spectrometry""[tiab] OR ""proximity proteomics""[tiab] OR ""proximity labeling""[tiab] OR BioID[tiab] OR ""protein interaction mapping""[tiab] OR (""viral protein""[tiab] AND (""host protein""[tiab] OR ""cellular protein""[tiab])))); ((""hepatitis C virus""[tiab] OR HCV[tiab]) AND (interactome[tiab] OR AP-MS[tiab] OR ""affinity purification mass spectrometry""[tiab] OR ""proximity proteomics""[tiab] OR ""proximity labeling""[tiab] OR BioID[tiab] OR ""protein interaction mapping""[tiab] OR (""viral protein""[tiab] AND (""host protein""[tiab] OR ""cellular protein""[tiab]))))",confirm_include,advance_to_import
pmid-40777346,40777346,10.1101/2025.07.21.665982,MICRORNAS REGULATED BY PREGNANCY TARGET THE HIV INTERACTOME.,2025,high,request_pdf,strong_learned_match,proximity proteomics; protein interaction mapping; host; pathway; virus; viral; interaction; proteins; for; ap-ms,Request PDF: title/abstract matches multiple PMC-learned criteria plus run-objective terms.,"((HIV[tiab] OR ""human immunodeficiency virus""[tiab]) AND (interactome[tiab] OR AP-MS[tiab] OR ""affinity purification mass spectrometry""[tiab] OR ""proximity proteomics""[tiab] OR ""proximity labeling""[tiab] OR BioID[tiab] OR ""protein interaction mapping""[tiab] OR (""viral protein""[tiab] AND (""host protein""[tiab] OR ""cellular protein""[tiab]))))",confirm_include,advance_to_import
pmid-39585616,39585616,10.1007/978-1-0716-4256-6_7,Proximity Proteomics to Profile Ebola Virus Protein Interactome in Its Functional Context.,2025,high,request_pdf,strong_learned_match,virus-host interactome; proximity proteomics; protein interaction mapping; host; virus; viruses; viral; interaction; proteins; not,Request PDF: title/abstract matches multiple PMC-learned criteria plus run-objective terms.,"((Ebola[tiab] OR ""Ebola virus""[tiab] OR Ebolavirus[tiab] OR EBOV[tiab]) AND (interactome[tiab] OR AP-MS[tiab] OR ""affinity purification mass spectrometry""[tiab] OR ""proximity proteomics""[tiab] OR ""proximity labeling""[tiab] OR BioID[tiab] OR ""protein interaction mapping""[tiab] OR (""viral protein""[tiab] AND (""host protein""[tiab] OR ""cellular protein""[tiab]))))",confirm_include,advance_to_import
pmid-39900759,39900759,10.1007/978-1-0716-4276-4_8,RNA-Seq and Gene Set Enrichment Analysis (GSEA) in Peripheral Blood Mononuclear Cells (PBMCs).,2025,high,request_pdf,strong_learned_match,viral protein-host protein; restriction factor; dependency factor; entry factor; ubiquitin ligase; host; pathway; virus; viral; studies,Request PDF: title/abstract matches multiple PMC-learned criteria plus run-objective terms.,"((HIV[tiab] OR ""human immunodeficiency virus""[tiab]) AND (""host factor""[tiab] OR ""restriction factor""[tiab] OR ""dependency factor""[tiab] OR ""entry factor""[tiab] OR ""host E3 ubiquitin ligase""[tiab] OR ""viral protein-host protein""[tiab]) AND (interacts[tiab] OR binds[tiab] OR recruits[tiab] OR cleaves[tiab] OR degrades[tiab] OR modulates[tiab] OR antagonizes[tiab] OR restricts[tiab] OR promotes[tiab] OR mechanism*[tiab]))",confirm_include,advance_to_import
pmid-41197812,41197812,10.1016/j.antiviral.2025.106307,Repurposed doxepin targeting host AXL kinase to disrupt viral 2C-mediated immune evasion in Coxsackievirus B infection.,2025,high,request_pdf,strong_learned_match,viral protein-host protein; restriction factor; dependency factor; entry factor; ubiquitin ligase; replication complex; host; pathway; virus; viral,Request PDF: title/abstract matches multiple PMC-learned criteria plus run-objective terms.,"((coxsackievirus[tiab] OR ""coxsackie virus""[tiab] OR CVB[tiab]) AND (""host factor""[tiab] OR ""restriction factor""[tiab] OR ""dependency factor""[tiab] OR ""entry factor""[tiab] OR ""host E3 ubiquitin ligase""[tiab] OR ""viral protein-host protein""[tiab] OR ""replication complex""[tiab]) AND (interacts[tiab] OR binds[tiab] OR recruits[tiab] OR cleaves[tiab] OR degrades[tiab] OR modulates[tiab] OR antagonizes[tiab] OR restricts[tiab] OR promotes[tiab] OR mechanism*[tiab]))",confirm_include,advance_to_import
pmid-40199068,40199068,10.1016/j.molpha.2025.100020,Traffic control: Mechanisms of ligand-specific internalization and intracellular distribution of CCR5.,2025,high,request_pdf,strong_learned_match,proximity proteomics; protein interaction mapping; entry factor; host; virus; viral; interaction; not; for; ap-ms,Request PDF: title/abstract matches multiple PMC-learned criteria plus run-objective terms.,"((HIV[tiab] OR ""human immunodeficiency virus""[tiab]) AND (interactome[tiab] OR AP-MS[tiab] OR ""affinity purification mass spectrometry""[tiab] OR ""proximity proteomics""[tiab] OR ""proximity labeling""[tiab] OR BioID[tiab] OR ""protein interaction mapping""[tiab] OR (""viral protein""[tiab] AND (""host protein""[tiab] OR ""cellular protein""[tiab]))))",confirm_include,advance_to_import
pmid-42161262,42161262,10.1016/j.chom.2026.04.018,A CRISPR activation screen identifies SPART as a pan-orthoflavivirus restriction factor.,2026,high,request_pdf,strong_learned_match,viral protein-host protein; crispr screen; restriction factor; dependency factor; entry factor; ubiquitin ligase; replication complex; host; virus; viruses,Request PDF: title/abstract matches multiple PMC-learned criteria plus run-objective terms.,"((dengue[tiab] OR DENV[tiab]) AND (""host factor""[tiab] OR ""restriction factor""[tiab] OR ""dependency factor""[tiab] OR ""entry factor""[tiab] OR ""host E3 ubiquitin ligase""[tiab] OR ""viral protein-host protein""[tiab] OR ""replication complex""[tiab]) AND (interacts[tiab] OR binds[tiab] OR recruits[tiab] OR cleaves[tiab] OR degrades[tiab] OR modulates[tiab] OR antagonizes[tiab] OR restricts[tiab] OR promotes[tiab] OR mechanism*[tiab]))",confirm_include,advance_to_import
pmid-42173436,42173436,10.1016/j.jmb.2026.169875,Biophysical Characterization of Ebola VP35 Protein Binding to Host Mindbomb Protein 2.,2026,high,request_pdf,strong_learned_match,viral protein-host protein binding; viral protein-host protein; restriction factor; dependency factor; entry factor; ubiquitin ligase; replication complex; host; virus; viral,Request PDF: title/abstract matches multiple PMC-learned criteria plus run-objective terms.,"((Ebola[tiab] OR ""Ebola virus""[tiab] OR Ebolavirus[tiab] OR EBOV[tiab]) AND (""host factor""[tiab] OR ""restriction factor""[tiab] OR ""dependency factor""[tiab] OR ""entry factor""[tiab] OR ""host E3 ubiquitin ligase""[tiab] OR ""viral protein-host protein""[tiab] OR ""replication complex""[tiab]) AND (interacts[tiab] OR binds[tiab] OR recruits[tiab] OR cleaves[tiab] OR degrades[tiab] OR modulates[tiab] OR antagonizes[tiab] OR restricts[tiab] OR promotes[tiab] OR mechanism*[tiab]))",confirm_include,advance_to_import
pmid-41779781,41779781,10.1073/pnas.2529289123,EIF4H and YBX1 are essential host factors for hepatitis E virus replication and pathogenesis.,2026,high,request_pdf,strong_learned_match,viral protein-host protein binding; viral protein-host protein; crispr screen; restriction factor; dependency factor; entry factor; ubiquitin ligase; replication complex; host; virus,Request PDF: title/abstract matches multiple PMC-learned criteria plus run-objective terms.,"((""hepatitis C virus""[tiab] OR HCV[tiab]) AND (""host factor""[tiab] OR ""restriction factor""[tiab] OR ""dependency factor""[tiab] OR ""entry factor""[tiab] OR ""host E3 ubiquitin ligase""[tiab] OR ""viral protein-host protein""[tiab] OR ""replication complex""[tiab]) AND (interacts[tiab] OR binds[tiab] OR recruits[tiab] OR cleaves[tiab] OR degrades[tiab] OR modulates[tiab] OR antagonizes[tiab] OR restricts[tiab] OR promotes[tiab] OR mechanism*[tiab]))",confirm_include,advance_to_import
pmid-42580411,42580411,10.1016/j.virs.2026.08.003,Enteroviruses antagonize the host restriction factor ABL2 via proteasomal degradation to facilitate viral replication.,2026,high,request_pdf,strong_learned_match,viral protein-host protein; restriction factor; dependency factor; entry factor; ubiquitin ligase; replication complex; host; pathway; virus; viruses,Request PDF: title/abstract matches multiple PMC-learned criteria plus run-objective terms.,"((coxsackievirus[tiab] OR ""coxsackie virus""[tiab] OR CVB[tiab]) AND (""host factor""[tiab] OR ""restriction factor""[tiab] OR ""dependency factor""[tiab] OR ""entry factor""[tiab] OR ""host E3 ubiquitin ligase""[tiab] OR ""viral protein-host protein""[tiab] OR ""replication complex""[tiab]) AND (interacts[tiab] OR binds[tiab] OR recruits[tiab] OR cleaves[tiab] OR degrades[tiab] OR modulates[tiab] OR antagonizes[tiab] OR restricts[tiab] OR promotes[tiab] OR mechanism*[tiab]))",confirm_include,advance_to_import
pmid-42520937,42520937,10.1016/j.jbc.2026.113369,FOXA2 potently represses NF-κB-dependent transcription from viral promoters in liver cells.,2026,high,request_pdf,strong_learned_match,viral protein-host protein binding; viral protein-host protein; restriction factor; dependency factor; entry factor; ubiquitin ligase; host; virus; viruses; viral,Request PDF: title/abstract matches multiple PMC-learned criteria plus run-objective terms.,"((HIV[tiab] OR ""human immunodeficiency virus""[tiab]) AND (""host factor""[tiab] OR ""restriction factor""[tiab] OR ""dependency factor""[tiab] OR ""entry factor""[tiab] OR ""host E3 ubiquitin ligase""[tiab] OR ""viral protein-host protein""[tiab]) AND (interacts[tiab] OR binds[tiab] OR recruits[tiab] OR cleaves[tiab] OR degrades[tiab] OR modulates[tiab] OR antagonizes[tiab] OR restricts[tiab] OR promotes[tiab] OR mechanism*[tiab]))",confirm_include,advance_to_import
pmid-42327289,42327289,10.64898/2026.06.11.731520,Gene duplication and retrotransposition diversify the antiviral repertoire of macaque IFITM proteins.,2026,high,request_pdf,strong_learned_match,viral protein-host protein; restriction factor; dependency factor; entry factor; ubiquitin ligase; host; virus; viruses; viral; studies,Request PDF: title/abstract matches multiple PMC-learned criteria plus run-objective terms.,"((HIV[tiab] OR ""human immunodeficiency virus""[tiab]) AND (""host factor""[tiab] OR ""restriction factor""[tiab] OR ""dependency factor""[tiab] OR ""entry factor""[tiab] OR ""host E3 ubiquitin ligase""[tiab] OR ""viral protein-host protein""[tiab]) AND (interacts[tiab] OR binds[tiab] OR recruits[tiab] OR cleaves[tiab] OR degrades[tiab] OR modulates[tiab] OR antagonizes[tiab] OR restricts[tiab] OR promotes[tiab] OR mechanism*[tiab]))",confirm_include,advance_to_import
pmid-42336219,42336219,10.1016/j.antiviral.2026.106471,ITGA4 drives pathogenesis of flavivirus and inhibition of it protects mice against Japanese encephalitis virus infection.,2026,high,request_pdf,strong_learned_match,viral protein-host protein; restriction factor; dependency factor; entry factor; ubiquitin ligase; replication complex; host; virus; viruses; viral,Request PDF: title/abstract matches multiple PMC-learned criteria plus run-objective terms.,"((dengue[tiab] OR DENV[tiab]) AND (""host factor""[tiab] OR ""restriction factor""[tiab] OR ""dependency factor""[tiab] OR ""entry factor""[tiab] OR ""host E3 ubiquitin ligase""[tiab] OR ""viral protein-host protein""[tiab] OR ""replication complex""[tiab]) AND (interacts[tiab] OR binds[tiab] OR recruits[tiab] OR cleaves[tiab] OR degrades[tiab] OR modulates[tiab] OR antagonizes[tiab] OR restricts[tiab] OR promotes[tiab] OR mechanism*[tiab])); ((HIV[tiab] OR ""human immunodeficiency virus""[tiab]) AND (""host factor""[tiab] OR ""restriction factor""[tiab] OR ""dependency factor""[tiab] OR ""entry factor""[tiab] OR ""host E3 ubiquitin ligase""[tiab] OR ""viral protein-host protein""[tiab]) AND (interacts[tiab] OR binds[tiab] OR recruits[tiab] OR cleaves[tiab] OR degrades[tiab] OR modulates[tiab] OR antagonizes[tiab] OR restricts[tiab] OR promotes[tiab] OR mechanism*[tiab]))",confirm_include,advance_to_import
pmid-42403244,42403244,10.1002/jmv.71043,JQKD82 Inhibits HIV Infection of Macrophages Through Blocking Viral Entry and Enhancing Antiviral ISG Responses.,2026,high,request_pdf,strong_learned_match,viral protein-host protein; restriction factor; dependency factor; entry factor; ubiquitin ligase; host; virus; viral; evidence; for,Request PDF: title/abstract matches multiple PMC-learned criteria plus run-objective terms.,"((HIV[tiab] OR ""human immunodeficiency virus""[tiab]) AND (""host factor""[tiab] OR ""restriction factor""[tiab] OR ""dependency factor""[tiab] OR ""entry factor""[tiab] OR ""host E3 ubiquitin ligase""[tiab] OR ""viral protein-host protein""[tiab]) AND (interacts[tiab] OR binds[tiab] OR recruits[tiab] OR cleaves[tiab] OR degrades[tiab] OR modulates[tiab] OR antagonizes[tiab] OR restricts[tiab] OR promotes[tiab] OR mechanism*[tiab]))",confirm_include,advance_to_import
pmid-42525534,42525534,10.1016/j.celrep.2026.117773,MITD1 restricts HIV-1 release by targeting ESCRT-III proteins.,2026,high,request_pdf,strong_learned_match,viral protein-host protein; restriction factor; dependency factor; entry factor; ubiquitin ligase; host; virus; viruses; viral; proteins,Request PDF: title/abstract matches multiple PMC-learned criteria plus run-objective terms.,"((HIV[tiab] OR ""human immunodeficiency virus""[tiab]) AND (""host factor""[tiab] OR ""restriction factor""[tiab] OR ""dependency factor""[tiab] OR ""entry factor""[tiab] OR ""host E3 ubiquitin ligase""[tiab] OR ""viral protein-host protein""[tiab]) AND (interacts[tiab] OR binds[tiab] OR recruits[tiab] OR cleaves[tiab] OR degrades[tiab] OR modulates[tiab] OR antagonizes[tiab] OR restricts[tiab] OR promotes[tiab] OR mechanism*[tiab]))",confirm_include,advance_to_import
pmid-42619998,42619998,10.64898/2026.08.03.742570,SAMHD1 enhances HIV-1-induced glycolysis in monocytic cells through hexokinase 2 upregulation.,2026,high,request_pdf,strong_learned_match,viral protein-host protein; restriction factor; dependency factor; entry factor; ubiquitin ligase; host; pathway; virus; viral; evidence,Request PDF: title/abstract matches multiple PMC-learned criteria plus run-objective terms.,"((HIV[tiab] OR ""human immunodeficiency virus""[tiab]) AND (""host factor""[tiab] OR ""restriction factor""[tiab] OR ""dependency factor""[tiab] OR ""entry factor""[tiab] OR ""host E3 ubiquitin ligase""[tiab] OR ""viral protein-host protein""[tiab]) AND (interacts[tiab] OR binds[tiab] OR recruits[tiab] OR cleaves[tiab] OR degrades[tiab] OR modulates[tiab] OR antagonizes[tiab] OR restricts[tiab] OR promotes[tiab] OR mechanism*[tiab]))",confirm_include,advance_to_import
pmid-42562331,42562331,10.1016/j.bcp.2026.118321,The L-type calcium channel Ca(v)1.2 mediates influenza A virus infection by regulating viral internalization and endoplasmic reticulum homeostasis.,2026,high,request_pdf,strong_learned_match,viral protein-host protein; restriction factor; dependency factor; entry factor; ubiquitin ligase; replication complex; host; pathway; virus; viruses,Request PDF: title/abstract matches multiple PMC-learned criteria plus run-objective terms.,"((dengue[tiab] OR DENV[tiab]) AND (""host factor""[tiab] OR ""restriction factor""[tiab] OR ""dependency factor""[tiab] OR ""entry factor""[tiab] OR ""host E3 ubiquitin ligase""[tiab] OR ""viral protein-host protein""[tiab] OR ""replication complex""[tiab]) AND (interacts[tiab] OR binds[tiab] OR recruits[tiab] OR cleaves[tiab] OR degrades[tiab] OR modulates[tiab] OR antagonizes[tiab] OR restricts[tiab] OR promotes[tiab] OR mechanism*[tiab]))",confirm_include,advance_to_import
pmid-42152487,42152487,10.1080/15548627.2026.2677196,USF2 restricts enterovirus replication and transmission by inhibiting autophagy and vesicle-mediated viral spread.,2026,high,request_pdf,strong_learned_match,viral protein-host protein; restriction factor; dependency factor; entry factor; ubiquitin ligase; replication complex; host; virus; viruses; viral,Request PDF: title/abstract matches multiple PMC-learned criteria plus run-objective terms.,"((coxsackievirus[tiab] OR ""coxsackie virus""[tiab] OR CVB[tiab]) AND (""host factor""[tiab] OR ""restriction factor""[tiab] OR ""dependency factor""[tiab] OR ""entry factor""[tiab] OR ""host E3 ubiquitin ligase""[tiab] OR ""viral protein-host protein""[tiab] OR ""replication complex""[tiab]) AND (interacts[tiab] OR binds[tiab] OR recruits[tiab] OR cleaves[tiab] OR degrades[tiab] OR modulates[tiab] OR antagonizes[tiab] OR restricts[tiab] OR promotes[tiab] OR mechanism*[tiab]))",confirm_include,advance_to_import
