paper_id,pmid,pmcid,doi,title,year,final_decision,final_rationale,selection_basis,fulltext_access_status,normalized_source_type,normalized_path,review_confidence
pmid-42618991,42618991,PMC13490627,10.1002/cmdc.70452,Ligand‑Based Virtual Screening Discovery of Thienopyrimidinone Derivatives as Allosteric nSMase2 Modulators and Antivirals Against West Nile Virus.,2026,selected_for_reading,"Full text contains useful host-pathogen assay or pathway evidence, but the primary-virus mechanism is less central than in direct papers.",fulltext_review,readable,pmc_xml,/Users/xingmeng/.openclaw/workspaces/staff-scientist-ideker/agenticWorkflow_LiteratureScreeningAndFullTextReview/runs/host_pathogen_shared_mechanisms_apms_20260826/passes/pass_001/artifacts/fulltext_import/PMC_XML/normalized/PMC13490627.json,medium
pmid-42582102,42582102,PMC13457065,10.3389/fimmu.2026.1852583,Immune cells harbor their own microbiome-derived metabolome: a new layer of immunometabolic regulation.,2026,selected_for_reading,"Full text contains useful host-pathogen assay or pathway evidence, but the primary-virus mechanism is less central than in direct papers.",fulltext_review,readable,pmc_xml,/Users/xingmeng/.openclaw/workspaces/staff-scientist-ideker/agenticWorkflow_LiteratureScreeningAndFullTextReview/runs/host_pathogen_shared_mechanisms_apms_20260826/passes/pass_001/artifacts/fulltext_import/PMC_XML/normalized/PMC13457065.json,medium
pmid-42557952,42557952,PMC13444662,10.1002/jmv.71086,In-Vitro Evaluation of HIV/SARS-CoV-2 Co-Infection Mediated Proteomic Changes in Astrocytes and Pericytes Reveals Altered Signaling Pathways Associated With Neurodegenerative Disorders.,2026,selected_for_reading,"Full text centers a primary virus and provides assay-supported host interaction, host factor, or pathway mechanism evidence.",fulltext_review,readable,pmc_xml,/Users/xingmeng/.openclaw/workspaces/staff-scientist-ideker/agenticWorkflow_LiteratureScreeningAndFullTextReview/runs/host_pathogen_shared_mechanisms_apms_20260826/passes/pass_001/artifacts/fulltext_import/PMC_XML/normalized/PMC13444662.json,high
pmid-42538555,42538555,PMC13428414,10.1186/s12879-026-14111-x,A multicenter prospective observational multi-omics study protocol to identify biomarkers for severe dengue: COMBAT study clinical protocol.,2026,selected_for_reading,"Full text centers a primary virus and provides assay-supported host interaction, host factor, or pathway mechanism evidence.",fulltext_review,readable,pmc_xml,/Users/xingmeng/.openclaw/workspaces/staff-scientist-ideker/agenticWorkflow_LiteratureScreeningAndFullTextReview/runs/host_pathogen_shared_mechanisms_apms_20260826/passes/pass_001/artifacts/fulltext_import/PMC_XML/normalized/PMC13428414.json,high
pmid-42515605,42515605,PMC13431474,10.3390/v18070753,MicroRNAs Regulated by Pregnancy Target Antiviral and Cancer Immunity Overlapping with the HIV Interactome.,2026,selected_for_reading,"Full text centers a primary virus and provides assay-supported host interaction, host factor, or pathway mechanism evidence.",fulltext_review,readable,pmc_xml,/Users/xingmeng/.openclaw/workspaces/staff-scientist-ideker/agenticWorkflow_LiteratureScreeningAndFullTextReview/runs/host_pathogen_shared_mechanisms_apms_20260826/passes/pass_001/artifacts/fulltext_import/PMC_XML/normalized/PMC13431474.json,high
pmid-42515039,42515039,PMC13416049,10.3390/pathogens15070713,Omics-Level Approaches to Studying Gammaherpesvirus Infection.,2026,selected_for_reading,"Full text contains useful host-pathogen assay or pathway evidence, but the primary-virus mechanism is less central than in direct papers.",fulltext_review,readable,pmc_xml,/Users/xingmeng/.openclaw/workspaces/staff-scientist-ideker/agenticWorkflow_LiteratureScreeningAndFullTextReview/runs/host_pathogen_shared_mechanisms_apms_20260826/passes/pass_001/artifacts/fulltext_import/PMC_XML/normalized/PMC13416049.json,medium
pmid-42507754,42507754,PMC13405069,10.1371/journal.ppat.1014400,VRK3 promotes KSHV infection by suppressing the antiviral type I interferon response.,2026,selected_for_reading,"Full text centers a primary virus and provides assay-supported host interaction, host factor, or pathway mechanism evidence.",fulltext_review,readable,pmc_xml,/Users/xingmeng/.openclaw/workspaces/staff-scientist-ideker/agenticWorkflow_LiteratureScreeningAndFullTextReview/runs/host_pathogen_shared_mechanisms_apms_20260826/passes/pass_001/artifacts/fulltext_import/PMC_XML/normalized/PMC13405069.json,high
pmid-42495535,42495535,PMC13393711,10.1016/j.isci.2026.116865,Antiretroviral regimen and sex-specific metabolic heterogeneity in pediatric HIV.,2026,selected_for_reading,Full text links a primary virus to a host factor or host pathway mechanism.,fulltext_review,readable,pmc_xml,/Users/xingmeng/.openclaw/workspaces/staff-scientist-ideker/agenticWorkflow_LiteratureScreeningAndFullTextReview/runs/host_pathogen_shared_mechanisms_apms_20260826/passes/pass_001/artifacts/fulltext_import/PMC_XML/normalized/PMC13393711.json,medium
pmid-42494850,42494850,PMC13392929,10.3389/fcimb.2026.1899950,Host protein cleavage by Dengue and Zika virus NS3 proteases: from substrate identification to potential biological consequences.,2026,selected_for_reading,"Full text centers a primary virus and provides assay-supported host interaction, host factor, or pathway mechanism evidence.",fulltext_review,readable,pmc_xml,/Users/xingmeng/.openclaw/workspaces/staff-scientist-ideker/agenticWorkflow_LiteratureScreeningAndFullTextReview/runs/host_pathogen_shared_mechanisms_apms_20260826/passes/pass_001/artifacts/fulltext_import/PMC_XML/normalized/PMC13392929.json,high
pmid-42483197,42483197,PMC13384927,10.3389/fimmu.2026.1871641,Proteomic profiling of single extracellular vesicles reveals association of CD31(+) EV subpopulation with immune dysregulation in people living with HIV.,2026,selected_for_reading,"Full text centers a primary virus and provides assay-supported host interaction, host factor, or pathway mechanism evidence.",fulltext_review,readable,pmc_xml,/Users/xingmeng/.openclaw/workspaces/staff-scientist-ideker/agenticWorkflow_LiteratureScreeningAndFullTextReview/runs/host_pathogen_shared_mechanisms_apms_20260826/passes/pass_001/artifacts/fulltext_import/PMC_XML/normalized/PMC13384927.json,high
pmid-42464737,42464737,PMC13376149,10.1093/nar/gkag713,Exploitation of host U2AF1 and U2AF2 splicing factors facilitates mosquito-borne orthoflavivirus infection across species.,2026,selected_for_reading,"Full text contains useful host-pathogen assay or pathway evidence, but the primary-virus mechanism is less central than in direct papers.",fulltext_review,readable,pmc_xml,/Users/xingmeng/.openclaw/workspaces/staff-scientist-ideker/agenticWorkflow_LiteratureScreeningAndFullTextReview/runs/host_pathogen_shared_mechanisms_apms_20260826/passes/pass_001/artifacts/fulltext_import/PMC_XML/normalized/PMC13376149.json,medium
pmid-42440905,42440905,PMC13334477,10.1039/d5md01178g,Dibenzoacridinium derivatives: a new class of G-quadruplex ligands with anti-HIV-1 properties.,2026,selected_for_reading,"Full text centers a primary virus and provides assay-supported host interaction, host factor, or pathway mechanism evidence.",fulltext_review,readable,pmc_xml,/Users/xingmeng/.openclaw/workspaces/staff-scientist-ideker/agenticWorkflow_LiteratureScreeningAndFullTextReview/runs/host_pathogen_shared_mechanisms_apms_20260826/passes/pass_001/artifacts/fulltext_import/PMC_XML/normalized/PMC13334477.json,high
pmid-42430420,42430420,PMC13354097,10.1371/journal.ppat.1014361,"HIV capsid inhibitors: Mechanisms, resistance, and therapeutic advances.",2026,selected_for_reading,Full text links a primary virus to a host factor or host pathway mechanism.,fulltext_review,readable,pmc_xml,/Users/xingmeng/.openclaw/workspaces/staff-scientist-ideker/agenticWorkflow_LiteratureScreeningAndFullTextReview/runs/host_pathogen_shared_mechanisms_apms_20260826/passes/pass_001/artifacts/fulltext_import/PMC_XML/normalized/PMC13354097.json,medium
pmid-42429625,42429625,PMC13483245,10.1128/jvi.00898-26,Comparative analysis of flavivirus sfRNA dynamics and secondary structure.,2026,selected_for_reading,"Full text has plausible host pathway or host-factor mechanism context for a primary virus, but evidence is not strongly assay-centered.",fulltext_review,readable,pmc_xml,/Users/xingmeng/.openclaw/workspaces/staff-scientist-ideker/agenticWorkflow_LiteratureScreeningAndFullTextReview/runs/host_pathogen_shared_mechanisms_apms_20260826/passes/pass_001/artifacts/fulltext_import/PMC_XML/normalized/PMC13483245.json,low
pmid-42418426,42418426,PMC13345423,10.1371/journal.ppat.1014376,Independent proviral and antiviral host factors recognize the same capsid protein in divergent human herpesviruses.,2026,selected_for_reading,"Full text contains useful host-pathogen assay or pathway evidence, but the primary-virus mechanism is less central than in direct papers.",fulltext_review,readable,pmc_xml,/Users/xingmeng/.openclaw/workspaces/staff-scientist-ideker/agenticWorkflow_LiteratureScreeningAndFullTextReview/runs/host_pathogen_shared_mechanisms_apms_20260826/passes/pass_001/artifacts/fulltext_import/PMC_XML/normalized/PMC13345423.json,medium
pmid-42411008,42411008,PMC13399220,10.1002/2211-5463.70294,Importin 7 mediates the nuclear import of HIV-1 integrase via a specific interacting interface.,2026,selected_for_reading,"Full text centers a primary virus and provides assay-supported host interaction, host factor, or pathway mechanism evidence.",fulltext_review,readable,pmc_xml,/Users/xingmeng/.openclaw/workspaces/staff-scientist-ideker/agenticWorkflow_LiteratureScreeningAndFullTextReview/runs/host_pathogen_shared_mechanisms_apms_20260826/passes/pass_001/artifacts/fulltext_import/PMC_XML/normalized/PMC13399220.json,high
pmid-42391287,42391287,PMC13334546,10.1099/jgv.0.002288,"GRHAL1, a novel lncRNA, regulates HIV-1 gene expression by modulating Tat- and Sp1-mediated HIV-1 LTR activation.",2026,selected_for_reading,Full text links a primary virus to a host factor or host pathway mechanism.,fulltext_review,readable,pmc_xml,/Users/xingmeng/.openclaw/workspaces/staff-scientist-ideker/agenticWorkflow_LiteratureScreeningAndFullTextReview/runs/host_pathogen_shared_mechanisms_apms_20260826/passes/pass_001/artifacts/fulltext_import/PMC_XML/normalized/PMC13334546.json,medium
pmid-42387508,42387508,PMC13326380,10.1186/s12929-026-01274-7,Calcium and phosphorylation coordination is a novel mechanism that stabilises protein-complexes during HIV assembly.,2026,selected_for_reading,"Full text centers a primary virus and provides assay-supported host interaction, host factor, or pathway mechanism evidence.",fulltext_review,readable,pmc_xml,/Users/xingmeng/.openclaw/workspaces/staff-scientist-ideker/agenticWorkflow_LiteratureScreeningAndFullTextReview/runs/host_pathogen_shared_mechanisms_apms_20260826/passes/pass_001/artifacts/fulltext_import/PMC_XML/normalized/PMC13326380.json,high
pmid-42383738,42383738,PMC13387004,10.1128/jvi.00780-26,Assembly of lipid droplet-associated ring structures in hepatitis C virus-infected cells via liquid-liquid phase separation (LLPS) and non-LLPS mechanisms.,2026,selected_for_reading,"Full text centers a primary virus and provides assay-supported host interaction, host factor, or pathway mechanism evidence.",fulltext_review,readable,pmc_xml,/Users/xingmeng/.openclaw/workspaces/staff-scientist-ideker/agenticWorkflow_LiteratureScreeningAndFullTextReview/runs/host_pathogen_shared_mechanisms_apms_20260826/passes/pass_001/artifacts/fulltext_import/PMC_XML/normalized/PMC13387004.json,high
pmid-42361119,42361119,PMC13327515,10.1371/journal.ppat.1014279,Dissecting the host determinants of orthoflavivirus infection using QIC-seq.,2026,selected_for_reading,"Full text contains useful host-pathogen assay or pathway evidence, but the primary-virus mechanism is less central than in direct papers.",fulltext_review,readable,pmc_xml,/Users/xingmeng/.openclaw/workspaces/staff-scientist-ideker/agenticWorkflow_LiteratureScreeningAndFullTextReview/runs/host_pathogen_shared_mechanisms_apms_20260826/passes/pass_001/artifacts/fulltext_import/PMC_XML/normalized/PMC13327515.json,medium
pmid-42359813,42359813,PMC13312838,10.1080/13510002.2026.2679333,HIV-1 gp120-induced lysosomal stress responses are controlled by TRPML1 redox sensors.,2026,selected_for_reading,"Full text centers a primary virus and provides assay-supported host interaction, host factor, or pathway mechanism evidence.",fulltext_review,readable,pmc_xml,/Users/xingmeng/.openclaw/workspaces/staff-scientist-ideker/agenticWorkflow_LiteratureScreeningAndFullTextReview/runs/host_pathogen_shared_mechanisms_apms_20260826/passes/pass_001/artifacts/fulltext_import/PMC_XML/normalized/PMC13312838.json,high
pmid-42347186,42347186,PMC13306193,10.3390/pathogens15060575,Blocking Host Factors IAP and DDX3 Activates HIV-1 Transcription and Increases Apoptosis Sensitivity of HIV-1 Infected Cells.,2026,selected_for_reading,Full text links a primary virus to a host factor or host pathway mechanism.,fulltext_review,readable,pmc_xml,/Users/xingmeng/.openclaw/workspaces/staff-scientist-ideker/agenticWorkflow_LiteratureScreeningAndFullTextReview/runs/host_pathogen_shared_mechanisms_apms_20260826/passes/pass_001/artifacts/fulltext_import/PMC_XML/normalized/PMC13306193.json,medium
pmid-42312836,42312836,PMC13386948,10.1128/jvi.00638-26,Palmitoylation of CLDN12 regulated by ZDHHC7 and APT1/2 promotes hepatitis C virus entry.,2026,selected_for_reading,Full text links a primary virus to a host factor or host pathway mechanism.,fulltext_review,readable,pmc_xml,/Users/xingmeng/.openclaw/workspaces/staff-scientist-ideker/agenticWorkflow_LiteratureScreeningAndFullTextReview/runs/host_pathogen_shared_mechanisms_apms_20260826/passes/pass_001/artifacts/fulltext_import/PMC_XML/normalized/PMC13386948.json,medium
pmid-42292375,42292375,PMC13260385,10.3389/fimmu.2026.1849848,Proteomic signals are not equal clinical phenotypes: redefining evidence standards in arbovirus-SARS-CoV-2 cross-reactivity.,2026,selected_for_reading,"Full text contains useful host-pathogen assay or pathway evidence, but the primary-virus mechanism is less central than in direct papers.",fulltext_review,readable,pmc_xml,/Users/xingmeng/.openclaw/workspaces/staff-scientist-ideker/agenticWorkflow_LiteratureScreeningAndFullTextReview/runs/host_pathogen_shared_mechanisms_apms_20260826/passes/pass_001/artifacts/fulltext_import/PMC_XML/normalized/PMC13260385.json,medium
pmid-42287495,42287495,PMC13264558,10.1007/s00705-026-06669-3,The role of DPP4 in viral infections: from receptor biology to antiviral target.,2026,selected_for_reading,"Full text contains useful host-pathogen assay or pathway evidence, but the primary-virus mechanism is less central than in direct papers.",fulltext_review,readable,pmc_xml,/Users/xingmeng/.openclaw/workspaces/staff-scientist-ideker/agenticWorkflow_LiteratureScreeningAndFullTextReview/runs/host_pathogen_shared_mechanisms_apms_20260826/passes/pass_001/artifacts/fulltext_import/PMC_XML/normalized/PMC13264558.json,medium
pmid-42253925,42253925,PMC13240522,10.1002/mco2.70785,Human Coronavirus 229E Uses ORF4/4a to Antagonize the Host Restriction Factor SERINC5.,2026,selected_for_reading,"Full text has plausible host pathway or host-factor mechanism context for a primary virus, but evidence is not strongly assay-centered.",fulltext_review,readable,pmc_xml,/Users/xingmeng/.openclaw/workspaces/staff-scientist-ideker/agenticWorkflow_LiteratureScreeningAndFullTextReview/runs/host_pathogen_shared_mechanisms_apms_20260826/passes/pass_001/artifacts/fulltext_import/PMC_XML/normalized/PMC13240522.json,low
pmid-42231329,42231329,PMC13450505,10.1186/s12967-026-08348-y,CircRNA profiles of extracellular vesicle-enriched fractions from ART suppressed pregnant women living with HIV identifies interactome networks key to inflammation and viral latency.,2026,selected_for_reading,"Full text centers a primary virus and provides assay-supported host interaction, host factor, or pathway mechanism evidence.",fulltext_review,readable,pmc_xml,/Users/xingmeng/.openclaw/workspaces/staff-scientist-ideker/agenticWorkflow_LiteratureScreeningAndFullTextReview/runs/host_pathogen_shared_mechanisms_apms_20260826/passes/pass_001/artifacts/fulltext_import/PMC_XML/normalized/PMC13450505.json,high
pmid-42230819,42230819,PMC13470021,10.1038/s41598-026-53209-9,BST-2 inhibits SARS-CoV-2 egress at intracellular membranes and is neutralized by ORF7a.,2026,selected_for_reading,"Full text contains useful host-pathogen assay or pathway evidence, but the primary-virus mechanism is less central than in direct papers.",fulltext_review,readable,pmc_xml,/Users/xingmeng/.openclaw/workspaces/staff-scientist-ideker/agenticWorkflow_LiteratureScreeningAndFullTextReview/runs/host_pathogen_shared_mechanisms_apms_20260826/passes/pass_001/artifacts/fulltext_import/PMC_XML/normalized/PMC13470021.json,medium
pmid-42205581,42205581,PMC13201242,10.3389/fmicb.2026.1819878,Molecular arms races at the virus-host splicing interface and their pathogenic implications.,2026,selected_for_reading,"Full text contains useful host-pathogen assay or pathway evidence, but the primary-virus mechanism is less central than in direct papers.",fulltext_review,readable,pmc_xml,/Users/xingmeng/.openclaw/workspaces/staff-scientist-ideker/agenticWorkflow_LiteratureScreeningAndFullTextReview/runs/host_pathogen_shared_mechanisms_apms_20260826/passes/pass_001/artifacts/fulltext_import/PMC_XML/normalized/PMC13201242.json,medium
pmid-42201028,42201028,PMC13214889,10.3390/medsci14020237,Endostemonine I as a Multi-Target Inhibitor of Kaposi's Sarcoma-Associated Herpesvirus Oncogenic Pathways: An Integrative Computational Study.,2026,selected_for_reading,Full text links a primary virus to a host factor or host pathway mechanism.,fulltext_review,readable,pmc_xml,/Users/xingmeng/.openclaw/workspaces/staff-scientist-ideker/agenticWorkflow_LiteratureScreeningAndFullTextReview/runs/host_pathogen_shared_mechanisms_apms_20260826/passes/pass_001/artifacts/fulltext_import/PMC_XML/normalized/PMC13214889.json,medium
pmid-42198716,42198716,PMC13211447,10.3390/v18050514,"Rapid Construction and Characterization of Infectious cDNA Clones and Reporter Viruses of Enteroviruses, Including Enterovirus A71 and Coxsackievirus B5, with Systematic Identification of Critical Determinants for Successful Reporter Virus Generation.",2026,selected_for_reading,"Full text centers a primary virus and provides assay-supported host interaction, host factor, or pathway mechanism evidence.",fulltext_review,readable,pmc_xml,/Users/xingmeng/.openclaw/workspaces/staff-scientist-ideker/agenticWorkflow_LiteratureScreeningAndFullTextReview/runs/host_pathogen_shared_mechanisms_apms_20260826/passes/pass_001/artifacts/fulltext_import/PMC_XML/normalized/PMC13211447.json,high
pmid-42196548,42196548,PMC13207110,10.3390/ijms27104571,Multi-Omics Landscape of Circadian Clock Dysregulation Across the Chronic Liver Disease Spectrum.,2026,selected_for_reading,"Full text contains useful host-pathogen assay or pathway evidence, but the primary-virus mechanism is less central than in direct papers.",fulltext_review,readable,pmc_xml,/Users/xingmeng/.openclaw/workspaces/staff-scientist-ideker/agenticWorkflow_LiteratureScreeningAndFullTextReview/runs/host_pathogen_shared_mechanisms_apms_20260826/passes/pass_001/artifacts/fulltext_import/PMC_XML/normalized/PMC13207110.json,medium
pmid-42174376,42174376,PMC13206289,10.1002/cmdc.70301,Development of a Lysine-Reactive Targeted Covalent Inhibitor for the P300/CBP-Associated Factor Bromodomain Through Structure-Based Design.,2026,selected_for_reading,"Full text contains useful host-pathogen assay or pathway evidence, but the primary-virus mechanism is less central than in direct papers.",fulltext_review,readable,pmc_xml,/Users/xingmeng/.openclaw/workspaces/staff-scientist-ideker/agenticWorkflow_LiteratureScreeningAndFullTextReview/runs/host_pathogen_shared_mechanisms_apms_20260826/passes/pass_001/artifacts/fulltext_import/PMC_XML/normalized/PMC13206289.json,medium
pmid-42149916,42149916,PMC13193608,10.1371/journal.ppat.1014229,Acetylation-mediated regulation of ALV viral proteins: Implications for retroviral inhibition.,2026,selected_for_reading,"Full text contains useful host-pathogen assay or pathway evidence, but the primary-virus mechanism is less central than in direct papers.",fulltext_review,readable,pmc_xml,/Users/xingmeng/.openclaw/workspaces/staff-scientist-ideker/agenticWorkflow_LiteratureScreeningAndFullTextReview/runs/host_pathogen_shared_mechanisms_apms_20260826/passes/pass_001/artifacts/fulltext_import/PMC_XML/normalized/PMC13193608.json,medium
pmid-42149692,42149692,PMC13182571,10.1093/bfgp/elag001,An integrative meta-analysis of SARS-CoV-2 RNA-protein interactomes identifies conserved host factors shared with other RNA viruses.,2026,selected_for_reading,"Full text contains useful host-pathogen assay or pathway evidence, but the primary-virus mechanism is less central than in direct papers.",fulltext_review,readable,pmc_xml,/Users/xingmeng/.openclaw/workspaces/staff-scientist-ideker/agenticWorkflow_LiteratureScreeningAndFullTextReview/runs/host_pathogen_shared_mechanisms_apms_20260826/passes/pass_001/artifacts/fulltext_import/PMC_XML/normalized/PMC13182571.json,medium
pmid-42148122,42148122,PMC13171569,10.3389/fimmu.2026.1682740,Transcriptomic and bioinformatics analysis reveals the host response feature and potential treatment strategy of patients with dengue fever.,2026,selected_for_reading,Full text links a primary virus to a host factor or host pathway mechanism.,fulltext_review,readable,pmc_xml,/Users/xingmeng/.openclaw/workspaces/staff-scientist-ideker/agenticWorkflow_LiteratureScreeningAndFullTextReview/runs/host_pathogen_shared_mechanisms_apms_20260826/passes/pass_001/artifacts/fulltext_import/PMC_XML/normalized/PMC13171569.json,medium
pmid-42139316,42139316,PMC13215601,10.1371/journal.ppat.1014217,Characterization of the virus-host RNA-RNA interactome across important human pathogenic RNA viruses.,2026,selected_for_reading,"Full text contains useful host-pathogen assay or pathway evidence, but the primary-virus mechanism is less central than in direct papers.",fulltext_review,readable,pmc_xml,/Users/xingmeng/.openclaw/workspaces/staff-scientist-ideker/agenticWorkflow_LiteratureScreeningAndFullTextReview/runs/host_pathogen_shared_mechanisms_apms_20260826/passes/pass_001/artifacts/fulltext_import/PMC_XML/normalized/PMC13215601.json,medium
pmid-42129882,42129882,PMC13169674,10.1186/s13020-026-01411-2,CVB-D attenuates experimental diabetic cardiomyopathy by alleviating mitochondrial dysfunction via the JAK1-STAT1 signaling axis in vivo and in vitro.,2026,selected_for_reading,"Full text centers a primary virus and provides assay-supported host interaction, host factor, or pathway mechanism evidence.",fulltext_review,readable,pmc_xml,/Users/xingmeng/.openclaw/workspaces/staff-scientist-ideker/agenticWorkflow_LiteratureScreeningAndFullTextReview/runs/host_pathogen_shared_mechanisms_apms_20260826/passes/pass_001/artifacts/fulltext_import/PMC_XML/normalized/PMC13169674.json,high
pmid-42095660,42095660,PMC13288819,10.1128/jvi.00314-26,Replication-competent SIVcpz CRISPR screen identifies barriers to successful cross-species transmission.,2026,selected_for_reading,"Full text contains useful host-pathogen assay or pathway evidence, but the primary-virus mechanism is less central than in direct papers.",fulltext_review,readable,pmc_xml,/Users/xingmeng/.openclaw/workspaces/staff-scientist-ideker/agenticWorkflow_LiteratureScreeningAndFullTextReview/runs/host_pathogen_shared_mechanisms_apms_20260826/passes/pass_001/artifacts/fulltext_import/PMC_XML/normalized/PMC13288819.json,medium
pmid-42094387,42094387,PMC13142392,10.64898/2026.04.26.720894,Bloom syndrome helicase is required for efficient HIV-1 reverse transcription in macrophages.,2026,selected_for_reading,"Full text centers a primary virus and provides assay-supported host interaction, host factor, or pathway mechanism evidence.",fulltext_review,readable,pmc_xml,/Users/xingmeng/.openclaw/workspaces/staff-scientist-ideker/agenticWorkflow_LiteratureScreeningAndFullTextReview/runs/host_pathogen_shared_mechanisms_apms_20260826/passes/pass_001/artifacts/fulltext_import/PMC_XML/normalized/PMC13142392.json,high
pmid-42059390,42059390,PMC13228025,10.1128/spectrum.03608-25,Temporal transcriptomics identifies early-response and infection-condition-specific modules guiding host-directed anti-EBOV therapeutics.,2026,selected_for_reading,"Full text centers a primary virus and provides assay-supported host interaction, host factor, or pathway mechanism evidence.",fulltext_review,readable,pmc_xml,/Users/xingmeng/.openclaw/workspaces/staff-scientist-ideker/agenticWorkflow_LiteratureScreeningAndFullTextReview/runs/host_pathogen_shared_mechanisms_apms_20260826/passes/pass_001/artifacts/fulltext_import/PMC_XML/normalized/PMC13228025.json,high
pmid-42057356,42057356,PMC13129248,10.1002/biof.70105,Dengue Virus Capsid Protein Interaction With Nucleic Acids.,2026,selected_for_reading,"Full text centers a primary virus and provides assay-supported host interaction, host factor, or pathway mechanism evidence.",fulltext_review,readable,pmc_xml,/Users/xingmeng/.openclaw/workspaces/staff-scientist-ideker/agenticWorkflow_LiteratureScreeningAndFullTextReview/runs/host_pathogen_shared_mechanisms_apms_20260826/passes/pass_001/artifacts/fulltext_import/PMC_XML/normalized/PMC13129248.json,high
pmid-42013838,42013838,PMC13105272,10.1016/j.cell.2026.03.046,Systematic discovery of pro- and anti-HIV host factors in primary human CD4+ T cells.,2026,selected_for_reading,"Full text centers a primary virus and provides assay-supported host interaction, host factor, or pathway mechanism evidence.",fulltext_review,readable,pmc_xml,/Users/xingmeng/.openclaw/workspaces/staff-scientist-ideker/agenticWorkflow_LiteratureScreeningAndFullTextReview/runs/host_pathogen_shared_mechanisms_apms_20260826/passes/pass_001/artifacts/fulltext_import/PMC_XML/normalized/PMC13105272.json,high
pmid-42003581,42003581,PMC13231878,10.1128/aac.01655-25,Mass balance study of [(14)C]Netanasvir Phosphate in healthy Chinese participants.,2026,selected_for_reading,"Full text contains useful host-pathogen assay or pathway evidence, but the primary-virus mechanism is less central than in direct papers.",fulltext_review,readable,pmc_xml,/Users/xingmeng/.openclaw/workspaces/staff-scientist-ideker/agenticWorkflow_LiteratureScreeningAndFullTextReview/runs/host_pathogen_shared_mechanisms_apms_20260826/passes/pass_001/artifacts/fulltext_import/PMC_XML/normalized/PMC13231878.json,medium
pmid-41995348,41995348,PMC13185624,10.1128/jvi.00288-26,Hepatitis C virus p7 regulates Core protein processing via signal peptide peptidase to promote virion assembly.,2026,selected_for_reading,"Full text centers a primary virus and provides assay-supported host interaction, host factor, or pathway mechanism evidence.",fulltext_review,readable,pmc_xml,/Users/xingmeng/.openclaw/workspaces/staff-scientist-ideker/agenticWorkflow_LiteratureScreeningAndFullTextReview/runs/host_pathogen_shared_mechanisms_apms_20260826/passes/pass_001/artifacts/fulltext_import/PMC_XML/normalized/PMC13185624.json,high
pmid-41993254,41993254,PMC13082053,10.64898/2026.04.07.716965,Comparative analysis of flavivirus sfRNA dynamics and secondary structure.,2026,selected_for_reading,"Full text has plausible host pathway or host-factor mechanism context for a primary virus, but evidence is not strongly assay-centered.",fulltext_review,readable,pmc_xml,/Users/xingmeng/.openclaw/workspaces/staff-scientist-ideker/agenticWorkflow_LiteratureScreeningAndFullTextReview/runs/host_pathogen_shared_mechanisms_apms_20260826/passes/pass_001/artifacts/fulltext_import/PMC_XML/normalized/PMC13082053.json,low
pmid-41977311,41977311,PMC13073563,10.3390/ijms27073125,Network Pharmacology-Guided Identification of Candida albicans Secondary Metabolites as Modulators of HIV Latency via Oncogenic Signaling Pathways.,2026,selected_for_reading,"Full text centers a primary virus and provides assay-supported host interaction, host factor, or pathway mechanism evidence.",fulltext_review,readable,pmc_xml,/Users/xingmeng/.openclaw/workspaces/staff-scientist-ideker/agenticWorkflow_LiteratureScreeningAndFullTextReview/runs/host_pathogen_shared_mechanisms_apms_20260826/passes/pass_001/artifacts/fulltext_import/PMC_XML/normalized/PMC13073563.json,high
pmid-41955099,41955099,PMC13124994,10.1016/j.celrep.2026.117090,Incorporation of genome-bound cellular proteins into HIV-1 particles regulates viral infection.,2026,selected_for_reading,"Full text centers a primary virus and provides assay-supported host interaction, host factor, or pathway mechanism evidence.",fulltext_review,readable,pmc_xml,/Users/xingmeng/.openclaw/workspaces/staff-scientist-ideker/agenticWorkflow_LiteratureScreeningAndFullTextReview/runs/host_pathogen_shared_mechanisms_apms_20260826/passes/pass_001/artifacts/fulltext_import/PMC_XML/normalized/PMC13124994.json,high
pmid-41953939,41953939,PMC13054541,10.64898/2026.04.01.715898,FAM134B isoform 2/RETREG1-2 defines a calnexin-TOLLIP-coupled ER-phagy pathway that restricts Ebola virus glycoprotein and is antagonized by VP40 through macro-autophagy.,2026,selected_for_reading,"Full text centers a primary virus and provides assay-supported host interaction, host factor, or pathway mechanism evidence.",fulltext_review,readable,pmc_xml,/Users/xingmeng/.openclaw/workspaces/staff-scientist-ideker/agenticWorkflow_LiteratureScreeningAndFullTextReview/runs/host_pathogen_shared_mechanisms_apms_20260826/passes/pass_001/artifacts/fulltext_import/PMC_XML/normalized/PMC13054541.json,high
pmid-41953938,41953938,PMC13054539,10.64898/2026.02.23.707506,The Kaposi's sarcoma-associated herpesvirus viral genome packaging accessory factor ORF68 forms cytoplasmic puncta dependent on the viral tyrosine kinase.,2026,selected_for_reading,"Full text centers a primary virus and provides assay-supported host interaction, host factor, or pathway mechanism evidence.",fulltext_review,readable,pmc_xml,/Users/xingmeng/.openclaw/workspaces/staff-scientist-ideker/agenticWorkflow_LiteratureScreeningAndFullTextReview/runs/host_pathogen_shared_mechanisms_apms_20260826/passes/pass_001/artifacts/fulltext_import/PMC_XML/normalized/PMC13054539.json,high
pmid-41938780,41938780,PMC13047328,10.3934/microbiol.2026004,Host restriction factors and p17-Driven inflammaging in HIV-1: From molecular pathogenesis to functional cure.,2026,selected_for_reading,"Full text centers a primary virus and provides assay-supported host interaction, host factor, or pathway mechanism evidence.",fulltext_review,readable,pmc_xml,/Users/xingmeng/.openclaw/workspaces/staff-scientist-ideker/agenticWorkflow_LiteratureScreeningAndFullTextReview/runs/host_pathogen_shared_mechanisms_apms_20260826/passes/pass_001/artifacts/fulltext_import/PMC_XML/normalized/PMC13047328.json,high
pmid-41931620,41931620,PMC13048264,10.1126/sciadv.aeb8863,Phospholipid-driven conformational switching of HCV NS5A links protein folding to replication membrane remodeling.,2026,selected_for_reading,Full text links a primary virus to a host factor or host pathway mechanism.,fulltext_review,readable,pmc_xml,/Users/xingmeng/.openclaw/workspaces/staff-scientist-ideker/agenticWorkflow_LiteratureScreeningAndFullTextReview/runs/host_pathogen_shared_mechanisms_apms_20260826/passes/pass_001/artifacts/fulltext_import/PMC_XML/normalized/PMC13048264.json,medium
pmid-41931390,41931390,PMC13222652,10.1016/j.celrep.2026.117160,Host microRNA-31-5p regulates KHDRBS3 expression and modulates viral gene expression during KSHV lytic reactivation.,2026,selected_for_reading,Full text links a primary virus to a host factor or host pathway mechanism.,fulltext_review,readable,pmc_xml,/Users/xingmeng/.openclaw/workspaces/staff-scientist-ideker/agenticWorkflow_LiteratureScreeningAndFullTextReview/runs/host_pathogen_shared_mechanisms_apms_20260826/passes/pass_001/artifacts/fulltext_import/PMC_XML/normalized/PMC13222652.json,medium
pmid-41902262,41902262,PMC13030261,10.3390/v18030354,Breaking into HIV-1's Epigenetic Vault: Cure Strategies to Eliminate the Viral Reservoir.,2026,selected_for_reading,Full text links a primary virus to a host factor or host pathway mechanism.,fulltext_review,readable,pmc_xml,/Users/xingmeng/.openclaw/workspaces/staff-scientist-ideker/agenticWorkflow_LiteratureScreeningAndFullTextReview/runs/host_pathogen_shared_mechanisms_apms_20260826/passes/pass_001/artifacts/fulltext_import/PMC_XML/normalized/PMC13030261.json,medium
pmid-41898579,41898579,PMC13027287,10.3390/ijms27062718,Phosphoproteome-Entailed Kinase-Substrate Landscape of Human-DENV-2 Interaction.,2026,selected_for_reading,"Full text centers a primary virus and provides assay-supported host interaction, host factor, or pathway mechanism evidence.",fulltext_review,readable,pmc_xml,/Users/xingmeng/.openclaw/workspaces/staff-scientist-ideker/agenticWorkflow_LiteratureScreeningAndFullTextReview/runs/host_pathogen_shared_mechanisms_apms_20260826/passes/pass_001/artifacts/fulltext_import/PMC_XML/normalized/PMC13027287.json,high
pmid-41891723,41891723,PMC13098217,10.1128/jvi.00179-26,Galectin-9 is a restrictor of infection with multiple enteroviruses.,2026,selected_for_reading,"Full text contains useful host-pathogen assay or pathway evidence, but the primary-virus mechanism is less central than in direct papers.",fulltext_review,readable,pmc_xml,/Users/xingmeng/.openclaw/workspaces/staff-scientist-ideker/agenticWorkflow_LiteratureScreeningAndFullTextReview/runs/host_pathogen_shared_mechanisms_apms_20260826/passes/pass_001/artifacts/fulltext_import/PMC_XML/normalized/PMC13098217.json,medium
pmid-41886495,41886495,PMC13056253,10.1371/journal.ppat.1014072,Herpesvirus-encoded lncRNA targets host splicing by interacting with splicing factors.,2026,selected_for_reading,"Full text contains useful host-pathogen assay or pathway evidence, but the primary-virus mechanism is less central than in direct papers.",fulltext_review,readable,pmc_xml,/Users/xingmeng/.openclaw/workspaces/staff-scientist-ideker/agenticWorkflow_LiteratureScreeningAndFullTextReview/runs/host_pathogen_shared_mechanisms_apms_20260826/passes/pass_001/artifacts/fulltext_import/PMC_XML/normalized/PMC13056253.json,medium
pmid-41867743,41867743,PMC13001474,10.64898/2026.03.02.709165,HIV-1 gp120-induced lysosomal stress responses are controlled by TRPML1 redox sensors.,2026,selected_for_reading,"Full text centers a primary virus and provides assay-supported host interaction, host factor, or pathway mechanism evidence.",fulltext_review,readable,pmc_xml,/Users/xingmeng/.openclaw/workspaces/staff-scientist-ideker/agenticWorkflow_LiteratureScreeningAndFullTextReview/runs/host_pathogen_shared_mechanisms_apms_20260826/passes/pass_001/artifacts/fulltext_import/PMC_XML/normalized/PMC13001474.json,high
pmid-41805193,41805193,PMC13098232,10.1128/jvi.01793-25,Repression of EEF1D by KSHV RTA promotes viral lytic reactivation.,2026,selected_for_reading,"Full text centers a primary virus and provides assay-supported host interaction, host factor, or pathway mechanism evidence.",fulltext_review,readable,pmc_xml,/Users/xingmeng/.openclaw/workspaces/staff-scientist-ideker/agenticWorkflow_LiteratureScreeningAndFullTextReview/runs/host_pathogen_shared_mechanisms_apms_20260826/passes/pass_001/artifacts/fulltext_import/PMC_XML/normalized/PMC13098232.json,high
pmid-41804779,41804779,PMC13036783,10.1021/acs.jmedchem.5c03414,Sulfonyl Anthranilic Acid Analogues Display Pan-Serotype Anti-Dengue Activity by Downregulating the Expression of Ribosomal Proteins Encoded by 5'-Terminal Oligopyrimidine Motif-Containing mRNA.,2026,selected_for_reading,"Full text centers a primary virus and provides assay-supported host interaction, host factor, or pathway mechanism evidence.",fulltext_review,readable,pmc_xml,/Users/xingmeng/.openclaw/workspaces/staff-scientist-ideker/agenticWorkflow_LiteratureScreeningAndFullTextReview/runs/host_pathogen_shared_mechanisms_apms_20260826/passes/pass_001/artifacts/fulltext_import/PMC_XML/normalized/PMC13036783.json,high
pmid-41772600,41772600,PMC13154899,10.1186/s12964-026-02762-x,TARDBP as a regulator of HIV-1 assembly and infection: a review of targeting the viral capsid precursor Pr55Gag and limiting viral core entry.,2026,selected_for_reading,Full text links a primary virus to a host factor or host pathway mechanism.,fulltext_review,readable,pmc_xml,/Users/xingmeng/.openclaw/workspaces/staff-scientist-ideker/agenticWorkflow_LiteratureScreeningAndFullTextReview/runs/host_pathogen_shared_mechanisms_apms_20260826/passes/pass_001/artifacts/fulltext_import/PMC_XML/normalized/PMC13154899.json,medium
pmid-41758647,41758647,PMC13206644,10.1016/j.celrep.2026.116924,"RNase L regulates the antiviral proteome by accelerating mRNA decay, inhibiting nuclear mRNA export, and repressing transcription.",2026,selected_for_reading,"Full text contains useful host-pathogen assay or pathway evidence, but the primary-virus mechanism is less central than in direct papers.",fulltext_review,readable,pmc_xml,/Users/xingmeng/.openclaw/workspaces/staff-scientist-ideker/agenticWorkflow_LiteratureScreeningAndFullTextReview/runs/host_pathogen_shared_mechanisms_apms_20260826/passes/pass_001/artifacts/fulltext_import/PMC_XML/normalized/PMC13206644.json,medium
pmid-41756862,41756862,PMC12934941,10.64898/2026.02.19.706859,Mechanisms of HIV Latency in Hematopoietic Progenitors: GFI1 as a Key Regulator.,2026,selected_for_reading,Full text links a primary virus to a host factor or host pathway mechanism.,fulltext_review,readable,pmc_xml,/Users/xingmeng/.openclaw/workspaces/staff-scientist-ideker/agenticWorkflow_LiteratureScreeningAndFullTextReview/runs/host_pathogen_shared_mechanisms_apms_20260826/passes/pass_001/artifacts/fulltext_import/PMC_XML/normalized/PMC12934941.json,medium
pmid-41729959,41729959,PMC12928434,10.1371/journal.pone.0341312,Serum proteomic characterization of stump-tailed macaques (Macaca arctoides) with neutralizing antibodies against Dengue virus in Thailand.,2026,selected_for_reading,"Full text centers a primary virus and provides assay-supported host interaction, host factor, or pathway mechanism evidence.",fulltext_review,readable,pmc_xml,/Users/xingmeng/.openclaw/workspaces/staff-scientist-ideker/agenticWorkflow_LiteratureScreeningAndFullTextReview/runs/host_pathogen_shared_mechanisms_apms_20260826/passes/pass_001/artifacts/fulltext_import/PMC_XML/normalized/PMC12928434.json,high
pmid-41717286,41717286,PMC12914541,10.1016/j.omtn.2026.102844,microRNA-422a promotes HIV replication and innate immune evasion by targeting MECP2.,2026,selected_for_reading,Full text links a primary virus to a host factor or host pathway mechanism.,fulltext_review,readable,pmc_xml,/Users/xingmeng/.openclaw/workspaces/staff-scientist-ideker/agenticWorkflow_LiteratureScreeningAndFullTextReview/runs/host_pathogen_shared_mechanisms_apms_20260826/passes/pass_001/artifacts/fulltext_import/PMC_XML/normalized/PMC12914541.json,medium
pmid-41702930,41702930,PMC13022178,10.1038/s41541-026-01401-3,Reduced dengue virus pre-membrane protein-HMGB1 interaction activates host cell transcription to attenuate infection.,2026,selected_for_reading,"Full text centers a primary virus and provides assay-supported host interaction, host factor, or pathway mechanism evidence.",fulltext_review,readable,pmc_xml,/Users/xingmeng/.openclaw/workspaces/staff-scientist-ideker/agenticWorkflow_LiteratureScreeningAndFullTextReview/runs/host_pathogen_shared_mechanisms_apms_20260826/passes/pass_001/artifacts/fulltext_import/PMC_XML/normalized/PMC13022178.json,high
pmid-41673560,41673560,PMC13179626,10.1186/s12014-026-09586-4,"Plasma-targeted proteomic and lipidomic profiling of MASLD, MASH, and hepatitis C virus infection.",2026,selected_for_reading,"Full text centers a primary virus and provides assay-supported host interaction, host factor, or pathway mechanism evidence.",fulltext_review,readable,pmc_xml,/Users/xingmeng/.openclaw/workspaces/staff-scientist-ideker/agenticWorkflow_LiteratureScreeningAndFullTextReview/runs/host_pathogen_shared_mechanisms_apms_20260826/passes/pass_001/artifacts/fulltext_import/PMC_XML/normalized/PMC13179626.json,high
pmid-41667458,41667458,PMC13003150,10.1038/s41467-026-69263-w,Degraders of the dengue virus capsid protein exhibit differentiated pharmacology relative to capsid inhibitors.,2026,selected_for_reading,"Full text centers a primary virus and provides assay-supported host interaction, host factor, or pathway mechanism evidence.",fulltext_review,readable,pmc_xml,/Users/xingmeng/.openclaw/workspaces/staff-scientist-ideker/agenticWorkflow_LiteratureScreeningAndFullTextReview/runs/host_pathogen_shared_mechanisms_apms_20260826/passes/pass_001/artifacts/fulltext_import/PMC_XML/normalized/PMC13003150.json,high
pmid-41662877,41662877,PMC13085903,10.1093/infdis/jiag086,Optimized Mass Spectrometry to Uncover M. tuberculosis Biomarkers in Extracellular Vesicles From Asymptomatic Tuberculosis Patients.,2026,selected_for_reading,"Full text contains useful host-pathogen assay or pathway evidence, but the primary-virus mechanism is less central than in direct papers.",fulltext_review,readable,pmc_xml,/Users/xingmeng/.openclaw/workspaces/staff-scientist-ideker/agenticWorkflow_LiteratureScreeningAndFullTextReview/runs/host_pathogen_shared_mechanisms_apms_20260826/passes/pass_001/artifacts/fulltext_import/PMC_XML/normalized/PMC13085903.json,medium
pmid-41652468,41652468,PMC12977633,10.1186/s12985-026-03087-4,Inhibition of dengue virus type 2 by hypericin mediated through viral envelope protein interaction.,2026,selected_for_reading,Full text links a primary virus to a host factor or host pathway mechanism.,fulltext_review,readable,pmc_xml,/Users/xingmeng/.openclaw/workspaces/staff-scientist-ideker/agenticWorkflow_LiteratureScreeningAndFullTextReview/runs/host_pathogen_shared_mechanisms_apms_20260826/passes/pass_001/artifacts/fulltext_import/PMC_XML/normalized/PMC12977633.json,medium
pmid-41617468,41617468,PMC13085917,10.1261/rna.080931.125,RK-33 inhibits the OC43 coronavirus and induces stress granules via DDX3X-independent mechanisms.,2026,selected_for_reading,"Full text contains useful host-pathogen assay or pathway evidence, but the primary-virus mechanism is less central than in direct papers.",fulltext_review,readable,pmc_xml,/Users/xingmeng/.openclaw/workspaces/staff-scientist-ideker/agenticWorkflow_LiteratureScreeningAndFullTextReview/runs/host_pathogen_shared_mechanisms_apms_20260826/passes/pass_001/artifacts/fulltext_import/PMC_XML/normalized/PMC13085917.json,medium
pmid-41616025,41616025,PMC12857974,10.1371/journal.ppat.1013906,YAP Inhibits HIV-1 transcription and promotes HIV-1 latency by regulating E3 ubiquitin ligase UHRF1 mediated tat degradation.,2026,selected_for_reading,"Full text centers a primary virus and provides assay-supported host interaction, host factor, or pathway mechanism evidence.",fulltext_review,readable,pmc_xml,/Users/xingmeng/.openclaw/workspaces/staff-scientist-ideker/agenticWorkflow_LiteratureScreeningAndFullTextReview/runs/host_pathogen_shared_mechanisms_apms_20260826/passes/pass_001/artifacts/fulltext_import/PMC_XML/normalized/PMC12857974.json,high
pmid-41600901,41600901,PMC12846392,10.3390/v18010140,The Differentially Regulated Cousins: Insights into the Differences in Transcriptional Regulatory Mechanisms Between HTLV-1 and HIV-1.,2026,selected_for_reading,Full text links a primary virus to a host factor or host pathway mechanism.,fulltext_review,readable,pmc_xml,/Users/xingmeng/.openclaw/workspaces/staff-scientist-ideker/agenticWorkflow_LiteratureScreeningAndFullTextReview/runs/host_pathogen_shared_mechanisms_apms_20260826/passes/pass_001/artifacts/fulltext_import/PMC_XML/normalized/PMC12846392.json,medium
pmid-41565204,41565204,PMC12927048,10.1016/j.mcpro.2026.101512,Multiomics Analysis of Arboviral Capsid Targets in Mosquitoes Reveals a Proviral Function of the Chromatin-Remodeling Brahma Complex.,2026,selected_for_reading,"Full text contains useful host-pathogen assay or pathway evidence, but the primary-virus mechanism is less central than in direct papers.",fulltext_review,readable,pmc_xml,/Users/xingmeng/.openclaw/workspaces/staff-scientist-ideker/agenticWorkflow_LiteratureScreeningAndFullTextReview/runs/host_pathogen_shared_mechanisms_apms_20260826/passes/pass_001/artifacts/fulltext_import/PMC_XML/normalized/PMC12927048.json,medium
pmid-41422509,41422509,PMC12951691,10.1016/j.celrep.2025.116739,A ribosome-bound pseudoknot in the HCV coding region stimulates viral growth by tuning viral translation.,2026,selected_for_reading,"Full text centers a primary virus and provides assay-supported host interaction, host factor, or pathway mechanism evidence.",fulltext_review,readable,pmc_xml,/Users/xingmeng/.openclaw/workspaces/staff-scientist-ideker/agenticWorkflow_LiteratureScreeningAndFullTextReview/runs/host_pathogen_shared_mechanisms_apms_20260826/passes/pass_001/artifacts/fulltext_import/PMC_XML/normalized/PMC12951691.json,high
pmid-41420694,41420694,PMC12881183,10.1007/s11262-025-02210-x,The role of homologous recombination in human retrovirus-associated diseases.,2026,selected_for_reading,"Full text contains useful host-pathogen assay or pathway evidence, but the primary-virus mechanism is less central than in direct papers.",fulltext_review,readable,pmc_xml,/Users/xingmeng/.openclaw/workspaces/staff-scientist-ideker/agenticWorkflow_LiteratureScreeningAndFullTextReview/runs/host_pathogen_shared_mechanisms_apms_20260826/passes/pass_001/artifacts/fulltext_import/PMC_XML/normalized/PMC12881183.json,medium
pmid-41344698,41344698,PMC12848322,10.1136/gutjnl-2025-335461,Stem-like CD8+ T cells preserve HBV-specific responses in HBV/HIV co-infection.,2026,selected_for_reading,"Full text centers a primary virus and provides assay-supported host interaction, host factor, or pathway mechanism evidence.",fulltext_review,readable,pmc_xml,/Users/xingmeng/.openclaw/workspaces/staff-scientist-ideker/agenticWorkflow_LiteratureScreeningAndFullTextReview/runs/host_pathogen_shared_mechanisms_apms_20260826/passes/pass_001/artifacts/fulltext_import/PMC_XML/normalized/PMC12848322.json,high
pmid-41318671,41318671,PMC12999493,10.1038/s41380-025-03354-w,Extracellular condensates (ECs) are endogenous modulators of HIV transcription and latency reactivation.,2026,selected_for_reading,"Full text centers a primary virus and provides assay-supported host interaction, host factor, or pathway mechanism evidence.",fulltext_review,readable,pmc_xml,/Users/xingmeng/.openclaw/workspaces/staff-scientist-ideker/agenticWorkflow_LiteratureScreeningAndFullTextReview/runs/host_pathogen_shared_mechanisms_apms_20260826/passes/pass_001/artifacts/fulltext_import/PMC_XML/normalized/PMC12999493.json,high
pmid-41285614,41285614,PMC12810188,10.1261/rna.080770.125,Loop of fate: structural and mechanistic insights into hnRNPA1 binding to the hepatitis C virus RNA.,2026,selected_for_reading,"Full text centers a primary virus and provides assay-supported host interaction, host factor, or pathway mechanism evidence.",fulltext_review,readable,pmc_xml,/Users/xingmeng/.openclaw/workspaces/staff-scientist-ideker/agenticWorkflow_LiteratureScreeningAndFullTextReview/runs/host_pathogen_shared_mechanisms_apms_20260826/passes/pass_001/artifacts/fulltext_import/PMC_XML/normalized/PMC12810188.json,high
pmid-40466758,40466758,PMC12957789,10.1016/j.jare.2025.05.053,Voxtalisib inhibits enterovirus 71 replication by downregulating host RAN and restoring IFN-STAT signaling.,2026,selected_for_reading,"Full text contains useful host-pathogen assay or pathway evidence, but the primary-virus mechanism is less central than in direct papers.",fulltext_review,readable,pmc_xml,/Users/xingmeng/.openclaw/workspaces/staff-scientist-ideker/agenticWorkflow_LiteratureScreeningAndFullTextReview/runs/host_pathogen_shared_mechanisms_apms_20260826/passes/pass_001/artifacts/fulltext_import/PMC_XML/normalized/PMC12957789.json,medium
pmid-41600775,41600775,PMC12846463,10.3390/v18010011,Arf GTPases Define BST-2-Independent Pathways for HIV-1 Assembly and Release.,2025,selected_for_reading,Full text links a primary virus to a host factor or host pathway mechanism.,fulltext_review,readable,pmc_xml,/Users/xingmeng/.openclaw/workspaces/staff-scientist-ideker/agenticWorkflow_LiteratureScreeningAndFullTextReview/runs/host_pathogen_shared_mechanisms_apms_20260826/passes/pass_001/artifacts/fulltext_import/PMC_XML/normalized/PMC12846463.json,medium
pmid-41583452,41583452,PMC12823978,10.3389/fimmu.2025.1696179,Pilot proteomic analysis of immune dysregulation in dengue with prior SARS-CoV-2 infection.,2025,selected_for_reading,"Full text centers a primary virus and provides assay-supported host interaction, host factor, or pathway mechanism evidence.",fulltext_review,readable,pmc_xml,/Users/xingmeng/.openclaw/workspaces/staff-scientist-ideker/agenticWorkflow_LiteratureScreeningAndFullTextReview/runs/host_pathogen_shared_mechanisms_apms_20260826/passes/pass_001/artifacts/fulltext_import/PMC_XML/normalized/PMC12823978.json,high
pmid-41497656,41497656,PMC12767509,10.64898/2025.12.27.696684,Comprehensive Mapping of the Virus and Host Factors that Guide the Paths of HIV-1 Escape from a Therapeutic.,2025,selected_for_reading,Full text links a primary virus to a host factor or host pathway mechanism.,fulltext_review,readable,pmc_xml,/Users/xingmeng/.openclaw/workspaces/staff-scientist-ideker/agenticWorkflow_LiteratureScreeningAndFullTextReview/runs/host_pathogen_shared_mechanisms_apms_20260826/passes/pass_001/artifacts/fulltext_import/PMC_XML/normalized/PMC12767509.json,medium
pmid-41466491,41466491,PMC12748517,10.1002/iid3.70316,Inhibitory Effect of Sirtuin6 on EndMT by Regulating Oxidative Stress and Autophagy in Coxsackievirus B3-Induced Cardiac Endothelial Cells.,2025,selected_for_reading,"Full text centers a primary virus and provides assay-supported host interaction, host factor, or pathway mechanism evidence.",fulltext_review,readable,pmc_xml,/Users/xingmeng/.openclaw/workspaces/staff-scientist-ideker/agenticWorkflow_LiteratureScreeningAndFullTextReview/runs/host_pathogen_shared_mechanisms_apms_20260826/passes/pass_001/artifacts/fulltext_import/PMC_XML/normalized/PMC12748517.json,high
pmid-41414674,41414674,PMC12714564,10.1093/nar/gkaf1323,The human chromatin remodeling complex p400 restricts HIV-1 transcription in a Tat-dependent manner.,2025,selected_for_reading,"Full text centers a primary virus and provides assay-supported host interaction, host factor, or pathway mechanism evidence.",fulltext_review,readable,pmc_xml,/Users/xingmeng/.openclaw/workspaces/staff-scientist-ideker/agenticWorkflow_LiteratureScreeningAndFullTextReview/runs/host_pathogen_shared_mechanisms_apms_20260826/passes/pass_001/artifacts/fulltext_import/PMC_XML/normalized/PMC12714564.json,high
pmid-41404188,41404188,PMC12703047,10.1002/jex2.70102,Immune-Related Protein and Non-Coding RNA Cargo of Extracellular Vesicles Participate in the Chronic Inflammation Induced by HIV Infection.,2025,selected_for_reading,"Full text centers a primary virus and provides assay-supported host interaction, host factor, or pathway mechanism evidence.",fulltext_review,readable,pmc_xml,/Users/xingmeng/.openclaw/workspaces/staff-scientist-ideker/agenticWorkflow_LiteratureScreeningAndFullTextReview/runs/host_pathogen_shared_mechanisms_apms_20260826/passes/pass_001/artifacts/fulltext_import/PMC_XML/normalized/PMC12703047.json,high
pmid-41372121,41372121,PMC12696002,10.1038/s41467-025-65979-3,Replicon-based genome-wide CRISPR knockout screening for the identification of host factors involved in viral replication.,2025,selected_for_reading,"Full text contains useful host-pathogen assay or pathway evidence, but the primary-virus mechanism is less central than in direct papers.",fulltext_review,readable,pmc_xml,/Users/xingmeng/.openclaw/workspaces/staff-scientist-ideker/agenticWorkflow_LiteratureScreeningAndFullTextReview/runs/host_pathogen_shared_mechanisms_apms_20260826/passes/pass_001/artifacts/fulltext_import/PMC_XML/normalized/PMC12696002.json,medium
pmid-41371476,41371476,PMC12826968,10.1016/j.virs.2025.12.005,Deep data-independent acquisition-based plasma proteomic profiling unveils distinct molecular features in dengue fever with neutropenia.,2025,selected_for_reading,"Full text centers a primary virus and provides assay-supported host interaction, host factor, or pathway mechanism evidence.",fulltext_review,readable,pmc_xml,/Users/xingmeng/.openclaw/workspaces/staff-scientist-ideker/agenticWorkflow_LiteratureScreeningAndFullTextReview/runs/host_pathogen_shared_mechanisms_apms_20260826/passes/pass_001/artifacts/fulltext_import/PMC_XML/normalized/PMC12826968.json,high
pmid-41366310,41366310,PMC12802228,10.1186/s12879-025-12307-1,Plasma proteomic signatures in HIV-infected individuals post-SARS-CoV-2 infection.,2025,selected_for_reading,"Full text centers a primary virus and provides assay-supported host interaction, host factor, or pathway mechanism evidence.",fulltext_review,readable,pmc_xml,/Users/xingmeng/.openclaw/workspaces/staff-scientist-ideker/agenticWorkflow_LiteratureScreeningAndFullTextReview/runs/host_pathogen_shared_mechanisms_apms_20260826/passes/pass_001/artifacts/fulltext_import/PMC_XML/normalized/PMC12802228.json,high
pmid-41359666,41359666,PMC12698002,10.1371/journal.ppat.1013773,SAMD9L inhibits flavivirus translation independently of its capacity to trigger innate immune response.,2025,selected_for_reading,"Full text has plausible host pathway or host-factor mechanism context for a primary virus, but evidence is not strongly assay-centered.",fulltext_review,readable,pmc_xml,/Users/xingmeng/.openclaw/workspaces/staff-scientist-ideker/agenticWorkflow_LiteratureScreeningAndFullTextReview/runs/host_pathogen_shared_mechanisms_apms_20260826/passes/pass_001/artifacts/fulltext_import/PMC_XML/normalized/PMC12698002.json,low
pmid-41346613,41346613,PMC12672510,10.3389/fimmu.2025.1708516,Manganese mediates antiviral effects by driving an ATM -TBK1 phosphorylation signaling pathway.,2025,selected_for_reading,"Full text contains useful host-pathogen assay or pathway evidence, but the primary-virus mechanism is less central than in direct papers.",fulltext_review,readable,pmc_xml,/Users/xingmeng/.openclaw/workspaces/staff-scientist-ideker/agenticWorkflow_LiteratureScreeningAndFullTextReview/runs/host_pathogen_shared_mechanisms_apms_20260826/passes/pass_001/artifacts/fulltext_import/PMC_XML/normalized/PMC12672510.json,medium
pmid-41337487,41337487,PMC12704709,10.1073/pnas.2505538122,Structural insights into the role of eIF3 in translation mediated by the HCV IRES.,2025,selected_for_reading,"Full text centers a primary virus and provides assay-supported host interaction, host factor, or pathway mechanism evidence.",fulltext_review,readable,pmc_xml,/Users/xingmeng/.openclaw/workspaces/staff-scientist-ideker/agenticWorkflow_LiteratureScreeningAndFullTextReview/runs/host_pathogen_shared_mechanisms_apms_20260826/passes/pass_001/artifacts/fulltext_import/PMC_XML/normalized/PMC12704709.json,high
pmid-41332748,41332748,PMC12668011,10.1101/2025.11.19.689067,Dengue Virus NS1 Binds Ephrin B1 to Trigger Endothelial Dysfunction.,2025,selected_for_reading,"Full text centers a primary virus and provides assay-supported host interaction, host factor, or pathway mechanism evidence.",fulltext_review,readable,pmc_xml,/Users/xingmeng/.openclaw/workspaces/staff-scientist-ideker/agenticWorkflow_LiteratureScreeningAndFullTextReview/runs/host_pathogen_shared_mechanisms_apms_20260826/passes/pass_001/artifacts/fulltext_import/PMC_XML/normalized/PMC12668011.json,high
pmid-41328325,41328325,PMC12664905,10.1002/mco2.70514,Discovery of a Novel Non-Nucleoside Inhibitor of RNA-Dependent RNA Polymerase Against Dengue Virus.,2025,selected_for_reading,"Full text centers a primary virus and provides assay-supported host interaction, host factor, or pathway mechanism evidence.",fulltext_review,readable,pmc_xml,/Users/xingmeng/.openclaw/workspaces/staff-scientist-ideker/agenticWorkflow_LiteratureScreeningAndFullTextReview/runs/host_pathogen_shared_mechanisms_apms_20260826/passes/pass_001/artifacts/fulltext_import/PMC_XML/normalized/PMC12664905.json,high
pmid-41314473,41314473,PMC12826978,10.1016/j.virs.2025.11.009,Antiviral agents for dengue virus.,2025,selected_for_reading,Full text links a primary virus to a host factor or host pathway mechanism.,fulltext_review,readable,pmc_xml,/Users/xingmeng/.openclaw/workspaces/staff-scientist-ideker/agenticWorkflow_LiteratureScreeningAndFullTextReview/runs/host_pathogen_shared_mechanisms_apms_20260826/passes/pass_001/artifacts/fulltext_import/PMC_XML/normalized/PMC12826978.json,medium
pmid-41301405,41301405,PMC12650339,10.3390/biom15111487,Non-Vesicular Extracellular Particle (NVEP) Proteomes from Diverse Biological Sources Reveal Specific Marker Composition with Varying Enrichment Levels.,2025,selected_for_reading,"Full text contains useful host-pathogen assay or pathway evidence, but the primary-virus mechanism is less central than in direct papers.",fulltext_review,readable,pmc_xml,/Users/xingmeng/.openclaw/workspaces/staff-scientist-ideker/agenticWorkflow_LiteratureScreeningAndFullTextReview/runs/host_pathogen_shared_mechanisms_apms_20260826/passes/pass_001/artifacts/fulltext_import/PMC_XML/normalized/PMC12650339.json,medium
pmid-41292925,41292925,PMC12642633,10.1101/2025.11.13.688349,"Mechanism of Phosphatidylserine Lipid Scrambling by Human SERINC3, an HIV-1 Restriction Factor.",2025,selected_for_reading,Full text links a primary virus to a host factor or host pathway mechanism.,fulltext_review,readable,pmc_xml,/Users/xingmeng/.openclaw/workspaces/staff-scientist-ideker/agenticWorkflow_LiteratureScreeningAndFullTextReview/runs/host_pathogen_shared_mechanisms_apms_20260826/passes/pass_001/artifacts/fulltext_import/PMC_XML/normalized/PMC12642633.json,medium
pmid-41284706,41284706,PMC12643310,10.1371/journal.pntd.0013691,Dengue virus infection in children: Serum lipidomics profiling for biomarker discovery.,2025,selected_for_reading,"Full text centers a primary virus and provides assay-supported host interaction, host factor, or pathway mechanism evidence.",fulltext_review,readable,pmc_xml,/Users/xingmeng/.openclaw/workspaces/staff-scientist-ideker/agenticWorkflow_LiteratureScreeningAndFullTextReview/runs/host_pathogen_shared_mechanisms_apms_20260826/passes/pass_001/artifacts/fulltext_import/PMC_XML/normalized/PMC12643310.json,high
pmid-41283654,41283654,PMC12724348,10.1128/jvi.01663-25,HIV-2 glycoproteins upregulate microRNAs 25 and 93 to counter the MARCH1 antiviral effect in macrophages.,2025,selected_for_reading,Full text links a primary virus to a host factor or host pathway mechanism.,fulltext_review,readable,pmc_xml,/Users/xingmeng/.openclaw/workspaces/staff-scientist-ideker/agenticWorkflow_LiteratureScreeningAndFullTextReview/runs/host_pathogen_shared_mechanisms_apms_20260826/passes/pass_001/artifacts/fulltext_import/PMC_XML/normalized/PMC12724348.json,medium
pmid-41255384,41255384,PMC12620564,10.1002/hsr2.71488,Bioinformatics Analysis of Persistent Dysregulated Expression of Genes Involved in HCV-Induced Neurological Disorders and Liver Injuries After DAA Treatment Through Weighted Gene Co-Expression Network Analysis.,2025,selected_for_reading,Full text links a primary virus to a host factor or host pathway mechanism.,fulltext_review,readable,pmc_xml,/Users/xingmeng/.openclaw/workspaces/staff-scientist-ideker/agenticWorkflow_LiteratureScreeningAndFullTextReview/runs/host_pathogen_shared_mechanisms_apms_20260826/passes/pass_001/artifacts/fulltext_import/PMC_XML/normalized/PMC12620564.json,medium
pmid-41252368,41252368,PMC12626292,10.1371/journal.ppat.1013685,Disrupted glycosylphosphatidylinositol anchoring induces ER stress and restricts enterovirus infection.,2025,selected_for_reading,"Full text contains useful host-pathogen assay or pathway evidence, but the primary-virus mechanism is less central than in direct papers.",fulltext_review,readable,pmc_xml,/Users/xingmeng/.openclaw/workspaces/staff-scientist-ideker/agenticWorkflow_LiteratureScreeningAndFullTextReview/runs/host_pathogen_shared_mechanisms_apms_20260826/passes/pass_001/artifacts/fulltext_import/PMC_XML/normalized/PMC12626292.json,medium
pmid-41226631,41226631,PMC12608856,10.3390/ijms262110596,"Cannabinoid Receptor Type 2 Agonist JWH-133 Stimulates Antiviral Factors and Decreases Proviral, Inflammatory, and Neurotoxic Proteins in HIV-Infected Macrophage Secretome.",2025,selected_for_reading,"Full text centers a primary virus and provides assay-supported host interaction, host factor, or pathway mechanism evidence.",fulltext_review,readable,pmc_xml,/Users/xingmeng/.openclaw/workspaces/staff-scientist-ideker/agenticWorkflow_LiteratureScreeningAndFullTextReview/runs/host_pathogen_shared_mechanisms_apms_20260826/passes/pass_001/artifacts/fulltext_import/PMC_XML/normalized/PMC12608856.json,high
pmid-41219276,41219276,PMC12606108,10.1038/s41598-025-23000-3,In-silico discovery of druggable molecular signatures that drive dengue fever to severe dengue fever highlighting common pathogenesis through single-cell RNA-Seq analysis.,2025,selected_for_reading,Full text links a primary virus to a host factor or host pathway mechanism.,fulltext_review,readable,pmc_xml,/Users/xingmeng/.openclaw/workspaces/staff-scientist-ideker/agenticWorkflow_LiteratureScreeningAndFullTextReview/runs/host_pathogen_shared_mechanisms_apms_20260826/passes/pass_001/artifacts/fulltext_import/PMC_XML/normalized/PMC12606108.json,medium
pmid-41218081,41218081,PMC12617877,10.1371/journal.pbio.3003486,The RNA-binding protein RBM39 scaffolds an m⁶A-dependent RNA decay complex that destabilizes Tat transcripts and restricts HIV-1 reactivation.,2025,selected_for_reading,"Full text centers a primary virus and provides assay-supported host interaction, host factor, or pathway mechanism evidence.",fulltext_review,readable,pmc_xml,/Users/xingmeng/.openclaw/workspaces/staff-scientist-ideker/agenticWorkflow_LiteratureScreeningAndFullTextReview/runs/host_pathogen_shared_mechanisms_apms_20260826/passes/pass_001/artifacts/fulltext_import/PMC_XML/normalized/PMC12617877.json,high
pmid-41210968,41210968,PMC12595130,10.1016/j.isci.2025.113750,Unraveling virus-host interactions: Current advances in viral lipidomics.,2025,selected_for_reading,"Full text contains useful host-pathogen assay or pathway evidence, but the primary-virus mechanism is less central than in direct papers.",fulltext_review,readable,pmc_xml,/Users/xingmeng/.openclaw/workspaces/staff-scientist-ideker/agenticWorkflow_LiteratureScreeningAndFullTextReview/runs/host_pathogen_shared_mechanisms_apms_20260826/passes/pass_001/artifacts/fulltext_import/PMC_XML/normalized/PMC12595130.json,medium
pmid-41174262,41174262,PMC12678799,10.1038/s44319-025-00607-1,GABARAP proteins regulate the packaging of HIV-1 genomic RNA into virions.,2025,selected_for_reading,"Full text centers a primary virus and provides assay-supported host interaction, host factor, or pathway mechanism evidence.",fulltext_review,readable,pmc_xml,/Users/xingmeng/.openclaw/workspaces/staff-scientist-ideker/agenticWorkflow_LiteratureScreeningAndFullTextReview/runs/host_pathogen_shared_mechanisms_apms_20260826/passes/pass_001/artifacts/fulltext_import/PMC_XML/normalized/PMC12678799.json,high
pmid-41170971,41170971,PMC12646006,10.1128/jvi.01535-25,The neddylation of the RNA-dependent RNA polymerase 3D of Coxsackievirus B3 promotes viral replication.,2025,selected_for_reading,"Full text centers a primary virus and provides assay-supported host interaction, host factor, or pathway mechanism evidence.",fulltext_review,readable,pmc_xml,/Users/xingmeng/.openclaw/workspaces/staff-scientist-ideker/agenticWorkflow_LiteratureScreeningAndFullTextReview/runs/host_pathogen_shared_mechanisms_apms_20260826/passes/pass_001/artifacts/fulltext_import/PMC_XML/normalized/PMC12646006.json,high
pmid-41159750,41159750,PMC12645983,10.1128/jvi.01572-25,Perturbed pediatric circulating metabolome in mild and severe dengue disease.,2025,selected_for_reading,"Full text centers a primary virus and provides assay-supported host interaction, host factor, or pathway mechanism evidence.",fulltext_review,readable,pmc_xml,/Users/xingmeng/.openclaw/workspaces/staff-scientist-ideker/agenticWorkflow_LiteratureScreeningAndFullTextReview/runs/host_pathogen_shared_mechanisms_apms_20260826/passes/pass_001/artifacts/fulltext_import/PMC_XML/normalized/PMC12645983.json,high
pmid-41157636,41157636,PMC12567652,10.3390/v17101366,Comparative Transcriptomics Analyses Identify DDX43 as a Cellular Regulator Involved in Suppressing HSV-2 Replication.,2025,selected_for_reading,"Full text contains useful host-pathogen assay or pathway evidence, but the primary-virus mechanism is less central than in direct papers.",fulltext_review,readable,pmc_xml,/Users/xingmeng/.openclaw/workspaces/staff-scientist-ideker/agenticWorkflow_LiteratureScreeningAndFullTextReview/runs/host_pathogen_shared_mechanisms_apms_20260826/passes/pass_001/artifacts/fulltext_import/PMC_XML/normalized/PMC12567652.json,medium
pmid-41066524,41066524,PMC12530543,10.1371/journal.ppat.1013023,Murine leukemia virus glycoGag antagonizes SERINC5 via ER-phagy receptor RETREG1.,2025,selected_for_reading,"Full text contains useful host-pathogen assay or pathway evidence, but the primary-virus mechanism is less central than in direct papers.",fulltext_review,readable,pmc_xml,/Users/xingmeng/.openclaw/workspaces/staff-scientist-ideker/agenticWorkflow_LiteratureScreeningAndFullTextReview/runs/host_pathogen_shared_mechanisms_apms_20260826/passes/pass_001/artifacts/fulltext_import/PMC_XML/normalized/PMC12530543.json,medium
pmid-41056367,41056367,PMC12503274,10.1371/journal.pone.0333509,In-silico identification of host-key-genes associated with dengue-virus-infections highlighting their pathogenetic mechanisms and therapeutic agents.,2025,selected_for_reading,"Full text centers a primary virus and provides assay-supported host interaction, host factor, or pathway mechanism evidence.",fulltext_review,readable,pmc_xml,/Users/xingmeng/.openclaw/workspaces/staff-scientist-ideker/agenticWorkflow_LiteratureScreeningAndFullTextReview/runs/host_pathogen_shared_mechanisms_apms_20260826/passes/pass_001/artifacts/fulltext_import/PMC_XML/normalized/PMC12503274.json,high
pmid-41041301,41041301,PMC12484174,10.3389/fimmu.2025.1635523,Transcriptomic and proteomic profiling reveal immune and metabolic dysregulation in the colonic mucosa of people living with HIV with incomplete immune recovery.,2025,selected_for_reading,"Full text centers a primary virus and provides assay-supported host interaction, host factor, or pathway mechanism evidence.",fulltext_review,readable,pmc_xml,/Users/xingmeng/.openclaw/workspaces/staff-scientist-ideker/agenticWorkflow_LiteratureScreeningAndFullTextReview/runs/host_pathogen_shared_mechanisms_apms_20260826/passes/pass_001/artifacts/fulltext_import/PMC_XML/normalized/PMC12484174.json,high
pmid-41031002,41031002,PMC12478404,10.1101/2025.06.23.661195,IFN-inducible Human Phospholipid Scramblase 1 (PLSCR1) Protein Restricts HIV-1 Infection by Inhibiting Membrane Fusion.,2025,selected_for_reading,Full text links a primary virus to a host factor or host pathway mechanism.,fulltext_review,readable,pmc_xml,/Users/xingmeng/.openclaw/workspaces/staff-scientist-ideker/agenticWorkflow_LiteratureScreeningAndFullTextReview/runs/host_pathogen_shared_mechanisms_apms_20260826/passes/pass_001/artifacts/fulltext_import/PMC_XML/normalized/PMC12478404.json,medium
pmid-41011481,41011481,PMC12472539,10.3390/microorganisms13092150,"Phytochemicals from Euclea natalensis Modulate Th17 Differentiation, HIV Latency, and Comorbid Pathways: A Systems Pharmacology and Thermodynamic Profiling Approach.",2025,selected_for_reading,"Full text centers a primary virus and provides assay-supported host interaction, host factor, or pathway mechanism evidence.",fulltext_review,readable,pmc_xml,/Users/xingmeng/.openclaw/workspaces/staff-scientist-ideker/agenticWorkflow_LiteratureScreeningAndFullTextReview/runs/host_pathogen_shared_mechanisms_apms_20260826/passes/pass_001/artifacts/fulltext_import/PMC_XML/normalized/PMC12472539.json,high
pmid-41004226,41004226,PMC12501134,10.1073/pnas.2516527122,IFN-inducible human phospholipid scramblase 1 (PLSCR1) protein restricts HIV-1 infection by inhibiting membrane fusion.,2025,selected_for_reading,Full text links a primary virus to a host factor or host pathway mechanism.,fulltext_review,readable,pmc_xml,/Users/xingmeng/.openclaw/workspaces/staff-scientist-ideker/agenticWorkflow_LiteratureScreeningAndFullTextReview/runs/host_pathogen_shared_mechanisms_apms_20260826/passes/pass_001/artifacts/fulltext_import/PMC_XML/normalized/PMC12501134.json,medium
pmid-40996037,40996037,PMC12542649,10.1128/msystems.00751-25,Global proteomic analysis of Cryptococcus neoformans clinical strains reveals significant differences between latent and lethal infection.,2025,selected_for_reading,"Full text contains useful host-pathogen assay or pathway evidence, but the primary-virus mechanism is less central than in direct papers.",fulltext_review,readable,pmc_xml,/Users/xingmeng/.openclaw/workspaces/staff-scientist-ideker/agenticWorkflow_LiteratureScreeningAndFullTextReview/runs/host_pathogen_shared_mechanisms_apms_20260826/passes/pass_001/artifacts/fulltext_import/PMC_XML/normalized/PMC12542649.json,medium
pmid-40982696,40982696,PMC12501117,10.1073/pnas.2411961122,Ebola virus VP35 NNLNS motif modulates viral RNA synthesis and MIB2-mediated signaling.,2025,selected_for_reading,"Full text centers a primary virus and provides assay-supported host interaction, host factor, or pathway mechanism evidence.",fulltext_review,readable,pmc_xml,/Users/xingmeng/.openclaw/workspaces/staff-scientist-ideker/agenticWorkflow_LiteratureScreeningAndFullTextReview/runs/host_pathogen_shared_mechanisms_apms_20260826/passes/pass_001/artifacts/fulltext_import/PMC_XML/normalized/PMC12501117.json,high
pmid-40928249,40928249,PMC12548433,10.1128/jvi.01275-25,The leader proteins of Theiler's virus and Boone cardiovirus use a combination of short linear motifs (SLiMs) to target RSK kinases to the nuclear pore complex.,2025,selected_for_reading,"Full text contains useful host-pathogen assay or pathway evidence, but the primary-virus mechanism is less central than in direct papers.",fulltext_review,readable,pmc_xml,/Users/xingmeng/.openclaw/workspaces/staff-scientist-ideker/agenticWorkflow_LiteratureScreeningAndFullTextReview/runs/host_pathogen_shared_mechanisms_apms_20260826/passes/pass_001/artifacts/fulltext_import/PMC_XML/normalized/PMC12548433.json,medium
pmid-40920810,40920810,PMC12431671,10.1371/journal.ppat.1013412,Receptor transporter protein 4 (RTP4)-mediated repression of hepatitis C virus replication in mouse cells.,2025,selected_for_reading,Full text links a primary virus to a host factor or host pathway mechanism.,fulltext_review,readable,pmc_xml,/Users/xingmeng/.openclaw/workspaces/staff-scientist-ideker/agenticWorkflow_LiteratureScreeningAndFullTextReview/runs/host_pathogen_shared_mechanisms_apms_20260826/passes/pass_001/artifacts/fulltext_import/PMC_XML/normalized/PMC12431671.json,medium
pmid-40909706,40909706,PMC12407973,10.1101/2025.08.30.673277,Origin and Correlates of Viral Rebound in SIV-Infected Rhesus Macaques Following ART Discontinuation.,2025,selected_for_reading,"Full text contains useful host-pathogen assay or pathway evidence, but the primary-virus mechanism is less central than in direct papers.",fulltext_review,readable,pmc_xml,/Users/xingmeng/.openclaw/workspaces/staff-scientist-ideker/agenticWorkflow_LiteratureScreeningAndFullTextReview/runs/host_pathogen_shared_mechanisms_apms_20260826/passes/pass_001/artifacts/fulltext_import/PMC_XML/normalized/PMC12407973.json,medium
pmid-40899434,40899434,PMC12435534,10.1002/biot.70112,Enhanced Production of HCV E1E2 Subunit Vaccine Candidates via Protein-Protein Interaction Identification in Glycoengineered CHO Cells.,2025,selected_for_reading,"Full text centers a primary virus and provides assay-supported host interaction, host factor, or pathway mechanism evidence.",fulltext_review,readable,pmc_xml,/Users/xingmeng/.openclaw/workspaces/staff-scientist-ideker/agenticWorkflow_LiteratureScreeningAndFullTextReview/runs/host_pathogen_shared_mechanisms_apms_20260826/passes/pass_001/artifacts/fulltext_import/PMC_XML/normalized/PMC12435534.json,high
pmid-40894568,40894568,PMC12393513,10.1101/2025.08.20.671272,Manganese mediates antiviral effects by driving an ATM -TBK1 phosphorylation signaling pathway.,2025,selected_for_reading,"Full text contains useful host-pathogen assay or pathway evidence, but the primary-virus mechanism is less central than in direct papers.",fulltext_review,readable,pmc_xml,/Users/xingmeng/.openclaw/workspaces/staff-scientist-ideker/agenticWorkflow_LiteratureScreeningAndFullTextReview/runs/host_pathogen_shared_mechanisms_apms_20260826/passes/pass_001/artifacts/fulltext_import/PMC_XML/normalized/PMC12393513.json,medium
pmid-40883835,40883835,PMC12395797,10.1186/s12985-025-02893-6,Aptamer as a therapeutic agent for dengue infections.,2025,selected_for_reading,Full text links a primary virus to a host factor or host pathway mechanism.,fulltext_review,readable,pmc_xml,/Users/xingmeng/.openclaw/workspaces/staff-scientist-ideker/agenticWorkflow_LiteratureScreeningAndFullTextReview/runs/host_pathogen_shared_mechanisms_apms_20260826/passes/pass_001/artifacts/fulltext_import/PMC_XML/normalized/PMC12395797.json,medium
pmid-40878534,40878534,PMC12515838,10.1021/jacs.5c09436,Exploring the Structural Divergence of HIV and SRLV Lentiviral Capsids.,2025,selected_for_reading,Full text links a primary virus to a host factor or host pathway mechanism.,fulltext_review,readable,pmc_xml,/Users/xingmeng/.openclaw/workspaces/staff-scientist-ideker/agenticWorkflow_LiteratureScreeningAndFullTextReview/runs/host_pathogen_shared_mechanisms_apms_20260826/passes/pass_001/artifacts/fulltext_import/PMC_XML/normalized/PMC12515838.json,medium
pmid-40872851,40872851,PMC12390684,10.3390/v17081138,Isolation of New Chemical Modulators of the Interaction Between HIV-1 Integrase and the Cellular Restriction Factor GCN2.,2025,selected_for_reading,Full text links a primary virus to a host factor or host pathway mechanism.,fulltext_review,readable,pmc_xml,/Users/xingmeng/.openclaw/workspaces/staff-scientist-ideker/agenticWorkflow_LiteratureScreeningAndFullTextReview/runs/host_pathogen_shared_mechanisms_apms_20260826/passes/pass_001/artifacts/fulltext_import/PMC_XML/normalized/PMC12390684.json,medium
pmid-40872766,40872766,PMC12390655,10.3390/v17081051,The Biophysical Basis for Karyopherin-Dependent Ebola Virus VP24 Nuclear Transport.,2025,selected_for_reading,"Full text centers a primary virus and provides assay-supported host interaction, host factor, or pathway mechanism evidence.",fulltext_review,readable,pmc_xml,/Users/xingmeng/.openclaw/workspaces/staff-scientist-ideker/agenticWorkflow_LiteratureScreeningAndFullTextReview/runs/host_pathogen_shared_mechanisms_apms_20260826/passes/pass_001/artifacts/fulltext_import/PMC_XML/normalized/PMC12390655.json,high
pmid-40839751,40839751,PMC12372519,10.1080/13510002.2025.2546496,"Involvement of endolysosome iron in HIV-1 gp120-, morphine-, and iron supplementation-induced disruption of the reactive species interactome and induction of neurotoxicity.",2025,selected_for_reading,"Full text centers a primary virus and provides assay-supported host interaction, host factor, or pathway mechanism evidence.",fulltext_review,readable,pmc_xml,/Users/xingmeng/.openclaw/workspaces/staff-scientist-ideker/agenticWorkflow_LiteratureScreeningAndFullTextReview/runs/host_pathogen_shared_mechanisms_apms_20260826/passes/pass_001/artifacts/fulltext_import/PMC_XML/normalized/PMC12372519.json,high
pmid-40838750,40838750,PMC12455993,10.1128/jvi.00962-25,Coatomer protein complex I is required for efficient secretion of dengue virus non-structural protein 1.,2025,selected_for_reading,"Full text centers a primary virus and provides assay-supported host interaction, host factor, or pathway mechanism evidence.",fulltext_review,readable,pmc_xml,/Users/xingmeng/.openclaw/workspaces/staff-scientist-ideker/agenticWorkflow_LiteratureScreeningAndFullTextReview/runs/host_pathogen_shared_mechanisms_apms_20260826/passes/pass_001/artifacts/fulltext_import/PMC_XML/normalized/PMC12455993.json,high
pmid-40835971,40835971,PMC12532687,10.1038/s41591-025-03887-1,Genetic and molecular landscape of comorbidities in people living with HIV.,2025,selected_for_reading,"Full text centers a primary virus and provides assay-supported host interaction, host factor, or pathway mechanism evidence.",fulltext_review,readable,pmc_xml,/Users/xingmeng/.openclaw/workspaces/staff-scientist-ideker/agenticWorkflow_LiteratureScreeningAndFullTextReview/runs/host_pathogen_shared_mechanisms_apms_20260826/passes/pass_001/artifacts/fulltext_import/PMC_XML/normalized/PMC12532687.json,high
pmid-40819122,40819122,PMC12357934,10.1038/s41467-025-62919-z,The pathogenicity and multi-organ proteomic profiles of Mpox virus infection in SIVmac239-infected rhesus macaques.,2025,selected_for_reading,"Full text contains useful host-pathogen assay or pathway evidence, but the primary-virus mechanism is less central than in direct papers.",fulltext_review,readable,pmc_xml,/Users/xingmeng/.openclaw/workspaces/staff-scientist-ideker/agenticWorkflow_LiteratureScreeningAndFullTextReview/runs/host_pathogen_shared_mechanisms_apms_20260826/passes/pass_001/artifacts/fulltext_import/PMC_XML/normalized/PMC12357934.json,medium
pmid-40809086,40809086,PMC12344494,10.1093/pnasnexus/pgaf225,RNA-interactome capture identifies SRSF3 as a key protein for herpesviral gene expression.,2025,selected_for_reading,"Full text contains useful host-pathogen assay or pathway evidence, but the primary-virus mechanism is less central than in direct papers.",fulltext_review,readable,pmc_xml,/Users/xingmeng/.openclaw/workspaces/staff-scientist-ideker/agenticWorkflow_LiteratureScreeningAndFullTextReview/runs/host_pathogen_shared_mechanisms_apms_20260826/passes/pass_001/artifacts/fulltext_import/PMC_XML/normalized/PMC12344494.json,medium
pmid-40806485,40806485,PMC12347663,10.3390/ijms26157355,"Gas Chromatography-Mass Spectrometry Analysis of Artemisia judaica Methanolic Extract: Chemical Composition, Radical Scavenging Potential, Bioherbicidal Activity, and Dengue Vector Control.",2025,selected_for_reading,"Full text centers a primary virus and provides assay-supported host interaction, host factor, or pathway mechanism evidence.",fulltext_review,readable,pmc_xml,/Users/xingmeng/.openclaw/workspaces/staff-scientist-ideker/agenticWorkflow_LiteratureScreeningAndFullTextReview/runs/host_pathogen_shared_mechanisms_apms_20260826/passes/pass_001/artifacts/fulltext_import/PMC_XML/normalized/PMC12347663.json,high
pmid-40791351,40791351,PMC12338725,10.1101/2025.07.15.664960,Dissecting the host determinants of flavivirus infection using QIC-seq.,2025,selected_for_reading,"Full text contains useful host-pathogen assay or pathway evidence, but the primary-virus mechanism is less central than in direct papers.",fulltext_review,readable,pmc_xml,/Users/xingmeng/.openclaw/workspaces/staff-scientist-ideker/agenticWorkflow_LiteratureScreeningAndFullTextReview/runs/host_pathogen_shared_mechanisms_apms_20260826/passes/pass_001/artifacts/fulltext_import/PMC_XML/normalized/PMC12338725.json,medium
pmid-40791341,40791341,PMC12338668,10.1101/2025.07.15.664966,Human RPL7 and DDX21 interact with HTLV-1 Gag and enhance tRNA(Pro) primer annealing to genomic RNA.,2025,selected_for_reading,"Full text contains useful host-pathogen assay or pathway evidence, but the primary-virus mechanism is less central than in direct papers.",fulltext_review,readable,pmc_xml,/Users/xingmeng/.openclaw/workspaces/staff-scientist-ideker/agenticWorkflow_LiteratureScreeningAndFullTextReview/runs/host_pathogen_shared_mechanisms_apms_20260826/passes/pass_001/artifacts/fulltext_import/PMC_XML/normalized/PMC12338668.json,medium
pmid-40777377,40777377,PMC12330714,10.1101/2025.07.27.667045,Ebola virus VP35 NNLNS motif modulates viral RNA synthesis and MIB2-mediated signaling.,2025,selected_for_reading,"Full text centers a primary virus and provides assay-supported host interaction, host factor, or pathway mechanism evidence.",fulltext_review,readable,pmc_xml,/Users/xingmeng/.openclaw/workspaces/staff-scientist-ideker/agenticWorkflow_LiteratureScreeningAndFullTextReview/runs/host_pathogen_shared_mechanisms_apms_20260826/passes/pass_001/artifacts/fulltext_import/PMC_XML/normalized/PMC12330714.json,high
pmid-40759332,40759332,PMC12826959,10.1016/j.virs.2025.07.012,Adaptor protein complex 1 gamma 1 subunit is an important host factor involved in both Zika virus and dengue virus infections.,2025,selected_for_reading,Full text links a primary virus to a host factor or host pathway mechanism.,fulltext_review,readable,pmc_xml,/Users/xingmeng/.openclaw/workspaces/staff-scientist-ideker/agenticWorkflow_LiteratureScreeningAndFullTextReview/runs/host_pathogen_shared_mechanisms_apms_20260826/passes/pass_001/artifacts/fulltext_import/PMC_XML/normalized/PMC12826959.json,medium
pmid-40752869,40752869,PMC13140081,10.1016/j.jmb.2025.169366,25 Years of Ebola Virus VP35 Research.,2025,selected_for_reading,"Full text centers a primary virus and provides assay-supported host interaction, host factor, or pathway mechanism evidence.",fulltext_review,readable,pmc_xml,/Users/xingmeng/.openclaw/workspaces/staff-scientist-ideker/agenticWorkflow_LiteratureScreeningAndFullTextReview/runs/host_pathogen_shared_mechanisms_apms_20260826/passes/pass_001/artifacts/fulltext_import/PMC_XML/normalized/PMC13140081.json,high
pmid-40747604,40747604,PMC12345063,10.1017/S0950268825100320,Aedes aegypti and dengue: insights into transmission dynamics and viral lifecycle.,2025,selected_for_reading,"Full text centers a primary virus and provides assay-supported host interaction, host factor, or pathway mechanism evidence.",fulltext_review,readable,pmc_xml,/Users/xingmeng/.openclaw/workspaces/staff-scientist-ideker/agenticWorkflow_LiteratureScreeningAndFullTextReview/runs/host_pathogen_shared_mechanisms_apms_20260826/passes/pass_001/artifacts/fulltext_import/PMC_XML/normalized/PMC12345063.json,high
pmid-40742131,40742131,PMC12363165,10.1128/msystems.00403-25,HIV-1 Vpu interacts with RBM10 to promote HIV-1 infection.,2025,selected_for_reading,"Full text centers a primary virus and provides assay-supported host interaction, host factor, or pathway mechanism evidence.",fulltext_review,readable,pmc_xml,/Users/xingmeng/.openclaw/workspaces/staff-scientist-ideker/agenticWorkflow_LiteratureScreeningAndFullTextReview/runs/host_pathogen_shared_mechanisms_apms_20260826/passes/pass_001/artifacts/fulltext_import/PMC_XML/normalized/PMC12363165.json,high
pmid-40736249,40736249,PMC12363229,10.1128/jvi.00649-25,Membrane protein CRISPR screen identifies RPSA as an essential host factor for porcine epidemic diarrhea virus replication.,2025,selected_for_reading,"Full text contains useful host-pathogen assay or pathway evidence, but the primary-virus mechanism is less central than in direct papers.",fulltext_review,readable,pmc_xml,/Users/xingmeng/.openclaw/workspaces/staff-scientist-ideker/agenticWorkflow_LiteratureScreeningAndFullTextReview/runs/host_pathogen_shared_mechanisms_apms_20260826/passes/pass_001/artifacts/fulltext_import/PMC_XML/normalized/PMC12363229.json,medium
pmid-40725137,40725137,PMC12295468,10.3390/ijms26146888,Combination Therapy with Human Chorionic Villi MSCs and Secretory Factors Enhances Cutaneous Wound Healing in a Rat Model.,2025,selected_for_reading,"Full text contains useful host-pathogen assay or pathway evidence, but the primary-virus mechanism is less central than in direct papers.",fulltext_review,readable,pmc_xml,/Users/xingmeng/.openclaw/workspaces/staff-scientist-ideker/agenticWorkflow_LiteratureScreeningAndFullTextReview/runs/host_pathogen_shared_mechanisms_apms_20260826/passes/pass_001/artifacts/fulltext_import/PMC_XML/normalized/PMC12295468.json,medium
pmid-40713474,40713474,PMC12291495,10.1186/s12866-025-04192-0,An untargeted metabolomics analysis in feces and brain of Orthoflaviviruses-infected mice.,2025,selected_for_reading,"Full text contains useful host-pathogen assay or pathway evidence, but the primary-virus mechanism is less central than in direct papers.",fulltext_review,readable,pmc_xml,/Users/xingmeng/.openclaw/workspaces/staff-scientist-ideker/agenticWorkflow_LiteratureScreeningAndFullTextReview/runs/host_pathogen_shared_mechanisms_apms_20260826/passes/pass_001/artifacts/fulltext_import/PMC_XML/normalized/PMC12291495.json,medium
pmid-40707832,40707832,PMC12671480,10.1038/s41564-025-02034-3,Single-cell image-based screens identify host regulators of Ebola virus infection dynamics.,2025,selected_for_reading,"Full text centers a primary virus and provides assay-supported host interaction, host factor, or pathway mechanism evidence.",fulltext_review,readable,pmc_xml,/Users/xingmeng/.openclaw/workspaces/staff-scientist-ideker/agenticWorkflow_LiteratureScreeningAndFullTextReview/runs/host_pathogen_shared_mechanisms_apms_20260826/passes/pass_001/artifacts/fulltext_import/PMC_XML/normalized/PMC12671480.json,high
pmid-40683862,40683862,PMC12276249,10.1038/s41467-025-61515-5,Plasma proteomics for biomarker discovery in childhood tuberculosis.,2025,selected_for_reading,"Full text contains useful host-pathogen assay or pathway evidence, but the primary-virus mechanism is less central than in direct papers.",fulltext_review,readable,pmc_xml,/Users/xingmeng/.openclaw/workspaces/staff-scientist-ideker/agenticWorkflow_LiteratureScreeningAndFullTextReview/runs/host_pathogen_shared_mechanisms_apms_20260826/passes/pass_001/artifacts/fulltext_import/PMC_XML/normalized/PMC12276249.json,medium
pmid-40678800,40678800,PMC12269975,10.1016/j.bbrep.2025.102123,Comprehensive transcriptomic analysis of hepatocellular Carcinoma: Uncovering shared and unique molecular signatures across diverse etiologies.,2025,selected_for_reading,"Full text contains useful host-pathogen assay or pathway evidence, but the primary-virus mechanism is less central than in direct papers.",fulltext_review,readable,pmc_xml,/Users/xingmeng/.openclaw/workspaces/staff-scientist-ideker/agenticWorkflow_LiteratureScreeningAndFullTextReview/runs/host_pathogen_shared_mechanisms_apms_20260826/passes/pass_001/artifacts/fulltext_import/PMC_XML/normalized/PMC12269975.json,medium
pmid-40678214,40678214,PMC12270201,10.21203/rs.3.rs-6923186/v1,ADAM17 is an HIV-1 Restriction Factor Antagonized by Nef.,2025,selected_for_reading,"Full text centers a primary virus and provides assay-supported host interaction, host factor, or pathway mechanism evidence.",fulltext_review,readable,pmc_xml,/Users/xingmeng/.openclaw/workspaces/staff-scientist-ideker/agenticWorkflow_LiteratureScreeningAndFullTextReview/runs/host_pathogen_shared_mechanisms_apms_20260826/passes/pass_001/artifacts/fulltext_import/PMC_XML/normalized/PMC12270201.json,high
pmid-40568587,40568587,PMC12187658,10.3389/fimmu.2025.1601672,Plasma proteomic profiling of hospitalized patients co-infected with HIV and SARS-CoV-2.,2025,selected_for_reading,"Full text centers a primary virus and provides assay-supported host interaction, host factor, or pathway mechanism evidence.",fulltext_review,readable,pmc_xml,/Users/xingmeng/.openclaw/workspaces/staff-scientist-ideker/agenticWorkflow_LiteratureScreeningAndFullTextReview/runs/host_pathogen_shared_mechanisms_apms_20260826/passes/pass_001/artifacts/fulltext_import/PMC_XML/normalized/PMC12187658.json,high
pmid-40522994,40522994,PMC12201638,10.1371/journal.ppat.1013241,PHD3-VHL axis controls HIV-2 infection through oxygen-dependent hydroxylation and degradation of Vpx.,2025,selected_for_reading,"Full text centers a primary virus and provides assay-supported host interaction, host factor, or pathway mechanism evidence.",fulltext_review,readable,pmc_xml,/Users/xingmeng/.openclaw/workspaces/staff-scientist-ideker/agenticWorkflow_LiteratureScreeningAndFullTextReview/runs/host_pathogen_shared_mechanisms_apms_20260826/passes/pass_001/artifacts/fulltext_import/PMC_XML/normalized/PMC12201638.json,high
pmid-40475571,40475571,PMC12139818,10.1101/2025.05.20.655202,Enhanced Production of HCV E1E2 Subunit Vaccine Candidates via Protein-Protein Interaction Identification in Glycoengineered CHO cells.,2025,selected_for_reading,"Full text centers a primary virus and provides assay-supported host interaction, host factor, or pathway mechanism evidence.",fulltext_review,readable,pmc_xml,/Users/xingmeng/.openclaw/workspaces/staff-scientist-ideker/agenticWorkflow_LiteratureScreeningAndFullTextReview/runs/host_pathogen_shared_mechanisms_apms_20260826/passes/pass_001/artifacts/fulltext_import/PMC_XML/normalized/PMC12139818.json,high
pmid-40463129,40463129,PMC12132433,10.1101/2025.05.14.654117,The decameric repeat (DR) of PSGL-1 functions as a basic antiviral unit in restricting HIV-1 infectivity.,2025,selected_for_reading,Full text links a primary virus to a host factor or host pathway mechanism.,fulltext_review,readable,pmc_xml,/Users/xingmeng/.openclaw/workspaces/staff-scientist-ideker/agenticWorkflow_LiteratureScreeningAndFullTextReview/runs/host_pathogen_shared_mechanisms_apms_20260826/passes/pass_001/artifacts/fulltext_import/PMC_XML/normalized/PMC12132433.json,medium
pmid-40432843,40432843,PMC12107227,10.3892/etm.2025.12883,Label-free quantitative proteomics of gastric high-grade intraepithelial neoplasia.,2025,selected_for_reading,"Full text contains useful host-pathogen assay or pathway evidence, but the primary-virus mechanism is less central than in direct papers.",fulltext_review,readable,pmc_xml,/Users/xingmeng/.openclaw/workspaces/staff-scientist-ideker/agenticWorkflow_LiteratureScreeningAndFullTextReview/runs/host_pathogen_shared_mechanisms_apms_20260826/passes/pass_001/artifacts/fulltext_import/PMC_XML/normalized/PMC12107227.json,medium
pmid-40431704,40431704,PMC12115661,10.3390/v17050693,TAR RNA Mimicry of INI1 and Its Influence on Non-Integration Function of HIV-1 Integrase.,2025,selected_for_reading,Full text links a primary virus to a host factor or host pathway mechanism.,fulltext_review,readable,pmc_xml,/Users/xingmeng/.openclaw/workspaces/staff-scientist-ideker/agenticWorkflow_LiteratureScreeningAndFullTextReview/runs/host_pathogen_shared_mechanisms_apms_20260826/passes/pass_001/artifacts/fulltext_import/PMC_XML/normalized/PMC12115661.json,medium
pmid-40414289,40414289,PMC12226137,10.1016/j.mcpro.2025.100997,LncRNA MALAT1 Facilitates HIV-1 Replication by Upregulation of CHCHD2 and Downregulation of IFN-I Expression.,2025,selected_for_reading,"Full text centers a primary virus and provides assay-supported host interaction, host factor, or pathway mechanism evidence.",fulltext_review,readable,pmc_xml,/Users/xingmeng/.openclaw/workspaces/staff-scientist-ideker/agenticWorkflow_LiteratureScreeningAndFullTextReview/runs/host_pathogen_shared_mechanisms_apms_20260826/passes/pass_001/artifacts/fulltext_import/PMC_XML/normalized/PMC12226137.json,high
pmid-40348023,40348023,PMC12245208,10.1016/j.antiviral.2025.106172,Exploiting host kinases to combat dengue virus infection and disease.,2025,selected_for_reading,Full text links a primary virus to a host factor or host pathway mechanism.,fulltext_review,readable,pmc_xml,/Users/xingmeng/.openclaw/workspaces/staff-scientist-ideker/agenticWorkflow_LiteratureScreeningAndFullTextReview/runs/host_pathogen_shared_mechanisms_apms_20260826/passes/pass_001/artifacts/fulltext_import/PMC_XML/normalized/PMC12245208.json,medium
pmid-40344061,40344061,PMC12063652,10.1126/sciadv.adu8014,Suppression of HIV-1 transcription and latency reversal via ectopic expression of the viral antisense transcript AST.,2025,selected_for_reading,"Full text centers a primary virus and provides assay-supported host interaction, host factor, or pathway mechanism evidence.",fulltext_review,readable,pmc_xml,/Users/xingmeng/.openclaw/workspaces/staff-scientist-ideker/agenticWorkflow_LiteratureScreeningAndFullTextReview/runs/host_pathogen_shared_mechanisms_apms_20260826/passes/pass_001/artifacts/fulltext_import/PMC_XML/normalized/PMC12063652.json,high
pmid-40343334,40343334,PMC12060986,10.21203/rs.3.rs-5960764/v1,"Multi-cohort cross-omics analysis reveals disease mechanisms and therapeutic targets in HTLV-1-associated myelopathy, a neglected retroviral neuroinflammatory disorder.",2025,selected_for_reading,"Full text contains useful host-pathogen assay or pathway evidence, but the primary-virus mechanism is less central than in direct papers.",fulltext_review,readable,pmc_xml,/Users/xingmeng/.openclaw/workspaces/staff-scientist-ideker/agenticWorkflow_LiteratureScreeningAndFullTextReview/runs/host_pathogen_shared_mechanisms_apms_20260826/passes/pass_001/artifacts/fulltext_import/PMC_XML/normalized/PMC12060986.json,medium
pmid-40331967,40331967,PMC12026760,10.3390/ijms26083460,Transcriptomic Analysis Reveals Key Pathways Influenced by HIV-2 Vpx.,2025,selected_for_reading,Full text links a primary virus to a host factor or host pathway mechanism.,fulltext_review,readable,pmc_xml,/Users/xingmeng/.openclaw/workspaces/staff-scientist-ideker/agenticWorkflow_LiteratureScreeningAndFullTextReview/runs/host_pathogen_shared_mechanisms_apms_20260826/passes/pass_001/artifacts/fulltext_import/PMC_XML/normalized/PMC12026760.json,medium
pmid-40301432,40301432,PMC12041595,10.1038/s41598-025-96256-4,Ophthalmological manifestations and plasma markers of inflammation in Ebola survivors in post-treatment era.,2025,selected_for_reading,"Full text contains useful host-pathogen assay or pathway evidence, but the primary-virus mechanism is less central than in direct papers.",fulltext_review,readable,pmc_xml,/Users/xingmeng/.openclaw/workspaces/staff-scientist-ideker/agenticWorkflow_LiteratureScreeningAndFullTextReview/runs/host_pathogen_shared_mechanisms_apms_20260826/passes/pass_001/artifacts/fulltext_import/PMC_XML/normalized/PMC12041595.json,medium
pmid-40295851,40295851,PMC12003724,10.1038/s44298-025-00112-1,Structural dynamics of the dengue virus non-structural 5 (NS5) interactions with promoter stem-loop A (SLA).,2025,selected_for_reading,"Full text centers a primary virus and provides assay-supported host interaction, host factor, or pathway mechanism evidence.",fulltext_review,readable,pmc_xml,/Users/xingmeng/.openclaw/workspaces/staff-scientist-ideker/agenticWorkflow_LiteratureScreeningAndFullTextReview/runs/host_pathogen_shared_mechanisms_apms_20260826/passes/pass_001/artifacts/fulltext_import/PMC_XML/normalized/PMC12003724.json,high
pmid-40288648,40288648,PMC12152876,10.1016/j.jbc.2025.108541,Ebola virus nucleoprotein interaction with host protein phosphatase-1 regulates its dimerization and capsid formation.,2025,selected_for_reading,"Full text centers a primary virus and provides assay-supported host interaction, host factor, or pathway mechanism evidence.",fulltext_review,readable,pmc_xml,/Users/xingmeng/.openclaw/workspaces/staff-scientist-ideker/agenticWorkflow_LiteratureScreeningAndFullTextReview/runs/host_pathogen_shared_mechanisms_apms_20260826/passes/pass_001/artifacts/fulltext_import/PMC_XML/normalized/PMC12152876.json,high
pmid-40288237,40288237,PMC12056955,10.1016/j.ebiom.2025.105728,Quantifying temporal differences in the induction of interferon-mediated signalling observed in a dengue virus 1 human infection model: insights from longitudinal proteome analysis.,2025,selected_for_reading,"Full text centers a primary virus and provides assay-supported host interaction, host factor, or pathway mechanism evidence.",fulltext_review,readable,pmc_xml,/Users/xingmeng/.openclaw/workspaces/staff-scientist-ideker/agenticWorkflow_LiteratureScreeningAndFullTextReview/runs/host_pathogen_shared_mechanisms_apms_20260826/passes/pass_001/artifacts/fulltext_import/PMC_XML/normalized/PMC12056955.json,high
pmid-40272155,40272155,PMC12090801,10.1128/jvi.00280-25,HIV-1 Nef activates proviral DNA transcription by recruiting Src kinase to phosphorylate host protein Nef-associated factor 1 to compromise its viral restrictive function.,2025,selected_for_reading,Full text links a primary virus to a host factor or host pathway mechanism.,fulltext_review,readable,pmc_xml,/Users/xingmeng/.openclaw/workspaces/staff-scientist-ideker/agenticWorkflow_LiteratureScreeningAndFullTextReview/runs/host_pathogen_shared_mechanisms_apms_20260826/passes/pass_001/artifacts/fulltext_import/PMC_XML/normalized/PMC12090801.json,medium
pmid-40248217,40248217,PMC12005928,10.1016/j.omtn.2025.102525,FUBP3 enhances HIV-1 transcriptional activity and regulates immune response pathways in T cells.,2025,selected_for_reading,"Full text centers a primary virus and provides assay-supported host interaction, host factor, or pathway mechanism evidence.",fulltext_review,readable,pmc_xml,/Users/xingmeng/.openclaw/workspaces/staff-scientist-ideker/agenticWorkflow_LiteratureScreeningAndFullTextReview/runs/host_pathogen_shared_mechanisms_apms_20260826/passes/pass_001/artifacts/fulltext_import/PMC_XML/normalized/PMC12005928.json,high
pmid-40198850,40198850,PMC13016362,10.1146/annurev-virology-092623-091351,"APOBEC3G Antagonism by Vif, or When Structure Meets Biological and Evolutionary Studies.",2025,selected_for_reading,"Full text contains useful host-pathogen assay or pathway evidence, but the primary-virus mechanism is less central than in direct papers.",fulltext_review,readable,pmc_xml,/Users/xingmeng/.openclaw/workspaces/staff-scientist-ideker/agenticWorkflow_LiteratureScreeningAndFullTextReview/runs/host_pathogen_shared_mechanisms_apms_20260826/passes/pass_001/artifacts/fulltext_import/PMC_XML/normalized/PMC13016362.json,medium
pmid-40186866,40186866,PMC12087377,10.1016/j.celrep.2025.115521,Molecular basis for the increased fusion activity of the Ebola virus glycoprotein epidemic variant A82V: Insights from simulations and experiments.,2025,selected_for_reading,Full text links a primary virus to a host factor or host pathway mechanism.,fulltext_review,readable,pmc_xml,/Users/xingmeng/.openclaw/workspaces/staff-scientist-ideker/agenticWorkflow_LiteratureScreeningAndFullTextReview/runs/host_pathogen_shared_mechanisms_apms_20260826/passes/pass_001/artifacts/fulltext_import/PMC_XML/normalized/PMC12087377.json,medium
pmid-40168125,40168125,PMC12002175,10.1073/pnas.2420497122,Lenacapavir disrupts HIV-1 core integrity while stabilizing the capsid lattice.,2025,selected_for_reading,Full text links a primary virus to a host factor or host pathway mechanism.,fulltext_review,readable,pmc_xml,/Users/xingmeng/.openclaw/workspaces/staff-scientist-ideker/agenticWorkflow_LiteratureScreeningAndFullTextReview/runs/host_pathogen_shared_mechanisms_apms_20260826/passes/pass_001/artifacts/fulltext_import/PMC_XML/normalized/PMC12002175.json,medium
pmid-40093084,40093084,PMC11908239,10.1101/2025.03.06.641798,Murine Leukemia Virus GlycoGag Antagonizes SERINC5 via ER-phagy Receptor RETREG1.,2025,selected_for_reading,"Full text contains useful host-pathogen assay or pathway evidence, but the primary-virus mechanism is less central than in direct papers.",fulltext_review,readable,pmc_xml,/Users/xingmeng/.openclaw/workspaces/staff-scientist-ideker/agenticWorkflow_LiteratureScreeningAndFullTextReview/runs/host_pathogen_shared_mechanisms_apms_20260826/passes/pass_001/artifacts/fulltext_import/PMC_XML/normalized/PMC11908239.json,medium
pmid-40067013,40067013,PMC11998493,10.1128/jvi.01777-24,BET degraders reveal BRD4 disruption of 7SK and P-TEFb is critical for effective reactivation of latent HIV in CD4+ T-cells.,2025,selected_for_reading,Full text links a primary virus to a host factor or host pathway mechanism.,fulltext_review,readable,pmc_xml,/Users/xingmeng/.openclaw/workspaces/staff-scientist-ideker/agenticWorkflow_LiteratureScreeningAndFullTextReview/runs/host_pathogen_shared_mechanisms_apms_20260826/passes/pass_001/artifacts/fulltext_import/PMC_XML/normalized/PMC11998493.json,medium
pmid-40063648,40063648,PMC11913271,10.1371/journal.ppat.1012972,Unidirectional recruitment between MeCP2 and KSHV-encoded LANA revealed by CRISPR/Cas9 recruitment assay.,2025,selected_for_reading,Full text links a primary virus to a host factor or host pathway mechanism.,fulltext_review,readable,pmc_xml,/Users/xingmeng/.openclaw/workspaces/staff-scientist-ideker/agenticWorkflow_LiteratureScreeningAndFullTextReview/runs/host_pathogen_shared_mechanisms_apms_20260826/passes/pass_001/artifacts/fulltext_import/PMC_XML/normalized/PMC11913271.json,medium
pmid-40047437,40047437,PMC11998485,10.1128/jvi.02140-24,HSV-1 UL56 protein recruits cellular NEDD4-family ubiquitin ligases to suppress CD1d expression and NKT cell function.,2025,selected_for_reading,"Full text contains useful host-pathogen assay or pathway evidence, but the primary-virus mechanism is less central than in direct papers.",fulltext_review,readable,pmc_xml,/Users/xingmeng/.openclaw/workspaces/staff-scientist-ideker/agenticWorkflow_LiteratureScreeningAndFullTextReview/runs/host_pathogen_shared_mechanisms_apms_20260826/passes/pass_001/artifacts/fulltext_import/PMC_XML/normalized/PMC11998485.json,medium
pmid-40029073,40029073,PMC11998494,10.1128/jvi.02066-24,"Impairment of endocytosis-related factors FNBP1L, ARHGAP24, and ATP6V1B1 increases HIV-1 entry into dendritic cells.",2025,selected_for_reading,Full text links a primary virus to a host factor or host pathway mechanism.,fulltext_review,readable,pmc_xml,/Users/xingmeng/.openclaw/workspaces/staff-scientist-ideker/agenticWorkflow_LiteratureScreeningAndFullTextReview/runs/host_pathogen_shared_mechanisms_apms_20260826/passes/pass_001/artifacts/fulltext_import/PMC_XML/normalized/PMC11998494.json,medium
pmid-40007014,40007014,PMC11860778,10.3390/v17020260,The Deubiquitinase OTUD1 Influences HIV-1 Release by Regulating the Host Restriction Factor BST-2.,2025,selected_for_reading,Full text links a primary virus to a host factor or host pathway mechanism.,fulltext_review,readable,pmc_xml,/Users/xingmeng/.openclaw/workspaces/staff-scientist-ideker/agenticWorkflow_LiteratureScreeningAndFullTextReview/runs/host_pathogen_shared_mechanisms_apms_20260826/passes/pass_001/artifacts/fulltext_import/PMC_XML/normalized/PMC11860778.json,medium
pmid-40005559,40005559,PMC11858440,10.3390/pathogens14020184,Functional Roles and Host Interactions of Orthoflavivirus Non-Structural Proteins During Replication.,2025,selected_for_reading,"Full text contains useful host-pathogen assay or pathway evidence, but the primary-virus mechanism is less central than in direct papers.",fulltext_review,readable,pmc_xml,/Users/xingmeng/.openclaw/workspaces/staff-scientist-ideker/agenticWorkflow_LiteratureScreeningAndFullTextReview/runs/host_pathogen_shared_mechanisms_apms_20260826/passes/pass_001/artifacts/fulltext_import/PMC_XML/normalized/PMC11858440.json,medium
pmid-39969998,39969998,PMC11874179,10.1073/pnas.2421573122,Druggable genome screens identify SPP as an antiviral host target for multiple flaviviruses.,2025,selected_for_reading,"Full text contains useful host-pathogen assay or pathway evidence, but the primary-virus mechanism is less central than in direct papers.",fulltext_review,readable,pmc_xml,/Users/xingmeng/.openclaw/workspaces/staff-scientist-ideker/agenticWorkflow_LiteratureScreeningAndFullTextReview/runs/host_pathogen_shared_mechanisms_apms_20260826/passes/pass_001/artifacts/fulltext_import/PMC_XML/normalized/PMC11874179.json,medium
pmid-39937027,39937027,PMC11817477,10.3390/cells14030235,Comprehensive SUMO Proteomic Analyses Identify HIV Latency-Associated Proteins in Microglia.,2025,selected_for_reading,"Full text centers a primary virus and provides assay-supported host interaction, host factor, or pathway mechanism evidence.",fulltext_review,readable,pmc_xml,/Users/xingmeng/.openclaw/workspaces/staff-scientist-ideker/agenticWorkflow_LiteratureScreeningAndFullTextReview/runs/host_pathogen_shared_mechanisms_apms_20260826/passes/pass_001/artifacts/fulltext_import/PMC_XML/normalized/PMC11817477.json,high
pmid-39936917,39936917,PMC11916737,10.1128/jvi.01912-24,FBXO45 restricts HIV-1 replication by inducing SQSTM1/p62-mediated autophagic degradation of Tat.,2025,selected_for_reading,"Full text centers a primary virus and provides assay-supported host interaction, host factor, or pathway mechanism evidence.",fulltext_review,readable,pmc_xml,/Users/xingmeng/.openclaw/workspaces/staff-scientist-ideker/agenticWorkflow_LiteratureScreeningAndFullTextReview/runs/host_pathogen_shared_mechanisms_apms_20260826/passes/pass_001/artifacts/fulltext_import/PMC_XML/normalized/PMC11916737.json,high
pmid-39929804,39929804,PMC11811207,10.1038/s41467-025-56317-8,Macrocycle-based PROTACs selectively degrade cyclophilin A and inhibit HIV-1 and HCV.,2025,selected_for_reading,"Full text centers a primary virus and provides assay-supported host interaction, host factor, or pathway mechanism evidence.",fulltext_review,readable,pmc_xml,/Users/xingmeng/.openclaw/workspaces/staff-scientist-ideker/agenticWorkflow_LiteratureScreeningAndFullTextReview/runs/host_pathogen_shared_mechanisms_apms_20260826/passes/pass_001/artifacts/fulltext_import/PMC_XML/normalized/PMC11811207.json,high
pmid-39927772,39927772,PMC11915870,10.1128/jvi.01549-24,"IFI16 recruits HDAC1 and HDAC2 to deacetylate the Kaposi's sarcoma-associated herpesvirus (KSHV) latency-associated nuclear antigen (LANA), facilitating latency.",2025,selected_for_reading,"Full text centers a primary virus and provides assay-supported host interaction, host factor, or pathway mechanism evidence.",fulltext_review,readable,pmc_xml,/Users/xingmeng/.openclaw/workspaces/staff-scientist-ideker/agenticWorkflow_LiteratureScreeningAndFullTextReview/runs/host_pathogen_shared_mechanisms_apms_20260826/passes/pass_001/artifacts/fulltext_import/PMC_XML/normalized/PMC11915870.json,high
pmid-39912635,39912635,PMC11915796,10.1128/jvi.01634-24,Longitudinal analysis of rhesus macaque metabolome during acute SIV infection reveals disruption in broad metabolite classes.,2025,selected_for_reading,"Full text contains useful host-pathogen assay or pathway evidence, but the primary-virus mechanism is less central than in direct papers.",fulltext_review,readable,pmc_xml,/Users/xingmeng/.openclaw/workspaces/staff-scientist-ideker/agenticWorkflow_LiteratureScreeningAndFullTextReview/runs/host_pathogen_shared_mechanisms_apms_20260826/passes/pass_001/artifacts/fulltext_import/PMC_XML/normalized/PMC11915796.json,medium
pmid-39912544,39912544,PMC11800238,10.1002/iid3.70151,Integrated Metabolomics and Proteomics Analysis of the Myocardium in a Mouse Model of Acute Viral Myocarditis.,2025,selected_for_reading,"Full text contains useful host-pathogen assay or pathway evidence, but the primary-virus mechanism is less central than in direct papers.",fulltext_review,readable,pmc_xml,/Users/xingmeng/.openclaw/workspaces/staff-scientist-ideker/agenticWorkflow_LiteratureScreeningAndFullTextReview/runs/host_pathogen_shared_mechanisms_apms_20260826/passes/pass_001/artifacts/fulltext_import/PMC_XML/normalized/PMC11800238.json,medium
pmid-39891216,39891216,PMC11786453,10.1186/s12967-025-06168-0,Multi-omics dissection of metabolic dysregulation associated with immune recovery in people living with HIV-1.,2025,selected_for_reading,Full text links a primary virus to a host factor or host pathway mechanism.,fulltext_review,readable,pmc_xml,/Users/xingmeng/.openclaw/workspaces/staff-scientist-ideker/agenticWorkflow_LiteratureScreeningAndFullTextReview/runs/host_pathogen_shared_mechanisms_apms_20260826/passes/pass_001/artifacts/fulltext_import/PMC_XML/normalized/PMC11786453.json,medium
pmid-39864060,39864060,PMC11912512,10.1016/j.celrep.2025.115245,Structural insights into HIV-2 CA lattice formation and FG-pocket binding revealed by single-particle cryo-EM.,2025,selected_for_reading,Full text links a primary virus to a host factor or host pathway mechanism.,fulltext_review,readable,pmc_xml,/Users/xingmeng/.openclaw/workspaces/staff-scientist-ideker/agenticWorkflow_LiteratureScreeningAndFullTextReview/runs/host_pathogen_shared_mechanisms_apms_20260826/passes/pass_001/artifacts/fulltext_import/PMC_XML/normalized/PMC11912512.json,medium
pmid-39840809,39840809,PMC11751865,10.1002/pro.70035,Hijacking of plasminogen by dengue virus: The kringle-4 and -5 domains of plasminogen binds synergistically to the domain I of envelope protein.,2025,selected_for_reading,"Full text centers a primary virus and provides assay-supported host interaction, host factor, or pathway mechanism evidence.",fulltext_review,readable,pmc_xml,/Users/xingmeng/.openclaw/workspaces/staff-scientist-ideker/agenticWorkflow_LiteratureScreeningAndFullTextReview/runs/host_pathogen_shared_mechanisms_apms_20260826/passes/pass_001/artifacts/fulltext_import/PMC_XML/normalized/PMC11751865.json,high
pmid-39834870,39834870,PMC11743106,10.1016/j.isci.2024.111599,Dengue virus and Zika virus alter endoplasmic reticulum-mitochondria contact sites to regulate respiration and apoptosis.,2025,selected_for_reading,"Full text centers a primary virus and provides assay-supported host interaction, host factor, or pathway mechanism evidence.",fulltext_review,readable,pmc_xml,/Users/xingmeng/.openclaw/workspaces/staff-scientist-ideker/agenticWorkflow_LiteratureScreeningAndFullTextReview/runs/host_pathogen_shared_mechanisms_apms_20260826/passes/pass_001/artifacts/fulltext_import/PMC_XML/normalized/PMC11743106.json,high
pmid-39823525,39823525,PMC11844840,10.1371/journal.ppat.1012354,The nuclear localization signal of CPSF6 governs post-nuclear import steps of HIV-1 infection.,2025,selected_for_reading,Full text links a primary virus to a host factor or host pathway mechanism.,fulltext_review,readable,pmc_xml,/Users/xingmeng/.openclaw/workspaces/staff-scientist-ideker/agenticWorkflow_LiteratureScreeningAndFullTextReview/runs/host_pathogen_shared_mechanisms_apms_20260826/passes/pass_001/artifacts/fulltext_import/PMC_XML/normalized/PMC11844840.json,medium
pmid-39726359,39726359,PMC11727051,10.1080/22221751.2024.2447612,To be or not to be phosphorylated: understanding the role of Ebola virus nucleoprotein in the dynamic interplay with the transcriptional activator VP30 and the host phosphatase PP2A-B56.,2025,selected_for_reading,"Full text centers a primary virus and provides assay-supported host interaction, host factor, or pathway mechanism evidence.",fulltext_review,readable,pmc_xml,/Users/xingmeng/.openclaw/workspaces/staff-scientist-ideker/agenticWorkflow_LiteratureScreeningAndFullTextReview/runs/host_pathogen_shared_mechanisms_apms_20260826/passes/pass_001/artifacts/fulltext_import/PMC_XML/normalized/PMC11727051.json,high
pmid-39677468,39677468,PMC11643232,10.1101/2024.12.05.24318340,Plasma proteomics for novel biomarker discovery in childhood tuberculosis.,2025,selected_for_reading,"Full text contains useful host-pathogen assay or pathway evidence, but the primary-virus mechanism is less central than in direct papers.",fulltext_review,readable,pmc_xml,/Users/xingmeng/.openclaw/workspaces/staff-scientist-ideker/agenticWorkflow_LiteratureScreeningAndFullTextReview/runs/host_pathogen_shared_mechanisms_apms_20260826/passes/pass_001/artifacts/fulltext_import/PMC_XML/normalized/PMC11643232.json,medium
pmid-39655951,39655951,PMC11784012,10.1128/jvi.01858-24,Deubiquitinase USP37 enhances the anti-HIV-2/SIV ability of the host restriction factor SAMHD1.,2025,selected_for_reading,"Full text centers a primary virus and provides assay-supported host interaction, host factor, or pathway mechanism evidence.",fulltext_review,readable,pmc_xml,/Users/xingmeng/.openclaw/workspaces/staff-scientist-ideker/agenticWorkflow_LiteratureScreeningAndFullTextReview/runs/host_pathogen_shared_mechanisms_apms_20260826/passes/pass_001/artifacts/fulltext_import/PMC_XML/normalized/PMC11784012.json,high
pmid-39653243,39653243,PMC11750542,10.1016/j.jbc.2024.108058,The host restriction factor SERINC5 inhibits HIV-1 transcription by negatively regulating NF-κB signaling.,2025,selected_for_reading,Full text links a primary virus to a host factor or host pathway mechanism.,fulltext_review,readable,pmc_xml,/Users/xingmeng/.openclaw/workspaces/staff-scientist-ideker/agenticWorkflow_LiteratureScreeningAndFullTextReview/runs/host_pathogen_shared_mechanisms_apms_20260826/passes/pass_001/artifacts/fulltext_import/PMC_XML/normalized/PMC11750542.json,medium
pmid-39636148,39636148,PMC11784101,10.1128/jvi.01224-24,Analysis of the ubiquitin-modified proteome identifies novel host factors in Kaposi's sarcoma herpesvirus lytic reactivation.,2025,selected_for_reading,"Full text contains useful host-pathogen assay or pathway evidence, but the primary-virus mechanism is less central than in direct papers.",fulltext_review,readable,pmc_xml,/Users/xingmeng/.openclaw/workspaces/staff-scientist-ideker/agenticWorkflow_LiteratureScreeningAndFullTextReview/runs/host_pathogen_shared_mechanisms_apms_20260826/passes/pass_001/artifacts/fulltext_import/PMC_XML/normalized/PMC11784101.json,medium
pmid-39576110,39576110,PMC11708058,10.1128/mbio.01486-24,Interaction of the Wolbachia surface protein with a novel pro-viral protein from Aedes aegypti.,2025,selected_for_reading,"Full text contains useful host-pathogen assay or pathway evidence, but the primary-virus mechanism is less central than in direct papers.",fulltext_review,readable,pmc_xml,/Users/xingmeng/.openclaw/workspaces/staff-scientist-ideker/agenticWorkflow_LiteratureScreeningAndFullTextReview/runs/host_pathogen_shared_mechanisms_apms_20260826/passes/pass_001/artifacts/fulltext_import/PMC_XML/normalized/PMC11708058.json,medium
pmid-39354676,39354676,PMC11992561,10.1093/jmcb/mjae042,HIV-1 inhibits IFITM3 expression to promote the infection of megakaryocytes.,2025,selected_for_reading,Full text links a primary virus to a host factor or host pathway mechanism.,fulltext_review,readable,pmc_xml,/Users/xingmeng/.openclaw/workspaces/staff-scientist-ideker/agenticWorkflow_LiteratureScreeningAndFullTextReview/runs/host_pathogen_shared_mechanisms_apms_20260826/passes/pass_001/artifacts/fulltext_import/PMC_XML/normalized/PMC11992561.json,medium
pmid-38712082,38712082,PMC11071520,10.1101/2024.04.26.591186,PARP14 is an interferon (IFN)-induced host factor that promotes IFN production and affects the replication of multiple viruses.,2025,selected_for_reading,"Full text has plausible host pathway or host-factor mechanism context for a primary virus, but evidence is not strongly assay-centered.",fulltext_review,readable,pmc_xml,/Users/xingmeng/.openclaw/workspaces/staff-scientist-ideker/agenticWorkflow_LiteratureScreeningAndFullTextReview/runs/host_pathogen_shared_mechanisms_apms_20260826/passes/pass_001/artifacts/fulltext_import/PMC_XML/normalized/PMC11071520.json,low
pmid-40977882,40977882,PMC12445735,10.33696/Neurol.5.103,Protein Assembly Modulation: A New Approach to Amyotrophic Lateral Sclerosis (ALS) Therapeutics.,2024,selected_for_reading,"Full text contains useful host-pathogen assay or pathway evidence, but the primary-virus mechanism is less central than in direct papers.",fulltext_review,readable,pmc_xml,/Users/xingmeng/.openclaw/workspaces/staff-scientist-ideker/agenticWorkflow_LiteratureScreeningAndFullTextReview/runs/host_pathogen_shared_mechanisms_apms_20260826/passes/pass_001/artifacts/fulltext_import/PMC_XML/normalized/PMC12445735.json,medium
pmid-39861832,39861832,PMC11768693,10.3390/v17010043,Host RNA-Binding Proteins as Regulators of HIV-1 Replication.,2024,selected_for_reading,"Full text centers a primary virus and provides assay-supported host interaction, host factor, or pathway mechanism evidence.",fulltext_review,readable,pmc_xml,/Users/xingmeng/.openclaw/workspaces/staff-scientist-ideker/agenticWorkflow_LiteratureScreeningAndFullTextReview/runs/host_pathogen_shared_mechanisms_apms_20260826/passes/pass_001/artifacts/fulltext_import/PMC_XML/normalized/PMC11768693.json,high
pmid-39839102,39839102,PMC11747046,10.3389/fmicb.2024.1484455,Epigenetic and epitranscriptomic regulation during oncogenic γ-herpesvirus infection.,2024,selected_for_reading,"Full text has plausible host pathway or host-factor mechanism context for a primary virus, but evidence is not strongly assay-centered.",fulltext_review,readable,pmc_xml,/Users/xingmeng/.openclaw/workspaces/staff-scientist-ideker/agenticWorkflow_LiteratureScreeningAndFullTextReview/runs/host_pathogen_shared_mechanisms_apms_20260826/passes/pass_001/artifacts/fulltext_import/PMC_XML/normalized/PMC11747046.json,low
pmid-39772181,39772181,PMC11680275,10.3390/v16121870,Rewriting Viral Fate: Epigenetic and Transcriptional Dynamics in KSHV Infection.,2024,selected_for_reading,Full text links a primary virus to a host factor or host pathway mechanism.,fulltext_review,readable,pmc_xml,/Users/xingmeng/.openclaw/workspaces/staff-scientist-ideker/agenticWorkflow_LiteratureScreeningAndFullTextReview/runs/host_pathogen_shared_mechanisms_apms_20260826/passes/pass_001/artifacts/fulltext_import/PMC_XML/normalized/PMC11680275.json,medium
pmid-39678349,39678349,PMC11643316,10.21203/rs.3.rs-5099896/v1,Disruption of CPSF6 enhances cellular permissivity to HIV-1 infection through alternative polyadenylation.,2024,selected_for_reading,Full text links a primary virus to a host factor or host pathway mechanism.,fulltext_review,readable,pmc_xml,/Users/xingmeng/.openclaw/workspaces/staff-scientist-ideker/agenticWorkflow_LiteratureScreeningAndFullTextReview/runs/host_pathogen_shared_mechanisms_apms_20260826/passes/pass_001/artifacts/fulltext_import/PMC_XML/normalized/PMC11643316.json,medium
pmid-39677779,39677779,PMC11642867,10.1101/2024.12.03.626708,Structural Dynamics of the Dengue Virus Non-structural 5 (NS5) Interactions with Promoter Stem Loop A (SLA).,2024,selected_for_reading,"Full text centers a primary virus and provides assay-supported host interaction, host factor, or pathway mechanism evidence.",fulltext_review,readable,pmc_xml,/Users/xingmeng/.openclaw/workspaces/staff-scientist-ideker/agenticWorkflow_LiteratureScreeningAndFullTextReview/runs/host_pathogen_shared_mechanisms_apms_20260826/passes/pass_001/artifacts/fulltext_import/PMC_XML/normalized/PMC11642867.json,high
pmid-39607759,39607759,PMC12453414,10.1099/jgv.0.002053,Hsp70-Hsp90 organising protein (HOP/STIP1) is required for KSHV lytic replication.,2024,selected_for_reading,Full text links a primary virus to a host factor or host pathway mechanism.,fulltext_review,readable,pmc_xml,/Users/xingmeng/.openclaw/workspaces/staff-scientist-ideker/agenticWorkflow_LiteratureScreeningAndFullTextReview/runs/host_pathogen_shared_mechanisms_apms_20260826/passes/pass_001/artifacts/fulltext_import/PMC_XML/normalized/PMC12453414.json,medium
pmid-39605886,39605886,PMC11599856,10.3389/fonc.2024.1442221,Common molecular basis for MASH and hepatitis C revealed via systems biology approach.,2024,selected_for_reading,"Full text contains useful host-pathogen assay or pathway evidence, but the primary-virus mechanism is less central than in direct papers.",fulltext_review,readable,pmc_xml,/Users/xingmeng/.openclaw/workspaces/staff-scientist-ideker/agenticWorkflow_LiteratureScreeningAndFullTextReview/runs/host_pathogen_shared_mechanisms_apms_20260826/passes/pass_001/artifacts/fulltext_import/PMC_XML/normalized/PMC11599856.json,medium
pmid-39599797,39599797,PMC11599013,10.3390/v16111682,"Involvement of Human Cellular Proteins and Structures in Realization of the HIV Life Cycle: A Comprehensive Review, 2024.",2024,selected_for_reading,Full text links a primary virus to a host factor or host pathway mechanism.,fulltext_review,readable,pmc_xml,/Users/xingmeng/.openclaw/workspaces/staff-scientist-ideker/agenticWorkflow_LiteratureScreeningAndFullTextReview/runs/host_pathogen_shared_mechanisms_apms_20260826/passes/pass_001/artifacts/fulltext_import/PMC_XML/normalized/PMC11599013.json,medium
pmid-39565309,39565309,PMC11621822,10.1073/pnas.2417750121,Identification of a dengue 2 virus envelope protein receptor in Aedes aegypti critical for viral midgut infection.,2024,selected_for_reading,"Full text centers a primary virus and provides assay-supported host interaction, host factor, or pathway mechanism evidence.",fulltext_review,readable,pmc_xml,/Users/xingmeng/.openclaw/workspaces/staff-scientist-ideker/agenticWorkflow_LiteratureScreeningAndFullTextReview/runs/host_pathogen_shared_mechanisms_apms_20260826/passes/pass_001/artifacts/fulltext_import/PMC_XML/normalized/PMC11621822.json,high
pmid-39550578,39550578,PMC11568606,10.1186/s12985-024-02571-z,Altered colonic microflora and its metabolic profile in mice with acute viral myocarditis induced by coxsackievirus B3.,2024,selected_for_reading,"Full text centers a primary virus and provides assay-supported host interaction, host factor, or pathway mechanism evidence.",fulltext_review,readable,pmc_xml,/Users/xingmeng/.openclaw/workspaces/staff-scientist-ideker/agenticWorkflow_LiteratureScreeningAndFullTextReview/runs/host_pathogen_shared_mechanisms_apms_20260826/passes/pass_001/artifacts/fulltext_import/PMC_XML/normalized/PMC11568606.json,high
pmid-39518131,39518131,PMC11544871,10.3390/cancers16213693,Molecular Mechanisms of Kaposi Sarcoma-Associated Herpesvirus (HHV8)-Related Lymphomagenesis.,2024,selected_for_reading,Full text links a primary virus to a host factor or host pathway mechanism.,fulltext_review,readable,pmc_xml,/Users/xingmeng/.openclaw/workspaces/staff-scientist-ideker/agenticWorkflow_LiteratureScreeningAndFullTextReview/runs/host_pathogen_shared_mechanisms_apms_20260826/passes/pass_001/artifacts/fulltext_import/PMC_XML/normalized/PMC11544871.json,medium
pmid-39509467,39509467,PMC11575796,10.1371/journal.pbio.3002871,A cytoplasmic form of EHMT1N methylates viral proteins to enable inclusion body maturation and efficient viral replication.,2024,selected_for_reading,"Full text contains useful host-pathogen assay or pathway evidence, but the primary-virus mechanism is less central than in direct papers.",fulltext_review,readable,pmc_xml,/Users/xingmeng/.openclaw/workspaces/staff-scientist-ideker/agenticWorkflow_LiteratureScreeningAndFullTextReview/runs/host_pathogen_shared_mechanisms_apms_20260826/passes/pass_001/artifacts/fulltext_import/PMC_XML/normalized/PMC11575796.json,medium
pmid-39475219,39475219,PMC11555673,10.1021/acsinfecdis.4c00429,Modulators of the Hop-HSP90 Protein-Protein Interaction Disrupt KSHV Lytic Replication.,2024,selected_for_reading,"Full text centers a primary virus and provides assay-supported host interaction, host factor, or pathway mechanism evidence.",fulltext_review,readable,pmc_xml,/Users/xingmeng/.openclaw/workspaces/staff-scientist-ideker/agenticWorkflow_LiteratureScreeningAndFullTextReview/runs/host_pathogen_shared_mechanisms_apms_20260826/passes/pass_001/artifacts/fulltext_import/PMC_XML/normalized/PMC11555673.json,high
pmid-39435344,39435344,PMC11492465,10.1016/j.csbj.2024.09.029,Subgenomic flaviviral RNAs and human proteins: in silico exploration of anti-host defense mechanisms.,2024,selected_for_reading,"Full text contains useful host-pathogen assay or pathway evidence, but the primary-virus mechanism is less central than in direct papers.",fulltext_review,readable,pmc_xml,/Users/xingmeng/.openclaw/workspaces/staff-scientist-ideker/agenticWorkflow_LiteratureScreeningAndFullTextReview/runs/host_pathogen_shared_mechanisms_apms_20260826/passes/pass_001/artifacts/fulltext_import/PMC_XML/normalized/PMC11492465.json,medium
pmid-39431897,39431897,PMC11619453,10.1128/spectrum.01163-24,Identifying the amino acid domains of ORF59 responsible for interactions with ORF57 and PAN RNA during KSHV lytic replication.,2024,selected_for_reading,"Full text centers a primary virus and provides assay-supported host interaction, host factor, or pathway mechanism evidence.",fulltext_review,readable,pmc_xml,/Users/xingmeng/.openclaw/workspaces/staff-scientist-ideker/agenticWorkflow_LiteratureScreeningAndFullTextReview/runs/host_pathogen_shared_mechanisms_apms_20260826/passes/pass_001/artifacts/fulltext_import/PMC_XML/normalized/PMC11619453.json,high
pmid-39416035,39416035,PMC11482794,10.1101/2024.10.09.617312,Structural insights into HIV-2 CA lattice formation and FG-pocket binding revealed by single particle cryo-EM.,2024,selected_for_reading,Full text links a primary virus to a host factor or host pathway mechanism.,fulltext_review,readable,pmc_xml,/Users/xingmeng/.openclaw/workspaces/staff-scientist-ideker/agenticWorkflow_LiteratureScreeningAndFullTextReview/runs/host_pathogen_shared_mechanisms_apms_20260826/passes/pass_001/artifacts/fulltext_import/PMC_XML/normalized/PMC11482794.json,medium
pmid-39377586,39377586,PMC11578089,10.1128/jvi.01582-24,Functional genomics screens reveal a role for TBC1D24 and SV2B in antibody-dependent enhancement of dengue virus infection.,2024,selected_for_reading,"Full text centers a primary virus and provides assay-supported host interaction, host factor, or pathway mechanism evidence.",fulltext_review,readable,pmc_xml,/Users/xingmeng/.openclaw/workspaces/staff-scientist-ideker/agenticWorkflow_LiteratureScreeningAndFullTextReview/runs/host_pathogen_shared_mechanisms_apms_20260826/passes/pass_001/artifacts/fulltext_import/PMC_XML/normalized/PMC11578089.json,high
pmid-39348396,39348396,PMC11476688,10.1371/journal.ppat.1012594,TRIM56 restricts Coxsackievirus B infection by mediating the ubiquitination of viral RNA-dependent RNA polymerase 3D.,2024,selected_for_reading,"Full text centers a primary virus and provides assay-supported host interaction, host factor, or pathway mechanism evidence.",fulltext_review,readable,pmc_xml,/Users/xingmeng/.openclaw/workspaces/staff-scientist-ideker/agenticWorkflow_LiteratureScreeningAndFullTextReview/runs/host_pathogen_shared_mechanisms_apms_20260826/passes/pass_001/artifacts/fulltext_import/PMC_XML/normalized/PMC11476688.json,high
pmid-39333715,39333715,PMC11535397,10.1038/s44320-024-00064-3,Proteome-wide copy-number estimation from transcriptomics.,2024,selected_for_reading,"Full text contains useful host-pathogen assay or pathway evidence, but the primary-virus mechanism is less central than in direct papers.",fulltext_review,readable,pmc_xml,/Users/xingmeng/.openclaw/workspaces/staff-scientist-ideker/agenticWorkflow_LiteratureScreeningAndFullTextReview/runs/host_pathogen_shared_mechanisms_apms_20260826/passes/pass_001/artifacts/fulltext_import/PMC_XML/normalized/PMC11535397.json,medium
pmid-39293806,39293806,PMC11410378,10.1093/bib/bbae452,"GeneRaMeN enables integration, comparison, and meta-analysis of multiple ranked gene lists to identify consensus, unique, and correlated genes.",2024,selected_for_reading,"Full text contains useful host-pathogen assay or pathway evidence, but the primary-virus mechanism is less central than in direct papers.",fulltext_review,readable,pmc_xml,/Users/xingmeng/.openclaw/workspaces/staff-scientist-ideker/agenticWorkflow_LiteratureScreeningAndFullTextReview/runs/host_pathogen_shared_mechanisms_apms_20260826/passes/pass_001/artifacts/fulltext_import/PMC_XML/normalized/PMC11410378.json,medium
pmid-39291988,39291988,PMC11537111,10.1128/spectrum.00238-24,Analysis of the gut microbiota and fecal metabolites in people living with HIV.,2024,selected_for_reading,"Full text centers a primary virus and provides assay-supported host interaction, host factor, or pathway mechanism evidence.",fulltext_review,readable,pmc_xml,/Users/xingmeng/.openclaw/workspaces/staff-scientist-ideker/agenticWorkflow_LiteratureScreeningAndFullTextReview/runs/host_pathogen_shared_mechanisms_apms_20260826/passes/pass_001/artifacts/fulltext_import/PMC_XML/normalized/PMC11537111.json,high
pmid-39285218,39285218,PMC11405401,10.1038/s41598-024-72561-2,Liver-specific Coxsackievirus and adenovirus receptor deletion develop metabolic dysfunction-associated fatty liver disease.,2024,selected_for_reading,"Full text centers a primary virus and provides assay-supported host interaction, host factor, or pathway mechanism evidence.",fulltext_review,readable,pmc_xml,/Users/xingmeng/.openclaw/workspaces/staff-scientist-ideker/agenticWorkflow_LiteratureScreeningAndFullTextReview/runs/host_pathogen_shared_mechanisms_apms_20260826/passes/pass_001/artifacts/fulltext_import/PMC_XML/normalized/PMC11405401.json,high
pmid-39268407,39268407,PMC11391517,10.3892/br.2024.1843,Plasma proteomic profiles of patients with HIV infection and coinfection with hepatitis B/C virus undergoing anti‑retroviral therapy.,2024,selected_for_reading,"Full text centers a primary virus and provides assay-supported host interaction, host factor, or pathway mechanism evidence.",fulltext_review,readable,pmc_xml,/Users/xingmeng/.openclaw/workspaces/staff-scientist-ideker/agenticWorkflow_LiteratureScreeningAndFullTextReview/runs/host_pathogen_shared_mechanisms_apms_20260826/passes/pass_001/artifacts/fulltext_import/PMC_XML/normalized/PMC11391517.json,high
pmid-39263317,39263317,PMC11387214,10.1016/j.bbrep.2024.101814,In vitro analysis of VEGF-mediated endothelial permeability and the potential therapeutic role of Anti-VEGF in severe dengue.,2024,selected_for_reading,"Full text centers a primary virus and provides assay-supported host interaction, host factor, or pathway mechanism evidence.",fulltext_review,readable,pmc_xml,/Users/xingmeng/.openclaw/workspaces/staff-scientist-ideker/agenticWorkflow_LiteratureScreeningAndFullTextReview/runs/host_pathogen_shared_mechanisms_apms_20260826/passes/pass_001/artifacts/fulltext_import/PMC_XML/normalized/PMC11387214.json,high
pmid-39262808,39262808,PMC11387592,10.1016/j.isci.2024.110711,Cordycepin exhibits both antiviral and anti-inflammatory effects against dengue virus infection.,2024,selected_for_reading,Full text links a primary virus to a host factor or host pathway mechanism.,fulltext_review,readable,pmc_xml,/Users/xingmeng/.openclaw/workspaces/staff-scientist-ideker/agenticWorkflow_LiteratureScreeningAndFullTextReview/runs/host_pathogen_shared_mechanisms_apms_20260826/passes/pass_001/artifacts/fulltext_import/PMC_XML/normalized/PMC11387592.json,medium
pmid-39255398,39255398,PMC11385591,10.1093/infdis/jiae242,From Viral Infections to Alzheimer's Disease: Unveiling the Mechanistic Links Through Systems Bioinformatics.,2024,selected_for_reading,"Full text contains useful host-pathogen assay or pathway evidence, but the primary-virus mechanism is less central than in direct papers.",fulltext_review,readable,pmc_xml,/Users/xingmeng/.openclaw/workspaces/staff-scientist-ideker/agenticWorkflow_LiteratureScreeningAndFullTextReview/runs/host_pathogen_shared_mechanisms_apms_20260826/passes/pass_001/artifacts/fulltext_import/PMC_XML/normalized/PMC11385591.json,medium
pmid-39214388,39214388,PMC11406446,10.1016/j.virusres.2024.199456,The cellular paraspeckle component SFPQ associates with the viral processivity factor ORF59 during lytic replication of Kaposi's Sarcoma-associated herpesvirus (KSHV).,2024,selected_for_reading,"Full text centers a primary virus and provides assay-supported host interaction, host factor, or pathway mechanism evidence.",fulltext_review,readable,pmc_xml,/Users/xingmeng/.openclaw/workspaces/staff-scientist-ideker/agenticWorkflow_LiteratureScreeningAndFullTextReview/runs/host_pathogen_shared_mechanisms_apms_20260826/passes/pass_001/artifacts/fulltext_import/PMC_XML/normalized/PMC11406446.json,high
pmid-39211324,39211324,PMC11357932,10.3389/fmicb.2024.1456108,FGF21 upregulation by hepatitis C virus via the eIF2α-ATF4 pathway: implications for interferon signaling suppression and TRIM31-mediated TSC degradation.,2024,selected_for_reading,Full text links a primary virus to a host factor or host pathway mechanism.,fulltext_review,readable,pmc_xml,/Users/xingmeng/.openclaw/workspaces/staff-scientist-ideker/agenticWorkflow_LiteratureScreeningAndFullTextReview/runs/host_pathogen_shared_mechanisms_apms_20260826/passes/pass_001/artifacts/fulltext_import/PMC_XML/normalized/PMC11357932.json,medium
pmid-39173055,39173055,PMC11341029,10.1371/journal.ppat.1012444,Genome-wide CRISPR/Cas9 screen identifies SLC39A9 and PIK3C3 as crucial entry factors for Ebola virus infection.,2024,selected_for_reading,Full text links a primary virus to a host factor or host pathway mechanism.,fulltext_review,readable,pmc_xml,/Users/xingmeng/.openclaw/workspaces/staff-scientist-ideker/agenticWorkflow_LiteratureScreeningAndFullTextReview/runs/host_pathogen_shared_mechanisms_apms_20260826/passes/pass_001/artifacts/fulltext_import/PMC_XML/normalized/PMC11341029.json,medium
pmid-39122863,39122863,PMC11387401,10.1038/s44319-024-00222-6,Interactome of the HIV-1 proteome and human host RNA.,2024,selected_for_reading,"Full text centers a primary virus and provides assay-supported host interaction, host factor, or pathway mechanism evidence.",fulltext_review,readable,pmc_xml,/Users/xingmeng/.openclaw/workspaces/staff-scientist-ideker/agenticWorkflow_LiteratureScreeningAndFullTextReview/runs/host_pathogen_shared_mechanisms_apms_20260826/passes/pass_001/artifacts/fulltext_import/PMC_XML/normalized/PMC11387401.json,high
pmid-39074162,39074162,PMC11309421,10.1371/journal.ppat.1012330,"MARCH2, a T cell specific factor that restricts HIV-1 infection.",2024,selected_for_reading,Full text links a primary virus to a host factor or host pathway mechanism.,fulltext_review,readable,pmc_xml,/Users/xingmeng/.openclaw/workspaces/staff-scientist-ideker/agenticWorkflow_LiteratureScreeningAndFullTextReview/runs/host_pathogen_shared_mechanisms_apms_20260826/passes/pass_001/artifacts/fulltext_import/PMC_XML/normalized/PMC11309421.json,medium
pmid-39030480,39030480,PMC11264506,10.1186/s12860-024-00514-8,Circulating microRNAs as potential biomarkers of physical activity in geriatric patients with HCV.,2024,selected_for_reading,Full text links a primary virus to a host factor or host pathway mechanism.,fulltext_review,readable,pmc_xml,/Users/xingmeng/.openclaw/workspaces/staff-scientist-ideker/agenticWorkflow_LiteratureScreeningAndFullTextReview/runs/host_pathogen_shared_mechanisms_apms_20260826/passes/pass_001/artifacts/fulltext_import/PMC_XML/normalized/PMC11264506.json,medium
pmid-39026796,39026796,PMC11257501,10.1101/2024.07.12.603173,PRC1.6 localizes on chromatin with the human silencing hub (HUSH) complex for promoter-specific silencing.,2024,selected_for_reading,"Full text contains useful host-pathogen assay or pathway evidence, but the primary-virus mechanism is less central than in direct papers.",fulltext_review,readable,pmc_xml,/Users/xingmeng/.openclaw/workspaces/staff-scientist-ideker/agenticWorkflow_LiteratureScreeningAndFullTextReview/runs/host_pathogen_shared_mechanisms_apms_20260826/passes/pass_001/artifacts/fulltext_import/PMC_XML/normalized/PMC11257501.json,medium
pmid-39023323,39023323,PMC11334485,10.1128/jvi.00618-24,The Raf kinase inhibitors Dabrafenib and Regorafenib impair Zika virus replication via distinct mechanisms.,2024,selected_for_reading,"Full text contains useful host-pathogen assay or pathway evidence, but the primary-virus mechanism is less central than in direct papers.",fulltext_review,readable,pmc_xml,/Users/xingmeng/.openclaw/workspaces/staff-scientist-ideker/agenticWorkflow_LiteratureScreeningAndFullTextReview/runs/host_pathogen_shared_mechanisms_apms_20260826/passes/pass_001/artifacts/fulltext_import/PMC_XML/normalized/PMC11334485.json,medium
pmid-38979149,38979149,PMC11230232,10.1101/2024.06.20.599834,The nuclear localization signal of CPSF6 governs post-nuclear import steps of HIV-1 infection.,2024,selected_for_reading,Full text links a primary virus to a host factor or host pathway mechanism.,fulltext_review,readable,pmc_xml,/Users/xingmeng/.openclaw/workspaces/staff-scientist-ideker/agenticWorkflow_LiteratureScreeningAndFullTextReview/runs/host_pathogen_shared_mechanisms_apms_20260826/passes/pass_001/artifacts/fulltext_import/PMC_XML/normalized/PMC11230232.json,medium
pmid-38953667,38953667,PMC11265341,10.1128/jvi.00498-24,Identification of the proteolytic signature in CVB3-infected cells.,2024,selected_for_reading,"Full text contains useful host-pathogen assay or pathway evidence, but the primary-virus mechanism is less central than in direct papers.",fulltext_review,readable,pmc_xml,/Users/xingmeng/.openclaw/workspaces/staff-scientist-ideker/agenticWorkflow_LiteratureScreeningAndFullTextReview/runs/host_pathogen_shared_mechanisms_apms_20260826/passes/pass_001/artifacts/fulltext_import/PMC_XML/normalized/PMC11265341.json,medium
pmid-38943128,38943128,PMC11212238,10.1186/s12929-024-01053-2,Enterovirus-A71 exploits RAB11 to recruit chaperones for virus morphogenesis.,2024,selected_for_reading,"Full text contains useful host-pathogen assay or pathway evidence, but the primary-virus mechanism is less central than in direct papers.",fulltext_review,readable,pmc_xml,/Users/xingmeng/.openclaw/workspaces/staff-scientist-ideker/agenticWorkflow_LiteratureScreeningAndFullTextReview/runs/host_pathogen_shared_mechanisms_apms_20260826/passes/pass_001/artifacts/fulltext_import/PMC_XML/normalized/PMC11212238.json,medium
pmid-38898526,38898526,PMC11186191,10.1186/s12977-024-00645-y,Comparative analysis of retroviral Gag-host cell interactions: focus on the nuclear interactome.,2024,selected_for_reading,"Full text contains useful host-pathogen assay or pathway evidence, but the primary-virus mechanism is less central than in direct papers.",fulltext_review,readable,pmc_xml,/Users/xingmeng/.openclaw/workspaces/staff-scientist-ideker/agenticWorkflow_LiteratureScreeningAndFullTextReview/runs/host_pathogen_shared_mechanisms_apms_20260826/passes/pass_001/artifacts/fulltext_import/PMC_XML/normalized/PMC11186191.json,medium
pmid-38888311,38888311,PMC11253599,10.1128/mbio.01363-24,The SAMHD1-MX2 axis restricts HIV-1 infection at postviral DNA synthesis.,2024,selected_for_reading,"Full text centers a primary virus and provides assay-supported host interaction, host factor, or pathway mechanism evidence.",fulltext_review,readable,pmc_xml,/Users/xingmeng/.openclaw/workspaces/staff-scientist-ideker/agenticWorkflow_LiteratureScreeningAndFullTextReview/runs/host_pathogen_shared_mechanisms_apms_20260826/passes/pass_001/artifacts/fulltext_import/PMC_XML/normalized/PMC11253599.json,high
pmid-38858642,38858642,PMC11163744,10.1186/s12967-024-05355-9,Metabolomics combined with network pharmacology reveals a role for astragaloside IV in inhibiting enterovirus 71 replication via PI3K-AKT signaling.,2024,selected_for_reading,"Full text contains useful host-pathogen assay or pathway evidence, but the primary-virus mechanism is less central than in direct papers.",fulltext_review,readable,pmc_xml,/Users/xingmeng/.openclaw/workspaces/staff-scientist-ideker/agenticWorkflow_LiteratureScreeningAndFullTextReview/runs/host_pathogen_shared_mechanisms_apms_20260826/passes/pass_001/artifacts/fulltext_import/PMC_XML/normalized/PMC11163744.json,medium
pmid-38855772,38855772,PMC11157119,10.3389/fmicb.2024.1415698,Structure and function of type IV IRES in picornaviruses: a systematic review.,2024,selected_for_reading,"Full text has plausible host pathway or host-factor mechanism context for a primary virus, but evidence is not strongly assay-centered.",fulltext_review,readable,pmc_xml,/Users/xingmeng/.openclaw/workspaces/staff-scientist-ideker/agenticWorkflow_LiteratureScreeningAndFullTextReview/runs/host_pathogen_shared_mechanisms_apms_20260826/passes/pass_001/artifacts/fulltext_import/PMC_XML/normalized/PMC11157119.json,low
pmid-38793607,38793607,PMC11125577,10.3390/v16050725,CRISPR Screen Reveals PACT as a Pro-Viral Factor for Dengue Viral Replication.,2024,selected_for_reading,"Full text centers a primary virus and provides assay-supported host interaction, host factor, or pathway mechanism evidence.",fulltext_review,readable,pmc_xml,/Users/xingmeng/.openclaw/workspaces/staff-scientist-ideker/agenticWorkflow_LiteratureScreeningAndFullTextReview/runs/host_pathogen_shared_mechanisms_apms_20260826/passes/pass_001/artifacts/fulltext_import/PMC_XML/normalized/PMC11125577.json,high
pmid-38790203,38790203,PMC11120859,10.3390/genes15050574,The Role of MicroRNAs in HIV Infection.,2024,selected_for_reading,Full text links a primary virus to a host factor or host pathway mechanism.,fulltext_review,readable,pmc_xml,/Users/xingmeng/.openclaw/workspaces/staff-scientist-ideker/agenticWorkflow_LiteratureScreeningAndFullTextReview/runs/host_pathogen_shared_mechanisms_apms_20260826/passes/pass_001/artifacts/fulltext_import/PMC_XML/normalized/PMC11120859.json,medium
pmid-38785977,38785977,PMC11118262,10.3390/biom14050570,Disruption of Transmembrane Phosphatidylserine Asymmetry by HIV-1 Incorporated SERINC5 Is Not Responsible for Virus Restriction.,2024,selected_for_reading,Full text links a primary virus to a host factor or host pathway mechanism.,fulltext_review,readable,pmc_xml,/Users/xingmeng/.openclaw/workspaces/staff-scientist-ideker/agenticWorkflow_LiteratureScreeningAndFullTextReview/runs/host_pathogen_shared_mechanisms_apms_20260826/passes/pass_001/artifacts/fulltext_import/PMC_XML/normalized/PMC11118262.json,medium
pmid-38732249,38732249,PMC11084827,10.3390/ijms25095031,"TGF-β2 Induces Ribosome Activity, Alters Ribosome Composition and Inhibits IRES-Mediated Translation in Chondrocytes.",2024,selected_for_reading,"Full text contains useful host-pathogen assay or pathway evidence, but the primary-virus mechanism is less central than in direct papers.",fulltext_review,readable,pmc_xml,/Users/xingmeng/.openclaw/workspaces/staff-scientist-ideker/agenticWorkflow_LiteratureScreeningAndFullTextReview/runs/host_pathogen_shared_mechanisms_apms_20260826/passes/pass_001/artifacts/fulltext_import/PMC_XML/normalized/PMC11084827.json,medium
pmid-38728353,38728353,PMC11086877,10.1371/journal.pone.0303027,Potential of MALDI-TOF MS biotyping to detect deltamethrin resistance in the dengue vector Aedes aegypti.,2024,selected_for_reading,"Full text centers a primary virus and provides assay-supported host interaction, host factor, or pathway mechanism evidence.",fulltext_review,readable,pmc_xml,/Users/xingmeng/.openclaw/workspaces/staff-scientist-ideker/agenticWorkflow_LiteratureScreeningAndFullTextReview/runs/host_pathogen_shared_mechanisms_apms_20260826/passes/pass_001/artifacts/fulltext_import/PMC_XML/normalized/PMC11086877.json,high
pmid-38724328,38724328,PMC13208914,10.1016/j.tig.2024.04.003,"Positive-strand RNA virus genome replication organelles: structure, assembly, control.",2024,selected_for_reading,"Full text has plausible host pathway or host-factor mechanism context for a primary virus, but evidence is not strongly assay-centered.",fulltext_review,readable,pmc_xml,/Users/xingmeng/.openclaw/workspaces/staff-scientist-ideker/agenticWorkflow_LiteratureScreeningAndFullTextReview/runs/host_pathogen_shared_mechanisms_apms_20260826/passes/pass_001/artifacts/fulltext_import/PMC_XML/normalized/PMC13208914.json,low
pmid-38721526,38721526,PMC11076784,10.3389/fcell.2024.1382789,MicroRNA target homeobox messenger RNA in HIV induced hematopoietic inhibition.,2024,selected_for_reading,"Full text centers a primary virus and provides assay-supported host interaction, host factor, or pathway mechanism evidence.",fulltext_review,readable,pmc_xml,/Users/xingmeng/.openclaw/workspaces/staff-scientist-ideker/agenticWorkflow_LiteratureScreeningAndFullTextReview/runs/host_pathogen_shared_mechanisms_apms_20260826/passes/pass_001/artifacts/fulltext_import/PMC_XML/normalized/PMC11076784.json,high
pmid-38716040,38716040,PMC11075680,10.2147/JPR.S452594,Identification of Key Genes and Pathways in Oxaliplatin-Induced Neuropathic Pain Through Bioinformatic Analysis.,2024,selected_for_reading,"Full text contains useful host-pathogen assay or pathway evidence, but the primary-virus mechanism is less central than in direct papers.",fulltext_review,readable,pmc_xml,/Users/xingmeng/.openclaw/workspaces/staff-scientist-ideker/agenticWorkflow_LiteratureScreeningAndFullTextReview/runs/host_pathogen_shared_mechanisms_apms_20260826/passes/pass_001/artifacts/fulltext_import/PMC_XML/normalized/PMC11075680.json,medium
pmid-38712102,38712102,PMC11071485,10.1101/2024.04.26.591029,Functional genomics screens reveal a role for TBC1D24 and SV2B in antibody-dependent enhancement of dengue virus infection.,2024,selected_for_reading,"Full text centers a primary virus and provides assay-supported host interaction, host factor, or pathway mechanism evidence.",fulltext_review,readable,pmc_xml,/Users/xingmeng/.openclaw/workspaces/staff-scientist-ideker/agenticWorkflow_LiteratureScreeningAndFullTextReview/runs/host_pathogen_shared_mechanisms_apms_20260826/passes/pass_001/artifacts/fulltext_import/PMC_XML/normalized/PMC11071485.json,high
pmid-38675925,38675925,PMC11055011,10.3390/v16040583,The Inhibition of Gag-Pol Expression by the Restriction Factor Shiftless Is Dispensable for the Restriction of HIV-1 Infection.,2024,selected_for_reading,Full text links a primary virus to a host factor or host pathway mechanism.,fulltext_review,readable,pmc_xml,/Users/xingmeng/.openclaw/workspaces/staff-scientist-ideker/agenticWorkflow_LiteratureScreeningAndFullTextReview/runs/host_pathogen_shared_mechanisms_apms_20260826/passes/pass_001/artifacts/fulltext_import/PMC_XML/normalized/PMC11055011.json,medium
pmid-38655824,38655824,PMC11566039,10.1093/infdis/jiae210,"Hepatitis B Virus and Hepatitis C Virus Affect Mitochondrial Function Through Different Metabolic Pathways, Explaining Virus-Specific Clinical Features of Chronic Hepatitis.",2024,selected_for_reading,"Full text centers a primary virus and provides assay-supported host interaction, host factor, or pathway mechanism evidence.",fulltext_review,readable,pmc_xml,/Users/xingmeng/.openclaw/workspaces/staff-scientist-ideker/agenticWorkflow_LiteratureScreeningAndFullTextReview/runs/host_pathogen_shared_mechanisms_apms_20260826/passes/pass_001/artifacts/fulltext_import/PMC_XML/normalized/PMC11566039.json,high
pmid-38644470,38644470,PMC11034128,10.1186/s12934-024-02383-4,"Characterization and optimization of exopolysaccharide extracted from a newly isolated halotolerant cyanobacterium, Acaryochloris Al-Azhar MNE ON864448.1 with antiviral activity.",2024,selected_for_reading,"Full text contains useful host-pathogen assay or pathway evidence, but the primary-virus mechanism is less central than in direct papers.",fulltext_review,readable,pmc_xml,/Users/xingmeng/.openclaw/workspaces/staff-scientist-ideker/agenticWorkflow_LiteratureScreeningAndFullTextReview/runs/host_pathogen_shared_mechanisms_apms_20260826/passes/pass_001/artifacts/fulltext_import/PMC_XML/normalized/PMC11034128.json,medium
pmid-38636657,38636657,PMC11101947,10.1016/j.jbc.2024.107286,Proximity labeling of host factor ANXA3 in HCV infection reveals a novel LARP1 function in viral entry.,2024,selected_for_reading,"Full text centers a primary virus and provides assay-supported host interaction, host factor, or pathway mechanism evidence.",fulltext_review,readable,pmc_xml,/Users/xingmeng/.openclaw/workspaces/staff-scientist-ideker/agenticWorkflow_LiteratureScreeningAndFullTextReview/runs/host_pathogen_shared_mechanisms_apms_20260826/passes/pass_001/artifacts/fulltext_import/PMC_XML/normalized/PMC11101947.json,high
pmid-38617272,38617272,PMC11014611,10.1101/2024.04.06.588168,Single-cell image-based genetic screens systematically identify regulators of Ebola virus subcellular infection dynamics.,2024,selected_for_reading,Full text links a primary virus to a host factor or host pathway mechanism.,fulltext_review,readable,pmc_xml,/Users/xingmeng/.openclaw/workspaces/staff-scientist-ideker/agenticWorkflow_LiteratureScreeningAndFullTextReview/runs/host_pathogen_shared_mechanisms_apms_20260826/passes/pass_001/artifacts/fulltext_import/PMC_XML/normalized/PMC11014611.json,medium
pmid-38594438,38594438,PMC11004007,10.1038/s41598-024-58834-w,Glycolysis is reduced in dengue virus 2 infected liver cells.,2024,selected_for_reading,"Full text centers a primary virus and provides assay-supported host interaction, host factor, or pathway mechanism evidence.",fulltext_review,readable,pmc_xml,/Users/xingmeng/.openclaw/workspaces/staff-scientist-ideker/agenticWorkflow_LiteratureScreeningAndFullTextReview/runs/host_pathogen_shared_mechanisms_apms_20260826/passes/pass_001/artifacts/fulltext_import/PMC_XML/normalized/PMC11004007.json,high
pmid-38594317,38594317,PMC11003990,10.1038/s41598-024-57930-1,A 2D-proteomic analysis identifies proteins differentially regulated by two different dengue virus serotypes.,2024,selected_for_reading,"Full text centers a primary virus and provides assay-supported host interaction, host factor, or pathway mechanism evidence.",fulltext_review,readable,pmc_xml,/Users/xingmeng/.openclaw/workspaces/staff-scientist-ideker/agenticWorkflow_LiteratureScreeningAndFullTextReview/runs/host_pathogen_shared_mechanisms_apms_20260826/passes/pass_001/artifacts/fulltext_import/PMC_XML/normalized/PMC11003990.json,high
pmid-38556169,38556169,PMC11067349,10.1016/j.mcpro.2024.100757,Assessment of Kinome-Wide Activity Remodeling upon Picornavirus Infection.,2024,selected_for_reading,"Full text contains useful host-pathogen assay or pathway evidence, but the primary-virus mechanism is less central than in direct papers.",fulltext_review,readable,pmc_xml,/Users/xingmeng/.openclaw/workspaces/staff-scientist-ideker/agenticWorkflow_LiteratureScreeningAndFullTextReview/runs/host_pathogen_shared_mechanisms_apms_20260826/passes/pass_001/artifacts/fulltext_import/PMC_XML/normalized/PMC11067349.json,medium
pmid-38470932,38470932,PMC10959363,10.1371/journal.ppat.1012082,KSHV vIL-6 promotes SIRT3-induced deacetylation of SERBP1 to inhibit ferroptosis and enhance cellular transformation by inducing lipoyltransferase 2 mRNA degradation.,2024,selected_for_reading,"Full text centers a primary virus and provides assay-supported host interaction, host factor, or pathway mechanism evidence.",fulltext_review,readable,pmc_xml,/Users/xingmeng/.openclaw/workspaces/staff-scientist-ideker/agenticWorkflow_LiteratureScreeningAndFullTextReview/runs/host_pathogen_shared_mechanisms_apms_20260826/passes/pass_001/artifacts/fulltext_import/PMC_XML/normalized/PMC10959363.json,high
pmid-38411080,38411080,PMC11005436,10.1128/mbio.02222-23,CRISPR-Cas9 screen of E3 ubiquitin ligases identifies TRAF2 and UHRF1 as regulators of HIV latency in primary human T cells.,2024,selected_for_reading,"Full text centers a primary virus and provides assay-supported host interaction, host factor, or pathway mechanism evidence.",fulltext_review,readable,pmc_xml,/Users/xingmeng/.openclaw/workspaces/staff-scientist-ideker/agenticWorkflow_LiteratureScreeningAndFullTextReview/runs/host_pathogen_shared_mechanisms_apms_20260826/passes/pass_001/artifacts/fulltext_import/PMC_XML/normalized/PMC11005436.json,high
pmid-38409448,38409448,PMC10907578,10.1038/s12276-024-01174-6,NOTCH localizes to mitochondria through the TBC1D15-FIS1 interaction and is stabilized via blockade of E3 ligase and CDK8 recruitment to reprogram tumor-initiating cells.,2024,selected_for_reading,"Full text contains useful host-pathogen assay or pathway evidence, but the primary-virus mechanism is less central than in direct papers.",fulltext_review,readable,pmc_xml,/Users/xingmeng/.openclaw/workspaces/staff-scientist-ideker/agenticWorkflow_LiteratureScreeningAndFullTextReview/runs/host_pathogen_shared_mechanisms_apms_20260826/passes/pass_001/artifacts/fulltext_import/PMC_XML/normalized/PMC10907578.json,medium
pmid-38400066,38400066,PMC10892664,10.3390/v16020291,PTEN Mediates the Silencing of Unintegrated HIV-1 DNA.,2024,selected_for_reading,Full text links a primary virus to a host factor or host pathway mechanism.,fulltext_review,readable,pmc_xml,/Users/xingmeng/.openclaw/workspaces/staff-scientist-ideker/agenticWorkflow_LiteratureScreeningAndFullTextReview/runs/host_pathogen_shared_mechanisms_apms_20260826/passes/pass_001/artifacts/fulltext_import/PMC_XML/normalized/PMC10892664.json,medium
pmid-38394369,38394369,PMC10945500,10.1021/acs.jmedchem.3c01543,Antiviral Protein-Protein Interaction Inhibitors.,2024,selected_for_reading,"Full text contains useful host-pathogen assay or pathway evidence, but the primary-virus mechanism is less central than in direct papers.",fulltext_review,readable,pmc_xml,/Users/xingmeng/.openclaw/workspaces/staff-scientist-ideker/agenticWorkflow_LiteratureScreeningAndFullTextReview/runs/host_pathogen_shared_mechanisms_apms_20260826/passes/pass_001/artifacts/fulltext_import/PMC_XML/normalized/PMC10945500.json,medium
pmid-38319965,38319965,PMC10873615,10.1073/pnas.2313002121,Virus-derived circular RNAs populate hepatitis C virus-infected cells.,2024,selected_for_reading,Full text links a primary virus to a host factor or host pathway mechanism.,fulltext_review,readable,pmc_xml,/Users/xingmeng/.openclaw/workspaces/staff-scientist-ideker/agenticWorkflow_LiteratureScreeningAndFullTextReview/runs/host_pathogen_shared_mechanisms_apms_20260826/passes/pass_001/artifacts/fulltext_import/PMC_XML/normalized/PMC10873615.json,medium
pmid-38319104,38319104,PMC10949430,10.1128/jvi.01921-23,Unraveling the dynamics of hepatitis C virus adaptive mutations and their impact on antiviral responses in primary human hepatocytes.,2024,selected_for_reading,Full text links a primary virus to a host factor or host pathway mechanism.,fulltext_review,readable,pmc_xml,/Users/xingmeng/.openclaw/workspaces/staff-scientist-ideker/agenticWorkflow_LiteratureScreeningAndFullTextReview/runs/host_pathogen_shared_mechanisms_apms_20260826/passes/pass_001/artifacts/fulltext_import/PMC_XML/normalized/PMC10949430.json,medium
pmid-38309955,38309955,PMC11074791,10.1093/cvr/cvae026,ISG15 blocks cardiac glycolysis and ensures sufficient mitochondrial energy production during Coxsackievirus B3 infection.,2024,selected_for_reading,"Full text centers a primary virus and provides assay-supported host interaction, host factor, or pathway mechanism evidence.",fulltext_review,readable,pmc_xml,/Users/xingmeng/.openclaw/workspaces/staff-scientist-ideker/agenticWorkflow_LiteratureScreeningAndFullTextReview/runs/host_pathogen_shared_mechanisms_apms_20260826/passes/pass_001/artifacts/fulltext_import/PMC_XML/normalized/PMC11074791.json,high
pmid-38295986,38295986,PMC10909612,10.1016/j.jlr.2024.100512,"PI(4,5)P(2) binding sites in the Ebola virus matrix protein VP40 modulate assembly and budding.",2024,selected_for_reading,"Full text centers a primary virus and provides assay-supported host interaction, host factor, or pathway mechanism evidence.",fulltext_review,readable,pmc_xml,/Users/xingmeng/.openclaw/workspaces/staff-scientist-ideker/agenticWorkflow_LiteratureScreeningAndFullTextReview/runs/host_pathogen_shared_mechanisms_apms_20260826/passes/pass_001/artifacts/fulltext_import/PMC_XML/normalized/PMC10909612.json,high
pmid-38293010,38293010,PMC10827203,10.1101/2024.01.18.575255,Comparative analysis of retroviral Gag-host cell interactions: focus on the nuclear interactome.,2024,selected_for_reading,"Full text contains useful host-pathogen assay or pathway evidence, but the primary-virus mechanism is less central than in direct papers.",fulltext_review,readable,pmc_xml,/Users/xingmeng/.openclaw/workspaces/staff-scientist-ideker/agenticWorkflow_LiteratureScreeningAndFullTextReview/runs/host_pathogen_shared_mechanisms_apms_20260826/passes/pass_001/artifacts/fulltext_import/PMC_XML/normalized/PMC10827203.json,medium
pmid-38274120,38274120,PMC10810330,10.1093/pnasnexus/pgad479,Minor intron-containing genes as an ancient backbone for viral infection?,2024,selected_for_reading,"Full text contains useful host-pathogen assay or pathway evidence, but the primary-virus mechanism is less central than in direct papers.",fulltext_review,readable,pmc_xml,/Users/xingmeng/.openclaw/workspaces/staff-scientist-ideker/agenticWorkflow_LiteratureScreeningAndFullTextReview/runs/host_pathogen_shared_mechanisms_apms_20260826/passes/pass_001/artifacts/fulltext_import/PMC_XML/normalized/PMC10810330.json,medium
pmid-38230952,38230952,PMC10846047,10.1128/spectrum.02562-22,Landscape of protein-protein interactions during hepatitis C virus assembly and release.,2024,selected_for_reading,"Full text centers a primary virus and provides assay-supported host interaction, host factor, or pathway mechanism evidence.",fulltext_review,readable,pmc_xml,/Users/xingmeng/.openclaw/workspaces/staff-scientist-ideker/agenticWorkflow_LiteratureScreeningAndFullTextReview/runs/host_pathogen_shared_mechanisms_apms_20260826/passes/pass_001/artifacts/fulltext_import/PMC_XML/normalized/PMC10846047.json,high
pmid-38112462,38112462,PMC10804956,10.1128/msystems.00973-23,Host serine protease ACOT2 assists DENV proliferation by hydrolyzing viral polyproteins.,2024,selected_for_reading,"Full text centers a primary virus and provides assay-supported host interaction, host factor, or pathway mechanism evidence.",fulltext_review,readable,pmc_xml,/Users/xingmeng/.openclaw/workspaces/staff-scientist-ideker/agenticWorkflow_LiteratureScreeningAndFullTextReview/runs/host_pathogen_shared_mechanisms_apms_20260826/passes/pass_001/artifacts/fulltext_import/PMC_XML/normalized/PMC10804956.json,high
pmid-38104537,38104537,PMC10794973,10.1159/000535787,GSK-3β as a Potential Coordinator of Anabolic and Catabolic Pathways in Hepatitis C Virus Insulin Resistance.,2024,selected_for_reading,Full text links a primary virus to a host factor or host pathway mechanism.,fulltext_review,readable,pmc_xml,/Users/xingmeng/.openclaw/workspaces/staff-scientist-ideker/agenticWorkflow_LiteratureScreeningAndFullTextReview/runs/host_pathogen_shared_mechanisms_apms_20260826/passes/pass_001/artifacts/fulltext_import/PMC_XML/normalized/PMC10794973.json,medium
pmid-38061029,38061029,PMC10942204,10.1097/QAD.0000000000003812,Dysbiosis of gut microbiota and metabolites during AIDS: implications for CD4 + T cell reduction and immune activation.,2024,selected_for_reading,"Full text contains useful host-pathogen assay or pathway evidence, but the primary-virus mechanism is less central than in direct papers.",fulltext_review,readable,pmc_xml,/Users/xingmeng/.openclaw/workspaces/staff-scientist-ideker/agenticWorkflow_LiteratureScreeningAndFullTextReview/runs/host_pathogen_shared_mechanisms_apms_20260826/passes/pass_001/artifacts/fulltext_import/PMC_XML/normalized/PMC10942204.json,medium
pmid-38051053,38051053,PMC10783037,10.1128/spectrum.03180-23,Noncanonical-NF-κB activation and DDX3 inhibition reduces the HIV-1 reservoir by elimination of latently infected cells ex-vivo.,2024,selected_for_reading,Full text links a primary virus to a host factor or host pathway mechanism.,fulltext_review,readable,pmc_xml,/Users/xingmeng/.openclaw/workspaces/staff-scientist-ideker/agenticWorkflow_LiteratureScreeningAndFullTextReview/runs/host_pathogen_shared_mechanisms_apms_20260826/passes/pass_001/artifacts/fulltext_import/PMC_XML/normalized/PMC10783037.json,medium
pmid-40078741,40078741,PMC11894969,10.1016/j.bsheal.2023.09.001,"Update on enteroviral protease 2A: Structure, function, and host factor interaction.",2023,selected_for_reading,"Full text contains useful host-pathogen assay or pathway evidence, but the primary-virus mechanism is less central than in direct papers.",fulltext_review,readable,pmc_xml,/Users/xingmeng/.openclaw/workspaces/staff-scientist-ideker/agenticWorkflow_LiteratureScreeningAndFullTextReview/runs/host_pathogen_shared_mechanisms_apms_20260826/passes/pass_001/artifacts/fulltext_import/PMC_XML/normalized/PMC11894969.json,medium
pmid-38270390,38270390,PMC10679502,10.1016/j.jbc.2023.105401,Lipid environment modulates processivity and kinetics of a presenilin homolog acting on multiple substrates in vitro.,2023,selected_for_reading,"Full text contains useful host-pathogen assay or pathway evidence, but the primary-virus mechanism is less central than in direct papers.",fulltext_review,readable,pmc_xml,/Users/xingmeng/.openclaw/workspaces/staff-scientist-ideker/agenticWorkflow_LiteratureScreeningAndFullTextReview/runs/host_pathogen_shared_mechanisms_apms_20260826/passes/pass_001/artifacts/fulltext_import/PMC_XML/normalized/PMC10679502.json,medium
pmid-38250078,38250078,PMC10796512,10.3389/fimmu.2023.1324516,RNF5: inhibiting antiviral immunity and shaping virus life cycle.,2023,selected_for_reading,"Full text contains useful host-pathogen assay or pathway evidence, but the primary-virus mechanism is less central than in direct papers.",fulltext_review,readable,pmc_xml,/Users/xingmeng/.openclaw/workspaces/staff-scientist-ideker/agenticWorkflow_LiteratureScreeningAndFullTextReview/runs/host_pathogen_shared_mechanisms_apms_20260826/passes/pass_001/artifacts/fulltext_import/PMC_XML/normalized/PMC10796512.json,medium
pmid-38213698,38213698,PMC10777288,10.18699/VJGB-23-90,"Molecular-genetic pathways of hepatitis C virus regulation of the expression of cellular factors PREB and PLA2G4C, which play an important role in virus replication.",2023,selected_for_reading,"Full text centers a primary virus and provides assay-supported host interaction, host factor, or pathway mechanism evidence.",fulltext_review,readable,pmc_xml,/Users/xingmeng/.openclaw/workspaces/staff-scientist-ideker/agenticWorkflow_LiteratureScreeningAndFullTextReview/runs/host_pathogen_shared_mechanisms_apms_20260826/passes/pass_001/artifacts/fulltext_import/PMC_XML/normalized/PMC10777288.json,high
pmid-38203551,38203551,PMC10779251,10.3390/ijms25010380,Comparative Analysis of Differential Cellular Transcriptome and Proteome Regulation by HIV-1 and HIV-2 Pseudovirions in the Early Phase of Infection.,2023,selected_for_reading,"Full text centers a primary virus and provides assay-supported host interaction, host factor, or pathway mechanism evidence.",fulltext_review,readable,pmc_xml,/Users/xingmeng/.openclaw/workspaces/staff-scientist-ideker/agenticWorkflow_LiteratureScreeningAndFullTextReview/runs/host_pathogen_shared_mechanisms_apms_20260826/passes/pass_001/artifacts/fulltext_import/PMC_XML/normalized/PMC10779251.json,high
pmid-38157366,38157366,PMC10756512,10.1371/journal.ppat.1011887,"Roles of epidermal growth factor receptor, claudin-1 and occludin in multi-step entry of hepatitis C virus into polarized hepatoma spheroids.",2023,selected_for_reading,Full text links a primary virus to a host factor or host pathway mechanism.,fulltext_review,readable,pmc_xml,/Users/xingmeng/.openclaw/workspaces/staff-scientist-ideker/agenticWorkflow_LiteratureScreeningAndFullTextReview/runs/host_pathogen_shared_mechanisms_apms_20260826/passes/pass_001/artifacts/fulltext_import/PMC_XML/normalized/PMC10756512.json,medium
pmid-38149274,38149274,PMC10750386,10.3389/fmicb.2023.1323231,Functional features of a novel interferon-stimulated gene SHFL: a comprehensive review.,2023,selected_for_reading,"Full text has plausible host pathway or host-factor mechanism context for a primary virus, but evidence is not strongly assay-centered.",fulltext_review,readable,pmc_xml,/Users/xingmeng/.openclaw/workspaces/staff-scientist-ideker/agenticWorkflow_LiteratureScreeningAndFullTextReview/runs/host_pathogen_shared_mechanisms_apms_20260826/passes/pass_001/artifacts/fulltext_import/PMC_XML/normalized/PMC10750386.json,low
pmid-38140570,38140570,PMC10747768,10.3390/v15122329,Discovery and Characterization of IFITM S-Palmitoylation.,2023,selected_for_reading,"Full text contains useful host-pathogen assay or pathway evidence, but the primary-virus mechanism is less central than in direct papers.",fulltext_review,readable,pmc_xml,/Users/xingmeng/.openclaw/workspaces/staff-scientist-ideker/agenticWorkflow_LiteratureScreeningAndFullTextReview/runs/host_pathogen_shared_mechanisms_apms_20260826/passes/pass_001/artifacts/fulltext_import/PMC_XML/normalized/PMC10747768.json,medium
pmid-38076464,38076464,PMC10704250,10.3389/fcimb.2023.1284651,Flying under the radar - impact and factors influencing asymptomatic DENV infections.,2023,selected_for_reading,Full text links a primary virus to a host factor or host pathway mechanism.,fulltext_review,readable,pmc_xml,/Users/xingmeng/.openclaw/workspaces/staff-scientist-ideker/agenticWorkflow_LiteratureScreeningAndFullTextReview/runs/host_pathogen_shared_mechanisms_apms_20260826/passes/pass_001/artifacts/fulltext_import/PMC_XML/normalized/PMC10704250.json,medium
pmid-38074898,38074898,PMC10709196,10.1016/j.omtn.2023.102075,Unveiling the mechanisms of nephrotoxicity caused by nephrotoxic compounds using toxicological network analysis.,2023,selected_for_reading,"Full text contains useful host-pathogen assay or pathway evidence, but the primary-virus mechanism is less central than in direct papers.",fulltext_review,readable,pmc_xml,/Users/xingmeng/.openclaw/workspaces/staff-scientist-ideker/agenticWorkflow_LiteratureScreeningAndFullTextReview/runs/host_pathogen_shared_mechanisms_apms_20260826/passes/pass_001/artifacts/fulltext_import/PMC_XML/normalized/PMC10709196.json,medium
pmid-38072991,38072991,PMC10712077,10.1186/s12985-023-02259-w,Down-regulated TAB1 suppresses the replication of Coxsackievirus B5 via activating the NF-κB pathways through interaction with viral 3D polymerase.,2023,selected_for_reading,"Full text centers a primary virus and provides assay-supported host interaction, host factor, or pathway mechanism evidence.",fulltext_review,readable,pmc_xml,/Users/xingmeng/.openclaw/workspaces/staff-scientist-ideker/agenticWorkflow_LiteratureScreeningAndFullTextReview/runs/host_pathogen_shared_mechanisms_apms_20260826/passes/pass_001/artifacts/fulltext_import/PMC_XML/normalized/PMC10712077.json,high
pmid-38053173,38053173,PMC10696742,10.1186/s13059-023-03110-9,Dengue and Zika RNA-RNA interactomes reveal pro- and anti-viral RNA in human cells.,2023,selected_for_reading,"Full text centers a primary virus and provides assay-supported host interaction, host factor, or pathway mechanism evidence.",fulltext_review,readable,pmc_xml,/Users/xingmeng/.openclaw/workspaces/staff-scientist-ideker/agenticWorkflow_LiteratureScreeningAndFullTextReview/runs/host_pathogen_shared_mechanisms_apms_20260826/passes/pass_001/artifacts/fulltext_import/PMC_XML/normalized/PMC10696742.json,high
pmid-38045248,38045248,PMC10690267,10.1101/2023.11.22.568224,Hepatitis C virus cell culture adaptive mutations enhance cell culture propagation by multiple mechanisms but boost antiviral responses in primary human hepatocytes.,2023,selected_for_reading,Full text links a primary virus to a host factor or host pathway mechanism.,fulltext_review,readable,pmc_xml,/Users/xingmeng/.openclaw/workspaces/staff-scientist-ideker/agenticWorkflow_LiteratureScreeningAndFullTextReview/runs/host_pathogen_shared_mechanisms_apms_20260826/passes/pass_001/artifacts/fulltext_import/PMC_XML/normalized/PMC10690267.json,medium
pmid-38035334,38035334,PMC10684970,10.3389/fcimb.2023.1275277,Extracellular vesicle storm during the course of Ebola virus infection in primates.,2023,selected_for_reading,"Full text centers a primary virus and provides assay-supported host interaction, host factor, or pathway mechanism evidence.",fulltext_review,readable,pmc_xml,/Users/xingmeng/.openclaw/workspaces/staff-scientist-ideker/agenticWorkflow_LiteratureScreeningAndFullTextReview/runs/host_pathogen_shared_mechanisms_apms_20260826/passes/pass_001/artifacts/fulltext_import/PMC_XML/normalized/PMC10684970.json,high
pmid-38022651,38022651,PMC10667720,10.3389/fimmu.2023.1282469,Serum protein biomarkers for HCC risk prediction in HIV/HBV co-infected people: a clinical proteomic study using mass spectrometry.,2023,selected_for_reading,"Full text centers a primary virus and provides assay-supported host interaction, host factor, or pathway mechanism evidence.",fulltext_review,readable,pmc_xml,/Users/xingmeng/.openclaw/workspaces/staff-scientist-ideker/agenticWorkflow_LiteratureScreeningAndFullTextReview/runs/host_pathogen_shared_mechanisms_apms_20260826/passes/pass_001/artifacts/fulltext_import/PMC_XML/normalized/PMC10667720.json,high
pmid-38005883,38005883,PMC10675553,10.3390/v15112206,MiR-155 Negatively Regulates Anti-Viral Innate Responses among HIV-Infected Progressors.,2023,selected_for_reading,Full text links a primary virus to a host factor or host pathway mechanism.,fulltext_review,readable,pmc_xml,/Users/xingmeng/.openclaw/workspaces/staff-scientist-ideker/agenticWorkflow_LiteratureScreeningAndFullTextReview/runs/host_pathogen_shared_mechanisms_apms_20260826/passes/pass_001/artifacts/fulltext_import/PMC_XML/normalized/PMC10675553.json,medium
pmid-38005875,38005875,PMC10674231,10.3390/v15112197,"PSGL-1, a Strategic Biomarker for Pathological Conditions in HIV Infection: A Hypothesis Review.",2023,selected_for_reading,"Full text centers a primary virus and provides assay-supported host interaction, host factor, or pathway mechanism evidence.",fulltext_review,readable,pmc_xml,/Users/xingmeng/.openclaw/workspaces/staff-scientist-ideker/agenticWorkflow_LiteratureScreeningAndFullTextReview/runs/host_pathogen_shared_mechanisms_apms_20260826/passes/pass_001/artifacts/fulltext_import/PMC_XML/normalized/PMC10674231.json,high
pmid-37967063,37967063,PMC10650992,10.1371/journal.ppat.1011759,The matrix metalloproteinase ADAM10 supports hepatitis C virus entry and cell-to-cell spread via its sheddase activity.,2023,selected_for_reading,"Full text centers a primary virus and provides assay-supported host interaction, host factor, or pathway mechanism evidence.",fulltext_review,readable,pmc_xml,/Users/xingmeng/.openclaw/workspaces/staff-scientist-ideker/agenticWorkflow_LiteratureScreeningAndFullTextReview/runs/host_pathogen_shared_mechanisms_apms_20260826/passes/pass_001/artifacts/fulltext_import/PMC_XML/normalized/PMC10650992.json,high
pmid-37941151,37941151,PMC10711565,10.1093/nar/gkad1000,Binding of microRNA-122 to the hepatitis C virus 5' untranslated region modifies interactions with poly(C) binding protein 2 and the NS5B viral polymerase.,2023,selected_for_reading,Full text links a primary virus to a host factor or host pathway mechanism.,fulltext_review,readable,pmc_xml,/Users/xingmeng/.openclaw/workspaces/staff-scientist-ideker/agenticWorkflow_LiteratureScreeningAndFullTextReview/runs/host_pathogen_shared_mechanisms_apms_20260826/passes/pass_001/artifacts/fulltext_import/PMC_XML/normalized/PMC10711565.json,medium
pmid-37940003,37940003,PMC10746527,10.1016/j.mcpro.2023.100676,HIV-1 Nef Changes the Proteome of T Cells Extracellular Vesicles Depleting IFITMs and Other Antiviral Factors.,2023,selected_for_reading,"Full text centers a primary virus and provides assay-supported host interaction, host factor, or pathway mechanism evidence.",fulltext_review,readable,pmc_xml,/Users/xingmeng/.openclaw/workspaces/staff-scientist-ideker/agenticWorkflow_LiteratureScreeningAndFullTextReview/runs/host_pathogen_shared_mechanisms_apms_20260826/passes/pass_001/artifacts/fulltext_import/PMC_XML/normalized/PMC10746527.json,high
pmid-37922361,37922361,PMC10624344,10.1126/sciadv.adh3642,POLE3 is a repressor of unintegrated HIV-1 DNA required for efficient virus integration and escape from innate immune sensing.,2023,selected_for_reading,"Full text centers a primary virus and provides assay-supported host interaction, host factor, or pathway mechanism evidence.",fulltext_review,readable,pmc_xml,/Users/xingmeng/.openclaw/workspaces/staff-scientist-ideker/agenticWorkflow_LiteratureScreeningAndFullTextReview/runs/host_pathogen_shared_mechanisms_apms_20260826/passes/pass_001/artifacts/fulltext_import/PMC_XML/normalized/PMC10624344.json,high
pmid-37882563,37882563,PMC10746242,10.1128/mbio.02572-21,The innate immune factor RPRD2/REAF and its role in the Lv2 restriction of HIV.,2023,selected_for_reading,"Full text centers a primary virus and provides assay-supported host interaction, host factor, or pathway mechanism evidence.",fulltext_review,readable,pmc_xml,/Users/xingmeng/.openclaw/workspaces/staff-scientist-ideker/agenticWorkflow_LiteratureScreeningAndFullTextReview/runs/host_pathogen_shared_mechanisms_apms_20260826/passes/pass_001/artifacts/fulltext_import/PMC_XML/normalized/PMC10746242.json,high
pmid-37880247,37880247,PMC10600203,10.1038/s41467-023-42526-6,Identification of CCZ1 as an essential lysosomal trafficking regulator in Marburg and Ebola virus infections.,2023,selected_for_reading,"Full text centers a primary virus and provides assay-supported host interaction, host factor, or pathway mechanism evidence.",fulltext_review,readable,pmc_xml,/Users/xingmeng/.openclaw/workspaces/staff-scientist-ideker/agenticWorkflow_LiteratureScreeningAndFullTextReview/runs/host_pathogen_shared_mechanisms_apms_20260826/passes/pass_001/artifacts/fulltext_import/PMC_XML/normalized/PMC10600203.json,high
pmid-37874136,37874136,PMC10715029,10.1128/spectrum.02254-23,Interaction and assembly of the DNA replication core proteins of Kaposi's sarcoma-associated herpesvirus.,2023,selected_for_reading,"Full text centers a primary virus and provides assay-supported host interaction, host factor, or pathway mechanism evidence.",fulltext_review,readable,pmc_xml,/Users/xingmeng/.openclaw/workspaces/staff-scientist-ideker/agenticWorkflow_LiteratureScreeningAndFullTextReview/runs/host_pathogen_shared_mechanisms_apms_20260826/passes/pass_001/artifacts/fulltext_import/PMC_XML/normalized/PMC10715029.json,high
pmid-37795301,37795301,PMC10546344,10.3389/fmicb.2023.1254342,Syphilis and the host: multi-omic analysis of host cellular responses to Treponema pallidum provides novel insight into syphilis pathogenesis.,2023,selected_for_reading,"Full text contains useful host-pathogen assay or pathway evidence, but the primary-virus mechanism is less central than in direct papers.",fulltext_review,readable,pmc_xml,/Users/xingmeng/.openclaw/workspaces/staff-scientist-ideker/agenticWorkflow_LiteratureScreeningAndFullTextReview/runs/host_pathogen_shared_mechanisms_apms_20260826/passes/pass_001/artifacts/fulltext_import/PMC_XML/normalized/PMC10546344.json,medium
pmid-37794048,37794048,PMC10551004,10.1038/s41598-023-43751-1,Aedes albopictus salivary adenosine deaminase is an immunomodulatory factor facilitating dengue virus replication.,2023,selected_for_reading,"Full text centers a primary virus and provides assay-supported host interaction, host factor, or pathway mechanism evidence.",fulltext_review,readable,pmc_xml,/Users/xingmeng/.openclaw/workspaces/staff-scientist-ideker/agenticWorkflow_LiteratureScreeningAndFullTextReview/runs/host_pathogen_shared_mechanisms_apms_20260826/passes/pass_001/artifacts/fulltext_import/PMC_XML/normalized/PMC10551004.json,high
pmid-37766367,37766367,PMC10537789,10.3390/v15091961,The Antiviral Factor SERINC5 Impairs the Expression of Non-Self-DNA.,2023,selected_for_reading,"Full text contains useful host-pathogen assay or pathway evidence, but the primary-virus mechanism is less central than in direct papers.",fulltext_review,readable,pmc_xml,/Users/xingmeng/.openclaw/workspaces/staff-scientist-ideker/agenticWorkflow_LiteratureScreeningAndFullTextReview/runs/host_pathogen_shared_mechanisms_apms_20260826/passes/pass_001/artifacts/fulltext_import/PMC_XML/normalized/PMC10537789.json,medium
pmid-37750869,37750869,PMC7615710,10.1099/jgv.0.001895,ASPP2 binds to hepatitis C virus NS5A protein via an SH3 domain/PxxP motif-mediated interaction and potentiates infection.,2023,selected_for_reading,"Full text centers a primary virus and provides assay-supported host interaction, host factor, or pathway mechanism evidence.",fulltext_review,readable,pmc_xml,/Users/xingmeng/.openclaw/workspaces/staff-scientist-ideker/agenticWorkflow_LiteratureScreeningAndFullTextReview/runs/host_pathogen_shared_mechanisms_apms_20260826/passes/pass_001/artifacts/fulltext_import/PMC_XML/normalized/PMC7615710.json,high
pmid-37721966,37721966,PMC10538732,10.1371/journal.pntd.0011604,"Quantitative proteomics analysis of permethrin and temephos-resistant Ae. aegypti revealed diverse differentially expressed proteins associated with insecticide resistance from Penang Island, Malaysia.",2023,selected_for_reading,"Full text contains useful host-pathogen assay or pathway evidence, but the primary-virus mechanism is less central than in direct papers.",fulltext_review,readable,pmc_xml,/Users/xingmeng/.openclaw/workspaces/staff-scientist-ideker/agenticWorkflow_LiteratureScreeningAndFullTextReview/runs/host_pathogen_shared_mechanisms_apms_20260826/passes/pass_001/artifacts/fulltext_import/PMC_XML/normalized/PMC10538732.json,medium
pmid-37699872,37699872,PMC10497533,10.1038/s41467-023-41197-7,Multidisciplinary studies with mutated HIV-1 capsid proteins reveal structural mechanisms of lattice stabilization.,2023,selected_for_reading,Full text links a primary virus to a host factor or host pathway mechanism.,fulltext_review,readable,pmc_xml,/Users/xingmeng/.openclaw/workspaces/staff-scientist-ideker/agenticWorkflow_LiteratureScreeningAndFullTextReview/runs/host_pathogen_shared_mechanisms_apms_20260826/passes/pass_001/artifacts/fulltext_import/PMC_XML/normalized/PMC10497533.json,medium
pmid-37604924,37604924,PMC10442437,10.1038/s42003-023-05180-8,wMel Wolbachia alters female post-mating behaviors and physiology in the dengue vector mosquito Aedes aegypti.,2023,selected_for_reading,"Full text centers a primary virus and provides assay-supported host interaction, host factor, or pathway mechanism evidence.",fulltext_review,readable,pmc_xml,/Users/xingmeng/.openclaw/workspaces/staff-scientist-ideker/agenticWorkflow_LiteratureScreeningAndFullTextReview/runs/host_pathogen_shared_mechanisms_apms_20260826/passes/pass_001/artifacts/fulltext_import/PMC_XML/normalized/PMC10442437.json,high
pmid-37559147,37559147,PMC10410909,10.1186/s12985-023-02150-8,HMGB1 is involved in viral replication and the inflammatory response in coxsackievirus A16-infected 16HBE cells via proteomic analysis and identification.,2023,selected_for_reading,"Full text centers a primary virus and provides assay-supported host interaction, host factor, or pathway mechanism evidence.",fulltext_review,readable,pmc_xml,/Users/xingmeng/.openclaw/workspaces/staff-scientist-ideker/agenticWorkflow_LiteratureScreeningAndFullTextReview/runs/host_pathogen_shared_mechanisms_apms_20260826/passes/pass_001/artifacts/fulltext_import/PMC_XML/normalized/PMC10410909.json,high
pmid-37540723,37540723,PMC10431626,10.1371/journal.ppat.1011552,Hepatitis C virus non-structural proteins modulate cellular kinases for increased cytoplasmic abundance of host factor HuR and facilitate viral replication.,2023,selected_for_reading,"Full text centers a primary virus and provides assay-supported host interaction, host factor, or pathway mechanism evidence.",fulltext_review,readable,pmc_xml,/Users/xingmeng/.openclaw/workspaces/staff-scientist-ideker/agenticWorkflow_LiteratureScreeningAndFullTextReview/runs/host_pathogen_shared_mechanisms_apms_20260826/passes/pass_001/artifacts/fulltext_import/PMC_XML/normalized/PMC10431626.json,high
pmid-37535041,37535041,PMC10403276,10.1097/COH.0000000000000808,HIV-1 transcriptional modulation: novel host factors and prospective therapeutic strategies.,2023,selected_for_reading,Full text links a primary virus to a host factor or host pathway mechanism.,fulltext_review,readable,pmc_xml,/Users/xingmeng/.openclaw/workspaces/staff-scientist-ideker/agenticWorkflow_LiteratureScreeningAndFullTextReview/runs/host_pathogen_shared_mechanisms_apms_20260826/passes/pass_001/artifacts/fulltext_import/PMC_XML/normalized/PMC10403276.json,medium
pmid-37503057,37503057,PMC10369941,10.1101/2023.07.10.548432,Proteome-wide copy-number estimation from transcriptomics.,2023,selected_for_reading,"Full text contains useful host-pathogen assay or pathway evidence, but the primary-virus mechanism is less central than in direct papers.",fulltext_review,readable,pmc_xml,/Users/xingmeng/.openclaw/workspaces/staff-scientist-ideker/agenticWorkflow_LiteratureScreeningAndFullTextReview/runs/host_pathogen_shared_mechanisms_apms_20260826/passes/pass_001/artifacts/fulltext_import/PMC_XML/normalized/PMC10369941.json,medium
pmid-37498862,37498862,PMC10374080,10.1371/journal.pone.0287905,A comprehensive protein interaction map and druggability investigation prioritized dengue virus NS1 protein as promising therapeutic candidate.,2023,selected_for_reading,"Full text centers a primary virus and provides assay-supported host interaction, host factor, or pathway mechanism evidence.",fulltext_review,readable,pmc_xml,/Users/xingmeng/.openclaw/workspaces/staff-scientist-ideker/agenticWorkflow_LiteratureScreeningAndFullTextReview/runs/host_pathogen_shared_mechanisms_apms_20260826/passes/pass_001/artifacts/fulltext_import/PMC_XML/normalized/PMC10374080.json,high
pmid-37491398,37491398,PMC10367425,10.1186/s40168-023-01594-y,"Increased genital mucosal cytokines in Canadian women associate with higher antigen-presenting cells, inflammatory metabolites, epithelial barrier disruption, and the depletion of L. crispatus.",2023,selected_for_reading,"Full text contains useful host-pathogen assay or pathway evidence, but the primary-virus mechanism is less central than in direct papers.",fulltext_review,readable,pmc_xml,/Users/xingmeng/.openclaw/workspaces/staff-scientist-ideker/agenticWorkflow_LiteratureScreeningAndFullTextReview/runs/host_pathogen_shared_mechanisms_apms_20260826/passes/pass_001/artifacts/fulltext_import/PMC_XML/normalized/PMC10367425.json,medium
pmid-37474590,37474590,PMC10359319,10.1038/s41598-023-38127-4,Differences in proteome perturbations caused by the Wolbachia strain wAu suggest multiple mechanisms of Wolbachia-mediated antiviral activity.,2023,selected_for_reading,"Full text contains useful host-pathogen assay or pathway evidence, but the primary-virus mechanism is less central than in direct papers.",fulltext_review,readable,pmc_xml,/Users/xingmeng/.openclaw/workspaces/staff-scientist-ideker/agenticWorkflow_LiteratureScreeningAndFullTextReview/runs/host_pathogen_shared_mechanisms_apms_20260826/passes/pass_001/artifacts/fulltext_import/PMC_XML/normalized/PMC10359319.json,medium
pmid-37459363,37459363,PMC10374047,10.1371/journal.ppat.1011492,HIV-1 virological synapse formation enhances infection spread by dysregulating Aurora Kinase B.,2023,selected_for_reading,"Full text centers a primary virus and provides assay-supported host interaction, host factor, or pathway mechanism evidence.",fulltext_review,readable,pmc_xml,/Users/xingmeng/.openclaw/workspaces/staff-scientist-ideker/agenticWorkflow_LiteratureScreeningAndFullTextReview/runs/host_pathogen_shared_mechanisms_apms_20260826/passes/pass_001/artifacts/fulltext_import/PMC_XML/normalized/PMC10374047.json,high
pmid-37398206,37398206,PMC10312942,10.21203/rs.3.rs-3031591/v1,"Proteomic landscape of astrocytes and pericytes infected with HIV/SARS-CoV-2 mono/co-infection, impacting on neurological complications.",2023,selected_for_reading,"Full text centers a primary virus and provides assay-supported host interaction, host factor, or pathway mechanism evidence.",fulltext_review,readable,pmc_xml,/Users/xingmeng/.openclaw/workspaces/staff-scientist-ideker/agenticWorkflow_LiteratureScreeningAndFullTextReview/runs/host_pathogen_shared_mechanisms_apms_20260826/passes/pass_001/artifacts/fulltext_import/PMC_XML/normalized/PMC10312942.json,high
pmid-37355703,37355703,PMC10290691,10.1038/s41467-023-39105-0,An unnatural enzyme with endonuclease activity towards small non-coding RNAs.,2023,selected_for_reading,"Full text contains useful host-pathogen assay or pathway evidence, but the primary-virus mechanism is less central than in direct papers.",fulltext_review,readable,pmc_xml,/Users/xingmeng/.openclaw/workspaces/staff-scientist-ideker/agenticWorkflow_LiteratureScreeningAndFullTextReview/runs/host_pathogen_shared_mechanisms_apms_20260826/passes/pass_001/artifacts/fulltext_import/PMC_XML/normalized/PMC10290691.json,medium
pmid-37310224,37310224,PMC10353390,10.1128/aac.00462-23,Biological and Structural Analyses of New Potent Allosteric Inhibitors of HIV-1 Integrase.,2023,selected_for_reading,Full text links a primary virus to a host factor or host pathway mechanism.,fulltext_review,readable,pmc_xml,/Users/xingmeng/.openclaw/workspaces/staff-scientist-ideker/agenticWorkflow_LiteratureScreeningAndFullTextReview/runs/host_pathogen_shared_mechanisms_apms_20260826/passes/pass_001/artifacts/fulltext_import/PMC_XML/normalized/PMC10353390.json,medium
pmid-37276230,37276230,PMC10270597,10.1371/journal.ppat.1011434,The PRMT5/WDR77 complex restricts hepatitis E virus replication.,2023,selected_for_reading,"Full text contains useful host-pathogen assay or pathway evidence, but the primary-virus mechanism is less central than in direct papers.",fulltext_review,readable,pmc_xml,/Users/xingmeng/.openclaw/workspaces/staff-scientist-ideker/agenticWorkflow_LiteratureScreeningAndFullTextReview/runs/host_pathogen_shared_mechanisms_apms_20260826/passes/pass_001/artifacts/fulltext_import/PMC_XML/normalized/PMC10270597.json,medium
pmid-37259408,37259408,PMC9962983,10.3390/ph16020263,N-Butanol Extract of Glycyrrhizae Radix et Rhizoma Inhibits Dengue Virus through Targeting Envelope Protein.,2023,selected_for_reading,"Full text centers a primary virus and provides assay-supported host interaction, host factor, or pathway mechanism evidence.",fulltext_review,readable,pmc_xml,/Users/xingmeng/.openclaw/workspaces/staff-scientist-ideker/agenticWorkflow_LiteratureScreeningAndFullTextReview/runs/host_pathogen_shared_mechanisms_apms_20260826/passes/pass_001/artifacts/fulltext_import/PMC_XML/normalized/PMC9962983.json,high
pmid-37252973,37252973,PMC10266027,10.1073/pnas.2220005120,Dengue virus NS5 degrades ERC1 during infection to antagonize NF-kB activation.,2023,selected_for_reading,"Full text centers a primary virus and provides assay-supported host interaction, host factor, or pathway mechanism evidence.",fulltext_review,readable,pmc_xml,/Users/xingmeng/.openclaw/workspaces/staff-scientist-ideker/agenticWorkflow_LiteratureScreeningAndFullTextReview/runs/host_pathogen_shared_mechanisms_apms_20260826/passes/pass_001/artifacts/fulltext_import/PMC_XML/normalized/PMC10266027.json,high
pmid-37177979,37177979,PMC10184583,10.1080/07853890.2023.2199366,RNA-seq analysis identifies transcriptomic profiles associated with anal cancer recurrence among people living with HIV.,2023,selected_for_reading,Full text links a primary virus to a host factor or host pathway mechanism.,fulltext_review,readable,pmc_xml,/Users/xingmeng/.openclaw/workspaces/staff-scientist-ideker/agenticWorkflow_LiteratureScreeningAndFullTextReview/runs/host_pathogen_shared_mechanisms_apms_20260826/passes/pass_001/artifacts/fulltext_import/PMC_XML/normalized/PMC10184583.json,medium
pmid-37175867,37175867,PMC10179140,10.3390/ijms24098158,Dengue Virus Capsid Protein Facilitates Genome Compaction and Packaging.,2023,selected_for_reading,"Full text centers a primary virus and provides assay-supported host interaction, host factor, or pathway mechanism evidence.",fulltext_review,readable,pmc_xml,/Users/xingmeng/.openclaw/workspaces/staff-scientist-ideker/agenticWorkflow_LiteratureScreeningAndFullTextReview/runs/host_pathogen_shared_mechanisms_apms_20260826/passes/pass_001/artifacts/fulltext_import/PMC_XML/normalized/PMC10179140.json,high
pmid-37172824,37172824,PMC10311276,10.1016/j.virs.2023.05.006,Spastin is required for human immunodeficiency virus-1 efficient replication through cooperation with the endosomal sorting complex required for transport (ESCRT) protein.,2023,selected_for_reading,Full text links a primary virus to a host factor or host pathway mechanism.,fulltext_review,readable,pmc_xml,/Users/xingmeng/.openclaw/workspaces/staff-scientist-ideker/agenticWorkflow_LiteratureScreeningAndFullTextReview/runs/host_pathogen_shared_mechanisms_apms_20260826/passes/pass_001/artifacts/fulltext_import/PMC_XML/normalized/PMC10311276.json,medium
pmid-37165099,37165099,PMC10172343,10.1038/s42003-023-04841-y,Schlafen 12 restricts HIV-1 latency reversal by a codon-usage dependent post-transcriptional block in CD4+ T cells.,2023,selected_for_reading,"Full text centers a primary virus and provides assay-supported host interaction, host factor, or pathway mechanism evidence.",fulltext_review,readable,pmc_xml,/Users/xingmeng/.openclaw/workspaces/staff-scientist-ideker/agenticWorkflow_LiteratureScreeningAndFullTextReview/runs/host_pathogen_shared_mechanisms_apms_20260826/passes/pass_001/artifacts/fulltext_import/PMC_XML/normalized/PMC10172343.json,high
pmid-37162911,37162911,PMC10168361,10.1101/2023.04.28.538708,Tryptophan-based motifs in the LLP3 Region of the HIV-1 envelope glycoprotein cytoplasmic tail direct trafficking to the endosomal recycling compartment and mediate particle incorporation.,2023,selected_for_reading,Full text links a primary virus to a host factor or host pathway mechanism.,fulltext_review,readable,pmc_xml,/Users/xingmeng/.openclaw/workspaces/staff-scientist-ideker/agenticWorkflow_LiteratureScreeningAndFullTextReview/runs/host_pathogen_shared_mechanisms_apms_20260826/passes/pass_001/artifacts/fulltext_import/PMC_XML/normalized/PMC10168361.json,medium
pmid-37155854,37155854,PMC10193943,10.1073/pnas.2217451120,ATG5 selectively engages virus-tethered BST2/tetherin in an LC3C-associated pathway.,2023,selected_for_reading,"Full text contains useful host-pathogen assay or pathway evidence, but the primary-virus mechanism is less central than in direct papers.",fulltext_review,readable,pmc_xml,/Users/xingmeng/.openclaw/workspaces/staff-scientist-ideker/agenticWorkflow_LiteratureScreeningAndFullTextReview/runs/host_pathogen_shared_mechanisms_apms_20260826/passes/pass_001/artifacts/fulltext_import/PMC_XML/normalized/PMC10193943.json,medium
pmid-37094077,37094077,PMC10201418,10.1093/nar/gkad298,CSNK2B modulates IRF1 binding to functional DNA elements and promotes basal and agonist-induced antiviral signaling.,2023,selected_for_reading,"Full text contains useful host-pathogen assay or pathway evidence, but the primary-virus mechanism is less central than in direct papers.",fulltext_review,readable,pmc_xml,/Users/xingmeng/.openclaw/workspaces/staff-scientist-ideker/agenticWorkflow_LiteratureScreeningAndFullTextReview/runs/host_pathogen_shared_mechanisms_apms_20260826/passes/pass_001/artifacts/fulltext_import/PMC_XML/normalized/PMC10201418.json,medium
pmid-37068108,37068108,PMC10138851,10.1371/journal.ppat.1011163,The viral packaging motor potentiates Kaposi's sarcoma-associated herpesvirus gene expression late in infection.,2023,selected_for_reading,"Full text centers a primary virus and provides assay-supported host interaction, host factor, or pathway mechanism evidence.",fulltext_review,readable,pmc_xml,/Users/xingmeng/.openclaw/workspaces/staff-scientist-ideker/agenticWorkflow_LiteratureScreeningAndFullTextReview/runs/host_pathogen_shared_mechanisms_apms_20260826/passes/pass_001/artifacts/fulltext_import/PMC_XML/normalized/PMC10138851.json,high
pmid-37053583,37053583,PMC10186378,10.1021/acsinfecdis.2c00416,"Sphingosine Kinases Promote Ebola Virus Infection and Can Be Targeted to Inhibit Filoviruses, Coronaviruses, and Arenaviruses Using Late Endocytic Trafficking to Enter Cells.",2023,selected_for_reading,Full text links a primary virus to a host factor or host pathway mechanism.,fulltext_review,readable,pmc_xml,/Users/xingmeng/.openclaw/workspaces/staff-scientist-ideker/agenticWorkflow_LiteratureScreeningAndFullTextReview/runs/host_pathogen_shared_mechanisms_apms_20260826/passes/pass_001/artifacts/fulltext_import/PMC_XML/normalized/PMC10186378.json,medium
pmid-37046846,37046846,PMC10093296,10.3390/cancers15072186,Targeting of Tetraspanin CD81 with Monoclonal Antibodies and Small Molecules to Combat Cancers and Viral Diseases.,2023,selected_for_reading,"Full text contains useful host-pathogen assay or pathway evidence, but the primary-virus mechanism is less central than in direct papers.",fulltext_review,readable,pmc_xml,/Users/xingmeng/.openclaw/workspaces/staff-scientist-ideker/agenticWorkflow_LiteratureScreeningAndFullTextReview/runs/host_pathogen_shared_mechanisms_apms_20260826/passes/pass_001/artifacts/fulltext_import/PMC_XML/normalized/PMC10093296.json,medium
pmid-37040417,37040417,PMC10120081,10.1073/pnas.2220557120,Two structural switches in HIV-1 capsid regulate capsid curvature and host factor binding.,2023,selected_for_reading,Full text links a primary virus to a host factor or host pathway mechanism.,fulltext_review,readable,pmc_xml,/Users/xingmeng/.openclaw/workspaces/staff-scientist-ideker/agenticWorkflow_LiteratureScreeningAndFullTextReview/runs/host_pathogen_shared_mechanisms_apms_20260826/passes/pass_001/artifacts/fulltext_import/PMC_XML/normalized/PMC10120081.json,medium
pmid-36976020,36976020,PMC10127607,10.1128/mbio.00166-23,SERINC5 Mediates a Postintegration Block to HIV-1 Gene Expression in Macrophages.,2023,selected_for_reading,"Full text centers a primary virus and provides assay-supported host interaction, host factor, or pathway mechanism evidence.",fulltext_review,readable,pmc_xml,/Users/xingmeng/.openclaw/workspaces/staff-scientist-ideker/agenticWorkflow_LiteratureScreeningAndFullTextReview/runs/host_pathogen_shared_mechanisms_apms_20260826/passes/pass_001/artifacts/fulltext_import/PMC_XML/normalized/PMC10127607.json,high
pmid-36968110,36968110,PMC10031067,10.3389/fcimb.2023.1106591,Novel role of HIV-1 Nef in regulating the ubiquitination of cellular proteins.,2023,selected_for_reading,"Full text centers a primary virus and provides assay-supported host interaction, host factor, or pathway mechanism evidence.",fulltext_review,readable,pmc_xml,/Users/xingmeng/.openclaw/workspaces/staff-scientist-ideker/agenticWorkflow_LiteratureScreeningAndFullTextReview/runs/host_pathogen_shared_mechanisms_apms_20260826/passes/pass_001/artifacts/fulltext_import/PMC_XML/normalized/PMC10031067.json,high
pmid-36946615,36946615,PMC10366416,10.1021/acsinfecdis.2c00478,Serinc5 Restricts HIV Membrane Fusion by Altering Lipid Order and Heterogeneity in the Viral Membrane.,2023,selected_for_reading,Full text links a primary virus to a host factor or host pathway mechanism.,fulltext_review,readable,pmc_xml,/Users/xingmeng/.openclaw/workspaces/staff-scientist-ideker/agenticWorkflow_LiteratureScreeningAndFullTextReview/runs/host_pathogen_shared_mechanisms_apms_20260826/passes/pass_001/artifacts/fulltext_import/PMC_XML/normalized/PMC10366416.json,medium
pmid-36851687,36851687,PMC9967848,10.3390/v15020474,HIV-1 Gag Binds the Multi-Aminoacyl-tRNA Synthetase Complex via the EPRS Subunit.,2023,selected_for_reading,"Full text centers a primary virus and provides assay-supported host interaction, host factor, or pathway mechanism evidence.",fulltext_review,readable,pmc_xml,/Users/xingmeng/.openclaw/workspaces/staff-scientist-ideker/agenticWorkflow_LiteratureScreeningAndFullTextReview/runs/host_pathogen_shared_mechanisms_apms_20260826/passes/pass_001/artifacts/fulltext_import/PMC_XML/normalized/PMC9967848.json,high
pmid-36851679,36851679,PMC9965260,10.3390/v15020464,"Global Lipidome Profiling Revealed Multifaceted Role of Lipid Species in Hepatitis C Virus Replication, Assembly, and Host Antiviral Response.",2023,selected_for_reading,"Full text centers a primary virus and provides assay-supported host interaction, host factor, or pathway mechanism evidence.",fulltext_review,readable,pmc_xml,/Users/xingmeng/.openclaw/workspaces/staff-scientist-ideker/agenticWorkflow_LiteratureScreeningAndFullTextReview/runs/host_pathogen_shared_mechanisms_apms_20260826/passes/pass_001/artifacts/fulltext_import/PMC_XML/normalized/PMC9965260.json,high
pmid-36744886,36744886,PMC9973025,10.1128/mbio.00009-23,A Virus-Packageable CRISPR System Identifies Host Dependency Factors Co-Opted by Multiple HIV-1 Strains.,2023,selected_for_reading,"Full text centers a primary virus and provides assay-supported host interaction, host factor, or pathway mechanism evidence.",fulltext_review,readable,pmc_xml,/Users/xingmeng/.openclaw/workspaces/staff-scientist-ideker/agenticWorkflow_LiteratureScreeningAndFullTextReview/runs/host_pathogen_shared_mechanisms_apms_20260826/passes/pass_001/artifacts/fulltext_import/PMC_XML/normalized/PMC9973025.json,high
pmid-36671485,36671485,PMC9855626,10.3390/biom13010100,"Mechanism by Which PF-3758309, a Pan Isoform Inhibitor of p21-Activated Kinases, Blocks Reactivation of HIV-1 Latency.",2023,selected_for_reading,"Full text centers a primary virus and provides assay-supported host interaction, host factor, or pathway mechanism evidence.",fulltext_review,readable,pmc_xml,/Users/xingmeng/.openclaw/workspaces/staff-scientist-ideker/agenticWorkflow_LiteratureScreeningAndFullTextReview/runs/host_pathogen_shared_mechanisms_apms_20260826/passes/pass_001/artifacts/fulltext_import/PMC_XML/normalized/PMC9855626.json,high
pmid-36653366,36653366,PMC9849454,10.1038/s41467-023-35914-5,Kaposi's sarcoma-associated herpesvirus induces specialised ribosomes to efficiently translate viral lytic mRNAs.,2023,selected_for_reading,"Full text centers a primary virus and provides assay-supported host interaction, host factor, or pathway mechanism evidence.",fulltext_review,readable,pmc_xml,/Users/xingmeng/.openclaw/workspaces/staff-scientist-ideker/agenticWorkflow_LiteratureScreeningAndFullTextReview/runs/host_pathogen_shared_mechanisms_apms_20260826/passes/pass_001/artifacts/fulltext_import/PMC_XML/normalized/PMC9849454.json,high
pmid-36639424,36639424,PMC9839751,10.1038/s41598-022-27112-y,Mass spectrometry analysis of gut tissue in acute SIV-infection in rhesus macaques identifies early proteome alterations preceding the interferon inflammatory response.,2023,selected_for_reading,"Full text contains useful host-pathogen assay or pathway evidence, but the primary-virus mechanism is less central than in direct papers.",fulltext_review,readable,pmc_xml,/Users/xingmeng/.openclaw/workspaces/staff-scientist-ideker/agenticWorkflow_LiteratureScreeningAndFullTextReview/runs/host_pathogen_shared_mechanisms_apms_20260826/passes/pass_001/artifacts/fulltext_import/PMC_XML/normalized/PMC9839751.json,medium
pmid-36602307,36602307,PMC9972982,10.1128/mbio.02973-22,"HIV-1 Vpr Induces Degradation of Gelsolin, a Myeloid Cell-Specific Host Factor That Reduces Viral Infectivity by Inhibiting the Expression and Packaging of the HIV-1 Env Glycoprotein.",2023,selected_for_reading,"Full text centers a primary virus and provides assay-supported host interaction, host factor, or pathway mechanism evidence.",fulltext_review,readable,pmc_xml,/Users/xingmeng/.openclaw/workspaces/staff-scientist-ideker/agenticWorkflow_LiteratureScreeningAndFullTextReview/runs/host_pathogen_shared_mechanisms_apms_20260826/passes/pass_001/artifacts/fulltext_import/PMC_XML/normalized/PMC9972982.json,high
pmid-36598981,36598981,PMC9812381,10.1126/sciadv.ade3168,Structural basis for HIV-1 antagonism of host APOBEC3G via Cullin E3 ligase.,2023,selected_for_reading,"Full text centers a primary virus and provides assay-supported host interaction, host factor, or pathway mechanism evidence.",fulltext_review,readable,pmc_xml,/Users/xingmeng/.openclaw/workspaces/staff-scientist-ideker/agenticWorkflow_LiteratureScreeningAndFullTextReview/runs/host_pathogen_shared_mechanisms_apms_20260826/passes/pass_001/artifacts/fulltext_import/PMC_XML/normalized/PMC9812381.json,high
pmid-36595532,36595532,PMC9838874,10.1371/journal.pntd.0011041,Longitudinal proteomic profiling of the inflammatory response in dengue patients.,2023,selected_for_reading,"Full text centers a primary virus and provides assay-supported host interaction, host factor, or pathway mechanism evidence.",fulltext_review,readable,pmc_xml,/Users/xingmeng/.openclaw/workspaces/staff-scientist-ideker/agenticWorkflow_LiteratureScreeningAndFullTextReview/runs/host_pathogen_shared_mechanisms_apms_20260826/passes/pass_001/artifacts/fulltext_import/PMC_XML/normalized/PMC9838874.json,high
pmid-36584296,36584296,PMC9910500,10.1073/pnas.2217476120,The chaperone protein p32 stabilizes HIV-1 Tat and strengthens the p-TEFb/RNAPII/TAR complex promoting HIV transcription elongation.,2023,selected_for_reading,"Full text centers a primary virus and provides assay-supported host interaction, host factor, or pathway mechanism evidence.",fulltext_review,readable,pmc_xml,/Users/xingmeng/.openclaw/workspaces/staff-scientist-ideker/agenticWorkflow_LiteratureScreeningAndFullTextReview/runs/host_pathogen_shared_mechanisms_apms_20260826/passes/pass_001/artifacts/fulltext_import/PMC_XML/normalized/PMC9910500.json,high
pmid-36581045,36581045,PMC10194149,10.1016/j.virusres.2022.199034,Identification of 5' upstream sequence involved in HSPBP1 gene transcription and its downregulation during HIV-1 infection.,2023,selected_for_reading,Full text links a primary virus to a host factor or host pathway mechanism.,fulltext_review,readable,pmc_xml,/Users/xingmeng/.openclaw/workspaces/staff-scientist-ideker/agenticWorkflow_LiteratureScreeningAndFullTextReview/runs/host_pathogen_shared_mechanisms_apms_20260826/passes/pass_001/artifacts/fulltext_import/PMC_XML/normalized/PMC10194149.json,medium
pmid-36464077,36464077,PMC9712144,10.1016/j.antiviral.2022.105478,RBM24 inhibits the translation of SARS-CoV-2 polyproteins by targeting the 5'-untranslated region.,2023,selected_for_reading,"Full text contains useful host-pathogen assay or pathway evidence, but the primary-virus mechanism is less central than in direct papers.",fulltext_review,readable,pmc_xml,/Users/xingmeng/.openclaw/workspaces/staff-scientist-ideker/agenticWorkflow_LiteratureScreeningAndFullTextReview/runs/host_pathogen_shared_mechanisms_apms_20260826/passes/pass_001/artifacts/fulltext_import/PMC_XML/normalized/PMC9712144.json,medium
pmid-36314049,36314049,PMC10117160,10.1093/jmcb/mjac060,HIV-induced membraneless organelles orchestrate post-nuclear entry steps.,2023,selected_for_reading,Full text links a primary virus to a host factor or host pathway mechanism.,fulltext_review,readable,pmc_xml,/Users/xingmeng/.openclaw/workspaces/staff-scientist-ideker/agenticWorkflow_LiteratureScreeningAndFullTextReview/runs/host_pathogen_shared_mechanisms_apms_20260826/passes/pass_001/artifacts/fulltext_import/PMC_XML/normalized/PMC10117160.json,medium
pmid-35333966,35333966,PMC10085909,10.1007/s00430-022-00732-x,HIV-1 restriction by SERINC5.,2023,selected_for_reading,"Full text centers a primary virus and provides assay-supported host interaction, host factor, or pathway mechanism evidence.",fulltext_review,readable,pmc_xml,/Users/xingmeng/.openclaw/workspaces/staff-scientist-ideker/agenticWorkflow_LiteratureScreeningAndFullTextReview/runs/host_pathogen_shared_mechanisms_apms_20260826/passes/pass_001/artifacts/fulltext_import/PMC_XML/normalized/PMC10085909.json,high
pmid-36685589,36685589,PMC9849909,10.3389/fimmu.2022.1091543,The diverse roles of miRNAs in HIV pathogenesis: Current understanding and future perspectives.,2022,selected_for_reading,Full text links a primary virus to a host factor or host pathway mechanism.,fulltext_review,readable,pmc_xml,/Users/xingmeng/.openclaw/workspaces/staff-scientist-ideker/agenticWorkflow_LiteratureScreeningAndFullTextReview/runs/host_pathogen_shared_mechanisms_apms_20260826/passes/pass_001/artifacts/fulltext_import/PMC_XML/normalized/PMC9849909.json,medium
pmid-36680071,36680071,PMC9861059,10.3390/v15010032,Determinants of Retroviral Integration and Implications for Gene Therapeutic MLV-Based Vectors and for a Cure for HIV-1 Infection.,2022,selected_for_reading,Full text links a primary virus to a host factor or host pathway mechanism.,fulltext_review,readable,pmc_xml,/Users/xingmeng/.openclaw/workspaces/staff-scientist-ideker/agenticWorkflow_LiteratureScreeningAndFullTextReview/runs/host_pathogen_shared_mechanisms_apms_20260826/passes/pass_001/artifacts/fulltext_import/PMC_XML/normalized/PMC9861059.json,medium
pmid-36669818,36669818,PMC9880883,10.1016/j.gpb.2022.12.009,"Corrigendum to ""An Integrated Systems Biology Approach Identifies the Proteasome as A Critical Host Machinery for ZIKV and DENV Replication"" [Genomics Proteomics Bioinformatics19 (1) (2021) 108-122].",2022,selected_for_reading,"Full text centers a primary virus and provides assay-supported host interaction, host factor, or pathway mechanism evidence.",fulltext_review,readable,pmc_xml,/Users/xingmeng/.openclaw/workspaces/staff-scientist-ideker/agenticWorkflow_LiteratureScreeningAndFullTextReview/runs/host_pathogen_shared_mechanisms_apms_20260826/passes/pass_001/artifacts/fulltext_import/PMC_XML/normalized/PMC9880883.json,high
pmid-36587218,36587218,PMC9805691,10.1186/s12985-022-01932-w,Mechanism of autophagy induced by activation of the AMPK/ERK/mTOR signaling pathway after TRIM22-mediated DENV-2 infection of HUVECs.,2022,selected_for_reading,"Full text centers a primary virus and provides assay-supported host interaction, host factor, or pathway mechanism evidence.",fulltext_review,readable,pmc_xml,/Users/xingmeng/.openclaw/workspaces/staff-scientist-ideker/agenticWorkflow_LiteratureScreeningAndFullTextReview/runs/host_pathogen_shared_mechanisms_apms_20260826/passes/pass_001/artifacts/fulltext_import/PMC_XML/normalized/PMC9805691.json,high
pmid-36512502,36512502,PMC9907111,10.1073/pnas.2214911119,PLK1-ELAVL1/HuR-miR-122 signaling facilitates hepatitis C virus proliferation.,2022,selected_for_reading,"Full text centers a primary virus and provides assay-supported host interaction, host factor, or pathway mechanism evidence.",fulltext_review,readable,pmc_xml,/Users/xingmeng/.openclaw/workspaces/staff-scientist-ideker/agenticWorkflow_LiteratureScreeningAndFullTextReview/runs/host_pathogen_shared_mechanisms_apms_20260826/passes/pass_001/artifacts/fulltext_import/PMC_XML/normalized/PMC9907111.json,high
pmid-36424447,36424447,PMC9691748,10.1038/s41598-022-23824-3,A single mutation in the E2 glycoprotein of hepatitis C virus broadens the claudin specificity for its infection.,2022,selected_for_reading,Full text links a primary virus to a host factor or host pathway mechanism.,fulltext_review,readable,pmc_xml,/Users/xingmeng/.openclaw/workspaces/staff-scientist-ideker/agenticWorkflow_LiteratureScreeningAndFullTextReview/runs/host_pathogen_shared_mechanisms_apms_20260826/passes/pass_001/artifacts/fulltext_import/PMC_XML/normalized/PMC9691748.json,medium
pmid-36423184,36423184,PMC9699586,10.3390/v14112575,Immune-Mediated Pathogenesis in Dengue Virus Infection.,2022,selected_for_reading,Full text links a primary virus to a host factor or host pathway mechanism.,fulltext_review,readable,pmc_xml,/Users/xingmeng/.openclaw/workspaces/staff-scientist-ideker/agenticWorkflow_LiteratureScreeningAndFullTextReview/runs/host_pathogen_shared_mechanisms_apms_20260826/passes/pass_001/artifacts/fulltext_import/PMC_XML/normalized/PMC9699586.json,medium
pmid-36423112,36423112,PMC9696704,10.3390/v14112503,"Tough Way In, Tough Way Out: The Complex Interplay of Host and Viral Factors in Nucleocytoplasmic Trafficking during HIV-1 Infection.",2022,selected_for_reading,"Full text centers a primary virus and provides assay-supported host interaction, host factor, or pathway mechanism evidence.",fulltext_review,readable,pmc_xml,/Users/xingmeng/.openclaw/workspaces/staff-scientist-ideker/agenticWorkflow_LiteratureScreeningAndFullTextReview/runs/host_pathogen_shared_mechanisms_apms_20260826/passes/pass_001/artifacts/fulltext_import/PMC_XML/normalized/PMC9696704.json,high
pmid-36379513,36379513,PMC9813422,10.5483/BMBRep.2022.55.12.154,Topological implications of DNA tumor viral episomes.,2022,selected_for_reading,"Full text has plausible host pathway or host-factor mechanism context for a primary virus, but evidence is not strongly assay-centered.",fulltext_review,readable,pmc_xml,/Users/xingmeng/.openclaw/workspaces/staff-scientist-ideker/agenticWorkflow_LiteratureScreeningAndFullTextReview/runs/host_pathogen_shared_mechanisms_apms_20260826/passes/pass_001/artifacts/fulltext_import/PMC_XML/normalized/PMC9813422.json,low
pmid-36334594,36334594,PMC9729829,10.1016/j.xcrm.2022.100804,Enhanced TLR3 responsiveness in hepatitis C virus resistant women from the Irish anti-D cohort.,2022,selected_for_reading,Full text links a primary virus to a host factor or host pathway mechanism.,fulltext_review,readable,pmc_xml,/Users/xingmeng/.openclaw/workspaces/staff-scientist-ideker/agenticWorkflow_LiteratureScreeningAndFullTextReview/runs/host_pathogen_shared_mechanisms_apms_20260826/passes/pass_001/artifacts/fulltext_import/PMC_XML/normalized/PMC9729829.json,medium
pmid-36285453,36285453,PMC9665091,10.1080/22221751.2022.2140605,FBXO34 promotes latent HIV-1 activation by post-transcriptional modulation.,2022,selected_for_reading,"Full text centers a primary virus and provides assay-supported host interaction, host factor, or pathway mechanism evidence.",fulltext_review,readable,pmc_xml,/Users/xingmeng/.openclaw/workspaces/staff-scientist-ideker/agenticWorkflow_LiteratureScreeningAndFullTextReview/runs/host_pathogen_shared_mechanisms_apms_20260826/passes/pass_001/artifacts/fulltext_import/PMC_XML/normalized/PMC9665091.json,high
pmid-36260688,36260688,PMC9705157,10.1126/scitranslmed.abh3351,Genome-wide CRISPR screens identify combinations of candidate latency reversing agents for targeting the latent HIV-1 reservoir.,2022,selected_for_reading,"Full text centers a primary virus and provides assay-supported host interaction, host factor, or pathway mechanism evidence.",fulltext_review,readable,pmc_xml,/Users/xingmeng/.openclaw/workspaces/staff-scientist-ideker/agenticWorkflow_LiteratureScreeningAndFullTextReview/runs/host_pathogen_shared_mechanisms_apms_20260826/passes/pass_001/artifacts/fulltext_import/PMC_XML/normalized/PMC9705157.json,high
pmid-36246972,36246972,PMC9560859,10.1155/2022/8610467,Cleavage of AUF1 by Coxsackievirus B Affects DDX5 Regulatory on Viral Replication through iTRAQ Proteomics Analysis.,2022,selected_for_reading,"Full text centers a primary virus and provides assay-supported host interaction, host factor, or pathway mechanism evidence.",fulltext_review,readable,pmc_xml,/Users/xingmeng/.openclaw/workspaces/staff-scientist-ideker/agenticWorkflow_LiteratureScreeningAndFullTextReview/runs/host_pathogen_shared_mechanisms_apms_20260826/passes/pass_001/artifacts/fulltext_import/PMC_XML/normalized/PMC9560859.json,high
pmid-36215666,36215666,PMC9724678,10.15252/embr.202255470,The Autophagy Receptor TAX1BP1 (T6BP) improves antigen presentation by MHC-II molecules.,2022,selected_for_reading,"Full text contains useful host-pathogen assay or pathway evidence, but the primary-virus mechanism is less central than in direct papers.",fulltext_review,readable,pmc_xml,/Users/xingmeng/.openclaw/workspaces/staff-scientist-ideker/agenticWorkflow_LiteratureScreeningAndFullTextReview/runs/host_pathogen_shared_mechanisms_apms_20260826/passes/pass_001/artifacts/fulltext_import/PMC_XML/normalized/PMC9724678.json,medium
pmid-36209827,36209827,PMC9650044,10.1016/j.jbc.2022.102570,The ganglioside GM1a functions as a coreceptor/attachment factor for dengue virus during infection.,2022,selected_for_reading,"Full text centers a primary virus and provides assay-supported host interaction, host factor, or pathway mechanism evidence.",fulltext_review,readable,pmc_xml,/Users/xingmeng/.openclaw/workspaces/staff-scientist-ideker/agenticWorkflow_LiteratureScreeningAndFullTextReview/runs/host_pathogen_shared_mechanisms_apms_20260826/passes/pass_001/artifacts/fulltext_import/PMC_XML/normalized/PMC9650044.json,high
pmid-36205434,36205434,PMC9677813,10.1002/JLB.3MA0522-273RR,Morphine disrupts macrophage functions even during HIV infection.,2022,selected_for_reading,"Full text centers a primary virus and provides assay-supported host interaction, host factor, or pathway mechanism evidence.",fulltext_review,readable,pmc_xml,/Users/xingmeng/.openclaw/workspaces/staff-scientist-ideker/agenticWorkflow_LiteratureScreeningAndFullTextReview/runs/host_pathogen_shared_mechanisms_apms_20260826/passes/pass_001/artifacts/fulltext_import/PMC_XML/normalized/PMC9677813.json,high
pmid-36187964,36187964,PMC9515977,10.3389/fmicb.2022.990978,Isobaric tags for relative and absolute quantification-based proteomic analysis of host-pathogen protein interactions in the midgut of Aedes albopictus during dengue virus infection.,2022,selected_for_reading,"Full text centers a primary virus and provides assay-supported host interaction, host factor, or pathway mechanism evidence.",fulltext_review,readable,pmc_xml,/Users/xingmeng/.openclaw/workspaces/staff-scientist-ideker/agenticWorkflow_LiteratureScreeningAndFullTextReview/runs/host_pathogen_shared_mechanisms_apms_20260826/passes/pass_001/artifacts/fulltext_import/PMC_XML/normalized/PMC9515977.json,high
pmid-36171757,36171757,PMC9510660,10.3389/fcimb.2022.979996,Dengue activates mTORC2 signaling to counteract apoptosis and maximize viral replication.,2022,selected_for_reading,"Full text centers a primary virus and provides assay-supported host interaction, host factor, or pathway mechanism evidence.",fulltext_review,readable,pmc_xml,/Users/xingmeng/.openclaw/workspaces/staff-scientist-ideker/agenticWorkflow_LiteratureScreeningAndFullTextReview/runs/host_pathogen_shared_mechanisms_apms_20260826/passes/pass_001/artifacts/fulltext_import/PMC_XML/normalized/PMC9510660.json,high
pmid-36146710,36146710,PMC9505868,10.3390/v14091903,CAPG Is Required for Ebola Virus Infection by Controlling Virus Egress from Infected Cells.,2022,selected_for_reading,Full text links a primary virus to a host factor or host pathway mechanism.,fulltext_review,readable,pmc_xml,/Users/xingmeng/.openclaw/workspaces/staff-scientist-ideker/agenticWorkflow_LiteratureScreeningAndFullTextReview/runs/host_pathogen_shared_mechanisms_apms_20260826/passes/pass_001/artifacts/fulltext_import/PMC_XML/normalized/PMC9505868.json,medium
pmid-36145436,36145436,PMC9504723,10.3390/pathogens11091005,MicroRNA-122 Regulation of HCV Infections: Insights from Studies of miR-122-Independent Replication.,2022,selected_for_reading,Full text links a primary virus to a host factor or host pathway mechanism.,fulltext_review,readable,pmc_xml,/Users/xingmeng/.openclaw/workspaces/staff-scientist-ideker/agenticWorkflow_LiteratureScreeningAndFullTextReview/runs/host_pathogen_shared_mechanisms_apms_20260826/passes/pass_001/artifacts/fulltext_import/PMC_XML/normalized/PMC9504723.json,medium
pmid-36144777,36144777,PMC9501042,10.3390/molecules27186043,High-Resolution Mass Spectrometry Identification and Characterization of Flavonoids from Fridericia chica Leaves Extract with Anti-Arbovirus Activity.,2022,selected_for_reading,"Full text contains useful host-pathogen assay or pathway evidence, but the primary-virus mechanism is less central than in direct papers.",fulltext_review,readable,pmc_xml,/Users/xingmeng/.openclaw/workspaces/staff-scientist-ideker/agenticWorkflow_LiteratureScreeningAndFullTextReview/runs/host_pathogen_shared_mechanisms_apms_20260826/passes/pass_001/artifacts/fulltext_import/PMC_XML/normalized/PMC9501042.json,medium
pmid-36115853,36115853,PMC9482658,10.1038/s41467-022-33123-0,Mechanistic understanding of human SLFN11.,2022,selected_for_reading,"Full text contains useful host-pathogen assay or pathway evidence, but the primary-virus mechanism is less central than in direct papers.",fulltext_review,readable,pmc_xml,/Users/xingmeng/.openclaw/workspaces/staff-scientist-ideker/agenticWorkflow_LiteratureScreeningAndFullTextReview/runs/host_pathogen_shared_mechanisms_apms_20260826/passes/pass_001/artifacts/fulltext_import/PMC_XML/normalized/PMC9482658.json,medium
pmid-36106078,36106078,PMC9465167,10.3389/fmicb.2022.1002476,Human immunodeficiency virus-1 core: The Trojan horse in virus-host interaction.,2022,selected_for_reading,Full text links a primary virus to a host factor or host pathway mechanism.,fulltext_review,readable,pmc_xml,/Users/xingmeng/.openclaw/workspaces/staff-scientist-ideker/agenticWorkflow_LiteratureScreeningAndFullTextReview/runs/host_pathogen_shared_mechanisms_apms_20260826/passes/pass_001/artifacts/fulltext_import/PMC_XML/normalized/PMC9465167.json,medium
pmid-36075902,36075902,PMC9453702,10.1038/s41467-022-32758-3,Structure-function analysis of enterovirus protease 2A in complex with its essential host factor SETD3.,2022,selected_for_reading,"Full text contains useful host-pathogen assay or pathway evidence, but the primary-virus mechanism is less central than in direct papers.",fulltext_review,readable,pmc_xml,/Users/xingmeng/.openclaw/workspaces/staff-scientist-ideker/agenticWorkflow_LiteratureScreeningAndFullTextReview/runs/host_pathogen_shared_mechanisms_apms_20260826/passes/pass_001/artifacts/fulltext_import/PMC_XML/normalized/PMC9453702.json,medium
pmid-36074777,36074777,PMC9488832,10.1371/journal.ppat.1010329,Arbovirus-vector protein interactomics identifies Loquacious as a co-factor for dengue virus replication in Aedes mosquitoes.,2022,selected_for_reading,"Full text centers a primary virus and provides assay-supported host interaction, host factor, or pathway mechanism evidence.",fulltext_review,readable,pmc_xml,/Users/xingmeng/.openclaw/workspaces/staff-scientist-ideker/agenticWorkflow_LiteratureScreeningAndFullTextReview/runs/host_pathogen_shared_mechanisms_apms_20260826/passes/pass_001/artifacts/fulltext_import/PMC_XML/normalized/PMC9488832.json,high
pmid-36070318,36070318,PMC9484696,10.1371/journal.pntd.0010743,Identification of Aedes aegypti salivary gland proteins interacting with human immune receptor proteins.,2022,selected_for_reading,"Full text contains useful host-pathogen assay or pathway evidence, but the primary-virus mechanism is less central than in direct papers.",fulltext_review,readable,pmc_xml,/Users/xingmeng/.openclaw/workspaces/staff-scientist-ideker/agenticWorkflow_LiteratureScreeningAndFullTextReview/runs/host_pathogen_shared_mechanisms_apms_20260826/passes/pass_001/artifacts/fulltext_import/PMC_XML/normalized/PMC9484696.json,medium
pmid-36016351,36016351,PMC9415270,10.3390/v14081729,Viral and Host Factors Regulating HIV-1 Envelope Protein Trafficking and Particle Incorporation.,2022,selected_for_reading,Full text links a primary virus to a host factor or host pathway mechanism.,fulltext_review,readable,pmc_xml,/Users/xingmeng/.openclaw/workspaces/staff-scientist-ideker/agenticWorkflow_LiteratureScreeningAndFullTextReview/runs/host_pathogen_shared_mechanisms_apms_20260826/passes/pass_001/artifacts/fulltext_import/PMC_XML/normalized/PMC9415270.json,medium
pmid-36016316,36016316,PMC9518822,10.3390/v14081694,A Proteomic Approach to Study the Biological Role of Hepatitis C Virus Protein Core+1/ARFP.,2022,selected_for_reading,"Full text centers a primary virus and provides assay-supported host interaction, host factor, or pathway mechanism evidence.",fulltext_review,readable,pmc_xml,/Users/xingmeng/.openclaw/workspaces/staff-scientist-ideker/agenticWorkflow_LiteratureScreeningAndFullTextReview/runs/host_pathogen_shared_mechanisms_apms_20260826/passes/pass_001/artifacts/fulltext_import/PMC_XML/normalized/PMC9518822.json,high
pmid-36015010,36015010,PMC9415735,10.3390/pathogens11080891,Application of CRISPR-Cas9 Gene Editing for HIV Host Factor Discovery and Validation.,2022,selected_for_reading,"Full text centers a primary virus and provides assay-supported host interaction, host factor, or pathway mechanism evidence.",fulltext_review,readable,pmc_xml,/Users/xingmeng/.openclaw/workspaces/staff-scientist-ideker/agenticWorkflow_LiteratureScreeningAndFullTextReview/runs/host_pathogen_shared_mechanisms_apms_20260826/passes/pass_001/artifacts/fulltext_import/PMC_XML/normalized/PMC9415735.json,high
pmid-35951676,35951676,PMC9426931,10.1371/journal.ppat.1010754,Localization and functions of native and eGFP-tagged capsid proteins in HIV-1 particles.,2022,selected_for_reading,Full text links a primary virus to a host factor or host pathway mechanism.,fulltext_review,readable,pmc_xml,/Users/xingmeng/.openclaw/workspaces/staff-scientist-ideker/agenticWorkflow_LiteratureScreeningAndFullTextReview/runs/host_pathogen_shared_mechanisms_apms_20260826/passes/pass_001/artifacts/fulltext_import/PMC_XML/normalized/PMC9426931.json,medium
pmid-35939522,35939522,PMC9387935,10.1371/journal.ppat.1010763,TMEM41B and VMP1 modulate cellular lipid and energy metabolism for facilitating dengue virus infection.,2022,selected_for_reading,"Full text centers a primary virus and provides assay-supported host interaction, host factor, or pathway mechanism evidence.",fulltext_review,readable,pmc_xml,/Users/xingmeng/.openclaw/workspaces/staff-scientist-ideker/agenticWorkflow_LiteratureScreeningAndFullTextReview/runs/host_pathogen_shared_mechanisms_apms_20260826/passes/pass_001/artifacts/fulltext_import/PMC_XML/normalized/PMC9387935.json,high
pmid-35914008,35914008,PMC9371351,10.1371/journal.ppat.1010744,KSHV RTA antagonizes SMC5/6 complex-induced viral chromatin compaction by hijacking the ubiquitin-proteasome system.,2022,selected_for_reading,Full text links a primary virus to a host factor or host pathway mechanism.,fulltext_review,readable,pmc_xml,/Users/xingmeng/.openclaw/workspaces/staff-scientist-ideker/agenticWorkflow_LiteratureScreeningAndFullTextReview/runs/host_pathogen_shared_mechanisms_apms_20260826/passes/pass_001/artifacts/fulltext_import/PMC_XML/normalized/PMC9371351.json,medium
pmid-35891518,35891518,PMC9317111,10.3390/v14071538,Galectin-9 and Interferon-Gamma Are Released by Natural Killer Cells upon Activation with Interferon-Alpha and Orchestrate the Suppression of Hepatitis C Virus Infection.,2022,selected_for_reading,"Full text centers a primary virus and provides assay-supported host interaction, host factor, or pathway mechanism evidence.",fulltext_review,readable,pmc_xml,/Users/xingmeng/.openclaw/workspaces/staff-scientist-ideker/agenticWorkflow_LiteratureScreeningAndFullTextReview/runs/host_pathogen_shared_mechanisms_apms_20260826/passes/pass_001/artifacts/fulltext_import/PMC_XML/normalized/PMC9317111.json,high
pmid-35861660,35861660,PMC10597057,10.1021/acschembio.2c00176,S-Palmitoylation and Sterol Interactions Mediate Antiviral Specificity of IFITMs.,2022,selected_for_reading,"Full text contains useful host-pathogen assay or pathway evidence, but the primary-virus mechanism is less central than in direct papers.",fulltext_review,readable,pmc_xml,/Users/xingmeng/.openclaw/workspaces/staff-scientist-ideker/agenticWorkflow_LiteratureScreeningAndFullTextReview/runs/host_pathogen_shared_mechanisms_apms_20260826/passes/pass_001/artifacts/fulltext_import/PMC_XML/normalized/PMC10597057.json,medium
pmid-35836293,35836293,PMC9284890,10.1186/s12985-022-01848-5,PPP2R5D promotes hepatitis C virus infection by binding to viral NS5B and enhancing viral RNA replication.,2022,selected_for_reading,"Full text centers a primary virus and provides assay-supported host interaction, host factor, or pathway mechanism evidence.",fulltext_review,readable,pmc_xml,/Users/xingmeng/.openclaw/workspaces/staff-scientist-ideker/agenticWorkflow_LiteratureScreeningAndFullTextReview/runs/host_pathogen_shared_mechanisms_apms_20260826/passes/pass_001/artifacts/fulltext_import/PMC_XML/normalized/PMC9284890.json,high
pmid-35834589,35834589,PMC9321775,10.1371/journal.ppat.1010717,A specific EMC subunit supports Dengue virus infection by promoting virus membrane fusion essential for cytosolic genome delivery.,2022,selected_for_reading,Full text links a primary virus to a host factor or host pathway mechanism.,fulltext_review,readable,pmc_xml,/Users/xingmeng/.openclaw/workspaces/staff-scientist-ideker/agenticWorkflow_LiteratureScreeningAndFullTextReview/runs/host_pathogen_shared_mechanisms_apms_20260826/passes/pass_001/artifacts/fulltext_import/PMC_XML/normalized/PMC9321775.json,medium
pmid-35798140,35798140,PMC9372746,10.1016/j.jbc.2022.102232,Sulfotyrosine residues: Interaction specificity determinants for extracellular protein-protein interactions.,2022,selected_for_reading,"Full text contains useful host-pathogen assay or pathway evidence, but the primary-virus mechanism is less central than in direct papers.",fulltext_review,readable,pmc_xml,/Users/xingmeng/.openclaw/workspaces/staff-scientist-ideker/agenticWorkflow_LiteratureScreeningAndFullTextReview/runs/host_pathogen_shared_mechanisms_apms_20260826/passes/pass_001/artifacts/fulltext_import/PMC_XML/normalized/PMC9372746.json,medium
pmid-35794176,35794176,PMC9259737,10.1038/s41598-022-15646-0,People with HIV have higher percentages of circulating CCR5+ CD8+ T cells and lower percentages of CCR5+ regulatory T cells.,2022,selected_for_reading,"Full text centers a primary virus and provides assay-supported host interaction, host factor, or pathway mechanism evidence.",fulltext_review,readable,pmc_xml,/Users/xingmeng/.openclaw/workspaces/staff-scientist-ideker/agenticWorkflow_LiteratureScreeningAndFullTextReview/runs/host_pathogen_shared_mechanisms_apms_20260826/passes/pass_001/artifacts/fulltext_import/PMC_XML/normalized/PMC9259737.json,high
pmid-35767946,35767946,PMC9237956,10.1016/j.celrep.2022.110989,Early IFNβ secretion determines variable downstream IL-12p70 responses upon TLR4 activation.,2022,selected_for_reading,"Full text contains useful host-pathogen assay or pathway evidence, but the primary-virus mechanism is less central than in direct papers.",fulltext_review,readable,pmc_xml,/Users/xingmeng/.openclaw/workspaces/staff-scientist-ideker/agenticWorkflow_LiteratureScreeningAndFullTextReview/runs/host_pathogen_shared_mechanisms_apms_20260826/passes/pass_001/artifacts/fulltext_import/PMC_XML/normalized/PMC9237956.json,medium
pmid-35713529,35713529,PMC9262610,10.1093/nar/gkac464,Genome-wide CRISPR/Cas9 transcriptional activation screen identifies a histone acetyltransferase inhibitor complex as a regulator of HIV-1 integration.,2022,selected_for_reading,Full text links a primary virus to a host factor or host pathway mechanism.,fulltext_review,readable,pmc_xml,/Users/xingmeng/.openclaw/workspaces/staff-scientist-ideker/agenticWorkflow_LiteratureScreeningAndFullTextReview/runs/host_pathogen_shared_mechanisms_apms_20260826/passes/pass_001/artifacts/fulltext_import/PMC_XML/normalized/PMC9262610.json,medium
pmid-35693845,35693845,PMC9177292,10.1155/2022/4663735,Metabolomic Analysis of Key Regulatory Metabolites in the Urine of Flavivirus-Infected Mice.,2022,selected_for_reading,"Full text contains useful host-pathogen assay or pathway evidence, but the primary-virus mechanism is less central than in direct papers.",fulltext_review,readable,pmc_xml,/Users/xingmeng/.openclaw/workspaces/staff-scientist-ideker/agenticWorkflow_LiteratureScreeningAndFullTextReview/runs/host_pathogen_shared_mechanisms_apms_20260826/passes/pass_001/artifacts/fulltext_import/PMC_XML/normalized/PMC9177292.json,medium
pmid-35654986,35654986,PMC9160517,10.1038/s41598-022-13373-0,The impact of the suppression of highly connected protein interactions on the corona virus infection.,2022,selected_for_reading,"Full text contains useful host-pathogen assay or pathway evidence, but the primary-virus mechanism is less central than in direct papers.",fulltext_review,readable,pmc_xml,/Users/xingmeng/.openclaw/workspaces/staff-scientist-ideker/agenticWorkflow_LiteratureScreeningAndFullTextReview/runs/host_pathogen_shared_mechanisms_apms_20260826/passes/pass_001/artifacts/fulltext_import/PMC_XML/normalized/PMC9160517.json,medium
pmid-35640596,35640596,PMC9177988,10.1093/nar/gkac407,Catchet-MS identifies IKZF1-targeting thalidomide analogues as novel HIV-1 latency reversal agents.,2022,selected_for_reading,"Full text centers a primary virus and provides assay-supported host interaction, host factor, or pathway mechanism evidence.",fulltext_review,readable,pmc_xml,/Users/xingmeng/.openclaw/workspaces/staff-scientist-ideker/agenticWorkflow_LiteratureScreeningAndFullTextReview/runs/host_pathogen_shared_mechanisms_apms_20260826/passes/pass_001/artifacts/fulltext_import/PMC_XML/normalized/PMC9177988.json,high
pmid-35632732,35632732,PMC9147118,10.3390/v14050992,Innate Immune Response to Dengue Virus: Toll-like Receptors and Antiviral Response.,2022,selected_for_reading,Full text links a primary virus to a host factor or host pathway mechanism.,fulltext_review,readable,pmc_xml,/Users/xingmeng/.openclaw/workspaces/staff-scientist-ideker/agenticWorkflow_LiteratureScreeningAndFullTextReview/runs/host_pathogen_shared_mechanisms_apms_20260826/passes/pass_001/artifacts/fulltext_import/PMC_XML/normalized/PMC9147118.json,medium
pmid-35631447,35631447,PMC9144480,10.3390/ph15050621,Methylene Blue Is a Nonspecific Protein-Protein Interaction Inhibitor with Potential for Repurposing as an Antiviral for COVID-19.,2022,selected_for_reading,"Full text contains useful host-pathogen assay or pathway evidence, but the primary-virus mechanism is less central than in direct papers.",fulltext_review,readable,pmc_xml,/Users/xingmeng/.openclaw/workspaces/staff-scientist-ideker/agenticWorkflow_LiteratureScreeningAndFullTextReview/runs/host_pathogen_shared_mechanisms_apms_20260826/passes/pass_001/artifacts/fulltext_import/PMC_XML/normalized/PMC9144480.json,medium
pmid-35545036,35545036,PMC9245836,10.1016/j.celrep.2022.110810,A TRUSTED targeted mass spectrometry assay for pan-herpesvirus protein detection.,2022,selected_for_reading,"Full text contains useful host-pathogen assay or pathway evidence, but the primary-virus mechanism is less central than in direct papers.",fulltext_review,readable,pmc_xml,/Users/xingmeng/.openclaw/workspaces/staff-scientist-ideker/agenticWorkflow_LiteratureScreeningAndFullTextReview/runs/host_pathogen_shared_mechanisms_apms_20260826/passes/pass_001/artifacts/fulltext_import/PMC_XML/normalized/PMC9245836.json,medium
pmid-35545034,35545034,PMC9136943,10.1016/j.celrep.2022.110797,Interactomic analysis reveals a homeostatic role for the HIV restriction factor TRIM5α in mitophagy.,2022,selected_for_reading,"Full text centers a primary virus and provides assay-supported host interaction, host factor, or pathway mechanism evidence.",fulltext_review,readable,pmc_xml,/Users/xingmeng/.openclaw/workspaces/staff-scientist-ideker/agenticWorkflow_LiteratureScreeningAndFullTextReview/runs/host_pathogen_shared_mechanisms_apms_20260826/passes/pass_001/artifacts/fulltext_import/PMC_XML/normalized/PMC9136943.json,high
pmid-35544042,35544042,PMC7613316,10.1016/S2666-5247(21)00235-4,"Transcriptomic signatures induced by the Ebola virus vaccine rVSVΔG-ZEBOV-GP in adult cohorts in Europe, Africa, and North America: a molecular biomarker study.",2022,selected_for_reading,"Full text centers a primary virus and provides assay-supported host interaction, host factor, or pathway mechanism evidence.",fulltext_review,readable,pmc_xml,/Users/xingmeng/.openclaw/workspaces/staff-scientist-ideker/agenticWorkflow_LiteratureScreeningAndFullTextReview/runs/host_pathogen_shared_mechanisms_apms_20260826/passes/pass_001/artifacts/fulltext_import/PMC_XML/normalized/PMC7613316.json,high
pmid-35502456,35502456,PMC9112328,10.1021/acsinfecdis.1c00508,"Fused in Liposarcoma Protein, a New Player in the Regulation of HIV-1 Transcription, Binds to Known and Newly Identified LTR G-Quadruplexes.",2022,selected_for_reading,"Full text centers a primary virus and provides assay-supported host interaction, host factor, or pathway mechanism evidence.",fulltext_review,readable,pmc_xml,/Users/xingmeng/.openclaw/workspaces/staff-scientist-ideker/agenticWorkflow_LiteratureScreeningAndFullTextReview/runs/host_pathogen_shared_mechanisms_apms_20260826/passes/pass_001/artifacts/fulltext_import/PMC_XML/normalized/PMC9112328.json,high
pmid-35495669,35495669,PMC9048205,10.3389/fmicb.2022.879152,Altered Expression of ACE2 and Co-receptors of SARS-CoV-2 in the Gut Mucosa of the SIV Model of HIV/AIDS.,2022,selected_for_reading,Full text links a primary virus to a host factor or host pathway mechanism.,fulltext_review,readable,pmc_xml,/Users/xingmeng/.openclaw/workspaces/staff-scientist-ideker/agenticWorkflow_LiteratureScreeningAndFullTextReview/runs/host_pathogen_shared_mechanisms_apms_20260826/passes/pass_001/artifacts/fulltext_import/PMC_XML/normalized/PMC9048205.json,medium
pmid-35494555,35494555,PMC9052817,10.1177/11779322221092944,From Beginning to End: Expanding the SERINC3 Interactome Through an in silico Analysis.,2022,selected_for_reading,"Full text contains useful host-pathogen assay or pathway evidence, but the primary-virus mechanism is less central than in direct papers.",fulltext_review,readable,pmc_xml,/Users/xingmeng/.openclaw/workspaces/staff-scientist-ideker/agenticWorkflow_LiteratureScreeningAndFullTextReview/runs/host_pathogen_shared_mechanisms_apms_20260826/passes/pass_001/artifacts/fulltext_import/PMC_XML/normalized/PMC9052817.json,medium
pmid-35483451,35483451,PMC9163519,10.1016/j.jbc.2022.101983,microRNA-27b regulates hepatic lipase enzyme LIPC and reduces triglyceride degradation during hepatitis C virus infection.,2022,selected_for_reading,"Full text centers a primary virus and provides assay-supported host interaction, host factor, or pathway mechanism evidence.",fulltext_review,readable,pmc_xml,/Users/xingmeng/.openclaw/workspaces/staff-scientist-ideker/agenticWorkflow_LiteratureScreeningAndFullTextReview/runs/host_pathogen_shared_mechanisms_apms_20260826/passes/pass_001/artifacts/fulltext_import/PMC_XML/normalized/PMC9163519.json,high
pmid-35482886,35482886,PMC9089905,10.1371/journal.ppat.1010163,Loquacious modulates flaviviral RNA replication in mosquito cells.,2022,selected_for_reading,"Full text contains useful host-pathogen assay or pathway evidence, but the primary-virus mechanism is less central than in direct papers.",fulltext_review,readable,pmc_xml,/Users/xingmeng/.openclaw/workspaces/staff-scientist-ideker/agenticWorkflow_LiteratureScreeningAndFullTextReview/runs/host_pathogen_shared_mechanisms_apms_20260826/passes/pass_001/artifacts/fulltext_import/PMC_XML/normalized/PMC9089905.json,medium
pmid-35452674,35452674,PMC9133654,10.1016/j.jbc.2022.101956,The cargo adapter protein CLINT1 is phosphorylated by the Numb-associated kinase BIKE and mediates dengue virus infection.,2022,selected_for_reading,"Full text centers a primary virus and provides assay-supported host interaction, host factor, or pathway mechanism evidence.",fulltext_review,readable,pmc_xml,/Users/xingmeng/.openclaw/workspaces/staff-scientist-ideker/agenticWorkflow_LiteratureScreeningAndFullTextReview/runs/host_pathogen_shared_mechanisms_apms_20260826/passes/pass_001/artifacts/fulltext_import/PMC_XML/normalized/PMC9133654.json,high
pmid-35446128,35446128,PMC9239184,10.1128/mbio.00567-22,Plasma Proteomic Analysis Distinguishes Severity Outcomes of Human Ebola Virus Disease.,2022,selected_for_reading,"Full text centers a primary virus and provides assay-supported host interaction, host factor, or pathway mechanism evidence.",fulltext_review,readable,pmc_xml,/Users/xingmeng/.openclaw/workspaces/staff-scientist-ideker/agenticWorkflow_LiteratureScreeningAndFullTextReview/runs/host_pathogen_shared_mechanisms_apms_20260826/passes/pass_001/artifacts/fulltext_import/PMC_XML/normalized/PMC9239184.json,high
pmid-35438526,35438526,PMC9241813,10.1128/spectrum.01995-21,"SGK1, a Serine/Threonine Kinase, Inhibits Prototype Foamy Virus Replication.",2022,selected_for_reading,"Full text contains useful host-pathogen assay or pathway evidence, but the primary-virus mechanism is less central than in direct papers.",fulltext_review,readable,pmc_xml,/Users/xingmeng/.openclaw/workspaces/staff-scientist-ideker/agenticWorkflow_LiteratureScreeningAndFullTextReview/runs/host_pathogen_shared_mechanisms_apms_20260826/passes/pass_001/artifacts/fulltext_import/PMC_XML/normalized/PMC9241813.json,medium
pmid-35417684,35417684,PMC9429972,10.1016/j.celrep.2022.110690,Global post-translational modification profiling of HIV-1-infected cells reveals mechanisms of host cellular pathway remodeling.,2022,selected_for_reading,"Full text centers a primary virus and provides assay-supported host interaction, host factor, or pathway mechanism evidence.",fulltext_review,readable,pmc_xml,/Users/xingmeng/.openclaw/workspaces/staff-scientist-ideker/agenticWorkflow_LiteratureScreeningAndFullTextReview/runs/host_pathogen_shared_mechanisms_apms_20260826/passes/pass_001/artifacts/fulltext_import/PMC_XML/normalized/PMC9429972.json,high
pmid-35412343,35412343,PMC9093127,10.1128/jvi.00096-22,Pharmacological Targeting of Sphingosine Kinases Impedes HIV-1 Infection of CD4 T Cells through SAMHD1 Modulation.,2022,selected_for_reading,Full text links a primary virus to a host factor or host pathway mechanism.,fulltext_review,readable,pmc_xml,/Users/xingmeng/.openclaw/workspaces/staff-scientist-ideker/agenticWorkflow_LiteratureScreeningAndFullTextReview/runs/host_pathogen_shared_mechanisms_apms_20260826/passes/pass_001/artifacts/fulltext_import/PMC_XML/normalized/PMC9093127.json,medium
pmid-35402303,35402303,PMC8987439,10.3389/fcimb.2022.851917,Hepatitis C Virus Infection Cycle-Specific MicroRNA Profiling Reveals Stage-Specific miR-4423-3p Targets RIG-I to Facilitate Infection.,2022,selected_for_reading,Full text links a primary virus to a host factor or host pathway mechanism.,fulltext_review,readable,pmc_xml,/Users/xingmeng/.openclaw/workspaces/staff-scientist-ideker/agenticWorkflow_LiteratureScreeningAndFullTextReview/runs/host_pathogen_shared_mechanisms_apms_20260826/passes/pass_001/artifacts/fulltext_import/PMC_XML/normalized/PMC8987439.json,medium
pmid-35378215,35378215,PMC10807690,10.1016/j.peptides.2022.170797,PD1 CD44 antiviral peptide as an inhibitor of the protein-protein interaction in dengue virus invasion.,2022,selected_for_reading,"Full text centers a primary virus and provides assay-supported host interaction, host factor, or pathway mechanism evidence.",fulltext_review,readable,pmc_xml,/Users/xingmeng/.openclaw/workspaces/staff-scientist-ideker/agenticWorkflow_LiteratureScreeningAndFullTextReview/runs/host_pathogen_shared_mechanisms_apms_20260826/passes/pass_001/artifacts/fulltext_import/PMC_XML/normalized/PMC10807690.json,high
pmid-35369502,35369502,PMC8969595,10.3389/fmicb.2022.849084,MxB Disrupts Hepatitis C Virus NS5A-CypA Complex: Insights From a Combined Theoretical and Experimental Approach.,2022,selected_for_reading,Full text links a primary virus to a host factor or host pathway mechanism.,fulltext_review,readable,pmc_xml,/Users/xingmeng/.openclaw/workspaces/staff-scientist-ideker/agenticWorkflow_LiteratureScreeningAndFullTextReview/runs/host_pathogen_shared_mechanisms_apms_20260826/passes/pass_001/artifacts/fulltext_import/PMC_XML/normalized/PMC8969595.json,medium
pmid-35365639,35365639,PMC8976027,10.1038/s41467-022-29346-w,A functional map of HIV-host interactions in primary human T cells.,2022,selected_for_reading,"Full text centers a primary virus and provides assay-supported host interaction, host factor, or pathway mechanism evidence.",fulltext_review,readable,pmc_xml,/Users/xingmeng/.openclaw/workspaces/staff-scientist-ideker/agenticWorkflow_LiteratureScreeningAndFullTextReview/runs/host_pathogen_shared_mechanisms_apms_20260826/passes/pass_001/artifacts/fulltext_import/PMC_XML/normalized/PMC8976027.json,high
pmid-35353449,35353449,PMC9114447,10.1049/nbt2.12082,Toxicity of Ulva lactuca and green fabricated silver nanoparticles against mosquito vectors and their impact on the genomic DNA of the dengue vector Aedes aegypti.,2022,selected_for_reading,"Full text centers a primary virus and provides assay-supported host interaction, host factor, or pathway mechanism evidence.",fulltext_review,readable,pmc_xml,/Users/xingmeng/.openclaw/workspaces/staff-scientist-ideker/agenticWorkflow_LiteratureScreeningAndFullTextReview/runs/host_pathogen_shared_mechanisms_apms_20260826/passes/pass_001/artifacts/fulltext_import/PMC_XML/normalized/PMC9114447.json,high
pmid-35327495,35327495,PMC8945713,10.3390/biomedicines10030693,Proteomic Profiling and T Cell Receptor Usage of Abacavir Susceptible Subjects.,2022,selected_for_reading,"Full text contains useful host-pathogen assay or pathway evidence, but the primary-virus mechanism is less central than in direct papers.",fulltext_review,readable,pmc_xml,/Users/xingmeng/.openclaw/workspaces/staff-scientist-ideker/agenticWorkflow_LiteratureScreeningAndFullTextReview/runs/host_pathogen_shared_mechanisms_apms_20260826/passes/pass_001/artifacts/fulltext_import/PMC_XML/normalized/PMC8945713.json,medium
pmid-35320713,35320713,PMC10496643,10.1016/j.celrep.2022.110544,Functional interactomes of the Ebola virus polymerase identified by proximity proteomics in the context of viral replication.,2022,selected_for_reading,"Full text centers a primary virus and provides assay-supported host interaction, host factor, or pathway mechanism evidence.",fulltext_review,readable,pmc_xml,/Users/xingmeng/.openclaw/workspaces/staff-scientist-ideker/agenticWorkflow_LiteratureScreeningAndFullTextReview/runs/host_pathogen_shared_mechanisms_apms_20260826/passes/pass_001/artifacts/fulltext_import/PMC_XML/normalized/PMC10496643.json,high
pmid-35263388,35263388,PMC8906592,10.1371/journal.ppat.1010322,Reovirus infection is regulated by NPC1 and endosomal cholesterol homeostasis.,2022,selected_for_reading,"Full text contains useful host-pathogen assay or pathway evidence, but the primary-virus mechanism is less central than in direct papers.",fulltext_review,readable,pmc_xml,/Users/xingmeng/.openclaw/workspaces/staff-scientist-ideker/agenticWorkflow_LiteratureScreeningAndFullTextReview/runs/host_pathogen_shared_mechanisms_apms_20260826/passes/pass_001/artifacts/fulltext_import/PMC_XML/normalized/PMC8906592.json,medium
pmid-35259395,35259395,PMC8980627,10.1016/j.jbc.2022.101805,Host AKT-mediated phosphorylation of HIV-1 accessory protein Vif potentiates infectivity via enhanced degradation of the restriction factor APOBEC3G.,2022,selected_for_reading,Full text links a primary virus to a host factor or host pathway mechanism.,fulltext_review,readable,pmc_xml,/Users/xingmeng/.openclaw/workspaces/staff-scientist-ideker/agenticWorkflow_LiteratureScreeningAndFullTextReview/runs/host_pathogen_shared_mechanisms_apms_20260826/passes/pass_001/artifacts/fulltext_import/PMC_XML/normalized/PMC8980627.json,medium
pmid-35229640,35229640,PMC8941944,10.1128/mbio.03002-21,VPS29 Exerts Opposing Effects on Endocytic Viral Entry.,2022,selected_for_reading,"Full text contains useful host-pathogen assay or pathway evidence, but the primary-virus mechanism is less central than in direct papers.",fulltext_review,readable,pmc_xml,/Users/xingmeng/.openclaw/workspaces/staff-scientist-ideker/agenticWorkflow_LiteratureScreeningAndFullTextReview/runs/host_pathogen_shared_mechanisms_apms_20260826/passes/pass_001/artifacts/fulltext_import/PMC_XML/normalized/PMC8941944.json,medium
pmid-35215107,35215107,PMC8878269,10.3390/pathogens11020163,HIV-1 Accessory Proteins Impart a Modest Interferon Response and Upregulate Cell Cycle-Related Genes in Macrophages.,2022,selected_for_reading,"Full text centers a primary virus and provides assay-supported host interaction, host factor, or pathway mechanism evidence.",fulltext_review,readable,pmc_xml,/Users/xingmeng/.openclaw/workspaces/staff-scientist-ideker/agenticWorkflow_LiteratureScreeningAndFullTextReview/runs/host_pathogen_shared_mechanisms_apms_20260826/passes/pass_001/artifacts/fulltext_import/PMC_XML/normalized/PMC8878269.json,high
pmid-35203306,35203306,PMC8869898,10.3390/cells11040655,Spatial and Genomic Correlates of HIV-1 Integration Site Targeting.,2022,selected_for_reading,"Full text centers a primary virus and provides assay-supported host interaction, host factor, or pathway mechanism evidence.",fulltext_review,readable,pmc_xml,/Users/xingmeng/.openclaw/workspaces/staff-scientist-ideker/agenticWorkflow_LiteratureScreeningAndFullTextReview/runs/host_pathogen_shared_mechanisms_apms_20260826/passes/pass_001/artifacts/fulltext_import/PMC_XML/normalized/PMC8869898.json,high
pmid-35175539,35175539,PMC9076712,10.1007/s13365-021-01025-4,"HIV-1 and methamphetamine alter galectins -1, -3, and -9 in human monocyte-derived macrophages.",2022,selected_for_reading,"Full text centers a primary virus and provides assay-supported host interaction, host factor, or pathway mechanism evidence.",fulltext_review,readable,pmc_xml,/Users/xingmeng/.openclaw/workspaces/staff-scientist-ideker/agenticWorkflow_LiteratureScreeningAndFullTextReview/runs/host_pathogen_shared_mechanisms_apms_20260826/passes/pass_001/artifacts/fulltext_import/PMC_XML/normalized/PMC9076712.json,high
pmid-35134057,35134057,PMC8856524,10.1371/journal.pcbi.1009720,In silico prediction of HIV-1-host molecular interactions and their directionality.,2022,selected_for_reading,"Full text centers a primary virus and provides assay-supported host interaction, host factor, or pathway mechanism evidence.",fulltext_review,readable,pmc_xml,/Users/xingmeng/.openclaw/workspaces/staff-scientist-ideker/agenticWorkflow_LiteratureScreeningAndFullTextReview/runs/host_pathogen_shared_mechanisms_apms_20260826/passes/pass_001/artifacts/fulltext_import/PMC_XML/normalized/PMC8856524.json,high
pmid-35130329,35130329,PMC8853643,10.1371/journal.ppat.1010310,SPCS1-Dependent E2-p7 processing determines HCV Assembly efficiency.,2022,selected_for_reading,Full text links a primary virus to a host factor or host pathway mechanism.,fulltext_review,readable,pmc_xml,/Users/xingmeng/.openclaw/workspaces/staff-scientist-ideker/agenticWorkflow_LiteratureScreeningAndFullTextReview/runs/host_pathogen_shared_mechanisms_apms_20260826/passes/pass_001/artifacts/fulltext_import/PMC_XML/normalized/PMC8853643.json,medium
pmid-35123651,35123651,PMC9000915,10.1016/j.cell.2022.01.013,Cryo-ET of Env on intact HIV virions reveals structural variation and positioning on the Gag lattice.,2022,selected_for_reading,"Full text centers a primary virus and provides assay-supported host interaction, host factor, or pathway mechanism evidence.",fulltext_review,readable,pmc_xml,/Users/xingmeng/.openclaw/workspaces/staff-scientist-ideker/agenticWorkflow_LiteratureScreeningAndFullTextReview/runs/host_pathogen_shared_mechanisms_apms_20260826/passes/pass_001/artifacts/fulltext_import/PMC_XML/normalized/PMC9000915.json,high
pmid-35105802,35105802,PMC8832970,10.1073/pnas.2108173119,Human cytomegalovirus protein RL1 degrades the antiviral factor SLFN11 via recruitment of the CRL4 E3 ubiquitin ligase complex.,2022,selected_for_reading,"Full text contains useful host-pathogen assay or pathway evidence, but the primary-virus mechanism is less central than in direct papers.",fulltext_review,readable,pmc_xml,/Users/xingmeng/.openclaw/workspaces/staff-scientist-ideker/agenticWorkflow_LiteratureScreeningAndFullTextReview/runs/host_pathogen_shared_mechanisms_apms_20260826/passes/pass_001/artifacts/fulltext_import/PMC_XML/normalized/PMC8832970.json,medium
pmid-35086375,35086375,PMC8801647,10.1177/03000605221074525,"Integrated analysis of differentially expressed genes, differentially methylated genes, and natural compounds in hepatitis C virus-induced cirrhosis.",2022,selected_for_reading,Full text links a primary virus to a host factor or host pathway mechanism.,fulltext_review,readable,pmc_xml,/Users/xingmeng/.openclaw/workspaces/staff-scientist-ideker/agenticWorkflow_LiteratureScreeningAndFullTextReview/runs/host_pathogen_shared_mechanisms_apms_20260826/passes/pass_001/artifacts/fulltext_import/PMC_XML/normalized/PMC8801647.json,medium
pmid-35056049,35056049,PMC8779051,10.3390/pathogens11010102,Regulatory Role of Phospholipids in Hepatitis C Virus Replication and Protein Function.,2022,selected_for_reading,Full text links a primary virus to a host factor or host pathway mechanism.,fulltext_review,readable,pmc_xml,/Users/xingmeng/.openclaw/workspaces/staff-scientist-ideker/agenticWorkflow_LiteratureScreeningAndFullTextReview/runs/host_pathogen_shared_mechanisms_apms_20260826/passes/pass_001/artifacts/fulltext_import/PMC_XML/normalized/PMC8779051.json,medium
pmid-35041523,35041523,PMC8725591,10.1128/mbio.01979-21,Differential Expression of CREM/ICER Isoforms Is Associated with the Spontaneous Control of HIV Infection.,2022,selected_for_reading,Full text links a primary virus to a host factor or host pathway mechanism.,fulltext_review,readable,pmc_xml,/Users/xingmeng/.openclaw/workspaces/staff-scientist-ideker/agenticWorkflow_LiteratureScreeningAndFullTextReview/runs/host_pathogen_shared_mechanisms_apms_20260826/passes/pass_001/artifacts/fulltext_import/PMC_XML/normalized/PMC8725591.json,medium
pmid-34963054,34963054,PMC8796053,10.1016/j.molcel.2021.11.035,TRACE generates fluorescent human reporter cell lines to characterize epigenetic pathways.,2022,selected_for_reading,"Full text has plausible host pathway or host-factor mechanism context for a primary virus, but evidence is not strongly assay-centered.",fulltext_review,readable,pmc_xml,/Users/xingmeng/.openclaw/workspaces/staff-scientist-ideker/agenticWorkflow_LiteratureScreeningAndFullTextReview/runs/host_pathogen_shared_mechanisms_apms_20260826/passes/pass_001/artifacts/fulltext_import/PMC_XML/normalized/PMC8796053.json,low
pmid-34872030,34872030,PMC8844089,10.1016/j.coviro.2021.11.004,The regulation of KSHV lytic reactivation by viral and cellular factors.,2022,selected_for_reading,Full text links a primary virus to a host factor or host pathway mechanism.,fulltext_review,readable,pmc_xml,/Users/xingmeng/.openclaw/workspaces/staff-scientist-ideker/agenticWorkflow_LiteratureScreeningAndFullTextReview/runs/host_pathogen_shared_mechanisms_apms_20260826/passes/pass_001/artifacts/fulltext_import/PMC_XML/normalized/PMC8844089.json,medium
pmid-34737357,34737357,PMC8566969,10.1038/s41422-021-00581-y,Comparison of viral RNA-host protein interactomes across pathogenic RNA viruses informs rapid antiviral drug discovery for SARS-CoV-2.,2022,selected_for_reading,"Full text contains useful host-pathogen assay or pathway evidence, but the primary-virus mechanism is less central than in direct papers.",fulltext_review,readable,pmc_xml,/Users/xingmeng/.openclaw/workspaces/staff-scientist-ideker/agenticWorkflow_LiteratureScreeningAndFullTextReview/runs/host_pathogen_shared_mechanisms_apms_20260826/passes/pass_001/artifacts/fulltext_import/PMC_XML/normalized/PMC8566969.json,medium
pmid-34730388,34730388,PMC8791264,10.1128/JVI.01610-21,BST2 Suppresses LINE-1 Retrotransposition by Reducing the Promoter Activity of LINE-1 5' UTR.,2022,selected_for_reading,"Full text contains useful host-pathogen assay or pathway evidence, but the primary-virus mechanism is less central than in direct papers.",fulltext_review,readable,pmc_xml,/Users/xingmeng/.openclaw/workspaces/staff-scientist-ideker/agenticWorkflow_LiteratureScreeningAndFullTextReview/runs/host_pathogen_shared_mechanisms_apms_20260826/passes/pass_001/artifacts/fulltext_import/PMC_XML/normalized/PMC8791264.json,medium
pmid-34314873,34314873,PMC9880813,10.1016/j.gpb.2021.02.008,A Yeast BiFC-seq Method for Genome-wide Interactome Mapping.,2022,selected_for_reading,"Full text contains useful host-pathogen assay or pathway evidence, but the primary-virus mechanism is less central than in direct papers.",fulltext_review,readable,pmc_xml,/Users/xingmeng/.openclaw/workspaces/staff-scientist-ideker/agenticWorkflow_LiteratureScreeningAndFullTextReview/runs/host_pathogen_shared_mechanisms_apms_20260826/passes/pass_001/artifacts/fulltext_import/PMC_XML/normalized/PMC9880813.json,medium
pmid-34956192,34956192,PMC8692574,10.3389/fimmu.2021.760707,Oxidative Stress Induces Mitochondrial Compromise in CD4 T Cells From Chronically HCV-Infected Individuals.,2021,selected_for_reading,"Full text centers a primary virus and provides assay-supported host interaction, host factor, or pathway mechanism evidence.",fulltext_review,readable,pmc_xml,/Users/xingmeng/.openclaw/workspaces/staff-scientist-ideker/agenticWorkflow_LiteratureScreeningAndFullTextReview/runs/host_pathogen_shared_mechanisms_apms_20260826/passes/pass_001/artifacts/fulltext_import/PMC_XML/normalized/PMC8692574.json,high
pmid-34937567,34937567,PMC8693499,10.1186/s12977-021-00583-z,Rotten to the core: antivirals targeting the HIV-1 capsid core.,2021,selected_for_reading,"Full text centers a primary virus and provides assay-supported host interaction, host factor, or pathway mechanism evidence.",fulltext_review,readable,pmc_xml,/Users/xingmeng/.openclaw/workspaces/staff-scientist-ideker/agenticWorkflow_LiteratureScreeningAndFullTextReview/runs/host_pathogen_shared_mechanisms_apms_20260826/passes/pass_001/artifacts/fulltext_import/PMC_XML/normalized/PMC8693499.json,high
pmid-34925380,34925380,PMC8674454,10.3389/fimmu.2021.795121,Deciphering DNA Methylation in HIV Infection.,2021,selected_for_reading,"Full text centers a primary virus and provides assay-supported host interaction, host factor, or pathway mechanism evidence.",fulltext_review,readable,pmc_xml,/Users/xingmeng/.openclaw/workspaces/staff-scientist-ideker/agenticWorkflow_LiteratureScreeningAndFullTextReview/runs/host_pathogen_shared_mechanisms_apms_20260826/passes/pass_001/artifacts/fulltext_import/PMC_XML/normalized/PMC8674454.json,high
pmid-34885964,34885964,PMC8659059,10.3390/molecules26237382,Biological Investigation of Amaryllidaceae Alkaloid Extracts from the Bulbs of Pancratium trianthum Collected in the Senegalese Flora.,2021,selected_for_reading,"Full text has plausible host pathway or host-factor mechanism context for a primary virus, but evidence is not strongly assay-centered.",fulltext_review,readable,pmc_xml,/Users/xingmeng/.openclaw/workspaces/staff-scientist-ideker/agenticWorkflow_LiteratureScreeningAndFullTextReview/runs/host_pathogen_shared_mechanisms_apms_20260826/passes/pass_001/artifacts/fulltext_import/PMC_XML/normalized/PMC8659059.json,low
pmid-34885095,34885095,PMC8656715,10.3390/cancers13235983,Changes in the Proteome in the Development of Chronic Human Papillomavirus Infection-A Prospective Study in HIV Positive and HIV Negative Rwandan Women.,2021,selected_for_reading,"Full text centers a primary virus and provides assay-supported host interaction, host factor, or pathway mechanism evidence.",fulltext_review,readable,pmc_xml,/Users/xingmeng/.openclaw/workspaces/staff-scientist-ideker/agenticWorkflow_LiteratureScreeningAndFullTextReview/runs/host_pathogen_shared_mechanisms_apms_20260826/passes/pass_001/artifacts/fulltext_import/PMC_XML/normalized/PMC8656715.json,high
pmid-34880409,34880409,PMC8654903,10.1038/s41598-021-03211-0,"High resolution proteomics of Aedes aegypti salivary glands infected with either dengue, Zika or chikungunya viruses identify new virus specific and broad antiviral factors.",2021,selected_for_reading,"Full text centers a primary virus and provides assay-supported host interaction, host factor, or pathway mechanism evidence.",fulltext_review,readable,pmc_xml,/Users/xingmeng/.openclaw/workspaces/staff-scientist-ideker/agenticWorkflow_LiteratureScreeningAndFullTextReview/runs/host_pathogen_shared_mechanisms_apms_20260826/passes/pass_001/artifacts/fulltext_import/PMC_XML/normalized/PMC8654903.json,high
pmid-34850113,34850113,PMC8682764,10.1093/nar/gkab1094,MLL1 is regulated by KSHV LANA and is important for virus latency.,2021,selected_for_reading,"Full text centers a primary virus and provides assay-supported host interaction, host factor, or pathway mechanism evidence.",fulltext_review,readable,pmc_xml,/Users/xingmeng/.openclaw/workspaces/staff-scientist-ideker/agenticWorkflow_LiteratureScreeningAndFullTextReview/runs/host_pathogen_shared_mechanisms_apms_20260826/passes/pass_001/artifacts/fulltext_import/PMC_XML/normalized/PMC8682764.json,high
pmid-34845981,34845981,PMC8742994,10.1099/jgv.0.001693,Revisiting dengue virus-mosquito interactions: molecular insights into viral fitness.,2021,selected_for_reading,"Full text centers a primary virus and provides assay-supported host interaction, host factor, or pathway mechanism evidence.",fulltext_review,readable,pmc_xml,/Users/xingmeng/.openclaw/workspaces/staff-scientist-ideker/agenticWorkflow_LiteratureScreeningAndFullTextReview/runs/host_pathogen_shared_mechanisms_apms_20260826/passes/pass_001/artifacts/fulltext_import/PMC_XML/normalized/PMC8742994.json,high
pmid-34843601,34843601,PMC8659692,10.1371/journal.ppat.1009409,A combined EM and proteomic analysis places HIV-1 Vpu at the crossroads of retromer and ESCRT complexes: PTPN23 is a Vpu-cofactor.,2021,selected_for_reading,"Full text centers a primary virus and provides assay-supported host interaction, host factor, or pathway mechanism evidence.",fulltext_review,readable,pmc_xml,/Users/xingmeng/.openclaw/workspaces/staff-scientist-ideker/agenticWorkflow_LiteratureScreeningAndFullTextReview/runs/host_pathogen_shared_mechanisms_apms_20260826/passes/pass_001/artifacts/fulltext_import/PMC_XML/normalized/PMC8659692.json,high
pmid-34835333,34835333,PMC8625573,10.3390/microorganisms9112207,Cellular Proteo-Transcriptomic Changes in the Immediate Early-Phase of Lentiviral Transduction.,2021,selected_for_reading,"Full text contains useful host-pathogen assay or pathway evidence, but the primary-virus mechanism is less central than in direct papers.",fulltext_review,readable,pmc_xml,/Users/xingmeng/.openclaw/workspaces/staff-scientist-ideker/agenticWorkflow_LiteratureScreeningAndFullTextReview/runs/host_pathogen_shared_mechanisms_apms_20260826/passes/pass_001/artifacts/fulltext_import/PMC_XML/normalized/PMC8625573.json,medium
pmid-34824224,34824224,PMC8616905,10.1038/s41467-021-27177-9,A structured RNA motif locks Argonaute2:miR-122 onto the 5' end of the HCV genome.,2021,selected_for_reading,"Full text centers a primary virus and provides assay-supported host interaction, host factor, or pathway mechanism evidence.",fulltext_review,readable,pmc_xml,/Users/xingmeng/.openclaw/workspaces/staff-scientist-ideker/agenticWorkflow_LiteratureScreeningAndFullTextReview/runs/host_pathogen_shared_mechanisms_apms_20260826/passes/pass_001/artifacts/fulltext_import/PMC_XML/normalized/PMC8616905.json,high
pmid-34797876,34797876,PMC8641875,10.1371/journal.ppat.1010100,Nuclear dengue virus NS5 antagonizes expression of PAF1-dependent immune response genes.,2021,selected_for_reading,"Full text centers a primary virus and provides assay-supported host interaction, host factor, or pathway mechanism evidence.",fulltext_review,readable,pmc_xml,/Users/xingmeng/.openclaw/workspaces/staff-scientist-ideker/agenticWorkflow_LiteratureScreeningAndFullTextReview/runs/host_pathogen_shared_mechanisms_apms_20260826/passes/pass_001/artifacts/fulltext_import/PMC_XML/normalized/PMC8641875.json,high
pmid-34762680,34762680,PMC8664216,10.1371/journal.pntd.0009916,Tomatidine reduces Chikungunya virus progeny release by controlling viral protein expression.,2021,selected_for_reading,"Full text contains useful host-pathogen assay or pathway evidence, but the primary-virus mechanism is less central than in direct papers.",fulltext_review,readable,pmc_xml,/Users/xingmeng/.openclaw/workspaces/staff-scientist-ideker/agenticWorkflow_LiteratureScreeningAndFullTextReview/runs/host_pathogen_shared_mechanisms_apms_20260826/passes/pass_001/artifacts/fulltext_import/PMC_XML/normalized/PMC8664216.json,medium
pmid-34754007,34754007,PMC8578564,10.1038/s41598-021-01334-y,Plasma extracellular vesicles in people living with HIV and type 2 diabetes are related to microbial translocation and cardiovascular risk.,2021,selected_for_reading,"Full text centers a primary virus and provides assay-supported host interaction, host factor, or pathway mechanism evidence.",fulltext_review,readable,pmc_xml,/Users/xingmeng/.openclaw/workspaces/staff-scientist-ideker/agenticWorkflow_LiteratureScreeningAndFullTextReview/runs/host_pathogen_shared_mechanisms_apms_20260826/passes/pass_001/artifacts/fulltext_import/PMC_XML/normalized/PMC8578564.json,high
pmid-34745452,34745452,PMC8531761,10.1016/j.csbj.2021.09.017,"An Ebola, Neisseria and Trypanosoma human protein interaction census reveals a conserved human protein cluster targeted by various human pathogens.",2021,selected_for_reading,"Full text contains useful host-pathogen assay or pathway evidence, but the primary-virus mechanism is less central than in direct papers.",fulltext_review,readable,pmc_xml,/Users/xingmeng/.openclaw/workspaces/staff-scientist-ideker/agenticWorkflow_LiteratureScreeningAndFullTextReview/runs/host_pathogen_shared_mechanisms_apms_20260826/passes/pass_001/artifacts/fulltext_import/PMC_XML/normalized/PMC8531761.json,medium
pmid-34726485,34726485,PMC8562486,10.1128/mSystems.01109-21,Proteomic Profiling Identifies Kaposi's Sarcoma-Associated Herpesvirus (KSHV)-Encoded LANA(SIM)-Associated Proteins in Hypoxia.,2021,selected_for_reading,"Full text centers a primary virus and provides assay-supported host interaction, host factor, or pathway mechanism evidence.",fulltext_review,readable,pmc_xml,/Users/xingmeng/.openclaw/workspaces/staff-scientist-ideker/agenticWorkflow_LiteratureScreeningAndFullTextReview/runs/host_pathogen_shared_mechanisms_apms_20260826/passes/pass_001/artifacts/fulltext_import/PMC_XML/normalized/PMC8562486.json,high
pmid-34702294,34702294,PMC8549334,10.1186/s12977-021-00577-x,HIV-1 capsid variability: viral exploitation and evasion of capsid-binding molecules.,2021,selected_for_reading,"Full text centers a primary virus and provides assay-supported host interaction, host factor, or pathway mechanism evidence.",fulltext_review,readable,pmc_xml,/Users/xingmeng/.openclaw/workspaces/staff-scientist-ideker/agenticWorkflow_LiteratureScreeningAndFullTextReview/runs/host_pathogen_shared_mechanisms_apms_20260826/passes/pass_001/artifacts/fulltext_import/PMC_XML/normalized/PMC8549334.json,high
pmid-34697376,34697376,PMC8545964,10.1038/s41598-021-00415-2,HIV-2 Vpx neutralizes host restriction factor SAMHD1 to promote viral pathogenesis.,2021,selected_for_reading,Full text links a primary virus to a host factor or host pathway mechanism.,fulltext_review,readable,pmc_xml,/Users/xingmeng/.openclaw/workspaces/staff-scientist-ideker/agenticWorkflow_LiteratureScreeningAndFullTextReview/runs/host_pathogen_shared_mechanisms_apms_20260826/passes/pass_001/artifacts/fulltext_import/PMC_XML/normalized/PMC8545964.json,medium
pmid-34696522,34696522,PMC8540793,10.3390/v13102092,The Biogenesis of Dengue Virus Replication Organelles Requires the ATPase Activity of Valosin-Containing Protein.,2021,selected_for_reading,"Full text centers a primary virus and provides assay-supported host interaction, host factor, or pathway mechanism evidence.",fulltext_review,readable,pmc_xml,/Users/xingmeng/.openclaw/workspaces/staff-scientist-ideker/agenticWorkflow_LiteratureScreeningAndFullTextReview/runs/host_pathogen_shared_mechanisms_apms_20260826/passes/pass_001/artifacts/fulltext_import/PMC_XML/normalized/PMC8540793.json,high
pmid-34696472,34696472,PMC8537470,10.3390/v13102042,Altered Moesin and Actin Cytoskeleton Protein Rearrangements Affect Transendothelial Permeability in Human Endothelial Cells upon Dengue Virus Infection and TNF-α Treatment.,2021,selected_for_reading,"Full text centers a primary virus and provides assay-supported host interaction, host factor, or pathway mechanism evidence.",fulltext_review,readable,pmc_xml,/Users/xingmeng/.openclaw/workspaces/staff-scientist-ideker/agenticWorkflow_LiteratureScreeningAndFullTextReview/runs/host_pathogen_shared_mechanisms_apms_20260826/passes/pass_001/artifacts/fulltext_import/PMC_XML/normalized/PMC8537470.json,high
pmid-34685704,34685704,PMC8534522,10.3390/cells10102723,"The LEDGF/p75 Integrase Binding Domain Interactome Contributes to the Survival, Clonogenicity, and Tumorsphere Formation of Docetaxel-Resistant Prostate Cancer Cells.",2021,selected_for_reading,"Full text contains useful host-pathogen assay or pathway evidence, but the primary-virus mechanism is less central than in direct papers.",fulltext_review,readable,pmc_xml,/Users/xingmeng/.openclaw/workspaces/staff-scientist-ideker/agenticWorkflow_LiteratureScreeningAndFullTextReview/runs/host_pathogen_shared_mechanisms_apms_20260826/passes/pass_001/artifacts/fulltext_import/PMC_XML/normalized/PMC8534522.json,medium
pmid-34630422,34630422,PMC8492978,10.3389/fimmu.2021.740713,Specific Deubiquitinating Enzymes Promote Host Restriction Factors Against HIV/SIV Viruses.,2021,selected_for_reading,"Full text centers a primary virus and provides assay-supported host interaction, host factor, or pathway mechanism evidence.",fulltext_review,readable,pmc_xml,/Users/xingmeng/.openclaw/workspaces/staff-scientist-ideker/agenticWorkflow_LiteratureScreeningAndFullTextReview/runs/host_pathogen_shared_mechanisms_apms_20260826/passes/pass_001/artifacts/fulltext_import/PMC_XML/normalized/PMC8492978.json,high
pmid-34612665,34612665,PMC8510174,10.1128/Spectrum.01336-21,CRISPR/Cas9-Induced Mutagenesis Corroborates the Role of Transportin-SR2 in HIV-1 Nuclear Import.,2021,selected_for_reading,"Full text centers a primary virus and provides assay-supported host interaction, host factor, or pathway mechanism evidence.",fulltext_review,readable,pmc_xml,/Users/xingmeng/.openclaw/workspaces/staff-scientist-ideker/agenticWorkflow_LiteratureScreeningAndFullTextReview/runs/host_pathogen_shared_mechanisms_apms_20260826/passes/pass_001/artifacts/fulltext_import/PMC_XML/normalized/PMC8510174.json,high
pmid-34588861,34588861,PMC8459114,10.1016/j.sjbs.2021.07.068,Identifying key genes and screening therapeutic agents associated with diabetes mellitus and HCV-related hepatocellular carcinoma by bioinformatics analysis.,2021,selected_for_reading,Full text links a primary virus to a host factor or host pathway mechanism.,fulltext_review,readable,pmc_xml,/Users/xingmeng/.openclaw/workspaces/staff-scientist-ideker/agenticWorkflow_LiteratureScreeningAndFullTextReview/runs/host_pathogen_shared_mechanisms_apms_20260826/passes/pass_001/artifacts/fulltext_import/PMC_XML/normalized/PMC8459114.json,medium
pmid-34586867,34586867,PMC8610583,10.1128/JVI.00596-21,Genome-Wide CRISPR Screen Identifies RACK1 as a Critical Host Factor for Flavivirus Replication.,2021,selected_for_reading,"Full text contains useful host-pathogen assay or pathway evidence, but the primary-virus mechanism is less central than in direct papers.",fulltext_review,readable,pmc_xml,/Users/xingmeng/.openclaw/workspaces/staff-scientist-ideker/agenticWorkflow_LiteratureScreeningAndFullTextReview/runs/host_pathogen_shared_mechanisms_apms_20260826/passes/pass_001/artifacts/fulltext_import/PMC_XML/normalized/PMC8610583.json,medium
pmid-34565409,34565409,PMC8474785,10.1186/s12977-021-00574-0,Arginyl-tRNA-protein transferase 1 contributes to governing optimal stability of the human immunodeficiency virus type 1 core.,2021,selected_for_reading,"Full text centers a primary virus and provides assay-supported host interaction, host factor, or pathway mechanism evidence.",fulltext_review,readable,pmc_xml,/Users/xingmeng/.openclaw/workspaces/staff-scientist-ideker/agenticWorkflow_LiteratureScreeningAndFullTextReview/runs/host_pathogen_shared_mechanisms_apms_20260826/passes/pass_001/artifacts/fulltext_import/PMC_XML/normalized/PMC8474785.json,high
pmid-34502213,34502213,PMC8431494,10.3390/ijms22179308,High-Throughput NanoBiT-Based Screening for Inhibitors of HIV-1 Vpu and Host BST-2 Protein Interaction.,2021,selected_for_reading,Full text links a primary virus to a host factor or host pathway mechanism.,fulltext_review,readable,pmc_xml,/Users/xingmeng/.openclaw/workspaces/staff-scientist-ideker/agenticWorkflow_LiteratureScreeningAndFullTextReview/runs/host_pathogen_shared_mechanisms_apms_20260826/passes/pass_001/artifacts/fulltext_import/PMC_XML/normalized/PMC8431494.json,medium
pmid-34467328,34467328,PMC8395643,10.1021/jacsau.1c00128,Thiol-Mediated Uptake.,2021,selected_for_reading,"Full text contains useful host-pathogen assay or pathway evidence, but the primary-virus mechanism is less central than in direct papers.",fulltext_review,readable,pmc_xml,/Users/xingmeng/.openclaw/workspaces/staff-scientist-ideker/agenticWorkflow_LiteratureScreeningAndFullTextReview/runs/host_pathogen_shared_mechanisms_apms_20260826/passes/pass_001/artifacts/fulltext_import/PMC_XML/normalized/PMC8395643.json,medium
pmid-34452405,34452405,PMC8402662,10.3390/v13081540,Multi-Tissue Transcriptomic-Informed In Silico Investigation of Drugs for the Treatment of Dengue Fever Disease.,2021,selected_for_reading,"Full text centers a primary virus and provides assay-supported host interaction, host factor, or pathway mechanism evidence.",fulltext_review,readable,pmc_xml,/Users/xingmeng/.openclaw/workspaces/staff-scientist-ideker/agenticWorkflow_LiteratureScreeningAndFullTextReview/runs/host_pathogen_shared_mechanisms_apms_20260826/passes/pass_001/artifacts/fulltext_import/PMC_XML/normalized/PMC8402662.json,high
pmid-34452312,34452312,PMC8402850,10.3390/v13081446,Morphological Diversity and Dynamics of Dengue Virus Affecting Antigenicity.,2021,selected_for_reading,"Full text centers a primary virus and provides assay-supported host interaction, host factor, or pathway mechanism evidence.",fulltext_review,readable,pmc_xml,/Users/xingmeng/.openclaw/workspaces/staff-scientist-ideker/agenticWorkflow_LiteratureScreeningAndFullTextReview/runs/host_pathogen_shared_mechanisms_apms_20260826/passes/pass_001/artifacts/fulltext_import/PMC_XML/normalized/PMC8402850.json,high
pmid-34442732,34442732,PMC8398489,10.3390/microorganisms9081653,Uncovering the Worldwide Diversity and Evolution of the Virome of the Mosquitoes Aedes aegypti and Aedes albopictus.,2021,selected_for_reading,"Full text has plausible host pathway or host-factor mechanism context for a primary virus, but evidence is not strongly assay-centered.",fulltext_review,readable,pmc_xml,/Users/xingmeng/.openclaw/workspaces/staff-scientist-ideker/agenticWorkflow_LiteratureScreeningAndFullTextReview/runs/host_pathogen_shared_mechanisms_apms_20260826/passes/pass_001/artifacts/fulltext_import/PMC_XML/normalized/PMC8398489.json,low
pmid-34414965,34414965,PMC8376384,10.1097/MD.0000000000026964,Bioinformatics analysis of constructing a HCV-related hepatocellular carcinoma miRNA-mRNA regulation network.,2021,selected_for_reading,Full text links a primary virus to a host factor or host pathway mechanism.,fulltext_review,readable,pmc_xml,/Users/xingmeng/.openclaw/workspaces/staff-scientist-ideker/agenticWorkflow_LiteratureScreeningAndFullTextReview/runs/host_pathogen_shared_mechanisms_apms_20260826/passes/pass_001/artifacts/fulltext_import/PMC_XML/normalized/PMC8376384.json,medium
pmid-34408324,34408324,PMC8789550,10.1038/s41586-021-03851-2,Cotranslational prolyl hydroxylation is essential for flavivirus biogenesis.,2021,selected_for_reading,"Full text contains useful host-pathogen assay or pathway evidence, but the primary-virus mechanism is less central than in direct papers.",fulltext_review,readable,pmc_xml,/Users/xingmeng/.openclaw/workspaces/staff-scientist-ideker/agenticWorkflow_LiteratureScreeningAndFullTextReview/runs/host_pathogen_shared_mechanisms_apms_20260826/passes/pass_001/artifacts/fulltext_import/PMC_XML/normalized/PMC8789550.json,medium
pmid-34394108,34394108,PMC8356054,10.3389/fimmu.2021.707287,Identification of COVID-19 and Dengue Host Factor Interaction Networks Based on Integrative Bioinformatics Analyses.,2021,selected_for_reading,"Full text centers a primary virus and provides assay-supported host interaction, host factor, or pathway mechanism evidence.",fulltext_review,readable,pmc_xml,/Users/xingmeng/.openclaw/workspaces/staff-scientist-ideker/agenticWorkflow_LiteratureScreeningAndFullTextReview/runs/host_pathogen_shared_mechanisms_apms_20260826/passes/pass_001/artifacts/fulltext_import/PMC_XML/normalized/PMC8356054.json,high
pmid-34389466,34389466,PMC8459920,10.1016/j.mcpro.2021.100132,Characterization of an A3G-Vif(HIV-1)-CRL5-CBFβ Structure Using a Cross-linking Mass Spectrometry Pipeline for Integrative Modeling of Host-Pathogen Complexes.,2021,selected_for_reading,"Full text centers a primary virus and provides assay-supported host interaction, host factor, or pathway mechanism evidence.",fulltext_review,readable,pmc_xml,/Users/xingmeng/.openclaw/workspaces/staff-scientist-ideker/agenticWorkflow_LiteratureScreeningAndFullTextReview/runs/host_pathogen_shared_mechanisms_apms_20260826/passes/pass_001/artifacts/fulltext_import/PMC_XML/normalized/PMC8459920.json,high
pmid-34380030,34380030,PMC8385645,10.1016/j.celrep.2021.109514,HIV-1 Nef interacts with the cyclin K/CDK13 complex to antagonize SERINC5 for optimal viral infectivity.,2021,selected_for_reading,"Full text centers a primary virus and provides assay-supported host interaction, host factor, or pathway mechanism evidence.",fulltext_review,readable,pmc_xml,/Users/xingmeng/.openclaw/workspaces/staff-scientist-ideker/agenticWorkflow_LiteratureScreeningAndFullTextReview/runs/host_pathogen_shared_mechanisms_apms_20260826/passes/pass_001/artifacts/fulltext_import/PMC_XML/normalized/PMC8385645.json,high
pmid-34378951,34378951,PMC8552740,10.1128/Spectrum.00475-21,Secretory Carrier Membrane Protein 3 Interacts with 3A Viral Protein of Enterovirus and Participates in Viral Replication.,2021,selected_for_reading,"Full text contains useful host-pathogen assay or pathway evidence, but the primary-virus mechanism is less central than in direct papers.",fulltext_review,readable,pmc_xml,/Users/xingmeng/.openclaw/workspaces/staff-scientist-ideker/agenticWorkflow_LiteratureScreeningAndFullTextReview/runs/host_pathogen_shared_mechanisms_apms_20260826/passes/pass_001/artifacts/fulltext_import/PMC_XML/normalized/PMC8552740.json,medium
pmid-34372598,34372598,PMC8310366,10.3390/v13071393,Potential Phosphorylation of Viral Nonstructural Protein 1 in Dengue Virus Infection.,2021,selected_for_reading,"Full text centers a primary virus and provides assay-supported host interaction, host factor, or pathway mechanism evidence.",fulltext_review,readable,pmc_xml,/Users/xingmeng/.openclaw/workspaces/staff-scientist-ideker/agenticWorkflow_LiteratureScreeningAndFullTextReview/runs/host_pathogen_shared_mechanisms_apms_20260826/passes/pass_001/artifacts/fulltext_import/PMC_XML/normalized/PMC8310366.json,high
pmid-34361946,34361946,PMC8303831,10.3390/microorganisms9071509,Predicted Cellular Interactors of the Endogenous Retrovirus-K Integrase Enzyme.,2021,selected_for_reading,"Full text contains useful host-pathogen assay or pathway evidence, but the primary-virus mechanism is less central than in direct papers.",fulltext_review,readable,pmc_xml,/Users/xingmeng/.openclaw/workspaces/staff-scientist-ideker/agenticWorkflow_LiteratureScreeningAndFullTextReview/runs/host_pathogen_shared_mechanisms_apms_20260826/passes/pass_001/artifacts/fulltext_import/PMC_XML/normalized/PMC8303831.json,medium
pmid-34347790,34347790,PMC8336846,10.1371/journal.pntd.0009633,Identification of potential biomarkers in dengue via integrated bioinformatic analysis.,2021,selected_for_reading,"Full text centers a primary virus and provides assay-supported host interaction, host factor, or pathway mechanism evidence.",fulltext_review,readable,pmc_xml,/Users/xingmeng/.openclaw/workspaces/staff-scientist-ideker/agenticWorkflow_LiteratureScreeningAndFullTextReview/runs/host_pathogen_shared_mechanisms_apms_20260826/passes/pass_001/artifacts/fulltext_import/PMC_XML/normalized/PMC8336846.json,high
pmid-34345210,34345210,PMC8326114,10.7150/ijbs.59227,Long noncoding RNA UCA1 regulates HCV replication and antiviral response via miR-145-5p/SOCS7/IFN pathway.,2021,selected_for_reading,Full text links a primary virus to a host factor or host pathway mechanism.,fulltext_review,readable,pmc_xml,/Users/xingmeng/.openclaw/workspaces/staff-scientist-ideker/agenticWorkflow_LiteratureScreeningAndFullTextReview/runs/host_pathogen_shared_mechanisms_apms_20260826/passes/pass_001/artifacts/fulltext_import/PMC_XML/normalized/PMC8326114.json,medium
pmid-34336819,34336819,PMC8322788,10.3389/fcell.2021.648279,Prognostic Value of a Novel Signature With Nine Hepatitis C Virus-Induced Genes in Hepatic Cancer by Mining GEO and TCGA Databases.,2021,selected_for_reading,Full text links a primary virus to a host factor or host pathway mechanism.,fulltext_review,readable,pmc_xml,/Users/xingmeng/.openclaw/workspaces/staff-scientist-ideker/agenticWorkflow_LiteratureScreeningAndFullTextReview/runs/host_pathogen_shared_mechanisms_apms_20260826/passes/pass_001/artifacts/fulltext_import/PMC_XML/normalized/PMC8322788.json,medium
pmid-34289240,34289240,PMC8350904,10.15252/emmm.202013901,Glycolysis downregulation is a hallmark of HIV-1 latency and sensitizes infected cells to oxidative stress.,2021,selected_for_reading,"Full text centers a primary virus and provides assay-supported host interaction, host factor, or pathway mechanism evidence.",fulltext_review,readable,pmc_xml,/Users/xingmeng/.openclaw/workspaces/staff-scientist-ideker/agenticWorkflow_LiteratureScreeningAndFullTextReview/runs/host_pathogen_shared_mechanisms_apms_20260826/passes/pass_001/artifacts/fulltext_import/PMC_XML/normalized/PMC8350904.json,high
pmid-34258318,34258318,PMC8271132,10.1093/ofid/ofab288,HIV-Infected Individuals on ART With Impaired Immune Recovery Have Altered Plasma Metabolite Profiles.,2021,selected_for_reading,"Full text centers a primary virus and provides assay-supported host interaction, host factor, or pathway mechanism evidence.",fulltext_review,readable,pmc_xml,/Users/xingmeng/.openclaw/workspaces/staff-scientist-ideker/agenticWorkflow_LiteratureScreeningAndFullTextReview/runs/host_pathogen_shared_mechanisms_apms_20260826/passes/pass_001/artifacts/fulltext_import/PMC_XML/normalized/PMC8271132.json,high
pmid-34257537,34257537,PMC8262246,10.3389/pore.2021.588532,Bioinformatics Analysis of Candidate Genes and Pathways Related to Hepatocellular Carcinoma in China: A Study Based on Public Databases.,2021,selected_for_reading,"Full text contains useful host-pathogen assay or pathway evidence, but the primary-virus mechanism is less central than in direct papers.",fulltext_review,readable,pmc_xml,/Users/xingmeng/.openclaw/workspaces/staff-scientist-ideker/agenticWorkflow_LiteratureScreeningAndFullTextReview/runs/host_pathogen_shared_mechanisms_apms_20260826/passes/pass_001/artifacts/fulltext_import/PMC_XML/normalized/PMC8262246.json,medium
pmid-34225493,34225493,PMC8406168,10.1128/mBio.00972-21,Expression of the Ebola Virus VP24 Protein Compromises the Integrity of the Nuclear Envelope and Induces a Laminopathy-Like Cellular Phenotype.,2021,selected_for_reading,"Full text centers a primary virus and provides assay-supported host interaction, host factor, or pathway mechanism evidence.",fulltext_review,readable,pmc_xml,/Users/xingmeng/.openclaw/workspaces/staff-scientist-ideker/agenticWorkflow_LiteratureScreeningAndFullTextReview/runs/host_pathogen_shared_mechanisms_apms_20260826/passes/pass_001/artifacts/fulltext_import/PMC_XML/normalized/PMC8406168.json,high
pmid-34202855,34202855,PMC8268130,10.3390/ijms22136816,Proteomic Profiling of Ectosomes Derived from Paired Urothelial Bladder Cancer and Normal Cells Reveals the Presence of Biologically-Relevant Molecules.,2021,selected_for_reading,"Full text contains useful host-pathogen assay or pathway evidence, but the primary-virus mechanism is less central than in direct papers.",fulltext_review,readable,pmc_xml,/Users/xingmeng/.openclaw/workspaces/staff-scientist-ideker/agenticWorkflow_LiteratureScreeningAndFullTextReview/runs/host_pathogen_shared_mechanisms_apms_20260826/passes/pass_001/artifacts/fulltext_import/PMC_XML/normalized/PMC8268130.json,medium
pmid-34200141,34200141,PMC8228377,10.3390/v13061084,Examination of the APOBEC3 Barrier to Cross Species Transmission of Primate Lentiviruses.,2021,selected_for_reading,"Full text has plausible host pathway or host-factor mechanism context for a primary virus, but evidence is not strongly assay-centered.",fulltext_review,readable,pmc_xml,/Users/xingmeng/.openclaw/workspaces/staff-scientist-ideker/agenticWorkflow_LiteratureScreeningAndFullTextReview/runs/host_pathogen_shared_mechanisms_apms_20260826/passes/pass_001/artifacts/fulltext_import/PMC_XML/normalized/PMC8228377.json,low
pmid-34188039,34188039,PMC8241829,10.1038/s41467-021-24077-w,Non-invasive plasma glycomic and metabolic biomarkers of post-treatment control of HIV.,2021,selected_for_reading,"Full text centers a primary virus and provides assay-supported host interaction, host factor, or pathway mechanism evidence.",fulltext_review,readable,pmc_xml,/Users/xingmeng/.openclaw/workspaces/staff-scientist-ideker/agenticWorkflow_LiteratureScreeningAndFullTextReview/runs/host_pathogen_shared_mechanisms_apms_20260826/passes/pass_001/artifacts/fulltext_import/PMC_XML/normalized/PMC8241829.json,high
pmid-34187903,34187903,PMC8370742,10.1261/rna.078777.121,The m(6)A landscape of polyadenylated nuclear (PAN) RNA and its related methylome in the context of KSHV replication.,2021,selected_for_reading,"Full text centers a primary virus and provides assay-supported host interaction, host factor, or pathway mechanism evidence.",fulltext_review,readable,pmc_xml,/Users/xingmeng/.openclaw/workspaces/staff-scientist-ideker/agenticWorkflow_LiteratureScreeningAndFullTextReview/runs/host_pathogen_shared_mechanisms_apms_20260826/passes/pass_001/artifacts/fulltext_import/PMC_XML/normalized/PMC8370742.json,high
pmid-34170969,34170969,PMC8266076,10.1371/journal.ppat.1009523,"Highly-potent, synthetic APOBEC3s restrict HIV-1 through deamination-independent mechanisms.",2021,selected_for_reading,Full text links a primary virus to a host factor or host pathway mechanism.,fulltext_review,readable,pmc_xml,/Users/xingmeng/.openclaw/workspaces/staff-scientist-ideker/agenticWorkflow_LiteratureScreeningAndFullTextReview/runs/host_pathogen_shared_mechanisms_apms_20260826/passes/pass_001/artifacts/fulltext_import/PMC_XML/normalized/PMC8266076.json,medium
pmid-34106579,34106579,PMC8552657,10.1128/Spectrum.00145-21,The KSHV ORF20 Protein Interacts with the Viral Processivity Factor ORF59 and Promotes Viral Reactivation.,2021,selected_for_reading,"Full text centers a primary virus and provides assay-supported host interaction, host factor, or pathway mechanism evidence.",fulltext_review,readable,pmc_xml,/Users/xingmeng/.openclaw/workspaces/staff-scientist-ideker/agenticWorkflow_LiteratureScreeningAndFullTextReview/runs/host_pathogen_shared_mechanisms_apms_20260826/passes/pass_001/artifacts/fulltext_import/PMC_XML/normalized/PMC8552657.json,high
pmid-34093520,34093520,PMC8173031,10.3389/fimmu.2021.625649,Complement-Opsonized HIV Modulates Pathways Involved in Infection of Cervical Mucosal Tissues: A Transcriptomic and Proteomic Study.,2021,selected_for_reading,"Full text centers a primary virus and provides assay-supported host interaction, host factor, or pathway mechanism evidence.",fulltext_review,readable,pmc_xml,/Users/xingmeng/.openclaw/workspaces/staff-scientist-ideker/agenticWorkflow_LiteratureScreeningAndFullTextReview/runs/host_pathogen_shared_mechanisms_apms_20260826/passes/pass_001/artifacts/fulltext_import/PMC_XML/normalized/PMC8173031.json,high
pmid-34067388,34067388,PMC8224704,10.3390/microorganisms9061125,"Persistence of Coxsackievirus B4 in Pancreatic β Cells Disturbs Insulin Maturation, Pattern of Cellular Proteins, and DNA Methylation.",2021,selected_for_reading,"Full text centers a primary virus and provides assay-supported host interaction, host factor, or pathway mechanism evidence.",fulltext_review,readable,pmc_xml,/Users/xingmeng/.openclaw/workspaces/staff-scientist-ideker/agenticWorkflow_LiteratureScreeningAndFullTextReview/runs/host_pathogen_shared_mechanisms_apms_20260826/passes/pass_001/artifacts/fulltext_import/PMC_XML/normalized/PMC8224704.json,high
pmid-34054842,34054842,PMC8155531,10.3389/fimmu.2021.670122,A Thioester-Containing Protein Controls Dengue Virus Infection in Aedes aegypti Through Modulating Immune Response.,2021,selected_for_reading,Full text links a primary virus to a host factor or host pathway mechanism.,fulltext_review,readable,pmc_xml,/Users/xingmeng/.openclaw/workspaces/staff-scientist-ideker/agenticWorkflow_LiteratureScreeningAndFullTextReview/runs/host_pathogen_shared_mechanisms_apms_20260826/passes/pass_001/artifacts/fulltext_import/PMC_XML/normalized/PMC8155531.json,medium
pmid-34025644,34025644,PMC8138431,10.3389/fimmu.2021.636623,Modeling Virus-Induced Inflammation in Zebrafish: A Balance Between Infection Control and Excessive Inflammation.,2021,selected_for_reading,"Full text has plausible host pathway or host-factor mechanism context for a primary virus, but evidence is not strongly assay-centered.",fulltext_review,readable,pmc_xml,/Users/xingmeng/.openclaw/workspaces/staff-scientist-ideker/agenticWorkflow_LiteratureScreeningAndFullTextReview/runs/host_pathogen_shared_mechanisms_apms_20260826/passes/pass_001/artifacts/fulltext_import/PMC_XML/normalized/PMC8138431.json,low
pmid-34017322,34017322,PMC8130619,10.3389/fmicb.2021.682380,USP18 Mediates Interferon Resistance of Dengue Virus Infection.,2021,selected_for_reading,Full text links a primary virus to a host factor or host pathway mechanism.,fulltext_review,readable,pmc_xml,/Users/xingmeng/.openclaw/workspaces/staff-scientist-ideker/agenticWorkflow_LiteratureScreeningAndFullTextReview/runs/host_pathogen_shared_mechanisms_apms_20260826/passes/pass_001/artifacts/fulltext_import/PMC_XML/normalized/PMC8130619.json,medium
pmid-34001619,34001619,PMC8166163,10.1073/pnas.2101450118,HIV envelope tail truncation confers resistance to SERINC5 restriction.,2021,selected_for_reading,Full text links a primary virus to a host factor or host pathway mechanism.,fulltext_review,readable,pmc_xml,/Users/xingmeng/.openclaw/workspaces/staff-scientist-ideker/agenticWorkflow_LiteratureScreeningAndFullTextReview/runs/host_pathogen_shared_mechanisms_apms_20260826/passes/pass_001/artifacts/fulltext_import/PMC_XML/normalized/PMC8166163.json,medium
pmid-33983947,33983947,PMC8118348,10.1371/journal.pone.0250318,Identification of recombinant Fabs for structural and functional characterization of HIV-host factor complexes.,2021,selected_for_reading,"Full text centers a primary virus and provides assay-supported host interaction, host factor, or pathway mechanism evidence.",fulltext_review,readable,pmc_xml,/Users/xingmeng/.openclaw/workspaces/staff-scientist-ideker/agenticWorkflow_LiteratureScreeningAndFullTextReview/runs/host_pathogen_shared_mechanisms_apms_20260826/passes/pass_001/artifacts/fulltext_import/PMC_XML/normalized/PMC8118348.json,high
pmid-33980888,33980888,PMC8115341,10.1038/s41598-021-89171-x,Application of multiple omics and network projection analyses to drug repositioning for pathogenic mosquito-borne viruses.,2021,selected_for_reading,"Full text contains useful host-pathogen assay or pathway evidence, but the primary-virus mechanism is less central than in direct papers.",fulltext_review,readable,pmc_xml,/Users/xingmeng/.openclaw/workspaces/staff-scientist-ideker/agenticWorkflow_LiteratureScreeningAndFullTextReview/runs/host_pathogen_shared_mechanisms_apms_20260826/passes/pass_001/artifacts/fulltext_import/PMC_XML/normalized/PMC8115341.json,medium
pmid-33954117,33954117,PMC8092360,10.3389/fcimb.2021.575346,"AXL, an Important Host Factor for DENV and ZIKV Replication.",2021,selected_for_reading,Full text links a primary virus to a host factor or host pathway mechanism.,fulltext_review,readable,pmc_xml,/Users/xingmeng/.openclaw/workspaces/staff-scientist-ideker/agenticWorkflow_LiteratureScreeningAndFullTextReview/runs/host_pathogen_shared_mechanisms_apms_20260826/passes/pass_001/artifacts/fulltext_import/PMC_XML/normalized/PMC8092360.json,medium
pmid-33934828,33934828,PMC8127003,10.1016/bs.aivir.2020.10.001,Proteomic approaches to investigate gammaherpesvirus biology and associated tumorigenesis.,2021,selected_for_reading,"Full text contains useful host-pathogen assay or pathway evidence, but the primary-virus mechanism is less central than in direct papers.",fulltext_review,readable,pmc_xml,/Users/xingmeng/.openclaw/workspaces/staff-scientist-ideker/agenticWorkflow_LiteratureScreeningAndFullTextReview/runs/host_pathogen_shared_mechanisms_apms_20260826/passes/pass_001/artifacts/fulltext_import/PMC_XML/normalized/PMC8127003.json,medium
pmid-33852858,33852858,PMC8568338,10.1016/j.celrep.2021.108986,Cellular mRNA triggers structural transformation of Ebola virus matrix protein VP40 to its essential regulatory form.,2021,selected_for_reading,"Full text centers a primary virus and provides assay-supported host interaction, host factor, or pathway mechanism evidence.",fulltext_review,readable,pmc_xml,/Users/xingmeng/.openclaw/workspaces/staff-scientist-ideker/agenticWorkflow_LiteratureScreeningAndFullTextReview/runs/host_pathogen_shared_mechanisms_apms_20260826/passes/pass_001/artifacts/fulltext_import/PMC_XML/normalized/PMC8568338.json,high
pmid-33816326,33816326,PMC8015806,10.3389/fcimb.2021.574067,"Dengue Virus Non-Structural Protein 5 as a Versatile, Multi-Functional Effector in Host-Pathogen Interactions.",2021,selected_for_reading,"Full text centers a primary virus and provides assay-supported host interaction, host factor, or pathway mechanism evidence.",fulltext_review,readable,pmc_xml,/Users/xingmeng/.openclaw/workspaces/staff-scientist-ideker/agenticWorkflow_LiteratureScreeningAndFullTextReview/runs/host_pathogen_shared_mechanisms_apms_20260826/passes/pass_001/artifacts/fulltext_import/PMC_XML/normalized/PMC8015806.json,high
pmid-33807824,33807824,PMC8001122,10.3390/v13030417,Interactions of HIV-1 Capsid with Host Factors and Their Implications for Developing Novel Therapeutics.,2021,selected_for_reading,"Full text centers a primary virus and provides assay-supported host interaction, host factor, or pathway mechanism evidence.",fulltext_review,readable,pmc_xml,/Users/xingmeng/.openclaw/workspaces/staff-scientist-ideker/agenticWorkflow_LiteratureScreeningAndFullTextReview/runs/host_pathogen_shared_mechanisms_apms_20260826/passes/pass_001/artifacts/fulltext_import/PMC_XML/normalized/PMC8001122.json,high
pmid-33802178,33802178,PMC8000323,10.3390/ph14030250,"Chemical Composition, Larvicidal Activity, and Enzyme Inhibition of the Essential Oil of Lippia grata Schauer from the Caatinga Biome against Dengue Vectors.",2021,selected_for_reading,"Full text centers a primary virus and provides assay-supported host interaction, host factor, or pathway mechanism evidence.",fulltext_review,readable,pmc_xml,/Users/xingmeng/.openclaw/workspaces/staff-scientist-ideker/agenticWorkflow_LiteratureScreeningAndFullTextReview/runs/host_pathogen_shared_mechanisms_apms_20260826/passes/pass_001/artifacts/fulltext_import/PMC_XML/normalized/PMC8000323.json,high
pmid-33801276,33801276,PMC7999308,10.3390/v13030395,SAMHD1 … and Viral Ways around It.,2021,selected_for_reading,"Full text contains useful host-pathogen assay or pathway evidence, but the primary-virus mechanism is less central than in direct papers.",fulltext_review,readable,pmc_xml,/Users/xingmeng/.openclaw/workspaces/staff-scientist-ideker/agenticWorkflow_LiteratureScreeningAndFullTextReview/runs/host_pathogen_shared_mechanisms_apms_20260826/passes/pass_001/artifacts/fulltext_import/PMC_XML/normalized/PMC7999308.json,medium
pmid-33796084,33796084,PMC8007914,10.3389/fmicb.2021.606087,Impact of Synonymous Genome Recoding on the HIV Life Cycle.,2021,selected_for_reading,Full text links a primary virus to a host factor or host pathway mechanism.,fulltext_review,readable,pmc_xml,/Users/xingmeng/.openclaw/workspaces/staff-scientist-ideker/agenticWorkflow_LiteratureScreeningAndFullTextReview/runs/host_pathogen_shared_mechanisms_apms_20260826/passes/pass_001/artifacts/fulltext_import/PMC_XML/normalized/PMC8007914.json,medium
pmid-33787846,33787846,PMC8079166,10.1042/BCJ20201002,Synergy and allostery in ligand binding by HIV-1 Nef.,2021,selected_for_reading,Full text links a primary virus to a host factor or host pathway mechanism.,fulltext_review,readable,pmc_xml,/Users/xingmeng/.openclaw/workspaces/staff-scientist-ideker/agenticWorkflow_LiteratureScreeningAndFullTextReview/runs/host_pathogen_shared_mechanisms_apms_20260826/passes/pass_001/artifacts/fulltext_import/PMC_XML/normalized/PMC8079166.json,medium
pmid-33785616,33785616,PMC8092229,10.1128/mBio.00279-21,Cryptococcus neoformans-Infected Macrophages Release Proinflammatory Extracellular Vesicles: Insight into Their Components by Multi-omics.,2021,selected_for_reading,"Full text contains useful host-pathogen assay or pathway evidence, but the primary-virus mechanism is less central than in direct papers.",fulltext_review,readable,pmc_xml,/Users/xingmeng/.openclaw/workspaces/staff-scientist-ideker/agenticWorkflow_LiteratureScreeningAndFullTextReview/runs/host_pathogen_shared_mechanisms_apms_20260826/passes/pass_001/artifacts/fulltext_import/PMC_XML/normalized/PMC8092229.json,medium
pmid-33709510,33709510,PMC8047442,10.15252/embj.2020105492,Unbiased proteomic profiling of host cell extracellular vesicle composition and dynamics upon HIV-1 infection.,2021,selected_for_reading,"Full text centers a primary virus and provides assay-supported host interaction, host factor, or pathway mechanism evidence.",fulltext_review,readable,pmc_xml,/Users/xingmeng/.openclaw/workspaces/staff-scientist-ideker/agenticWorkflow_LiteratureScreeningAndFullTextReview/runs/host_pathogen_shared_mechanisms_apms_20260826/passes/pass_001/artifacts/fulltext_import/PMC_XML/normalized/PMC8047442.json,high
pmid-33669846,33669846,PMC7923229,10.3390/v13020320,Human TRIM5α: Autophagy Connects Cell-Intrinsic HIV-1 Restriction and Innate Immune Sensor Functioning.,2021,selected_for_reading,Full text links a primary virus to a host factor or host pathway mechanism.,fulltext_review,readable,pmc_xml,/Users/xingmeng/.openclaw/workspaces/staff-scientist-ideker/agenticWorkflow_LiteratureScreeningAndFullTextReview/runs/host_pathogen_shared_mechanisms_apms_20260826/passes/pass_001/artifacts/fulltext_import/PMC_XML/normalized/PMC7923229.json,medium
pmid-33657166,33657166,PMC7959344,10.1371/journal.ppat.1008979,Plxdc family members are novel receptors for the rhesus monkey rhadinovirus (RRV).,2021,selected_for_reading,"Full text contains useful host-pathogen assay or pathway evidence, but the primary-virus mechanism is less central than in direct papers.",fulltext_review,readable,pmc_xml,/Users/xingmeng/.openclaw/workspaces/staff-scientist-ideker/agenticWorkflow_LiteratureScreeningAndFullTextReview/runs/host_pathogen_shared_mechanisms_apms_20260826/passes/pass_001/artifacts/fulltext_import/PMC_XML/normalized/PMC7959344.json,medium
pmid-33649557,33649557,PMC8012256,10.1038/s41564-021-00868-1,Sec24C is an HIV-1 host dependency factor crucial for virus replication.,2021,selected_for_reading,"Full text centers a primary virus and provides assay-supported host interaction, host factor, or pathway mechanism evidence.",fulltext_review,readable,pmc_xml,/Users/xingmeng/.openclaw/workspaces/staff-scientist-ideker/agenticWorkflow_LiteratureScreeningAndFullTextReview/runs/host_pathogen_shared_mechanisms_apms_20260826/passes/pass_001/artifacts/fulltext_import/PMC_XML/normalized/PMC8012256.json,high
pmid-33610792,33610792,PMC8498969,10.1016/j.gpb.2020.06.016,An Integrated Systems Biology Approach Identifies the Proteasome as A Critical Host Machinery for ZIKV and DENV Replication.,2021,selected_for_reading,"Full text centers a primary virus and provides assay-supported host interaction, host factor, or pathway mechanism evidence.",fulltext_review,readable,pmc_xml,/Users/xingmeng/.openclaw/workspaces/staff-scientist-ideker/agenticWorkflow_LiteratureScreeningAndFullTextReview/runs/host_pathogen_shared_mechanisms_apms_20260826/passes/pass_001/artifacts/fulltext_import/PMC_XML/normalized/PMC8498969.json,high
pmid-33597212,33597212,PMC8104114,10.1128/JVI.02049-20,Proximity Biotin Labeling Reveals Kaposi's Sarcoma-Associated Herpesvirus Interferon Regulatory Factor Networks.,2021,selected_for_reading,"Full text centers a primary virus and provides assay-supported host interaction, host factor, or pathway mechanism evidence.",fulltext_review,readable,pmc_xml,/Users/xingmeng/.openclaw/workspaces/staff-scientist-ideker/agenticWorkflow_LiteratureScreeningAndFullTextReview/runs/host_pathogen_shared_mechanisms_apms_20260826/passes/pass_001/artifacts/fulltext_import/PMC_XML/normalized/PMC8104114.json,high
pmid-33593971,33593971,PMC8545129,10.1128/mBio.03616-20,A Glycoprotein Mutation That Emerged during the 2013-2016 Ebola Virus Epidemic Alters Proteolysis and Accelerates Membrane Fusion.,2021,selected_for_reading,Full text links a primary virus to a host factor or host pathway mechanism.,fulltext_review,readable,pmc_xml,/Users/xingmeng/.openclaw/workspaces/staff-scientist-ideker/agenticWorkflow_LiteratureScreeningAndFullTextReview/runs/host_pathogen_shared_mechanisms_apms_20260826/passes/pass_001/artifacts/fulltext_import/PMC_XML/normalized/PMC8545129.json,medium
pmid-33582300,33582300,PMC8042398,10.1016/j.mcpro.2021.100052,New Proteomic Signatures to Distinguish Between Zika and Dengue Infections.,2021,selected_for_reading,"Full text centers a primary virus and provides assay-supported host interaction, host factor, or pathway mechanism evidence.",fulltext_review,readable,pmc_xml,/Users/xingmeng/.openclaw/workspaces/staff-scientist-ideker/agenticWorkflow_LiteratureScreeningAndFullTextReview/runs/host_pathogen_shared_mechanisms_apms_20260826/passes/pass_001/artifacts/fulltext_import/PMC_XML/normalized/PMC8042398.json,high
pmid-33563288,33563288,PMC7871410,10.1186/s12977-021-00548-2,Vpx enhances innate immune responses independently of SAMHD1 during HIV-1 infection.,2021,selected_for_reading,Full text links a primary virus to a host factor or host pathway mechanism.,fulltext_review,readable,pmc_xml,/Users/xingmeng/.openclaw/workspaces/staff-scientist-ideker/agenticWorkflow_LiteratureScreeningAndFullTextReview/runs/host_pathogen_shared_mechanisms_apms_20260826/passes/pass_001/artifacts/fulltext_import/PMC_XML/normalized/PMC7871410.json,medium
pmid-33546322,33546322,PMC7913485,10.3390/v13020237,A Crucial Role of ACBD3 Required for Coxsackievirus Infection in Animal Model Developed by AAV-Mediated CRISPR Genome Editing Technique.,2021,selected_for_reading,"Full text centers a primary virus and provides assay-supported host interaction, host factor, or pathway mechanism evidence.",fulltext_review,readable,pmc_xml,/Users/xingmeng/.openclaw/workspaces/staff-scientist-ideker/agenticWorkflow_LiteratureScreeningAndFullTextReview/runs/host_pathogen_shared_mechanisms_apms_20260826/passes/pass_001/artifacts/fulltext_import/PMC_XML/normalized/PMC7913485.json,high
pmid-33539420,33539420,PMC7888650,10.1371/journal.ppat.1009294,CircRNA ARFGEF1 functions as a ceRNA to promote oncogenic KSHV-encoded viral interferon regulatory factor induction of cell invasion and angiogenesis by upregulating glutaredoxin 3.,2021,selected_for_reading,"Full text centers a primary virus and provides assay-supported host interaction, host factor, or pathway mechanism evidence.",fulltext_review,readable,pmc_xml,/Users/xingmeng/.openclaw/workspaces/staff-scientist-ideker/agenticWorkflow_LiteratureScreeningAndFullTextReview/runs/host_pathogen_shared_mechanisms_apms_20260826/passes/pass_001/artifacts/fulltext_import/PMC_XML/normalized/PMC7888650.json,high
pmid-33523994,33523994,PMC7793585,10.1126/sciadv.abd9732,TRIM26 is a critical host factor for HCV replication and contributes to host tropism.,2021,selected_for_reading,Full text links a primary virus to a host factor or host pathway mechanism.,fulltext_review,readable,pmc_xml,/Users/xingmeng/.openclaw/workspaces/staff-scientist-ideker/agenticWorkflow_LiteratureScreeningAndFullTextReview/runs/host_pathogen_shared_mechanisms_apms_20260826/passes/pass_001/artifacts/fulltext_import/PMC_XML/normalized/PMC7793585.json,medium
pmid-33513206,33513206,PMC7875390,10.1371/journal.ppat.1009275,Ebola virus triggers receptor tyrosine kinase-dependent signaling to promote the delivery of viral particles to entry-conducive intracellular compartments.,2021,selected_for_reading,Full text links a primary virus to a host factor or host pathway mechanism.,fulltext_review,readable,pmc_xml,/Users/xingmeng/.openclaw/workspaces/staff-scientist-ideker/agenticWorkflow_LiteratureScreeningAndFullTextReview/runs/host_pathogen_shared_mechanisms_apms_20260826/passes/pass_001/artifacts/fulltext_import/PMC_XML/normalized/PMC7875390.json,medium
pmid-33465149,33465149,PMC7846126,10.1371/journal.ppat.1008748,Extensive proteomic and transcriptomic changes quench the TCR/CD3 activation signal of latently HIV-1 infected T cells.,2021,selected_for_reading,"Full text centers a primary virus and provides assay-supported host interaction, host factor, or pathway mechanism evidence.",fulltext_review,readable,pmc_xml,/Users/xingmeng/.openclaw/workspaces/staff-scientist-ideker/agenticWorkflow_LiteratureScreeningAndFullTextReview/runs/host_pathogen_shared_mechanisms_apms_20260826/passes/pass_001/artifacts/fulltext_import/PMC_XML/normalized/PMC7846126.json,high
pmid-33459164,33459164,PMC8086697,10.1080/15476286.2020.1868754,Identification of host factors binding to dengue and Zika virus subgenomic RNA by efficient yeast three-hybrid screens of the human ORFeome.,2021,selected_for_reading,"Full text centers a primary virus and provides assay-supported host interaction, host factor, or pathway mechanism evidence.",fulltext_review,readable,pmc_xml,/Users/xingmeng/.openclaw/workspaces/staff-scientist-ideker/agenticWorkflow_LiteratureScreeningAndFullTextReview/runs/host_pathogen_shared_mechanisms_apms_20260826/passes/pass_001/artifacts/fulltext_import/PMC_XML/normalized/PMC8086697.json,high
pmid-33436438,33436438,PMC7844541,10.1128/mBio.03100-20,Direct Intracellular Visualization of Ebola Virus-Receptor Interaction by In Situ Proximity Ligation.,2021,selected_for_reading,Full text links a primary virus to a host factor or host pathway mechanism.,fulltext_review,readable,pmc_xml,/Users/xingmeng/.openclaw/workspaces/staff-scientist-ideker/agenticWorkflow_LiteratureScreeningAndFullTextReview/runs/host_pathogen_shared_mechanisms_apms_20260826/passes/pass_001/artifacts/fulltext_import/PMC_XML/normalized/PMC7844541.json,medium
pmid-33428961,33428961,PMC7833471,10.1016/j.antiviral.2021.105011,Identification of potential inhibitors of protein-protein interaction useful to fight against Ebola and other highly pathogenic viruses.,2021,selected_for_reading,"Full text contains useful host-pathogen assay or pathway evidence, but the primary-virus mechanism is less central than in direct papers.",fulltext_review,readable,pmc_xml,/Users/xingmeng/.openclaw/workspaces/staff-scientist-ideker/agenticWorkflow_LiteratureScreeningAndFullTextReview/runs/host_pathogen_shared_mechanisms_apms_20260826/passes/pass_001/artifacts/fulltext_import/PMC_XML/normalized/PMC7833471.json,medium
pmid-33357410,33357410,PMC7935764,10.1016/j.str.2020.12.001,Allosteric HIV Integrase Inhibitors Promote Formation of Inactive Branched Polymers via Homomeric Carboxy-Terminal Domain Interactions.,2021,selected_for_reading,"Full text centers a primary virus and provides assay-supported host interaction, host factor, or pathway mechanism evidence.",fulltext_review,readable,pmc_xml,/Users/xingmeng/.openclaw/workspaces/staff-scientist-ideker/agenticWorkflow_LiteratureScreeningAndFullTextReview/runs/host_pathogen_shared_mechanisms_apms_20260826/passes/pass_001/artifacts/fulltext_import/PMC_XML/normalized/PMC7935764.json,high
pmid-33231723,33231723,PMC7815537,10.1007/s00284-020-02284-w,Current Understanding of the Pathogenesis of Dengue Virus Infection.,2021,selected_for_reading,Full text links a primary virus to a host factor or host pathway mechanism.,fulltext_review,readable,pmc_xml,/Users/xingmeng/.openclaw/workspaces/staff-scientist-ideker/agenticWorkflow_LiteratureScreeningAndFullTextReview/runs/host_pathogen_shared_mechanisms_apms_20260826/passes/pass_001/artifacts/fulltext_import/PMC_XML/normalized/PMC7815537.json,medium
pmid-33181534,33181534,PMC7924934,10.1097/QAD.0000000000002751,Influence of dapivirine vaginal ring use on cervicovaginal immunity and functional microbiome in adolescent girls.,2021,selected_for_reading,"Full text contains useful host-pathogen assay or pathway evidence, but the primary-virus mechanism is less central than in direct papers.",fulltext_review,readable,pmc_xml,/Users/xingmeng/.openclaw/workspaces/staff-scientist-ideker/agenticWorkflow_LiteratureScreeningAndFullTextReview/runs/host_pathogen_shared_mechanisms_apms_20260826/passes/pass_001/artifacts/fulltext_import/PMC_XML/normalized/PMC7924934.json,medium
pmid-33172327,33172327,PMC8525956,10.1080/15548627.2020.1846301,Equine lentivirus counteracts SAMHD1 restriction by Rev-mediated degradation of SAMHD1 via the BECN1-dependent lysosomal pathway.,2021,selected_for_reading,"Full text has plausible host pathway or host-factor mechanism context for a primary virus, but evidence is not strongly assay-centered.",fulltext_review,readable,pmc_xml,/Users/xingmeng/.openclaw/workspaces/staff-scientist-ideker/agenticWorkflow_LiteratureScreeningAndFullTextReview/runs/host_pathogen_shared_mechanisms_apms_20260826/passes/pass_001/artifacts/fulltext_import/PMC_XML/normalized/PMC8525956.json,low
pmid-33148797,33148797,PMC7925099,10.1128/JVI.00883-20,Identification of an Antiretroviral Small Molecule That Appears To Be a Host-Targeting Inhibitor of HIV-1 Assembly.,2021,selected_for_reading,Full text links a primary virus to a host factor or host pathway mechanism.,fulltext_review,readable,pmc_xml,/Users/xingmeng/.openclaw/workspaces/staff-scientist-ideker/agenticWorkflow_LiteratureScreeningAndFullTextReview/runs/host_pathogen_shared_mechanisms_apms_20260826/passes/pass_001/artifacts/fulltext_import/PMC_XML/normalized/PMC7925099.json,medium
pmid-33144326,33144326,PMC7949066,10.1074/jbc.RA120.016010,Adaptive mutations promote hepatitis C virus assembly by accelerating core translocation to the endoplasmic reticulum.,2021,selected_for_reading,Full text links a primary virus to a host factor or host pathway mechanism.,fulltext_review,readable,pmc_xml,/Users/xingmeng/.openclaw/workspaces/staff-scientist-ideker/agenticWorkflow_LiteratureScreeningAndFullTextReview/runs/host_pathogen_shared_mechanisms_apms_20260826/passes/pass_001/artifacts/fulltext_import/PMC_XML/normalized/PMC7949066.json,medium
pmid-33070015,33070015,PMC7854966,10.1016/j.mib.2020.08.007,The tale of two flaviviruses: subversion of host pathways by RNA shapes in dengue and hepatitis C viral RNA genomes.,2021,selected_for_reading,Full text links a primary virus to a host factor or host pathway mechanism.,fulltext_review,readable,pmc_xml,/Users/xingmeng/.openclaw/workspaces/staff-scientist-ideker/agenticWorkflow_LiteratureScreeningAndFullTextReview/runs/host_pathogen_shared_mechanisms_apms_20260826/passes/pass_001/artifacts/fulltext_import/PMC_XML/normalized/PMC7854966.json,medium
pmid-33598438,33598438,PMC7882683,10.3389/fcimb.2020.607526,The Fate of Speckled Protein 100 (Sp100) During Herpesviruses Infection.,2020,selected_for_reading,"Full text contains useful host-pathogen assay or pathway evidence, but the primary-virus mechanism is less central than in direct papers.",fulltext_review,readable,pmc_xml,/Users/xingmeng/.openclaw/workspaces/staff-scientist-ideker/agenticWorkflow_LiteratureScreeningAndFullTextReview/runs/host_pathogen_shared_mechanisms_apms_20260826/passes/pass_001/artifacts/fulltext_import/PMC_XML/normalized/PMC7882683.json,medium
pmid-33585012,33585012,PMC7881408,,Proteomic study of advanced cirrhosis based on HCV to reveal potential biomarkers.,2020,selected_for_reading,"Full text centers a primary virus and provides assay-supported host interaction, host factor, or pathway mechanism evidence.",fulltext_review,readable,pmc_xml,/Users/xingmeng/.openclaw/workspaces/staff-scientist-ideker/agenticWorkflow_LiteratureScreeningAndFullTextReview/runs/host_pathogen_shared_mechanisms_apms_20260826/passes/pass_001/artifacts/fulltext_import/PMC_XML/normalized/PMC7881408.json,high
pmid-33521797,33521797,PMC7842267,10.1016/j.crviro.2020.100002,Proteasomal degradation of human SERINC4: A potent host anti-HIV-1 factor that is antagonized by nef.,2020,selected_for_reading,Full text links a primary virus to a host factor or host pathway mechanism.,fulltext_review,readable,pmc_xml,/Users/xingmeng/.openclaw/workspaces/staff-scientist-ideker/agenticWorkflow_LiteratureScreeningAndFullTextReview/runs/host_pathogen_shared_mechanisms_apms_20260826/passes/pass_001/artifacts/fulltext_import/PMC_XML/normalized/PMC7842267.json,medium
pmid-33396899,33396899,PMC7796338,10.3390/ijms22010323,Role of Host-Mediated Post-Translational Modifications (PTMs) in RNA Virus Pathogenesis.,2020,selected_for_reading,"Full text has plausible host pathway or host-factor mechanism context for a primary virus, but evidence is not strongly assay-centered.",fulltext_review,readable,pmc_xml,/Users/xingmeng/.openclaw/workspaces/staff-scientist-ideker/agenticWorkflow_LiteratureScreeningAndFullTextReview/runs/host_pathogen_shared_mechanisms_apms_20260826/passes/pass_001/artifacts/fulltext_import/PMC_XML/normalized/PMC7796338.json,low
pmid-33375604,33375604,PMC7824555,10.3390/v13010024,Editing of the TRIM5 Gene Decreases the Permissiveness of Human T Lymphocytic Cells to HIV-1.,2020,selected_for_reading,Full text links a primary virus to a host factor or host pathway mechanism.,fulltext_review,readable,pmc_xml,/Users/xingmeng/.openclaw/workspaces/staff-scientist-ideker/agenticWorkflow_LiteratureScreeningAndFullTextReview/runs/host_pathogen_shared_mechanisms_apms_20260826/passes/pass_001/artifacts/fulltext_import/PMC_XML/normalized/PMC7824555.json,medium
pmid-33329486,33329486,PMC7710902,10.3389/fmicb.2020.597972,Ubiquitin E3 Ligase c-Cbl Is a Host Negative Regulator of Nef Protein of HIV-1.,2020,selected_for_reading,"Full text centers a primary virus and provides assay-supported host interaction, host factor, or pathway mechanism evidence.",fulltext_review,readable,pmc_xml,/Users/xingmeng/.openclaw/workspaces/staff-scientist-ideker/agenticWorkflow_LiteratureScreeningAndFullTextReview/runs/host_pathogen_shared_mechanisms_apms_20260826/passes/pass_001/artifacts/fulltext_import/PMC_XML/normalized/PMC7710902.json,high
pmid-33322756,33322756,PMC7764128,10.3390/microorganisms8121976,Deaminase-Independent Mode of Antiretroviral Action in Human and Mouse APOBEC3 Proteins.,2020,selected_for_reading,"Full text has plausible host pathway or host-factor mechanism context for a primary virus, but evidence is not strongly assay-centered.",fulltext_review,readable,pmc_xml,/Users/xingmeng/.openclaw/workspaces/staff-scientist-ideker/agenticWorkflow_LiteratureScreeningAndFullTextReview/runs/host_pathogen_shared_mechanisms_apms_20260826/passes/pass_001/artifacts/fulltext_import/PMC_XML/normalized/PMC7764128.json,low
pmid-33322045,33322045,PMC7762994,10.3390/v12121423,Novel Broad-Spectrum Antiviral Inhibitors Targeting Host Factors Essential for Replication of Pathogenic RNA Viruses.,2020,selected_for_reading,"Full text contains useful host-pathogen assay or pathway evidence, but the primary-virus mechanism is less central than in direct papers.",fulltext_review,readable,pmc_xml,/Users/xingmeng/.openclaw/workspaces/staff-scientist-ideker/agenticWorkflow_LiteratureScreeningAndFullTextReview/runs/host_pathogen_shared_mechanisms_apms_20260826/passes/pass_001/artifacts/fulltext_import/PMC_XML/normalized/PMC7762994.json,medium
pmid-33312423,33312423,PMC7701965,10.4254/wjh.v12.i11.976,Screening and identification of bioactive compounds from citrus against non-structural protein 3 protease of hepatitis C virus genotype 3a by fluorescence resonance energy transfer assay and mass spectrometry.,2020,selected_for_reading,"Full text centers a primary virus and provides assay-supported host interaction, host factor, or pathway mechanism evidence.",fulltext_review,readable,pmc_xml,/Users/xingmeng/.openclaw/workspaces/staff-scientist-ideker/agenticWorkflow_LiteratureScreeningAndFullTextReview/runs/host_pathogen_shared_mechanisms_apms_20260826/passes/pass_001/artifacts/fulltext_import/PMC_XML/normalized/PMC7701965.json,high
pmid-33301474,33301474,PMC7728291,10.1371/journal.pone.0243270,"The transcriptomic profiling of SARS-CoV-2 compared to SARS, MERS, EBOV, and H1N1.",2020,selected_for_reading,"Full text centers a primary virus and provides assay-supported host interaction, host factor, or pathway mechanism evidence.",fulltext_review,readable,pmc_xml,/Users/xingmeng/.openclaw/workspaces/staff-scientist-ideker/agenticWorkflow_LiteratureScreeningAndFullTextReview/runs/host_pathogen_shared_mechanisms_apms_20260826/passes/pass_001/artifacts/fulltext_import/PMC_XML/normalized/PMC7728291.json,high
pmid-33276600,33276600,PMC7761624,10.3390/v12121382,An Update of the Virion Proteome of Kaposi Sarcoma-Associated Herpesvirus.,2020,selected_for_reading,"Full text contains useful host-pathogen assay or pathway evidence, but the primary-virus mechanism is less central than in direct papers.",fulltext_review,readable,pmc_xml,/Users/xingmeng/.openclaw/workspaces/staff-scientist-ideker/agenticWorkflow_LiteratureScreeningAndFullTextReview/runs/host_pathogen_shared_mechanisms_apms_20260826/passes/pass_001/artifacts/fulltext_import/PMC_XML/normalized/PMC7761624.json,medium
pmid-33270809,33270809,PMC7714144,10.1371/journal.ppat.1009055,Identification of unrecognized host factors promoting HIV-1 latency.,2020,selected_for_reading,Full text links a primary virus to a host factor or host pathway mechanism.,fulltext_review,readable,pmc_xml,/Users/xingmeng/.openclaw/workspaces/staff-scientist-ideker/agenticWorkflow_LiteratureScreeningAndFullTextReview/runs/host_pathogen_shared_mechanisms_apms_20260826/passes/pass_001/artifacts/fulltext_import/PMC_XML/normalized/PMC7714144.json,medium
pmid-33257748,33257748,PMC7705671,10.1038/s41598-020-77720-9,An in silico approach to analyze HCV genotype-specific binding-site variation and its effect on drug-protein interaction.,2020,selected_for_reading,Full text links a primary virus to a host factor or host pathway mechanism.,fulltext_review,readable,pmc_xml,/Users/xingmeng/.openclaw/workspaces/staff-scientist-ideker/agenticWorkflow_LiteratureScreeningAndFullTextReview/runs/host_pathogen_shared_mechanisms_apms_20260826/passes/pass_001/artifacts/fulltext_import/PMC_XML/normalized/PMC7705671.json,medium
pmid-33193629,33193629,PMC7556301,10.3389/fgene.2020.555537,Screening and Identification of Potential Biomarkers in Hepatitis B Virus-Related Hepatocellular Carcinoma by Bioinformatics Analysis.,2020,selected_for_reading,"Full text contains useful host-pathogen assay or pathway evidence, but the primary-virus mechanism is less central than in direct papers.",fulltext_review,readable,pmc_xml,/Users/xingmeng/.openclaw/workspaces/staff-scientist-ideker/agenticWorkflow_LiteratureScreeningAndFullTextReview/runs/host_pathogen_shared_mechanisms_apms_20260826/passes/pass_001/artifacts/fulltext_import/PMC_XML/normalized/PMC7556301.json,medium
pmid-33143016,33143016,PMC7662321,10.3390/molecules25215037,Andrographolide and Its 14-Aryloxy Analogues Inhibit Zika and Dengue Virus Infection.,2020,selected_for_reading,"Full text centers a primary virus and provides assay-supported host interaction, host factor, or pathway mechanism evidence.",fulltext_review,readable,pmc_xml,/Users/xingmeng/.openclaw/workspaces/staff-scientist-ideker/agenticWorkflow_LiteratureScreeningAndFullTextReview/runs/host_pathogen_shared_mechanisms_apms_20260826/passes/pass_001/artifacts/fulltext_import/PMC_XML/normalized/PMC7662321.json,high
pmid-33101221,33101221,PMC7555709,10.3389/fmicb.2020.535673,"Transcriptome and miRNome Analysis Provide New Insight Into Host Lipid Accumulation, Innate Immunity, and Viral Persistence in Hepatitis C Virus Infection in vitro.",2020,selected_for_reading,Full text links a primary virus to a host factor or host pathway mechanism.,fulltext_review,readable,pmc_xml,/Users/xingmeng/.openclaw/workspaces/staff-scientist-ideker/agenticWorkflow_LiteratureScreeningAndFullTextReview/runs/host_pathogen_shared_mechanisms_apms_20260826/passes/pass_001/artifacts/fulltext_import/PMC_XML/normalized/PMC7555709.json,medium
pmid-33095583,33095583,PMC7640957,10.1021/acs.jproteome.0c00380,Utility of Proteomics in Emerging and Re-Emerging Infectious Diseases Caused by RNA Viruses.,2020,selected_for_reading,"Full text contains useful host-pathogen assay or pathway evidence, but the primary-virus mechanism is less central than in direct papers.",fulltext_review,readable,pmc_xml,/Users/xingmeng/.openclaw/workspaces/staff-scientist-ideker/agenticWorkflow_LiteratureScreeningAndFullTextReview/runs/host_pathogen_shared_mechanisms_apms_20260826/passes/pass_001/artifacts/fulltext_import/PMC_XML/normalized/PMC7640957.json,medium
pmid-33072075,33072075,PMC7531389,10.3389/fimmu.2020.02129,Transcriptome Profiling of Human Monocyte-Derived Macrophages Upon CCL2 Neutralization Reveals an Association Between Activation of Innate Immune Pathways and Restriction of HIV-1 Gene Expression.,2020,selected_for_reading,Full text links a primary virus to a host factor or host pathway mechanism.,fulltext_review,readable,pmc_xml,/Users/xingmeng/.openclaw/workspaces/staff-scientist-ideker/agenticWorkflow_LiteratureScreeningAndFullTextReview/runs/host_pathogen_shared_mechanisms_apms_20260826/passes/pass_001/artifacts/fulltext_import/PMC_XML/normalized/PMC7531389.json,medium
pmid-33068416,33068416,PMC7672441,10.1093/nar/gkaa864,Structural analysis of SARS-CoV-2 genome and predictions of the human interactome.,2020,selected_for_reading,"Full text contains useful host-pathogen assay or pathway evidence, but the primary-virus mechanism is less central than in direct papers.",fulltext_review,readable,pmc_xml,/Users/xingmeng/.openclaw/workspaces/staff-scientist-ideker/agenticWorkflow_LiteratureScreeningAndFullTextReview/runs/host_pathogen_shared_mechanisms_apms_20260826/passes/pass_001/artifacts/fulltext_import/PMC_XML/normalized/PMC7672441.json,medium
pmid-33053346,33053346,PMC7567700,10.1016/j.celrep.2020.108249,Quantitative Proteomics Analysis of Lytic KSHV Infection in Human Endothelial Cells Reveals Targets of Viral Immune Modulation.,2020,selected_for_reading,"Full text centers a primary virus and provides assay-supported host interaction, host factor, or pathway mechanism evidence.",fulltext_review,readable,pmc_xml,/Users/xingmeng/.openclaw/workspaces/staff-scientist-ideker/agenticWorkflow_LiteratureScreeningAndFullTextReview/runs/host_pathogen_shared_mechanisms_apms_20260826/passes/pass_001/artifacts/fulltext_import/PMC_XML/normalized/PMC7567700.json,high
pmid-33052966,33052966,PMC7588057,10.1371/journal.ppat.1009017,A non-canonical role for the autophagy machinery in anti-retroviral signaling mediated by TRIM5α.,2020,selected_for_reading,"Full text has plausible host pathway or host-factor mechanism context for a primary virus, but evidence is not strongly assay-centered.",fulltext_review,readable,pmc_xml,/Users/xingmeng/.openclaw/workspaces/staff-scientist-ideker/agenticWorkflow_LiteratureScreeningAndFullTextReview/runs/host_pathogen_shared_mechanisms_apms_20260826/passes/pass_001/artifacts/fulltext_import/PMC_XML/normalized/PMC7588057.json,low
pmid-33052961,33052961,PMC7556532,10.1371/journal.ppat.1008900,HER2-mediated enhancement of Ebola virus entry.,2020,selected_for_reading,Full text links a primary virus to a host factor or host pathway mechanism.,fulltext_review,readable,pmc_xml,/Users/xingmeng/.openclaw/workspaces/staff-scientist-ideker/agenticWorkflow_LiteratureScreeningAndFullTextReview/runs/host_pathogen_shared_mechanisms_apms_20260826/passes/pass_001/artifacts/fulltext_import/PMC_XML/normalized/PMC7556532.json,medium
pmid-33052334,33052334,PMC7553159,10.1101/2020.10.06.327445,Systematic discovery and functional interrogation of SARS-CoV-2 viral RNA-host protein interactions during infection.,2020,selected_for_reading,"Full text contains useful host-pathogen assay or pathway evidence, but the primary-virus mechanism is less central than in direct papers.",fulltext_review,readable,pmc_xml,/Users/xingmeng/.openclaw/workspaces/staff-scientist-ideker/agenticWorkflow_LiteratureScreeningAndFullTextReview/runs/host_pathogen_shared_mechanisms_apms_20260826/passes/pass_001/artifacts/fulltext_import/PMC_XML/normalized/PMC7553159.json,medium
pmid-33042070,33042070,PMC7522514,10.3389/fmicb.2020.565590,SNORD126 Promotes Hepatitis C Virus Infection by Upregulating Claudin-1 via Activation of PI3K-AKT Signaling Pathway.,2020,selected_for_reading,Full text links a primary virus to a host factor or host pathway mechanism.,fulltext_review,readable,pmc_xml,/Users/xingmeng/.openclaw/workspaces/staff-scientist-ideker/agenticWorkflow_LiteratureScreeningAndFullTextReview/runs/host_pathogen_shared_mechanisms_apms_20260826/passes/pass_001/artifacts/fulltext_import/PMC_XML/normalized/PMC7522514.json,medium
pmid-33015651,33015651,PMC7511692,10.1016/j.xcrm.2020.100096,Treatment with Commonly Used Antiretroviral Drugs Induces a Type I/III Interferon Signature in the Gut in the Absence of HIV Infection.,2020,selected_for_reading,"Full text centers a primary virus and provides assay-supported host interaction, host factor, or pathway mechanism evidence.",fulltext_review,readable,pmc_xml,/Users/xingmeng/.openclaw/workspaces/staff-scientist-ideker/agenticWorkflow_LiteratureScreeningAndFullTextReview/runs/host_pathogen_shared_mechanisms_apms_20260826/passes/pass_001/artifacts/fulltext_import/PMC_XML/normalized/PMC7511692.json,high
pmid-32994287,32994287,PMC7527136,10.1128/mSystems.00465-20,Depression in Individuals Coinfected with HIV and HCV Is Associated with Systematic Differences in the Gut Microbiome and Metabolome.,2020,selected_for_reading,"Full text centers a primary virus and provides assay-supported host interaction, host factor, or pathway mechanism evidence.",fulltext_review,readable,pmc_xml,/Users/xingmeng/.openclaw/workspaces/staff-scientist-ideker/agenticWorkflow_LiteratureScreeningAndFullTextReview/runs/host_pathogen_shared_mechanisms_apms_20260826/passes/pass_001/artifacts/fulltext_import/PMC_XML/normalized/PMC7527136.json,high
pmid-32992749,32992749,PMC7600424,10.3390/v12101074,Imaging-Based Reporter Systems to Define CVB-Induced Membrane Remodeling in Living Cells.,2020,selected_for_reading,Full text links a primary virus to a host factor or host pathway mechanism.,fulltext_review,readable,pmc_xml,/Users/xingmeng/.openclaw/workspaces/staff-scientist-ideker/agenticWorkflow_LiteratureScreeningAndFullTextReview/runs/host_pathogen_shared_mechanisms_apms_20260826/passes/pass_001/artifacts/fulltext_import/PMC_XML/normalized/PMC7600424.json,medium
pmid-32948809,32948809,PMC7501868,10.1038/s42003-020-01254-z,Dengue virus dominates lipid metabolism modulations in Wolbachia-coinfected Aedes aegypti.,2020,selected_for_reading,"Full text centers a primary virus and provides assay-supported host interaction, host factor, or pathway mechanism evidence.",fulltext_review,readable,pmc_xml,/Users/xingmeng/.openclaw/workspaces/staff-scientist-ideker/agenticWorkflow_LiteratureScreeningAndFullTextReview/runs/host_pathogen_shared_mechanisms_apms_20260826/passes/pass_001/artifacts/fulltext_import/PMC_XML/normalized/PMC7501868.json,high
pmid-32927629,32927629,PMC7555558,10.3390/ijms21186609,Dengue Virus Infection of Aedes aegypti Alters Extracellular Vesicle Protein Cargo to Enhance Virus Transmission.,2020,selected_for_reading,"Full text centers a primary virus and provides assay-supported host interaction, host factor, or pathway mechanism evidence.",fulltext_review,readable,pmc_xml,/Users/xingmeng/.openclaw/workspaces/staff-scientist-ideker/agenticWorkflow_LiteratureScreeningAndFullTextReview/runs/host_pathogen_shared_mechanisms_apms_20260826/passes/pass_001/artifacts/fulltext_import/PMC_XML/normalized/PMC7555558.json,high
pmid-32913052,32913052,PMC7533870,10.1073/pnas.1914814117,"Modulation of acyl-carnitines, the broad mechanism behind Wolbachia-mediated inhibition of medically important flaviviruses in Aedes aegypti.",2020,selected_for_reading,"Full text contains useful host-pathogen assay or pathway evidence, but the primary-virus mechanism is less central than in direct papers.",fulltext_review,readable,pmc_xml,/Users/xingmeng/.openclaw/workspaces/staff-scientist-ideker/agenticWorkflow_LiteratureScreeningAndFullTextReview/runs/host_pathogen_shared_mechanisms_apms_20260826/passes/pass_001/artifacts/fulltext_import/PMC_XML/normalized/PMC7533870.json,medium
pmid-32900848,32900848,PMC7863897,10.1074/jbc.RA120.014761,Cholesterol sensing by CD81 is important for hepatitis C virus entry.,2020,selected_for_reading,"Full text centers a primary virus and provides assay-supported host interaction, host factor, or pathway mechanism evidence.",fulltext_review,readable,pmc_xml,/Users/xingmeng/.openclaw/workspaces/staff-scientist-ideker/agenticWorkflow_LiteratureScreeningAndFullTextReview/runs/host_pathogen_shared_mechanisms_apms_20260826/passes/pass_001/artifacts/fulltext_import/PMC_XML/normalized/PMC7863897.json,high
pmid-32886723,32886723,PMC7498053,10.1371/journal.ppat.1008843,The gammaherpesviral TATA-box-binding protein directly interacts with the CTD of host RNA Pol II to direct late gene transcription.,2020,selected_for_reading,"Full text contains useful host-pathogen assay or pathway evidence, but the primary-virus mechanism is less central than in direct papers.",fulltext_review,readable,pmc_xml,/Users/xingmeng/.openclaw/workspaces/staff-scientist-ideker/agenticWorkflow_LiteratureScreeningAndFullTextReview/runs/host_pathogen_shared_mechanisms_apms_20260826/passes/pass_001/artifacts/fulltext_import/PMC_XML/normalized/PMC7498053.json,medium
pmid-32860939,32860939,PMC7575143,10.1016/j.bbi.2020.08.024,Differential effect of interferon-alpha treatment on AEA and 2-AG levels.,2020,selected_for_reading,"Full text contains useful host-pathogen assay or pathway evidence, but the primary-virus mechanism is less central than in direct papers.",fulltext_review,readable,pmc_xml,/Users/xingmeng/.openclaw/workspaces/staff-scientist-ideker/agenticWorkflow_LiteratureScreeningAndFullTextReview/runs/host_pathogen_shared_mechanisms_apms_20260826/passes/pass_001/artifacts/fulltext_import/PMC_XML/normalized/PMC7575143.json,medium
pmid-32854687,32854687,PMC7453574,10.1186/s12915-020-00828-x,Nutritional status impacts dengue virus infection in mice.,2020,selected_for_reading,Full text links a primary virus to a host factor or host pathway mechanism.,fulltext_review,readable,pmc_xml,/Users/xingmeng/.openclaw/workspaces/staff-scientist-ideker/agenticWorkflow_LiteratureScreeningAndFullTextReview/runs/host_pathogen_shared_mechanisms_apms_20260826/passes/pass_001/artifacts/fulltext_import/PMC_XML/normalized/PMC7453574.json,medium
pmid-32849379,32849379,PMC7417768,10.3389/fmicb.2020.01750,Wolbachia Inhibits Binding of Dengue and Zika Viruses to Mosquito Cells.,2020,selected_for_reading,Full text links a primary virus to a host factor or host pathway mechanism.,fulltext_review,readable,pmc_xml,/Users/xingmeng/.openclaw/workspaces/staff-scientist-ideker/agenticWorkflow_LiteratureScreeningAndFullTextReview/runs/host_pathogen_shared_mechanisms_apms_20260826/passes/pass_001/artifacts/fulltext_import/PMC_XML/normalized/PMC7417768.json,medium
pmid-32835602,32835602,PMC7531522,10.1080/19420862.2020.1802187,Novel monoclonal antibodies to the SERINC5 HIV-1 restriction factor detect endogenous andvirion-associated SERINC5.,2020,selected_for_reading,Full text links a primary virus to a host factor or host pathway mechanism.,fulltext_review,readable,pmc_xml,/Users/xingmeng/.openclaw/workspaces/staff-scientist-ideker/agenticWorkflow_LiteratureScreeningAndFullTextReview/runs/host_pathogen_shared_mechanisms_apms_20260826/passes/pass_001/artifacts/fulltext_import/PMC_XML/normalized/PMC7531522.json,medium
pmid-32817655,32817655,PMC7508361,10.1371/journal.pntd.0008282,Differentiation-dependent susceptibility of human muscle cells to Zika virus infection.,2020,selected_for_reading,"Full text contains useful host-pathogen assay or pathway evidence, but the primary-virus mechanism is less central than in direct papers.",fulltext_review,readable,pmc_xml,/Users/xingmeng/.openclaw/workspaces/staff-scientist-ideker/agenticWorkflow_LiteratureScreeningAndFullTextReview/runs/host_pathogen_shared_mechanisms_apms_20260826/passes/pass_001/artifacts/fulltext_import/PMC_XML/normalized/PMC7508361.json,medium
pmid-32802403,32802403,PMC7400672,10.1038/s41421-020-0184-9,PSGL-1 inhibits HIV-1 infection by restricting actin dynamics and sequestering HIV envelope proteins.,2020,selected_for_reading,"Full text centers a primary virus and provides assay-supported host interaction, host factor, or pathway mechanism evidence.",fulltext_review,readable,pmc_xml,/Users/xingmeng/.openclaw/workspaces/staff-scientist-ideker/agenticWorkflow_LiteratureScreeningAndFullTextReview/runs/host_pathogen_shared_mechanisms_apms_20260826/passes/pass_001/artifacts/fulltext_import/PMC_XML/normalized/PMC7400672.json,high
pmid-32790802,32790802,PMC7425850,10.1371/journal.ppat.1008679,Fingolimod inhibits multiple stages of the HIV-1 life cycle.,2020,selected_for_reading,Full text links a primary virus to a host factor or host pathway mechanism.,fulltext_review,readable,pmc_xml,/Users/xingmeng/.openclaw/workspaces/staff-scientist-ideker/agenticWorkflow_LiteratureScreeningAndFullTextReview/runs/host_pathogen_shared_mechanisms_apms_20260826/passes/pass_001/artifacts/fulltext_import/PMC_XML/normalized/PMC7425850.json,medium
pmid-32784484,32784484,PMC7472063,10.3390/v12080869,The Minor Matrix Protein VP24 from Ebola Virus Lacks Direct Lipid-Binding Properties.,2020,selected_for_reading,"Full text centers a primary virus and provides assay-supported host interaction, host factor, or pathway mechanism evidence.",fulltext_review,readable,pmc_xml,/Users/xingmeng/.openclaw/workspaces/staff-scientist-ideker/agenticWorkflow_LiteratureScreeningAndFullTextReview/runs/host_pathogen_shared_mechanisms_apms_20260826/passes/pass_001/artifacts/fulltext_import/PMC_XML/normalized/PMC7472063.json,high
pmid-32764824,32764824,PMC7437927,10.1371/journal.ppat.1008346,Host-derived circular RNAs display proviral activities in Hepatitis C virus-infected cells.,2020,selected_for_reading,"Full text centers a primary virus and provides assay-supported host interaction, host factor, or pathway mechanism evidence.",fulltext_review,readable,pmc_xml,/Users/xingmeng/.openclaw/workspaces/staff-scientist-ideker/agenticWorkflow_LiteratureScreeningAndFullTextReview/runs/host_pathogen_shared_mechanisms_apms_20260826/passes/pass_001/artifacts/fulltext_import/PMC_XML/normalized/PMC7437927.json,high
pmid-32764347,32764347,PMC7464470,10.3390/genes11080894,Lights and Shadows of TORCH Infection Proteomics.,2020,selected_for_reading,"Full text contains useful host-pathogen assay or pathway evidence, but the primary-virus mechanism is less central than in direct papers.",fulltext_review,readable,pmc_xml,/Users/xingmeng/.openclaw/workspaces/staff-scientist-ideker/agenticWorkflow_LiteratureScreeningAndFullTextReview/runs/host_pathogen_shared_mechanisms_apms_20260826/passes/pass_001/artifacts/fulltext_import/PMC_XML/normalized/PMC7464470.json,medium
pmid-32752233,32752233,PMC7432483,10.3390/ijms21155516,"A Small Molecule, 4-Phenylbutyric Acid, Suppresses HCV Replication via Epigenetically Induced Hepatic Hepcidin.",2020,selected_for_reading,Full text links a primary virus to a host factor or host pathway mechanism.,fulltext_review,readable,pmc_xml,/Users/xingmeng/.openclaw/workspaces/staff-scientist-ideker/agenticWorkflow_LiteratureScreeningAndFullTextReview/runs/host_pathogen_shared_mechanisms_apms_20260826/passes/pass_001/artifacts/fulltext_import/PMC_XML/normalized/PMC7432483.json,medium
pmid-32751420,32751420,PMC7472398,10.3390/v12080825,Crocetin Improves Dengue Virus-Induced Liver Injury.,2020,selected_for_reading,Full text links a primary virus to a host factor or host pathway mechanism.,fulltext_review,readable,pmc_xml,/Users/xingmeng/.openclaw/workspaces/staff-scientist-ideker/agenticWorkflow_LiteratureScreeningAndFullTextReview/runs/host_pathogen_shared_mechanisms_apms_20260826/passes/pass_001/artifacts/fulltext_import/PMC_XML/normalized/PMC7472398.json,medium
pmid-32747784,32747784,PMC8064030,10.1038/s41594-020-0467-8,Intrinsic curvature of the HIV-1 CA hexamer underlies capsid topology and interaction with cyclophilin A.,2020,selected_for_reading,Full text links a primary virus to a host factor or host pathway mechanism.,fulltext_review,readable,pmc_xml,/Users/xingmeng/.openclaw/workspaces/staff-scientist-ideker/agenticWorkflow_LiteratureScreeningAndFullTextReview/runs/host_pathogen_shared_mechanisms_apms_20260826/passes/pass_001/artifacts/fulltext_import/PMC_XML/normalized/PMC8064030.json,medium
pmid-32735789,32735789,PMC7456796,10.1016/j.bbamem.2020.183419,CD81 extracted in SMALP nanodiscs comprises two distinct protein populations within a lipid environment enriched with negatively charged headgroups.,2020,selected_for_reading,"Full text contains useful host-pathogen assay or pathway evidence, but the primary-virus mechanism is less central than in direct papers.",fulltext_review,readable,pmc_xml,/Users/xingmeng/.openclaw/workspaces/staff-scientist-ideker/agenticWorkflow_LiteratureScreeningAndFullTextReview/runs/host_pathogen_shared_mechanisms_apms_20260826/passes/pass_001/artifacts/fulltext_import/PMC_XML/normalized/PMC7456796.json,medium
pmid-32726944,32726944,PMC7472745,10.3390/v12080809,Vpr Is a VIP: HIV Vpr and Infected Macrophages Promote Viral Pathogenesis.,2020,selected_for_reading,Full text links a primary virus to a host factor or host pathway mechanism.,fulltext_review,readable,pmc_xml,/Users/xingmeng/.openclaw/workspaces/staff-scientist-ideker/agenticWorkflow_LiteratureScreeningAndFullTextReview/runs/host_pathogen_shared_mechanisms_apms_20260826/passes/pass_001/artifacts/fulltext_import/PMC_XML/normalized/PMC7472745.json,medium
pmid-32687500,32687500,PMC7392349,10.1371/journal.pntd.0007960,Annexin A2 depletion exacerbates the intracerebral microhemorrhage induced by acute rickettsia and Ebola virus infections.,2020,selected_for_reading,"Full text centers a primary virus and provides assay-supported host interaction, host factor, or pathway mechanism evidence.",fulltext_review,readable,pmc_xml,/Users/xingmeng/.openclaw/workspaces/staff-scientist-ideker/agenticWorkflow_LiteratureScreeningAndFullTextReview/runs/host_pathogen_shared_mechanisms_apms_20260826/passes/pass_001/artifacts/fulltext_import/PMC_XML/normalized/PMC7392349.json,high
pmid-32665270,32665270,PMC7360927,10.1128/mBio.00782-20,Convergent Evolution of HLA-C Downmodulation in HIV-1 and HIV-2.,2020,selected_for_reading,Full text links a primary virus to a host factor or host pathway mechanism.,fulltext_review,readable,pmc_xml,/Users/xingmeng/.openclaw/workspaces/staff-scientist-ideker/agenticWorkflow_LiteratureScreeningAndFullTextReview/runs/host_pathogen_shared_mechanisms_apms_20260826/passes/pass_001/artifacts/fulltext_import/PMC_XML/normalized/PMC7360927.json,medium
pmid-32651437,32651437,PMC7351720,10.1038/s41598-020-68341-3,Overexpressed coiled-coil domain containing protein 8 (CCDC8) mediates newly synthesized HIV-1 Gag lysosomal degradation.,2020,selected_for_reading,"Full text centers a primary virus and provides assay-supported host interaction, host factor, or pathway mechanism evidence.",fulltext_review,readable,pmc_xml,/Users/xingmeng/.openclaw/workspaces/staff-scientist-ideker/agenticWorkflow_LiteratureScreeningAndFullTextReview/runs/host_pathogen_shared_mechanisms_apms_20260826/passes/pass_001/artifacts/fulltext_import/PMC_XML/normalized/PMC7351720.json,high
pmid-32631335,32631335,PMC7339526,10.1186/s12879-020-05214-0,A systems biology-driven approach to construct a comprehensive protein interaction network of influenza A virus with its host.,2020,selected_for_reading,"Full text contains useful host-pathogen assay or pathway evidence, but the primary-virus mechanism is less central than in direct papers.",fulltext_review,readable,pmc_xml,/Users/xingmeng/.openclaw/workspaces/staff-scientist-ideker/agenticWorkflow_LiteratureScreeningAndFullTextReview/runs/host_pathogen_shared_mechanisms_apms_20260826/passes/pass_001/artifacts/fulltext_import/PMC_XML/normalized/PMC7339526.json,medium
pmid-32625189,32625189,PMC7311653,10.3389/fmicb.2020.01314,Network-Based Analysis of OMICs Data to Understand the HIV-Host Interaction.,2020,selected_for_reading,"Full text centers a primary virus and provides assay-supported host interaction, host factor, or pathway mechanism evidence.",fulltext_review,readable,pmc_xml,/Users/xingmeng/.openclaw/workspaces/staff-scientist-ideker/agenticWorkflow_LiteratureScreeningAndFullTextReview/runs/host_pathogen_shared_mechanisms_apms_20260826/passes/pass_001/artifacts/fulltext_import/PMC_XML/normalized/PMC7311653.json,high
pmid-32615986,32615986,PMC7333275,10.1186/s12977-020-00522-4,Increased expression of CDKN1A/p21 in HIV-1 controllers is correlated with upregulation of ZC3H12A/MCPIP1.,2020,selected_for_reading,Full text links a primary virus to a host factor or host pathway mechanism.,fulltext_review,readable,pmc_xml,/Users/xingmeng/.openclaw/workspaces/staff-scientist-ideker/agenticWorkflow_LiteratureScreeningAndFullTextReview/runs/host_pathogen_shared_mechanisms_apms_20260826/passes/pass_001/artifacts/fulltext_import/PMC_XML/normalized/PMC7333275.json,medium
pmid-32595622,32595622,PMC7301684,10.3389/fmicb.2020.01230,Antiviral Activity of Feline BCA2 Is Mainly Dependent on Its Interference With Proviral Transcription Rather Than Degradation of FIV Gag.,2020,selected_for_reading,"Full text has plausible host pathway or host-factor mechanism context for a primary virus, but evidence is not strongly assay-centered.",fulltext_review,readable,pmc_xml,/Users/xingmeng/.openclaw/workspaces/staff-scientist-ideker/agenticWorkflow_LiteratureScreeningAndFullTextReview/runs/host_pathogen_shared_mechanisms_apms_20260826/passes/pass_001/artifacts/fulltext_import/PMC_XML/normalized/PMC7301684.json,low
pmid-32553106,32553106,PMC7299335,10.7554/eLife.56910,MxB sensitivity of HIV-1 is determined by a highly variable and dynamic capsid surface.,2020,selected_for_reading,Full text links a primary virus to a host factor or host pathway mechanism.,fulltext_review,readable,pmc_xml,/Users/xingmeng/.openclaw/workspaces/staff-scientist-ideker/agenticWorkflow_LiteratureScreeningAndFullTextReview/runs/host_pathogen_shared_mechanisms_apms_20260826/passes/pass_001/artifacts/fulltext_import/PMC_XML/normalized/PMC7299335.json,medium
pmid-32545337,32545337,PMC7354551,10.3390/v12060636,Daxx Inhibits HIV-1 Reverse Transcription and Uncoating in a SUMO-Dependent Manner.,2020,selected_for_reading,"Full text centers a primary virus and provides assay-supported host interaction, host factor, or pathway mechanism evidence.",fulltext_review,readable,pmc_xml,/Users/xingmeng/.openclaw/workspaces/staff-scientist-ideker/agenticWorkflow_LiteratureScreeningAndFullTextReview/runs/host_pathogen_shared_mechanisms_apms_20260826/passes/pass_001/artifacts/fulltext_import/PMC_XML/normalized/PMC7354551.json,high
pmid-32545331,32545331,PMC7354422,10.3390/v12060635,Persistent Innate Immune Stimulation Results in IRF3-Mediated but Caspase-Independent Cytostasis.,2020,selected_for_reading,"Full text contains useful host-pathogen assay or pathway evidence, but the primary-virus mechanism is less central than in direct papers.",fulltext_review,readable,pmc_xml,/Users/xingmeng/.openclaw/workspaces/staff-scientist-ideker/agenticWorkflow_LiteratureScreeningAndFullTextReview/runs/host_pathogen_shared_mechanisms_apms_20260826/passes/pass_001/artifacts/fulltext_import/PMC_XML/normalized/PMC7354422.json,medium
pmid-32542055,32542055,PMC7316345,10.1371/journal.ppat.1008554,The ATGL lipase cooperates with ABHD5 to mobilize lipids for hepatitis C virus assembly.,2020,selected_for_reading,"Full text centers a primary virus and provides assay-supported host interaction, host factor, or pathway mechanism evidence.",fulltext_review,readable,pmc_xml,/Users/xingmeng/.openclaw/workspaces/staff-scientist-ideker/agenticWorkflow_LiteratureScreeningAndFullTextReview/runs/host_pathogen_shared_mechanisms_apms_20260826/passes/pass_001/artifacts/fulltext_import/PMC_XML/normalized/PMC7316345.json,high
pmid-32522239,32522239,PMC7285477,10.1186/s13071-020-04167-2,Dynamic proteomic analysis of Aedes aegypti Aag-2 cells infected with Mayaro virus.,2020,selected_for_reading,"Full text contains useful host-pathogen assay or pathway evidence, but the primary-virus mechanism is less central than in direct papers.",fulltext_review,readable,pmc_xml,/Users/xingmeng/.openclaw/workspaces/staff-scientist-ideker/agenticWorkflow_LiteratureScreeningAndFullTextReview/runs/host_pathogen_shared_mechanisms_apms_20260826/passes/pass_001/artifacts/fulltext_import/PMC_XML/normalized/PMC7285477.json,medium
pmid-32494274,32494274,PMC7260937,10.12669/pjms.36.4.1845,Dysregulated epidermal growth factor and tumor growth factor-beta receptor signaling through GFAP-ACTA2 protein interaction in liver fibrosis.,2020,selected_for_reading,"Full text contains useful host-pathogen assay or pathway evidence, but the primary-virus mechanism is less central than in direct papers.",fulltext_review,readable,pmc_xml,/Users/xingmeng/.openclaw/workspaces/staff-scientist-ideker/agenticWorkflow_LiteratureScreeningAndFullTextReview/runs/host_pathogen_shared_mechanisms_apms_20260826/passes/pass_001/artifacts/fulltext_import/PMC_XML/normalized/PMC7260937.json,medium
pmid-32438252,32438252,PMC7492092,10.1016/j.ejmech.2020.112427,Chemical profiling of HIV-1 capsid-targeting antiviral PF74.,2020,selected_for_reading,Full text links a primary virus to a host factor or host pathway mechanism.,fulltext_review,readable,pmc_xml,/Users/xingmeng/.openclaw/workspaces/staff-scientist-ideker/agenticWorkflow_LiteratureScreeningAndFullTextReview/runs/host_pathogen_shared_mechanisms_apms_20260826/passes/pass_001/artifacts/fulltext_import/PMC_XML/normalized/PMC7492092.json,medium
pmid-32411105,32411105,PMC7200986,10.3389/fmicb.2020.00725,A Coupled Mathematical Model of the Intracellular Replication of Dengue Virus and the Host Cell Immune Response to Infection.,2020,selected_for_reading,Full text links a primary virus to a host factor or host pathway mechanism.,fulltext_review,readable,pmc_xml,/Users/xingmeng/.openclaw/workspaces/staff-scientist-ideker/agenticWorkflow_LiteratureScreeningAndFullTextReview/runs/host_pathogen_shared_mechanisms_apms_20260826/passes/pass_001/artifacts/fulltext_import/PMC_XML/normalized/PMC7200986.json,medium
pmid-32401031,32401031,PMC7737664,10.1021/jasms.0c00033,TRANSPIRE: A Computational Pipeline to Elucidate Intracellular Protein Movements from Spatial Proteomics Data Sets.,2020,selected_for_reading,"Full text contains useful host-pathogen assay or pathway evidence, but the primary-virus mechanism is less central than in direct papers.",fulltext_review,readable,pmc_xml,/Users/xingmeng/.openclaw/workspaces/staff-scientist-ideker/agenticWorkflow_LiteratureScreeningAndFullTextReview/runs/host_pathogen_shared_mechanisms_apms_20260826/passes/pass_001/artifacts/fulltext_import/PMC_XML/normalized/PMC7737664.json,medium
pmid-32392227,32392227,PMC7241850,10.1371/journal.ppat.1008577,Gp41-targeted antibodies restore infectivity of a fusion-deficient HIV-1 envelope glycoprotein.,2020,selected_for_reading,Full text links a primary virus to a host factor or host pathway mechanism.,fulltext_review,readable,pmc_xml,/Users/xingmeng/.openclaw/workspaces/staff-scientist-ideker/agenticWorkflow_LiteratureScreeningAndFullTextReview/runs/host_pathogen_shared_mechanisms_apms_20260826/passes/pass_001/artifacts/fulltext_import/PMC_XML/normalized/PMC7241850.json,medium
pmid-32386595,32386595,PMC7368827,10.1016/j.chembiol.2020.04.006,Chlorcyclizine Inhibits Viral Fusion of Hepatitis C Virus Entry by Directly Targeting HCV Envelope Glycoprotein 1.,2020,selected_for_reading,"Full text centers a primary virus and provides assay-supported host interaction, host factor, or pathway mechanism evidence.",fulltext_review,readable,pmc_xml,/Users/xingmeng/.openclaw/workspaces/staff-scientist-ideker/agenticWorkflow_LiteratureScreeningAndFullTextReview/runs/host_pathogen_shared_mechanisms_apms_20260826/passes/pass_001/artifacts/fulltext_import/PMC_XML/normalized/PMC7368827.json,high
pmid-32374844,32374844,PMC7261151,10.1093/nar/gkaa300,Evolutionary selection of pestivirus variants with altered or no microRNA dependency.,2020,selected_for_reading,"Full text contains useful host-pathogen assay or pathway evidence, but the primary-virus mechanism is less central than in direct papers.",fulltext_review,readable,pmc_xml,/Users/xingmeng/.openclaw/workspaces/staff-scientist-ideker/agenticWorkflow_LiteratureScreeningAndFullTextReview/runs/host_pathogen_shared_mechanisms_apms_20260826/passes/pass_001/artifacts/fulltext_import/PMC_XML/normalized/PMC7261151.json,medium
pmid-32373543,32373543,PMC7186372,10.3389/fcimb.2020.00135,Marmoset Viral Hepatic Inflammation Induced by Hepatitis C Virus Core Protein via IL-32.,2020,selected_for_reading,Full text links a primary virus to a host factor or host pathway mechanism.,fulltext_review,readable,pmc_xml,/Users/xingmeng/.openclaw/workspaces/staff-scientist-ideker/agenticWorkflow_LiteratureScreeningAndFullTextReview/runs/host_pathogen_shared_mechanisms_apms_20260826/passes/pass_001/artifacts/fulltext_import/PMC_XML/normalized/PMC7186372.json,medium
pmid-32370067,32370067,PMC7290923,10.3390/cells9051126,The Cellular Protein CAD is Recruited into Ebola Virus Inclusion Bodies by the Nucleoprotein NP to Facilitate Genome Replication and Transcription.,2020,selected_for_reading,Full text links a primary virus to a host factor or host pathway mechanism.,fulltext_review,readable,pmc_xml,/Users/xingmeng/.openclaw/workspaces/staff-scientist-ideker/agenticWorkflow_LiteratureScreeningAndFullTextReview/runs/host_pathogen_shared_mechanisms_apms_20260826/passes/pass_001/artifacts/fulltext_import/PMC_XML/normalized/PMC7290923.json,medium
pmid-32344996,32344996,PMC7264479,10.14348/molcells.2020.0018,Nonstructural NS5A Protein Regulates LIM and SH3 Domain Protein 1 to Promote Hepatitis C Virus Propagation.,2020,selected_for_reading,"Full text centers a primary virus and provides assay-supported host interaction, host factor, or pathway mechanism evidence.",fulltext_review,readable,pmc_xml,/Users/xingmeng/.openclaw/workspaces/staff-scientist-ideker/agenticWorkflow_LiteratureScreeningAndFullTextReview/runs/host_pathogen_shared_mechanisms_apms_20260826/passes/pass_001/artifacts/fulltext_import/PMC_XML/normalized/PMC7264479.json,high
pmid-32322956,32322956,PMC7176029,10.1007/s00430-020-00675-1,Single-nucleotide variants in human CD81 influence hepatitis C virus infection of hepatoma cells.,2020,selected_for_reading,Full text links a primary virus to a host factor or host pathway mechanism.,fulltext_review,readable,pmc_xml,/Users/xingmeng/.openclaw/workspaces/staff-scientist-ideker/agenticWorkflow_LiteratureScreeningAndFullTextReview/runs/host_pathogen_shared_mechanisms_apms_20260826/passes/pass_001/artifacts/fulltext_import/PMC_XML/normalized/PMC7176029.json,medium
pmid-32317327,32317327,PMC7175097,10.1128/mBio.03424-19,X-Linked RNA-Binding Motif Protein Modulates HIV-1 Infection of CD4(+) T Cells by Maintaining the Trimethylation of Histone H3 Lysine 9 at the Downstream Region of the 5' Long Terminal Repeat of HIV Proviral DNA.,2020,selected_for_reading,Full text links a primary virus to a host factor or host pathway mechanism.,fulltext_review,readable,pmc_xml,/Users/xingmeng/.openclaw/workspaces/staff-scientist-ideker/agenticWorkflow_LiteratureScreeningAndFullTextReview/runs/host_pathogen_shared_mechanisms_apms_20260826/passes/pass_001/artifacts/fulltext_import/PMC_XML/normalized/PMC7175097.json,medium
pmid-32316297,32316297,PMC7232165,10.3390/v12040452,Toward Structurally Novel and Metabolically Stable HIV-1 Capsid-Targeting Small Molecules.,2020,selected_for_reading,Full text links a primary virus to a host factor or host pathway mechanism.,fulltext_review,readable,pmc_xml,/Users/xingmeng/.openclaw/workspaces/staff-scientist-ideker/agenticWorkflow_LiteratureScreeningAndFullTextReview/runs/host_pathogen_shared_mechanisms_apms_20260826/passes/pass_001/artifacts/fulltext_import/PMC_XML/normalized/PMC7232165.json,medium
pmid-32292405,32292405,PMC7118926,10.3389/fimmu.2020.00503,Syndecan 4 Upregulation on Activated Langerhans Cells Counteracts Langerin Restriction to Facilitate Hepatitis C Virus Transmission.,2020,selected_for_reading,Full text links a primary virus to a host factor or host pathway mechanism.,fulltext_review,readable,pmc_xml,/Users/xingmeng/.openclaw/workspaces/staff-scientist-ideker/agenticWorkflow_LiteratureScreeningAndFullTextReview/runs/host_pathogen_shared_mechanisms_apms_20260826/passes/pass_001/artifacts/fulltext_import/PMC_XML/normalized/PMC7118926.json,medium
pmid-32291299,32291299,PMC7157815,10.1128/mBio.00467-20,A Sensitive Yellow Fever Virus Entry Reporter Identifies Valosin-Containing Protein (VCP/p97) as an Essential Host Factor for Flavivirus Uncoating.,2020,selected_for_reading,"Full text contains useful host-pathogen assay or pathway evidence, but the primary-virus mechanism is less central than in direct papers.",fulltext_review,readable,pmc_xml,/Users/xingmeng/.openclaw/workspaces/staff-scientist-ideker/agenticWorkflow_LiteratureScreeningAndFullTextReview/runs/host_pathogen_shared_mechanisms_apms_20260826/passes/pass_001/artifacts/fulltext_import/PMC_XML/normalized/PMC7157815.json,medium
pmid-32275904,32275904,PMC7322367,10.1016/j.ajpath.2020.03.003,Quantification of Viral and Host Biomarkers in the Liver of Rhesus Macaques: A Longitudinal Study of Zaire Ebolavirus Strain Kikwit (EBOV/Kik).,2020,selected_for_reading,Full text links a primary virus to a host factor or host pathway mechanism.,fulltext_review,readable,pmc_xml,/Users/xingmeng/.openclaw/workspaces/staff-scientist-ideker/agenticWorkflow_LiteratureScreeningAndFullTextReview/runs/host_pathogen_shared_mechanisms_apms_20260826/passes/pass_001/artifacts/fulltext_import/PMC_XML/normalized/PMC7322367.json,medium
pmid-32273392,32273392,PMC7196789,10.1073/pnas.1916054117,PSGL-1 restricts HIV-1 infectivity by blocking virus particle attachment to target cells.,2020,selected_for_reading,"Full text centers a primary virus and provides assay-supported host interaction, host factor, or pathway mechanism evidence.",fulltext_review,readable,pmc_xml,/Users/xingmeng/.openclaw/workspaces/staff-scientist-ideker/agenticWorkflow_LiteratureScreeningAndFullTextReview/runs/host_pathogen_shared_mechanisms_apms_20260826/passes/pass_001/artifacts/fulltext_import/PMC_XML/normalized/PMC7196789.json,high
pmid-32264925,32264925,PMC7137348,10.1186/s12967-020-02318-8,"HDACi mediate UNG2 depletion, dysregulated genomic uracil and altered expression of oncoproteins and tumor suppressors in B- and T-cell lines.",2020,selected_for_reading,"Full text contains useful host-pathogen assay or pathway evidence, but the primary-virus mechanism is less central than in direct papers.",fulltext_review,readable,pmc_xml,/Users/xingmeng/.openclaw/workspaces/staff-scientist-ideker/agenticWorkflow_LiteratureScreeningAndFullTextReview/runs/host_pathogen_shared_mechanisms_apms_20260826/passes/pass_001/artifacts/fulltext_import/PMC_XML/normalized/PMC7137348.json,medium
pmid-32230899,32230899,PMC7178104,10.3390/ijms21072328,Hepatitis C Virus Translation Regulation.,2020,selected_for_reading,"Full text centers a primary virus and provides assay-supported host interaction, host factor, or pathway mechanism evidence.",fulltext_review,readable,pmc_xml,/Users/xingmeng/.openclaw/workspaces/staff-scientist-ideker/agenticWorkflow_LiteratureScreeningAndFullTextReview/runs/host_pathogen_shared_mechanisms_apms_20260826/passes/pass_001/artifacts/fulltext_import/PMC_XML/normalized/PMC7178104.json,high
pmid-32199981,32199981,PMC7172729,10.1016/j.jmb.2020.03.016,Ste24: An Integral Membrane Protein Zinc Metalloprotease with Provocative Structure and Emergent Biology.,2020,selected_for_reading,"Full text contains useful host-pathogen assay or pathway evidence, but the primary-virus mechanism is less central than in direct papers.",fulltext_review,readable,pmc_xml,/Users/xingmeng/.openclaw/workspaces/staff-scientist-ideker/agenticWorkflow_LiteratureScreeningAndFullTextReview/runs/host_pathogen_shared_mechanisms_apms_20260826/passes/pass_001/artifacts/fulltext_import/PMC_XML/normalized/PMC7172729.json,medium
pmid-32197477,32197477,PMC7140000,10.3390/ijms21062091,Hepatitis C Virus Entry: An Intriguingly Complex and Highly Regulated Process.,2020,selected_for_reading,"Full text centers a primary virus and provides assay-supported host interaction, host factor, or pathway mechanism evidence.",fulltext_review,readable,pmc_xml,/Users/xingmeng/.openclaw/workspaces/staff-scientist-ideker/agenticWorkflow_LiteratureScreeningAndFullTextReview/runs/host_pathogen_shared_mechanisms_apms_20260826/passes/pass_001/artifacts/fulltext_import/PMC_XML/normalized/PMC7140000.json,high
pmid-32196803,32196803,PMC7317380,10.1111/aji.13235,Pregnancy associates with alterations to the host and microbial proteome in vaginal mucosa.,2020,selected_for_reading,"Full text contains useful host-pathogen assay or pathway evidence, but the primary-virus mechanism is less central than in direct papers.",fulltext_review,readable,pmc_xml,/Users/xingmeng/.openclaw/workspaces/staff-scientist-ideker/agenticWorkflow_LiteratureScreeningAndFullTextReview/runs/host_pathogen_shared_mechanisms_apms_20260826/passes/pass_001/artifacts/fulltext_import/PMC_XML/normalized/PMC7317380.json,medium
pmid-32195343,32195343,PMC7065878,10.1126/sciadv.aay1109,Protein modification with ISG15 blocks coxsackievirus pathology by antiviral and metabolic reprogramming.,2020,selected_for_reading,"Full text centers a primary virus and provides assay-supported host interaction, host factor, or pathway mechanism evidence.",fulltext_review,readable,pmc_xml,/Users/xingmeng/.openclaw/workspaces/staff-scientist-ideker/agenticWorkflow_LiteratureScreeningAndFullTextReview/runs/host_pathogen_shared_mechanisms_apms_20260826/passes/pass_001/artifacts/fulltext_import/PMC_XML/normalized/PMC7065878.json,high
pmid-32194356,32194356,PMC7077124,10.1186/s12014-020-09273-y,Early detection of Ebola virus proteins in peripheral blood mononuclear cells from infected mice.,2020,selected_for_reading,"Full text centers a primary virus and provides assay-supported host interaction, host factor, or pathway mechanism evidence.",fulltext_review,readable,pmc_xml,/Users/xingmeng/.openclaw/workspaces/staff-scientist-ideker/agenticWorkflow_LiteratureScreeningAndFullTextReview/runs/host_pathogen_shared_mechanisms_apms_20260826/passes/pass_001/artifacts/fulltext_import/PMC_XML/normalized/PMC7077124.json,high
pmid-32132633,32132633,PMC7055353,10.1038/s41598-020-61051-w,Very-long-chain fatty acid metabolic capacity of 17-beta-hydroxysteroid dehydrogenase type 12 (HSD17B12) promotes replication of hepatitis C virus and related flaviviruses.,2020,selected_for_reading,"Full text centers a primary virus and provides assay-supported host interaction, host factor, or pathway mechanism evidence.",fulltext_review,readable,pmc_xml,/Users/xingmeng/.openclaw/workspaces/staff-scientist-ideker/agenticWorkflow_LiteratureScreeningAndFullTextReview/runs/host_pathogen_shared_mechanisms_apms_20260826/passes/pass_001/artifacts/fulltext_import/PMC_XML/normalized/PMC7055353.json,high
pmid-32119644,32119644,PMC7051176,10.7554/eLife.51035,Mannose receptor is an HIV restriction factor counteracted by Vpr in macrophages.,2020,selected_for_reading,Full text links a primary virus to a host factor or host pathway mechanism.,fulltext_review,readable,pmc_xml,/Users/xingmeng/.openclaw/workspaces/staff-scientist-ideker/agenticWorkflow_LiteratureScreeningAndFullTextReview/runs/host_pathogen_shared_mechanisms_apms_20260826/passes/pass_001/artifacts/fulltext_import/PMC_XML/normalized/PMC7051176.json,medium
pmid-32098260,32098260,PMC7073135,10.3390/ijms21041479,The Role of the RNA-RNA Interactome in the Hepatitis C Virus Life Cycle.,2020,selected_for_reading,"Full text centers a primary virus and provides assay-supported host interaction, host factor, or pathway mechanism evidence.",fulltext_review,readable,pmc_xml,/Users/xingmeng/.openclaw/workspaces/staff-scientist-ideker/agenticWorkflow_LiteratureScreeningAndFullTextReview/runs/host_pathogen_shared_mechanisms_apms_20260826/passes/pass_001/artifacts/fulltext_import/PMC_XML/normalized/PMC7073135.json,high
pmid-32093375,32093375,PMC7074978,10.3390/microorganisms8020295,Proteomic and Transcriptional Profiles of Human Stem Cell-Derived β Cells Following Enteroviral Challenge.,2020,selected_for_reading,"Full text contains useful host-pathogen assay or pathway evidence, but the primary-virus mechanism is less central than in direct papers.",fulltext_review,readable,pmc_xml,/Users/xingmeng/.openclaw/workspaces/staff-scientist-ideker/agenticWorkflow_LiteratureScreeningAndFullTextReview/runs/host_pathogen_shared_mechanisms_apms_20260826/passes/pass_001/artifacts/fulltext_import/PMC_XML/normalized/PMC7074978.json,medium
pmid-32040506,32040506,PMC7034926,10.1371/journal.pcbi.1007587,Host factor prioritization for pan-viral genetic perturbation screens using random intercept models and network propagation.,2020,selected_for_reading,"Full text contains useful host-pathogen assay or pathway evidence, but the primary-virus mechanism is less central than in direct papers.",fulltext_review,readable,pmc_xml,/Users/xingmeng/.openclaw/workspaces/staff-scientist-ideker/agenticWorkflow_LiteratureScreeningAndFullTextReview/runs/host_pathogen_shared_mechanisms_apms_20260826/passes/pass_001/artifacts/fulltext_import/PMC_XML/normalized/PMC7034926.json,medium
pmid-32032393,32032393,PMC7032723,10.1371/journal.ppat.1008269,RNA decay during gammaherpesvirus infection reduces RNA polymerase II occupancy of host promoters but spares viral promoters.,2020,selected_for_reading,"Full text contains useful host-pathogen assay or pathway evidence, but the primary-virus mechanism is less central than in direct papers.",fulltext_review,readable,pmc_xml,/Users/xingmeng/.openclaw/workspaces/staff-scientist-ideker/agenticWorkflow_LiteratureScreeningAndFullTextReview/runs/host_pathogen_shared_mechanisms_apms_20260826/passes/pass_001/artifacts/fulltext_import/PMC_XML/normalized/PMC7032723.json,medium
pmid-31992748,31992748,PMC6987146,10.1038/s41598-020-57843-9,Potent inhibition of HIV replication in primary human cells by novel synthetic polyketides inspired by Aureothin.,2020,selected_for_reading,"Full text centers a primary virus and provides assay-supported host interaction, host factor, or pathway mechanism evidence.",fulltext_review,readable,pmc_xml,/Users/xingmeng/.openclaw/workspaces/staff-scientist-ideker/agenticWorkflow_LiteratureScreeningAndFullTextReview/runs/host_pathogen_shared_mechanisms_apms_20260826/passes/pass_001/artifacts/fulltext_import/PMC_XML/normalized/PMC6987146.json,high
pmid-31940815,31940815,PMC7017048,10.3390/cells9010187,The Ebola Virus Nucleoprotein Recruits the Nuclear RNA Export Factor NXF1 into Inclusion Bodies to Facilitate Viral Protein Expression.,2020,selected_for_reading,Full text links a primary virus to a host factor or host pathway mechanism.,fulltext_review,readable,pmc_xml,/Users/xingmeng/.openclaw/workspaces/staff-scientist-ideker/agenticWorkflow_LiteratureScreeningAndFullTextReview/runs/host_pathogen_shared_mechanisms_apms_20260826/passes/pass_001/artifacts/fulltext_import/PMC_XML/normalized/PMC7017048.json,medium
pmid-31896762,31896762,PMC7617771,10.1038/s41385-019-0249-y,Plasma concentration of injectable contraceptive correlates with reduced cervicovaginal growth factor expression in South African women.,2020,selected_for_reading,"Full text contains useful host-pathogen assay or pathway evidence, but the primary-virus mechanism is less central than in direct papers.",fulltext_review,readable,pmc_xml,/Users/xingmeng/.openclaw/workspaces/staff-scientist-ideker/agenticWorkflow_LiteratureScreeningAndFullTextReview/runs/host_pathogen_shared_mechanisms_apms_20260826/passes/pass_001/artifacts/fulltext_import/PMC_XML/normalized/PMC7617771.json,medium
pmid-31797533,31797533,PMC6944907,10.15252/embr.201847528,TRIM21-mediated proteasomal degradation of SAMHD1 regulates its antiviral activity.,2020,selected_for_reading,"Full text contains useful host-pathogen assay or pathway evidence, but the primary-virus mechanism is less central than in direct papers.",fulltext_review,readable,pmc_xml,/Users/xingmeng/.openclaw/workspaces/staff-scientist-ideker/agenticWorkflow_LiteratureScreeningAndFullTextReview/runs/host_pathogen_shared_mechanisms_apms_20260826/passes/pass_001/artifacts/fulltext_import/PMC_XML/normalized/PMC6944907.json,medium
pmid-31765920,31765920,PMC6957716,10.1016/j.virol.2019.10.005,A comprehensive proteomics analysis of JC virus Agnoprotein-interacting proteins: Agnoprotein primarily targets the host proteins with coiled-coil motifs.,2020,selected_for_reading,"Full text contains useful host-pathogen assay or pathway evidence, but the primary-virus mechanism is less central than in direct papers.",fulltext_review,readable,pmc_xml,/Users/xingmeng/.openclaw/workspaces/staff-scientist-ideker/agenticWorkflow_LiteratureScreeningAndFullTextReview/runs/host_pathogen_shared_mechanisms_apms_20260826/passes/pass_001/artifacts/fulltext_import/PMC_XML/normalized/PMC6957716.json,medium
pmid-31756034,31756034,PMC7069804,10.1111/hiv.12822,MicroRNAs and exosomes: key players in HIV pathogenesis.,2020,selected_for_reading,"Full text centers a primary virus and provides assay-supported host interaction, host factor, or pathway mechanism evidence.",fulltext_review,readable,pmc_xml,/Users/xingmeng/.openclaw/workspaces/staff-scientist-ideker/agenticWorkflow_LiteratureScreeningAndFullTextReview/runs/host_pathogen_shared_mechanisms_apms_20260826/passes/pass_001/artifacts/fulltext_import/PMC_XML/normalized/PMC7069804.json,high
pmid-31422939,31422939,PMC6987006,10.21775/cimb.035.159,Ubiquitination and SUMOylation in HIV Infection: Friends and Foes.,2020,selected_for_reading,Full text links a primary virus to a host factor or host pathway mechanism.,fulltext_review,readable,pmc_xml,/Users/xingmeng/.openclaw/workspaces/staff-scientist-ideker/agenticWorkflow_LiteratureScreeningAndFullTextReview/runs/host_pathogen_shared_mechanisms_apms_20260826/passes/pass_001/artifacts/fulltext_import/PMC_XML/normalized/PMC6987006.json,medium
pmid-31076402,31076402,PMC7613422,10.1136/gutjnl-2018-317423,Functional microRNA screen uncovers O-linked N-acetylglucosamine transferase as a host factor modulating hepatitis C virus morphogenesis and infectivity.,2020,selected_for_reading,"Full text centers a primary virus and provides assay-supported host interaction, host factor, or pathway mechanism evidence.",fulltext_review,readable,pmc_xml,/Users/xingmeng/.openclaw/workspaces/staff-scientist-ideker/agenticWorkflow_LiteratureScreeningAndFullTextReview/runs/host_pathogen_shared_mechanisms_apms_20260826/passes/pass_001/artifacts/fulltext_import/PMC_XML/normalized/PMC7613422.json,high
pmid-32038721,32038721,PMC6992650,10.3389/fgene.2019.01376,Identification of AIDS-Associated Kaposi Sarcoma: A Functional Genomics Approach.,2019,selected_for_reading,"Full text contains useful host-pathogen assay or pathway evidence, but the primary-virus mechanism is less central than in direct papers.",fulltext_review,readable,pmc_xml,/Users/xingmeng/.openclaw/workspaces/staff-scientist-ideker/agenticWorkflow_LiteratureScreeningAndFullTextReview/runs/host_pathogen_shared_mechanisms_apms_20260826/passes/pass_001/artifacts/fulltext_import/PMC_XML/normalized/PMC6992650.json,medium
pmid-31905685,31905685,PMC7019296,10.3390/v12010036,Gene Expression Profiling of Different Huh7 Variants Reveals Novel Hepatitis C Virus Host Factors.,2019,selected_for_reading,Full text links a primary virus to a host factor or host pathway mechanism.,fulltext_review,readable,pmc_xml,/Users/xingmeng/.openclaw/workspaces/staff-scientist-ideker/agenticWorkflow_LiteratureScreeningAndFullTextReview/runs/host_pathogen_shared_mechanisms_apms_20260826/passes/pass_001/artifacts/fulltext_import/PMC_XML/normalized/PMC7019296.json,medium
pmid-31815960,31815960,PMC6922471,10.1371/journal.ppat.1008199,Dengue virus reduces AGPAT1 expression to alter phospholipids and enhance infection in Aedes aegypti.,2019,selected_for_reading,"Full text centers a primary virus and provides assay-supported host interaction, host factor, or pathway mechanism evidence.",fulltext_review,readable,pmc_xml,/Users/xingmeng/.openclaw/workspaces/staff-scientist-ideker/agenticWorkflow_LiteratureScreeningAndFullTextReview/runs/host_pathogen_shared_mechanisms_apms_20260826/passes/pass_001/artifacts/fulltext_import/PMC_XML/normalized/PMC6922471.json,high
pmid-31810281,31810281,PMC6953030,10.3390/cells8121555,The Host Factor Erlin-1 is Required for Efficient Hepatitis C Virus Infection.,2019,selected_for_reading,Full text links a primary virus to a host factor or host pathway mechanism.,fulltext_review,readable,pmc_xml,/Users/xingmeng/.openclaw/workspaces/staff-scientist-ideker/agenticWorkflow_LiteratureScreeningAndFullTextReview/runs/host_pathogen_shared_mechanisms_apms_20260826/passes/pass_001/artifacts/fulltext_import/PMC_XML/normalized/PMC6953030.json,medium
pmid-31807695,31807695,PMC6881174,10.1126/sciadv.aaw3631,Hierarchical assembly governs TRIM5α recognition of HIV-1 and retroviral capsids.,2019,selected_for_reading,Full text links a primary virus to a host factor or host pathway mechanism.,fulltext_review,readable,pmc_xml,/Users/xingmeng/.openclaw/workspaces/staff-scientist-ideker/agenticWorkflow_LiteratureScreeningAndFullTextReview/runs/host_pathogen_shared_mechanisms_apms_20260826/passes/pass_001/artifacts/fulltext_import/PMC_XML/normalized/PMC6881174.json,medium
pmid-31790497,31790497,PMC6907871,10.1371/journal.ppat.1008156,Identification of new antiviral agents against Kaposi's sarcoma-associated herpesvirus (KSHV) by high-throughput drug screening reveals the role of histamine-related signaling in promoting viral lytic reactivation.,2019,selected_for_reading,Full text links a primary virus to a host factor or host pathway mechanism.,fulltext_review,readable,pmc_xml,/Users/xingmeng/.openclaw/workspaces/staff-scientist-ideker/agenticWorkflow_LiteratureScreeningAndFullTextReview/runs/host_pathogen_shared_mechanisms_apms_20260826/passes/pass_001/artifacts/fulltext_import/PMC_XML/normalized/PMC6907871.json,medium
pmid-31779252,31779252,PMC6928875,10.3390/ijms20235952,Lipidomic Profiling Reveals Significant Perturbations of Intracellular Lipid Homeostasis in Enterovirus-Infected Cells.,2019,selected_for_reading,"Full text contains useful host-pathogen assay or pathway evidence, but the primary-virus mechanism is less central than in direct papers.",fulltext_review,readable,pmc_xml,/Users/xingmeng/.openclaw/workspaces/staff-scientist-ideker/agenticWorkflow_LiteratureScreeningAndFullTextReview/runs/host_pathogen_shared_mechanisms_apms_20260826/passes/pass_001/artifacts/fulltext_import/PMC_XML/normalized/PMC6928875.json,medium
pmid-31769754,31769754,PMC6904212,10.7554/eLife.50276,"Entry by multiple picornaviruses is dependent on a pathway that includes TNK2, WASL, and NCK1.",2019,selected_for_reading,"Full text has plausible host pathway or host-factor mechanism context for a primary virus, but evidence is not strongly assay-centered.",fulltext_review,readable,pmc_xml,/Users/xingmeng/.openclaw/workspaces/staff-scientist-ideker/agenticWorkflow_LiteratureScreeningAndFullTextReview/runs/host_pathogen_shared_mechanisms_apms_20260826/passes/pass_001/artifacts/fulltext_import/PMC_XML/normalized/PMC6904212.json,low
pmid-31744918,31744918,PMC6867896,10.1128/mBio.02457-19,Cell-to-Cell Spreading of HIV-1 in Myeloid Target Cells Escapes SAMHD1 Restriction.,2019,selected_for_reading,Full text links a primary virus to a host factor or host pathway mechanism.,fulltext_review,readable,pmc_xml,/Users/xingmeng/.openclaw/workspaces/staff-scientist-ideker/agenticWorkflow_LiteratureScreeningAndFullTextReview/runs/host_pathogen_shared_mechanisms_apms_20260826/passes/pass_001/artifacts/fulltext_import/PMC_XML/normalized/PMC6867896.json,medium
pmid-31744547,31744547,PMC6862858,10.1186/s12985-019-1249-y,Histone deacetylase 1 interacts with HIV-1 Integrase and modulates viral replication.,2019,selected_for_reading,"Full text centers a primary virus and provides assay-supported host interaction, host factor, or pathway mechanism evidence.",fulltext_review,readable,pmc_xml,/Users/xingmeng/.openclaw/workspaces/staff-scientist-ideker/agenticWorkflow_LiteratureScreeningAndFullTextReview/runs/host_pathogen_shared_mechanisms_apms_20260826/passes/pass_001/artifacts/fulltext_import/PMC_XML/normalized/PMC6862858.json,high
pmid-31717259,31717259,PMC6888383,10.3390/ijms20225572,HLA-F Allele-Specific Peptide Restriction Represents an Exceptional Proteomic Footprint.,2019,selected_for_reading,"Full text contains useful host-pathogen assay or pathway evidence, but the primary-virus mechanism is less central than in direct papers.",fulltext_review,readable,pmc_xml,/Users/xingmeng/.openclaw/workspaces/staff-scientist-ideker/agenticWorkflow_LiteratureScreeningAndFullTextReview/runs/host_pathogen_shared_mechanisms_apms_20260826/passes/pass_001/artifacts/fulltext_import/PMC_XML/normalized/PMC6888383.json,medium
pmid-31671162,31671162,PMC6932816,10.1371/journal.ppat.1007838,A comparative epigenome analysis of gammaherpesviruses suggests cis-acting sequence features as critical mediators of rapid polycomb recruitment.,2019,selected_for_reading,"Full text has plausible host pathway or host-factor mechanism context for a primary virus, but evidence is not strongly assay-centered.",fulltext_review,readable,pmc_xml,/Users/xingmeng/.openclaw/workspaces/staff-scientist-ideker/agenticWorkflow_LiteratureScreeningAndFullTextReview/runs/host_pathogen_shared_mechanisms_apms_20260826/passes/pass_001/artifacts/fulltext_import/PMC_XML/normalized/PMC6932816.json,low
pmid-31636628,31636628,PMC6787150,10.3389/fimmu.2019.02186,Common Nodes of Virus-Host Interaction Revealed Through an Integrated Network Analysis.,2019,selected_for_reading,"Full text contains useful host-pathogen assay or pathway evidence, but the primary-virus mechanism is less central than in direct papers.",fulltext_review,readable,pmc_xml,/Users/xingmeng/.openclaw/workspaces/staff-scientist-ideker/agenticWorkflow_LiteratureScreeningAndFullTextReview/runs/host_pathogen_shared_mechanisms_apms_20260826/passes/pass_001/artifacts/fulltext_import/PMC_XML/normalized/PMC6787150.json,medium
pmid-31636417,31636417,PMC6881184,10.1038/s41564-019-0586-3,ER-shaping atlastin proteins act as central hubs to promote flavivirus replication and virion assembly.,2019,selected_for_reading,"Full text contains useful host-pathogen assay or pathway evidence, but the primary-virus mechanism is less central than in direct papers.",fulltext_review,readable,pmc_xml,/Users/xingmeng/.openclaw/workspaces/staff-scientist-ideker/agenticWorkflow_LiteratureScreeningAndFullTextReview/runs/host_pathogen_shared_mechanisms_apms_20260826/passes/pass_001/artifacts/fulltext_import/PMC_XML/normalized/PMC6881184.json,medium
pmid-31575075,31575075,PMC6848931,10.3390/cells8101181,Exportin-1-Dependent Nuclear Export of DEAD-box Helicase DDX3X is Central to its Role in Antiviral Immunity.,2019,selected_for_reading,"Full text contains useful host-pathogen assay or pathway evidence, but the primary-virus mechanism is less central than in direct papers.",fulltext_review,readable,pmc_xml,/Users/xingmeng/.openclaw/workspaces/staff-scientist-ideker/agenticWorkflow_LiteratureScreeningAndFullTextReview/runs/host_pathogen_shared_mechanisms_apms_20260826/passes/pass_001/artifacts/fulltext_import/PMC_XML/normalized/PMC6848931.json,medium
pmid-31569640,31569640,PMC6830350,10.3390/cells8101155,Host-HIV-1 Interactome: A Quest for Novel Therapeutic Intervention.,2019,selected_for_reading,"Full text centers a primary virus and provides assay-supported host interaction, host factor, or pathway mechanism evidence.",fulltext_review,readable,pmc_xml,/Users/xingmeng/.openclaw/workspaces/staff-scientist-ideker/agenticWorkflow_LiteratureScreeningAndFullTextReview/runs/host_pathogen_shared_mechanisms_apms_20260826/passes/pass_001/artifacts/fulltext_import/PMC_XML/normalized/PMC6830350.json,high
pmid-31551978,31551978,PMC6743029,10.3389/fmicb.2019.02043,SR-BI Interactome Analysis Reveals a Proviral Role for UGGT1 in Hepatitis C Virus Entry.,2019,selected_for_reading,"Full text centers a primary virus and provides assay-supported host interaction, host factor, or pathway mechanism evidence.",fulltext_review,readable,pmc_xml,/Users/xingmeng/.openclaw/workspaces/staff-scientist-ideker/agenticWorkflow_LiteratureScreeningAndFullTextReview/runs/host_pathogen_shared_mechanisms_apms_20260826/passes/pass_001/artifacts/fulltext_import/PMC_XML/normalized/PMC6743029.json,high
pmid-31546825,31546825,PMC6783930,10.3390/v11090878,Chasing Intracellular Zika Virus Using Proteomics.,2019,selected_for_reading,"Full text contains useful host-pathogen assay or pathway evidence, but the primary-virus mechanism is less central than in direct papers.",fulltext_review,readable,pmc_xml,/Users/xingmeng/.openclaw/workspaces/staff-scientist-ideker/agenticWorkflow_LiteratureScreeningAndFullTextReview/runs/host_pathogen_shared_mechanisms_apms_20260826/passes/pass_001/artifacts/fulltext_import/PMC_XML/normalized/PMC6783930.json,medium
pmid-31527878,31527878,PMC6748406,10.1371/journal.pcbi.1007241,Unified feature association networks through integration of transcriptomic and proteomic data.,2019,selected_for_reading,"Full text contains useful host-pathogen assay or pathway evidence, but the primary-virus mechanism is less central than in direct papers.",fulltext_review,readable,pmc_xml,/Users/xingmeng/.openclaw/workspaces/staff-scientist-ideker/agenticWorkflow_LiteratureScreeningAndFullTextReview/runs/host_pathogen_shared_mechanisms_apms_20260826/passes/pass_001/artifacts/fulltext_import/PMC_XML/normalized/PMC6748406.json,medium
pmid-31516086,31516086,PMC6758638,10.1080/22221751.2019.1662736,Host factor SMYD3 is recruited by Ebola virus nucleoprotein to facilitate viral mRNA transcription.,2019,selected_for_reading,"Full text centers a primary virus and provides assay-supported host interaction, host factor, or pathway mechanism evidence.",fulltext_review,readable,pmc_xml,/Users/xingmeng/.openclaw/workspaces/staff-scientist-ideker/agenticWorkflow_LiteratureScreeningAndFullTextReview/runs/host_pathogen_shared_mechanisms_apms_20260826/passes/pass_001/artifacts/fulltext_import/PMC_XML/normalized/PMC6758638.json,high
pmid-31511380,31511380,PMC6854511,10.1128/JVI.00986-19,Multiple Pathways To Avoid Beta Interferon Sensitivity of HIV-1 by Mutations in Capsid.,2019,selected_for_reading,Full text links a primary virus to a host factor or host pathway mechanism.,fulltext_review,readable,pmc_xml,/Users/xingmeng/.openclaw/workspaces/staff-scientist-ideker/agenticWorkflow_LiteratureScreeningAndFullTextReview/runs/host_pathogen_shared_mechanisms_apms_20260826/passes/pass_001/artifacts/fulltext_import/PMC_XML/normalized/PMC6854511.json,medium
pmid-31504804,31504804,PMC6847653,10.1093/nar/gkz751,Quantifying the RNA cap epitranscriptome reveals novel caps in cellular and viral RNA.,2019,selected_for_reading,"Full text contains useful host-pathogen assay or pathway evidence, but the primary-virus mechanism is less central than in direct papers.",fulltext_review,readable,pmc_xml,/Users/xingmeng/.openclaw/workspaces/staff-scientist-ideker/agenticWorkflow_LiteratureScreeningAndFullTextReview/runs/host_pathogen_shared_mechanisms_apms_20260826/passes/pass_001/artifacts/fulltext_import/PMC_XML/normalized/PMC6847653.json,medium
pmid-31478835,31478835,PMC6721795,10.7554/eLife.42463,Interferon lambda 4 impacts the genetic diversity of hepatitis C virus.,2019,selected_for_reading,Full text links a primary virus to a host factor or host pathway mechanism.,fulltext_review,readable,pmc_xml,/Users/xingmeng/.openclaw/workspaces/staff-scientist-ideker/agenticWorkflow_LiteratureScreeningAndFullTextReview/runs/host_pathogen_shared_mechanisms_apms_20260826/passes/pass_001/artifacts/fulltext_import/PMC_XML/normalized/PMC6721795.json,medium
pmid-31468692,31468692,PMC6715947,10.1002/jia2.25348,"Sexually transmitted hepatitis C virus infections: current trends, and recent advances in understanding the spread in men who have sex with men.",2019,selected_for_reading,Full text links a primary virus to a host factor or host pathway mechanism.,fulltext_review,readable,pmc_xml,/Users/xingmeng/.openclaw/workspaces/staff-scientist-ideker/agenticWorkflow_LiteratureScreeningAndFullTextReview/runs/host_pathogen_shared_mechanisms_apms_20260826/passes/pass_001/artifacts/fulltext_import/PMC_XML/normalized/PMC6715947.json,medium
pmid-31466307,31466307,PMC6780377,10.3390/microorganisms7090296,Contemporary Strategies and Current Trends in Designing Antiviral Drugs against Dengue Fever via Targeting Host-Based Approaches.,2019,selected_for_reading,Full text links a primary virus to a host factor or host pathway mechanism.,fulltext_review,readable,pmc_xml,/Users/xingmeng/.openclaw/workspaces/staff-scientist-ideker/agenticWorkflow_LiteratureScreeningAndFullTextReview/runs/host_pathogen_shared_mechanisms_apms_20260826/passes/pass_001/artifacts/fulltext_import/PMC_XML/normalized/PMC6780377.json,medium
pmid-31466253,31466253,PMC6789493,10.3390/vaccines7030102,The Role of Extracellular Vesicles in Viral Infection and Transmission.,2019,selected_for_reading,"Full text contains useful host-pathogen assay or pathway evidence, but the primary-virus mechanism is less central than in direct papers.",fulltext_review,readable,pmc_xml,/Users/xingmeng/.openclaw/workspaces/staff-scientist-ideker/agenticWorkflow_LiteratureScreeningAndFullTextReview/runs/host_pathogen_shared_mechanisms_apms_20260826/passes/pass_001/artifacts/fulltext_import/PMC_XML/normalized/PMC6789493.json,medium
pmid-31461934,31461934,PMC6783944,10.3390/v11090787,"A Dengue Virus Type 2 (DENV-2) NS4B-Interacting Host Factor, SERP1, Reduces DENV-2 Production by Suppressing Viral RNA Replication.",2019,selected_for_reading,Full text links a primary virus to a host factor or host pathway mechanism.,fulltext_review,readable,pmc_xml,/Users/xingmeng/.openclaw/workspaces/staff-scientist-ideker/agenticWorkflow_LiteratureScreeningAndFullTextReview/runs/host_pathogen_shared_mechanisms_apms_20260826/passes/pass_001/artifacts/fulltext_import/PMC_XML/normalized/PMC6783944.json,medium
pmid-31455647,31455647,PMC6712392,10.1128/mBio.01342-19,ISG15 Deficiency Enhances HIV-1 Infection by Accumulating Misfolded p53.,2019,selected_for_reading,Full text links a primary virus to a host factor or host pathway mechanism.,fulltext_review,readable,pmc_xml,/Users/xingmeng/.openclaw/workspaces/staff-scientist-ideker/agenticWorkflow_LiteratureScreeningAndFullTextReview/runs/host_pathogen_shared_mechanisms_apms_20260826/passes/pass_001/artifacts/fulltext_import/PMC_XML/normalized/PMC6712392.json,medium
pmid-31431557,31431557,PMC6703431,10.1128/mBio.01944-19,Microsporidia Interact with Host Cell Mitochondria via Voltage-Dependent Anion Channels Using Sporoplasm Surface Protein 1.,2019,selected_for_reading,"Full text contains useful host-pathogen assay or pathway evidence, but the primary-virus mechanism is less central than in direct papers.",fulltext_review,readable,pmc_xml,/Users/xingmeng/.openclaw/workspaces/staff-scientist-ideker/agenticWorkflow_LiteratureScreeningAndFullTextReview/runs/host_pathogen_shared_mechanisms_apms_20260826/passes/pass_001/artifacts/fulltext_import/PMC_XML/normalized/PMC6703431.json,medium
pmid-31431548,31431548,PMC6703422,10.1128/mBio.01344-19,Vpr Enhances HIV-1 Env Processing and Virion Infectivity in Macrophages by Modulating TET2-Dependent IFITM3 Expression.,2019,selected_for_reading,Full text links a primary virus to a host factor or host pathway mechanism.,fulltext_review,readable,pmc_xml,/Users/xingmeng/.openclaw/workspaces/staff-scientist-ideker/agenticWorkflow_LiteratureScreeningAndFullTextReview/runs/host_pathogen_shared_mechanisms_apms_20260826/passes/pass_001/artifacts/fulltext_import/PMC_XML/normalized/PMC6703422.json,medium
pmid-31421166,31421166,PMC6801034,10.1016/j.antiviral.2019.104590,Small molecule grp94 inhibitors block dengue and Zika virus replication.,2019,selected_for_reading,"Full text centers a primary virus and provides assay-supported host interaction, host factor, or pathway mechanism evidence.",fulltext_review,readable,pmc_xml,/Users/xingmeng/.openclaw/workspaces/staff-scientist-ideker/agenticWorkflow_LiteratureScreeningAndFullTextReview/runs/host_pathogen_shared_mechanisms_apms_20260826/passes/pass_001/artifacts/fulltext_import/PMC_XML/normalized/PMC6801034.json,high
pmid-31415753,31415753,PMC6777739,10.1016/j.chom.2019.07.007,Modular HIV-1 Capsid Assemblies Reveal Diverse Host-Capsid Recognition Mechanisms.,2019,selected_for_reading,Full text links a primary virus to a host factor or host pathway mechanism.,fulltext_review,readable,pmc_xml,/Users/xingmeng/.openclaw/workspaces/staff-scientist-ideker/agenticWorkflow_LiteratureScreeningAndFullTextReview/runs/host_pathogen_shared_mechanisms_apms_20260826/passes/pass_001/artifacts/fulltext_import/PMC_XML/normalized/PMC6777739.json,medium
pmid-31404834,31404834,PMC6699423,10.1016/j.isci.2019.07.040,Coxsackievirus B Persistence Modifies the Proteome and the Secretome of Pancreatic Ductal Cells.,2019,selected_for_reading,"Full text centers a primary virus and provides assay-supported host interaction, host factor, or pathway mechanism evidence.",fulltext_review,readable,pmc_xml,/Users/xingmeng/.openclaw/workspaces/staff-scientist-ideker/agenticWorkflow_LiteratureScreeningAndFullTextReview/runs/host_pathogen_shared_mechanisms_apms_20260826/passes/pass_001/artifacts/fulltext_import/PMC_XML/normalized/PMC6699423.json,high
pmid-31398956,31398956,PMC6720645,10.3390/ijms20163870,Structural and Functional Properties of the Capsid Protein of Dengue and Related Flavivirus.,2019,selected_for_reading,"Full text centers a primary virus and provides assay-supported host interaction, host factor, or pathway mechanism evidence.",fulltext_review,readable,pmc_xml,/Users/xingmeng/.openclaw/workspaces/staff-scientist-ideker/agenticWorkflow_LiteratureScreeningAndFullTextReview/runs/host_pathogen_shared_mechanisms_apms_20260826/passes/pass_001/artifacts/fulltext_import/PMC_XML/normalized/PMC6720645.json,high
pmid-31397674,31397674,PMC6701944,10.7554/eLife.48318,USP49 potently stabilizes APOBEC3G protein by removing ubiquitin and inhibits HIV-1 replication.,2019,selected_for_reading,Full text links a primary virus to a host factor or host pathway mechanism.,fulltext_review,readable,pmc_xml,/Users/xingmeng/.openclaw/workspaces/staff-scientist-ideker/agenticWorkflow_LiteratureScreeningAndFullTextReview/runs/host_pathogen_shared_mechanisms_apms_20260826/passes/pass_001/artifacts/fulltext_import/PMC_XML/normalized/PMC6701944.json,medium
pmid-31384002,31384002,PMC6879806,10.1038/s41564-019-0518-2,An RNA-centric dissection of host complexes controlling flavivirus infection.,2019,selected_for_reading,"Full text contains useful host-pathogen assay or pathway evidence, but the primary-virus mechanism is less central than in direct papers.",fulltext_review,readable,pmc_xml,/Users/xingmeng/.openclaw/workspaces/staff-scientist-ideker/agenticWorkflow_LiteratureScreeningAndFullTextReview/runs/host_pathogen_shared_mechanisms_apms_20260826/passes/pass_001/artifacts/fulltext_import/PMC_XML/normalized/PMC6879806.json,medium
pmid-31358863,31358863,PMC6662757,10.1038/s41598-019-47532-7,A small molecule inhibitor of ER-to-cytosol protein dislocation exhibits anti-dengue and anti-Zika virus activity.,2019,selected_for_reading,Full text links a primary virus to a host factor or host pathway mechanism.,fulltext_review,readable,pmc_xml,/Users/xingmeng/.openclaw/workspaces/staff-scientist-ideker/agenticWorkflow_LiteratureScreeningAndFullTextReview/runs/host_pathogen_shared_mechanisms_apms_20260826/passes/pass_001/artifacts/fulltext_import/PMC_XML/normalized/PMC6662757.json,medium
pmid-31344133,31344133,PMC6657855,10.1371/journal.pone.0219989,SPSB2 inhibits hepatitis C virus replication by targeting NS5A for ubiquitination and degradation.,2019,selected_for_reading,Full text links a primary virus to a host factor or host pathway mechanism.,fulltext_review,readable,pmc_xml,/Users/xingmeng/.openclaw/workspaces/staff-scientist-ideker/agenticWorkflow_LiteratureScreeningAndFullTextReview/runs/host_pathogen_shared_mechanisms_apms_20260826/passes/pass_001/artifacts/fulltext_import/PMC_XML/normalized/PMC6657855.json,medium
pmid-31312185,31312185,PMC6613529,10.3389/fmicb.2019.01227,GS-CA Compounds: First-In-Class HIV-1 Capsid Inhibitors Covering Multiple Grounds.,2019,selected_for_reading,"Full text centers a primary virus and provides assay-supported host interaction, host factor, or pathway mechanism evidence.",fulltext_review,readable,pmc_xml,/Users/xingmeng/.openclaw/workspaces/staff-scientist-ideker/agenticWorkflow_LiteratureScreeningAndFullTextReview/runs/host_pathogen_shared_mechanisms_apms_20260826/passes/pass_001/artifacts/fulltext_import/PMC_XML/normalized/PMC6613529.json,high
pmid-31291580,31291580,PMC6668718,10.1016/j.celrep.2019.04.020,Conserved Herpesvirus Protein Kinases Target SAMHD1 to Facilitate Virus Replication.,2019,selected_for_reading,"Full text contains useful host-pathogen assay or pathway evidence, but the primary-virus mechanism is less central than in direct papers.",fulltext_review,readable,pmc_xml,/Users/xingmeng/.openclaw/workspaces/staff-scientist-ideker/agenticWorkflow_LiteratureScreeningAndFullTextReview/runs/host_pathogen_shared_mechanisms_apms_20260826/passes/pass_001/artifacts/fulltext_import/PMC_XML/normalized/PMC6668718.json,medium
pmid-31277155,31277155,PMC6635252,10.1097/MD.0000000000016277,Bioinformatics analysis of key biomarkers and pathways in KSHV infected endothelial cells.,2019,selected_for_reading,Full text links a primary virus to a host factor or host pathway mechanism.,fulltext_review,readable,pmc_xml,/Users/xingmeng/.openclaw/workspaces/staff-scientist-ideker/agenticWorkflow_LiteratureScreeningAndFullTextReview/runs/host_pathogen_shared_mechanisms_apms_20260826/passes/pass_001/artifacts/fulltext_import/PMC_XML/normalized/PMC6635252.json,medium
pmid-31274540,31274540,PMC6731144,10.1097/QAD.0000000000002288,IL-27 posttranslationally regulates Y-box binding protein-1 to inhibit HIV-1 replication in human CD4+ T cells.,2019,selected_for_reading,"Full text centers a primary virus and provides assay-supported host interaction, host factor, or pathway mechanism evidence.",fulltext_review,readable,pmc_xml,/Users/xingmeng/.openclaw/workspaces/staff-scientist-ideker/agenticWorkflow_LiteratureScreeningAndFullTextReview/runs/host_pathogen_shared_mechanisms_apms_20260826/passes/pass_001/artifacts/fulltext_import/PMC_XML/normalized/PMC6731144.json,high
pmid-31273220,31273220,PMC6609633,10.1038/s41598-019-45910-9,Dual roles for the ER membrane protein complex in flavivirus infection: viral entry and protein biogenesis.,2019,selected_for_reading,"Full text contains useful host-pathogen assay or pathway evidence, but the primary-virus mechanism is less central than in direct papers.",fulltext_review,readable,pmc_xml,/Users/xingmeng/.openclaw/workspaces/staff-scientist-ideker/agenticWorkflow_LiteratureScreeningAndFullTextReview/runs/host_pathogen_shared_mechanisms_apms_20260826/passes/pass_001/artifacts/fulltext_import/PMC_XML/normalized/PMC6609633.json,medium
pmid-31269971,31269971,PMC6607583,10.1186/s12977-019-0480-3,The autophagy protein ATG9A promotes HIV-1 infectivity.,2019,selected_for_reading,"Full text centers a primary virus and provides assay-supported host interaction, host factor, or pathway mechanism evidence.",fulltext_review,readable,pmc_xml,/Users/xingmeng/.openclaw/workspaces/staff-scientist-ideker/agenticWorkflow_LiteratureScreeningAndFullTextReview/runs/host_pathogen_shared_mechanisms_apms_20260826/passes/pass_001/artifacts/fulltext_import/PMC_XML/normalized/PMC6607583.json,high
pmid-31253590,31253590,PMC7153695,10.1016/j.chom.2019.05.008,ARIH2 Is a Vif-Dependent Regulator of CUL5-Mediated APOBEC3G Degradation in HIV Infection.,2019,selected_for_reading,"Full text centers a primary virus and provides assay-supported host interaction, host factor, or pathway mechanism evidence.",fulltext_review,readable,pmc_xml,/Users/xingmeng/.openclaw/workspaces/staff-scientist-ideker/agenticWorkflow_LiteratureScreeningAndFullTextReview/runs/host_pathogen_shared_mechanisms_apms_20260826/passes/pass_001/artifacts/fulltext_import/PMC_XML/normalized/PMC7153695.json,high
pmid-31216713,31216713,PMC6628310,10.3390/cells8060610,Identification of Keratin 23 as a Hepatitis C Virus-Induced Host Factor in the Human Liver.,2019,selected_for_reading,Full text links a primary virus to a host factor or host pathway mechanism.,fulltext_review,readable,pmc_xml,/Users/xingmeng/.openclaw/workspaces/staff-scientist-ideker/agenticWorkflow_LiteratureScreeningAndFullTextReview/runs/host_pathogen_shared_mechanisms_apms_20260826/passes/pass_001/artifacts/fulltext_import/PMC_XML/normalized/PMC6628310.json,medium
pmid-31213558,31213558,PMC6581860,10.1128/mBio.01113-19,Upregulation of BST-2 by Type I Interferons Reduces the Capacity of Vpu To Protect HIV-1-Infected Cells from NK Cell Responses.,2019,selected_for_reading,Full text links a primary virus to a host factor or host pathway mechanism.,fulltext_review,readable,pmc_xml,/Users/xingmeng/.openclaw/workspaces/staff-scientist-ideker/agenticWorkflow_LiteratureScreeningAndFullTextReview/runs/host_pathogen_shared_mechanisms_apms_20260826/passes/pass_001/artifacts/fulltext_import/PMC_XML/normalized/PMC6581860.json,medium
pmid-31200545,31200545,PMC6631246,10.3390/v11060549,Lnc-ITM2C-1 and GPR55 Are Proviral Host Factors for Hepatitis C Virus.,2019,selected_for_reading,"Full text centers a primary virus and provides assay-supported host interaction, host factor, or pathway mechanism evidence.",fulltext_review,readable,pmc_xml,/Users/xingmeng/.openclaw/workspaces/staff-scientist-ideker/agenticWorkflow_LiteratureScreeningAndFullTextReview/runs/host_pathogen_shared_mechanisms_apms_20260826/passes/pass_001/artifacts/fulltext_import/PMC_XML/normalized/PMC6631246.json,high
pmid-31165872,31165872,PMC6698651,10.1093/nar/gkz493,A CRISPR/Cas9 screen identifies the histone demethylase MINA53 as a novel HIV-1 latency-promoting gene (LPG).,2019,selected_for_reading,"Full text centers a primary virus and provides assay-supported host interaction, host factor, or pathway mechanism evidence.",fulltext_review,readable,pmc_xml,/Users/xingmeng/.openclaw/workspaces/staff-scientist-ideker/agenticWorkflow_LiteratureScreeningAndFullTextReview/runs/host_pathogen_shared_mechanisms_apms_20260826/passes/pass_001/artifacts/fulltext_import/PMC_XML/normalized/PMC6698651.json,high
pmid-31154208,31154208,PMC6545344,10.1016/j.isci.2019.05.019,Evolution of Subgenomic RNA Shapes Dengue Virus Adaptation and Epidemiological Fitness.,2019,selected_for_reading,Full text links a primary virus to a host factor or host pathway mechanism.,fulltext_review,readable,pmc_xml,/Users/xingmeng/.openclaw/workspaces/staff-scientist-ideker/agenticWorkflow_LiteratureScreeningAndFullTextReview/runs/host_pathogen_shared_mechanisms_apms_20260826/passes/pass_001/artifacts/fulltext_import/PMC_XML/normalized/PMC6545344.json,medium
pmid-31125846,31125846,PMC6529764,10.1016/j.omtn.2019.04.018,Anti-Niemann Pick C1 Single-Stranded Oligonucleotides with Locked Nucleic Acids Potently Reduce Ebola Virus Infection In Vitro.,2019,selected_for_reading,Full text links a primary virus to a host factor or host pathway mechanism.,fulltext_review,readable,pmc_xml,/Users/xingmeng/.openclaw/workspaces/staff-scientist-ideker/agenticWorkflow_LiteratureScreeningAndFullTextReview/runs/host_pathogen_shared_mechanisms_apms_20260826/passes/pass_001/artifacts/fulltext_import/PMC_XML/normalized/PMC6529764.json,medium
pmid-31121874,31121874,PMC6562800,10.3390/cells8050487,Endoplasmic Reticulum Detergent-Resistant Membranes Accommodate Hepatitis C Virus Proteins for Viral Assembly.,2019,selected_for_reading,Full text links a primary virus to a host factor or host pathway mechanism.,fulltext_review,readable,pmc_xml,/Users/xingmeng/.openclaw/workspaces/staff-scientist-ideker/agenticWorkflow_LiteratureScreeningAndFullTextReview/runs/host_pathogen_shared_mechanisms_apms_20260826/passes/pass_001/artifacts/fulltext_import/PMC_XML/normalized/PMC6562800.json,medium
pmid-31074414,31074414,PMC6510530,10.7554/eLife.44436,Differences across cyclophilin A orthologs contribute to the host range restriction of hepatitis C virus.,2019,selected_for_reading,Full text links a primary virus to a host factor or host pathway mechanism.,fulltext_review,readable,pmc_xml,/Users/xingmeng/.openclaw/workspaces/staff-scientist-ideker/agenticWorkflow_LiteratureScreeningAndFullTextReview/runs/host_pathogen_shared_mechanisms_apms_20260826/passes/pass_001/artifacts/fulltext_import/PMC_XML/normalized/PMC6510530.json,medium
pmid-31043663,31043663,PMC6494904,10.1038/s41598-019-43150-5,The cell adhesion protein CAR is a negative regulator of synaptic transmission.,2019,selected_for_reading,"Full text contains useful host-pathogen assay or pathway evidence, but the primary-virus mechanism is less central than in direct papers.",fulltext_review,readable,pmc_xml,/Users/xingmeng/.openclaw/workspaces/staff-scientist-ideker/agenticWorkflow_LiteratureScreeningAndFullTextReview/runs/host_pathogen_shared_mechanisms_apms_20260826/passes/pass_001/artifacts/fulltext_import/PMC_XML/normalized/PMC6494904.json,medium
pmid-31042779,31042779,PMC6513100,10.1371/journal.ppat.1007669,FOXO1 transcription factor plays a key role in T cell-HIV-1 interaction.,2019,selected_for_reading,Full text links a primary virus to a host factor or host pathway mechanism.,fulltext_review,readable,pmc_xml,/Users/xingmeng/.openclaw/workspaces/staff-scientist-ideker/agenticWorkflow_LiteratureScreeningAndFullTextReview/runs/host_pathogen_shared_mechanisms_apms_20260826/passes/pass_001/artifacts/fulltext_import/PMC_XML/normalized/PMC6513100.json,medium
pmid-31042482,31042482,PMC6506760,10.1016/j.celrep.2019.04.025,Promiscuous Targeting of Cellular Proteins by Vpr Drives Systems-Level Proteomic Remodeling in HIV-1 Infection.,2019,selected_for_reading,"Full text centers a primary virus and provides assay-supported host interaction, host factor, or pathway mechanism evidence.",fulltext_review,readable,pmc_xml,/Users/xingmeng/.openclaw/workspaces/staff-scientist-ideker/agenticWorkflow_LiteratureScreeningAndFullTextReview/runs/host_pathogen_shared_mechanisms_apms_20260826/passes/pass_001/artifacts/fulltext_import/PMC_XML/normalized/PMC6506760.json,high
pmid-31039741,31039741,PMC6492420,10.1186/s12879-019-4000-9,Construction and analysis of a comprehensive protein interaction network of HCV with its host Homo sapiens.,2019,selected_for_reading,"Full text centers a primary virus and provides assay-supported host interaction, host factor, or pathway mechanism evidence.",fulltext_review,readable,pmc_xml,/Users/xingmeng/.openclaw/workspaces/staff-scientist-ideker/agenticWorkflow_LiteratureScreeningAndFullTextReview/runs/host_pathogen_shared_mechanisms_apms_20260826/passes/pass_001/artifacts/fulltext_import/PMC_XML/normalized/PMC6492420.json,high
pmid-31018511,31018511,PMC6521077,10.3390/v11040372,Identification of RUVBL1 and RUVBL2 as Novel Cellular Interactors of the Ebola Virus Nucleoprotein.,2019,selected_for_reading,"Full text centers a primary virus and provides assay-supported host interaction, host factor, or pathway mechanism evidence.",fulltext_review,readable,pmc_xml,/Users/xingmeng/.openclaw/workspaces/staff-scientist-ideker/agenticWorkflow_LiteratureScreeningAndFullTextReview/runs/host_pathogen_shared_mechanisms_apms_20260826/passes/pass_001/artifacts/fulltext_import/PMC_XML/normalized/PMC6521077.json,high
pmid-31015516,31015516,PMC6478881,10.1038/s41598-019-42803-9,Dengue virus reduces expression of low-density lipoprotein receptor-related protein 1 to facilitate replication in Aedes aegypti.,2019,selected_for_reading,"Full text centers a primary virus and provides assay-supported host interaction, host factor, or pathway mechanism evidence.",fulltext_review,readable,pmc_xml,/Users/xingmeng/.openclaw/workspaces/staff-scientist-ideker/agenticWorkflow_LiteratureScreeningAndFullTextReview/runs/host_pathogen_shared_mechanisms_apms_20260826/passes/pass_001/artifacts/fulltext_import/PMC_XML/normalized/PMC6478881.json,high
pmid-30997501,30997501,PMC6614814,10.1093/nar/gkz278,TNRC6 proteins modulate hepatitis C virus replication by spatially regulating the binding of miR-122/Ago2 complexes to viral RNA.,2019,selected_for_reading,"Full text centers a primary virus and provides assay-supported host interaction, host factor, or pathway mechanism evidence.",fulltext_review,readable,pmc_xml,/Users/xingmeng/.openclaw/workspaces/staff-scientist-ideker/agenticWorkflow_LiteratureScreeningAndFullTextReview/runs/host_pathogen_shared_mechanisms_apms_20260826/passes/pass_001/artifacts/fulltext_import/PMC_XML/normalized/PMC6614814.json,high
pmid-30988429,30988429,PMC6588457,10.1038/s41564-019-0425-6,Basal expression of interferon regulatory factor 1 drives intrinsic hepatocyte resistance to multiple RNA viruses.,2019,selected_for_reading,"Full text has plausible host pathway or host-factor mechanism context for a primary virus, but evidence is not strongly assay-centered.",fulltext_review,readable,pmc_xml,/Users/xingmeng/.openclaw/workspaces/staff-scientist-ideker/agenticWorkflow_LiteratureScreeningAndFullTextReview/runs/host_pathogen_shared_mechanisms_apms_20260826/passes/pass_001/artifacts/fulltext_import/PMC_XML/normalized/PMC6588457.json,low
pmid-30984872,30984872,PMC6456672,10.1128/mSystems.00303-18,Understanding Human-Virus Protein-Protein Interactions Using a Human Protein Complex-Based Analysis Framework.,2019,selected_for_reading,"Full text contains useful host-pathogen assay or pathway evidence, but the primary-virus mechanism is less central than in direct papers.",fulltext_review,readable,pmc_xml,/Users/xingmeng/.openclaw/workspaces/staff-scientist-ideker/agenticWorkflow_LiteratureScreeningAndFullTextReview/runs/host_pathogen_shared_mechanisms_apms_20260826/passes/pass_001/artifacts/fulltext_import/PMC_XML/normalized/PMC6456672.json,medium
pmid-30970587,30970587,PMC6520844,10.3390/v11040335,Annexin II as a Dengue Virus Serotype 2 Interacting Protein Mediating Virus Interaction on Vero Cells.,2019,selected_for_reading,"Full text centers a primary virus and provides assay-supported host interaction, host factor, or pathway mechanism evidence.",fulltext_review,readable,pmc_xml,/Users/xingmeng/.openclaw/workspaces/staff-scientist-ideker/agenticWorkflow_LiteratureScreeningAndFullTextReview/runs/host_pathogen_shared_mechanisms_apms_20260826/passes/pass_001/artifacts/fulltext_import/PMC_XML/normalized/PMC6520844.json,high
pmid-30944031,30944031,PMC6448258,10.1186/s13104-019-4242-z,Preliminary study on the expression of endothelial cell biology related genes in the liver of dengue virus infected mice treated with Carica papaya leaf juice.,2019,selected_for_reading,"Full text centers a primary virus and provides assay-supported host interaction, host factor, or pathway mechanism evidence.",fulltext_review,readable,pmc_xml,/Users/xingmeng/.openclaw/workspaces/staff-scientist-ideker/agenticWorkflow_LiteratureScreeningAndFullTextReview/runs/host_pathogen_shared_mechanisms_apms_20260826/passes/pass_001/artifacts/fulltext_import/PMC_XML/normalized/PMC6448258.json,high
pmid-30935048,30935048,PMC6521621,10.3390/v11040311,HIV-1 Envelope Glycoprotein at the Interface of Host Restriction and Virus Evasion.,2019,selected_for_reading,Full text links a primary virus to a host factor or host pathway mechanism.,fulltext_review,readable,pmc_xml,/Users/xingmeng/.openclaw/workspaces/staff-scientist-ideker/agenticWorkflow_LiteratureScreeningAndFullTextReview/runs/host_pathogen_shared_mechanisms_apms_20260826/passes/pass_001/artifacts/fulltext_import/PMC_XML/normalized/PMC6521621.json,medium
pmid-30918081,30918081,PMC6613767,10.1128/JVI.00017-19,Glucosylceramidase Maintains Influenza Virus Infection by Regulating Endocytosis.,2019,selected_for_reading,"Full text contains useful host-pathogen assay or pathway evidence, but the primary-virus mechanism is less central than in direct papers.",fulltext_review,readable,pmc_xml,/Users/xingmeng/.openclaw/workspaces/staff-scientist-ideker/agenticWorkflow_LiteratureScreeningAndFullTextReview/runs/host_pathogen_shared_mechanisms_apms_20260826/passes/pass_001/artifacts/fulltext_import/PMC_XML/normalized/PMC6613767.json,medium
pmid-30886358,30886358,PMC6544544,10.1038/s41564-019-0402-0,Immunoproteasome activation enables human TRIM5α restriction of HIV-1.,2019,selected_for_reading,Full text links a primary virus to a host factor or host pathway mechanism.,fulltext_review,readable,pmc_xml,/Users/xingmeng/.openclaw/workspaces/staff-scientist-ideker/agenticWorkflow_LiteratureScreeningAndFullTextReview/runs/host_pathogen_shared_mechanisms_apms_20260826/passes/pass_001/artifacts/fulltext_import/PMC_XML/normalized/PMC6544544.json,medium
pmid-30857592,30857592,PMC6414203,10.7554/eLife.41431,Functional proteomic atlas of HIV infection in primary human CD4+ T cells.,2019,selected_for_reading,"Full text centers a primary virus and provides assay-supported host interaction, host factor, or pathway mechanism evidence.",fulltext_review,readable,pmc_xml,/Users/xingmeng/.openclaw/workspaces/staff-scientist-ideker/agenticWorkflow_LiteratureScreeningAndFullTextReview/runs/host_pathogen_shared_mechanisms_apms_20260826/passes/pass_001/artifacts/fulltext_import/PMC_XML/normalized/PMC6414203.json,high
pmid-30845653,30845653,PMC6466193,10.3390/v11030225,"Metabolomic Insights into Human Arboviral Infections: Dengue, Chikungunya, and Zika Viruses.",2019,selected_for_reading,"Full text centers a primary virus and provides assay-supported host interaction, host factor, or pathway mechanism evidence.",fulltext_review,readable,pmc_xml,/Users/xingmeng/.openclaw/workspaces/staff-scientist-ideker/agenticWorkflow_LiteratureScreeningAndFullTextReview/runs/host_pathogen_shared_mechanisms_apms_20260826/passes/pass_001/artifacts/fulltext_import/PMC_XML/normalized/PMC6466193.json,high
pmid-30833725,30833725,PMC6533143,10.1038/s41564-019-0375-z,Identification of antiviral roles for the exon-junction complex and nonsense-mediated decay in flaviviral infection.,2019,selected_for_reading,"Full text contains useful host-pathogen assay or pathway evidence, but the primary-virus mechanism is less central than in direct papers.",fulltext_review,readable,pmc_xml,/Users/xingmeng/.openclaw/workspaces/staff-scientist-ideker/agenticWorkflow_LiteratureScreeningAndFullTextReview/runs/host_pathogen_shared_mechanisms_apms_20260826/passes/pass_001/artifacts/fulltext_import/PMC_XML/normalized/PMC6533143.json,medium
pmid-30809215,30809215,PMC6379475,10.3389/fmicb.2019.00224,"HUSH, a Link Between Intrinsic Immunity and HIV Latency.",2019,selected_for_reading,"Full text centers a primary virus and provides assay-supported host interaction, host factor, or pathway mechanism evidence.",fulltext_review,readable,pmc_xml,/Users/xingmeng/.openclaw/workspaces/staff-scientist-ideker/agenticWorkflow_LiteratureScreeningAndFullTextReview/runs/host_pathogen_shared_mechanisms_apms_20260826/passes/pass_001/artifacts/fulltext_import/PMC_XML/normalized/PMC6379475.json,high
pmid-30785952,30785952,PMC6398867,10.1371/journal.ppat.1007596,Kaposi's sarcoma-associated herpesvirus ORF57 protein protects viral transcripts from specific nuclear RNA decay pathways by preventing hMTR4 recruitment.,2019,selected_for_reading,Full text links a primary virus to a host factor or host pathway mechanism.,fulltext_review,readable,pmc_xml,/Users/xingmeng/.openclaw/workspaces/staff-scientist-ideker/agenticWorkflow_LiteratureScreeningAndFullTextReview/runs/host_pathogen_shared_mechanisms_apms_20260826/passes/pass_001/artifacts/fulltext_import/PMC_XML/normalized/PMC6398867.json,medium
pmid-30781856,30781856,PMC6410196,10.3390/v11020155,Protein Disulfide Isomerase Inhibitor Suppresses Viral Replication and Production during Antibody-Dependent Enhancement of Dengue Virus Infection in Human Monocytic Cells.,2019,selected_for_reading,"Full text centers a primary virus and provides assay-supported host interaction, host factor, or pathway mechanism evidence.",fulltext_review,readable,pmc_xml,/Users/xingmeng/.openclaw/workspaces/staff-scientist-ideker/agenticWorkflow_LiteratureScreeningAndFullTextReview/runs/host_pathogen_shared_mechanisms_apms_20260826/passes/pass_001/artifacts/fulltext_import/PMC_XML/normalized/PMC6410196.json,high
pmid-30759770,30759770,PMC6388173,10.3390/ijerph16030513,Advanced Hepatitis C Virus Replication PDE Models within a Realistic Intracellular Geometric Environment.,2019,selected_for_reading,Full text links a primary virus to a host factor or host pathway mechanism.,fulltext_review,readable,pmc_xml,/Users/xingmeng/.openclaw/workspaces/staff-scientist-ideker/agenticWorkflow_LiteratureScreeningAndFullTextReview/runs/host_pathogen_shared_mechanisms_apms_20260826/passes/pass_001/artifacts/fulltext_import/PMC_XML/normalized/PMC6388173.json,medium
pmid-30759391,30759391,PMC7053169,10.1016/j.celrep.2019.01.075,MARCH8 Ubiquitinates the Hepatitis C Virus Nonstructural 2 Protein and Mediates Viral Envelopment.,2019,selected_for_reading,"Full text centers a primary virus and provides assay-supported host interaction, host factor, or pathway mechanism evidence.",fulltext_review,readable,pmc_xml,/Users/xingmeng/.openclaw/workspaces/staff-scientist-ideker/agenticWorkflow_LiteratureScreeningAndFullTextReview/runs/host_pathogen_shared_mechanisms_apms_20260826/passes/pass_001/artifacts/fulltext_import/PMC_XML/normalized/PMC7053169.json,high
pmid-30730994,30730994,PMC6382253,10.1371/journal.ppat.1007163,The acidic domain of the hepatitis C virus NS4A protein is required for viral assembly and envelopment through interactions with the viral E1 glycoprotein.,2019,selected_for_reading,Full text links a primary virus to a host factor or host pathway mechanism.,fulltext_review,readable,pmc_xml,/Users/xingmeng/.openclaw/workspaces/staff-scientist-ideker/agenticWorkflow_LiteratureScreeningAndFullTextReview/runs/host_pathogen_shared_mechanisms_apms_20260826/passes/pass_001/artifacts/fulltext_import/PMC_XML/normalized/PMC6382253.json,medium
pmid-30723129,30723129,PMC6428755,10.1128/mBio.02734-18,A Disintegrin and Metalloproteinase 9 Domain (ADAM9) Is a Major Susceptibility Factor in the Early Stages of Encephalomyocarditis Virus Infection.,2019,selected_for_reading,"Full text contains useful host-pathogen assay or pathway evidence, but the primary-virus mechanism is less central than in direct papers.",fulltext_review,readable,pmc_xml,/Users/xingmeng/.openclaw/workspaces/staff-scientist-ideker/agenticWorkflow_LiteratureScreeningAndFullTextReview/runs/host_pathogen_shared_mechanisms_apms_20260826/passes/pass_001/artifacts/fulltext_import/PMC_XML/normalized/PMC6428755.json,medium
pmid-30682371,30682371,PMC8486322,10.1016/j.cell.2018.12.030,"Regulation of HIV-1 Gag-Pol Expression by Shiftless, an Inhibitor of Programmed -1 Ribosomal Frameshifting.",2019,selected_for_reading,"Full text centers a primary virus and provides assay-supported host interaction, host factor, or pathway mechanism evidence.",fulltext_review,readable,pmc_xml,/Users/xingmeng/.openclaw/workspaces/staff-scientist-ideker/agenticWorkflow_LiteratureScreeningAndFullTextReview/runs/host_pathogen_shared_mechanisms_apms_20260826/passes/pass_001/artifacts/fulltext_import/PMC_XML/normalized/PMC8486322.json,high
pmid-30659199,30659199,PMC6338737,10.1038/s41598-018-36135-3,Proteo-Transcriptomic Dynamics of Cellular Response to HIV-1 Infection.,2019,selected_for_reading,"Full text centers a primary virus and provides assay-supported host interaction, host factor, or pathway mechanism evidence.",fulltext_review,readable,pmc_xml,/Users/xingmeng/.openclaw/workspaces/staff-scientist-ideker/agenticWorkflow_LiteratureScreeningAndFullTextReview/runs/host_pathogen_shared_mechanisms_apms_20260826/passes/pass_001/artifacts/fulltext_import/PMC_XML/normalized/PMC6338737.json,high
pmid-30651366,30651366,PMC6430559,10.1128/JVI.01403-18,Antigenicity and Immunogenicity of Differentially Glycosylated Hepatitis C Virus E2 Envelope Proteins Expressed in Mammalian and Insect Cells.,2019,selected_for_reading,"Full text centers a primary virus and provides assay-supported host interaction, host factor, or pathway mechanism evidence.",fulltext_review,readable,pmc_xml,/Users/xingmeng/.openclaw/workspaces/staff-scientist-ideker/agenticWorkflow_LiteratureScreeningAndFullTextReview/runs/host_pathogen_shared_mechanisms_apms_20260826/passes/pass_001/artifacts/fulltext_import/PMC_XML/normalized/PMC6430559.json,high
pmid-30650657,30650657,PMC6356745,10.3390/v11010068,Uncovering Flavivirus Host Dependency Factors through a Genome-Wide Gain-of-Function Screen.,2019,selected_for_reading,"Full text contains useful host-pathogen assay or pathway evidence, but the primary-virus mechanism is less central than in direct papers.",fulltext_review,readable,pmc_xml,/Users/xingmeng/.openclaw/workspaces/staff-scientist-ideker/agenticWorkflow_LiteratureScreeningAndFullTextReview/runs/host_pathogen_shared_mechanisms_apms_20260826/passes/pass_001/artifacts/fulltext_import/PMC_XML/normalized/PMC6356745.json,medium
pmid-30593628,30593628,PMC6357228,10.1007/978-1-4939-8976-8_14,Measuring Hepatitis C Virus Envelopment by Using a Proteinase K Protection Assay.,2019,selected_for_reading,Full text links a primary virus to a host factor or host pathway mechanism.,fulltext_review,readable,pmc_xml,/Users/xingmeng/.openclaw/workspaces/staff-scientist-ideker/agenticWorkflow_LiteratureScreeningAndFullTextReview/runs/host_pathogen_shared_mechanisms_apms_20260826/passes/pass_001/artifacts/fulltext_import/PMC_XML/normalized/PMC6357228.json,medium
pmid-30550800,30550800,PMC6457457,10.1016/j.antiviral.2018.12.006,Virus and host interactions critical for filoviral RNA synthesis as therapeutic targets.,2019,selected_for_reading,"Full text contains useful host-pathogen assay or pathway evidence, but the primary-virus mechanism is less central than in direct papers.",fulltext_review,readable,pmc_xml,/Users/xingmeng/.openclaw/workspaces/staff-scientist-ideker/agenticWorkflow_LiteratureScreeningAndFullTextReview/runs/host_pathogen_shared_mechanisms_apms_20260826/passes/pass_001/artifacts/fulltext_import/PMC_XML/normalized/PMC6457457.json,medium
pmid-30521835,30521835,PMC6345585,10.1016/j.antiviral.2018.11.017,A potent prolyl tRNA synthetase inhibitor antagonizes Chikungunya and Dengue viruses.,2019,selected_for_reading,Full text links a primary virus to a host factor or host pathway mechanism.,fulltext_review,readable,pmc_xml,/Users/xingmeng/.openclaw/workspaces/staff-scientist-ideker/agenticWorkflow_LiteratureScreeningAndFullTextReview/runs/host_pathogen_shared_mechanisms_apms_20260826/passes/pass_001/artifacts/fulltext_import/PMC_XML/normalized/PMC6345585.json,medium
pmid-30462330,30462330,PMC6326805,10.1093/nar/gky1177,Binding of cellular nucleolin with the viral core RNA G-quadruplex structure suppresses HCV replication.,2019,selected_for_reading,"Full text centers a primary virus and provides assay-supported host interaction, host factor, or pathway mechanism evidence.",fulltext_review,readable,pmc_xml,/Users/xingmeng/.openclaw/workspaces/staff-scientist-ideker/agenticWorkflow_LiteratureScreeningAndFullTextReview/runs/host_pathogen_shared_mechanisms_apms_20260826/passes/pass_001/artifacts/fulltext_import/PMC_XML/normalized/PMC6326805.json,high
pmid-30456659,30456659,PMC6513812,10.1007/s12250-018-0055-9,MicroRNA-135a Modulates Hepatitis C Virus Genome Replication through Downregulation of Host Antiviral Factors.,2019,selected_for_reading,"Full text centers a primary virus and provides assay-supported host interaction, host factor, or pathway mechanism evidence.",fulltext_review,readable,pmc_xml,/Users/xingmeng/.openclaw/workspaces/staff-scientist-ideker/agenticWorkflow_LiteratureScreeningAndFullTextReview/runs/host_pathogen_shared_mechanisms_apms_20260826/passes/pass_001/artifacts/fulltext_import/PMC_XML/normalized/PMC6513812.json,high
pmid-30420783,30420783,PMC6294688,10.1038/s41564-018-0284-6,Epstein-Barr virus BORF2 inhibits cellular APOBEC3B to preserve viral genome integrity.,2019,selected_for_reading,"Full text contains useful host-pathogen assay or pathway evidence, but the primary-virus mechanism is less central than in direct papers.",fulltext_review,readable,pmc_xml,/Users/xingmeng/.openclaw/workspaces/staff-scientist-ideker/agenticWorkflow_LiteratureScreeningAndFullTextReview/runs/host_pathogen_shared_mechanisms_apms_20260826/passes/pass_001/artifacts/fulltext_import/PMC_XML/normalized/PMC6294688.json,medium
pmid-30408544,30408544,PMC7114365,10.1016/j.bbamcr.2018.10.022,Mining of Ebola virus entry inhibitors identifies approved drugs as two-pore channel pore blockers.,2019,selected_for_reading,Full text links a primary virus to a host factor or host pathway mechanism.,fulltext_review,readable,pmc_xml,/Users/xingmeng/.openclaw/workspaces/staff-scientist-ideker/agenticWorkflow_LiteratureScreeningAndFullTextReview/runs/host_pathogen_shared_mechanisms_apms_20260826/passes/pass_001/artifacts/fulltext_import/PMC_XML/normalized/PMC7114365.json,medium
pmid-29676229,29676229,PMC6482477,10.2174/1570159X16666180419124508,Viral Induced Oxidative and Inflammatory Response in Alzheimer's Disease Pathogenesis with Identification of Potential Drug Candidates: A Systematic Review using Systems Biology Approach.,2019,selected_for_reading,"Full text contains useful host-pathogen assay or pathway evidence, but the primary-virus mechanism is less central than in direct papers.",fulltext_review,readable,pmc_xml,/Users/xingmeng/.openclaw/workspaces/staff-scientist-ideker/agenticWorkflow_LiteratureScreeningAndFullTextReview/runs/host_pathogen_shared_mechanisms_apms_20260826/passes/pass_001/artifacts/fulltext_import/PMC_XML/normalized/PMC6482477.json,medium
pmid-30619335,30619335,PMC6305766,10.3389/fimmu.2018.02978,A Mass Spectrometry-Based Profiling of Interactomes of Viral DDB1- and Cullin Ubiquitin Ligase-Binding Proteins Reveals NF-κB Inhibitory Activity of the HIV-2-Encoded Vpx.,2018,selected_for_reading,"Full text centers a primary virus and provides assay-supported host interaction, host factor, or pathway mechanism evidence.",fulltext_review,readable,pmc_xml,/Users/xingmeng/.openclaw/workspaces/staff-scientist-ideker/agenticWorkflow_LiteratureScreeningAndFullTextReview/runs/host_pathogen_shared_mechanisms_apms_20260826/passes/pass_001/artifacts/fulltext_import/PMC_XML/normalized/PMC6305766.json,high
pmid-30598657,30598657,PMC6302400,10.1186/s12014-018-9219-8,Proteomic analysis of serum proteins from HIV/AIDS patients with Talaromyces marneffei infection by TMT labeling-based quantitative proteomics.,2018,selected_for_reading,"Full text centers a primary virus and provides assay-supported host interaction, host factor, or pathway mechanism evidence.",fulltext_review,readable,pmc_xml,/Users/xingmeng/.openclaw/workspaces/staff-scientist-ideker/agenticWorkflow_LiteratureScreeningAndFullTextReview/runs/host_pathogen_shared_mechanisms_apms_20260826/passes/pass_001/artifacts/fulltext_import/PMC_XML/normalized/PMC6302400.json,high
pmid-30550790,30550790,PMC6474419,10.1016/j.cell.2018.11.028,Comparative Flavivirus-Host Protein Interaction Mapping Reveals Mechanisms of Dengue and Zika Virus Pathogenesis.,2018,selected_for_reading,"Full text centers a primary virus and provides assay-supported host interaction, host factor, or pathway mechanism evidence.",fulltext_review,readable,pmc_xml,/Users/xingmeng/.openclaw/workspaces/staff-scientist-ideker/agenticWorkflow_LiteratureScreeningAndFullTextReview/runs/host_pathogen_shared_mechanisms_apms_20260826/passes/pass_001/artifacts/fulltext_import/PMC_XML/normalized/PMC6474419.json,high
pmid-30550789,30550789,PMC6366944,10.1016/j.cell.2018.08.044,Protein Interaction Mapping Identifies RBBP6 as a Negative Regulator of Ebola Virus Replication.,2018,selected_for_reading,"Full text centers a primary virus and provides assay-supported host interaction, host factor, or pathway mechanism evidence.",fulltext_review,readable,pmc_xml,/Users/xingmeng/.openclaw/workspaces/staff-scientist-ideker/agenticWorkflow_LiteratureScreeningAndFullTextReview/runs/host_pathogen_shared_mechanisms_apms_20260826/passes/pass_001/artifacts/fulltext_import/PMC_XML/normalized/PMC6366944.json,high
pmid-30542341,30542341,PMC6278592,10.3389/fmicb.2018.02949,Glycogen Synthase Kinase 3β Enhances Hepatitis C Virus Replication by Supporting miR-122.,2018,selected_for_reading,Full text links a primary virus to a host factor or host pathway mechanism.,fulltext_review,readable,pmc_xml,/Users/xingmeng/.openclaw/workspaces/staff-scientist-ideker/agenticWorkflow_LiteratureScreeningAndFullTextReview/runs/host_pathogen_shared_mechanisms_apms_20260826/passes/pass_001/artifacts/fulltext_import/PMC_XML/normalized/PMC6278592.json,medium
pmid-30483236,30483236,PMC6240689,10.3389/fmicb.2018.02724,"Chaperones, Membrane Trafficking and Signal Transduction Proteins Regulate Zaire Ebola Virus trVLPs and Interact With trVLP Elements.",2018,selected_for_reading,Full text links a primary virus to a host factor or host pathway mechanism.,fulltext_review,readable,pmc_xml,/Users/xingmeng/.openclaw/workspaces/staff-scientist-ideker/agenticWorkflow_LiteratureScreeningAndFullTextReview/runs/host_pathogen_shared_mechanisms_apms_20260826/passes/pass_001/artifacts/fulltext_import/PMC_XML/normalized/PMC6240689.json,medium
pmid-30414963,30414963,PMC6289724,10.1016/j.jmb.2018.11.006,RNA-Mediated Dimerization of the Human Deoxycytidine Deaminase APOBEC3H Influences Enzyme Activity and Interaction with Nucleic Acids.,2018,selected_for_reading,"Full text has plausible host pathway or host-factor mechanism context for a primary virus, but evidence is not strongly assay-centered.",fulltext_review,readable,pmc_xml,/Users/xingmeng/.openclaw/workspaces/staff-scientist-ideker/agenticWorkflow_LiteratureScreeningAndFullTextReview/runs/host_pathogen_shared_mechanisms_apms_20260826/passes/pass_001/artifacts/fulltext_import/PMC_XML/normalized/PMC6289724.json,low
pmid-30322028,30322028,PMC6210370,10.3390/cells7100165,"Viral Persistence and Chronicity in Hepatitis C Virus Infection: Role of T-Cell Apoptosis, Senescence and Exhaustion.",2018,selected_for_reading,Full text links a primary virus to a host factor or host pathway mechanism.,fulltext_review,readable,pmc_xml,/Users/xingmeng/.openclaw/workspaces/staff-scientist-ideker/agenticWorkflow_LiteratureScreeningAndFullTextReview/runs/host_pathogen_shared_mechanisms_apms_20260826/passes/pass_001/artifacts/fulltext_import/PMC_XML/normalized/PMC6210370.json,medium
pmid-30301857,30301857,PMC6178623,10.1128/mBio.01771-18,Staufen1 Interacts with Multiple Components of the Ebola Virus Ribonucleoprotein and Enhances Viral RNA Synthesis.,2018,selected_for_reading,"Full text centers a primary virus and provides assay-supported host interaction, host factor, or pathway mechanism evidence.",fulltext_review,readable,pmc_xml,/Users/xingmeng/.openclaw/workspaces/staff-scientist-ideker/agenticWorkflow_LiteratureScreeningAndFullTextReview/runs/host_pathogen_shared_mechanisms_apms_20260826/passes/pass_001/artifacts/fulltext_import/PMC_XML/normalized/PMC6178623.json,high
pmid-30254620,30254620,PMC6141784,10.3389/fmicb.2018.02131,Post-translational Modification-Based Regulation of HIV Replication.,2018,selected_for_reading,"Full text centers a primary virus and provides assay-supported host interaction, host factor, or pathway mechanism evidence.",fulltext_review,readable,pmc_xml,/Users/xingmeng/.openclaw/workspaces/staff-scientist-ideker/agenticWorkflow_LiteratureScreeningAndFullTextReview/runs/host_pathogen_shared_mechanisms_apms_20260826/passes/pass_001/artifacts/fulltext_import/PMC_XML/normalized/PMC6141784.json,high
pmid-30241541,30241541,PMC6150996,10.1186/s12977-018-0447-9,Cellular RelB interacts with the transactivator Tat and enhance HIV-1 expression.,2018,selected_for_reading,Full text links a primary virus to a host factor or host pathway mechanism.,fulltext_review,readable,pmc_xml,/Users/xingmeng/.openclaw/workspaces/staff-scientist-ideker/agenticWorkflow_LiteratureScreeningAndFullTextReview/runs/host_pathogen_shared_mechanisms_apms_20260826/passes/pass_001/artifacts/fulltext_import/PMC_XML/normalized/PMC6150996.json,medium
pmid-30181254,30181254,PMC6123441,10.1128/mBio.01669-18,Direct and Indirect Effects on Viral Translation and RNA Replication Are Required for AUF1 Restriction of Enterovirus Infections in Human Cells.,2018,selected_for_reading,"Full text has plausible host pathway or host-factor mechanism context for a primary virus, but evidence is not strongly assay-centered.",fulltext_review,readable,pmc_xml,/Users/xingmeng/.openclaw/workspaces/staff-scientist-ideker/agenticWorkflow_LiteratureScreeningAndFullTextReview/runs/host_pathogen_shared_mechanisms_apms_20260826/passes/pass_001/artifacts/fulltext_import/PMC_XML/normalized/PMC6123441.json,low
pmid-30169850,30169850,PMC6249571,10.1093/infdis/jiy472,Ebola Virus VP40 Modulates Cell Cycle and Biogenesis of Extracellular Vesicles.,2018,selected_for_reading,"Full text centers a primary virus and provides assay-supported host interaction, host factor, or pathway mechanism evidence.",fulltext_review,readable,pmc_xml,/Users/xingmeng/.openclaw/workspaces/staff-scientist-ideker/agenticWorkflow_LiteratureScreeningAndFullTextReview/runs/host_pathogen_shared_mechanisms_apms_20260826/passes/pass_001/artifacts/fulltext_import/PMC_XML/normalized/PMC6249571.json,high
pmid-30147687,30147687,PMC6095993,10.3389/fimmu.2018.01803,"Advances in Designing and Developing Vaccines, Drugs, and Therapies to Counter Ebola Virus.",2018,selected_for_reading,"Full text centers a primary virus and provides assay-supported host interaction, host factor, or pathway mechanism evidence.",fulltext_review,readable,pmc_xml,/Users/xingmeng/.openclaw/workspaces/staff-scientist-ideker/agenticWorkflow_LiteratureScreeningAndFullTextReview/runs/host_pathogen_shared_mechanisms_apms_20260826/passes/pass_001/artifacts/fulltext_import/PMC_XML/normalized/PMC6095993.json,high
pmid-30144461,30144461,PMC6436837,10.1016/j.antiviral.2018.08.012,Inhibiting pyrimidine biosynthesis impairs Ebola virus replication through depletion of nucleoside pools and activation of innate immune responses.,2018,selected_for_reading,Full text links a primary virus to a host factor or host pathway mechanism.,fulltext_review,readable,pmc_xml,/Users/xingmeng/.openclaw/workspaces/staff-scientist-ideker/agenticWorkflow_LiteratureScreeningAndFullTextReview/runs/host_pathogen_shared_mechanisms_apms_20260826/passes/pass_001/artifacts/fulltext_import/PMC_XML/normalized/PMC6436837.json,medium
pmid-30127285,30127285,PMC6222871,10.3390/molecules23082083,Suppression of Hepatitis C Virus Genome Replication and Particle Production by a Novel Diacylglycerol Acyltransferases Inhibitor.,2018,selected_for_reading,Full text links a primary virus to a host factor or host pathway mechanism.,fulltext_review,readable,pmc_xml,/Users/xingmeng/.openclaw/workspaces/staff-scientist-ideker/agenticWorkflow_LiteratureScreeningAndFullTextReview/runs/host_pathogen_shared_mechanisms_apms_20260826/passes/pass_001/artifacts/fulltext_import/PMC_XML/normalized/PMC6222871.json,medium
pmid-30125328,30125328,PMC6117100,10.1371/journal.ppat.1007269,SIVcol Nef counteracts SERINC5 by promoting its proteasomal degradation but does not efficiently enhance HIV-1 replication in human CD4+ T cells and lymphoid tissue.,2018,selected_for_reading,Full text links a primary virus to a host factor or host pathway mechanism.,fulltext_review,readable,pmc_xml,/Users/xingmeng/.openclaw/workspaces/staff-scientist-ideker/agenticWorkflow_LiteratureScreeningAndFullTextReview/runs/host_pathogen_shared_mechanisms_apms_20260826/passes/pass_001/artifacts/fulltext_import/PMC_XML/normalized/PMC6117100.json,medium
pmid-30087415,30087415,PMC6081433,10.1038/s41598-018-30385-x,"The role of lipids in the inception, maintenance and complications of dengue virus infection.",2018,selected_for_reading,"Full text centers a primary virus and provides assay-supported host interaction, host factor, or pathway mechanism evidence.",fulltext_review,readable,pmc_xml,/Users/xingmeng/.openclaw/workspaces/staff-scientist-ideker/agenticWorkflow_LiteratureScreeningAndFullTextReview/runs/host_pathogen_shared_mechanisms_apms_20260826/passes/pass_001/artifacts/fulltext_import/PMC_XML/normalized/PMC6081433.json,high
pmid-30087333,30087333,PMC6081400,10.1038/s41426-018-0139-5,TSC1 and DEPDC5 regulate HIV-1 latency through the mTOR signaling pathway.,2018,selected_for_reading,"Full text centers a primary virus and provides assay-supported host interaction, host factor, or pathway mechanism evidence.",fulltext_review,readable,pmc_xml,/Users/xingmeng/.openclaw/workspaces/staff-scientist-ideker/agenticWorkflow_LiteratureScreeningAndFullTextReview/runs/host_pathogen_shared_mechanisms_apms_20260826/passes/pass_001/artifacts/fulltext_import/PMC_XML/normalized/PMC6081400.json,high
pmid-30087320,30087320,PMC6081454,10.1038/s41426-018-0140-z,Adaptive mutation F772S-enhanced p7-NS4A cooperation facilitates the assembly and release of hepatitis C virus and is associated with lipid droplet enlargement.,2018,selected_for_reading,Full text links a primary virus to a host factor or host pathway mechanism.,fulltext_review,readable,pmc_xml,/Users/xingmeng/.openclaw/workspaces/staff-scientist-ideker/agenticWorkflow_LiteratureScreeningAndFullTextReview/runs/host_pathogen_shared_mechanisms_apms_20260826/passes/pass_001/artifacts/fulltext_import/PMC_XML/normalized/PMC6081454.json,medium
pmid-30081931,30081931,PMC6090742,10.1186/s13073-018-0570-1,A genome-wide siRNA screen identifies a druggable host pathway essential for the Ebola virus life cycle.,2018,selected_for_reading,Full text links a primary virus to a host factor or host pathway mechanism.,fulltext_review,readable,pmc_xml,/Users/xingmeng/.openclaw/workspaces/staff-scientist-ideker/agenticWorkflow_LiteratureScreeningAndFullTextReview/runs/host_pathogen_shared_mechanisms_apms_20260826/passes/pass_001/artifacts/fulltext_import/PMC_XML/normalized/PMC6090742.json,medium
pmid-30053425,30053425,PMC6091687,10.1016/j.cell.2018.07.004,HIV-1 Nefs Are Cargo-Sensitive AP-1 Trimerization Switches in Tetherin Downregulation.,2018,selected_for_reading,"Full text centers a primary virus and provides assay-supported host interaction, host factor, or pathway mechanism evidence.",fulltext_review,readable,pmc_xml,/Users/xingmeng/.openclaw/workspaces/staff-scientist-ideker/agenticWorkflow_LiteratureScreeningAndFullTextReview/runs/host_pathogen_shared_mechanisms_apms_20260826/passes/pass_001/artifacts/fulltext_import/PMC_XML/normalized/PMC6091687.json,high
pmid-30024968,30024968,PMC6053247,10.1371/journal.ppat.1007111,Hepatitis C virus enters liver cells using the CD81 receptor complex proteins calpain-5 and CBLB.,2018,selected_for_reading,"Full text centers a primary virus and provides assay-supported host interaction, host factor, or pathway mechanism evidence.",fulltext_review,readable,pmc_xml,/Users/xingmeng/.openclaw/workspaces/staff-scientist-ideker/agenticWorkflow_LiteratureScreeningAndFullTextReview/runs/host_pathogen_shared_mechanisms_apms_20260826/passes/pass_001/artifacts/fulltext_import/PMC_XML/normalized/PMC6053247.json,high
pmid-30016363,30016363,PMC6049953,10.1371/journal.ppat.1007166,Inhibition of Japanese encephalitis virus infection by the host zinc-finger antiviral protein.,2018,selected_for_reading,"Full text has plausible host pathway or host-factor mechanism context for a primary virus, but evidence is not strongly assay-centered.",fulltext_review,readable,pmc_xml,/Users/xingmeng/.openclaw/workspaces/staff-scientist-ideker/agenticWorkflow_LiteratureScreeningAndFullTextReview/runs/host_pathogen_shared_mechanisms_apms_20260826/passes/pass_001/artifacts/fulltext_import/PMC_XML/normalized/PMC6049953.json,low
pmid-30002303,30002303,PMC6070988,10.3390/v10070367,The C-Type Lectin Domain Gene Family in Aedes aegypti and Their Role in Arbovirus Infection.,2018,selected_for_reading,"Full text contains useful host-pathogen assay or pathway evidence, but the primary-virus mechanism is less central than in direct papers.",fulltext_review,readable,pmc_xml,/Users/xingmeng/.openclaw/workspaces/staff-scientist-ideker/agenticWorkflow_LiteratureScreeningAndFullTextReview/runs/host_pathogen_shared_mechanisms_apms_20260826/passes/pass_001/artifacts/fulltext_import/PMC_XML/normalized/PMC6070988.json,medium
pmid-29986460,29986460,PMC6071211,10.3390/md16070229,Polyketides and Alkaloids from the Marine-Derived Fungus Dichotomomyces cejpii F31-1 and the Antiviral Activity of Scequinadoline A against Dengue Virus.,2018,selected_for_reading,"Full text centers a primary virus and provides assay-supported host interaction, host factor, or pathway mechanism evidence.",fulltext_review,readable,pmc_xml,/Users/xingmeng/.openclaw/workspaces/staff-scientist-ideker/agenticWorkflow_LiteratureScreeningAndFullTextReview/runs/host_pathogen_shared_mechanisms_apms_20260826/passes/pass_001/artifacts/fulltext_import/PMC_XML/normalized/PMC6071211.json,high
pmid-29970186,29970186,PMC6029029,10.1186/s12977-018-0423-4,Global phosphoproteomics of CCR5-tropic HIV-1 signaling reveals reprogramming of cellular protein production pathways and identifies p70-S6K1 and MK2 as HIV-responsive kinases required for optimal infection of CD4+ T cells.,2018,selected_for_reading,"Full text centers a primary virus and provides assay-supported host interaction, host factor, or pathway mechanism evidence.",fulltext_review,readable,pmc_xml,/Users/xingmeng/.openclaw/workspaces/staff-scientist-ideker/agenticWorkflow_LiteratureScreeningAndFullTextReview/runs/host_pathogen_shared_mechanisms_apms_20260826/passes/pass_001/artifacts/fulltext_import/PMC_XML/normalized/PMC6029029.json,high
pmid-29950687,29950687,PMC6021402,10.1038/s41467-018-04853-x,Dissecting ribosomal particles throughout the kingdoms of life using advanced hybrid mass spectrometry methods.,2018,selected_for_reading,"Full text contains useful host-pathogen assay or pathway evidence, but the primary-virus mechanism is less central than in direct papers.",fulltext_review,readable,pmc_xml,/Users/xingmeng/.openclaw/workspaces/staff-scientist-ideker/agenticWorkflow_LiteratureScreeningAndFullTextReview/runs/host_pathogen_shared_mechanisms_apms_20260826/passes/pass_001/artifacts/fulltext_import/PMC_XML/normalized/PMC6021402.json,medium
pmid-29941968,29941968,PMC6018426,10.1038/s41467-018-04872-8,Crystal structure of the catalytic domain of HIV-1 restriction factor APOBEC3G in complex with ssDNA.,2018,selected_for_reading,Full text links a primary virus to a host factor or host pathway mechanism.,fulltext_review,readable,pmc_xml,/Users/xingmeng/.openclaw/workspaces/staff-scientist-ideker/agenticWorkflow_LiteratureScreeningAndFullTextReview/runs/host_pathogen_shared_mechanisms_apms_20260826/passes/pass_001/artifacts/fulltext_import/PMC_XML/normalized/PMC6018426.json,medium
pmid-29884836,29884836,PMC5993806,10.1038/s41467-018-04671-1,Dephosphorylation of the HIV-1 restriction factor SAMHD1 is mediated by PP2A-B55α holoenzymes during mitotic exit.,2018,selected_for_reading,"Full text centers a primary virus and provides assay-supported host interaction, host factor, or pathway mechanism evidence.",fulltext_review,readable,pmc_xml,/Users/xingmeng/.openclaw/workspaces/staff-scientist-ideker/agenticWorkflow_LiteratureScreeningAndFullTextReview/runs/host_pathogen_shared_mechanisms_apms_20260826/passes/pass_001/artifacts/fulltext_import/PMC_XML/normalized/PMC5993806.json,high
pmid-29764952,29764952,PMC5954222,10.1128/mBio.00819-18,SAMHD1 Phosphorylation Coordinates the Anti-HIV-1 Response by Diverse Interferons and Tyrosine Kinase Inhibition.,2018,selected_for_reading,"Full text centers a primary virus and provides assay-supported host interaction, host factor, or pathway mechanism evidence.",fulltext_review,readable,pmc_xml,/Users/xingmeng/.openclaw/workspaces/staff-scientist-ideker/agenticWorkflow_LiteratureScreeningAndFullTextReview/runs/host_pathogen_shared_mechanisms_apms_20260826/passes/pass_001/artifacts/fulltext_import/PMC_XML/normalized/PMC5954222.json,high
pmid-29751486,29751486,PMC5977228,10.3390/v10050235,Current Strategies for Inhibition of Chikungunya Infection.,2018,selected_for_reading,"Full text contains useful host-pathogen assay or pathway evidence, but the primary-virus mechanism is less central than in direct papers.",fulltext_review,readable,pmc_xml,/Users/xingmeng/.openclaw/workspaces/staff-scientist-ideker/agenticWorkflow_LiteratureScreeningAndFullTextReview/runs/host_pathogen_shared_mechanisms_apms_20260826/passes/pass_001/artifacts/fulltext_import/PMC_XML/normalized/PMC5977228.json,medium
pmid-29743377,29743377,PMC6146692,10.1128/JVI.00499-18,Equine Myxovirus Resistance Protein 2 Restricts Lentiviral Replication by Blocking Nuclear Uptake of Capsid Protein.,2018,selected_for_reading,"Full text has plausible host pathway or host-factor mechanism context for a primary virus, but evidence is not strongly assay-centered.",fulltext_review,readable,pmc_xml,/Users/xingmeng/.openclaw/workspaces/staff-scientist-ideker/agenticWorkflow_LiteratureScreeningAndFullTextReview/runs/host_pathogen_shared_mechanisms_apms_20260826/passes/pass_001/artifacts/fulltext_import/PMC_XML/normalized/PMC6146692.json,low
pmid-29743363,29743363,PMC6026752,10.1128/JVI.00694-18,Comparative Characterization of the Sindbis Virus Proteome from Mammalian and Invertebrate Hosts Identifies nsP2 as a Component of the Virion and Sorting Nexin 5 as a Significant Host Factor for Alphavirus Replication.,2018,selected_for_reading,"Full text contains useful host-pathogen assay or pathway evidence, but the primary-virus mechanism is less central than in direct papers.",fulltext_review,readable,pmc_xml,/Users/xingmeng/.openclaw/workspaces/staff-scientist-ideker/agenticWorkflow_LiteratureScreeningAndFullTextReview/runs/host_pathogen_shared_mechanisms_apms_20260826/passes/pass_001/artifacts/fulltext_import/PMC_XML/normalized/PMC6026752.json,medium
pmid-29712754,29712754,PMC5991512,10.1101/gr.230250.117,Arrayed CRISPR screen with image-based assay reliably uncovers host genes required for coxsackievirus infection.,2018,selected_for_reading,"Full text centers a primary virus and provides assay-supported host interaction, host factor, or pathway mechanism evidence.",fulltext_review,readable,pmc_xml,/Users/xingmeng/.openclaw/workspaces/staff-scientist-ideker/agenticWorkflow_LiteratureScreeningAndFullTextReview/runs/host_pathogen_shared_mechanisms_apms_20260826/passes/pass_001/artifacts/fulltext_import/PMC_XML/normalized/PMC5991512.json,high
pmid-29694346,29694346,PMC5937796,10.1371/journal.pntd.0006443,Aminopeptidase secreted by Chromobacterium sp. Panama inhibits dengue virus infection by degrading the E protein.,2018,selected_for_reading,"Full text centers a primary virus and provides assay-supported host interaction, host factor, or pathway mechanism evidence.",fulltext_review,readable,pmc_xml,/Users/xingmeng/.openclaw/workspaces/staff-scientist-ideker/agenticWorkflow_LiteratureScreeningAndFullTextReview/runs/host_pathogen_shared_mechanisms_apms_20260826/passes/pass_001/artifacts/fulltext_import/PMC_XML/normalized/PMC5937796.json,high
pmid-29682171,29682171,PMC5908272,10.18632/oncotarget.24742,A novel occludin-targeting monoclonal antibody prevents hepatitis C virus infection in vitro.,2018,selected_for_reading,Full text links a primary virus to a host factor or host pathway mechanism.,fulltext_review,readable,pmc_xml,/Users/xingmeng/.openclaw/workspaces/staff-scientist-ideker/agenticWorkflow_LiteratureScreeningAndFullTextReview/runs/host_pathogen_shared_mechanisms_apms_20260826/passes/pass_001/artifacts/fulltext_import/PMC_XML/normalized/PMC5908272.json,medium
pmid-29652486,29652486,PMC5937540,10.1021/acs.chemrev.7b00719,Biochemistry and Molecular Biology of Flaviviruses.,2018,selected_for_reading,"Full text contains useful host-pathogen assay or pathway evidence, but the primary-virus mechanism is less central than in direct papers.",fulltext_review,readable,pmc_xml,/Users/xingmeng/.openclaw/workspaces/staff-scientist-ideker/agenticWorkflow_LiteratureScreeningAndFullTextReview/runs/host_pathogen_shared_mechanisms_apms_20260826/passes/pass_001/artifacts/fulltext_import/PMC_XML/normalized/PMC5937540.json,medium
pmid-29642144,29642144,PMC5908620,10.1097/MD.0000000000010208,Lectin microarray and mass spectrometric analysis of hepatitis C proteins reveals N-linked glycosylation.,2018,selected_for_reading,"Full text contains useful host-pathogen assay or pathway evidence, but the primary-virus mechanism is less central than in direct papers.",fulltext_review,readable,pmc_xml,/Users/xingmeng/.openclaw/workspaces/staff-scientist-ideker/agenticWorkflow_LiteratureScreeningAndFullTextReview/runs/host_pathogen_shared_mechanisms_apms_20260826/passes/pass_001/artifacts/fulltext_import/PMC_XML/normalized/PMC5908620.json,medium
pmid-29641562,29641562,PMC5912784,10.1371/journal.pntd.0006405,Suppression of the pelo protein by Wolbachia and its effect on dengue virus in Aedes aegypti.,2018,selected_for_reading,Full text links a primary virus to a host factor or host pathway mechanism.,fulltext_review,readable,pmc_xml,/Users/xingmeng/.openclaw/workspaces/staff-scientist-ideker/agenticWorkflow_LiteratureScreeningAndFullTextReview/runs/host_pathogen_shared_mechanisms_apms_20260826/passes/pass_001/artifacts/fulltext_import/PMC_XML/normalized/PMC5912784.json,medium
pmid-29610341,29610341,PMC5910864,10.1073/pnas.1722333115,Multiple nuclear-replicating viruses require the stress-induced protein ZC3H11A for efficient growth.,2018,selected_for_reading,"Full text contains useful host-pathogen assay or pathway evidence, but the primary-virus mechanism is less central than in direct papers.",fulltext_review,readable,pmc_xml,/Users/xingmeng/.openclaw/workspaces/staff-scientist-ideker/agenticWorkflow_LiteratureScreeningAndFullTextReview/runs/host_pathogen_shared_mechanisms_apms_20260826/passes/pass_001/artifacts/fulltext_import/PMC_XML/normalized/PMC5910864.json,medium
pmid-29608613,29608613,PMC5880398,10.1371/journal.pone.0195148,Proteomic fingerprinting in HIV/HCV co-infection reveals serum biomarkers for the diagnosis of fibrosis staging.,2018,selected_for_reading,"Full text centers a primary virus and provides assay-supported host interaction, host factor, or pathway mechanism evidence.",fulltext_review,readable,pmc_xml,/Users/xingmeng/.openclaw/workspaces/staff-scientist-ideker/agenticWorkflow_LiteratureScreeningAndFullTextReview/runs/host_pathogen_shared_mechanisms_apms_20260826/passes/pass_001/artifacts/fulltext_import/PMC_XML/normalized/PMC5880398.json,high
pmid-29584632,29584632,PMC5923443,10.3390/v10040149,Inhibition of Zika Virus Replication by Silvestrol.,2018,selected_for_reading,"Full text contains useful host-pathogen assay or pathway evidence, but the primary-virus mechanism is less central than in direct papers.",fulltext_review,readable,pmc_xml,/Users/xingmeng/.openclaw/workspaces/staff-scientist-ideker/agenticWorkflow_LiteratureScreeningAndFullTextReview/runs/host_pathogen_shared_mechanisms_apms_20260826/passes/pass_001/artifacts/fulltext_import/PMC_XML/normalized/PMC5923443.json,medium
pmid-29572260,29572260,PMC5959249,10.1261/rna.064006.117,Identification and characterization of host proteins bound to dengue virus 3' UTR reveal an antiviral role for quaking proteins.,2018,selected_for_reading,"Full text centers a primary virus and provides assay-supported host interaction, host factor, or pathway mechanism evidence.",fulltext_review,readable,pmc_xml,/Users/xingmeng/.openclaw/workspaces/staff-scientist-ideker/agenticWorkflow_LiteratureScreeningAndFullTextReview/runs/host_pathogen_shared_mechanisms_apms_20260826/passes/pass_001/artifacts/fulltext_import/PMC_XML/normalized/PMC5959249.json,high
pmid-29554922,29554922,PMC5859395,10.1186/s12977-018-0409-2,A CRISPR screen for factors regulating SAMHD1 degradation identifies IFITMs as potent inhibitors of lentiviral particle delivery.,2018,selected_for_reading,"Full text contains useful host-pathogen assay or pathway evidence, but the primary-virus mechanism is less central than in direct papers.",fulltext_review,readable,pmc_xml,/Users/xingmeng/.openclaw/workspaces/staff-scientist-ideker/agenticWorkflow_LiteratureScreeningAndFullTextReview/runs/host_pathogen_shared_mechanisms_apms_20260826/passes/pass_001/artifacts/fulltext_import/PMC_XML/normalized/PMC5859395.json,medium
pmid-29538454,29538454,PMC5882150,10.1371/journal.ppat.1006916,"Infection with hepatitis C virus depends on TACSTD2, a regulator of claudin-1 and occludin highly downregulated in hepatocellular carcinoma.",2018,selected_for_reading,"Full text centers a primary virus and provides assay-supported host interaction, host factor, or pathway mechanism evidence.",fulltext_review,readable,pmc_xml,/Users/xingmeng/.openclaw/workspaces/staff-scientist-ideker/agenticWorkflow_LiteratureScreeningAndFullTextReview/runs/host_pathogen_shared_mechanisms_apms_20260826/passes/pass_001/artifacts/fulltext_import/PMC_XML/normalized/PMC5882150.json,high
pmid-29535204,29535204,PMC5850324,10.1128/mBio.02233-17,Interactions between the Hepatitis C Virus Nonstructural 2 Protein and Host Adaptor Proteins 1 and 4 Orchestrate Virus Release.,2018,selected_for_reading,"Full text centers a primary virus and provides assay-supported host interaction, host factor, or pathway mechanism evidence.",fulltext_review,readable,pmc_xml,/Users/xingmeng/.openclaw/workspaces/staff-scientist-ideker/agenticWorkflow_LiteratureScreeningAndFullTextReview/runs/host_pathogen_shared_mechanisms_apms_20260826/passes/pass_001/artifacts/fulltext_import/PMC_XML/normalized/PMC5850324.json,high
pmid-29499066,29499066,PMC5851652,10.1371/journal.ppat.1006937,The interferon-stimulated gene product oligoadenylate synthetase-like protein enhances replication of Kaposi's sarcoma-associated herpesvirus (KSHV) and interacts with the KSHV ORF20 protein.,2018,selected_for_reading,"Full text centers a primary virus and provides assay-supported host interaction, host factor, or pathway mechanism evidence.",fulltext_review,readable,pmc_xml,/Users/xingmeng/.openclaw/workspaces/staff-scientist-ideker/agenticWorkflow_LiteratureScreeningAndFullTextReview/runs/host_pathogen_shared_mechanisms_apms_20260826/passes/pass_001/artifacts/fulltext_import/PMC_XML/normalized/PMC5851652.json,high
pmid-29470500,29470500,PMC5823458,10.1371/journal.pone.0193133,Glutathionylation of dengue and Zika NS5 proteins affects guanylyltransferase and RNA dependent RNA polymerase activities.,2018,selected_for_reading,"Full text centers a primary virus and provides assay-supported host interaction, host factor, or pathway mechanism evidence.",fulltext_review,readable,pmc_xml,/Users/xingmeng/.openclaw/workspaces/staff-scientist-ideker/agenticWorkflow_LiteratureScreeningAndFullTextReview/runs/host_pathogen_shared_mechanisms_apms_20260826/passes/pass_001/artifacts/fulltext_import/PMC_XML/normalized/PMC5823458.json,high
pmid-29454367,29454367,PMC5816530,10.1186/s12985-018-0941-7,Reassessment of the capacity of the HIV-1 Env cytoplasmic domain to trigger NF-κB activation.,2018,selected_for_reading,Full text links a primary virus to a host factor or host pathway mechanism.,fulltext_review,readable,pmc_xml,/Users/xingmeng/.openclaw/workspaces/staff-scientist-ideker/agenticWorkflow_LiteratureScreeningAndFullTextReview/runs/host_pathogen_shared_mechanisms_apms_20260826/passes/pass_001/artifacts/fulltext_import/PMC_XML/normalized/PMC5816530.json,medium
pmid-29453458,29453458,PMC5816632,10.1038/s41598-018-21344-7,IL-2 Inducible Kinase ITK is Critical for HIV-1 Infection of Jurkat T-cells.,2018,selected_for_reading,Full text links a primary virus to a host factor or host pathway mechanism.,fulltext_review,readable,pmc_xml,/Users/xingmeng/.openclaw/workspaces/staff-scientist-ideker/agenticWorkflow_LiteratureScreeningAndFullTextReview/runs/host_pathogen_shared_mechanisms_apms_20260826/passes/pass_001/artifacts/fulltext_import/PMC_XML/normalized/PMC5816632.json,medium
pmid-29451494,29451494,PMC5826272,10.7554/eLife.32942,Single-cell transcriptional dynamics of flavivirus infection.,2018,selected_for_reading,"Full text has plausible host pathway or host-factor mechanism context for a primary virus, but evidence is not strongly assay-centered.",fulltext_review,readable,pmc_xml,/Users/xingmeng/.openclaw/workspaces/staff-scientist-ideker/agenticWorkflow_LiteratureScreeningAndFullTextReview/runs/host_pathogen_shared_mechanisms_apms_20260826/passes/pass_001/artifacts/fulltext_import/PMC_XML/normalized/PMC5826272.json,low
pmid-29447265,29447265,PMC5814098,10.1371/journal.ppat.1006853,Dynamic remodeling of lipids coincides with dengue virus replication in the midgut of Aedes aegypti mosquitoes.,2018,selected_for_reading,"Full text centers a primary virus and provides assay-supported host interaction, host factor, or pathway mechanism evidence.",fulltext_review,readable,pmc_xml,/Users/xingmeng/.openclaw/workspaces/staff-scientist-ideker/agenticWorkflow_LiteratureScreeningAndFullTextReview/runs/host_pathogen_shared_mechanisms_apms_20260826/passes/pass_001/artifacts/fulltext_import/PMC_XML/normalized/PMC5814098.json,high
pmid-29437971,29437971,PMC5874412,10.1128/JVI.02211-17,N-Terminomics TAILS Identifies Host Cell Substrates of Poliovirus and Coxsackievirus B3 3C Proteinases That Modulate Virus Infection.,2018,selected_for_reading,"Full text centers a primary virus and provides assay-supported host interaction, host factor, or pathway mechanism evidence.",fulltext_review,readable,pmc_xml,/Users/xingmeng/.openclaw/workspaces/staff-scientist-ideker/agenticWorkflow_LiteratureScreeningAndFullTextReview/runs/host_pathogen_shared_mechanisms_apms_20260826/passes/pass_001/artifacts/fulltext_import/PMC_XML/normalized/PMC5874412.json,high
pmid-29432452,29432452,PMC5825162,10.1371/journal.ppat.1006912,A conserved Eph family receptor-binding motif on the gH/gL complex of Kaposi's sarcoma-associated herpesvirus and rhesus monkey rhadinovirus.,2018,selected_for_reading,"Full text centers a primary virus and provides assay-supported host interaction, host factor, or pathway mechanism evidence.",fulltext_review,readable,pmc_xml,/Users/xingmeng/.openclaw/workspaces/staff-scientist-ideker/agenticWorkflow_LiteratureScreeningAndFullTextReview/runs/host_pathogen_shared_mechanisms_apms_20260826/passes/pass_001/artifacts/fulltext_import/PMC_XML/normalized/PMC5825162.json,high
pmid-29425767,29425767,PMC5836514,10.1016/j.virol.2018.01.025,Proteomic profiling of HIV-infected T-cells by SWATH mass spectrometry.,2018,selected_for_reading,"Full text centers a primary virus and provides assay-supported host interaction, host factor, or pathway mechanism evidence.",fulltext_review,readable,pmc_xml,/Users/xingmeng/.openclaw/workspaces/staff-scientist-ideker/agenticWorkflow_LiteratureScreeningAndFullTextReview/runs/host_pathogen_shared_mechanisms_apms_20260826/passes/pass_001/artifacts/fulltext_import/PMC_XML/normalized/PMC5836514.json,high
pmid-29425228,29425228,PMC5806893,10.1371/journal.pone.0192659,KSHV oral shedding and plasma viremia result in significant changes in the extracellular tumorigenic miRNA expression profile in individuals infected with the malaria parasite.,2018,selected_for_reading,"Full text centers a primary virus and provides assay-supported host interaction, host factor, or pathway mechanism evidence.",fulltext_review,readable,pmc_xml,/Users/xingmeng/.openclaw/workspaces/staff-scientist-ideker/agenticWorkflow_LiteratureScreeningAndFullTextReview/runs/host_pathogen_shared_mechanisms_apms_20260826/passes/pass_001/artifacts/fulltext_import/PMC_XML/normalized/PMC5806893.json,high
pmid-29380205,29380205,PMC6208484,10.1007/s13238-018-0507-x,RNA binding protein 24 regulates the translation and replication of hepatitis C virus.,2018,selected_for_reading,Full text links a primary virus to a host factor or host pathway mechanism.,fulltext_review,readable,pmc_xml,/Users/xingmeng/.openclaw/workspaces/staff-scientist-ideker/agenticWorkflow_LiteratureScreeningAndFullTextReview/runs/host_pathogen_shared_mechanisms_apms_20260826/passes/pass_001/artifacts/fulltext_import/PMC_XML/normalized/PMC6208484.json,medium
pmid-29373715,29373715,PMC6009648,10.1093/nar/gky029,Positive-sense RNA viruses reveal the complexity and dynamics of the cellular and viral epitranscriptomes during infection.,2018,selected_for_reading,"Full text contains useful host-pathogen assay or pathway evidence, but the primary-virus mechanism is less central than in direct papers.",fulltext_review,readable,pmc_xml,/Users/xingmeng/.openclaw/workspaces/staff-scientist-ideker/agenticWorkflow_LiteratureScreeningAndFullTextReview/runs/host_pathogen_shared_mechanisms_apms_20260826/passes/pass_001/artifacts/fulltext_import/PMC_XML/normalized/PMC6009648.json,medium
pmid-29370305,29370305,PMC5800646,10.1371/journal.ppat.1006812,Alterations of HIV-1 envelope phenotype and antibody-mediated neutralization by signal peptide mutations.,2018,selected_for_reading,"Full text centers a primary virus and provides assay-supported host interaction, host factor, or pathway mechanism evidence.",fulltext_review,readable,pmc_xml,/Users/xingmeng/.openclaw/workspaces/staff-scientist-ideker/agenticWorkflow_LiteratureScreeningAndFullTextReview/runs/host_pathogen_shared_mechanisms_apms_20260826/passes/pass_001/artifacts/fulltext_import/PMC_XML/normalized/PMC5800646.json,high
pmid-29346774,29346774,PMC5792083,10.1016/j.celrep.2017.12.085,Mannose Receptor 1 Restricts HIV Particle Release from Infected Macrophages.,2018,selected_for_reading,"Full text centers a primary virus and provides assay-supported host interaction, host factor, or pathway mechanism evidence.",fulltext_review,readable,pmc_xml,/Users/xingmeng/.openclaw/workspaces/staff-scientist-ideker/agenticWorkflow_LiteratureScreeningAndFullTextReview/runs/host_pathogen_shared_mechanisms_apms_20260826/passes/pass_001/artifacts/fulltext_import/PMC_XML/normalized/PMC5792083.json,high
pmid-29339432,29339432,PMC5770555,10.1128/mBio.02217-17,Deregulation of HDAC5 by Viral Interferon Regulatory Factor 3 Plays an Essential Role in Kaposi's Sarcoma-Associated Herpesvirus-Induced Lymphangiogenesis.,2018,selected_for_reading,"Full text centers a primary virus and provides assay-supported host interaction, host factor, or pathway mechanism evidence.",fulltext_review,readable,pmc_xml,/Users/xingmeng/.openclaw/workspaces/staff-scientist-ideker/agenticWorkflow_LiteratureScreeningAndFullTextReview/runs/host_pathogen_shared_mechanisms_apms_20260826/passes/pass_001/artifacts/fulltext_import/PMC_XML/normalized/PMC5770555.json,high
pmid-29317151,29317151,PMC7172637,10.1016/j.bmc.2017.12.027,Structure-activity relationships of cryptopleurine analogs with E-ring modifications as anti-hepatitis C virus agents.,2018,selected_for_reading,"Full text centers a primary virus and provides assay-supported host interaction, host factor, or pathway mechanism evidence.",fulltext_review,readable,pmc_xml,/Users/xingmeng/.openclaw/workspaces/staff-scientist-ideker/agenticWorkflow_LiteratureScreeningAndFullTextReview/runs/host_pathogen_shared_mechanisms_apms_20260826/passes/pass_001/artifacts/fulltext_import/PMC_XML/normalized/PMC7172637.json,high
pmid-29294313,29294313,PMC5811335,10.1016/j.virusres.2017.12.013,K48-linked polyubiquitination of dengue virus NS1 protein inhibits its interaction with the viral partner NS4B.,2018,selected_for_reading,"Full text centers a primary virus and provides assay-supported host interaction, host factor, or pathway mechanism evidence.",fulltext_review,readable,pmc_xml,/Users/xingmeng/.openclaw/workspaces/staff-scientist-ideker/agenticWorkflow_LiteratureScreeningAndFullTextReview/runs/host_pathogen_shared_mechanisms_apms_20260826/passes/pass_001/artifacts/fulltext_import/PMC_XML/normalized/PMC5811335.json,high
pmid-29290613,29290613,PMC5991973,10.1016/j.molcel.2017.12.010,The Antiviral and Cancer Genomic DNA Deaminase APOBEC3H Is Regulated by an RNA-Mediated Dimerization Mechanism.,2018,selected_for_reading,"Full text contains useful host-pathogen assay or pathway evidence, but the primary-virus mechanism is less central than in direct papers.",fulltext_review,readable,pmc_xml,/Users/xingmeng/.openclaw/workspaces/staff-scientist-ideker/agenticWorkflow_LiteratureScreeningAndFullTextReview/runs/host_pathogen_shared_mechanisms_apms_20260826/passes/pass_001/artifacts/fulltext_import/PMC_XML/normalized/PMC5991973.json,medium
pmid-29259080,29259080,PMC6200327,10.1042/BCJ20170427,Identification of a second binding site on the TRIM25 B30.2 domain.,2018,selected_for_reading,"Full text contains useful host-pathogen assay or pathway evidence, but the primary-virus mechanism is less central than in direct papers.",fulltext_review,readable,pmc_xml,/Users/xingmeng/.openclaw/workspaces/staff-scientist-ideker/agenticWorkflow_LiteratureScreeningAndFullTextReview/runs/host_pathogen_shared_mechanisms_apms_20260826/passes/pass_001/artifacts/fulltext_import/PMC_XML/normalized/PMC6200327.json,medium
pmid-29206656,29206656,PMC5808998,10.1097/COH.0000000000000438,HIV integration sites and implications for maintenance of the reservoir.,2018,selected_for_reading,Full text links a primary virus to a host factor or host pathway mechanism.,fulltext_review,readable,pmc_xml,/Users/xingmeng/.openclaw/workspaces/staff-scientist-ideker/agenticWorkflow_LiteratureScreeningAndFullTextReview/runs/host_pathogen_shared_mechanisms_apms_20260826/passes/pass_001/artifacts/fulltext_import/PMC_XML/normalized/PMC5808998.json,medium
pmid-29139348,29139348,PMC5882090,10.1099/jgv.0.000975,Regulation of hepatitis C virus replication via threonine phosphorylation of the NS5A protein.,2018,selected_for_reading,"Full text centers a primary virus and provides assay-supported host interaction, host factor, or pathway mechanism evidence.",fulltext_review,readable,pmc_xml,/Users/xingmeng/.openclaw/workspaces/staff-scientist-ideker/agenticWorkflow_LiteratureScreeningAndFullTextReview/runs/host_pathogen_shared_mechanisms_apms_20260826/passes/pass_001/artifacts/fulltext_import/PMC_XML/normalized/PMC5882090.json,high
pmid-29136179,29136179,PMC5778468,10.1093/nar/gkx1050,Fluorescently-tagged human eIF3 for single-molecule spectroscopy.,2018,selected_for_reading,"Full text contains useful host-pathogen assay or pathway evidence, but the primary-virus mechanism is less central than in direct papers.",fulltext_review,readable,pmc_xml,/Users/xingmeng/.openclaw/workspaces/staff-scientist-ideker/agenticWorkflow_LiteratureScreeningAndFullTextReview/runs/host_pathogen_shared_mechanisms_apms_20260826/passes/pass_001/artifacts/fulltext_import/PMC_XML/normalized/PMC5778468.json,medium
pmid-32263854,32263854,PMC7613424,10.1039/c6tb01718e,Composite vector formulation for multiple siRNA delivery as a host targeting antiviral in a cell culture model of hepatitis C virus (HCV) infection.,2017,selected_for_reading,Full text links a primary virus to a host factor or host pathway mechanism.,fulltext_review,readable,pmc_xml,/Users/xingmeng/.openclaw/workspaces/staff-scientist-ideker/agenticWorkflow_LiteratureScreeningAndFullTextReview/runs/host_pathogen_shared_mechanisms_apms_20260826/passes/pass_001/artifacts/fulltext_import/PMC_XML/normalized/PMC7613424.json,medium
pmid-30480234,30480234,PMC6159731,10.3233/ADR-170017,"Genetic, Transcriptome, Proteomic, and Epidemiological Evidence for Blood-Brain Barrier Disruption and Polymicrobial Brain Invasion as Determinant Factors in Alzheimer's Disease.",2017,selected_for_reading,"Full text contains useful host-pathogen assay or pathway evidence, but the primary-virus mechanism is less central than in direct papers.",fulltext_review,readable,pmc_xml,/Users/xingmeng/.openclaw/workspaces/staff-scientist-ideker/agenticWorkflow_LiteratureScreeningAndFullTextReview/runs/host_pathogen_shared_mechanisms_apms_20260826/passes/pass_001/artifacts/fulltext_import/PMC_XML/normalized/PMC6159731.json,medium
pmid-29404040,29404040,PMC5790698,10.1016/j.jpha.2017.04.003,Potential of RP-UHPLC-DAD-MS for the qualitative and quantitative analysis of sofosbuvir in film coated tablets and profiling degradants.,2017,selected_for_reading,"Full text contains useful host-pathogen assay or pathway evidence, but the primary-virus mechanism is less central than in direct papers.",fulltext_review,readable,pmc_xml,/Users/xingmeng/.openclaw/workspaces/staff-scientist-ideker/agenticWorkflow_LiteratureScreeningAndFullTextReview/runs/host_pathogen_shared_mechanisms_apms_20260826/passes/pass_001/artifacts/fulltext_import/PMC_XML/normalized/PMC5790698.json,medium
pmid-29359168,29359168,PMC5735641,10.1155/2017/1548905,SERINC as a Restriction Factor to Inhibit Viral Infectivity and the Interaction with HIV.,2017,selected_for_reading,"Full text centers a primary virus and provides assay-supported host interaction, host factor, or pathway mechanism evidence.",fulltext_review,readable,pmc_xml,/Users/xingmeng/.openclaw/workspaces/staff-scientist-ideker/agenticWorkflow_LiteratureScreeningAndFullTextReview/runs/host_pathogen_shared_mechanisms_apms_20260826/passes/pass_001/artifacts/fulltext_import/PMC_XML/normalized/PMC5735641.json,high
pmid-29354102,29354102,PMC5758585,10.3389/fmicb.2017.02595,Ultrastructural Localization and Molecular Associations of HCV Capsid Protein in Jurkat T Cells.,2017,selected_for_reading,"Full text centers a primary virus and provides assay-supported host interaction, host factor, or pathway mechanism evidence.",fulltext_review,readable,pmc_xml,/Users/xingmeng/.openclaw/workspaces/staff-scientist-ideker/agenticWorkflow_LiteratureScreeningAndFullTextReview/runs/host_pathogen_shared_mechanisms_apms_20260826/passes/pass_001/artifacts/fulltext_import/PMC_XML/normalized/PMC5758585.json,high
pmid-29264452,29264452,PMC5686651,10.1210/js.2017-00278,Coxsackievirus-Induced Proteomic Alterations in Primary Human Islets Provide Insights for the Etiology of Diabetes.,2017,selected_for_reading,"Full text centers a primary virus and provides assay-supported host interaction, host factor, or pathway mechanism evidence.",fulltext_review,readable,pmc_xml,/Users/xingmeng/.openclaw/workspaces/staff-scientist-ideker/agenticWorkflow_LiteratureScreeningAndFullTextReview/runs/host_pathogen_shared_mechanisms_apms_20260826/passes/pass_001/artifacts/fulltext_import/PMC_XML/normalized/PMC5686651.json,high
pmid-29261661,29261661,PMC5752042,10.1371/journal.pntd.0006152,Individual co-variation between viral RNA load and gene expression reveals novel host factors during early dengue virus infection of the Aedes aegypti midgut.,2017,selected_for_reading,"Full text centers a primary virus and provides assay-supported host interaction, host factor, or pathway mechanism evidence.",fulltext_review,readable,pmc_xml,/Users/xingmeng/.openclaw/workspaces/staff-scientist-ideker/agenticWorkflow_LiteratureScreeningAndFullTextReview/runs/host_pathogen_shared_mechanisms_apms_20260826/passes/pass_001/artifacts/fulltext_import/PMC_XML/normalized/PMC5752042.json,high
pmid-29245944,29245944,PMC5725135,10.18632/oncotarget.21668,Extracellular vesicles from KSHV-infected endothelial cells activate the complement system.,2017,selected_for_reading,"Full text centers a primary virus and provides assay-supported host interaction, host factor, or pathway mechanism evidence.",fulltext_review,readable,pmc_xml,/Users/xingmeng/.openclaw/workspaces/staff-scientist-ideker/agenticWorkflow_LiteratureScreeningAndFullTextReview/runs/host_pathogen_shared_mechanisms_apms_20260826/passes/pass_001/artifacts/fulltext_import/PMC_XML/normalized/PMC5725135.json,high
pmid-29221196,29221196,PMC5707090,10.18632/oncotarget.21821,Identification of cellular genes and pathways important for tumorigenicity of hepatocellular carcinoma cell lines by proteomic profiling.,2017,selected_for_reading,"Full text contains useful host-pathogen assay or pathway evidence, but the primary-virus mechanism is less central than in direct papers.",fulltext_review,readable,pmc_xml,/Users/xingmeng/.openclaw/workspaces/staff-scientist-ideker/agenticWorkflow_LiteratureScreeningAndFullTextReview/runs/host_pathogen_shared_mechanisms_apms_20260826/passes/pass_001/artifacts/fulltext_import/PMC_XML/normalized/PMC5707090.json,medium
pmid-29208937,29208937,PMC5717263,10.1038/s41598-017-16793-5,Elucidating the in vivo interactome of HIV-1 RNA by hybridization capture and mass spectrometry.,2017,selected_for_reading,"Full text centers a primary virus and provides assay-supported host interaction, host factor, or pathway mechanism evidence.",fulltext_review,readable,pmc_xml,/Users/xingmeng/.openclaw/workspaces/staff-scientist-ideker/agenticWorkflow_LiteratureScreeningAndFullTextReview/runs/host_pathogen_shared_mechanisms_apms_20260826/passes/pass_001/artifacts/fulltext_import/PMC_XML/normalized/PMC5717263.json,high
pmid-29129698,29129698,PMC5832641,10.1016/j.ebiom.2017.11.001,Evaluation of Different Parameters of Humoral and Cellular Immune Responses in HIV Serodiscordant Heterosexual Couples: Humoral Response Potentially Implicated in Modulating Transmission Rates.,2017,selected_for_reading,Full text links a primary virus to a host factor or host pathway mechanism.,fulltext_review,readable,pmc_xml,/Users/xingmeng/.openclaw/workspaces/staff-scientist-ideker/agenticWorkflow_LiteratureScreeningAndFullTextReview/runs/host_pathogen_shared_mechanisms_apms_20260826/passes/pass_001/artifacts/fulltext_import/PMC_XML/normalized/PMC5832641.json,medium
pmid-29109710,29109710,PMC5660061,10.3389/fmicb.2017.02050,Aedes aegypti Molecular Responses to Zika Virus: Modulation of Infection by the Toll and Jak/Stat Immune Pathways and Virus Host Factors.,2017,selected_for_reading,"Full text contains useful host-pathogen assay or pathway evidence, but the primary-virus mechanism is less central than in direct papers.",fulltext_review,readable,pmc_xml,/Users/xingmeng/.openclaw/workspaces/staff-scientist-ideker/agenticWorkflow_LiteratureScreeningAndFullTextReview/runs/host_pathogen_shared_mechanisms_apms_20260826/passes/pass_001/artifacts/fulltext_import/PMC_XML/normalized/PMC5660061.json,medium
pmid-29045829,29045829,PMC5656745,10.1016/j.celrep.2017.09.068,Escaping Host Factor PI4KB Inhibition: Enterovirus Genomic RNA Replication in the Absence of Replication Organelles.,2017,selected_for_reading,"Full text has plausible host pathway or host-factor mechanism context for a primary virus, but evidence is not strongly assay-centered.",fulltext_review,readable,pmc_xml,/Users/xingmeng/.openclaw/workspaces/staff-scientist-ideker/agenticWorkflow_LiteratureScreeningAndFullTextReview/runs/host_pathogen_shared_mechanisms_apms_20260826/passes/pass_001/artifacts/fulltext_import/PMC_XML/normalized/PMC5656745.json,low
pmid-29045406,29045406,PMC5662241,10.1371/journal.pntd.0005981,MicroRNA profiling of human primary macrophages exposed to dengue virus identifies miRNA-3614-5p as antiviral and regulator of ADAR1 expression.,2017,selected_for_reading,"Full text centers a primary virus and provides assay-supported host interaction, host factor, or pathway mechanism evidence.",fulltext_review,readable,pmc_xml,/Users/xingmeng/.openclaw/workspaces/staff-scientist-ideker/agenticWorkflow_LiteratureScreeningAndFullTextReview/runs/host_pathogen_shared_mechanisms_apms_20260826/passes/pass_001/artifacts/fulltext_import/PMC_XML/normalized/PMC5662241.json,high
pmid-29040738,29040738,PMC5716087,10.1093/nar/gkx931,NF90-NF45 is a selective RNA chaperone that rearranges viral and cellular riboswitches: biochemical analysis of a virus host factor activity.,2017,selected_for_reading,"Full text has plausible host pathway or host-factor mechanism context for a primary virus, but evidence is not strongly assay-centered.",fulltext_review,readable,pmc_xml,/Users/xingmeng/.openclaw/workspaces/staff-scientist-ideker/agenticWorkflow_LiteratureScreeningAndFullTextReview/runs/host_pathogen_shared_mechanisms_apms_20260826/passes/pass_001/artifacts/fulltext_import/PMC_XML/normalized/PMC5716087.json,low
pmid-29040325,29040325,PMC5667893,10.1371/journal.ppat.1006686,TRIM5α SPRY/coiled-coil interactions optimize avid retroviral capsid recognition.,2017,selected_for_reading,"Full text has plausible host pathway or host-factor mechanism context for a primary virus, but evidence is not strongly assay-centered.",fulltext_review,readable,pmc_xml,/Users/xingmeng/.openclaw/workspaces/staff-scientist-ideker/agenticWorkflow_LiteratureScreeningAndFullTextReview/runs/host_pathogen_shared_mechanisms_apms_20260826/passes/pass_001/artifacts/fulltext_import/PMC_XML/normalized/PMC5667893.json,low
pmid-29021215,29021215,PMC5666080,10.1098/rsob.170115,Dual role of the chromatin-binding factor PHF13 in the pre- and post-integration phases of HIV-1 replication.,2017,selected_for_reading,"Full text centers a primary virus and provides assay-supported host interaction, host factor, or pathway mechanism evidence.",fulltext_review,readable,pmc_xml,/Users/xingmeng/.openclaw/workspaces/staff-scientist-ideker/agenticWorkflow_LiteratureScreeningAndFullTextReview/runs/host_pathogen_shared_mechanisms_apms_20260826/passes/pass_001/artifacts/fulltext_import/PMC_XML/normalized/PMC5666080.json,high
pmid-28973998,28973998,PMC5691636,10.3390/v9100285,Protein Inhibitor of Activated STAT2 Restricts HCV Replication by Modulating Viral Proteins Degradation.,2017,selected_for_reading,Full text links a primary virus to a host factor or host pathway mechanism.,fulltext_review,readable,pmc_xml,/Users/xingmeng/.openclaw/workspaces/staff-scientist-ideker/agenticWorkflow_LiteratureScreeningAndFullTextReview/runs/host_pathogen_shared_mechanisms_apms_20260826/passes/pass_001/artifacts/fulltext_import/PMC_XML/normalized/PMC5691636.json,medium
pmid-28959263,28959263,PMC5603615,10.3389/fimmu.2017.01139,Deciphering of the Human Interferon-Regulated Proteome by Mass Spectrometry-Based Quantitative Analysis Reveals Extent and Dynamics of Protein Induction and Repression.,2017,selected_for_reading,"Full text contains useful host-pathogen assay or pathway evidence, but the primary-virus mechanism is less central than in direct papers.",fulltext_review,readable,pmc_xml,/Users/xingmeng/.openclaw/workspaces/staff-scientist-ideker/agenticWorkflow_LiteratureScreeningAndFullTextReview/runs/host_pathogen_shared_mechanisms_apms_20260826/passes/pass_001/artifacts/fulltext_import/PMC_XML/normalized/PMC5603615.json,medium
pmid-28957419,28957419,PMC5619827,10.1371/journal.ppat.1006610,Interference with the production of infectious viral particles and bimodal inhibition of replication are broadly conserved antiviral properties of IFITMs.,2017,selected_for_reading,"Full text has plausible host pathway or host-factor mechanism context for a primary virus, but evidence is not strongly assay-centered.",fulltext_review,readable,pmc_xml,/Users/xingmeng/.openclaw/workspaces/staff-scientist-ideker/agenticWorkflow_LiteratureScreeningAndFullTextReview/runs/host_pathogen_shared_mechanisms_apms_20260826/passes/pass_001/artifacts/fulltext_import/PMC_XML/normalized/PMC5619827.json,low
pmid-28904344,28904344,PMC5597582,10.1038/s41467-017-00610-8,Perturbed cholesterol and vesicular trafficking associated with dengue blocking in Wolbachia-infected Aedes aegypti cells.,2017,selected_for_reading,"Full text centers a primary virus and provides assay-supported host interaction, host factor, or pathway mechanism evidence.",fulltext_review,readable,pmc_xml,/Users/xingmeng/.openclaw/workspaces/staff-scientist-ideker/agenticWorkflow_LiteratureScreeningAndFullTextReview/runs/host_pathogen_shared_mechanisms_apms_20260826/passes/pass_001/artifacts/fulltext_import/PMC_XML/normalized/PMC5597582.json,high
pmid-28900156,28900156,PMC5595887,10.1038/s41598-017-11105-3,Dual Roles of Two Isoforms of Autophagy-related Gene ATG10 in HCV-Subgenomic replicon Mediated Autophagy Flux and Innate Immunity.,2017,selected_for_reading,Full text links a primary virus to a host factor or host pathway mechanism.,fulltext_review,readable,pmc_xml,/Users/xingmeng/.openclaw/workspaces/staff-scientist-ideker/agenticWorkflow_LiteratureScreeningAndFullTextReview/runs/host_pathogen_shared_mechanisms_apms_20260826/passes/pass_001/artifacts/fulltext_import/PMC_XML/normalized/PMC5595887.json,medium
pmid-28821226,28821226,PMC5563009,10.1186/s12864-017-3985-y,Comprehensive proteome profiling in Aedes albopictus to decipher Wolbachia-arbovirus interference phenomenon.,2017,selected_for_reading,"Full text contains useful host-pathogen assay or pathway evidence, but the primary-virus mechanism is less central than in direct papers.",fulltext_review,readable,pmc_xml,/Users/xingmeng/.openclaw/workspaces/staff-scientist-ideker/agenticWorkflow_LiteratureScreeningAndFullTextReview/runs/host_pathogen_shared_mechanisms_apms_20260826/passes/pass_001/artifacts/fulltext_import/PMC_XML/normalized/PMC5563009.json,medium
pmid-28785172,28785172,PMC5545036,10.1186/s12953-017-0126-0,Iron overload down-regulates the expression of the HIV-1 Rev cofactor eIF5A in infected T lymphocytes.,2017,selected_for_reading,"Full text centers a primary virus and provides assay-supported host interaction, host factor, or pathway mechanism evidence.",fulltext_review,readable,pmc_xml,/Users/xingmeng/.openclaw/workspaces/staff-scientist-ideker/agenticWorkflow_LiteratureScreeningAndFullTextReview/runs/host_pathogen_shared_mechanisms_apms_20260826/passes/pass_001/artifacts/fulltext_import/PMC_XML/normalized/PMC5545036.json,high
pmid-28765218,28765218,PMC5539423,10.1128/mBio.00741-17,"Dengue Virus-Infected Dendritic Cells, but Not Monocytes, Activate Natural Killer Cells through a Contact-Dependent Mechanism Involving Adhesion Molecules.",2017,selected_for_reading,Full text links a primary virus to a host factor or host pathway mechanism.,fulltext_review,readable,pmc_xml,/Users/xingmeng/.openclaw/workspaces/staff-scientist-ideker/agenticWorkflow_LiteratureScreeningAndFullTextReview/runs/host_pathogen_shared_mechanisms_apms_20260826/passes/pass_001/artifacts/fulltext_import/PMC_XML/normalized/PMC5539423.json,medium
pmid-28754126,28754126,PMC5534098,10.1186/s12977-017-0363-4,Modulation of chromatin structure by the FACT histone chaperone complex regulates HIV-1 integration.,2017,selected_for_reading,"Full text centers a primary virus and provides assay-supported host interaction, host factor, or pathway mechanism evidence.",fulltext_review,readable,pmc_xml,/Users/xingmeng/.openclaw/workspaces/staff-scientist-ideker/agenticWorkflow_LiteratureScreeningAndFullTextReview/runs/host_pathogen_shared_mechanisms_apms_20260826/passes/pass_001/artifacts/fulltext_import/PMC_XML/normalized/PMC5534098.json,high
pmid-28748061,28748061,PMC5510234,10.4081/jphia.2017.594,Host Molecular Factors and Viral Genotypes in the Mother-to-Child HIV-1 Transmission in Sub-Saharan Africa.,2017,selected_for_reading,"Full text centers a primary virus and provides assay-supported host interaction, host factor, or pathway mechanism evidence.",fulltext_review,readable,pmc_xml,/Users/xingmeng/.openclaw/workspaces/staff-scientist-ideker/agenticWorkflow_LiteratureScreeningAndFullTextReview/runs/host_pathogen_shared_mechanisms_apms_20260826/passes/pass_001/artifacts/fulltext_import/PMC_XML/normalized/PMC5510234.json,high
pmid-28724915,28724915,PMC5517448,10.1038/s41598-017-06254-4,Quinolinate Phosphoribosyltransferase is an Antiviral Host Factor Against Hepatitis C Virus Infection.,2017,selected_for_reading,"Full text centers a primary virus and provides assay-supported host interaction, host factor, or pathway mechanism evidence.",fulltext_review,readable,pmc_xml,/Users/xingmeng/.openclaw/workspaces/staff-scientist-ideker/agenticWorkflow_LiteratureScreeningAndFullTextReview/runs/host_pathogen_shared_mechanisms_apms_20260826/passes/pass_001/artifacts/fulltext_import/PMC_XML/normalized/PMC5517448.json,high
pmid-28720733,28720733,PMC5516256,10.1128/mBio.00939-17,Dengue Virus Hijacks a Noncanonical Oxidoreductase Function of a Cellular Oligosaccharyltransferase Complex.,2017,selected_for_reading,"Full text centers a primary virus and provides assay-supported host interaction, host factor, or pathway mechanism evidence.",fulltext_review,readable,pmc_xml,/Users/xingmeng/.openclaw/workspaces/staff-scientist-ideker/agenticWorkflow_LiteratureScreeningAndFullTextReview/runs/host_pathogen_shared_mechanisms_apms_20260826/passes/pass_001/artifacts/fulltext_import/PMC_XML/normalized/PMC5516256.json,high
pmid-28709434,28709434,PMC5512743,10.1186/s12934-017-0739-0,Integrating multi-omics analyses of Nonomuraea dietziae to reveal the role of soybean oil in [(4'-OH)MeLeu](4)-CsA overproduction.,2017,selected_for_reading,"Full text contains useful host-pathogen assay or pathway evidence, but the primary-virus mechanism is less central than in direct papers.",fulltext_review,readable,pmc_xml,/Users/xingmeng/.openclaw/workspaces/staff-scientist-ideker/agenticWorkflow_LiteratureScreeningAndFullTextReview/runs/host_pathogen_shared_mechanisms_apms_20260826/passes/pass_001/artifacts/fulltext_import/PMC_XML/normalized/PMC5512743.json,medium
pmid-28683086,28683086,PMC5500366,10.1371/journal.ppat.1006441,Phosphorylation of the HIV-1 capsid by MELK triggers uncoating to promote viral cDNA synthesis.,2017,selected_for_reading,"Full text centers a primary virus and provides assay-supported host interaction, host factor, or pathway mechanism evidence.",fulltext_review,readable,pmc_xml,/Users/xingmeng/.openclaw/workspaces/staff-scientist-ideker/agenticWorkflow_LiteratureScreeningAndFullTextReview/runs/host_pathogen_shared_mechanisms_apms_20260826/passes/pass_001/artifacts/fulltext_import/PMC_XML/normalized/PMC5500366.json,high
pmid-28674529,28674529,PMC5474468,10.3389/fmicb.2017.01129,Abl Tyrosine Kinase Regulates Hepatitis C Virus Entry.,2017,selected_for_reading,Full text links a primary virus to a host factor or host pathway mechanism.,fulltext_review,readable,pmc_xml,/Users/xingmeng/.openclaw/workspaces/staff-scientist-ideker/agenticWorkflow_LiteratureScreeningAndFullTextReview/runs/host_pathogen_shared_mechanisms_apms_20260826/passes/pass_001/artifacts/fulltext_import/PMC_XML/normalized/PMC5474468.json,medium
pmid-28667290,28667290,PMC5493679,10.1038/s41598-017-04259-7,Activation of hepatic stellate cells by the ubiquitin C-terminal hydrolase 1 protein secreted from hepatitis C virus-infected hepatocytes.,2017,selected_for_reading,Full text links a primary virus to a host factor or host pathway mechanism.,fulltext_review,readable,pmc_xml,/Users/xingmeng/.openclaw/workspaces/staff-scientist-ideker/agenticWorkflow_LiteratureScreeningAndFullTextReview/runs/host_pathogen_shared_mechanisms_apms_20260826/passes/pass_001/artifacts/fulltext_import/PMC_XML/normalized/PMC5493679.json,medium
pmid-28666407,28666407,PMC5493846,10.1186/s12864-017-3891-3,Small RNA fragments derived from multiple RNA classes - the missing element of multi-omics characteristics of the hepatitis C virus cell culture model.,2017,selected_for_reading,"Full text centers a primary virus and provides assay-supported host interaction, host factor, or pathway mechanism evidence.",fulltext_review,readable,pmc_xml,/Users/xingmeng/.openclaw/workspaces/staff-scientist-ideker/agenticWorkflow_LiteratureScreeningAndFullTextReview/runs/host_pathogen_shared_mechanisms_apms_20260826/passes/pass_001/artifacts/fulltext_import/PMC_XML/normalized/PMC5493846.json,high
pmid-28659481,28659481,PMC5571276,10.1128/JVI.00422-17,Hepatitis C Virus Strain-Dependent Usage of Apolipoprotein E Modulates Assembly Efficiency and Specific Infectivity of Secreted Virions.,2017,selected_for_reading,Full text links a primary virus to a host factor or host pathway mechanism.,fulltext_review,readable,pmc_xml,/Users/xingmeng/.openclaw/workspaces/staff-scientist-ideker/agenticWorkflow_LiteratureScreeningAndFullTextReview/runs/host_pathogen_shared_mechanisms_apms_20260826/passes/pass_001/artifacts/fulltext_import/PMC_XML/normalized/PMC5571276.json,medium
pmid-28656178,28656178,PMC5480037,10.1128/mSphereDirect.00233-17,Gene Knockout Shows That PML (TRIM19) Does Not Restrict the Early Stages of HIV-1 Infection in Human Cell Lines.,2017,selected_for_reading,Full text links a primary virus to a host factor or host pathway mechanism.,fulltext_review,readable,pmc_xml,/Users/xingmeng/.openclaw/workspaces/staff-scientist-ideker/agenticWorkflow_LiteratureScreeningAndFullTextReview/runs/host_pathogen_shared_mechanisms_apms_20260826/passes/pass_001/artifacts/fulltext_import/PMC_XML/normalized/PMC5480037.json,medium
pmid-28641539,28641539,PMC5731639,10.2174/1381612823666170622104355,Role of Host Factors on the Regulation of Tat-Mediated HIV-1 Transcription.,2017,selected_for_reading,"Full text centers a primary virus and provides assay-supported host interaction, host factor, or pathway mechanism evidence.",fulltext_review,readable,pmc_xml,/Users/xingmeng/.openclaw/workspaces/staff-scientist-ideker/agenticWorkflow_LiteratureScreeningAndFullTextReview/runs/host_pathogen_shared_mechanisms_apms_20260826/passes/pass_001/artifacts/fulltext_import/PMC_XML/normalized/PMC5731639.json,high
pmid-28636348,28636348,PMC6015499,10.1021/acs.jmedchem.7b00561,Development of an Aryloxazole Class of Hepatitis C Virus Inhibitors Targeting the Entry Stage of the Viral Replication Cycle.,2017,selected_for_reading,"Full text centers a primary virus and provides assay-supported host interaction, host factor, or pathway mechanism evidence.",fulltext_review,readable,pmc_xml,/Users/xingmeng/.openclaw/workspaces/staff-scientist-ideker/agenticWorkflow_LiteratureScreeningAndFullTextReview/runs/host_pathogen_shared_mechanisms_apms_20260826/passes/pass_001/artifacts/fulltext_import/PMC_XML/normalized/PMC6015499.json,high
pmid-28615203,28615203,PMC5553161,10.1128/JVI.00805-17,Phosphorylation of Serine 225 in Hepatitis C Virus NS5A Regulates Protein-Protein Interactions.,2017,selected_for_reading,"Full text centers a primary virus and provides assay-supported host interaction, host factor, or pathway mechanism evidence.",fulltext_review,readable,pmc_xml,/Users/xingmeng/.openclaw/workspaces/staff-scientist-ideker/agenticWorkflow_LiteratureScreeningAndFullTextReview/runs/host_pathogen_shared_mechanisms_apms_20260826/passes/pass_001/artifacts/fulltext_import/PMC_XML/normalized/PMC5553161.json,high
pmid-28608842,28608842,PMC5488042,10.3390/toxins9060192,"Talaromyces marneffei Genomic, Transcriptomic, Proteomic and Metabolomic Studies Reveal Mechanisms for Environmental Adaptations and Virulence.",2017,selected_for_reading,"Full text contains useful host-pathogen assay or pathway evidence, but the primary-virus mechanism is less central than in direct papers.",fulltext_review,readable,pmc_xml,/Users/xingmeng/.openclaw/workspaces/staff-scientist-ideker/agenticWorkflow_LiteratureScreeningAndFullTextReview/runs/host_pathogen_shared_mechanisms_apms_20260826/passes/pass_001/artifacts/fulltext_import/PMC_XML/normalized/PMC5488042.json,medium
pmid-28600495,28600495,PMC5466626,10.1038/s41598-017-03462-w,Functional dissection of human targets for KSHV-encoded miRNAs using network analysis.,2017,selected_for_reading,"Full text centers a primary virus and provides assay-supported host interaction, host factor, or pathway mechanism evidence.",fulltext_review,readable,pmc_xml,/Users/xingmeng/.openclaw/workspaces/staff-scientist-ideker/agenticWorkflow_LiteratureScreeningAndFullTextReview/runs/host_pathogen_shared_mechanisms_apms_20260826/passes/pass_001/artifacts/fulltext_import/PMC_XML/normalized/PMC5466626.json,high
pmid-28566716,28566716,PMC5451429,10.1038/s41598-017-02648-6,Glycogen synthase kinase 3β inhibitors prevent hepatitis C virus release/assembly through perturbation of lipid metabolism.,2017,selected_for_reading,Full text links a primary virus to a host factor or host pathway mechanism.,fulltext_review,readable,pmc_xml,/Users/xingmeng/.openclaw/workspaces/staff-scientist-ideker/agenticWorkflow_LiteratureScreeningAndFullTextReview/runs/host_pathogen_shared_mechanisms_apms_20260826/passes/pass_001/artifacts/fulltext_import/PMC_XML/normalized/PMC5451429.json,medium
pmid-28542603,28542603,PMC5462475,10.1371/journal.ppat.1006411,A conformational switch high-throughput screening assay and allosteric inhibition of the flavivirus NS2B-NS3 protease.,2017,selected_for_reading,"Full text contains useful host-pathogen assay or pathway evidence, but the primary-virus mechanism is less central than in direct papers.",fulltext_review,readable,pmc_xml,/Users/xingmeng/.openclaw/workspaces/staff-scientist-ideker/agenticWorkflow_LiteratureScreeningAndFullTextReview/runs/host_pathogen_shared_mechanisms_apms_20260826/passes/pass_001/artifacts/fulltext_import/PMC_XML/normalized/PMC5462475.json,medium
pmid-28539440,28539440,PMC5512259,10.1128/JVI.00571-17,Uncovering the Repertoire of Endogenous Flaviviral Elements in Aedes Mosquito Genomes.,2017,selected_for_reading,"Full text contains useful host-pathogen assay or pathway evidence, but the primary-virus mechanism is less central than in direct papers.",fulltext_review,readable,pmc_xml,/Users/xingmeng/.openclaw/workspaces/staff-scientist-ideker/agenticWorkflow_LiteratureScreeningAndFullTextReview/runs/host_pathogen_shared_mechanisms_apms_20260826/passes/pass_001/artifacts/fulltext_import/PMC_XML/normalized/PMC5512259.json,medium
pmid-28534512,28534512,PMC5608636,10.1038/onc.2017.139,A viral microRNA downregulates metastasis suppressor CD82 and induces cell invasion and angiogenesis by activating the c-Met signaling.,2017,selected_for_reading,"Full text contains useful host-pathogen assay or pathway evidence, but the primary-virus mechanism is less central than in direct papers.",fulltext_review,readable,pmc_xml,/Users/xingmeng/.openclaw/workspaces/staff-scientist-ideker/agenticWorkflow_LiteratureScreeningAndFullTextReview/runs/host_pathogen_shared_mechanisms_apms_20260826/passes/pass_001/artifacts/fulltext_import/PMC_XML/normalized/PMC5608636.json,medium
pmid-28514666,28514666,PMC5446956,10.1016/j.celrep.2017.04.062,A Temporal Proteomic Map of Epstein-Barr Virus Lytic Replication in B Cells.,2017,selected_for_reading,"Full text contains useful host-pathogen assay or pathway evidence, but the primary-virus mechanism is less central than in direct papers.",fulltext_review,readable,pmc_xml,/Users/xingmeng/.openclaw/workspaces/staff-scientist-ideker/agenticWorkflow_LiteratureScreeningAndFullTextReview/runs/host_pathogen_shared_mechanisms_apms_20260826/passes/pass_001/artifacts/fulltext_import/PMC_XML/normalized/PMC5446956.json,medium
pmid-28490747,28490747,PMC5431807,10.1038/s41598-017-01853-7,Structural Basis for Importin-α Binding of the Human Immunodeficiency Virus Tat.,2017,selected_for_reading,Full text links a primary virus to a host factor or host pathway mechanism.,fulltext_review,readable,pmc_xml,/Users/xingmeng/.openclaw/workspaces/staff-scientist-ideker/agenticWorkflow_LiteratureScreeningAndFullTextReview/runs/host_pathogen_shared_mechanisms_apms_20260826/passes/pass_001/artifacts/fulltext_import/PMC_XML/normalized/PMC5431807.json,medium
pmid-28391008,28391008,PMC5415375,10.1016/j.gpb.2016.11.002,Recent 5-year Findings and Technological Advances in the Proteomic Study of HIV-associated Disorders.,2017,selected_for_reading,"Full text centers a primary virus and provides assay-supported host interaction, host factor, or pathway mechanism evidence.",fulltext_review,readable,pmc_xml,/Users/xingmeng/.openclaw/workspaces/staff-scientist-ideker/agenticWorkflow_LiteratureScreeningAndFullTextReview/runs/host_pathogen_shared_mechanisms_apms_20260826/passes/pass_001/artifacts/fulltext_import/PMC_XML/normalized/PMC5415375.json,high
pmid-28368303,28368303,PMC5408673,10.3390/v9040067,Identification of HIV-1 Tat-Associated Proteins Contributing to HIV-1 Transcription and Latency.,2017,selected_for_reading,"Full text centers a primary virus and provides assay-supported host interaction, host factor, or pathway mechanism evidence.",fulltext_review,readable,pmc_xml,/Users/xingmeng/.openclaw/workspaces/staff-scientist-ideker/agenticWorkflow_LiteratureScreeningAndFullTextReview/runs/host_pathogen_shared_mechanisms_apms_20260826/passes/pass_001/artifacts/fulltext_import/PMC_XML/normalized/PMC5408673.json,high
pmid-28365413,28365413,PMC5472061,10.1016/j.jchromb.2017.03.020,Ultra-performance liquid chromatography tandem mass spectrometry for determination of Direct Acting Antiviral drugs in human liver fine needle aspirates.,2017,selected_for_reading,"Full text contains useful host-pathogen assay or pathway evidence, but the primary-virus mechanism is less central than in direct papers.",fulltext_review,readable,pmc_xml,/Users/xingmeng/.openclaw/workspaces/staff-scientist-ideker/agenticWorkflow_LiteratureScreeningAndFullTextReview/runs/host_pathogen_shared_mechanisms_apms_20260826/passes/pass_001/artifacts/fulltext_import/PMC_XML/normalized/PMC5472061.json,medium
pmid-28338097,28338097,PMC5364415,10.1038/srep45244,The cellular protein hnRNP A2/B1 enhances HIV-1 transcription by unfolding LTR promoter G-quadruplexes.,2017,selected_for_reading,"Full text centers a primary virus and provides assay-supported host interaction, host factor, or pathway mechanism evidence.",fulltext_review,readable,pmc_xml,/Users/xingmeng/.openclaw/workspaces/staff-scientist-ideker/agenticWorkflow_LiteratureScreeningAndFullTextReview/runs/host_pathogen_shared_mechanisms_apms_20260826/passes/pass_001/artifacts/fulltext_import/PMC_XML/normalized/PMC5364415.json,high
pmid-28327787,28327787,PMC5354610,10.1590/0074-02760160404,Overexpression of miR-484 and miR-744 in Vero cells alters Dengue virus replication.,2017,selected_for_reading,Full text links a primary virus to a host factor or host pathway mechanism.,fulltext_review,readable,pmc_xml,/Users/xingmeng/.openclaw/workspaces/staff-scientist-ideker/agenticWorkflow_LiteratureScreeningAndFullTextReview/runs/host_pathogen_shared_mechanisms_apms_20260826/passes/pass_001/artifacts/fulltext_import/PMC_XML/normalized/PMC5354610.json,medium
pmid-28320822,28320822,PMC5450231,10.1242/jcs.195412,Characterization of E3 ligases involved in lysosomal sorting of the HIV-1 restriction factor BST2.,2017,selected_for_reading,Full text links a primary virus to a host factor or host pathway mechanism.,fulltext_review,readable,pmc_xml,/Users/xingmeng/.openclaw/workspaces/staff-scientist-ideker/agenticWorkflow_LiteratureScreeningAndFullTextReview/runs/host_pathogen_shared_mechanisms_apms_20260826/passes/pass_001/artifacts/fulltext_import/PMC_XML/normalized/PMC5450231.json,medium
pmid-28272419,28272419,PMC5341025,10.1038/srep43893,Acid phosphatase 2 (ACP2) is required for membrane fusion during influenza virus entry.,2017,selected_for_reading,"Full text has plausible host pathway or host-factor mechanism context for a primary virus, but evidence is not strongly assay-centered.",fulltext_review,readable,pmc_xml,/Users/xingmeng/.openclaw/workspaces/staff-scientist-ideker/agenticWorkflow_LiteratureScreeningAndFullTextReview/runs/host_pathogen_shared_mechanisms_apms_20260826/passes/pass_001/artifacts/fulltext_import/PMC_XML/normalized/PMC5341025.json,low
pmid-28265266,28265266,PMC5316548,10.3389/fmicb.2017.00240,HELZ2 Is an IFN Effector Mediating Suppression of Dengue Virus.,2017,selected_for_reading,"Full text centers a primary virus and provides assay-supported host interaction, host factor, or pathway mechanism evidence.",fulltext_review,readable,pmc_xml,/Users/xingmeng/.openclaw/workspaces/staff-scientist-ideker/agenticWorkflow_LiteratureScreeningAndFullTextReview/runs/host_pathogen_shared_mechanisms_apms_20260826/passes/pass_001/artifacts/fulltext_import/PMC_XML/normalized/PMC5316548.json,high
pmid-28257516,28257516,PMC5352148,10.1371/journal.ppat.1006256,Integrated systems biology analysis of KSHV latent infection reveals viral induction and reliance on peroxisome mediated lipid metabolism.,2017,selected_for_reading,"Full text centers a primary virus and provides assay-supported host interaction, host factor, or pathway mechanism evidence.",fulltext_review,readable,pmc_xml,/Users/xingmeng/.openclaw/workspaces/staff-scientist-ideker/agenticWorkflow_LiteratureScreeningAndFullTextReview/runs/host_pathogen_shared_mechanisms_apms_20260826/passes/pass_001/artifacts/fulltext_import/PMC_XML/normalized/PMC5352148.json,high
pmid-28209523,28209523,PMC5446321,10.1016/j.yexmp.2017.02.008,TB-IRIS: Proteomic analysis of in vitro PBMC responses to Mycobacterium tuberculosis and response modulation by dexamethasone.,2017,selected_for_reading,"Full text contains useful host-pathogen assay or pathway evidence, but the primary-virus mechanism is less central than in direct papers.",fulltext_review,readable,pmc_xml,/Users/xingmeng/.openclaw/workspaces/staff-scientist-ideker/agenticWorkflow_LiteratureScreeningAndFullTextReview/runs/host_pathogen_shared_mechanisms_apms_20260826/passes/pass_001/artifacts/fulltext_import/PMC_XML/normalized/PMC5446321.json,medium
pmid-28186093,28186093,PMC5309819,10.1038/ncomms14339,Conformational changes in intact dengue virus reveal serotype-specific expansion.,2017,selected_for_reading,"Full text centers a primary virus and provides assay-supported host interaction, host factor, or pathway mechanism evidence.",fulltext_review,readable,pmc_xml,/Users/xingmeng/.openclaw/workspaces/staff-scientist-ideker/agenticWorkflow_LiteratureScreeningAndFullTextReview/runs/host_pathogen_shared_mechanisms_apms_20260826/passes/pass_001/artifacts/fulltext_import/PMC_XML/normalized/PMC5309819.json,high
pmid-28167534,28167534,PMC5391744,10.1074/jbc.M116.758300,Detection of lipid-induced structural changes of the Marburg virus matrix protein VP40 using hydrogen/deuterium exchange-mass spectrometry.,2017,selected_for_reading,"Full text contains useful host-pathogen assay or pathway evidence, but the primary-virus mechanism is less central than in direct papers.",fulltext_review,readable,pmc_xml,/Users/xingmeng/.openclaw/workspaces/staff-scientist-ideker/agenticWorkflow_LiteratureScreeningAndFullTextReview/runs/host_pathogen_shared_mechanisms_apms_20260826/passes/pass_001/artifacts/fulltext_import/PMC_XML/normalized/PMC5391744.json,medium
pmid-28152074,28152074,PMC5308826,10.1371/journal.ppat.1006187,Multiple UBXN family members inhibit retrovirus and lentivirus production and canonical NFκΒ signaling by stabilizing IκBα.,2017,selected_for_reading,"Full text has plausible host pathway or host-factor mechanism context for a primary virus, but evidence is not strongly assay-centered.",fulltext_review,readable,pmc_xml,/Users/xingmeng/.openclaw/workspaces/staff-scientist-ideker/agenticWorkflow_LiteratureScreeningAndFullTextReview/runs/host_pathogen_shared_mechanisms_apms_20260826/passes/pass_001/artifacts/fulltext_import/PMC_XML/normalized/PMC5308826.json,low
pmid-28134256,28134256,PMC5290283,10.1038/ncomms14259,The tumour suppressor APC promotes HIV-1 assembly via interaction with Gag precursor protein.,2017,selected_for_reading,"Full text centers a primary virus and provides assay-supported host interaction, host factor, or pathway mechanism evidence.",fulltext_review,readable,pmc_xml,/Users/xingmeng/.openclaw/workspaces/staff-scientist-ideker/agenticWorkflow_LiteratureScreeningAndFullTextReview/runs/host_pathogen_shared_mechanisms_apms_20260826/passes/pass_001/artifacts/fulltext_import/PMC_XML/normalized/PMC5290283.json,high
pmid-28129350,28129350,PMC5302801,10.1371/journal.pcbi.1005368,Identification of Entry Factors Involved in Hepatitis C Virus Infection Based on Host-Mimicking Short Linear Motifs.,2017,selected_for_reading,"Full text centers a primary virus and provides assay-supported host interaction, host factor, or pathway mechanism evidence.",fulltext_review,readable,pmc_xml,/Users/xingmeng/.openclaw/workspaces/staff-scientist-ideker/agenticWorkflow_LiteratureScreeningAndFullTextReview/runs/host_pathogen_shared_mechanisms_apms_20260826/passes/pass_001/artifacts/fulltext_import/PMC_XML/normalized/PMC5302801.json,high
pmid-28122231,28122231,PMC5289937,10.1016/j.celrep.2016.12.057,HIV-1 Activates T Cell Signaling Independently of Antigen to Drive Viral Spread.,2017,selected_for_reading,"Full text centers a primary virus and provides assay-supported host interaction, host factor, or pathway mechanism evidence.",fulltext_review,readable,pmc_xml,/Users/xingmeng/.openclaw/workspaces/staff-scientist-ideker/agenticWorkflow_LiteratureScreeningAndFullTextReview/runs/host_pathogen_shared_mechanisms_apms_20260826/passes/pass_001/artifacts/fulltext_import/PMC_XML/normalized/PMC5289937.json,high
pmid-28108733,28108733,PMC5355149,10.18632/oncotarget.14692,Systematic analysis of molecular mechanisms for HCC metastasis via text mining approach.,2017,selected_for_reading,"Full text contains useful host-pathogen assay or pathway evidence, but the primary-virus mechanism is less central than in direct papers.",fulltext_review,readable,pmc_xml,/Users/xingmeng/.openclaw/workspaces/staff-scientist-ideker/agenticWorkflow_LiteratureScreeningAndFullTextReview/runs/host_pathogen_shared_mechanisms_apms_20260826/passes/pass_001/artifacts/fulltext_import/PMC_XML/normalized/PMC5355149.json,medium
pmid-28103802,28103802,PMC5248466,10.1186/s12864-016-3432-5,Proteomics informed by transcriptomics for characterising active transposable elements and genome annotation in Aedes aegypti.,2017,selected_for_reading,"Full text contains useful host-pathogen assay or pathway evidence, but the primary-virus mechanism is less central than in direct papers.",fulltext_review,readable,pmc_xml,/Users/xingmeng/.openclaw/workspaces/staff-scientist-ideker/agenticWorkflow_LiteratureScreeningAndFullTextReview/runs/host_pathogen_shared_mechanisms_apms_20260826/passes/pass_001/artifacts/fulltext_import/PMC_XML/normalized/PMC5248466.json,medium
pmid-28091625,28091625,PMC5283721,10.1039/c6an02486f,MPLEx: a method for simultaneous pathogen inactivation and extraction of samples for multi-omics profiling.,2017,selected_for_reading,"Full text contains useful host-pathogen assay or pathway evidence, but the primary-virus mechanism is less central than in direct papers.",fulltext_review,readable,pmc_xml,/Users/xingmeng/.openclaw/workspaces/staff-scientist-ideker/agenticWorkflow_LiteratureScreeningAndFullTextReview/runs/host_pathogen_shared_mechanisms_apms_20260826/passes/pass_001/artifacts/fulltext_import/PMC_XML/normalized/PMC5283721.json,medium
pmid-28082397,28082397,PMC5416874,10.1093/nar/gkw1332,Differential hepatitis C virus RNA target site selection and host factor activities of naturally occurring miR-122 3΄ variants.,2017,selected_for_reading,Full text links a primary virus to a host factor or host pathway mechanism.,fulltext_review,readable,pmc_xml,/Users/xingmeng/.openclaw/workspaces/staff-scientist-ideker/agenticWorkflow_LiteratureScreeningAndFullTextReview/runs/host_pathogen_shared_mechanisms_apms_20260826/passes/pass_001/artifacts/fulltext_import/PMC_XML/normalized/PMC5416874.json,medium
pmid-28081143,28081143,PMC5230736,10.1371/journal.pntd.0005187,Engineered Aedes aegypti JAK/STAT Pathway-Mediated Immunity to Dengue Virus.,2017,selected_for_reading,Full text links a primary virus to a host factor or host pathway mechanism.,fulltext_review,readable,pmc_xml,/Users/xingmeng/.openclaw/workspaces/staff-scientist-ideker/agenticWorkflow_LiteratureScreeningAndFullTextReview/runs/host_pathogen_shared_mechanisms_apms_20260826/passes/pass_001/artifacts/fulltext_import/PMC_XML/normalized/PMC5230736.json,medium
pmid-28034743,28034743,PMC5373925,10.1016/j.antiviral.2016.12.017,Discovery of host-targeted covalent inhibitors of dengue virus.,2017,selected_for_reading,Full text links a primary virus to a host factor or host pathway mechanism.,fulltext_review,readable,pmc_xml,/Users/xingmeng/.openclaw/workspaces/staff-scientist-ideker/agenticWorkflow_LiteratureScreeningAndFullTextReview/runs/host_pathogen_shared_mechanisms_apms_20260826/passes/pass_001/artifacts/fulltext_import/PMC_XML/normalized/PMC5373925.json,medium
pmid-27992415,27992415,PMC5511375,10.1038/ng.3741,A genome-wide CRISPR screen identifies a restricted set of HIV host dependency factors.,2017,selected_for_reading,"Full text centers a primary virus and provides assay-supported host interaction, host factor, or pathway mechanism evidence.",fulltext_review,readable,pmc_xml,/Users/xingmeng/.openclaw/workspaces/staff-scientist-ideker/agenticWorkflow_LiteratureScreeningAndFullTextReview/runs/host_pathogen_shared_mechanisms_apms_20260826/passes/pass_001/artifacts/fulltext_import/PMC_XML/normalized/PMC5511375.json,high
pmid-27983476,27983476,PMC5797950,10.1099/jgv.0.000689,TNF superfamily members promote hepatitis C virus entry via an NF-κB and myosin light chain kinase dependent pathway.,2017,selected_for_reading,Full text links a primary virus to a host factor or host pathway mechanism.,fulltext_review,readable,pmc_xml,/Users/xingmeng/.openclaw/workspaces/staff-scientist-ideker/agenticWorkflow_LiteratureScreeningAndFullTextReview/runs/host_pathogen_shared_mechanisms_apms_20260826/passes/pass_001/artifacts/fulltext_import/PMC_XML/normalized/PMC5797950.json,medium
pmid-27932584,27932584,PMC5311491,10.1261/rna.058651.116,The eIF3 complex of Trypanosoma brucei: composition conservation does not imply the conservation of structural assembly and subunits function.,2017,selected_for_reading,"Full text contains useful host-pathogen assay or pathway evidence, but the primary-virus mechanism is less central than in direct papers.",fulltext_review,readable,pmc_xml,/Users/xingmeng/.openclaw/workspaces/staff-scientist-ideker/agenticWorkflow_LiteratureScreeningAndFullTextReview/runs/host_pathogen_shared_mechanisms_apms_20260826/passes/pass_001/artifacts/fulltext_import/PMC_XML/normalized/PMC5311491.json,medium
pmid-27659453,27659453,PMC5942362,10.1093/bioinformatics/btw610,Evolutionary conservation of Ebola virus proteins predicts important functions at residue level.,2017,selected_for_reading,"Full text centers a primary virus and provides assay-supported host interaction, host factor, or pathway mechanism evidence.",fulltext_review,readable,pmc_xml,/Users/xingmeng/.openclaw/workspaces/staff-scientist-ideker/agenticWorkflow_LiteratureScreeningAndFullTextReview/runs/host_pathogen_shared_mechanisms_apms_20260826/passes/pass_001/artifacts/fulltext_import/PMC_XML/normalized/PMC5942362.json,high
pmid-27658966,27658966,PMC5224506,10.1093/nar/gkw834,ADAR1 restricts LINE-1 retrotransposition.,2017,selected_for_reading,"Full text contains useful host-pathogen assay or pathway evidence, but the primary-virus mechanism is less central than in direct papers.",fulltext_review,readable,pmc_xml,/Users/xingmeng/.openclaw/workspaces/staff-scientist-ideker/agenticWorkflow_LiteratureScreeningAndFullTextReview/runs/host_pathogen_shared_mechanisms_apms_20260826/passes/pass_001/artifacts/fulltext_import/PMC_XML/normalized/PMC5224506.json,medium
pmid-27609828,27609828,PMC5531222,10.1136/gutjnl-2015-311289,Extracellular lipid-free apolipoprotein E inhibits HCV replication and induces ABCG1-dependent cholesterol efflux.,2017,selected_for_reading,Full text links a primary virus to a host factor or host pathway mechanism.,fulltext_review,readable,pmc_xml,/Users/xingmeng/.openclaw/workspaces/staff-scientist-ideker/agenticWorkflow_LiteratureScreeningAndFullTextReview/runs/host_pathogen_shared_mechanisms_apms_20260826/passes/pass_001/artifacts/fulltext_import/PMC_XML/normalized/PMC5531222.json,medium
pmid-27599826,27599826,PMC5167665,10.1016/j.jhep.2016.08.018,Continuous de novo generation of spatially segregated hepatitis C virus replication organelles revealed by pulse-chase imaging.,2017,selected_for_reading,Full text links a primary virus to a host factor or host pathway mechanism.,fulltext_review,readable,pmc_xml,/Users/xingmeng/.openclaw/workspaces/staff-scientist-ideker/agenticWorkflow_LiteratureScreeningAndFullTextReview/runs/host_pathogen_shared_mechanisms_apms_20260826/passes/pass_001/artifacts/fulltext_import/PMC_XML/normalized/PMC5167665.json,medium
pmid-28955845,28955845,PMC5600417,10.1016/j.bbrep.2016.01.008,Comparative proteomic analysis of growth hormone secretagogue A233 treatment of murine macrophage cells J774A.2 indicates it has a role in antiviral innate response.,2016,selected_for_reading,"Full text contains useful host-pathogen assay or pathway evidence, but the primary-virus mechanism is less central than in direct papers.",fulltext_review,readable,pmc_xml,/Users/xingmeng/.openclaw/workspaces/staff-scientist-ideker/agenticWorkflow_LiteratureScreeningAndFullTextReview/runs/host_pathogen_shared_mechanisms_apms_20260826/passes/pass_001/artifacts/fulltext_import/PMC_XML/normalized/PMC5600417.json,medium
pmid-27898018,27898018,PMC5958544,10.3390/molecules21121537,Combating Ebola with Repurposed Therapeutics Using the CANDO Platform.,2016,selected_for_reading,"Full text contains useful host-pathogen assay or pathway evidence, but the primary-virus mechanism is less central than in direct papers.",fulltext_review,readable,pmc_xml,/Users/xingmeng/.openclaw/workspaces/staff-scientist-ideker/agenticWorkflow_LiteratureScreeningAndFullTextReview/runs/host_pathogen_shared_mechanisms_apms_20260826/passes/pass_001/artifacts/fulltext_import/PMC_XML/normalized/PMC5958544.json,medium
pmid-27853512,27853512,PMC5105880,10.12688/f1000research.9118.2,Contextual Hub Analysis Tool (CHAT): A Cytoscape app for identifying contextually relevant hubs in biological networks.,2016,selected_for_reading,"Full text contains useful host-pathogen assay or pathway evidence, but the primary-virus mechanism is less central than in direct papers.",fulltext_review,readable,pmc_xml,/Users/xingmeng/.openclaw/workspaces/staff-scientist-ideker/agenticWorkflow_LiteratureScreeningAndFullTextReview/runs/host_pathogen_shared_mechanisms_apms_20260826/passes/pass_001/artifacts/fulltext_import/PMC_XML/normalized/PMC5105880.json,medium
pmid-27829024,27829024,PMC5102384,10.1371/journal.ppat.1005985,The KSHV K1 Protein Modulates AMPK Function to Enhance Cell Survival.,2016,selected_for_reading,"Full text centers a primary virus and provides assay-supported host interaction, host factor, or pathway mechanism evidence.",fulltext_review,readable,pmc_xml,/Users/xingmeng/.openclaw/workspaces/staff-scientist-ideker/agenticWorkflow_LiteratureScreeningAndFullTextReview/runs/host_pathogen_shared_mechanisms_apms_20260826/passes/pass_001/artifacts/fulltext_import/PMC_XML/normalized/PMC5102384.json,high
pmid-27827425,27827425,PMC5101808,10.1038/srep36850,Downregulation of Aedes aegypti chromodomain helicase DNA binding protein 7/Kismet by Wolbachia and its effect on dengue virus replication.,2016,selected_for_reading,"Full text centers a primary virus and provides assay-supported host interaction, host factor, or pathway mechanism evidence.",fulltext_review,readable,pmc_xml,/Users/xingmeng/.openclaw/workspaces/staff-scientist-ideker/agenticWorkflow_LiteratureScreeningAndFullTextReview/runs/host_pathogen_shared_mechanisms_apms_20260826/passes/pass_001/artifacts/fulltext_import/PMC_XML/normalized/PMC5101808.json,high
pmid-27822522,27822522,PMC5069743,10.1128/mSystems.00030-15,Local Action with Global Impact: Highly Similar Infection Patterns of Human Viruses and Bacteriophages.,2016,selected_for_reading,"Full text contains useful host-pathogen assay or pathway evidence, but the primary-virus mechanism is less central than in direct papers.",fulltext_review,readable,pmc_xml,/Users/xingmeng/.openclaw/workspaces/staff-scientist-ideker/agenticWorkflow_LiteratureScreeningAndFullTextReview/runs/host_pathogen_shared_mechanisms_apms_20260826/passes/pass_001/artifacts/fulltext_import/PMC_XML/normalized/PMC5069743.json,medium
pmid-27808119,27808119,PMC5093548,10.1038/srep36197,Directional and reoccurring sequence change in zoonotic RNA virus genomes visualized by time-series word count.,2016,selected_for_reading,"Full text has plausible host pathway or host-factor mechanism context for a primary virus, but evidence is not strongly assay-centered.",fulltext_review,readable,pmc_xml,/Users/xingmeng/.openclaw/workspaces/staff-scientist-ideker/agenticWorkflow_LiteratureScreeningAndFullTextReview/runs/host_pathogen_shared_mechanisms_apms_20260826/passes/pass_001/artifacts/fulltext_import/PMC_XML/normalized/PMC5093548.json,low
pmid-27805064,27805064,PMC5090363,10.1038/srep36444,Comprehensive DNA methylation analysis of the Aedes aegypti genome.,2016,selected_for_reading,"Full text contains useful host-pathogen assay or pathway evidence, but the primary-virus mechanism is less central than in direct papers.",fulltext_review,readable,pmc_xml,/Users/xingmeng/.openclaw/workspaces/staff-scientist-ideker/agenticWorkflow_LiteratureScreeningAndFullTextReview/runs/host_pathogen_shared_mechanisms_apms_20260826/passes/pass_001/artifacts/fulltext_import/PMC_XML/normalized/PMC5090363.json,medium
pmid-27803188,27803188,PMC5090039,10.1128/mBio.01456-16,Hepatitis C Virus Proteins Interact with the Endosomal Sorting Complex Required for Transport (ESCRT) Machinery via Ubiquitination To Facilitate Viral Envelopment.,2016,selected_for_reading,"Full text centers a primary virus and provides assay-supported host interaction, host factor, or pathway mechanism evidence.",fulltext_review,readable,pmc_xml,/Users/xingmeng/.openclaw/workspaces/staff-scientist-ideker/agenticWorkflow_LiteratureScreeningAndFullTextReview/runs/host_pathogen_shared_mechanisms_apms_20260826/passes/pass_001/artifacts/fulltext_import/PMC_XML/normalized/PMC5090039.json,high
pmid-27783949,27783949,PMC5098118,10.1016/j.celrep.2016.09.084,Solute Carrier NTCP Regulates Innate Antiviral Immune Responses Targeting Hepatitis C Virus Infection of Hepatocytes.,2016,selected_for_reading,Full text links a primary virus to a host factor or host pathway mechanism.,fulltext_review,readable,pmc_xml,/Users/xingmeng/.openclaw/workspaces/staff-scientist-ideker/agenticWorkflow_LiteratureScreeningAndFullTextReview/runs/host_pathogen_shared_mechanisms_apms_20260826/passes/pass_001/artifacts/fulltext_import/PMC_XML/normalized/PMC5098118.json,medium
pmid-27764250,27764250,PMC5072618,10.1371/journal.ppat.1005967,Histone H2B-IFI16 Recognition of Nuclear Herpesviral Genome Induces Cytoplasmic Interferon-β Responses.,2016,selected_for_reading,"Full text contains useful host-pathogen assay or pathway evidence, but the primary-virus mechanism is less central than in direct papers.",fulltext_review,readable,pmc_xml,/Users/xingmeng/.openclaw/workspaces/staff-scientist-ideker/agenticWorkflow_LiteratureScreeningAndFullTextReview/runs/host_pathogen_shared_mechanisms_apms_20260826/passes/pass_001/artifacts/fulltext_import/PMC_XML/normalized/PMC5072618.json,medium
pmid-27748395,27748395,PMC5071646,10.1038/ncomms13150,Human genome-wide RNAi screen reveals host factors required for enterovirus 71 replication.,2016,selected_for_reading,"Full text contains useful host-pathogen assay or pathway evidence, but the primary-virus mechanism is less central than in direct papers.",fulltext_review,readable,pmc_xml,/Users/xingmeng/.openclaw/workspaces/staff-scientist-ideker/agenticWorkflow_LiteratureScreeningAndFullTextReview/runs/host_pathogen_shared_mechanisms_apms_20260826/passes/pass_001/artifacts/fulltext_import/PMC_XML/normalized/PMC5071646.json,medium
pmid-27690223,27690223,PMC5085607,10.7554/eLife.18296,Temporal proteomic analysis of HIV infection reveals remodelling of the host phosphoproteome by lentiviral Vif variants.,2016,selected_for_reading,"Full text centers a primary virus and provides assay-supported host interaction, host factor, or pathway mechanism evidence.",fulltext_review,readable,pmc_xml,/Users/xingmeng/.openclaw/workspaces/staff-scientist-ideker/agenticWorkflow_LiteratureScreeningAndFullTextReview/runs/host_pathogen_shared_mechanisms_apms_20260826/passes/pass_001/artifacts/fulltext_import/PMC_XML/normalized/PMC5085607.json,high
pmid-27682269,27682269,PMC5041148,10.1038/srep34379,The Golgi associated ERI3 is a Flavivirus host factor.,2016,selected_for_reading,"Full text contains useful host-pathogen assay or pathway evidence, but the primary-virus mechanism is less central than in direct papers.",fulltext_review,readable,pmc_xml,/Users/xingmeng/.openclaw/workspaces/staff-scientist-ideker/agenticWorkflow_LiteratureScreeningAndFullTextReview/runs/host_pathogen_shared_mechanisms_apms_20260826/passes/pass_001/artifacts/fulltext_import/PMC_XML/normalized/PMC5041148.json,medium
pmid-27677239,27677239,PMC5052702,10.1038/ncomms12761,Irreversible inhibitors of the 3C protease of Coxsackie virus through templated assembly of protein-binding fragments.,2016,selected_for_reading,"Full text centers a primary virus and provides assay-supported host interaction, host factor, or pathway mechanism evidence.",fulltext_review,readable,pmc_xml,/Users/xingmeng/.openclaw/workspaces/staff-scientist-ideker/agenticWorkflow_LiteratureScreeningAndFullTextReview/runs/host_pathogen_shared_mechanisms_apms_20260826/passes/pass_001/artifacts/fulltext_import/PMC_XML/normalized/PMC5052702.json,high
pmid-27655726,27655726,PMC5342076,10.18632/oncotarget.12104,"Gamma-interferon-inducible, lysosome/endosome-localized thiolreductase, GILT, has anti-retroviral activity and its expression is counteracted by HIV-1.",2016,selected_for_reading,Full text links a primary virus to a host factor or host pathway mechanism.,fulltext_review,readable,pmc_xml,/Users/xingmeng/.openclaw/workspaces/staff-scientist-ideker/agenticWorkflow_LiteratureScreeningAndFullTextReview/runs/host_pathogen_shared_mechanisms_apms_20260826/passes/pass_001/artifacts/fulltext_import/PMC_XML/normalized/PMC5342076.json,medium
pmid-27632082,27632082,PMC5025164,10.1371/journal.pcbi.1005074,Systems Biology-Based Investigation of Cellular Antiviral Drug Targets Identified by Gene-Trap Insertional Mutagenesis.,2016,selected_for_reading,"Full text contains useful host-pathogen assay or pathway evidence, but the primary-virus mechanism is less central than in direct papers.",fulltext_review,readable,pmc_xml,/Users/xingmeng/.openclaw/workspaces/staff-scientist-ideker/agenticWorkflow_LiteratureScreeningAndFullTextReview/runs/host_pathogen_shared_mechanisms_apms_20260826/passes/pass_001/artifacts/fulltext_import/PMC_XML/normalized/PMC5025164.json,medium
pmid-27624129,27624129,PMC5021806,10.1128/mBio.01433-16,Activation of the DNA Damage Response Is a Conserved Function of HIV-1 and HIV-2 Vpr That Is Independent of SLX4 Recruitment.,2016,selected_for_reading,Full text links a primary virus to a host factor or host pathway mechanism.,fulltext_review,readable,pmc_xml,/Users/xingmeng/.openclaw/workspaces/staff-scientist-ideker/agenticWorkflow_LiteratureScreeningAndFullTextReview/runs/host_pathogen_shared_mechanisms_apms_20260826/passes/pass_001/artifacts/fulltext_import/PMC_XML/normalized/PMC5021806.json,medium
pmid-27597813,27597813,PMC5011338,10.1186/s12014-016-9119-8,Development of a liquid chromatography high resolution mass spectrometry method for the quantitation of viral envelope glycoprotein in Ebola virus-like particle vaccine preparations.,2016,selected_for_reading,"Full text centers a primary virus and provides assay-supported host interaction, host factor, or pathway mechanism evidence.",fulltext_review,readable,pmc_xml,/Users/xingmeng/.openclaw/workspaces/staff-scientist-ideker/agenticWorkflow_LiteratureScreeningAndFullTextReview/runs/host_pathogen_shared_mechanisms_apms_20260826/passes/pass_001/artifacts/fulltext_import/PMC_XML/normalized/PMC5011338.json,high
pmid-27592089,27592089,PMC5627509,10.1016/j.cmi.2016.08.025,"Hepatitis C virus: life cycle in cells, infection and host response, and analysis of molecular markers influencing the outcome of infection and response to therapy.",2016,selected_for_reading,Full text links a primary virus to a host factor or host pathway mechanism.,fulltext_review,readable,pmc_xml,/Users/xingmeng/.openclaw/workspaces/staff-scientist-ideker/agenticWorkflow_LiteratureScreeningAndFullTextReview/runs/host_pathogen_shared_mechanisms_apms_20260826/passes/pass_001/artifacts/fulltext_import/PMC_XML/normalized/PMC5627509.json,medium
pmid-27575636,27575636,PMC5004807,10.1371/journal.ppat.1005841,The Dengue Virus NS5 Protein Intrudes in the Cellular Spliceosome and Modulates Splicing.,2016,selected_for_reading,"Full text centers a primary virus and provides assay-supported host interaction, host factor, or pathway mechanism evidence.",fulltext_review,readable,pmc_xml,/Users/xingmeng/.openclaw/workspaces/staff-scientist-ideker/agenticWorkflow_LiteratureScreeningAndFullTextReview/runs/host_pathogen_shared_mechanisms_apms_20260826/passes/pass_001/artifacts/fulltext_import/PMC_XML/normalized/PMC5004807.json,high
pmid-27558426,27558426,PMC5068538,10.1128/JVI.00323-16,An Essential Role of INI1/hSNF5 Chromatin Remodeling Protein in HIV-1 Posttranscriptional Events and Gag/Gag-Pol Stability.,2016,selected_for_reading,Full text links a primary virus to a host factor or host pathway mechanism.,fulltext_review,readable,pmc_xml,/Users/xingmeng/.openclaw/workspaces/staff-scientist-ideker/agenticWorkflow_LiteratureScreeningAndFullTextReview/runs/host_pathogen_shared_mechanisms_apms_20260826/passes/pass_001/artifacts/fulltext_import/PMC_XML/normalized/PMC5068538.json,medium
pmid-27556644,27556644,PMC4996428,10.1371/journal.pntd.0004921,Identification of RNA Binding Proteins Associated with Dengue Virus RNA in Infected Cells Reveals Temporally Distinct Host Factor Requirements.,2016,selected_for_reading,"Full text centers a primary virus and provides assay-supported host interaction, host factor, or pathway mechanism evidence.",fulltext_review,readable,pmc_xml,/Users/xingmeng/.openclaw/workspaces/staff-scientist-ideker/agenticWorkflow_LiteratureScreeningAndFullTextReview/runs/host_pathogen_shared_mechanisms_apms_20260826/passes/pass_001/artifacts/fulltext_import/PMC_XML/normalized/PMC4996428.json,high
pmid-27550144,27550144,PMC4994002,10.1038/srep31211,ADP-ribosylation Factor-related Protein 1 Interacts with NS5A and Regulates Hepatitis C Virus Propagation.,2016,selected_for_reading,Full text links a primary virus to a host factor or host pathway mechanism.,fulltext_review,readable,pmc_xml,/Users/xingmeng/.openclaw/workspaces/staff-scientist-ideker/agenticWorkflow_LiteratureScreeningAndFullTextReview/runs/host_pathogen_shared_mechanisms_apms_20260826/passes/pass_001/artifacts/fulltext_import/PMC_XML/normalized/PMC4994002.json,medium
pmid-27522921,27522921,PMC7127093,10.1016/j.xphs.2016.07.004,Pharmacodynamics and Systems Pharmacology Approaches to Repurposing Drugs in the Wake of Global Health Burden.,2016,selected_for_reading,"Full text contains useful host-pathogen assay or pathway evidence, but the primary-virus mechanism is less central than in direct papers.",fulltext_review,readable,pmc_xml,/Users/xingmeng/.openclaw/workspaces/staff-scientist-ideker/agenticWorkflow_LiteratureScreeningAndFullTextReview/runs/host_pathogen_shared_mechanisms_apms_20260826/passes/pass_001/artifacts/fulltext_import/PMC_XML/normalized/PMC7127093.json,medium
pmid-27512077,27512077,PMC5044832,10.1128/JVI.03262-15,ARID3B: a Novel Regulator of the Kaposi's Sarcoma-Associated Herpesvirus Lytic Cycle.,2016,selected_for_reading,"Full text centers a primary virus and provides assay-supported host interaction, host factor, or pathway mechanism evidence.",fulltext_review,readable,pmc_xml,/Users/xingmeng/.openclaw/workspaces/staff-scientist-ideker/agenticWorkflow_LiteratureScreeningAndFullTextReview/runs/host_pathogen_shared_mechanisms_apms_20260826/passes/pass_001/artifacts/fulltext_import/PMC_XML/normalized/PMC5044832.json,high
pmid-27510840,27510840,PMC4980658,10.1038/srep31340,Copy number variation of genes involved in the hepatitis C virus-human interactome.,2016,selected_for_reading,"Full text centers a primary virus and provides assay-supported host interaction, host factor, or pathway mechanism evidence.",fulltext_review,readable,pmc_xml,/Users/xingmeng/.openclaw/workspaces/staff-scientist-ideker/agenticWorkflow_LiteratureScreeningAndFullTextReview/runs/host_pathogen_shared_mechanisms_apms_20260826/passes/pass_001/artifacts/fulltext_import/PMC_XML/normalized/PMC4980658.json,high
pmid-27497688,27497688,PMC5010500,10.1016/j.jmb.2016.07.020,Dimerization Controls Marburg Virus VP24-dependent Modulation of Host Antioxidative Stress Responses.,2016,selected_for_reading,"Full text contains useful host-pathogen assay or pathway evidence, but the primary-virus mechanism is less central than in direct papers.",fulltext_review,readable,pmc_xml,/Users/xingmeng/.openclaw/workspaces/staff-scientist-ideker/agenticWorkflow_LiteratureScreeningAndFullTextReview/runs/host_pathogen_shared_mechanisms_apms_20260826/passes/pass_001/artifacts/fulltext_import/PMC_XML/normalized/PMC5010500.json,medium
pmid-27489281,27489281,PMC5044849,10.1128/JVI.00960-16,Human Choline Kinase-α Promotes Hepatitis C Virus RNA Replication through Modulation of Membranous Viral Replication Complex Formation.,2016,selected_for_reading,Full text links a primary virus to a host factor or host pathway mechanism.,fulltext_review,readable,pmc_xml,/Users/xingmeng/.openclaw/workspaces/staff-scientist-ideker/agenticWorkflow_LiteratureScreeningAndFullTextReview/runs/host_pathogen_shared_mechanisms_apms_20260826/passes/pass_001/artifacts/fulltext_import/PMC_XML/normalized/PMC5044849.json,medium
pmid-27480941,27480941,PMC4974639,10.1038/ncomms12193,Crystal structures of APOBEC3G N-domain alone and its complex with DNA.,2016,selected_for_reading,"Full text has plausible host pathway or host-factor mechanism context for a primary virus, but evidence is not strongly assay-centered.",fulltext_review,readable,pmc_xml,/Users/xingmeng/.openclaw/workspaces/staff-scientist-ideker/agenticWorkflow_LiteratureScreeningAndFullTextReview/runs/host_pathogen_shared_mechanisms_apms_20260826/passes/pass_001/artifacts/fulltext_import/PMC_XML/normalized/PMC4974639.json,low
pmid-27477283,27477283,PMC4978700,10.1016/j.celrep.2016.07.002,Restriction by SAMHD1 Limits cGAS/STING-Dependent Innate and Adaptive Immune Responses to HIV-1.,2016,selected_for_reading,Full text links a primary virus to a host factor or host pathway mechanism.,fulltext_review,readable,pmc_xml,/Users/xingmeng/.openclaw/workspaces/staff-scientist-ideker/agenticWorkflow_LiteratureScreeningAndFullTextReview/runs/host_pathogen_shared_mechanisms_apms_20260826/passes/pass_001/artifacts/fulltext_import/PMC_XML/normalized/PMC4978700.json,medium
pmid-27460797,27460797,PMC4981715,10.1128/mBio.00882-16,Polyamines and Hypusination Are Required for Ebolavirus Gene Expression and Replication.,2016,selected_for_reading,Full text links a primary virus to a host factor or host pathway mechanism.,fulltext_review,readable,pmc_xml,/Users/xingmeng/.openclaw/workspaces/staff-scientist-ideker/agenticWorkflow_LiteratureScreeningAndFullTextReview/runs/host_pathogen_shared_mechanisms_apms_20260826/passes/pass_001/artifacts/fulltext_import/PMC_XML/normalized/PMC4981715.json,medium
pmid-27457684,27457684,PMC4960526,10.1038/srep30490,Identification and characterization of the role of c-terminal Src kinase in dengue virus replication.,2016,selected_for_reading,Full text links a primary virus to a host factor or host pathway mechanism.,fulltext_review,readable,pmc_xml,/Users/xingmeng/.openclaw/workspaces/staff-scientist-ideker/agenticWorkflow_LiteratureScreeningAndFullTextReview/runs/host_pathogen_shared_mechanisms_apms_20260826/passes/pass_001/artifacts/fulltext_import/PMC_XML/normalized/PMC4960526.json,medium
pmid-27454254,27454254,PMC4959372,10.1186/s12864-016-2858-0,"Abstracts from the 3rd International Genomic Medicine Conference (3rd IGMC 2015) : Jeddah, Kingdom of Saudi Arabia. 30 November - 3 December 2015.",2016,selected_for_reading,"Full text contains useful host-pathogen assay or pathway evidence, but the primary-virus mechanism is less central than in direct papers.",fulltext_review,readable,pmc_xml,/Users/xingmeng/.openclaw/workspaces/staff-scientist-ideker/agenticWorkflow_LiteratureScreeningAndFullTextReview/runs/host_pathogen_shared_mechanisms_apms_20260826/passes/pass_001/artifacts/fulltext_import/PMC_XML/normalized/PMC4959372.json,medium
pmid-27441239,27441239,PMC4945854,10.1016/j.heliyon.2015.e00056,A putative SUMO interacting motif in the B30.2/SPRY domain of rhesus macaque TRIM5α important for NF-κB/AP-1 signaling and HIV-1 restriction.,2016,selected_for_reading,Full text links a primary virus to a host factor or host pathway mechanism.,fulltext_review,readable,pmc_xml,/Users/xingmeng/.openclaw/workspaces/staff-scientist-ideker/agenticWorkflow_LiteratureScreeningAndFullTextReview/runs/host_pathogen_shared_mechanisms_apms_20260826/passes/pass_001/artifacts/fulltext_import/PMC_XML/normalized/PMC4945854.json,medium
pmid-27403722,27403722,PMC4940736,10.1038/srep29680,Novel Chemical Ligands to Ebola Virus and Marburg Virus Nucleoproteins Identified by Combining Affinity Mass Spectrometry and Metabolomics Approaches.,2016,selected_for_reading,"Full text centers a primary virus and provides assay-supported host interaction, host factor, or pathway mechanism evidence.",fulltext_review,readable,pmc_xml,/Users/xingmeng/.openclaw/workspaces/staff-scientist-ideker/agenticWorkflow_LiteratureScreeningAndFullTextReview/runs/host_pathogen_shared_mechanisms_apms_20260826/passes/pass_001/artifacts/fulltext_import/PMC_XML/normalized/PMC4940736.json,high
pmid-27383987,27383987,PMC4964798,10.1038/nature18631,Genetic dissection of Flaviviridae host factors through genome-scale CRISPR screens.,2016,selected_for_reading,"Full text contains useful host-pathogen assay or pathway evidence, but the primary-virus mechanism is less central than in direct papers.",fulltext_review,readable,pmc_xml,/Users/xingmeng/.openclaw/workspaces/staff-scientist-ideker/agenticWorkflow_LiteratureScreeningAndFullTextReview/runs/host_pathogen_shared_mechanisms_apms_20260826/passes/pass_001/artifacts/fulltext_import/PMC_XML/normalized/PMC4964798.json,medium
pmid-27379031,27379031,PMC4904303,10.3389/fmicb.2016.00883,H11/HSPB8 Restricts HIV-2 Vpx to Restore the Anti-Viral Activity of SAMHD1.,2016,selected_for_reading,"Full text centers a primary virus and provides assay-supported host interaction, host factor, or pathway mechanism evidence.",fulltext_review,readable,pmc_xml,/Users/xingmeng/.openclaw/workspaces/staff-scientist-ideker/agenticWorkflow_LiteratureScreeningAndFullTextReview/runs/host_pathogen_shared_mechanisms_apms_20260826/passes/pass_001/artifacts/fulltext_import/PMC_XML/normalized/PMC4904303.json,high
pmid-27375898,27375898,PMC4928716,10.1038/nmicrobiol.2016.68,HIV-host interactome revealed directly from infected cells.,2016,selected_for_reading,"Full text centers a primary virus and provides assay-supported host interaction, host factor, or pathway mechanism evidence.",fulltext_review,readable,pmc_xml,/Users/xingmeng/.openclaw/workspaces/staff-scientist-ideker/agenticWorkflow_LiteratureScreeningAndFullTextReview/runs/host_pathogen_shared_mechanisms_apms_20260826/passes/pass_001/artifacts/fulltext_import/PMC_XML/normalized/PMC4928716.json,high
pmid-27365049,27365049,PMC5062971,10.1093/nar/gkw572,"The role of sequence context, nucleotide pool balance and stress in 2'-deoxynucleotide misincorporation in viral, bacterial and mammalian RNA.",2016,selected_for_reading,"Full text contains useful host-pathogen assay or pathway evidence, but the primary-virus mechanism is less central than in direct papers.",fulltext_review,readable,pmc_xml,/Users/xingmeng/.openclaw/workspaces/staff-scientist-ideker/agenticWorkflow_LiteratureScreeningAndFullTextReview/runs/host_pathogen_shared_mechanisms_apms_20260826/passes/pass_001/artifacts/fulltext_import/PMC_XML/normalized/PMC5062971.json,medium
pmid-27303747,27303747,PMC4888891,10.1128/mSphere.00068-16,Mutations in Encephalomyocarditis Virus 3A Protein Uncouple the Dependency of Genome Replication on Host Factors Phosphatidylinositol 4-Kinase IIIα and Oxysterol-Binding Protein.,2016,selected_for_reading,"Full text has plausible host pathway or host-factor mechanism context for a primary virus, but evidence is not strongly assay-centered.",fulltext_review,readable,pmc_xml,/Users/xingmeng/.openclaw/workspaces/staff-scientist-ideker/agenticWorkflow_LiteratureScreeningAndFullTextReview/runs/host_pathogen_shared_mechanisms_apms_20260826/passes/pass_001/artifacts/fulltext_import/PMC_XML/normalized/PMC4888891.json,low
pmid-27282740,27282740,PMC4901263,10.1038/srep27778,Cell-death-inducing DFFA-like Effector B Contributes to the Assembly of Hepatitis C Virus (HCV) Particles and Interacts with HCV NS5A.,2016,selected_for_reading,Full text links a primary virus to a host factor or host pathway mechanism.,fulltext_review,readable,pmc_xml,/Users/xingmeng/.openclaw/workspaces/staff-scientist-ideker/agenticWorkflow_LiteratureScreeningAndFullTextReview/runs/host_pathogen_shared_mechanisms_apms_20260826/passes/pass_001/artifacts/fulltext_import/PMC_XML/normalized/PMC4901263.json,medium
pmid-27241849,27241849,PMC4949077,10.1016/j.bbagen.2016.05.033,A novel mosquito ubiquitin targets viral envelope protein for degradation and reduces virion production during dengue virus infection.,2016,selected_for_reading,Full text links a primary virus to a host factor or host pathway mechanism.,fulltext_review,readable,pmc_xml,/Users/xingmeng/.openclaw/workspaces/staff-scientist-ideker/agenticWorkflow_LiteratureScreeningAndFullTextReview/runs/host_pathogen_shared_mechanisms_apms_20260826/passes/pass_001/artifacts/fulltext_import/PMC_XML/normalized/PMC4949077.json,medium
pmid-27213428,27213428,PMC4885097,10.3390/v8050142,Mechanisms of Cellular Membrane Reorganization to Support Hepatitis C Virus Replication.,2016,selected_for_reading,Full text links a primary virus to a host factor or host pathway mechanism.,fulltext_review,readable,pmc_xml,/Users/xingmeng/.openclaw/workspaces/staff-scientist-ideker/agenticWorkflow_LiteratureScreeningAndFullTextReview/runs/host_pathogen_shared_mechanisms_apms_20260826/passes/pass_001/artifacts/fulltext_import/PMC_XML/normalized/PMC4885097.json,medium
pmid-27198619,27198619,PMC4873791,10.1038/srep26401,Coevolution analysis of Hepatitis C virus genome to identify the structural and functional dependency network of viral proteins.,2016,selected_for_reading,"Full text centers a primary virus and provides assay-supported host interaction, host factor, or pathway mechanism evidence.",fulltext_review,readable,pmc_xml,/Users/xingmeng/.openclaw/workspaces/staff-scientist-ideker/agenticWorkflow_LiteratureScreeningAndFullTextReview/runs/host_pathogen_shared_mechanisms_apms_20260826/passes/pass_001/artifacts/fulltext_import/PMC_XML/normalized/PMC4873791.json,high
pmid-27165399,27165399,PMC4863150,10.1038/srep25729,The cis-acting replication element of the Hepatitis C virus genome recruits host factors that influence viral replication and translation.,2016,selected_for_reading,"Full text centers a primary virus and provides assay-supported host interaction, host factor, or pathway mechanism evidence.",fulltext_review,readable,pmc_xml,/Users/xingmeng/.openclaw/workspaces/staff-scientist-ideker/agenticWorkflow_LiteratureScreeningAndFullTextReview/runs/host_pathogen_shared_mechanisms_apms_20260826/passes/pass_001/artifacts/fulltext_import/PMC_XML/normalized/PMC4863150.json,high
pmid-27149839,27149839,PMC4850421,10.1016/j.celrep.2016.03.074,Nuclear Envelope Protein SUN2 Promotes Cyclophilin-A-Dependent Steps of HIV Replication.,2016,selected_for_reading,Full text links a primary virus to a host factor or host pathway mechanism.,fulltext_review,readable,pmc_xml,/Users/xingmeng/.openclaw/workspaces/staff-scientist-ideker/agenticWorkflow_LiteratureScreeningAndFullTextReview/runs/host_pathogen_shared_mechanisms_apms_20260826/passes/pass_001/artifacts/fulltext_import/PMC_XML/normalized/PMC4850421.json,medium
pmid-27148389,27148389,PMC4852094,10.5812/hepatmon.36005,How Hepatitis C Virus Leads to Hepatocellular Carcinoma: A Network-Based Study.,2016,selected_for_reading,"Full text centers a primary virus and provides assay-supported host interaction, host factor, or pathway mechanism evidence.",fulltext_review,readable,pmc_xml,/Users/xingmeng/.openclaw/workspaces/staff-scientist-ideker/agenticWorkflow_LiteratureScreeningAndFullTextReview/runs/host_pathogen_shared_mechanisms_apms_20260826/passes/pass_001/artifacts/fulltext_import/PMC_XML/normalized/PMC4852094.json,high
pmid-27128969,27128969,PMC4851422,10.1371/journal.ppat.1005605,The SH3BGR/STAT3 Pathway Regulates Cell Migration and Angiogenesis Induced by a Gammaherpesvirus MicroRNA.,2016,selected_for_reading,"Full text contains useful host-pathogen assay or pathway evidence, but the primary-virus mechanism is less central than in direct papers.",fulltext_review,readable,pmc_xml,/Users/xingmeng/.openclaw/workspaces/staff-scientist-ideker/agenticWorkflow_LiteratureScreeningAndFullTextReview/runs/host_pathogen_shared_mechanisms_apms_20260826/passes/pass_001/artifacts/fulltext_import/PMC_XML/normalized/PMC4851422.json,medium
pmid-27124600,27124600,PMC4849665,10.1371/journal.ppat.1005568,"ABHD5/CGI-58, the Chanarin-Dorfman Syndrome Protein, Mobilises Lipid Stores for Hepatitis C Virus Production.",2016,selected_for_reading,Full text links a primary virus to a host factor or host pathway mechanism.,fulltext_review,readable,pmc_xml,/Users/xingmeng/.openclaw/workspaces/staff-scientist-ideker/agenticWorkflow_LiteratureScreeningAndFullTextReview/runs/host_pathogen_shared_mechanisms_apms_20260826/passes/pass_001/artifacts/fulltext_import/PMC_XML/normalized/PMC4849665.json,medium
pmid-27115606,27115606,PMC4846009,10.1371/journal.pone.0153882,Hepatitis C Virus Protein Interaction Network Analysis Based on Hepatocellular Carcinoma.,2016,selected_for_reading,"Full text centers a primary virus and provides assay-supported host interaction, host factor, or pathway mechanism evidence.",fulltext_review,readable,pmc_xml,/Users/xingmeng/.openclaw/workspaces/staff-scientist-ideker/agenticWorkflow_LiteratureScreeningAndFullTextReview/runs/host_pathogen_shared_mechanisms_apms_20260826/passes/pass_001/artifacts/fulltext_import/PMC_XML/normalized/PMC4846009.json,high
pmid-27058774,27058774,PMC4955699,10.1016/j.antiviral.2016.03.017,"An inducible heat shock protein 70 small molecule inhibitor demonstrates anti-dengue virus activity, validating Hsp70 as a host antiviral target.",2016,selected_for_reading,"Full text centers a primary virus and provides assay-supported host interaction, host factor, or pathway mechanism evidence.",fulltext_review,readable,pmc_xml,/Users/xingmeng/.openclaw/workspaces/staff-scientist-ideker/agenticWorkflow_LiteratureScreeningAndFullTextReview/runs/host_pathogen_shared_mechanisms_apms_20260826/passes/pass_001/artifacts/fulltext_import/PMC_XML/normalized/PMC4955699.json,high
pmid-27020598,27020598,PMC7126954,10.1016/j.tim.2016.02.017,Fat(al) attraction: Picornaviruses Usurp Lipid Transfer at Membrane Contact Sites to Create Replication Organelles.,2016,selected_for_reading,"Full text contains useful host-pathogen assay or pathway evidence, but the primary-virus mechanism is less central than in direct papers.",fulltext_review,readable,pmc_xml,/Users/xingmeng/.openclaw/workspaces/staff-scientist-ideker/agenticWorkflow_LiteratureScreeningAndFullTextReview/runs/host_pathogen_shared_mechanisms_apms_20260826/passes/pass_001/artifacts/fulltext_import/PMC_XML/normalized/PMC7126954.json,medium
pmid-26994075,26994075,PMC4959074,10.1128/AEM.00275-16,Wolbachia Modulates Lipid Metabolism in Aedes albopictus Mosquito Cells.,2016,selected_for_reading,"Full text contains useful host-pathogen assay or pathway evidence, but the primary-virus mechanism is less central than in direct papers.",fulltext_review,readable,pmc_xml,/Users/xingmeng/.openclaw/workspaces/staff-scientist-ideker/agenticWorkflow_LiteratureScreeningAndFullTextReview/runs/host_pathogen_shared_mechanisms_apms_20260826/passes/pass_001/artifacts/fulltext_import/PMC_XML/normalized/PMC4959074.json,medium
pmid-26938301,26938301,PMC4823927,10.1038/cddis.2015.409,"Dengue-induced autophagy, virus replication and protection from cell death require ER stress (PERK) pathway activation.",2016,selected_for_reading,Full text links a primary virus to a host factor or host pathway mechanism.,fulltext_review,readable,pmc_xml,/Users/xingmeng/.openclaw/workspaces/staff-scientist-ideker/agenticWorkflow_LiteratureScreeningAndFullTextReview/runs/host_pathogen_shared_mechanisms_apms_20260826/passes/pass_001/artifacts/fulltext_import/PMC_XML/normalized/PMC4823927.json,medium
pmid-26931565,26931565,PMC4774189,10.1186/s12985-016-0494-6,Inhibition of protein kinase C promotes dengue virus replication.,2016,selected_for_reading,"Full text centers a primary virus and provides assay-supported host interaction, host factor, or pathway mechanism evidence.",fulltext_review,readable,pmc_xml,/Users/xingmeng/.openclaw/workspaces/staff-scientist-ideker/agenticWorkflow_LiteratureScreeningAndFullTextReview/runs/host_pathogen_shared_mechanisms_apms_20260826/passes/pass_001/artifacts/fulltext_import/PMC_XML/normalized/PMC4774189.json,high
pmid-26916387,26916387,PMC4768096,10.1038/srep22060,Understanding HIV-Mycobacteria synergism through comparative proteomics of intra-phagosomal mycobacteria during mono- and HIV co-infection.,2016,selected_for_reading,"Full text centers a primary virus and provides assay-supported host interaction, host factor, or pathway mechanism evidence.",fulltext_review,readable,pmc_xml,/Users/xingmeng/.openclaw/workspaces/staff-scientist-ideker/agenticWorkflow_LiteratureScreeningAndFullTextReview/runs/host_pathogen_shared_mechanisms_apms_20260826/passes/pass_001/artifacts/fulltext_import/PMC_XML/normalized/PMC4768096.json,high
pmid-26895439,26895439,PMC4764501,10.1371/journal.pntd.0004435,A Proteomic Approach Identifies Candidate Early Biomarkers to Predict Severe Dengue in Children.,2016,selected_for_reading,"Full text centers a primary virus and provides assay-supported host interaction, host factor, or pathway mechanism evidence.",fulltext_review,readable,pmc_xml,/Users/xingmeng/.openclaw/workspaces/staff-scientist-ideker/agenticWorkflow_LiteratureScreeningAndFullTextReview/runs/host_pathogen_shared_mechanisms_apms_20260826/passes/pass_001/artifacts/fulltext_import/PMC_XML/normalized/PMC4764501.json,high
pmid-26891316,26891316,PMC4776202,10.3390/v8020047,NF45 and NF90 Bind HIV-1 RNA and Modulate HIV Gene Expression.,2016,selected_for_reading,"Full text centers a primary virus and provides assay-supported host interaction, host factor, or pathway mechanism evidence.",fulltext_review,readable,pmc_xml,/Users/xingmeng/.openclaw/workspaces/staff-scientist-ideker/agenticWorkflow_LiteratureScreeningAndFullTextReview/runs/host_pathogen_shared_mechanisms_apms_20260826/passes/pass_001/artifacts/fulltext_import/PMC_XML/normalized/PMC4776202.json,high
pmid-26885694,26885694,PMC5289284,10.1021/acs.jmedchem.5b01311,Design and Structural Characterization of Potent and Selective Inhibitors of Phosphatidylinositol 4 Kinase IIIβ.,2016,selected_for_reading,"Full text contains useful host-pathogen assay or pathway evidence, but the primary-virus mechanism is less central than in direct papers.",fulltext_review,readable,pmc_xml,/Users/xingmeng/.openclaw/workspaces/staff-scientist-ideker/agenticWorkflow_LiteratureScreeningAndFullTextReview/runs/host_pathogen_shared_mechanisms_apms_20260826/passes/pass_001/artifacts/fulltext_import/PMC_XML/normalized/PMC5289284.json,medium
pmid-26875099,26875099,PMC5364806,10.1016/j.jcv.2016.01.015,"Relative sensitivity of immunohistochemistry, multiple reaction monitoring mass spectrometry, in situ hybridization and PCR to detect Coxsackievirus B1 in A549 cells.",2016,selected_for_reading,"Full text centers a primary virus and provides assay-supported host interaction, host factor, or pathway mechanism evidence.",fulltext_review,readable,pmc_xml,/Users/xingmeng/.openclaw/workspaces/staff-scientist-ideker/agenticWorkflow_LiteratureScreeningAndFullTextReview/runs/host_pathogen_shared_mechanisms_apms_20260826/passes/pass_001/artifacts/fulltext_import/PMC_XML/normalized/PMC5364806.json,high
pmid-26861015,26861015,PMC4752599,10.1128/mBio.01857-15,Direct Visualization of Ebola Virus Fusion Triggering in the Endocytic Pathway.,2016,selected_for_reading,Full text links a primary virus to a host factor or host pathway mechanism.,fulltext_review,readable,pmc_xml,/Users/xingmeng/.openclaw/workspaces/staff-scientist-ideker/agenticWorkflow_LiteratureScreeningAndFullTextReview/runs/host_pathogen_shared_mechanisms_apms_20260826/passes/pass_001/artifacts/fulltext_import/PMC_XML/normalized/PMC4752599.json,medium
pmid-26860204,26860204,PMC4748412,10.1038/srep20819,Ankyrin Repeat Domain 1 is Up-regulated During Hepatitis C Virus Infection and Regulates Hepatitis C Virus Entry.,2016,selected_for_reading,Full text links a primary virus to a host factor or host pathway mechanism.,fulltext_review,readable,pmc_xml,/Users/xingmeng/.openclaw/workspaces/staff-scientist-ideker/agenticWorkflow_LiteratureScreeningAndFullTextReview/runs/host_pathogen_shared_mechanisms_apms_20260826/passes/pass_001/artifacts/fulltext_import/PMC_XML/normalized/PMC4748412.json,medium
pmid-26850110,26850110,PMC4744433,10.1186/s12885-016-2099-2,High mannose-binding Pseudomonas fluorescens lectin (PFL) downregulates cell surface integrin/EGFR and induces autophagy in gastric cancer cells.,2016,selected_for_reading,"Full text contains useful host-pathogen assay or pathway evidence, but the primary-virus mechanism is less central than in direct papers.",fulltext_review,readable,pmc_xml,/Users/xingmeng/.openclaw/workspaces/staff-scientist-ideker/agenticWorkflow_LiteratureScreeningAndFullTextReview/runs/host_pathogen_shared_mechanisms_apms_20260826/passes/pass_001/artifacts/fulltext_import/PMC_XML/normalized/PMC4744433.json,medium
pmid-26821323,26821323,PMC4731573,10.1371/journal.pone.0147421,Analysis of Host Gene Expression Profile in HIV-1 and HIV-2 Infected T-Cells.,2016,selected_for_reading,"Full text centers a primary virus and provides assay-supported host interaction, host factor, or pathway mechanism evidence.",fulltext_review,readable,pmc_xml,/Users/xingmeng/.openclaw/workspaces/staff-scientist-ideker/agenticWorkflow_LiteratureScreeningAndFullTextReview/runs/host_pathogen_shared_mechanisms_apms_20260826/passes/pass_001/artifacts/fulltext_import/PMC_XML/normalized/PMC4731573.json,high
pmid-26818704,26818704,PMC4728791,10.1186/s12879-016-1364-y,Complex interaction between dengue virus replication and expression of miRNA-133a.,2016,selected_for_reading,Full text links a primary virus to a host factor or host pathway mechanism.,fulltext_review,readable,pmc_xml,/Users/xingmeng/.openclaw/workspaces/staff-scientist-ideker/agenticWorkflow_LiteratureScreeningAndFullTextReview/runs/host_pathogen_shared_mechanisms_apms_20260826/passes/pass_001/artifacts/fulltext_import/PMC_XML/normalized/PMC4728791.json,medium
pmid-26811688,26811688,PMC4712971,10.2147/OTT.S91748,Bioinformatics analysis of hepatitis C virus genotype 2a-induced human hepatocellular carcinoma in Huh7 cells.,2016,selected_for_reading,Full text links a primary virus to a host factor or host pathway mechanism.,fulltext_review,readable,pmc_xml,/Users/xingmeng/.openclaw/workspaces/staff-scientist-ideker/agenticWorkflow_LiteratureScreeningAndFullTextReview/runs/host_pathogen_shared_mechanisms_apms_20260826/passes/pass_001/artifacts/fulltext_import/PMC_XML/normalized/PMC4712971.json,medium
pmid-26808496,26808496,PMC4726516,10.1371/journal.pone.0147991,Comparative Proteomics Reveals Important Viral-Host Interactions in HCV-Infected Human Liver Cells.,2016,selected_for_reading,"Full text centers a primary virus and provides assay-supported host interaction, host factor, or pathway mechanism evidence.",fulltext_review,readable,pmc_xml,/Users/xingmeng/.openclaw/workspaces/staff-scientist-ideker/agenticWorkflow_LiteratureScreeningAndFullTextReview/runs/host_pathogen_shared_mechanisms_apms_20260826/passes/pass_001/artifacts/fulltext_import/PMC_XML/normalized/PMC4726516.json,high
pmid-26799490,26799490,PMC4723085,10.1371/journal.pone.0147612,Uncovering New Pathogen-Host Protein-Protein Interactions by Pairwise Structure Similarity.,2016,selected_for_reading,"Full text contains useful host-pathogen assay or pathway evidence, but the primary-virus mechanism is less central than in direct papers.",fulltext_review,readable,pmc_xml,/Users/xingmeng/.openclaw/workspaces/staff-scientist-ideker/agenticWorkflow_LiteratureScreeningAndFullTextReview/runs/host_pathogen_shared_mechanisms_apms_20260826/passes/pass_001/artifacts/fulltext_import/PMC_XML/normalized/PMC4723085.json,medium
pmid-26789921,26789921,PMC4878455,10.1016/j.immuni.2015.12.017,"Targeting Viral Proteostasis Limits Influenza Virus, HIV, and Dengue Virus Infection.",2016,selected_for_reading,"Full text centers a primary virus and provides assay-supported host interaction, host factor, or pathway mechanism evidence.",fulltext_review,readable,pmc_xml,/Users/xingmeng/.openclaw/workspaces/staff-scientist-ideker/agenticWorkflow_LiteratureScreeningAndFullTextReview/runs/host_pathogen_shared_mechanisms_apms_20260826/passes/pass_001/artifacts/fulltext_import/PMC_XML/normalized/PMC4878455.json,high
pmid-26784321,26784321,PMC4718513,10.1371/journal.pone.0147278,C-Terminal Auto-Regulatory Motif of Hepatitis C Virus NS5B Interacts with Human VAPB-MSP to Form a Dynamic Replication Complex.,2016,selected_for_reading,Full text links a primary virus to a host factor or host pathway mechanism.,fulltext_review,readable,pmc_xml,/Users/xingmeng/.openclaw/workspaces/staff-scientist-ideker/agenticWorkflow_LiteratureScreeningAndFullTextReview/runs/host_pathogen_shared_mechanisms_apms_20260826/passes/pass_001/artifacts/fulltext_import/PMC_XML/normalized/PMC4718513.json,medium
pmid-26774171,26774171,PMC4761315,10.1016/j.virol.2015.12.015,Cyclophilin B enhances HIV-1 infection.,2016,selected_for_reading,"Full text centers a primary virus and provides assay-supported host interaction, host factor, or pathway mechanism evidence.",fulltext_review,readable,pmc_xml,/Users/xingmeng/.openclaw/workspaces/staff-scientist-ideker/agenticWorkflow_LiteratureScreeningAndFullTextReview/runs/host_pathogen_shared_mechanisms_apms_20260826/passes/pass_001/artifacts/fulltext_import/PMC_XML/normalized/PMC4761315.json,high
pmid-26765841,26765841,PMC4713165,10.1371/journal.pone.0147007,Intrinsic Viral Factors Are the Dominant Determinants of the Hepatitis C Virus Response to Interferon Alpha Treatment in Chimeric Mice.,2016,selected_for_reading,Full text links a primary virus to a host factor or host pathway mechanism.,fulltext_review,readable,pmc_xml,/Users/xingmeng/.openclaw/workspaces/staff-scientist-ideker/agenticWorkflow_LiteratureScreeningAndFullTextReview/runs/host_pathogen_shared_mechanisms_apms_20260826/passes/pass_001/artifacts/fulltext_import/PMC_XML/normalized/PMC4713165.json,medium
pmid-26758180,26758180,PMC4725006,10.1128/mBio.01862-15,Analysis of the Protein Kinase A-Regulated Proteome of Cryptococcus neoformans Identifies a Role for the Ubiquitin-Proteasome Pathway in Capsule Formation.,2016,selected_for_reading,"Full text contains useful host-pathogen assay or pathway evidence, but the primary-virus mechanism is less central than in direct papers.",fulltext_review,readable,pmc_xml,/Users/xingmeng/.openclaw/workspaces/staff-scientist-ideker/agenticWorkflow_LiteratureScreeningAndFullTextReview/runs/host_pathogen_shared_mechanisms_apms_20260826/passes/pass_001/artifacts/fulltext_import/PMC_XML/normalized/PMC4725006.json,medium
pmid-26735137,26735137,PMC4703206,10.1371/journal.ppat.1005357,Characterization of RyDEN (C19orf66) as an Interferon-Stimulated Cellular Inhibitor against Dengue Virus Replication.,2016,selected_for_reading,"Full text centers a primary virus and provides assay-supported host interaction, host factor, or pathway mechanism evidence.",fulltext_review,readable,pmc_xml,/Users/xingmeng/.openclaw/workspaces/staff-scientist-ideker/agenticWorkflow_LiteratureScreeningAndFullTextReview/runs/host_pathogen_shared_mechanisms_apms_20260826/passes/pass_001/artifacts/fulltext_import/PMC_XML/normalized/PMC4703206.json,high
pmid-26733158,26733158,PMC4939630,10.1515/hsz-2015-0260,Functional organization of human SAMHD1 and mechanisms of HIV-1 restriction.,2016,selected_for_reading,"Full text centers a primary virus and provides assay-supported host interaction, host factor, or pathway mechanism evidence.",fulltext_review,readable,pmc_xml,/Users/xingmeng/.openclaw/workspaces/staff-scientist-ideker/agenticWorkflow_LiteratureScreeningAndFullTextReview/runs/host_pathogen_shared_mechanisms_apms_20260826/passes/pass_001/artifacts/fulltext_import/PMC_XML/normalized/PMC4939630.json,high
pmid-26733069,26733069,PMC4725007,10.1128/mBio.01865-15,Identification of Proteins Bound to Dengue Viral RNA In Vivo Reveals New Host Proteins Important for Virus Replication.,2016,selected_for_reading,"Full text centers a primary virus and provides assay-supported host interaction, host factor, or pathway mechanism evidence.",fulltext_review,readable,pmc_xml,/Users/xingmeng/.openclaw/workspaces/staff-scientist-ideker/agenticWorkflow_LiteratureScreeningAndFullTextReview/runs/host_pathogen_shared_mechanisms_apms_20260826/passes/pass_001/artifacts/fulltext_import/PMC_XML/normalized/PMC4725007.json,high
pmid-26731262,26731262,PMC4701175,10.1371/journal.pone.0145212,A New Signaling Pathway for HCV Inhibition by Estrogen: GPR30 Activation Leads to Cleavage of Occludin by MMP-9.,2016,selected_for_reading,Full text links a primary virus to a host factor or host pathway mechanism.,fulltext_review,readable,pmc_xml,/Users/xingmeng/.openclaw/workspaces/staff-scientist-ideker/agenticWorkflow_LiteratureScreeningAndFullTextReview/runs/host_pathogen_shared_mechanisms_apms_20260826/passes/pass_001/artifacts/fulltext_import/PMC_XML/normalized/PMC4701175.json,medium
pmid-26555039,26555039,PMC4689652,10.1097/QCO.0000000000000221,Maintaining lung health with longstanding HIV.,2016,selected_for_reading,Full text links a primary virus to a host factor or host pathway mechanism.,fulltext_review,readable,pmc_xml,/Users/xingmeng/.openclaw/workspaces/staff-scientist-ideker/agenticWorkflow_LiteratureScreeningAndFullTextReview/runs/host_pathogen_shared_mechanisms_apms_20260826/passes/pass_001/artifacts/fulltext_import/PMC_XML/normalized/PMC4689652.json,medium
pmid-26538602,26538602,PMC4770212,10.1093/nar/gkv1151,HSP70 binding protein 1 (HspBP1) suppresses HIV-1 replication by inhibiting NF-κB mediated activation of viral gene expression.,2016,selected_for_reading,Full text links a primary virus to a host factor or host pathway mechanism.,fulltext_review,readable,pmc_xml,/Users/xingmeng/.openclaw/workspaces/staff-scientist-ideker/agenticWorkflow_LiteratureScreeningAndFullTextReview/runs/host_pathogen_shared_mechanisms_apms_20260826/passes/pass_001/artifacts/fulltext_import/PMC_XML/normalized/PMC4770212.json,medium
pmid-26472049,26472049,PMC4728028,10.1016/j.nano.2015.09.009,The mixed lineage kinase-3 inhibitor URMC-099 improves therapeutic outcomes for long-acting antiretroviral therapy.,2016,selected_for_reading,"Full text contains useful host-pathogen assay or pathway evidence, but the primary-virus mechanism is less central than in direct papers.",fulltext_review,readable,pmc_xml,/Users/xingmeng/.openclaw/workspaces/staff-scientist-ideker/agenticWorkflow_LiteratureScreeningAndFullTextReview/runs/host_pathogen_shared_mechanisms_apms_20260826/passes/pass_001/artifacts/fulltext_import/PMC_XML/normalized/PMC4728028.json,medium
pmid-26360636,26360636,PMC4738181,10.1002/prca.201400189,Investigation of the HIV-1 matrix interactome during virus replication.,2016,selected_for_reading,"Full text centers a primary virus and provides assay-supported host interaction, host factor, or pathway mechanism evidence.",fulltext_review,readable,pmc_xml,/Users/xingmeng/.openclaw/workspaces/staff-scientist-ideker/agenticWorkflow_LiteratureScreeningAndFullTextReview/runs/host_pathogen_shared_mechanisms_apms_20260826/passes/pass_001/artifacts/fulltext_import/PMC_XML/normalized/PMC4738181.json,high
pmid-26033875,26033875,PMC4666820,10.1002/prca.201500002,"Proteomics, biomarkers, and HIV-1: A current perspective.",2016,selected_for_reading,"Full text centers a primary virus and provides assay-supported host interaction, host factor, or pathway mechanism evidence.",fulltext_review,readable,pmc_xml,/Users/xingmeng/.openclaw/workspaces/staff-scientist-ideker/agenticWorkflow_LiteratureScreeningAndFullTextReview/runs/host_pathogen_shared_mechanisms_apms_20260826/passes/pass_001/artifacts/fulltext_import/PMC_XML/normalized/PMC4666820.json,high
pmid-27980386,27980386,PMC5147440,10.4137/CIN.S30563,Quantitative Proteomic Approach for MicroRNA Target Prediction Based on (18)O/(16)O Labeling.,2015,selected_for_reading,"Full text contains useful host-pathogen assay or pathway evidence, but the primary-virus mechanism is less central than in direct papers.",fulltext_review,readable,pmc_xml,/Users/xingmeng/.openclaw/workspaces/staff-scientist-ideker/agenticWorkflow_LiteratureScreeningAndFullTextReview/runs/host_pathogen_shared_mechanisms_apms_20260826/passes/pass_001/artifacts/fulltext_import/PMC_XML/normalized/PMC5147440.json,medium
pmid-26793168,26793168,PMC4707230,10.3389/fmicb.2015.01512,Interaction between Tat and Drugs of Abuse during HIV-1 Infection and Central Nervous System Disease.,2015,selected_for_reading,Full text links a primary virus to a host factor or host pathway mechanism.,fulltext_review,readable,pmc_xml,/Users/xingmeng/.openclaw/workspaces/staff-scientist-ideker/agenticWorkflow_LiteratureScreeningAndFullTextReview/runs/host_pathogen_shared_mechanisms_apms_20260826/passes/pass_001/artifacts/fulltext_import/PMC_XML/normalized/PMC4707230.json,medium
pmid-26666318,26666318,PMC4678629,10.1186/s12985-015-0450-x,The role of HCV proteins on treatment outcomes.,2015,selected_for_reading,Full text links a primary virus to a host factor or host pathway mechanism.,fulltext_review,readable,pmc_xml,/Users/xingmeng/.openclaw/workspaces/staff-scientist-ideker/agenticWorkflow_LiteratureScreeningAndFullTextReview/runs/host_pathogen_shared_mechanisms_apms_20260826/passes/pass_001/artifacts/fulltext_import/PMC_XML/normalized/PMC4678629.json,medium
pmid-26646010,26646010,PMC4676281,10.1128/mBio.01499-15,Kaposi's Sarcoma-Associated Herpesvirus Interleukin-6 Modulates Endothelial Cell Movement by Upregulating Cellular Genes Involved in Migration.,2015,selected_for_reading,Full text links a primary virus to a host factor or host pathway mechanism.,fulltext_review,readable,pmc_xml,/Users/xingmeng/.openclaw/workspaces/staff-scientist-ideker/agenticWorkflow_LiteratureScreeningAndFullTextReview/runs/host_pathogen_shared_mechanisms_apms_20260826/passes/pass_001/artifacts/fulltext_import/PMC_XML/normalized/PMC4676281.json,medium
pmid-26587836,26587836,PMC4654589,10.1371/journal.ppat.1005274,Hsp70 Isoforms Are Essential for the Formation of Kaposi's Sarcoma-Associated Herpesvirus Replication and Transcription Compartments.,2015,selected_for_reading,"Full text centers a primary virus and provides assay-supported host interaction, host factor, or pathway mechanism evidence.",fulltext_review,readable,pmc_xml,/Users/xingmeng/.openclaw/workspaces/staff-scientist-ideker/agenticWorkflow_LiteratureScreeningAndFullTextReview/runs/host_pathogen_shared_mechanisms_apms_20260826/passes/pass_001/artifacts/fulltext_import/PMC_XML/normalized/PMC4654589.json,high
pmid-26584240,26584240,PMC4877169,10.1016/j.virol.2015.06.001,HIV-1 and two avian retroviral 5' untranslated regions bind orthologous human and chicken RNA binding proteins.,2015,selected_for_reading,"Full text centers a primary virus and provides assay-supported host interaction, host factor, or pathway mechanism evidence.",fulltext_review,readable,pmc_xml,/Users/xingmeng/.openclaw/workspaces/staff-scientist-ideker/agenticWorkflow_LiteratureScreeningAndFullTextReview/runs/host_pathogen_shared_mechanisms_apms_20260826/passes/pass_001/artifacts/fulltext_import/PMC_XML/normalized/PMC4877169.json,high
pmid-26582347,26582347,PMC4652184,10.1038/srep16833,Slit2N Inhibits Transmission of HIV-1 from Dendritic Cells to T-cells by Modulating Novel Cytoskeletal Elements.,2015,selected_for_reading,"Full text centers a primary virus and provides assay-supported host interaction, host factor, or pathway mechanism evidence.",fulltext_review,readable,pmc_xml,/Users/xingmeng/.openclaw/workspaces/staff-scientist-ideker/agenticWorkflow_LiteratureScreeningAndFullTextReview/runs/host_pathogen_shared_mechanisms_apms_20260826/passes/pass_001/artifacts/fulltext_import/PMC_XML/normalized/PMC4652184.json,high
pmid-26572220,26572220,PMC4647599,10.1186/s12879-015-1271-7,Differential proteomic analysis of virus-enriched fractions obtained from plasma pools of patients with dengue fever or severe dengue.,2015,selected_for_reading,"Full text centers a primary virus and provides assay-supported host interaction, host factor, or pathway mechanism evidence.",fulltext_review,readable,pmc_xml,/Users/xingmeng/.openclaw/workspaces/staff-scientist-ideker/agenticWorkflow_LiteratureScreeningAndFullTextReview/runs/host_pathogen_shared_mechanisms_apms_20260826/passes/pass_001/artifacts/fulltext_import/PMC_XML/normalized/PMC4647599.json,high
pmid-26567527,26567527,PMC4644952,10.1038/srep16699,Involvement of FKBP6 in hepatitis C virus replication.,2015,selected_for_reading,Full text links a primary virus to a host factor or host pathway mechanism.,fulltext_review,readable,pmc_xml,/Users/xingmeng/.openclaw/workspaces/staff-scientist-ideker/agenticWorkflow_LiteratureScreeningAndFullTextReview/runs/host_pathogen_shared_mechanisms_apms_20260826/passes/pass_001/artifacts/fulltext_import/PMC_XML/normalized/PMC4644952.json,medium
pmid-26566123,26566123,PMC4643912,10.1371/journal.pntd.0004227,Production of Infectious Dengue Virus in Aedes aegypti Is Dependent on the Ubiquitin Proteasome Pathway.,2015,selected_for_reading,Full text links a primary virus to a host factor or host pathway mechanism.,fulltext_review,readable,pmc_xml,/Users/xingmeng/.openclaw/workspaces/staff-scientist-ideker/agenticWorkflow_LiteratureScreeningAndFullTextReview/runs/host_pathogen_shared_mechanisms_apms_20260826/passes/pass_001/artifacts/fulltext_import/PMC_XML/normalized/PMC4643912.json,medium
pmid-26544179,26544179,PMC4636247,10.1371/journal.pone.0142082,Quantitative Proteomics Analysis of the Hepatitis C Virus Replicon High-Permissive and Low-Permissive Cell Lines.,2015,selected_for_reading,"Full text centers a primary virus and provides assay-supported host interaction, host factor, or pathway mechanism evidence.",fulltext_review,readable,pmc_xml,/Users/xingmeng/.openclaw/workspaces/staff-scientist-ideker/agenticWorkflow_LiteratureScreeningAndFullTextReview/runs/host_pathogen_shared_mechanisms_apms_20260826/passes/pass_001/artifacts/fulltext_import/PMC_XML/normalized/PMC4636247.json,high
pmid-26526588,26526588,PMC4699661,10.1016/j.antiviral.2015.10.013,Targeting host lipid synthesis and metabolism to inhibit dengue and hepatitis C viruses.,2015,selected_for_reading,"Full text centers a primary virus and provides assay-supported host interaction, host factor, or pathway mechanism evidence.",fulltext_review,readable,pmc_xml,/Users/xingmeng/.openclaw/workspaces/staff-scientist-ideker/agenticWorkflow_LiteratureScreeningAndFullTextReview/runs/host_pathogen_shared_mechanisms_apms_20260826/passes/pass_001/artifacts/fulltext_import/PMC_XML/normalized/PMC4699661.json,high
pmid-26466362,26466362,PMC4605695,10.1371/journal.pone.0140404,A Genome-Wide Screen for Machinery Involved in Downregulation of MHC Class I by HIV-1 Nef.,2015,selected_for_reading,"Full text centers a primary virus and provides assay-supported host interaction, host factor, or pathway mechanism evidence.",fulltext_review,readable,pmc_xml,/Users/xingmeng/.openclaw/workspaces/staff-scientist-ideker/agenticWorkflow_LiteratureScreeningAndFullTextReview/runs/host_pathogen_shared_mechanisms_apms_20260826/passes/pass_001/artifacts/fulltext_import/PMC_XML/normalized/PMC4605695.json,high
pmid-26439863,26439863,PMC4608997,10.1016/j.chom.2015.09.003,Cell Surface Proteomic Map of HIV Infection Reveals Antagonism of Amino Acid Metabolism by Vpu and Nef.,2015,selected_for_reading,"Full text centers a primary virus and provides assay-supported host interaction, host factor, or pathway mechanism evidence.",fulltext_review,readable,pmc_xml,/Users/xingmeng/.openclaw/workspaces/staff-scientist-ideker/agenticWorkflow_LiteratureScreeningAndFullTextReview/runs/host_pathogen_shared_mechanisms_apms_20260826/passes/pass_001/artifacts/fulltext_import/PMC_XML/normalized/PMC4608997.json,high
pmid-26406250,26406250,PMC4583462,10.1371/journal.ppat.1005185,Modulation of the Host Lipid Landscape to Promote RNA Virus Replication: The Picornavirus Encephalomyocarditis Virus Converges on the Pathway Used by Hepatitis C Virus.,2015,selected_for_reading,"Full text centers a primary virus and provides assay-supported host interaction, host factor, or pathway mechanism evidence.",fulltext_review,readable,pmc_xml,/Users/xingmeng/.openclaw/workspaces/staff-scientist-ideker/agenticWorkflow_LiteratureScreeningAndFullTextReview/runs/host_pathogen_shared_mechanisms_apms_20260826/passes/pass_001/artifacts/fulltext_import/PMC_XML/normalized/PMC4583462.json,high
pmid-26403951,26403951,PMC4636958,10.1021/acs.jproteome.5b00718,Mass-Selected Site-Specific Core-Fucosylation of Serum Proteins in Hepatocellular Carcinoma.,2015,selected_for_reading,"Full text contains useful host-pathogen assay or pathway evidence, but the primary-virus mechanism is less central than in direct papers.",fulltext_review,readable,pmc_xml,/Users/xingmeng/.openclaw/workspaces/staff-scientist-ideker/agenticWorkflow_LiteratureScreeningAndFullTextReview/runs/host_pathogen_shared_mechanisms_apms_20260826/passes/pass_001/artifacts/fulltext_import/PMC_XML/normalized/PMC4636958.json,medium
pmid-26389898,26389898,PMC4613318,10.3390/ijms160922456,Isolation of Endogenously Assembled RNA-Protein Complexes Using Affinity Purification Based on Streptavidin Aptamer S1.,2015,selected_for_reading,"Full text contains useful host-pathogen assay or pathway evidence, but the primary-virus mechanism is less central than in direct papers.",fulltext_review,readable,pmc_xml,/Users/xingmeng/.openclaw/workspaces/staff-scientist-ideker/agenticWorkflow_LiteratureScreeningAndFullTextReview/runs/host_pathogen_shared_mechanisms_apms_20260826/passes/pass_001/artifacts/fulltext_import/PMC_XML/normalized/PMC4613318.json,medium
pmid-26385832,26385832,PMC4685255,10.1016/j.jtbi.2015.08.032,A multi-scale mathematical modeling framework to investigate anti-viral therapeutic opportunities in targeting HIV-1 accessory proteins.,2015,selected_for_reading,Full text links a primary virus to a host factor or host pathway mechanism.,fulltext_review,readable,pmc_xml,/Users/xingmeng/.openclaw/workspaces/staff-scientist-ideker/agenticWorkflow_LiteratureScreeningAndFullTextReview/runs/host_pathogen_shared_mechanisms_apms_20260826/passes/pass_001/artifacts/fulltext_import/PMC_XML/normalized/PMC4685255.json,medium
pmid-26384734,26384734,PMC4815241,10.1002/pro.2807,NMR analysis of the interaction of picornaviral proteinases Lb and 2A with their substrate eukaryotic initiation factor 4GII.,2015,selected_for_reading,"Full text has plausible host pathway or host-factor mechanism context for a primary virus, but evidence is not strongly assay-centered.",fulltext_review,readable,pmc_xml,/Users/xingmeng/.openclaw/workspaces/staff-scientist-ideker/agenticWorkflow_LiteratureScreeningAndFullTextReview/runs/host_pathogen_shared_mechanisms_apms_20260826/passes/pass_001/artifacts/fulltext_import/PMC_XML/normalized/PMC4815241.json,low
pmid-26362536,26362536,PMC4566291,10.1186/s12985-015-0365-6,Proteomic analysis of HIV-1 Gag interacting partners using proximity-dependent biotinylation.,2015,selected_for_reading,"Full text centers a primary virus and provides assay-supported host interaction, host factor, or pathway mechanism evidence.",fulltext_review,readable,pmc_xml,/Users/xingmeng/.openclaw/workspaces/staff-scientist-ideker/agenticWorkflow_LiteratureScreeningAndFullTextReview/runs/host_pathogen_shared_mechanisms_apms_20260826/passes/pass_001/artifacts/fulltext_import/PMC_XML/normalized/PMC4566291.json,high
pmid-26361997,26361997,PMC4806579,10.1099/jgv.0.000283,Inhibition of hepatitis C virus RNA replication by ISG15 does not require its conjugation to protein substrates by the HERC5 E3 ligase.,2015,selected_for_reading,Full text links a primary virus to a host factor or host pathway mechanism.,fulltext_review,readable,pmc_xml,/Users/xingmeng/.openclaw/workspaces/staff-scientist-ideker/agenticWorkflow_LiteratureScreeningAndFullTextReview/runs/host_pathogen_shared_mechanisms_apms_20260826/passes/pass_001/artifacts/fulltext_import/PMC_XML/normalized/PMC4806579.json,medium
pmid-26323588,26323588,PMC4555030,10.1038/srep13344,PI4K-beta and MKNK1 are regulators of hepatitis C virus IRES-dependent translation.,2015,selected_for_reading,Full text links a primary virus to a host factor or host pathway mechanism.,fulltext_review,readable,pmc_xml,/Users/xingmeng/.openclaw/workspaces/staff-scientist-ideker/agenticWorkflow_LiteratureScreeningAndFullTextReview/runs/host_pathogen_shared_mechanisms_apms_20260826/passes/pass_001/artifacts/fulltext_import/PMC_XML/normalized/PMC4555030.json,medium
pmid-26287230,26287230,PMC4576186,10.3390/v7082825,The Virus-Host Interplay: Biogenesis of +RNA Replication Complexes.,2015,selected_for_reading,"Full text contains useful host-pathogen assay or pathway evidence, but the primary-virus mechanism is less central than in direct papers.",fulltext_review,readable,pmc_xml,/Users/xingmeng/.openclaw/workspaces/staff-scientist-ideker/agenticWorkflow_LiteratureScreeningAndFullTextReview/runs/host_pathogen_shared_mechanisms_apms_20260826/passes/pass_001/artifacts/fulltext_import/PMC_XML/normalized/PMC4576186.json,medium
pmid-26284498,26284498,PMC4536748,10.7554/eLife.05397,A molecular tweezer antagonizes seminal amyloids and HIV infection.,2015,selected_for_reading,Full text links a primary virus to a host factor or host pathway mechanism.,fulltext_review,readable,pmc_xml,/Users/xingmeng/.openclaw/workspaces/staff-scientist-ideker/agenticWorkflow_LiteratureScreeningAndFullTextReview/runs/host_pathogen_shared_mechanisms_apms_20260826/passes/pass_001/artifacts/fulltext_import/PMC_XML/normalized/PMC4536748.json,medium
pmid-26276314,26276314,PMC4684824,10.1016/j.ymeth.2015.08.008,Antisense-mediated affinity purification of dengue virus ribonucleoprotein complexes from infected cells.,2015,selected_for_reading,"Full text centers a primary virus and provides assay-supported host interaction, host factor, or pathway mechanism evidence.",fulltext_review,readable,pmc_xml,/Users/xingmeng/.openclaw/workspaces/staff-scientist-ideker/agenticWorkflow_LiteratureScreeningAndFullTextReview/runs/host_pathogen_shared_mechanisms_apms_20260826/passes/pass_001/artifacts/fulltext_import/PMC_XML/normalized/PMC4684824.json,high
pmid-26263384,26263384,PMC4532463,10.1371/journal.pone.0135560,KSHV MicroRNAs Repress Tropomyosin 1 and Increase Anchorage-Independent Growth and Endothelial Tube Formation.,2015,selected_for_reading,"Full text centers a primary virus and provides assay-supported host interaction, host factor, or pathway mechanism evidence.",fulltext_review,readable,pmc_xml,/Users/xingmeng/.openclaw/workspaces/staff-scientist-ideker/agenticWorkflow_LiteratureScreeningAndFullTextReview/runs/host_pathogen_shared_mechanisms_apms_20260826/passes/pass_001/artifacts/fulltext_import/PMC_XML/normalized/PMC4532463.json,high
pmid-26258523,26258523,PMC4530887,10.1371/journal.pone.0134823,NMR and MD Studies Reveal That the Isolated Dengue NS3 Protease Is an Intrinsically Disordered Chymotrypsin Fold Which Absolutely Requests NS2B for Correct Folding and Functional Dynamics.,2015,selected_for_reading,Full text links a primary virus to a host factor or host pathway mechanism.,fulltext_review,readable,pmc_xml,/Users/xingmeng/.openclaw/workspaces/staff-scientist-ideker/agenticWorkflow_LiteratureScreeningAndFullTextReview/runs/host_pathogen_shared_mechanisms_apms_20260826/passes/pass_001/artifacts/fulltext_import/PMC_XML/normalized/PMC4530887.json,medium
pmid-26217718,26217718,PMC4510051,10.1016/j.dib.2015.01.009,A signature for immune response correlates with HCV treatment outcome in Caucasian subjects.,2015,selected_for_reading,"Full text centers a primary virus and provides assay-supported host interaction, host factor, or pathway mechanism evidence.",fulltext_review,readable,pmc_xml,/Users/xingmeng/.openclaw/workspaces/staff-scientist-ideker/agenticWorkflow_LiteratureScreeningAndFullTextReview/runs/host_pathogen_shared_mechanisms_apms_20260826/passes/pass_001/artifacts/fulltext_import/PMC_XML/normalized/PMC4510051.json,high
pmid-26215564,26215564,PMC4517359,10.1186/s12977-015-0192-2,HIV-1 Vpu utilizes both cullin-RING ligase (CRL) dependent and independent mechanisms to downmodulate host proteins.,2015,selected_for_reading,Full text links a primary virus to a host factor or host pathway mechanism.,fulltext_review,readable,pmc_xml,/Users/xingmeng/.openclaw/workspaces/staff-scientist-ideker/agenticWorkflow_LiteratureScreeningAndFullTextReview/runs/host_pathogen_shared_mechanisms_apms_20260826/passes/pass_001/artifacts/fulltext_import/PMC_XML/normalized/PMC4517359.json,medium
pmid-26212323,26212323,PMC4836839,10.1016/j.celrep.2015.06.063,Quantitative Proteomics Identifies Serum Response Factor Binding Protein 1 as a Host Factor for Hepatitis C Virus Entry.,2015,selected_for_reading,"Full text centers a primary virus and provides assay-supported host interaction, host factor, or pathway mechanism evidence.",fulltext_review,readable,pmc_xml,/Users/xingmeng/.openclaw/workspaces/staff-scientist-ideker/agenticWorkflow_LiteratureScreeningAndFullTextReview/runs/host_pathogen_shared_mechanisms_apms_20260826/passes/pass_001/artifacts/fulltext_import/PMC_XML/normalized/PMC4836839.json,high
pmid-26205405,26205405,PMC4517139,10.3390/v7072810,Exosomes: Implications in HIV-1 Pathogenesis.,2015,selected_for_reading,"Full text centers a primary virus and provides assay-supported host interaction, host factor, or pathway mechanism evidence.",fulltext_review,readable,pmc_xml,/Users/xingmeng/.openclaw/workspaces/staff-scientist-ideker/agenticWorkflow_LiteratureScreeningAndFullTextReview/runs/host_pathogen_shared_mechanisms_apms_20260826/passes/pass_001/artifacts/fulltext_import/PMC_XML/normalized/PMC4517139.json,high
pmid-26185986,26185986,PMC4505943,10.1371/journal.pone.0132839,AAM-B Interacts with Nonstructural 4B and Regulates Hepatitis C Virus Propagation.,2015,selected_for_reading,"Full text centers a primary virus and provides assay-supported host interaction, host factor, or pathway mechanism evidence.",fulltext_review,readable,pmc_xml,/Users/xingmeng/.openclaw/workspaces/staff-scientist-ideker/agenticWorkflow_LiteratureScreeningAndFullTextReview/runs/host_pathogen_shared_mechanisms_apms_20260826/passes/pass_001/artifacts/fulltext_import/PMC_XML/normalized/PMC4505943.json,high
pmid-26181333,26181333,PMC4504712,10.1371/journal.ppat.1005050,Lv4 Is a Capsid-Specific Antiviral Activity in Human Blood Cells That Restricts Viruses of the SIVMAC/SIVSM/HIV-2 Lineage Prior to Integration.,2015,selected_for_reading,Full text links a primary virus to a host factor or host pathway mechanism.,fulltext_review,readable,pmc_xml,/Users/xingmeng/.openclaw/workspaces/staff-scientist-ideker/agenticWorkflow_LiteratureScreeningAndFullTextReview/runs/host_pathogen_shared_mechanisms_apms_20260826/passes/pass_001/artifacts/fulltext_import/PMC_XML/normalized/PMC4504712.json,medium
pmid-26178009,26178009,PMC4504130,10.1186/s12977-015-0190-4,Reactivation of latent HIV-1 provirus via targeting protein phosphatase-1.,2015,selected_for_reading,"Full text centers a primary virus and provides assay-supported host interaction, host factor, or pathway mechanism evidence.",fulltext_review,readable,pmc_xml,/Users/xingmeng/.openclaw/workspaces/staff-scientist-ideker/agenticWorkflow_LiteratureScreeningAndFullTextReview/runs/host_pathogen_shared_mechanisms_apms_20260826/passes/pass_001/artifacts/fulltext_import/PMC_XML/normalized/PMC4504130.json,high
pmid-26172439,26172439,PMC4501562,10.1371/journal.ppat.1005024,Vpu Exploits the Cross-Talk between BST2 and the ILT7 Receptor to Suppress Anti-HIV-1 Responses by Plasmacytoid Dendritic Cells.,2015,selected_for_reading,Full text links a primary virus to a host factor or host pathway mechanism.,fulltext_review,readable,pmc_xml,/Users/xingmeng/.openclaw/workspaces/staff-scientist-ideker/agenticWorkflow_LiteratureScreeningAndFullTextReview/runs/host_pathogen_shared_mechanisms_apms_20260826/passes/pass_001/artifacts/fulltext_import/PMC_XML/normalized/PMC4501562.json,medium
pmid-26161501,26161501,PMC4498383,10.1038/srep10592,Understanding Dengue Virus Capsid Protein Interaction with Key Biological Targets.,2015,selected_for_reading,Full text links a primary virus to a host factor or host pathway mechanism.,fulltext_review,readable,pmc_xml,/Users/xingmeng/.openclaw/workspaces/staff-scientist-ideker/agenticWorkflow_LiteratureScreeningAndFullTextReview/runs/host_pathogen_shared_mechanisms_apms_20260826/passes/pass_001/artifacts/fulltext_import/PMC_XML/normalized/PMC4498383.json,medium
pmid-26157746,26157746,PMC4493352,10.3350/cmh.2015.21.2.105,Hepatitis C virus-induced hepatocellular carcinoma.,2015,selected_for_reading,Full text links a primary virus to a host factor or host pathway mechanism.,fulltext_review,readable,pmc_xml,/Users/xingmeng/.openclaw/workspaces/staff-scientist-ideker/agenticWorkflow_LiteratureScreeningAndFullTextReview/runs/host_pathogen_shared_mechanisms_apms_20260826/passes/pass_001/artifacts/fulltext_import/PMC_XML/normalized/PMC4493352.json,medium
pmid-26138103,26138103,PMC4824004,10.1126/science.aab3369,Dengue subgenomic RNA binds TRIM25 to inhibit interferon expression for epidemiological fitness.,2015,selected_for_reading,"Full text centers a primary virus and provides assay-supported host interaction, host factor, or pathway mechanism evidence.",fulltext_review,readable,pmc_xml,/Users/xingmeng/.openclaw/workspaces/staff-scientist-ideker/agenticWorkflow_LiteratureScreeningAndFullTextReview/runs/host_pathogen_shared_mechanisms_apms_20260826/passes/pass_001/artifacts/fulltext_import/PMC_XML/normalized/PMC4824004.json,high
pmid-26129669,26129669,PMC4487854,10.1186/s12977-015-0182-4,Nuclear matrix protein Matrin 3 is a regulator of ZAP-mediated retroviral restriction.,2015,selected_for_reading,"Full text contains useful host-pathogen assay or pathway evidence, but the primary-virus mechanism is less central than in direct papers.",fulltext_review,readable,pmc_xml,/Users/xingmeng/.openclaw/workspaces/staff-scientist-ideker/agenticWorkflow_LiteratureScreeningAndFullTextReview/runs/host_pathogen_shared_mechanisms_apms_20260826/passes/pass_001/artifacts/fulltext_import/PMC_XML/normalized/PMC4487854.json,medium
pmid-26090884,26090884,PMC4475052,10.1371/journal.pone.0130404,Non-Cationic Proteins Are Associated with HIV Neutralizing Activity in Genital Secretions of Female Sex Workers.,2015,selected_for_reading,"Full text centers a primary virus and provides assay-supported host interaction, host factor, or pathway mechanism evidence.",fulltext_review,readable,pmc_xml,/Users/xingmeng/.openclaw/workspaces/staff-scientist-ideker/agenticWorkflow_LiteratureScreeningAndFullTextReview/runs/host_pathogen_shared_mechanisms_apms_20260826/passes/pass_001/artifacts/fulltext_import/PMC_XML/normalized/PMC4475052.json,high
pmid-26037114,26037114,PMC4618049,10.1007/s13365-015-0356-9,Chronic SIV and morphine treatment increases heat shock protein 5 expression at the synapse.,2015,selected_for_reading,"Full text contains useful host-pathogen assay or pathway evidence, but the primary-virus mechanism is less central than in direct papers.",fulltext_review,readable,pmc_xml,/Users/xingmeng/.openclaw/workspaces/staff-scientist-ideker/agenticWorkflow_LiteratureScreeningAndFullTextReview/runs/host_pathogen_shared_mechanisms_apms_20260826/passes/pass_001/artifacts/fulltext_import/PMC_XML/normalized/PMC4618049.json,medium
pmid-26001115,26001115,PMC4441479,10.1371/journal.pgen.1005252,The Broad-Spectrum Antiviral Protein ZAP Restricts Human Retrotransposition.,2015,selected_for_reading,"Full text contains useful host-pathogen assay or pathway evidence, but the primary-virus mechanism is less central than in direct papers.",fulltext_review,readable,pmc_xml,/Users/xingmeng/.openclaw/workspaces/staff-scientist-ideker/agenticWorkflow_LiteratureScreeningAndFullTextReview/runs/host_pathogen_shared_mechanisms_apms_20260826/passes/pass_001/artifacts/fulltext_import/PMC_XML/normalized/PMC4441479.json,medium
pmid-25981045,25981045,PMC4613747,10.1016/j.celrep.2015.04.038,Lineage-Specific Viral Hijacking of Non-canonical E3 Ubiquitin Ligase Cofactors in the Evolution of Vif Anti-APOBEC3 Activity.,2015,selected_for_reading,"Full text contains useful host-pathogen assay or pathway evidence, but the primary-virus mechanism is less central than in direct papers.",fulltext_review,readable,pmc_xml,/Users/xingmeng/.openclaw/workspaces/staff-scientist-ideker/agenticWorkflow_LiteratureScreeningAndFullTextReview/runs/host_pathogen_shared_mechanisms_apms_20260826/passes/pass_001/artifacts/fulltext_import/PMC_XML/normalized/PMC4613747.json,medium
pmid-25965334,25965334,PMC4428876,10.1371/journal.ppat.1004899,A ribonucleoprotein complex protects the interleukin-6 mRNA from degradation by distinct herpesviral endonucleases.,2015,selected_for_reading,"Full text contains useful host-pathogen assay or pathway evidence, but the primary-virus mechanism is less central than in direct papers.",fulltext_review,readable,pmc_xml,/Users/xingmeng/.openclaw/workspaces/staff-scientist-ideker/agenticWorkflow_LiteratureScreeningAndFullTextReview/runs/host_pathogen_shared_mechanisms_apms_20260826/passes/pass_001/artifacts/fulltext_import/PMC_XML/normalized/PMC4428876.json,medium
pmid-25944559,25944559,PMC4768108,10.1016/j.bbamem.2015.04.015,"Interaction between the NS4B amphipathic helix, AH2, and charged lipid headgroups alters membrane morphology and AH2 oligomeric state--Implications for the Hepatitis C virus life cycle.",2015,selected_for_reading,"Full text centers a primary virus and provides assay-supported host interaction, host factor, or pathway mechanism evidence.",fulltext_review,readable,pmc_xml,/Users/xingmeng/.openclaw/workspaces/staff-scientist-ideker/agenticWorkflow_LiteratureScreeningAndFullTextReview/runs/host_pathogen_shared_mechanisms_apms_20260826/passes/pass_001/artifacts/fulltext_import/PMC_XML/normalized/PMC4768108.json,high
pmid-25915798,25915798,PMC4411132,10.1371/journal.pone.0125619,Viral bimolecular fluorescence complementation: a novel tool to study intracellular vesicular trafficking pathways.,2015,selected_for_reading,"Full text contains useful host-pathogen assay or pathway evidence, but the primary-virus mechanism is less central than in direct papers.",fulltext_review,readable,pmc_xml,/Users/xingmeng/.openclaw/workspaces/staff-scientist-ideker/agenticWorkflow_LiteratureScreeningAndFullTextReview/runs/host_pathogen_shared_mechanisms_apms_20260826/passes/pass_001/artifacts/fulltext_import/PMC_XML/normalized/PMC4411132.json,medium
pmid-25915421,25915421,PMC4411168,10.1371/journal.pone.0125563,Toll-Interacting Protein Suppresses HIV-1 Long-Terminal-Repeat-Driven Gene Expression and Silences the Post-Integrational Transcription of Viral Proviral DNA.,2015,selected_for_reading,Full text links a primary virus to a host factor or host pathway mechanism.,fulltext_review,readable,pmc_xml,/Users/xingmeng/.openclaw/workspaces/staff-scientist-ideker/agenticWorkflow_LiteratureScreeningAndFullTextReview/runs/host_pathogen_shared_mechanisms_apms_20260826/passes/pass_001/artifacts/fulltext_import/PMC_XML/normalized/PMC4411168.json,medium
pmid-25909246,25909246,PMC4408979,10.1038/srep09773,Chemical proteomic identification of T-plastin as a novel host cell response factor in HCV infection.,2015,selected_for_reading,"Full text centers a primary virus and provides assay-supported host interaction, host factor, or pathway mechanism evidence.",fulltext_review,readable,pmc_xml,/Users/xingmeng/.openclaw/workspaces/staff-scientist-ideker/agenticWorkflow_LiteratureScreeningAndFullTextReview/runs/host_pathogen_shared_mechanisms_apms_20260826/passes/pass_001/artifacts/fulltext_import/PMC_XML/normalized/PMC4408979.json,high
pmid-25901786,25901786,PMC4423214,10.1038/ncomms7945,ASK1 restores the antiviral activity of APOBEC3G by disrupting HIV-1 Vif-mediated counteraction.,2015,selected_for_reading,Full text links a primary virus to a host factor or host pathway mechanism.,fulltext_review,readable,pmc_xml,/Users/xingmeng/.openclaw/workspaces/staff-scientist-ideker/agenticWorkflow_LiteratureScreeningAndFullTextReview/runs/host_pathogen_shared_mechanisms_apms_20260826/passes/pass_001/artifacts/fulltext_import/PMC_XML/normalized/PMC4423214.json,medium
pmid-25900325,25900325,PMC4487608,10.1002/pmic.201500038,Phosphorylation of HEXIM1 at Tyr271 and Tyr274 Promotes Release of P-TEFb from the 7SK snRNP Complex and Enhances Proviral HIV Gene Expression.,2015,selected_for_reading,"Full text centers a primary virus and provides assay-supported host interaction, host factor, or pathway mechanism evidence.",fulltext_review,readable,pmc_xml,/Users/xingmeng/.openclaw/workspaces/staff-scientist-ideker/agenticWorkflow_LiteratureScreeningAndFullTextReview/runs/host_pathogen_shared_mechanisms_apms_20260826/passes/pass_001/artifacts/fulltext_import/PMC_XML/normalized/PMC4487608.json,high
pmid-25896946,25896946,PMC4544506,10.1007/s40261-015-0279-5,An open-label investigation into drug-drug interactions between multiple doses of daclatasvir and single-dose cyclosporine or tacrolimus in healthy subjects.,2015,selected_for_reading,"Full text contains useful host-pathogen assay or pathway evidence, but the primary-virus mechanism is less central than in direct papers.",fulltext_review,readable,pmc_xml,/Users/xingmeng/.openclaw/workspaces/staff-scientist-ideker/agenticWorkflow_LiteratureScreeningAndFullTextReview/runs/host_pathogen_shared_mechanisms_apms_20260826/passes/pass_001/artifacts/fulltext_import/PMC_XML/normalized/PMC4544506.json,medium
pmid-25896322,25896322,PMC4503379,10.1038/nature14308,Intrinsic retroviral reactivation in human preimplantation embryos and pluripotent cells.,2015,selected_for_reading,"Full text contains useful host-pathogen assay or pathway evidence, but the primary-virus mechanism is less central than in direct papers.",fulltext_review,readable,pmc_xml,/Users/xingmeng/.openclaw/workspaces/staff-scientist-ideker/agenticWorkflow_LiteratureScreeningAndFullTextReview/runs/host_pathogen_shared_mechanisms_apms_20260826/passes/pass_001/artifacts/fulltext_import/PMC_XML/normalized/PMC4503379.json,medium
pmid-25894481,25894481,PMC5868752,10.1002/pmic.201400624,Proteomic profiling identifies the SIM-associated complex of KSHV-encoded LANA.,2015,selected_for_reading,"Full text centers a primary virus and provides assay-supported host interaction, host factor, or pathway mechanism evidence.",fulltext_review,readable,pmc_xml,/Users/xingmeng/.openclaw/workspaces/staff-scientist-ideker/agenticWorkflow_LiteratureScreeningAndFullTextReview/runs/host_pathogen_shared_mechanisms_apms_20260826/passes/pass_001/artifacts/fulltext_import/PMC_XML/normalized/PMC5868752.json,high
pmid-25890075,25890075,PMC5557381,10.1016/j.ejmech.2015.04.022,"Discovery of the 2-phenyl-4,5,6,7-Tetrahydro-1H-indole as a novel anti-hepatitis C virus targeting scaffold.",2015,selected_for_reading,Full text links a primary virus to a host factor or host pathway mechanism.,fulltext_review,readable,pmc_xml,/Users/xingmeng/.openclaw/workspaces/staff-scientist-ideker/agenticWorkflow_LiteratureScreeningAndFullTextReview/runs/host_pathogen_shared_mechanisms_apms_20260826/passes/pass_001/artifacts/fulltext_import/PMC_XML/normalized/PMC5557381.json,medium
pmid-25874870,25874870,PMC4395413,10.1371/journal.pone.0122994,Proteomic profiling of SupT1 cells reveal modulation of host proteins by HIV-1 Nef variants.,2015,selected_for_reading,"Full text centers a primary virus and provides assay-supported host interaction, host factor, or pathway mechanism evidence.",fulltext_review,readable,pmc_xml,/Users/xingmeng/.openclaw/workspaces/staff-scientist-ideker/agenticWorkflow_LiteratureScreeningAndFullTextReview/runs/host_pathogen_shared_mechanisms_apms_20260826/passes/pass_001/artifacts/fulltext_import/PMC_XML/normalized/PMC4395413.json,high
pmid-25810538,25810538,PMC4442425,10.1128/JVI.03627-14,Early Kinetics of the HLA Class I-Associated Peptidome of MVA.HIVconsv-Infected Cells.,2015,selected_for_reading,"Full text contains useful host-pathogen assay or pathway evidence, but the primary-virus mechanism is less central than in direct papers.",fulltext_review,readable,pmc_xml,/Users/xingmeng/.openclaw/workspaces/staff-scientist-ideker/agenticWorkflow_LiteratureScreeningAndFullTextReview/runs/host_pathogen_shared_mechanisms_apms_20260826/passes/pass_001/artifacts/fulltext_import/PMC_XML/normalized/PMC4442425.json,medium
pmid-25809442,25809442,PMC4559851,10.1002/pmic.201500009,Proteomic approaches to analyzing hepatitis C virus biology.,2015,selected_for_reading,"Full text centers a primary virus and provides assay-supported host interaction, host factor, or pathway mechanism evidence.",fulltext_review,readable,pmc_xml,/Users/xingmeng/.openclaw/workspaces/staff-scientist-ideker/agenticWorkflow_LiteratureScreeningAndFullTextReview/runs/host_pathogen_shared_mechanisms_apms_20260826/passes/pass_001/artifacts/fulltext_import/PMC_XML/normalized/PMC4559851.json,high
pmid-25809198,25809198,PMC4357141,10.1186/s12977-014-0134-4,HIV-1 IN/Pol recruits LEDGF/p75 into viral particles.,2015,selected_for_reading,"Full text centers a primary virus and provides assay-supported host interaction, host factor, or pathway mechanism evidence.",fulltext_review,readable,pmc_xml,/Users/xingmeng/.openclaw/workspaces/staff-scientist-ideker/agenticWorkflow_LiteratureScreeningAndFullTextReview/runs/host_pathogen_shared_mechanisms_apms_20260826/passes/pass_001/artifacts/fulltext_import/PMC_XML/normalized/PMC4357141.json,high
pmid-25789864,25789864,PMC4366144,10.1371/journal.pone.0118527,Plasma protein biomarkers of hepatocellular carcinoma in HCV-infected alcoholic patients with cirrhosis.,2015,selected_for_reading,"Full text centers a primary virus and provides assay-supported host interaction, host factor, or pathway mechanism evidence.",fulltext_review,readable,pmc_xml,/Users/xingmeng/.openclaw/workspaces/staff-scientist-ideker/agenticWorkflow_LiteratureScreeningAndFullTextReview/runs/host_pathogen_shared_mechanisms_apms_20260826/passes/pass_001/artifacts/fulltext_import/PMC_XML/normalized/PMC4366144.json,high
pmid-25781918,25781918,PMC4379565,10.3390/v7031153,Advanced molecular surveillance of hepatitis C virus.,2015,selected_for_reading,"Full text centers a primary virus and provides assay-supported host interaction, host factor, or pathway mechanism evidence.",fulltext_review,readable,pmc_xml,/Users/xingmeng/.openclaw/workspaces/staff-scientist-ideker/agenticWorkflow_LiteratureScreeningAndFullTextReview/runs/host_pathogen_shared_mechanisms_apms_20260826/passes/pass_001/artifacts/fulltext_import/PMC_XML/normalized/PMC4379565.json,high
pmid-25775415,25775415,PMC4361662,10.1371/journal.ppat.1004682,A crystal structure of the Dengue virus NS5 protein reveals a novel inter-domain interface essential for protein flexibility and virus replication.,2015,selected_for_reading,"Full text centers a primary virus and provides assay-supported host interaction, host factor, or pathway mechanism evidence.",fulltext_review,readable,pmc_xml,/Users/xingmeng/.openclaw/workspaces/staff-scientist-ideker/agenticWorkflow_LiteratureScreeningAndFullTextReview/runs/host_pathogen_shared_mechanisms_apms_20260826/passes/pass_001/artifacts/fulltext_import/PMC_XML/normalized/PMC4361662.json,high
pmid-25759582,25759582,PMC4346358,10.2147/IJN.S71776,Detection of hepatitis C virus core protein in serum by atomic force microscopy combined with mass spectrometry.,2015,selected_for_reading,"Full text centers a primary virus and provides assay-supported host interaction, host factor, or pathway mechanism evidence.",fulltext_review,readable,pmc_xml,/Users/xingmeng/.openclaw/workspaces/staff-scientist-ideker/agenticWorkflow_LiteratureScreeningAndFullTextReview/runs/host_pathogen_shared_mechanisms_apms_20260826/passes/pass_001/artifacts/fulltext_import/PMC_XML/normalized/PMC4346358.json,high
pmid-25728087,25728087,PMC4346782,10.1016/j.jcv.2015.01.011,Molecular classification of outcomes from dengue virus -3 infections.,2015,selected_for_reading,"Full text centers a primary virus and provides assay-supported host interaction, host factor, or pathway mechanism evidence.",fulltext_review,readable,pmc_xml,/Users/xingmeng/.openclaw/workspaces/staff-scientist-ideker/agenticWorkflow_LiteratureScreeningAndFullTextReview/runs/host_pathogen_shared_mechanisms_apms_20260826/passes/pass_001/artifacts/fulltext_import/PMC_XML/normalized/PMC4346782.json,high
pmid-25712089,25712089,PMC4357715,10.1093/nar/gkv110,The beta hairpin structure within ribosomal protein S5 mediates interplay between domains II and IV and regulates HCV IRES function.,2015,selected_for_reading,Full text links a primary virus to a host factor or host pathway mechanism.,fulltext_review,readable,pmc_xml,/Users/xingmeng/.openclaw/workspaces/staff-scientist-ideker/agenticWorkflow_LiteratureScreeningAndFullTextReview/runs/host_pathogen_shared_mechanisms_apms_20260826/passes/pass_001/artifacts/fulltext_import/PMC_XML/normalized/PMC4357715.json,medium
pmid-25699517,25699517,PMC4336140,10.1371/journal.pone.0118313,Establishment of hepatitis C virus RNA-replicating cell lines possessing ribavirin-resistant phenotype.,2015,selected_for_reading,Full text links a primary virus to a host factor or host pathway mechanism.,fulltext_review,readable,pmc_xml,/Users/xingmeng/.openclaw/workspaces/staff-scientist-ideker/agenticWorkflow_LiteratureScreeningAndFullTextReview/runs/host_pathogen_shared_mechanisms_apms_20260826/passes/pass_001/artifacts/fulltext_import/PMC_XML/normalized/PMC4336140.json,medium
pmid-25673987,25673987,PMC4321639,10.2147/IJN.S74723,Liver-targeted cyclosporine A-encapsulated poly (lactic-co-glycolic) acid nanoparticles inhibit hepatitis C virus replication.,2015,selected_for_reading,Full text links a primary virus to a host factor or host pathway mechanism.,fulltext_review,readable,pmc_xml,/Users/xingmeng/.openclaw/workspaces/staff-scientist-ideker/agenticWorkflow_LiteratureScreeningAndFullTextReview/runs/host_pathogen_shared_mechanisms_apms_20260826/passes/pass_001/artifacts/fulltext_import/PMC_XML/normalized/PMC4321639.json,medium
pmid-25673715,25673715,PMC4442397,10.1128/JVI.01653-14,Hepatitis C virus attenuates mitochondrial lipid β-oxidation by downregulating mitochondrial trifunctional-protein expression.,2015,selected_for_reading,"Full text centers a primary virus and provides assay-supported host interaction, host factor, or pathway mechanism evidence.",fulltext_review,readable,pmc_xml,/Users/xingmeng/.openclaw/workspaces/staff-scientist-ideker/agenticWorkflow_LiteratureScreeningAndFullTextReview/runs/host_pathogen_shared_mechanisms_apms_20260826/passes/pass_001/artifacts/fulltext_import/PMC_XML/normalized/PMC4442397.json,high
pmid-25672887,25672887,PMC4433585,10.1007/s13365-015-0323-5,Role of Bruton's tyrosine kinase inhibitors in HIV-1-infected cells.,2015,selected_for_reading,"Full text centers a primary virus and provides assay-supported host interaction, host factor, or pathway mechanism evidence.",fulltext_review,readable,pmc_xml,/Users/xingmeng/.openclaw/workspaces/staff-scientist-ideker/agenticWorkflow_LiteratureScreeningAndFullTextReview/runs/host_pathogen_shared_mechanisms_apms_20260826/passes/pass_001/artifacts/fulltext_import/PMC_XML/normalized/PMC4433585.json,high
pmid-25616068,25616068,PMC4305532,10.1016/j.molcel.2014.12.028,A combined proteomics/genomics approach links hepatitis C virus infection with nonsense-mediated mRNA decay.,2015,selected_for_reading,"Full text centers a primary virus and provides assay-supported host interaction, host factor, or pathway mechanism evidence.",fulltext_review,readable,pmc_xml,/Users/xingmeng/.openclaw/workspaces/staff-scientist-ideker/agenticWorkflow_LiteratureScreeningAndFullTextReview/runs/host_pathogen_shared_mechanisms_apms_20260826/passes/pass_001/artifacts/fulltext_import/PMC_XML/normalized/PMC4305532.json,high
pmid-25555378,25555378,PMC6329303,10.1016/j.jprot.2014.11.019,AealRACK1 expression and localization in response to stress in C6/36 HT mosquito cells.,2015,selected_for_reading,"Full text contains useful host-pathogen assay or pathway evidence, but the primary-virus mechanism is less central than in direct papers.",fulltext_review,readable,pmc_xml,/Users/xingmeng/.openclaw/workspaces/staff-scientist-ideker/agenticWorkflow_LiteratureScreeningAndFullTextReview/runs/host_pathogen_shared_mechanisms_apms_20260826/passes/pass_001/artifacts/fulltext_import/PMC_XML/normalized/PMC6329303.json,medium
pmid-25544563,25544563,PMC4305015,10.1016/j.molcel.2014.11.026,Global mapping of herpesvirus-host protein complexes reveals a transcription strategy for late genes.,2015,selected_for_reading,"Full text contains useful host-pathogen assay or pathway evidence, but the primary-virus mechanism is less central than in direct papers.",fulltext_review,readable,pmc_xml,/Users/xingmeng/.openclaw/workspaces/staff-scientist-ideker/agenticWorkflow_LiteratureScreeningAndFullTextReview/runs/host_pathogen_shared_mechanisms_apms_20260826/passes/pass_001/artifacts/fulltext_import/PMC_XML/normalized/PMC4305015.json,medium
pmid-25523935,25523935,PMC4424045,10.1002/prca.201400101,Proteomics in the investigation of HIV-1 interactions with host proteins.,2015,selected_for_reading,"Full text centers a primary virus and provides assay-supported host interaction, host factor, or pathway mechanism evidence.",fulltext_review,readable,pmc_xml,/Users/xingmeng/.openclaw/workspaces/staff-scientist-ideker/agenticWorkflow_LiteratureScreeningAndFullTextReview/runs/host_pathogen_shared_mechanisms_apms_20260826/passes/pass_001/artifacts/fulltext_import/PMC_XML/normalized/PMC4424045.json,high
pmid-25463603,25463603,PMC7127593,10.1016/j.virol.2014.10.027,"NS5B induces up-regulation of the BH3-only protein, BIK, essential for the hepatitis C virus RNA replication and viral release.",2015,selected_for_reading,Full text links a primary virus to a host factor or host pathway mechanism.,fulltext_review,readable,pmc_xml,/Users/xingmeng/.openclaw/workspaces/staff-scientist-ideker/agenticWorkflow_LiteratureScreeningAndFullTextReview/runs/host_pathogen_shared_mechanisms_apms_20260826/passes/pass_001/artifacts/fulltext_import/PMC_XML/normalized/PMC7127593.json,medium
pmid-25411354,25411354,PMC4274633,10.1261/rna.047803.114,Dissecting noncoding and pathogen RNA-protein interactomes.,2015,selected_for_reading,"Full text contains useful host-pathogen assay or pathway evidence, but the primary-virus mechanism is less central than in direct papers.",fulltext_review,readable,pmc_xml,/Users/xingmeng/.openclaw/workspaces/staff-scientist-ideker/agenticWorkflow_LiteratureScreeningAndFullTextReview/runs/host_pathogen_shared_mechanisms_apms_20260826/passes/pass_001/artifacts/fulltext_import/PMC_XML/normalized/PMC4274633.json,medium
pmid-25705565,25705565,PMC4332701,10.4172/2155-9899.1000271,Host Genetic Factors and Dendritic Cell Responses Associated with the Outcome of Interferon/Ribavirin Treatment in HIV-1/HCV Co-Infected Individuals.,2014,selected_for_reading,Full text links a primary virus to a host factor or host pathway mechanism.,fulltext_review,readable,pmc_xml,/Users/xingmeng/.openclaw/workspaces/staff-scientist-ideker/agenticWorkflow_LiteratureScreeningAndFullTextReview/runs/host_pathogen_shared_mechanisms_apms_20260826/passes/pass_001/artifacts/fulltext_import/PMC_XML/normalized/PMC4332701.json,medium
pmid-25580050,25580050,PMC4280805,10.1155/2014/315824,Proteomic analysis of serum and urine of HIV-monoinfected and HIV/HCV-coinfected patients undergoing long term treatment with nevirapine.,2014,selected_for_reading,"Full text centers a primary virus and provides assay-supported host interaction, host factor, or pathway mechanism evidence.",fulltext_review,readable,pmc_xml,/Users/xingmeng/.openclaw/workspaces/staff-scientist-ideker/agenticWorkflow_LiteratureScreeningAndFullTextReview/runs/host_pathogen_shared_mechanisms_apms_20260826/passes/pass_001/artifacts/fulltext_import/PMC_XML/normalized/PMC4280805.json,high
pmid-25551442,25551442,PMC4281115,10.1371/journal.pone.0115941,pH-dependent conformational changes in the HCV NS3 protein modulate its ATPase and helicase activities.,2014,selected_for_reading,Full text links a primary virus to a host factor or host pathway mechanism.,fulltext_review,readable,pmc_xml,/Users/xingmeng/.openclaw/workspaces/staff-scientist-ideker/agenticWorkflow_LiteratureScreeningAndFullTextReview/runs/host_pathogen_shared_mechanisms_apms_20260826/passes/pass_001/artifacts/fulltext_import/PMC_XML/normalized/PMC4281115.json,medium
pmid-25544858,25544858,PMC4277201,10.2217/fvl.14.86,Mass spectrometry-based proteomic approaches for discovery of HIV-host interactions.,2014,selected_for_reading,"Full text centers a primary virus and provides assay-supported host interaction, host factor, or pathway mechanism evidence.",fulltext_review,readable,pmc_xml,/Users/xingmeng/.openclaw/workspaces/staff-scientist-ideker/agenticWorkflow_LiteratureScreeningAndFullTextReview/runs/host_pathogen_shared_mechanisms_apms_20260826/passes/pass_001/artifacts/fulltext_import/PMC_XML/normalized/PMC4277201.json,high
pmid-25525789,25525789,PMC4272444,10.1016/j.chom.2014.10.009,The impact of hepatitis C virus entry on viral tropism.,2014,selected_for_reading,Full text links a primary virus to a host factor or host pathway mechanism.,fulltext_review,readable,pmc_xml,/Users/xingmeng/.openclaw/workspaces/staff-scientist-ideker/agenticWorkflow_LiteratureScreeningAndFullTextReview/runs/host_pathogen_shared_mechanisms_apms_20260826/passes/pass_001/artifacts/fulltext_import/PMC_XML/normalized/PMC4272444.json,medium
pmid-25517934,25517934,PMC4293571,10.7554/eLife.04114,Quantitative microscopy of functional HIV post-entry complexes reveals association of replication with the viral capsid.,2014,selected_for_reading,Full text links a primary virus to a host factor or host pathway mechanism.,fulltext_review,readable,pmc_xml,/Users/xingmeng/.openclaw/workspaces/staff-scientist-ideker/agenticWorkflow_LiteratureScreeningAndFullTextReview/runs/host_pathogen_shared_mechanisms_apms_20260826/passes/pass_001/artifacts/fulltext_import/PMC_XML/normalized/PMC4293571.json,medium
pmid-25496916,25496916,PMC4271445,10.1186/s12977-014-0121-9,A HIV-1 Tat mutant protein disrupts HIV-1 Rev function by targeting the DEAD-box RNA helicase DDX1.,2014,selected_for_reading,"Full text centers a primary virus and provides assay-supported host interaction, host factor, or pathway mechanism evidence.",fulltext_review,readable,pmc_xml,/Users/xingmeng/.openclaw/workspaces/staff-scientist-ideker/agenticWorkflow_LiteratureScreeningAndFullTextReview/runs/host_pathogen_shared_mechanisms_apms_20260826/passes/pass_001/artifacts/fulltext_import/PMC_XML/normalized/PMC4271445.json,high
pmid-25496667,25496667,PMC4269872,10.1186/s12977-014-0118-4,Genome-wide shRNA screening identifies host factors involved in early endocytic events for HIV-1-induced CD4 down-regulation.,2014,selected_for_reading,"Full text centers a primary virus and provides assay-supported host interaction, host factor, or pathway mechanism evidence.",fulltext_review,readable,pmc_xml,/Users/xingmeng/.openclaw/workspaces/staff-scientist-ideker/agenticWorkflow_LiteratureScreeningAndFullTextReview/runs/host_pathogen_shared_mechanisms_apms_20260826/passes/pass_001/artifacts/fulltext_import/PMC_XML/normalized/PMC4269872.json,high
pmid-25464014,25464014,PMC4252060,10.1371/journal.pone.0113938,Casein kinase II inhibitor enhances production of infectious genotype 1a hepatitis C virus (H77S).,2014,selected_for_reading,"Full text centers a primary virus and provides assay-supported host interaction, host factor, or pathway mechanism evidence.",fulltext_review,readable,pmc_xml,/Users/xingmeng/.openclaw/workspaces/staff-scientist-ideker/agenticWorkflow_LiteratureScreeningAndFullTextReview/runs/host_pathogen_shared_mechanisms_apms_20260826/passes/pass_001/artifacts/fulltext_import/PMC_XML/normalized/PMC4252060.json,high
pmid-25461596,25461596,PMC4251971,10.1371/journal.pone.0113660,Diffusion of information throughout the host interactome reveals gene expression variations in network proximity to target proteins of hepatitis C virus.,2014,selected_for_reading,"Full text centers a primary virus and provides assay-supported host interaction, host factor, or pathway mechanism evidence.",fulltext_review,readable,pmc_xml,/Users/xingmeng/.openclaw/workspaces/staff-scientist-ideker/agenticWorkflow_LiteratureScreeningAndFullTextReview/runs/host_pathogen_shared_mechanisms_apms_20260826/passes/pass_001/artifacts/fulltext_import/PMC_XML/normalized/PMC4251971.json,high
pmid-25417101,25417101,PMC4243531,10.1016/j.cell.2014.10.006,Camouflage and misdirection: the full-on assault of ebola virus disease.,2014,selected_for_reading,Full text links a primary virus to a host factor or host pathway mechanism.,fulltext_review,readable,pmc_xml,/Users/xingmeng/.openclaw/workspaces/staff-scientist-ideker/agenticWorkflow_LiteratureScreeningAndFullTextReview/runs/host_pathogen_shared_mechanisms_apms_20260826/passes/pass_001/artifacts/fulltext_import/PMC_XML/normalized/PMC4243531.json,medium
pmid-25357246,25357246,PMC4214736,10.1371/journal.pone.0111333,Identification of a novel drug lead that inhibits HCV infection and cell-to-cell transmission by targeting the HCV E2 glycoprotein.,2014,selected_for_reading,Full text links a primary virus to a host factor or host pathway mechanism.,fulltext_review,readable,pmc_xml,/Users/xingmeng/.openclaw/workspaces/staff-scientist-ideker/agenticWorkflow_LiteratureScreeningAndFullTextReview/runs/host_pathogen_shared_mechanisms_apms_20260826/passes/pass_001/artifacts/fulltext_import/PMC_XML/normalized/PMC4214736.json,medium
pmid-25295610,25295610,PMC4190361,10.1371/journal.pone.0109673,Phosphodiesterase 8a supports HIV-1 replication in macrophages at the level of reverse transcription.,2014,selected_for_reading,"Full text centers a primary virus and provides assay-supported host interaction, host factor, or pathway mechanism evidence.",fulltext_review,readable,pmc_xml,/Users/xingmeng/.openclaw/workspaces/staff-scientist-ideker/agenticWorkflow_LiteratureScreeningAndFullTextReview/runs/host_pathogen_shared_mechanisms_apms_20260826/passes/pass_001/artifacts/fulltext_import/PMC_XML/normalized/PMC4190361.json,high
pmid-25275557,25275557,PMC4183579,10.1371/journal.pone.0109220,Role of microRNA modulation in the interferon-α/ribavirin suppression of HIV-1 in vivo.,2014,selected_for_reading,"Full text centers a primary virus and provides assay-supported host interaction, host factor, or pathway mechanism evidence.",fulltext_review,readable,pmc_xml,/Users/xingmeng/.openclaw/workspaces/staff-scientist-ideker/agenticWorkflow_LiteratureScreeningAndFullTextReview/runs/host_pathogen_shared_mechanisms_apms_20260826/passes/pass_001/artifacts/fulltext_import/PMC_XML/normalized/PMC4183579.json,high
pmid-25262471,25262471,PMC4252819,10.1016/j.virol.2014.09.001,Cellular HIV-1 inhibition by truncated old world primate APOBEC3A proteins lacking a complete deaminase domain.,2014,selected_for_reading,Full text links a primary virus to a host factor or host pathway mechanism.,fulltext_review,readable,pmc_xml,/Users/xingmeng/.openclaw/workspaces/staff-scientist-ideker/agenticWorkflow_LiteratureScreeningAndFullTextReview/runs/host_pathogen_shared_mechanisms_apms_20260826/passes/pass_001/artifacts/fulltext_import/PMC_XML/normalized/PMC4252819.json,medium
pmid-25240327,25240327,PMC4253593,10.1016/j.virol.2014.08.029,Alterations in the nuclear proteome of HIV-1 infected T-cells.,2014,selected_for_reading,"Full text centers a primary virus and provides assay-supported host interaction, host factor, or pathway mechanism evidence.",fulltext_review,readable,pmc_xml,/Users/xingmeng/.openclaw/workspaces/staff-scientist-ideker/agenticWorkflow_LiteratureScreeningAndFullTextReview/runs/host_pathogen_shared_mechanisms_apms_20260826/passes/pass_001/artifacts/fulltext_import/PMC_XML/normalized/PMC4253593.json,high
pmid-25213124,25213124,PMC4172784,10.1186/s12977-014-0077-9,Role of cullin-elonginB-elonginC E3 complex in bovine immunodeficiency virus and maedi-visna virus Vif-mediated degradation of host A3Z2-Z3 proteins.,2014,selected_for_reading,"Full text has plausible host pathway or host-factor mechanism context for a primary virus, but evidence is not strongly assay-centered.",fulltext_review,readable,pmc_xml,/Users/xingmeng/.openclaw/workspaces/staff-scientist-ideker/agenticWorkflow_LiteratureScreeningAndFullTextReview/runs/host_pathogen_shared_mechanisms_apms_20260826/passes/pass_001/artifacts/fulltext_import/PMC_XML/normalized/PMC4172784.json,low
pmid-25206352,25206352,PMC4144255,10.3389/fmicb.2014.00450,Suppression of APOBEC3-mediated restriction of HIV-1 by Vif.,2014,selected_for_reading,Full text links a primary virus to a host factor or host pathway mechanism.,fulltext_review,readable,pmc_xml,/Users/xingmeng/.openclaw/workspaces/staff-scientist-ideker/agenticWorkflow_LiteratureScreeningAndFullTextReview/runs/host_pathogen_shared_mechanisms_apms_20260826/passes/pass_001/artifacts/fulltext_import/PMC_XML/normalized/PMC4144255.json,medium
pmid-25187981,25187981,PMC4154853,10.1371/journal.pone.0106151,An siRNA screen of membrane trafficking genes highlights pathways common to HIV-1 and M-PMV virus assembly and release.,2014,selected_for_reading,"Full text centers a primary virus and provides assay-supported host interaction, host factor, or pathway mechanism evidence.",fulltext_review,readable,pmc_xml,/Users/xingmeng/.openclaw/workspaces/staff-scientist-ideker/agenticWorkflow_LiteratureScreeningAndFullTextReview/runs/host_pathogen_shared_mechanisms_apms_20260826/passes/pass_001/artifacts/fulltext_import/PMC_XML/normalized/PMC4154853.json,high
pmid-25147212,25147212,PMC4176367,10.1093/nar/gku769,Molecular mechanisms of retroviral integration site selection.,2014,selected_for_reading,"Full text contains useful host-pathogen assay or pathway evidence, but the primary-virus mechanism is less central than in direct papers.",fulltext_review,readable,pmc_xml,/Users/xingmeng/.openclaw/workspaces/staff-scientist-ideker/agenticWorkflow_LiteratureScreeningAndFullTextReview/runs/host_pathogen_shared_mechanisms_apms_20260826/passes/pass_001/artifacts/fulltext_import/PMC_XML/normalized/PMC4176367.json,medium
pmid-25116364,25116364,PMC4181878,10.1186/s12977-014-0067-y,"NUCKS1, a novel Tat coactivator, plays a crucial role in HIV-1 replication by increasing Tat-mediated viral transcription on the HIV-1 LTR promoter.",2014,selected_for_reading,Full text links a primary virus to a host factor or host pathway mechanism.,fulltext_review,readable,pmc_xml,/Users/xingmeng/.openclaw/workspaces/staff-scientist-ideker/agenticWorkflow_LiteratureScreeningAndFullTextReview/runs/host_pathogen_shared_mechanisms_apms_20260826/passes/pass_001/artifacts/fulltext_import/PMC_XML/normalized/PMC4181878.json,medium
pmid-25106478,25106478,PMC4147158,10.1186/1471-2164-15-668,A systems biology approach identified different regulatory networks targeted by KSHV miR-K12-11 in B cells and endothelial cells.,2014,selected_for_reading,"Full text centers a primary virus and provides assay-supported host interaction, host factor, or pathway mechanism evidence.",fulltext_review,readable,pmc_xml,/Users/xingmeng/.openclaw/workspaces/staff-scientist-ideker/agenticWorkflow_LiteratureScreeningAndFullTextReview/runs/host_pathogen_shared_mechanisms_apms_20260826/passes/pass_001/artifacts/fulltext_import/PMC_XML/normalized/PMC4147158.json,high
pmid-25101828,25101828,PMC4125141,10.1371/journal.pntd.0003084,Suppressing dengue-2 infection by chemical inhibition of Aedes aegypti host factors.,2014,selected_for_reading,Full text links a primary virus to a host factor or host pathway mechanism.,fulltext_review,readable,pmc_xml,/Users/xingmeng/.openclaw/workspaces/staff-scientist-ideker/agenticWorkflow_LiteratureScreeningAndFullTextReview/runs/host_pathogen_shared_mechanisms_apms_20260826/passes/pass_001/artifacts/fulltext_import/PMC_XML/normalized/PMC4125141.json,medium
pmid-25092459,25092459,PMC4139193,10.1016/j.virol.2014.05.016,The lysine methyltransferase SMYD3 interacts with hepatitis C virus NS5A and is a negative regulator of viral particle production.,2014,selected_for_reading,"Full text centers a primary virus and provides assay-supported host interaction, host factor, or pathway mechanism evidence.",fulltext_review,readable,pmc_xml,/Users/xingmeng/.openclaw/workspaces/staff-scientist-ideker/agenticWorkflow_LiteratureScreeningAndFullTextReview/runs/host_pathogen_shared_mechanisms_apms_20260826/passes/pass_001/artifacts/fulltext_import/PMC_XML/normalized/PMC4139193.json,high
pmid-25009540,25009540,PMC4069574,10.3389/fmicb.2014.00312,Role of Gag and lipids during HIV-1 assembly in CD4(+) T cells and macrophages.,2014,selected_for_reading,"Full text centers a primary virus and provides assay-supported host interaction, host factor, or pathway mechanism evidence.",fulltext_review,readable,pmc_xml,/Users/xingmeng/.openclaw/workspaces/staff-scientist-ideker/agenticWorkflow_LiteratureScreeningAndFullTextReview/runs/host_pathogen_shared_mechanisms_apms_20260826/passes/pass_001/artifacts/fulltext_import/PMC_XML/normalized/PMC4069574.json,high
pmid-25008545,25008545,PMC4091094,10.1038/srep04549,Stearoyl-CoA desaturase inhibition blocks formation of hepatitis C virus-induced specialized membranes.,2014,selected_for_reading,Full text links a primary virus to a host factor or host pathway mechanism.,fulltext_review,readable,pmc_xml,/Users/xingmeng/.openclaw/workspaces/staff-scientist-ideker/agenticWorkflow_LiteratureScreeningAndFullTextReview/runs/host_pathogen_shared_mechanisms_apms_20260826/passes/pass_001/artifacts/fulltext_import/PMC_XML/normalized/PMC4091094.json,medium
pmid-24992036,24992036,PMC4081823,10.1371/journal.ppat.1004242,"G3BP1, G3BP2 and CAPRIN1 are required for translation of interferon stimulated mRNAs and are targeted by a dengue virus non-coding RNA.",2014,selected_for_reading,Full text links a primary virus to a host factor or host pathway mechanism.,fulltext_review,readable,pmc_xml,/Users/xingmeng/.openclaw/workspaces/staff-scientist-ideker/agenticWorkflow_LiteratureScreeningAndFullTextReview/runs/host_pathogen_shared_mechanisms_apms_20260826/passes/pass_001/artifacts/fulltext_import/PMC_XML/normalized/PMC4081823.json,medium
pmid-24978053,24978053,PMC4076261,10.1371/journal.pone.0100820,A comparative proteomic analysis of the soluble immune factor environment of rectal and oral mucosa.,2014,selected_for_reading,"Full text contains useful host-pathogen assay or pathway evidence, but the primary-virus mechanism is less central than in direct papers.",fulltext_review,readable,pmc_xml,/Users/xingmeng/.openclaw/workspaces/staff-scientist-ideker/agenticWorkflow_LiteratureScreeningAndFullTextReview/runs/host_pathogen_shared_mechanisms_apms_20260826/passes/pass_001/artifacts/fulltext_import/PMC_XML/normalized/PMC4076261.json,medium
pmid-24956407,24956407,PMC4252365,10.1016/j.virusres.2014.06.007,Progress and outlook in structural biology of large viral RNAs.,2014,selected_for_reading,"Full text contains useful host-pathogen assay or pathway evidence, but the primary-virus mechanism is less central than in direct papers.",fulltext_review,readable,pmc_xml,/Users/xingmeng/.openclaw/workspaces/staff-scientist-ideker/agenticWorkflow_LiteratureScreeningAndFullTextReview/runs/host_pathogen_shared_mechanisms_apms_20260826/passes/pass_001/artifacts/fulltext_import/PMC_XML/normalized/PMC4252365.json,medium
pmid-24945155,24945155,PMC4063707,10.1371/journal.pntd.0002946,"Identification and characterization of seminal fluid proteins in the Asian tiger mosquito, Aedes albopictus.",2014,selected_for_reading,"Full text contains useful host-pathogen assay or pathway evidence, but the primary-virus mechanism is less central than in direct papers.",fulltext_review,readable,pmc_xml,/Users/xingmeng/.openclaw/workspaces/staff-scientist-ideker/agenticWorkflow_LiteratureScreeningAndFullTextReview/runs/host_pathogen_shared_mechanisms_apms_20260826/passes/pass_001/artifacts/fulltext_import/PMC_XML/normalized/PMC4063707.json,medium
pmid-24940765,24940765,PMC4062872,10.1615/critreveukaryotgeneexpr.2014006367,HITS-CLIP and PAR-CLIP advance viral miRNA targetome analysis.,2014,selected_for_reading,"Full text contains useful host-pathogen assay or pathway evidence, but the primary-virus mechanism is less central than in direct papers.",fulltext_review,readable,pmc_xml,/Users/xingmeng/.openclaw/workspaces/staff-scientist-ideker/agenticWorkflow_LiteratureScreeningAndFullTextReview/runs/host_pathogen_shared_mechanisms_apms_20260826/passes/pass_001/artifacts/fulltext_import/PMC_XML/normalized/PMC4062872.json,medium
pmid-24894206,24894206,PMC4043700,10.1186/1742-6405-11-13,Viral and cellular factors underlying neuropathogenesis in HIV associated neurocognitive disorders (HAND).,2014,selected_for_reading,Full text links a primary virus to a host factor or host pathway mechanism.,fulltext_review,readable,pmc_xml,/Users/xingmeng/.openclaw/workspaces/staff-scientist-ideker/agenticWorkflow_LiteratureScreeningAndFullTextReview/runs/host_pathogen_shared_mechanisms_apms_20260826/passes/pass_001/artifacts/fulltext_import/PMC_XML/normalized/PMC4043700.json,medium
pmid-24886023,24886023,PMC4057903,10.1186/1756-3305-7-252,Infection with dengue-2 virus alters proteins in naturally expectorated saliva of Aedes aegypti mosquitoes.,2014,selected_for_reading,"Full text centers a primary virus and provides assay-supported host interaction, host factor, or pathway mechanism evidence.",fulltext_review,readable,pmc_xml,/Users/xingmeng/.openclaw/workspaces/staff-scientist-ideker/agenticWorkflow_LiteratureScreeningAndFullTextReview/runs/host_pathogen_shared_mechanisms_apms_20260826/passes/pass_001/artifacts/fulltext_import/PMC_XML/normalized/PMC4057903.json,high
pmid-24852294,24852294,PMC4095987,10.1371/journal.ppat.1004163,Integrative functional genomics of hepatitis C virus infection identifies host dependencies in complete viral replication cycle.,2014,selected_for_reading,"Full text centers a primary virus and provides assay-supported host interaction, host factor, or pathway mechanism evidence.",fulltext_review,readable,pmc_xml,/Users/xingmeng/.openclaw/workspaces/staff-scientist-ideker/agenticWorkflow_LiteratureScreeningAndFullTextReview/runs/host_pathogen_shared_mechanisms_apms_20260826/passes/pass_001/artifacts/fulltext_import/PMC_XML/normalized/PMC4095987.json,high
pmid-24843023,24843023,PMC4018625,10.7554/eLife.02362,Structural basis of HIV-1 Vpu-mediated BST2 antagonism via hijacking of the clathrin adaptor protein complex 1.,2014,selected_for_reading,"Full text centers a primary virus and provides assay-supported host interaction, host factor, or pathway mechanism evidence.",fulltext_review,readable,pmc_xml,/Users/xingmeng/.openclaw/workspaces/staff-scientist-ideker/agenticWorkflow_LiteratureScreeningAndFullTextReview/runs/host_pathogen_shared_mechanisms_apms_20260826/passes/pass_001/artifacts/fulltext_import/PMC_XML/normalized/PMC4018625.json,high
pmid-24822052,24822052,PMC4013480,10.3389/fmicb.2014.00177,Mechanisms underlying HIV-1 Vpu-mediated viral egress.,2014,selected_for_reading,Full text links a primary virus to a host factor or host pathway mechanism.,fulltext_review,readable,pmc_xml,/Users/xingmeng/.openclaw/workspaces/staff-scientist-ideker/agenticWorkflow_LiteratureScreeningAndFullTextReview/runs/host_pathogen_shared_mechanisms_apms_20260826/passes/pass_001/artifacts/fulltext_import/PMC_XML/normalized/PMC4013480.json,medium
pmid-24817247,24817247,PMC4016004,10.1371/journal.pone.0096687,An integrated map of HIV-human protein complexes that facilitate viral infection.,2014,selected_for_reading,"Full text centers a primary virus and provides assay-supported host interaction, host factor, or pathway mechanism evidence.",fulltext_review,readable,pmc_xml,/Users/xingmeng/.openclaw/workspaces/staff-scientist-ideker/agenticWorkflow_LiteratureScreeningAndFullTextReview/runs/host_pathogen_shared_mechanisms_apms_20260826/passes/pass_001/artifacts/fulltext_import/PMC_XML/normalized/PMC4016004.json,high
pmid-24800676,24800676,PMC4036545,10.3390/v6051992,Viruses and tetraspanins: lessons from single molecule approaches.,2014,selected_for_reading,"Full text contains useful host-pathogen assay or pathway evidence, but the primary-virus mechanism is less central than in direct papers.",fulltext_review,readable,pmc_xml,/Users/xingmeng/.openclaw/workspaces/staff-scientist-ideker/agenticWorkflow_LiteratureScreeningAndFullTextReview/runs/host_pathogen_shared_mechanisms_apms_20260826/passes/pass_001/artifacts/fulltext_import/PMC_XML/normalized/PMC4036545.json,medium
pmid-24756921,24756921,PMC4163017,10.1002/cmdc.201400070,"Insight into the recognition, binding, and reactivity of catalytic metallodrugs targeting stem loop IIb of hepatitis C IRES RNA.",2014,selected_for_reading,"Full text contains useful host-pathogen assay or pathway evidence, but the primary-virus mechanism is less central than in direct papers.",fulltext_review,readable,pmc_xml,/Users/xingmeng/.openclaw/workspaces/staff-scientist-ideker/agenticWorkflow_LiteratureScreeningAndFullTextReview/runs/host_pathogen_shared_mechanisms_apms_20260826/passes/pass_001/artifacts/fulltext_import/PMC_XML/normalized/PMC4163017.json,medium
pmid-24743187,24743187,PMC3990553,10.1371/journal.pone.0094029,Network-based study reveals potential infection pathways of hepatitis-C leading to various diseases.,2014,selected_for_reading,"Full text contains useful host-pathogen assay or pathway evidence, but the primary-virus mechanism is less central than in direct papers.",fulltext_review,readable,pmc_xml,/Users/xingmeng/.openclaw/workspaces/staff-scientist-ideker/agenticWorkflow_LiteratureScreeningAndFullTextReview/runs/host_pathogen_shared_mechanisms_apms_20260826/passes/pass_001/artifacts/fulltext_import/PMC_XML/normalized/PMC3990553.json,medium
pmid-24728095,24728095,PMC3984272,10.1371/journal.pone.0094611,Ribosomal protein S29 regulates metabolic insecticide resistance through binding and degradation of CYP6N3.,2014,selected_for_reading,"Full text contains useful host-pathogen assay or pathway evidence, but the primary-virus mechanism is less central than in direct papers.",fulltext_review,readable,pmc_xml,/Users/xingmeng/.openclaw/workspaces/staff-scientist-ideker/agenticWorkflow_LiteratureScreeningAndFullTextReview/runs/host_pathogen_shared_mechanisms_apms_20260826/passes/pass_001/artifacts/fulltext_import/PMC_XML/normalized/PMC3984272.json,medium
pmid-24722756,24722756,PMC3983060,10.1371/journal.ppat.1004039,Binding of glutathione to enterovirus capsids is essential for virion morphogenesis.,2014,selected_for_reading,"Full text contains useful host-pathogen assay or pathway evidence, but the primary-virus mechanism is less central than in direct papers.",fulltext_review,readable,pmc_xml,/Users/xingmeng/.openclaw/workspaces/staff-scientist-ideker/agenticWorkflow_LiteratureScreeningAndFullTextReview/runs/host_pathogen_shared_mechanisms_apms_20260826/passes/pass_001/artifacts/fulltext_import/PMC_XML/normalized/PMC3983060.json,medium
pmid-24696344,24696344,PMC4075997,10.1007/978-1-4939-0348-1_18,Functional genomics approach for the identification of human host factors supporting dengue viral propagation.,2014,selected_for_reading,"Full text centers a primary virus and provides assay-supported host interaction, host factor, or pathway mechanism evidence.",fulltext_review,readable,pmc_xml,/Users/xingmeng/.openclaw/workspaces/staff-scientist-ideker/agenticWorkflow_LiteratureScreeningAndFullTextReview/runs/host_pathogen_shared_mechanisms_apms_20260826/passes/pass_001/artifacts/fulltext_import/PMC_XML/normalized/PMC4075997.json,high
pmid-24693865,24693865,PMC4021598,10.1186/1742-4690-11-27,Interferon-induced HERC5 is evolving under positive selection and inhibits HIV-1 particle production by a novel mechanism targeting Rev/RRE-dependent RNA nuclear export.,2014,selected_for_reading,Full text links a primary virus to a host factor or host pathway mechanism.,fulltext_review,readable,pmc_xml,/Users/xingmeng/.openclaw/workspaces/staff-scientist-ideker/agenticWorkflow_LiteratureScreeningAndFullTextReview/runs/host_pathogen_shared_mechanisms_apms_20260826/passes/pass_001/artifacts/fulltext_import/PMC_XML/normalized/PMC4021598.json,medium
pmid-24678387,24678387,PMC3967016,10.3402/jev.v3.23129,The HIV Nef protein modulates cellular and exosomal miRNA profiles in human monocytic cells.,2014,selected_for_reading,Full text links a primary virus to a host factor or host pathway mechanism.,fulltext_review,readable,pmc_xml,/Users/xingmeng/.openclaw/workspaces/staff-scientist-ideker/agenticWorkflow_LiteratureScreeningAndFullTextReview/runs/host_pathogen_shared_mechanisms_apms_20260826/passes/pass_001/artifacts/fulltext_import/PMC_XML/normalized/PMC3967016.json,medium
pmid-24671231,24671231,PMC3966871,10.1371/journal.pone.0093305,High-throughput quantitative proteomic analysis of dengue virus type 2 infected A549 cells.,2014,selected_for_reading,"Full text centers a primary virus and provides assay-supported host interaction, host factor, or pathway mechanism evidence.",fulltext_review,readable,pmc_xml,/Users/xingmeng/.openclaw/workspaces/staff-scientist-ideker/agenticWorkflow_LiteratureScreeningAndFullTextReview/runs/host_pathogen_shared_mechanisms_apms_20260826/passes/pass_001/artifacts/fulltext_import/PMC_XML/normalized/PMC3966871.json,high
pmid-24663101,24663101,PMC3963944,10.1371/journal.pone.0092724,Gene expression analysis of a panel of cell lines that differentially restrict HIV-1 CA mutants infection in a cyclophilin a-dependent manner.,2014,selected_for_reading,Full text links a primary virus to a host factor or host pathway mechanism.,fulltext_review,readable,pmc_xml,/Users/xingmeng/.openclaw/workspaces/staff-scientist-ideker/agenticWorkflow_LiteratureScreeningAndFullTextReview/runs/host_pathogen_shared_mechanisms_apms_20260826/passes/pass_001/artifacts/fulltext_import/PMC_XML/normalized/PMC3963944.json,medium
pmid-24618856,24618856,PMC3970144,10.3390/v6031149,Incorporation of hepatitis C virus E1 and E2 glycoproteins: the keystones on a peculiar virion.,2014,selected_for_reading,"Full text centers a primary virus and provides assay-supported host interaction, host factor, or pathway mechanism evidence.",fulltext_review,readable,pmc_xml,/Users/xingmeng/.openclaw/workspaces/staff-scientist-ideker/agenticWorkflow_LiteratureScreeningAndFullTextReview/runs/host_pathogen_shared_mechanisms_apms_20260826/passes/pass_001/artifacts/fulltext_import/PMC_XML/normalized/PMC3970144.json,high
pmid-24597896,24597896,PMC4015807,10.1186/1559-0275-11-9,Glycoproteomic analysis identifies human glycoproteins secreted from HIV latently infected T cells and reveals their presence in HIV+ plasma.,2014,selected_for_reading,"Full text centers a primary virus and provides assay-supported host interaction, host factor, or pathway mechanism evidence.",fulltext_review,readable,pmc_xml,/Users/xingmeng/.openclaw/workspaces/staff-scientist-ideker/agenticWorkflow_LiteratureScreeningAndFullTextReview/runs/host_pathogen_shared_mechanisms_apms_20260826/passes/pass_001/artifacts/fulltext_import/PMC_XML/normalized/PMC4015807.json,high
pmid-24549842,24549842,PMC3944813,10.1128/mBio.00747-13,Metabolic and bactericidal effects of targeted suppression of NadD and NadE enzymes in mycobacteria.,2014,selected_for_reading,"Full text contains useful host-pathogen assay or pathway evidence, but the primary-virus mechanism is less central than in direct papers.",fulltext_review,readable,pmc_xml,/Users/xingmeng/.openclaw/workspaces/staff-scientist-ideker/agenticWorkflow_LiteratureScreeningAndFullTextReview/runs/host_pathogen_shared_mechanisms_apms_20260826/passes/pass_001/artifacts/fulltext_import/PMC_XML/normalized/PMC3944813.json,medium
pmid-24520823,24520823,PMC4016256,10.1186/1742-4690-11-18,Human protein Staufen-2 promotes HIV-1 proliferation by positively regulating RNA export activity of viral protein Rev.,2014,selected_for_reading,"Full text centers a primary virus and provides assay-supported host interaction, host factor, or pathway mechanism evidence.",fulltext_review,readable,pmc_xml,/Users/xingmeng/.openclaw/workspaces/staff-scientist-ideker/agenticWorkflow_LiteratureScreeningAndFullTextReview/runs/host_pathogen_shared_mechanisms_apms_20260826/passes/pass_001/artifacts/fulltext_import/PMC_XML/normalized/PMC4016256.json,high
pmid-24517970,24517970,PMC3939478,10.3390/v6020683,Targeting host factors to treat West Nile and dengue viral infections.,2014,selected_for_reading,"Full text centers a primary virus and provides assay-supported host interaction, host factor, or pathway mechanism evidence.",fulltext_review,readable,pmc_xml,/Users/xingmeng/.openclaw/workspaces/staff-scientist-ideker/agenticWorkflow_LiteratureScreeningAndFullTextReview/runs/host_pathogen_shared_mechanisms_apms_20260826/passes/pass_001/artifacts/fulltext_import/PMC_XML/normalized/PMC3939478.json,high
pmid-24479545,24479545,PMC3916700,10.1186/1742-4690-11-11,Cyclophilin A promotes HIV-1 reverse transcription but its effect on transduction correlates best with its effect on nuclear entry of viral cDNA.,2014,selected_for_reading,Full text links a primary virus to a host factor or host pathway mechanism.,fulltext_review,readable,pmc_xml,/Users/xingmeng/.openclaw/workspaces/staff-scientist-ideker/agenticWorkflow_LiteratureScreeningAndFullTextReview/runs/host_pathogen_shared_mechanisms_apms_20260826/passes/pass_001/artifacts/fulltext_import/PMC_XML/normalized/PMC3916700.json,medium
pmid-24356113,24356113,PMC3976200,10.1126/science.1243640,IFI16 DNA sensor is required for death of lymphoid CD4 T cells abortively infected with HIV.,2014,selected_for_reading,"Full text centers a primary virus and provides assay-supported host interaction, host factor, or pathway mechanism evidence.",fulltext_review,readable,pmc_xml,/Users/xingmeng/.openclaw/workspaces/staff-scientist-ideker/agenticWorkflow_LiteratureScreeningAndFullTextReview/runs/host_pathogen_shared_mechanisms_apms_20260826/passes/pass_001/artifacts/fulltext_import/PMC_XML/normalized/PMC3976200.json,high
pmid-24336198,24336198,PMC3886899,10.1038/nature12815,Structural basis of lentiviral subversion of a cellular protein degradation pathway.,2014,selected_for_reading,"Full text has plausible host pathway or host-factor mechanism context for a primary virus, but evidence is not strongly assay-centered.",fulltext_review,readable,pmc_xml,/Users/xingmeng/.openclaw/workspaces/staff-scientist-ideker/agenticWorkflow_LiteratureScreeningAndFullTextReview/runs/host_pathogen_shared_mechanisms_apms_20260826/passes/pass_001/artifacts/fulltext_import/PMC_XML/normalized/PMC3886899.json,low
pmid-24314650,24314650,PMC3904427,10.1016/j.virol.2013.10.013,A critical Sp1 element in the rhesus rhadinovirus (RRV) Rta promoter confers high-level activity that correlates with cellular permissivity for viral replication.,2014,selected_for_reading,"Full text has plausible host pathway or host-factor mechanism context for a primary virus, but evidence is not strongly assay-centered.",fulltext_review,readable,pmc_xml,/Users/xingmeng/.openclaw/workspaces/staff-scientist-ideker/agenticWorkflow_LiteratureScreeningAndFullTextReview/runs/host_pathogen_shared_mechanisms_apms_20260826/passes/pass_001/artifacts/fulltext_import/PMC_XML/normalized/PMC3904427.json,low
pmid-24257600,24257600,PMC3911623,10.1128/JVI.03017-13,Insights into the complexity and functionality of hepatitis C virus NS5A phosphorylation.,2014,selected_for_reading,"Full text centers a primary virus and provides assay-supported host interaction, host factor, or pathway mechanism evidence.",fulltext_review,readable,pmc_xml,/Users/xingmeng/.openclaw/workspaces/staff-scientist-ideker/agenticWorkflow_LiteratureScreeningAndFullTextReview/runs/host_pathogen_shared_mechanisms_apms_20260826/passes/pass_001/artifacts/fulltext_import/PMC_XML/normalized/PMC3911623.json,high
pmid-24158812,24158812,PMC4084958,10.1007/978-1-62703-670-2_4,The cyclosporin A washout assay to detect HIV-1 uncoating in infected cells.,2014,selected_for_reading,Full text links a primary virus to a host factor or host pathway mechanism.,fulltext_review,readable,pmc_xml,/Users/xingmeng/.openclaw/workspaces/staff-scientist-ideker/agenticWorkflow_LiteratureScreeningAndFullTextReview/runs/host_pathogen_shared_mechanisms_apms_20260826/passes/pass_001/artifacts/fulltext_import/PMC_XML/normalized/PMC4084958.json,medium
pmid-24158810,24158810,PMC4506781,10.1007/978-1-62703-670-2_2,"CryoEM analysis of capsid assembly and structural changes upon interactions with a host restriction factor, TRIM5α.",2014,selected_for_reading,"Full text has plausible host pathway or host-factor mechanism context for a primary virus, but evidence is not strongly assay-centered.",fulltext_review,readable,pmc_xml,/Users/xingmeng/.openclaw/workspaces/staff-scientist-ideker/agenticWorkflow_LiteratureScreeningAndFullTextReview/runs/host_pathogen_shared_mechanisms_apms_20260826/passes/pass_001/artifacts/fulltext_import/PMC_XML/normalized/PMC4506781.json,low
pmid-24022996,24022996,PMC4298801,10.1002/hep.26685,Structure-guided design affirms inhibitors of hepatitis C virus p7 as a viable class of antivirals targeting virion release.,2014,selected_for_reading,Full text links a primary virus to a host factor or host pathway mechanism.,fulltext_review,readable,pmc_xml,/Users/xingmeng/.openclaw/workspaces/staff-scientist-ideker/agenticWorkflow_LiteratureScreeningAndFullTextReview/runs/host_pathogen_shared_mechanisms_apms_20260826/passes/pass_001/artifacts/fulltext_import/PMC_XML/normalized/PMC4298801.json,medium
pmid-24016806,24016806,PMC4682887,10.1016/j.vaccine.2013.08.067,Vaccines against gonorrhea: current status and future challenges.,2014,selected_for_reading,"Full text contains useful host-pathogen assay or pathway evidence, but the primary-virus mechanism is less central than in direct papers.",fulltext_review,readable,pmc_xml,/Users/xingmeng/.openclaw/workspaces/staff-scientist-ideker/agenticWorkflow_LiteratureScreeningAndFullTextReview/runs/host_pathogen_shared_mechanisms_apms_20260826/passes/pass_001/artifacts/fulltext_import/PMC_XML/normalized/PMC4682887.json,medium
pmid-24564909,24564909,PMC4029569,10.1186/1752-0509-7-S5-S2,Dynamic protein interaction modules in human hepatocellular carcinoma progression.,2013,selected_for_reading,"Full text contains useful host-pathogen assay or pathway evidence, but the primary-virus mechanism is less central than in direct papers.",fulltext_review,readable,pmc_xml,/Users/xingmeng/.openclaw/workspaces/staff-scientist-ideker/agenticWorkflow_LiteratureScreeningAndFullTextReview/runs/host_pathogen_shared_mechanisms_apms_20260826/passes/pass_001/artifacts/fulltext_import/PMC_XML/normalized/PMC4029569.json,medium
pmid-24523981,24523981,PMC3918895,10.1155/2013/728392,Cellular and Biochemical Mechanisms of the Retroviral Restriction Factor SAMHD1.,2013,selected_for_reading,"Full text contains useful host-pathogen assay or pathway evidence, but the primary-virus mechanism is less central than in direct papers.",fulltext_review,readable,pmc_xml,/Users/xingmeng/.openclaw/workspaces/staff-scientist-ideker/agenticWorkflow_LiteratureScreeningAndFullTextReview/runs/host_pathogen_shared_mechanisms_apms_20260826/passes/pass_001/artifacts/fulltext_import/PMC_XML/normalized/PMC3918895.json,medium
pmid-24470970,24470970,PMC3892619,10.4081/idr.2013.s1.e6,Pathogenesis of HIV Infection.,2013,selected_for_reading,Full text links a primary virus to a host factor or host pathway mechanism.,fulltext_review,readable,pmc_xml,/Users/xingmeng/.openclaw/workspaces/staff-scientist-ideker/agenticWorkflow_LiteratureScreeningAndFullTextReview/runs/host_pathogen_shared_mechanisms_apms_20260826/passes/pass_001/artifacts/fulltext_import/PMC_XML/normalized/PMC3892619.json,medium
pmid-24396731,24396731,PMC3854662,10.2174/2213988501307010016,A Biochemical/Biophysical Assay Dyad for HTS-Compatible Triaging of Inhibitors of the HIV-1 Nef/Hck SH3 Interaction.,2013,selected_for_reading,"Full text centers a primary virus and provides assay-supported host interaction, host factor, or pathway mechanism evidence.",fulltext_review,readable,pmc_xml,/Users/xingmeng/.openclaw/workspaces/staff-scientist-ideker/agenticWorkflow_LiteratureScreeningAndFullTextReview/runs/host_pathogen_shared_mechanisms_apms_20260826/passes/pass_001/artifacts/fulltext_import/PMC_XML/normalized/PMC3854662.json,high
pmid-24386290,24386290,PMC3875534,10.1371/journal.pone.0083842,Proteomic characterization of murid herpesvirus 4 extracellular virions.,2013,selected_for_reading,"Full text contains useful host-pathogen assay or pathway evidence, but the primary-virus mechanism is less central than in direct papers.",fulltext_review,readable,pmc_xml,/Users/xingmeng/.openclaw/workspaces/staff-scientist-ideker/agenticWorkflow_LiteratureScreeningAndFullTextReview/runs/host_pathogen_shared_mechanisms_apms_20260826/passes/pass_001/artifacts/fulltext_import/PMC_XML/normalized/PMC3875534.json,medium
pmid-24367265,24367265,PMC3868536,10.1371/journal.ppat.1003835,Genome-wide RNAi screen identifies novel host proteins required for alphavirus entry.,2013,selected_for_reading,"Full text contains useful host-pathogen assay or pathway evidence, but the primary-virus mechanism is less central than in direct papers.",fulltext_review,readable,pmc_xml,/Users/xingmeng/.openclaw/workspaces/staff-scientist-ideker/agenticWorkflow_LiteratureScreeningAndFullTextReview/runs/host_pathogen_shared_mechanisms_apms_20260826/passes/pass_001/artifacts/fulltext_import/PMC_XML/normalized/PMC3868536.json,medium
pmid-24324976,24324976,PMC3842078,10.1155/2013/875958,Proteomic identification of dengue virus binding proteins in Aedes aegypti mosquitoes and Aedes albopictus cells.,2013,selected_for_reading,"Full text centers a primary virus and provides assay-supported host interaction, host factor, or pathway mechanism evidence.",fulltext_review,readable,pmc_xml,/Users/xingmeng/.openclaw/workspaces/staff-scientist-ideker/agenticWorkflow_LiteratureScreeningAndFullTextReview/runs/host_pathogen_shared_mechanisms_apms_20260826/passes/pass_001/artifacts/fulltext_import/PMC_XML/normalized/PMC3842078.json,high
pmid-24288480,24288480,PMC3830889,10.1155/2013/387282,Generation of mature Nα-terminal acetylated thymosin α 1 by cleavage of recombinant prothymosin α.,2013,selected_for_reading,"Full text contains useful host-pathogen assay or pathway evidence, but the primary-virus mechanism is less central than in direct papers.",fulltext_review,readable,pmc_xml,/Users/xingmeng/.openclaw/workspaces/staff-scientist-ideker/agenticWorkflow_LiteratureScreeningAndFullTextReview/runs/host_pathogen_shared_mechanisms_apms_20260826/passes/pass_001/artifacts/fulltext_import/PMC_XML/normalized/PMC3830889.json,medium
pmid-24283668,24283668,PMC3850534,10.1186/1479-5876-11-239,Quantitative proteomic analysis in HCV-induced HCC reveals sets of proteins with potential significance for racial disparity.,2013,selected_for_reading,"Full text centers a primary virus and provides assay-supported host interaction, host factor, or pathway mechanism evidence.",fulltext_review,readable,pmc_xml,/Users/xingmeng/.openclaw/workspaces/staff-scientist-ideker/agenticWorkflow_LiteratureScreeningAndFullTextReview/runs/host_pathogen_shared_mechanisms_apms_20260826/passes/pass_001/artifacts/fulltext_import/PMC_XML/normalized/PMC3850534.json,high
pmid-24278015,24278015,PMC3836728,10.1371/journal.ppat.1003750,A unique SUMO-2-interacting motif within LANA is essential for KSHV latency.,2013,selected_for_reading,"Full text centers a primary virus and provides assay-supported host interaction, host factor, or pathway mechanism evidence.",fulltext_review,readable,pmc_xml,/Users/xingmeng/.openclaw/workspaces/staff-scientist-ideker/agenticWorkflow_LiteratureScreeningAndFullTextReview/runs/host_pathogen_shared_mechanisms_apms_20260826/passes/pass_001/artifacts/fulltext_import/PMC_XML/normalized/PMC3836728.json,high
pmid-24260261,24260261,PMC3832534,10.1371/journal.pone.0079606,Probability weighted ensemble transfer learning for predicting interactions between HIV-1 and human proteins.,2013,selected_for_reading,"Full text centers a primary virus and provides assay-supported host interaction, host factor, or pathway mechanism evidence.",fulltext_review,readable,pmc_xml,/Users/xingmeng/.openclaw/workspaces/staff-scientist-ideker/agenticWorkflow_LiteratureScreeningAndFullTextReview/runs/host_pathogen_shared_mechanisms_apms_20260826/passes/pass_001/artifacts/fulltext_import/PMC_XML/normalized/PMC3832534.json,high
pmid-24244515,24244515,PMC3828359,10.1371/journal.pone.0079505,Unbiased proteomics analysis demonstrates significant variability in mucosal immune factor expression depending on the site and method of collection.,2013,selected_for_reading,"Full text contains useful host-pathogen assay or pathway evidence, but the primary-virus mechanism is less central than in direct papers.",fulltext_review,readable,pmc_xml,/Users/xingmeng/.openclaw/workspaces/staff-scientist-ideker/agenticWorkflow_LiteratureScreeningAndFullTextReview/runs/host_pathogen_shared_mechanisms_apms_20260826/passes/pass_001/artifacts/fulltext_import/PMC_XML/normalized/PMC3828359.json,medium
pmid-24244287,24244287,PMC3823927,10.1371/journal.pone.0078057,A computational study identifies HIV progression-related genes using mRMR and shortest path tracing.,2013,selected_for_reading,Full text links a primary virus to a host factor or host pathway mechanism.,fulltext_review,readable,pmc_xml,/Users/xingmeng/.openclaw/workspaces/staff-scientist-ideker/agenticWorkflow_LiteratureScreeningAndFullTextReview/runs/host_pathogen_shared_mechanisms_apms_20260826/passes/pass_001/artifacts/fulltext_import/PMC_XML/normalized/PMC3823927.json,medium
pmid-24227937,24227937,PMC3823949,10.4196/kjpp.2013.17.5.375,Cyclophilin A as a New Therapeutic Target for Hepatitis C Virus-induced Hepatocellular Carcinoma.,2013,selected_for_reading,"Full text centers a primary virus and provides assay-supported host interaction, host factor, or pathway mechanism evidence.",fulltext_review,readable,pmc_xml,/Users/xingmeng/.openclaw/workspaces/staff-scientist-ideker/agenticWorkflow_LiteratureScreeningAndFullTextReview/runs/host_pathogen_shared_mechanisms_apms_20260826/passes/pass_001/artifacts/fulltext_import/PMC_XML/normalized/PMC3823949.json,high
pmid-24167505,24167505,PMC3807056,10.3389/fimmu.2013.00343,Host Factors and HIV-1 Replication: Clinical Evidence and Potential Therapeutic Approaches.,2013,selected_for_reading,Full text links a primary virus to a host factor or host pathway mechanism.,fulltext_review,readable,pmc_xml,/Users/xingmeng/.openclaw/workspaces/staff-scientist-ideker/agenticWorkflow_LiteratureScreeningAndFullTextReview/runs/host_pathogen_shared_mechanisms_apms_20260826/passes/pass_001/artifacts/fulltext_import/PMC_XML/normalized/PMC3807056.json,medium
pmid-24136289,24136289,PMC4171131,10.1039/c3mb70343f,Identification and comparative analysis of hepatitis C virus-host cell protein interactions.,2013,selected_for_reading,"Full text centers a primary virus and provides assay-supported host interaction, host factor, or pathway mechanism evidence.",fulltext_review,readable,pmc_xml,/Users/xingmeng/.openclaw/workspaces/staff-scientist-ideker/agenticWorkflow_LiteratureScreeningAndFullTextReview/runs/host_pathogen_shared_mechanisms_apms_20260826/passes/pass_001/artifacts/fulltext_import/PMC_XML/normalized/PMC4171131.json,high
pmid-24131891,24131891,PMC3813911,10.3390/toxins5101780,Molecular characterization of Lys49 and Asp49 phospholipases A₂from snake venom and their antiviral activities against Dengue virus.,2013,selected_for_reading,"Full text centers a primary virus and provides assay-supported host interaction, host factor, or pathway mechanism evidence.",fulltext_review,readable,pmc_xml,/Users/xingmeng/.openclaw/workspaces/staff-scientist-ideker/agenticWorkflow_LiteratureScreeningAndFullTextReview/runs/host_pathogen_shared_mechanisms_apms_20260826/passes/pass_001/artifacts/fulltext_import/PMC_XML/normalized/PMC3813911.json,high
pmid-24130701,24130701,PMC3794929,10.1371/journal.pone.0075297,"Snapin, positive regulator of stimulation- induced Ca²⁺ release through RyR, is necessary for HIV-1 replication in T cells.",2013,selected_for_reading,Full text links a primary virus to a host factor or host pathway mechanism.,fulltext_review,readable,pmc_xml,/Users/xingmeng/.openclaw/workspaces/staff-scientist-ideker/agenticWorkflow_LiteratureScreeningAndFullTextReview/runs/host_pathogen_shared_mechanisms_apms_20260826/passes/pass_001/artifacts/fulltext_import/PMC_XML/normalized/PMC3794929.json,medium
pmid-24130490,24130490,PMC3795039,10.1371/journal.ppat.1003693,Nucleoporin NUP153 phenylalanine-glycine motifs engage a common binding pocket within the HIV-1 capsid protein to mediate lentiviral infectivity.,2013,selected_for_reading,Full text links a primary virus to a host factor or host pathway mechanism.,fulltext_review,readable,pmc_xml,/Users/xingmeng/.openclaw/workspaces/staff-scientist-ideker/agenticWorkflow_LiteratureScreeningAndFullTextReview/runs/host_pathogen_shared_mechanisms_apms_20260826/passes/pass_001/artifacts/fulltext_import/PMC_XML/normalized/PMC3795039.json,medium
pmid-24079723,24079723,PMC3849893,10.1186/1743-422X-10-299,Role of viral and host factors in interferon based therapy of hepatitis C virus infection.,2013,selected_for_reading,Full text links a primary virus to a host factor or host pathway mechanism.,fulltext_review,readable,pmc_xml,/Users/xingmeng/.openclaw/workspaces/staff-scientist-ideker/agenticWorkflow_LiteratureScreeningAndFullTextReview/runs/host_pathogen_shared_mechanisms_apms_20260826/passes/pass_001/artifacts/fulltext_import/PMC_XML/normalized/PMC3849893.json,medium
pmid-24076421,24076421,PMC4121887,10.1016/j.jmb.2013.09.024,IFITMs restrict the replication of multiple pathogenic viruses.,2013,selected_for_reading,"Full text contains useful host-pathogen assay or pathway evidence, but the primary-virus mechanism is less central than in direct papers.",fulltext_review,readable,pmc_xml,/Users/xingmeng/.openclaw/workspaces/staff-scientist-ideker/agenticWorkflow_LiteratureScreeningAndFullTextReview/runs/host_pathogen_shared_mechanisms_apms_20260826/passes/pass_001/artifacts/fulltext_import/PMC_XML/normalized/PMC4121887.json,medium
pmid-24069433,24069433,PMC3775767,10.1371/journal.pone.0075648,Inhibition of HCV replication by oxysterol-binding protein-related protein 4 (ORP4) through interaction with HCV NS5B and alteration of lipid droplet formation.,2013,selected_for_reading,"Full text centers a primary virus and provides assay-supported host interaction, host factor, or pathway mechanism evidence.",fulltext_review,readable,pmc_xml,/Users/xingmeng/.openclaw/workspaces/staff-scientist-ideker/agenticWorkflow_LiteratureScreeningAndFullTextReview/runs/host_pathogen_shared_mechanisms_apms_20260826/passes/pass_001/artifacts/fulltext_import/PMC_XML/normalized/PMC3775767.json,high
pmid-24063684,24063684,PMC3853319,10.1186/1746-1596-8-161,"Impaired binding of standard initiation factors eIF3b, eIF4G and eIF4B to domain V of the live-attenuated coxsackievirus B3 Sabin3-like IRES--alternatives for 5'UTR-related cardiovirulence mechanisms.",2013,selected_for_reading,"Full text centers a primary virus and provides assay-supported host interaction, host factor, or pathway mechanism evidence.",fulltext_review,readable,pmc_xml,/Users/xingmeng/.openclaw/workspaces/staff-scientist-ideker/agenticWorkflow_LiteratureScreeningAndFullTextReview/runs/host_pathogen_shared_mechanisms_apms_20260826/passes/pass_001/artifacts/fulltext_import/PMC_XML/normalized/PMC3853319.json,high
pmid-24039573,24039573,PMC3764211,10.1371/journal.ppat.1003584,Proteomic screening of human targets of viral microRNAs reveals functions associated with immune evasion and angiogenesis.,2013,selected_for_reading,"Full text contains useful host-pathogen assay or pathway evidence, but the primary-virus mechanism is less central than in direct papers.",fulltext_review,readable,pmc_xml,/Users/xingmeng/.openclaw/workspaces/staff-scientist-ideker/agenticWorkflow_LiteratureScreeningAndFullTextReview/runs/host_pathogen_shared_mechanisms_apms_20260826/passes/pass_001/artifacts/fulltext_import/PMC_XML/normalized/PMC3764211.json,medium
pmid-24015300,24015300,PMC3756012,10.1371/journal.pone.0073296,The Coxsackievirus and Adenovirus Receptor (CAR) undergoes ectodomain shedding and regulated intramembrane proteolysis (RIP).,2013,selected_for_reading,"Full text centers a primary virus and provides assay-supported host interaction, host factor, or pathway mechanism evidence.",fulltext_review,readable,pmc_xml,/Users/xingmeng/.openclaw/workspaces/staff-scientist-ideker/agenticWorkflow_LiteratureScreeningAndFullTextReview/runs/host_pathogen_shared_mechanisms_apms_20260826/passes/pass_001/artifacts/fulltext_import/PMC_XML/normalized/PMC3756012.json,high
pmid-24009866,24009866,PMC3762308,10.4062/biomolther.2013.007,Interaction of hepatitis C virus core protein with janus kinase is required for efficient production of infectious viruses.,2013,selected_for_reading,Full text links a primary virus to a host factor or host pathway mechanism.,fulltext_review,readable,pmc_xml,/Users/xingmeng/.openclaw/workspaces/staff-scientist-ideker/agenticWorkflow_LiteratureScreeningAndFullTextReview/runs/host_pathogen_shared_mechanisms_apms_20260826/passes/pass_001/artifacts/fulltext_import/PMC_XML/normalized/PMC3762308.json,medium
pmid-24003364,24003364,PMC3759171,10.3402/iee.v3i0.19839,Dengue viruses - an overview.,2013,selected_for_reading,Full text links a primary virus to a host factor or host pathway mechanism.,fulltext_review,readable,pmc_xml,/Users/xingmeng/.openclaw/workspaces/staff-scientist-ideker/agenticWorkflow_LiteratureScreeningAndFullTextReview/runs/host_pathogen_shared_mechanisms_apms_20260826/passes/pass_001/artifacts/fulltext_import/PMC_XML/normalized/PMC3759171.json,medium
pmid-23986795,23986795,PMC3751038,10.2174/1874357920130621001,T-Cell Signaling in HIV-1 Infection.,2013,selected_for_reading,Full text links a primary virus to a host factor or host pathway mechanism.,fulltext_review,readable,pmc_xml,/Users/xingmeng/.openclaw/workspaces/staff-scientist-ideker/agenticWorkflow_LiteratureScreeningAndFullTextReview/runs/host_pathogen_shared_mechanisms_apms_20260826/passes/pass_001/artifacts/fulltext_import/PMC_XML/normalized/PMC3751038.json,medium
pmid-23935497,23935497,PMC3731246,10.1371/journal.ppat.1003513,Rab18 binds to hepatitis C virus NS5A and promotes interaction between sites of viral replication and lipid droplets.,2013,selected_for_reading,"Full text centers a primary virus and provides assay-supported host interaction, host factor, or pathway mechanism evidence.",fulltext_review,readable,pmc_xml,/Users/xingmeng/.openclaw/workspaces/staff-scientist-ideker/agenticWorkflow_LiteratureScreeningAndFullTextReview/runs/host_pathogen_shared_mechanisms_apms_20260826/passes/pass_001/artifacts/fulltext_import/PMC_XML/normalized/PMC3731246.json,high
pmid-23935482,23935482,PMC3723632,10.1371/journal.ppat.1003456,A multi-targeted drug candidate with dual anti-HIV and anti-HSV activity.,2013,selected_for_reading,Full text links a primary virus to a host factor or host pathway mechanism.,fulltext_review,readable,pmc_xml,/Users/xingmeng/.openclaw/workspaces/staff-scientist-ideker/agenticWorkflow_LiteratureScreeningAndFullTextReview/runs/host_pathogen_shared_mechanisms_apms_20260826/passes/pass_001/artifacts/fulltext_import/PMC_XML/normalized/PMC3723632.json,medium
pmid-23861987,23861987,PMC3701703,10.1371/journal.pntd.0002295,Transcriptomic profiling of diverse Aedes aegypti strains reveals increased basal-level immune activation in dengue virus-refractory populations and identifies novel virus-vector molecular interactions.,2013,selected_for_reading,"Full text centers a primary virus and provides assay-supported host interaction, host factor, or pathway mechanism evidence.",fulltext_review,readable,pmc_xml,/Users/xingmeng/.openclaw/workspaces/staff-scientist-ideker/agenticWorkflow_LiteratureScreeningAndFullTextReview/runs/host_pathogen_shared_mechanisms_apms_20260826/passes/pass_001/artifacts/fulltext_import/PMC_XML/normalized/PMC3701703.json,high
pmid-23861867,23861867,PMC3701667,10.1371/journal.pone.0068170,Nonstructural 5A protein of hepatitis C virus interacts with pyruvate carboxylase and modulates viral propagation.,2013,selected_for_reading,"Full text centers a primary virus and provides assay-supported host interaction, host factor, or pathway mechanism evidence.",fulltext_review,readable,pmc_xml,/Users/xingmeng/.openclaw/workspaces/staff-scientist-ideker/agenticWorkflow_LiteratureScreeningAndFullTextReview/runs/host_pathogen_shared_mechanisms_apms_20260826/passes/pass_001/artifacts/fulltext_import/PMC_XML/normalized/PMC3701667.json,high
pmid-23861745,23861745,PMC3701577,10.1371/journal.pone.0066581,Characterization of DNA binding property of the HIV-1 host factor and tumor suppressor protein Integrase Interactor 1 (INI1/hSNF5).,2013,selected_for_reading,"Full text centers a primary virus and provides assay-supported host interaction, host factor, or pathway mechanism evidence.",fulltext_review,readable,pmc_xml,/Users/xingmeng/.openclaw/workspaces/staff-scientist-ideker/agenticWorkflow_LiteratureScreeningAndFullTextReview/runs/host_pathogen_shared_mechanisms_apms_20260826/passes/pass_001/artifacts/fulltext_import/PMC_XML/normalized/PMC3701577.json,high
pmid-23853584,23853584,PMC3701712,10.1371/journal.ppat.1003440,The interactomes of influenza virus NS1 and NS2 proteins identify new host factors and provide insights for ADAR1 playing a supportive role in virus replication.,2013,selected_for_reading,"Full text contains useful host-pathogen assay or pathway evidence, but the primary-virus mechanism is less central than in direct papers.",fulltext_review,readable,pmc_xml,/Users/xingmeng/.openclaw/workspaces/staff-scientist-ideker/agenticWorkflow_LiteratureScreeningAndFullTextReview/runs/host_pathogen_shared_mechanisms_apms_20260826/passes/pass_001/artifacts/fulltext_import/PMC_XML/normalized/PMC3701712.json,medium
pmid-23841474,23841474,PMC3855088,10.1021/bi4006623,"Three-dimensional structure and interaction studies of hepatitis C virus p7 in 1,2-dihexanoyl-sn-glycero-3-phosphocholine by solution nuclear magnetic resonance.",2013,selected_for_reading,Full text links a primary virus to a host factor or host pathway mechanism.,fulltext_review,readable,pmc_xml,/Users/xingmeng/.openclaw/workspaces/staff-scientist-ideker/agenticWorkflow_LiteratureScreeningAndFullTextReview/runs/host_pathogen_shared_mechanisms_apms_20260826/passes/pass_001/artifacts/fulltext_import/PMC_XML/normalized/PMC3855088.json,medium
pmid-23822148,23822148,PMC3716619,10.1186/1471-2199-14-14,Tip110 interacts with YB-1 and regulates each other's function.,2013,selected_for_reading,"Full text contains useful host-pathogen assay or pathway evidence, but the primary-virus mechanism is less central than in direct papers.",fulltext_review,readable,pmc_xml,/Users/xingmeng/.openclaw/workspaces/staff-scientist-ideker/agenticWorkflow_LiteratureScreeningAndFullTextReview/runs/host_pathogen_shared_mechanisms_apms_20260826/passes/pass_001/artifacts/fulltext_import/PMC_XML/normalized/PMC3716619.json,medium
pmid-23793894,23793894,PMC3708535,10.1261/rna.038810.113,A miRNA-responsive cell-free translation system facilitates isolation of hepatitis C virus miRNP complexes.,2013,selected_for_reading,"Full text centers a primary virus and provides assay-supported host interaction, host factor, or pathway mechanism evidence.",fulltext_review,readable,pmc_xml,/Users/xingmeng/.openclaw/workspaces/staff-scientist-ideker/agenticWorkflow_LiteratureScreeningAndFullTextReview/runs/host_pathogen_shared_mechanisms_apms_20260826/passes/pass_001/artifacts/fulltext_import/PMC_XML/normalized/PMC3708535.json,high
pmid-23749060,23749060,PMC3753637,10.1093/nar/gkt512,Mapping the LINE1 ORF1 protein interactome reveals associated inhibitors of human retrotransposition.,2013,selected_for_reading,"Full text contains useful host-pathogen assay or pathway evidence, but the primary-virus mechanism is less central than in direct papers.",fulltext_review,readable,pmc_xml,/Users/xingmeng/.openclaw/workspaces/staff-scientist-ideker/agenticWorkflow_LiteratureScreeningAndFullTextReview/runs/host_pathogen_shared_mechanisms_apms_20260826/passes/pass_001/artifacts/fulltext_import/PMC_XML/normalized/PMC3753637.json,medium
pmid-23741527,23741527,PMC3669275,10.1371/journal.pone.0066156,Identification of a human protein-derived HIV-1 fusion inhibitor targeting the gp41 fusion core structure.,2013,selected_for_reading,Full text links a primary virus to a host factor or host pathway mechanism.,fulltext_review,readable,pmc_xml,/Users/xingmeng/.openclaw/workspaces/staff-scientist-ideker/agenticWorkflow_LiteratureScreeningAndFullTextReview/runs/host_pathogen_shared_mechanisms_apms_20260826/passes/pass_001/artifacts/fulltext_import/PMC_XML/normalized/PMC3669275.json,medium
pmid-23732522,23732522,PMC3698640,10.1038/cr.2013.74,Restrictions to HIV-1 replication in resting CD4+ T lymphocytes.,2013,selected_for_reading,Full text links a primary virus to a host factor or host pathway mechanism.,fulltext_review,readable,pmc_xml,/Users/xingmeng/.openclaw/workspaces/staff-scientist-ideker/agenticWorkflow_LiteratureScreeningAndFullTextReview/runs/host_pathogen_shared_mechanisms_apms_20260826/passes/pass_001/artifacts/fulltext_import/PMC_XML/normalized/PMC3698640.json,medium
pmid-23717565,23717565,PMC3662766,10.1371/journal.pone.0064196,Retroviral restriction factor APOBEC3G delays the initiation of DNA synthesis by HIV-1 reverse transcriptase.,2013,selected_for_reading,"Full text centers a primary virus and provides assay-supported host interaction, host factor, or pathway mechanism evidence.",fulltext_review,readable,pmc_xml,/Users/xingmeng/.openclaw/workspaces/staff-scientist-ideker/agenticWorkflow_LiteratureScreeningAndFullTextReview/runs/host_pathogen_shared_mechanisms_apms_20260826/passes/pass_001/artifacts/fulltext_import/PMC_XML/normalized/PMC3662766.json,high
pmid-23708292,23708292,PMC3676727,10.1038/nm.3190,Hepatitis C virus infection activates an innate pathway involving IKK-α in lipogenesis and viral assembly.,2013,selected_for_reading,Full text links a primary virus to a host factor or host pathway mechanism.,fulltext_review,readable,pmc_xml,/Users/xingmeng/.openclaw/workspaces/staff-scientist-ideker/agenticWorkflow_LiteratureScreeningAndFullTextReview/runs/host_pathogen_shared_mechanisms_apms_20260826/passes/pass_001/artifacts/fulltext_import/PMC_XML/normalized/PMC3676727.json,medium
pmid-23696811,23696811,PMC3655974,10.1371/journal.pone.0063300,"A ""candidate-interactome"" aggregate analysis of genome-wide association data in multiple sclerosis.",2013,selected_for_reading,"Full text contains useful host-pathogen assay or pathway evidence, but the primary-virus mechanism is less central than in direct papers.",fulltext_review,readable,pmc_xml,/Users/xingmeng/.openclaw/workspaces/staff-scientist-ideker/agenticWorkflow_LiteratureScreeningAndFullTextReview/runs/host_pathogen_shared_mechanisms_apms_20260826/passes/pass_001/artifacts/fulltext_import/PMC_XML/normalized/PMC3655974.json,medium
pmid-23684312,23684312,PMC4104530,10.1016/j.chom.2013.04.011,Quantitative phosphoproteomics reveals extensive cellular reprogramming during HIV-1 entry.,2013,selected_for_reading,"Full text centers a primary virus and provides assay-supported host interaction, host factor, or pathway mechanism evidence.",fulltext_review,readable,pmc_xml,/Users/xingmeng/.openclaw/workspaces/staff-scientist-ideker/agenticWorkflow_LiteratureScreeningAndFullTextReview/runs/host_pathogen_shared_mechanisms_apms_20260826/passes/pass_001/artifacts/fulltext_import/PMC_XML/normalized/PMC4104530.json,high
pmid-23675659,23675659,PMC3893124,10.1056/NEJMra1213651,Current and future therapies for hepatitis C virus infection.,2013,selected_for_reading,Full text links a primary virus to a host factor or host pathway mechanism.,fulltext_review,readable,pmc_xml,/Users/xingmeng/.openclaw/workspaces/staff-scientist-ideker/agenticWorkflow_LiteratureScreeningAndFullTextReview/runs/host_pathogen_shared_mechanisms_apms_20260826/passes/pass_001/artifacts/fulltext_import/PMC_XML/normalized/PMC3893124.json,medium
pmid-23675303,23675303,PMC3649985,10.1371/journal.ppat.1003359,The lipid kinase phosphatidylinositol-4 kinase III alpha regulates the phosphorylation status of hepatitis C virus NS5A.,2013,selected_for_reading,"Full text centers a primary virus and provides assay-supported host interaction, host factor, or pathway mechanism evidence.",fulltext_review,readable,pmc_xml,/Users/xingmeng/.openclaw/workspaces/staff-scientist-ideker/agenticWorkflow_LiteratureScreeningAndFullTextReview/runs/host_pathogen_shared_mechanisms_apms_20260826/passes/pass_001/artifacts/fulltext_import/PMC_XML/normalized/PMC3649985.json,high
pmid-23641933,23641933,PMC3655873,10.1186/1471-2334-13-203,"Plasma metabolomics identifies lipid abnormalities linked to markers of inflammation, microbial translocation, and hepatic function in HIV patients receiving protease inhibitors.",2013,selected_for_reading,"Full text centers a primary virus and provides assay-supported host interaction, host factor, or pathway mechanism evidence.",fulltext_review,readable,pmc_xml,/Users/xingmeng/.openclaw/workspaces/staff-scientist-ideker/agenticWorkflow_LiteratureScreeningAndFullTextReview/runs/host_pathogen_shared_mechanisms_apms_20260826/passes/pass_001/artifacts/fulltext_import/PMC_XML/normalized/PMC3655873.json,high
pmid-23627436,23627436,PMC3655864,10.1186/1472-6882-13-91,Extract of Scutellaria baicalensis inhibits dengue virus replication.,2013,selected_for_reading,"Full text centers a primary virus and provides assay-supported host interaction, host factor, or pathway mechanism evidence.",fulltext_review,readable,pmc_xml,/Users/xingmeng/.openclaw/workspaces/staff-scientist-ideker/agenticWorkflow_LiteratureScreeningAndFullTextReview/runs/host_pathogen_shared_mechanisms_apms_20260826/passes/pass_001/artifacts/fulltext_import/PMC_XML/normalized/PMC3655864.json,high
pmid-23601957,23601957,PMC3947873,10.1016/j.coviro.2013.03.004,Epigenetic regulation of EBV and KSHV latency.,2013,selected_for_reading,"Full text centers a primary virus and provides assay-supported host interaction, host factor, or pathway mechanism evidence.",fulltext_review,readable,pmc_xml,/Users/xingmeng/.openclaw/workspaces/staff-scientist-ideker/agenticWorkflow_LiteratureScreeningAndFullTextReview/runs/host_pathogen_shared_mechanisms_apms_20260826/passes/pass_001/artifacts/fulltext_import/PMC_XML/normalized/PMC3947873.json,high
pmid-23593299,23593299,PMC3623958,10.1371/journal.pone.0060734,Structural and functional role of INI1 and LEDGF in the HIV-1 preintegration complex.,2013,selected_for_reading,"Full text centers a primary virus and provides assay-supported host interaction, host factor, or pathway mechanism evidence.",fulltext_review,readable,pmc_xml,/Users/xingmeng/.openclaw/workspaces/staff-scientist-ideker/agenticWorkflow_LiteratureScreeningAndFullTextReview/runs/host_pathogen_shared_mechanisms_apms_20260826/passes/pass_001/artifacts/fulltext_import/PMC_XML/normalized/PMC3623958.json,high
pmid-23593195,23593195,PMC3625227,10.1371/journal.pone.0060333,Discovery of cellular proteins required for the early steps of HCV infection using integrative genomics.,2013,selected_for_reading,"Full text centers a primary virus and provides assay-supported host interaction, host factor, or pathway mechanism evidence.",fulltext_review,readable,pmc_xml,/Users/xingmeng/.openclaw/workspaces/staff-scientist-ideker/agenticWorkflow_LiteratureScreeningAndFullTextReview/runs/host_pathogen_shared_mechanisms_apms_20260826/passes/pass_001/artifacts/fulltext_import/PMC_XML/normalized/PMC3625227.json,high
pmid-23555257,23555257,PMC3605286,10.1371/journal.ppat.1003244,Temporal analysis of hepatitis C virus cell entry with occludin directed blocking antibodies.,2013,selected_for_reading,Full text links a primary virus to a host factor or host pathway mechanism.,fulltext_review,readable,pmc_xml,/Users/xingmeng/.openclaw/workspaces/staff-scientist-ideker/agenticWorkflow_LiteratureScreeningAndFullTextReview/runs/host_pathogen_shared_mechanisms_apms_20260826/passes/pass_001/artifacts/fulltext_import/PMC_XML/normalized/PMC3605286.json,medium
pmid-23554569,23554569,PMC3608127,10.1155/2013/673240,Hepatitis C virus adaptation to T-cell immune pressure.,2013,selected_for_reading,Full text links a primary virus to a host factor or host pathway mechanism.,fulltext_review,readable,pmc_xml,/Users/xingmeng/.openclaw/workspaces/staff-scientist-ideker/agenticWorkflow_LiteratureScreeningAndFullTextReview/runs/host_pathogen_shared_mechanisms_apms_20260826/passes/pass_001/artifacts/fulltext_import/PMC_XML/normalized/PMC3608127.json,medium
pmid-23536806,23536806,PMC3594161,10.1371/journal.pone.0058656,Proteomic biomarkers for ageing the mosquito Aedes aegypti to determine risk of pathogen transmission.,2013,selected_for_reading,"Full text contains useful host-pathogen assay or pathway evidence, but the primary-virus mechanism is less central than in direct papers.",fulltext_review,readable,pmc_xml,/Users/xingmeng/.openclaw/workspaces/staff-scientist-ideker/agenticWorkflow_LiteratureScreeningAndFullTextReview/runs/host_pathogen_shared_mechanisms_apms_20260826/passes/pass_001/artifacts/fulltext_import/PMC_XML/normalized/PMC3594161.json,medium
pmid-23527139,23527139,PMC3601059,10.1371/journal.pone.0059211,"Interaction and inhibition of dengue envelope glycoprotein with mammalian receptor DC-sign, an in-silico approach.",2013,selected_for_reading,Full text links a primary virus to a host factor or host pathway mechanism.,fulltext_review,readable,pmc_xml,/Users/xingmeng/.openclaw/workspaces/staff-scientist-ideker/agenticWorkflow_LiteratureScreeningAndFullTextReview/runs/host_pathogen_shared_mechanisms_apms_20260826/passes/pass_001/artifacts/fulltext_import/PMC_XML/normalized/PMC3601059.json,medium
pmid-23516533,23516533,PMC3597726,10.1371/journal.pone.0058675,N-substituted benzyl matrinic acid derivatives inhibit hepatitis C virus (HCV) replication through down-regulating host heat-stress cognate 70 (Hsc70) expression.,2013,selected_for_reading,Full text links a primary virus to a host factor or host pathway mechanism.,fulltext_review,readable,pmc_xml,/Users/xingmeng/.openclaw/workspaces/staff-scientist-ideker/agenticWorkflow_LiteratureScreeningAndFullTextReview/runs/host_pathogen_shared_mechanisms_apms_20260826/passes/pass_001/artifacts/fulltext_import/PMC_XML/normalized/PMC3597726.json,medium
pmid-23463202,23463202,PMC3925669,10.1007/978-3-642-27340-7_8,Virion assembly and release.,2013,selected_for_reading,"Full text contains useful host-pathogen assay or pathway evidence, but the primary-virus mechanism is less central than in direct papers.",fulltext_review,readable,pmc_xml,/Users/xingmeng/.openclaw/workspaces/staff-scientist-ideker/agenticWorkflow_LiteratureScreeningAndFullTextReview/runs/host_pathogen_shared_mechanisms_apms_20260826/passes/pass_001/artifacts/fulltext_import/PMC_XML/normalized/PMC3925669.json,medium
pmid-23460728,23460728,PMC3600911,10.1084/jem.20120572,IL-27 inhibits HIV-1 infection in human macrophages by down-regulating host factor SPTBN1 during monocyte to macrophage differentiation.,2013,selected_for_reading,"Full text centers a primary virus and provides assay-supported host interaction, host factor, or pathway mechanism evidence.",fulltext_review,readable,pmc_xml,/Users/xingmeng/.openclaw/workspaces/staff-scientist-ideker/agenticWorkflow_LiteratureScreeningAndFullTextReview/runs/host_pathogen_shared_mechanisms_apms_20260826/passes/pass_001/artifacts/fulltext_import/PMC_XML/normalized/PMC3600911.json,high
pmid-23439556,23439556,PMC3634434,10.3390/ijms14034525,Molecular Analysis of RNA-RNA Interactions between 5' and 3' Untranslated Regions during the Initiation of Translation of a Cardiovirulent and a Live-Attenuated Coxsackievirus B3 Strains.,2013,selected_for_reading,Full text links a primary virus to a host factor or host pathway mechanism.,fulltext_review,readable,pmc_xml,/Users/xingmeng/.openclaw/workspaces/staff-scientist-ideker/agenticWorkflow_LiteratureScreeningAndFullTextReview/runs/host_pathogen_shared_mechanisms_apms_20260826/passes/pass_001/artifacts/fulltext_import/PMC_XML/normalized/PMC3634434.json,medium
pmid-23432411,23432411,PMC4065613,10.1021/pr300918r,The conserved set of host proteins incorporated into HIV-1 virions suggests a common egress pathway in multiple cell types.,2013,selected_for_reading,"Full text centers a primary virus and provides assay-supported host interaction, host factor, or pathway mechanism evidence.",fulltext_review,readable,pmc_xml,/Users/xingmeng/.openclaw/workspaces/staff-scientist-ideker/agenticWorkflow_LiteratureScreeningAndFullTextReview/runs/host_pathogen_shared_mechanisms_apms_20260826/passes/pass_001/artifacts/fulltext_import/PMC_XML/normalized/PMC4065613.json,high
pmid-23396443,23396443,PMC3616739,10.1093/nar/gkt074,Structural basis for high-affinity binding of LEDGF PWWP to mononucleosomes.,2013,selected_for_reading,"Full text contains useful host-pathogen assay or pathway evidence, but the primary-virus mechanism is less central than in direct papers.",fulltext_review,readable,pmc_xml,/Users/xingmeng/.openclaw/workspaces/staff-scientist-ideker/agenticWorkflow_LiteratureScreeningAndFullTextReview/runs/host_pathogen_shared_mechanisms_apms_20260826/passes/pass_001/artifacts/fulltext_import/PMC_XML/normalized/PMC3616739.json,medium
pmid-23333304,23333304,PMC3582769,10.1016/j.molcel.2012.12.012,CBFβ stabilizes HIV Vif to counteract APOBEC3 at the expense of RUNX1 target gene expression.,2013,selected_for_reading,"Full text centers a primary virus and provides assay-supported host interaction, host factor, or pathway mechanism evidence.",fulltext_review,readable,pmc_xml,/Users/xingmeng/.openclaw/workspaces/staff-scientist-ideker/agenticWorkflow_LiteratureScreeningAndFullTextReview/runs/host_pathogen_shared_mechanisms_apms_20260826/passes/pass_001/artifacts/fulltext_import/PMC_XML/normalized/PMC3582769.json,high
pmid-23326450,23326450,PMC3543448,10.1371/journal.pone.0053535,"Identification of new protein interactions between dengue fever virus and its hosts, human and mosquito.",2013,selected_for_reading,"Full text centers a primary virus and provides assay-supported host interaction, host factor, or pathway mechanism evidence.",fulltext_review,readable,pmc_xml,/Users/xingmeng/.openclaw/workspaces/staff-scientist-ideker/agenticWorkflow_LiteratureScreeningAndFullTextReview/runs/host_pathogen_shared_mechanisms_apms_20260826/passes/pass_001/artifacts/fulltext_import/PMC_XML/normalized/PMC3543448.json,high
pmid-23324467,23324467,PMC3709587,10.1099/vir.0.050633-0,"The C terminus of NS5A domain II is a key determinant of hepatitis C virus genome replication, but is not required for virion assembly and release.",2013,selected_for_reading,Full text links a primary virus to a host factor or host pathway mechanism.,fulltext_review,readable,pmc_xml,/Users/xingmeng/.openclaw/workspaces/staff-scientist-ideker/agenticWorkflow_LiteratureScreeningAndFullTextReview/runs/host_pathogen_shared_mechanisms_apms_20260826/passes/pass_001/artifacts/fulltext_import/PMC_XML/normalized/PMC3709587.json,medium
pmid-23316055,23316055,PMC3585047,10.1074/jbc.M112.421875,HIV-1 viral infectivity factor (Vif) alters processive single-stranded DNA scanning of the retroviral restriction factor APOBEC3G.,2013,selected_for_reading,"Full text centers a primary virus and provides assay-supported host interaction, host factor, or pathway mechanism evidence.",fulltext_review,readable,pmc_xml,/Users/xingmeng/.openclaw/workspaces/staff-scientist-ideker/agenticWorkflow_LiteratureScreeningAndFullTextReview/runs/host_pathogen_shared_mechanisms_apms_20260826/passes/pass_001/artifacts/fulltext_import/PMC_XML/normalized/PMC3585047.json,high
pmid-23308151,23308151,PMC3538641,10.1371/journal.pone.0053138,Cell-to-cell transmission can overcome multiple donor and target cell barriers imposed on cell-free HIV.,2013,selected_for_reading,Full text links a primary virus to a host factor or host pathway mechanism.,fulltext_review,readable,pmc_xml,/Users/xingmeng/.openclaw/workspaces/staff-scientist-ideker/agenticWorkflow_LiteratureScreeningAndFullTextReview/runs/host_pathogen_shared_mechanisms_apms_20260826/passes/pass_001/artifacts/fulltext_import/PMC_XML/normalized/PMC3538641.json,medium
pmid-23301014,23301014,PMC3534623,10.1371/journal.pone.0053017,Proteomic analysis of lipid droplets from Caco-2/TC7 enterocytes identifies novel modulators of lipid secretion.,2013,selected_for_reading,"Full text contains useful host-pathogen assay or pathway evidence, but the primary-virus mechanism is less central than in direct papers.",fulltext_review,readable,pmc_xml,/Users/xingmeng/.openclaw/workspaces/staff-scientist-ideker/agenticWorkflow_LiteratureScreeningAndFullTextReview/runs/host_pathogen_shared_mechanisms_apms_20260826/passes/pass_001/artifacts/fulltext_import/PMC_XML/normalized/PMC3534623.json,medium
pmid-23282062,23282062,PMC3564510,10.1021/pr300869h,Proteomic analysis of early HIV-1 nucleoprotein complexes.,2013,selected_for_reading,"Full text centers a primary virus and provides assay-supported host interaction, host factor, or pathway mechanism evidence.",fulltext_review,readable,pmc_xml,/Users/xingmeng/.openclaw/workspaces/staff-scientist-ideker/agenticWorkflow_LiteratureScreeningAndFullTextReview/runs/host_pathogen_shared_mechanisms_apms_20260826/passes/pass_001/artifacts/fulltext_import/PMC_XML/normalized/PMC3564510.json,high
pmid-23086116,23086116,PMC3566265,10.1007/s10620-012-2438-3,Insulin sensitivity and variability in hepatitis C virus infection using direct measurement.,2013,selected_for_reading,Full text links a primary virus to a host factor or host pathway mechanism.,fulltext_review,readable,pmc_xml,/Users/xingmeng/.openclaw/workspaces/staff-scientist-ideker/agenticWorkflow_LiteratureScreeningAndFullTextReview/runs/host_pathogen_shared_mechanisms_apms_20260826/passes/pass_001/artifacts/fulltext_import/PMC_XML/normalized/PMC3566265.json,medium
pmid-24278733,24278733,PMC3820461,10.6064/2012/709853,Lipoprotein receptors and lipid enzymes in hepatitis C virus entry and early steps of infection.,2012,selected_for_reading,Full text links a primary virus to a host factor or host pathway mechanism.,fulltext_review,readable,pmc_xml,/Users/xingmeng/.openclaw/workspaces/staff-scientist-ideker/agenticWorkflow_LiteratureScreeningAndFullTextReview/runs/host_pathogen_shared_mechanisms_apms_20260826/passes/pass_001/artifacts/fulltext_import/PMC_XML/normalized/PMC3820461.json,medium
pmid-23237566,23237566,PMC3531276,10.1186/1742-4690-9-107,Glyceraldehyde 3-phosphate dehydrogenase negatively regulates human immunodeficiency virus type 1 infection.,2012,selected_for_reading,"Full text centers a primary virus and provides assay-supported host interaction, host factor, or pathway mechanism evidence.",fulltext_review,readable,pmc_xml,/Users/xingmeng/.openclaw/workspaces/staff-scientist-ideker/agenticWorkflow_LiteratureScreeningAndFullTextReview/runs/host_pathogen_shared_mechanisms_apms_20260826/passes/pass_001/artifacts/fulltext_import/PMC_XML/normalized/PMC3531276.json,high
pmid-23231760,23231760,PMC3527137,10.1186/1742-4690-9-105,"SAMHD1 restricts HIV-1 infection in dendritic cells (DCs) by dNTP depletion, but its expression in DCs and primary CD4+ T-lymphocytes cannot be upregulated by interferons.",2012,selected_for_reading,Full text links a primary virus to a host factor or host pathway mechanism.,fulltext_review,readable,pmc_xml,/Users/xingmeng/.openclaw/workspaces/staff-scientist-ideker/agenticWorkflow_LiteratureScreeningAndFullTextReview/runs/host_pathogen_shared_mechanisms_apms_20260826/passes/pass_001/artifacts/fulltext_import/PMC_XML/normalized/PMC3527137.json,medium
pmid-23217182,23217182,PMC3537702,10.1186/1471-2148-12-237,Evidence for selection at HIV host susceptibility genes in a West Central African human population.,2012,selected_for_reading,Full text links a primary virus to a host factor or host pathway mechanism.,fulltext_review,readable,pmc_xml,/Users/xingmeng/.openclaw/workspaces/staff-scientist-ideker/agenticWorkflow_LiteratureScreeningAndFullTextReview/runs/host_pathogen_shared_mechanisms_apms_20260826/passes/pass_001/artifacts/fulltext_import/PMC_XML/normalized/PMC3537702.json,medium
pmid-23202462,23202462,PMC3497050,10.3390/v4102233,RNA structural elements of hepatitis C virus controlling viral RNA translation and the implications for viral pathogenesis.,2012,selected_for_reading,"Full text centers a primary virus and provides assay-supported host interaction, host factor, or pathway mechanism evidence.",fulltext_review,readable,pmc_xml,/Users/xingmeng/.openclaw/workspaces/staff-scientist-ideker/agenticWorkflow_LiteratureScreeningAndFullTextReview/runs/host_pathogen_shared_mechanisms_apms_20260826/passes/pass_001/artifacts/fulltext_import/PMC_XML/normalized/PMC3497050.json,high
pmid-23166591,23166591,PMC3499507,10.1371/journal.pone.0048702,Nucleolar protein trafficking in response to HIV-1 Tat: rewiring the nucleolus.,2012,selected_for_reading,"Full text centers a primary virus and provides assay-supported host interaction, host factor, or pathway mechanism evidence.",fulltext_review,readable,pmc_xml,/Users/xingmeng/.openclaw/workspaces/staff-scientist-ideker/agenticWorkflow_LiteratureScreeningAndFullTextReview/runs/host_pathogen_shared_mechanisms_apms_20260826/passes/pass_001/artifacts/fulltext_import/PMC_XML/normalized/PMC3499507.json,high
pmid-23164059,23164059,PMC3547713,10.1186/1743-422X-9-277,Human immunodeficiency virus type 1 Vpu and cellular TASK proteins suppress transcription of unintegrated HIV-1 DNA.,2012,selected_for_reading,Full text links a primary virus to a host factor or host pathway mechanism.,fulltext_review,readable,pmc_xml,/Users/xingmeng/.openclaw/workspaces/staff-scientist-ideker/agenticWorkflow_LiteratureScreeningAndFullTextReview/runs/host_pathogen_shared_mechanisms_apms_20260826/passes/pass_001/artifacts/fulltext_import/PMC_XML/normalized/PMC3547713.json,medium
pmid-23131831,23131831,PMC3487776,10.1128/mBio.00411-12,Novel Phosphorylations of IKKγ/NEMO.,2012,selected_for_reading,"Full text contains useful host-pathogen assay or pathway evidence, but the primary-virus mechanism is less central than in direct papers.",fulltext_review,readable,pmc_xml,/Users/xingmeng/.openclaw/workspaces/staff-scientist-ideker/agenticWorkflow_LiteratureScreeningAndFullTextReview/runs/host_pathogen_shared_mechanisms_apms_20260826/passes/pass_001/artifacts/fulltext_import/PMC_XML/normalized/PMC3487776.json,medium
pmid-23125841,23125841,PMC3486646,10.3389/fmicb.2012.00367,Characterization of staufen1 ribonucleoproteins by mass spectrometry and biochemical analyses reveal the presence of diverse host proteins associated with human immunodeficiency virus type 1.,2012,selected_for_reading,"Full text centers a primary virus and provides assay-supported host interaction, host factor, or pathway mechanism evidence.",fulltext_review,readable,pmc_xml,/Users/xingmeng/.openclaw/workspaces/staff-scientist-ideker/agenticWorkflow_LiteratureScreeningAndFullTextReview/runs/host_pathogen_shared_mechanisms_apms_20260826/passes/pass_001/artifacts/fulltext_import/PMC_XML/normalized/PMC3486646.json,high
pmid-23092512,23092512,PMC3503569,10.1186/1742-4690-9-86,Identification and characterization of naturally occurring splice variants of SAMHD1.,2012,selected_for_reading,"Full text contains useful host-pathogen assay or pathway evidence, but the primary-virus mechanism is less central than in direct papers.",fulltext_review,readable,pmc_xml,/Users/xingmeng/.openclaw/workspaces/staff-scientist-ideker/agenticWorkflow_LiteratureScreeningAndFullTextReview/runs/host_pathogen_shared_mechanisms_apms_20260826/passes/pass_001/artifacts/fulltext_import/PMC_XML/normalized/PMC3503569.json,medium
pmid-23092163,23092163,PMC3492151,10.1186/1742-4690-9-88,SAMHD1: a new contributor to HIV-1 restriction in resting CD4+ T-cells.,2012,selected_for_reading,Full text links a primary virus to a host factor or host pathway mechanism.,fulltext_review,readable,pmc_xml,/Users/xingmeng/.openclaw/workspaces/staff-scientist-ideker/agenticWorkflow_LiteratureScreeningAndFullTextReview/runs/host_pathogen_shared_mechanisms_apms_20260826/passes/pass_001/artifacts/fulltext_import/PMC_XML/normalized/PMC3492151.json,medium
pmid-23083892,23083892,PMC3508086,10.1016/j.coviro.2012.09.013,"Hepatitis C virus-host interactions, replication, and viral assembly.",2012,selected_for_reading,Full text links a primary virus to a host factor or host pathway mechanism.,fulltext_review,readable,pmc_xml,/Users/xingmeng/.openclaw/workspaces/staff-scientist-ideker/agenticWorkflow_LiteratureScreeningAndFullTextReview/runs/host_pathogen_shared_mechanisms_apms_20260826/passes/pass_001/artifacts/fulltext_import/PMC_XML/normalized/PMC3508086.json,medium
pmid-23083826,23083826,PMC4624290,10.1016/j.idc.2012.08.003,Future classes of hepatitis C virus therapeutic agents.,2012,selected_for_reading,Full text links a primary virus to a host factor or host pathway mechanism.,fulltext_review,readable,pmc_xml,/Users/xingmeng/.openclaw/workspaces/staff-scientist-ideker/agenticWorkflow_LiteratureScreeningAndFullTextReview/runs/host_pathogen_shared_mechanisms_apms_20260826/passes/pass_001/artifacts/fulltext_import/PMC_XML/normalized/PMC4624290.json,medium
pmid-22999307,22999307,PMC3528803,10.1021/cb300420z,Chemoproteomic profiling identifies changes in DNA-PK as markers of early dengue virus infection.,2012,selected_for_reading,"Full text centers a primary virus and provides assay-supported host interaction, host factor, or pathway mechanism evidence.",fulltext_review,readable,pmc_xml,/Users/xingmeng/.openclaw/workspaces/staff-scientist-ideker/agenticWorkflow_LiteratureScreeningAndFullTextReview/runs/host_pathogen_shared_mechanisms_apms_20260826/passes/pass_001/artifacts/fulltext_import/PMC_XML/normalized/PMC3528803.json,high
pmid-22988032,22988032,PMC3466370,10.4049/jimmunol.1201431,Kruppel-like factor 2 modulates CCR5 expression and susceptibility to HIV-1 infection.,2012,selected_for_reading,Full text links a primary virus to a host factor or host pathway mechanism.,fulltext_review,readable,pmc_xml,/Users/xingmeng/.openclaw/workspaces/staff-scientist-ideker/agenticWorkflow_LiteratureScreeningAndFullTextReview/runs/host_pathogen_shared_mechanisms_apms_20260826/passes/pass_001/artifacts/fulltext_import/PMC_XML/normalized/PMC3466370.json,medium
pmid-22916011,22916011,PMC3420927,10.1371/journal.ppat.1002845,Identification and targeting of an interaction between a tyrosine motif within hepatitis C virus core protein and AP2M1 essential for viral assembly.,2012,selected_for_reading,"Full text centers a primary virus and provides assay-supported host interaction, host factor, or pathway mechanism evidence.",fulltext_review,readable,pmc_xml,/Users/xingmeng/.openclaw/workspaces/staff-scientist-ideker/agenticWorkflow_LiteratureScreeningAndFullTextReview/runs/host_pathogen_shared_mechanisms_apms_20260826/passes/pass_001/artifacts/fulltext_import/PMC_XML/normalized/PMC3420927.json,high
pmid-22912627,22912627,PMC3418512,10.3389/fmicb.2012.00275,Retroelements versus APOBEC3 family members: No great escape from the magnificent seven.,2012,selected_for_reading,"Full text has plausible host pathway or host-factor mechanism context for a primary virus, but evidence is not strongly assay-centered.",fulltext_review,readable,pmc_xml,/Users/xingmeng/.openclaw/workspaces/staff-scientist-ideker/agenticWorkflow_LiteratureScreeningAndFullTextReview/runs/host_pathogen_shared_mechanisms_apms_20260826/passes/pass_001/artifacts/fulltext_import/PMC_XML/normalized/PMC3418512.json,low
pmid-22911848,22911848,PMC3404009,10.1371/journal.pone.0041725,COP9 signalosome component JAB1/CSN5 is necessary for T cell signaling through LFA-1 and HIV-1 replication.,2012,selected_for_reading,Full text links a primary virus to a host factor or host pathway mechanism.,fulltext_review,readable,pmc_xml,/Users/xingmeng/.openclaw/workspaces/staff-scientist-ideker/agenticWorkflow_LiteratureScreeningAndFullTextReview/runs/host_pathogen_shared_mechanisms_apms_20260826/passes/pass_001/artifacts/fulltext_import/PMC_XML/normalized/PMC3404009.json,medium
pmid-22908011,22908011,PMC3415948,10.3389/fmicb.2012.00297,SAMHD1-Dependent and -Independent Functions of HIV-2/SIV Vpx Protein.,2012,selected_for_reading,Full text links a primary virus to a host factor or host pathway mechanism.,fulltext_review,readable,pmc_xml,/Users/xingmeng/.openclaw/workspaces/staff-scientist-ideker/agenticWorkflow_LiteratureScreeningAndFullTextReview/runs/host_pathogen_shared_mechanisms_apms_20260826/passes/pass_001/artifacts/fulltext_import/PMC_XML/normalized/PMC3415948.json,medium
pmid-22904091,22904091,PMC3505963,10.1093/nar/gks733,Unbiased proteomic analysis of proteins interacting with the HIV-1 5'LTR sequence: role of the transcription factor Meis.,2012,selected_for_reading,"Full text centers a primary virus and provides assay-supported host interaction, host factor, or pathway mechanism evidence.",fulltext_review,readable,pmc_xml,/Users/xingmeng/.openclaw/workspaces/staff-scientist-ideker/agenticWorkflow_LiteratureScreeningAndFullTextReview/runs/host_pathogen_shared_mechanisms_apms_20260826/passes/pass_001/artifacts/fulltext_import/PMC_XML/normalized/PMC3505963.json,high
pmid-22900193,22900193,PMC3413985,10.1155/2012/501671,Comparison of Helicobacter bilis-Associated Protein Expression in Huh7 Cells Harbouring HCV Replicon and in Replicon-Cured Cells.,2012,selected_for_reading,"Full text centers a primary virus and provides assay-supported host interaction, host factor, or pathway mechanism evidence.",fulltext_review,readable,pmc_xml,/Users/xingmeng/.openclaw/workspaces/staff-scientist-ideker/agenticWorkflow_LiteratureScreeningAndFullTextReview/runs/host_pathogen_shared_mechanisms_apms_20260826/passes/pass_001/artifacts/fulltext_import/PMC_XML/normalized/PMC3413985.json,high
pmid-22889230,22889230,PMC3432596,10.1186/1742-4690-9-65,Virus-producing cells determine the host protein profiles of HIV-1 virion cores.,2012,selected_for_reading,"Full text centers a primary virus and provides assay-supported host interaction, host factor, or pathway mechanism evidence.",fulltext_review,readable,pmc_xml,/Users/xingmeng/.openclaw/workspaces/staff-scientist-ideker/agenticWorkflow_LiteratureScreeningAndFullTextReview/runs/host_pathogen_shared_mechanisms_apms_20260826/passes/pass_001/artifacts/fulltext_import/PMC_XML/normalized/PMC3432596.json,high
pmid-22875803,22875803,PMC3436993,10.4049/jimmunol.1103129,Host factor transcriptional regulation contributes to preferential expression of HIV type 1 in IL-4-producing CD4 T cells.,2012,selected_for_reading,Full text links a primary virus to a host factor or host pathway mechanism.,fulltext_review,readable,pmc_xml,/Users/xingmeng/.openclaw/workspaces/staff-scientist-ideker/agenticWorkflow_LiteratureScreeningAndFullTextReview/runs/host_pathogen_shared_mechanisms_apms_20260826/passes/pass_001/artifacts/fulltext_import/PMC_XML/normalized/PMC3436993.json,medium
pmid-22815741,22815741,PMC3398895,10.1371/journal.pone.0040341,"VAPC, an human endogenous inhibitor for hepatitis C virus (HCV) infection, is intrinsically unstructured but forms a ""fuzzy complex"" with HCV NS5B.",2012,selected_for_reading,Full text links a primary virus to a host factor or host pathway mechanism.,fulltext_review,readable,pmc_xml,/Users/xingmeng/.openclaw/workspaces/staff-scientist-ideker/agenticWorkflow_LiteratureScreeningAndFullTextReview/runs/host_pathogen_shared_mechanisms_apms_20260826/passes/pass_001/artifacts/fulltext_import/PMC_XML/normalized/PMC3398895.json,medium
pmid-22808186,22808186,PMC3395635,10.1371/journal.pone.0040537,Knockdown of the cellular protein LRPPRC attenuates HIV-1 infection.,2012,selected_for_reading,"Full text centers a primary virus and provides assay-supported host interaction, host factor, or pathway mechanism evidence.",fulltext_review,readable,pmc_xml,/Users/xingmeng/.openclaw/workspaces/staff-scientist-ideker/agenticWorkflow_LiteratureScreeningAndFullTextReview/runs/host_pathogen_shared_mechanisms_apms_20260826/passes/pass_001/artifacts/fulltext_import/PMC_XML/normalized/PMC3395635.json,high
pmid-22807456,22807456,PMC3815571,10.1002/pmic.201100376,Quantitative proteomic analysis of exosomes from HIV-1-infected lymphocytic cells.,2012,selected_for_reading,"Full text centers a primary virus and provides assay-supported host interaction, host factor, or pathway mechanism evidence.",fulltext_review,readable,pmc_xml,/Users/xingmeng/.openclaw/workspaces/staff-scientist-ideker/agenticWorkflow_LiteratureScreeningAndFullTextReview/runs/host_pathogen_shared_mechanisms_apms_20260826/passes/pass_001/artifacts/fulltext_import/PMC_XML/normalized/PMC3815571.json,high
pmid-22792204,22792204,PMC3390324,10.1371/journal.pone.0039978,Assembly of Ebola virus matrix protein VP40 is regulated by latch-like properties of N and C terminal tails.,2012,selected_for_reading,"Full text centers a primary virus and provides assay-supported host interaction, host factor, or pathway mechanism evidence.",fulltext_review,readable,pmc_xml,/Users/xingmeng/.openclaw/workspaces/staff-scientist-ideker/agenticWorkflow_LiteratureScreeningAndFullTextReview/runs/host_pathogen_shared_mechanisms_apms_20260826/passes/pass_001/artifacts/fulltext_import/PMC_XML/normalized/PMC3390324.json,high
pmid-22792060,22792060,PMC3394201,10.1371/journal.ppat.1002766,Attenuation of 40S ribosomal subunit abundance differentially affects host and HCV translation and suppresses HCV replication.,2012,selected_for_reading,"Full text centers a primary virus and provides assay-supported host interaction, host factor, or pathway mechanism evidence.",fulltext_review,readable,pmc_xml,/Users/xingmeng/.openclaw/workspaces/staff-scientist-ideker/agenticWorkflow_LiteratureScreeningAndFullTextReview/runs/host_pathogen_shared_mechanisms_apms_20260826/passes/pass_001/artifacts/fulltext_import/PMC_XML/normalized/PMC3394201.json,high
pmid-22783244,22783244,PMC3389432,10.3389/fmicb.2012.00240,Proteomic analysis of HIV-T cell interaction: an update.,2012,selected_for_reading,"Full text centers a primary virus and provides assay-supported host interaction, host factor, or pathway mechanism evidence.",fulltext_review,readable,pmc_xml,/Users/xingmeng/.openclaw/workspaces/staff-scientist-ideker/agenticWorkflow_LiteratureScreeningAndFullTextReview/runs/host_pathogen_shared_mechanisms_apms_20260826/passes/pass_001/artifacts/fulltext_import/PMC_XML/normalized/PMC3389432.json,high
pmid-22783234,22783234,PMC3390586,10.3389/fmicb.2012.00181,Deciphering novel host-herpesvirus interactions by virion proteomics.,2012,selected_for_reading,"Full text contains useful host-pathogen assay or pathway evidence, but the primary-virus mechanism is less central than in direct papers.",fulltext_review,readable,pmc_xml,/Users/xingmeng/.openclaw/workspaces/staff-scientist-ideker/agenticWorkflow_LiteratureScreeningAndFullTextReview/runs/host_pathogen_shared_mechanisms_apms_20260826/passes/pass_001/artifacts/fulltext_import/PMC_XML/normalized/PMC3390586.json,medium
pmid-22690229,22690229,PMC3360931,10.5812/hepatmon.709,The impact of host factors on management of hepatitis C virus.,2012,selected_for_reading,Full text links a primary virus to a host factor or host pathway mechanism.,fulltext_review,readable,pmc_xml,/Users/xingmeng/.openclaw/workspaces/staff-scientist-ideker/agenticWorkflow_LiteratureScreeningAndFullTextReview/runs/host_pathogen_shared_mechanisms_apms_20260826/passes/pass_001/artifacts/fulltext_import/PMC_XML/normalized/PMC3360931.json,medium
pmid-22679444,22679444,PMC3367459,10.3389/fmicb.2012.00206,Electrostatic potential of human immunodeficiency virus type 2 and rhesus macaque simian immunodeficiency virus capsid proteins.,2012,selected_for_reading,Full text links a primary virus to a host factor or host pathway mechanism.,fulltext_review,readable,pmc_xml,/Users/xingmeng/.openclaw/workspaces/staff-scientist-ideker/agenticWorkflow_LiteratureScreeningAndFullTextReview/runs/host_pathogen_shared_mechanisms_apms_20260826/passes/pass_001/artifacts/fulltext_import/PMC_XML/normalized/PMC3367459.json,medium
pmid-22574228,22574228,PMC3345027,10.1371/journal.pone.0037477,Co-evolution of primate SAMHD1 and lentivirus Vpx leads to the loss of the vpx gene in HIV-1 ancestor.,2012,selected_for_reading,Full text links a primary virus to a host factor or host pathway mechanism.,fulltext_review,readable,pmc_xml,/Users/xingmeng/.openclaw/workspaces/staff-scientist-ideker/agenticWorkflow_LiteratureScreeningAndFullTextReview/runs/host_pathogen_shared_mechanisms_apms_20260826/passes/pass_001/artifacts/fulltext_import/PMC_XML/normalized/PMC3345027.json,medium
pmid-22569913,22569913,PMC4020710,10.1007/s12026-012-8334-2,Evasion of the human innate immune system by dengue virus.,2012,selected_for_reading,Full text links a primary virus to a host factor or host pathway mechanism.,fulltext_review,readable,pmc_xml,/Users/xingmeng/.openclaw/workspaces/staff-scientist-ideker/agenticWorkflow_LiteratureScreeningAndFullTextReview/runs/host_pathogen_shared_mechanisms_apms_20260826/passes/pass_001/artifacts/fulltext_import/PMC_XML/normalized/PMC4020710.json,medium
pmid-22542004,22542004,PMC3358407,10.1016/j.virol.2012.03.026,"Quantitative proteomic analysis of HIV-1 infected CD4+ T cells reveals an early host response in important biological pathways: protein synthesis, cell proliferation, and T-cell activation.",2012,selected_for_reading,"Full text centers a primary virus and provides assay-supported host interaction, host factor, or pathway mechanism evidence.",fulltext_review,readable,pmc_xml,/Users/xingmeng/.openclaw/workspaces/staff-scientist-ideker/agenticWorkflow_LiteratureScreeningAndFullTextReview/runs/host_pathogen_shared_mechanisms_apms_20260826/passes/pass_001/artifacts/fulltext_import/PMC_XML/normalized/PMC3358407.json,high
pmid-22534017,22534017,PMC3382630,10.1186/1742-4690-9-33,Proteomic analysis of HIV-1 Nef cellular binding partners reveals a role for exocyst complex proteins in mediating enhancement of intercellular nanotube formation.,2012,selected_for_reading,"Full text centers a primary virus and provides assay-supported host interaction, host factor, or pathway mechanism evidence.",fulltext_review,readable,pmc_xml,/Users/xingmeng/.openclaw/workspaces/staff-scientist-ideker/agenticWorkflow_LiteratureScreeningAndFullTextReview/runs/host_pathogen_shared_mechanisms_apms_20260826/passes/pass_001/artifacts/fulltext_import/PMC_XML/normalized/PMC3382630.json,high
pmid-22480142,22480142,PMC3375380,10.1021/ja207391q,Lipid metabolite profiling identifies desmosterol metabolism as a new antiviral target for hepatitis C virus.,2012,selected_for_reading,"Full text centers a primary virus and provides assay-supported host interaction, host factor, or pathway mechanism evidence.",fulltext_review,readable,pmc_xml,/Users/xingmeng/.openclaw/workspaces/staff-scientist-ideker/agenticWorkflow_LiteratureScreeningAndFullTextReview/runs/host_pathogen_shared_mechanisms_apms_20260826/passes/pass_001/artifacts/fulltext_import/PMC_XML/normalized/PMC3375380.json,high
pmid-22479575,22479575,PMC3313983,10.1371/journal.pone.0034240,Associations between HIV and human pathways revealed by protein-protein interactions and correlated gene expression profiles.,2012,selected_for_reading,"Full text centers a primary virus and provides assay-supported host interaction, host factor, or pathway mechanism evidence.",fulltext_review,readable,pmc_xml,/Users/xingmeng/.openclaw/workspaces/staff-scientist-ideker/agenticWorkflow_LiteratureScreeningAndFullTextReview/runs/host_pathogen_shared_mechanisms_apms_20260826/passes/pass_001/artifacts/fulltext_import/PMC_XML/normalized/PMC3313983.json,high
pmid-22479258,22479258,PMC3315823,10.3389/fmicb.2012.00102,KSHV Induction of Angiogenic and Lymphangiogenic Phenotypes.,2012,selected_for_reading,Full text links a primary virus to a host factor or host pathway mechanism.,fulltext_review,readable,pmc_xml,/Users/xingmeng/.openclaw/workspaces/staff-scientist-ideker/agenticWorkflow_LiteratureScreeningAndFullTextReview/runs/host_pathogen_shared_mechanisms_apms_20260826/passes/pass_001/artifacts/fulltext_import/PMC_XML/normalized/PMC3315823.json,medium
pmid-22457619,22457619,PMC3310792,10.1371/journal.ppat.1002584,Dengue virus infection perturbs lipid homeostasis in infected mosquito cells.,2012,selected_for_reading,"Full text centers a primary virus and provides assay-supported host interaction, host factor, or pathway mechanism evidence.",fulltext_review,readable,pmc_xml,/Users/xingmeng/.openclaw/workspaces/staff-scientist-ideker/agenticWorkflow_LiteratureScreeningAndFullTextReview/runs/host_pathogen_shared_mechanisms_apms_20260826/passes/pass_001/artifacts/fulltext_import/PMC_XML/normalized/PMC3310792.json,high
pmid-22440961,22440961,PMC3311996,10.1016/j.coviro.2011.12.007,Hepatitis C virus host cell entry.,2012,selected_for_reading,Full text links a primary virus to a host factor or host pathway mechanism.,fulltext_review,readable,pmc_xml,/Users/xingmeng/.openclaw/workspaces/staff-scientist-ideker/agenticWorkflow_LiteratureScreeningAndFullTextReview/runs/host_pathogen_shared_mechanisms_apms_20260826/passes/pass_001/artifacts/fulltext_import/PMC_XML/normalized/PMC3311996.json,medium
pmid-22435068,22435068,PMC3304090,10.3389/fmicb.2012.00098,Tegument Proteins of Kaposi's Sarcoma-Associated Herpesvirus and Related Gamma-Herpesviruses.,2012,selected_for_reading,"Full text centers a primary virus and provides assay-supported host interaction, host factor, or pathway mechanism evidence.",fulltext_review,readable,pmc_xml,/Users/xingmeng/.openclaw/workspaces/staff-scientist-ideker/agenticWorkflow_LiteratureScreeningAndFullTextReview/runs/host_pathogen_shared_mechanisms_apms_20260826/passes/pass_001/artifacts/fulltext_import/PMC_XML/normalized/PMC3304090.json,high
pmid-22426127,22426127,PMC3348378,10.1016/j.jmb.2012.03.003,Concomitant lethal mutagenesis of human immunodeficiency virus type 1.,2012,selected_for_reading,Full text links a primary virus to a host factor or host pathway mechanism.,fulltext_review,readable,pmc_xml,/Users/xingmeng/.openclaw/workspaces/staff-scientist-ideker/agenticWorkflow_LiteratureScreeningAndFullTextReview/runs/host_pathogen_shared_mechanisms_apms_20260826/passes/pass_001/artifacts/fulltext_import/PMC_XML/normalized/PMC3348378.json,medium
pmid-22412376,22412376,PMC3297592,10.1371/journal.ppat.1002576,Metabolism of phosphatidylinositol 4-kinase IIIα-dependent PI4P Is subverted by HCV and is targeted by a 4-anilino quinazoline with antiviral activity.,2012,selected_for_reading,"Full text centers a primary virus and provides assay-supported host interaction, host factor, or pathway mechanism evidence.",fulltext_review,readable,pmc_xml,/Users/xingmeng/.openclaw/workspaces/staff-scientist-ideker/agenticWorkflow_LiteratureScreeningAndFullTextReview/runs/host_pathogen_shared_mechanisms_apms_20260826/passes/pass_001/artifacts/fulltext_import/PMC_XML/normalized/PMC3297592.json,high
pmid-22378192,22378192,PMC3406249,10.1002/hep.25685,A human claudin-1-derived peptide inhibits hepatitis C virus entry.,2012,selected_for_reading,Full text links a primary virus to a host factor or host pathway mechanism.,fulltext_review,readable,pmc_xml,/Users/xingmeng/.openclaw/workspaces/staff-scientist-ideker/agenticWorkflow_LiteratureScreeningAndFullTextReview/runs/host_pathogen_shared_mechanisms_apms_20260826/passes/pass_001/artifacts/fulltext_import/PMC_XML/normalized/PMC3406249.json,medium
pmid-22369580,22369580,PMC3302947,10.1021/bi201738a,Hydrodynamic and functional analysis of HIV-1 Vif oligomerization.,2012,selected_for_reading,"Full text centers a primary virus and provides assay-supported host interaction, host factor, or pathway mechanism evidence.",fulltext_review,readable,pmc_xml,/Users/xingmeng/.openclaw/workspaces/staff-scientist-ideker/agenticWorkflow_LiteratureScreeningAndFullTextReview/runs/host_pathogen_shared_mechanisms_apms_20260826/passes/pass_001/artifacts/fulltext_import/PMC_XML/normalized/PMC3302947.json,high
pmid-22362772,22362772,PMC3321004,10.1074/jbc.M112.340711,HIV/simian immunodeficiency virus (SIV) accessory virulence factor Vpx loads the host cell restriction factor SAMHD1 onto the E3 ubiquitin ligase complex CRL4DCAF1.,2012,selected_for_reading,"Full text centers a primary virus and provides assay-supported host interaction, host factor, or pathway mechanism evidence.",fulltext_review,readable,pmc_xml,/Users/xingmeng/.openclaw/workspaces/staff-scientist-ideker/agenticWorkflow_LiteratureScreeningAndFullTextReview/runs/host_pathogen_shared_mechanisms_apms_20260826/passes/pass_001/artifacts/fulltext_import/PMC_XML/normalized/PMC3321004.json,high
pmid-22347224,22347224,PMC3273859,10.3389/fmicb.2012.00038,Morphogenesis of infectious hepatitis C virus particles.,2012,selected_for_reading,Full text links a primary virus to a host factor or host pathway mechanism.,fulltext_review,readable,pmc_xml,/Users/xingmeng/.openclaw/workspaces/staff-scientist-ideker/agenticWorkflow_LiteratureScreeningAndFullTextReview/runs/host_pathogen_shared_mechanisms_apms_20260826/passes/pass_001/artifacts/fulltext_import/PMC_XML/normalized/PMC3273859.json,medium
pmid-22260459,22260459,PMC3283470,10.1186/1742-4690-9-7,Human immunodeficiency virus type 1 envelope proteins traffic toward virion assembly sites via a TBC1D20/Rab1-regulated pathway.,2012,selected_for_reading,Full text links a primary virus to a host factor or host pathway mechanism.,fulltext_review,readable,pmc_xml,/Users/xingmeng/.openclaw/workspaces/staff-scientist-ideker/agenticWorkflow_LiteratureScreeningAndFullTextReview/runs/host_pathogen_shared_mechanisms_apms_20260826/passes/pass_001/artifacts/fulltext_import/PMC_XML/normalized/PMC3283470.json,medium
pmid-22241994,22241994,PMC3252376,10.1371/journal.ppat.1002468,Human subtilase SKI-1/S1P is a master regulator of the HCV Lifecycle and a potential host cell target for developing indirect-acting antiviral agents.,2012,selected_for_reading,Full text links a primary virus to a host factor or host pathway mechanism.,fulltext_review,readable,pmc_xml,/Users/xingmeng/.openclaw/workspaces/staff-scientist-ideker/agenticWorkflow_LiteratureScreeningAndFullTextReview/runs/host_pathogen_shared_mechanisms_apms_20260826/passes/pass_001/artifacts/fulltext_import/PMC_XML/normalized/PMC3252376.json,medium
pmid-22241992,22241992,PMC3252379,10.1371/journal.ppat.1002466,Molecular determinants and dynamics of hepatitis C virus secretion.,2012,selected_for_reading,"Full text centers a primary virus and provides assay-supported host interaction, host factor, or pathway mechanism evidence.",fulltext_review,readable,pmc_xml,/Users/xingmeng/.openclaw/workspaces/staff-scientist-ideker/agenticWorkflow_LiteratureScreeningAndFullTextReview/runs/host_pathogen_shared_mechanisms_apms_20260826/passes/pass_001/artifacts/fulltext_import/PMC_XML/normalized/PMC3252379.json,high
pmid-22225545,22225545,PMC3311600,10.1186/1742-4690-9-3,Host cell species-specific effect of cyclosporine A on simian immunodeficiency virus replication.,2012,selected_for_reading,"Full text has plausible host pathway or host-factor mechanism context for a primary virus, but evidence is not strongly assay-centered.",fulltext_review,readable,pmc_xml,/Users/xingmeng/.openclaw/workspaces/staff-scientist-ideker/agenticWorkflow_LiteratureScreeningAndFullTextReview/runs/host_pathogen_shared_mechanisms_apms_20260826/passes/pass_001/artifacts/fulltext_import/PMC_XML/normalized/PMC3311600.json,low
pmid-22184032,22184032,PMC3968537,10.1007/s11904-011-0100-x,Gene array studies in HIV-1 infection.,2012,selected_for_reading,Full text links a primary virus to a host factor or host pathway mechanism.,fulltext_review,readable,pmc_xml,/Users/xingmeng/.openclaw/workspaces/staff-scientist-ideker/agenticWorkflow_LiteratureScreeningAndFullTextReview/runs/host_pathogen_shared_mechanisms_apms_20260826/passes/pass_001/artifacts/fulltext_import/PMC_XML/normalized/PMC3968537.json,medium
pmid-22784617,22784617,PMC3287566,10.1186/1752-0509-5-S3-S11,Exploring virus relationships based on virus-host protein-protein interaction network.,2011,selected_for_reading,"Full text contains useful host-pathogen assay or pathway evidence, but the primary-virus mechanism is less central than in direct papers.",fulltext_review,readable,pmc_xml,/Users/xingmeng/.openclaw/workspaces/staff-scientist-ideker/agenticWorkflow_LiteratureScreeningAndFullTextReview/runs/host_pathogen_shared_mechanisms_apms_20260826/passes/pass_001/artifacts/fulltext_import/PMC_XML/normalized/PMC3287566.json,medium
pmid-22355520,22355520,PMC3210691,10.1038/srep00001,Interplay between NS3 protease and human La protein regulates translation-replication switch of Hepatitis C virus.,2011,selected_for_reading,Full text links a primary virus to a host factor or host pathway mechanism.,fulltext_review,readable,pmc_xml,/Users/xingmeng/.openclaw/workspaces/staff-scientist-ideker/agenticWorkflow_LiteratureScreeningAndFullTextReview/runs/host_pathogen_shared_mechanisms_apms_20260826/passes/pass_001/artifacts/fulltext_import/PMC_XML/normalized/PMC3210691.json,medium
pmid-22194693,22194693,PMC3240612,10.1371/journal.ppat.1002456,Quantitative multicolor super-resolution microscopy reveals tetherin HIV-1 interaction.,2011,selected_for_reading,Full text links a primary virus to a host factor or host pathway mechanism.,fulltext_review,readable,pmc_xml,/Users/xingmeng/.openclaw/workspaces/staff-scientist-ideker/agenticWorkflow_LiteratureScreeningAndFullTextReview/runs/host_pathogen_shared_mechanisms_apms_20260826/passes/pass_001/artifacts/fulltext_import/PMC_XML/normalized/PMC3240612.json,medium
pmid-22190037,22190037,PMC3310910,10.1038/nature10693,Vif hijacks CBF-β to degrade APOBEC3G and promote HIV-1 infection.,2011,selected_for_reading,"Full text centers a primary virus and provides assay-supported host interaction, host factor, or pathway mechanism evidence.",fulltext_review,readable,pmc_xml,/Users/xingmeng/.openclaw/workspaces/staff-scientist-ideker/agenticWorkflow_LiteratureScreeningAndFullTextReview/runs/host_pathogen_shared_mechanisms_apms_20260826/passes/pass_001/artifacts/fulltext_import/PMC_XML/normalized/PMC3310910.json,high
pmid-22190034,22190034,PMC3310911,10.1038/nature10719,Global landscape of HIV-human protein complexes.,2011,selected_for_reading,"Full text centers a primary virus and provides assay-supported host interaction, host factor, or pathway mechanism evidence.",fulltext_review,readable,pmc_xml,/Users/xingmeng/.openclaw/workspaces/staff-scientist-ideker/agenticWorkflow_LiteratureScreeningAndFullTextReview/runs/host_pathogen_shared_mechanisms_apms_20260826/passes/pass_001/artifacts/fulltext_import/PMC_XML/normalized/PMC3310911.json,high
pmid-22185355,22185355,PMC3282826,10.1186/1471-2164-12-625,Coupled transcriptome and proteome analysis of human lymphotropic tumor viruses: insights on the detection and discovery of viral genes.,2011,selected_for_reading,"Full text contains useful host-pathogen assay or pathway evidence, but the primary-virus mechanism is less central than in direct papers.",fulltext_review,readable,pmc_xml,/Users/xingmeng/.openclaw/workspaces/staff-scientist-ideker/agenticWorkflow_LiteratureScreeningAndFullTextReview/runs/host_pathogen_shared_mechanisms_apms_20260826/passes/pass_001/artifacts/fulltext_import/PMC_XML/normalized/PMC3282826.json,medium
pmid-22183253,22183253,PMC7097227,10.1038/nrmicro2692,The dependence of viral RNA replication on co-opted host factors.,2011,selected_for_reading,"Full text contains useful host-pathogen assay or pathway evidence, but the primary-virus mechanism is less central than in direct papers.",fulltext_review,readable,pmc_xml,/Users/xingmeng/.openclaw/workspaces/staff-scientist-ideker/agenticWorkflow_LiteratureScreeningAndFullTextReview/runs/host_pathogen_shared_mechanisms_apms_20260826/passes/pass_001/artifacts/fulltext_import/PMC_XML/normalized/PMC7097227.json,medium
pmid-22152111,22152111,PMC3268770,10.1186/1743-422X-8-531,Downregulation of APOBEC3G by xenotropic murine leukemia-virus related virus (XMRV) in prostate cancer cells.,2011,selected_for_reading,"Full text contains useful host-pathogen assay or pathway evidence, but the primary-virus mechanism is less central than in direct papers.",fulltext_review,readable,pmc_xml,/Users/xingmeng/.openclaw/workspaces/staff-scientist-ideker/agenticWorkflow_LiteratureScreeningAndFullTextReview/runs/host_pathogen_shared_mechanisms_apms_20260826/passes/pass_001/artifacts/fulltext_import/PMC_XML/normalized/PMC3268770.json,medium
pmid-22114700,22114700,PMC3218055,10.1371/journal.pone.0027816,Proteomic signatures of human oral epithelial cells in HIV-infected subjects.,2011,selected_for_reading,"Full text centers a primary virus and provides assay-supported host interaction, host factor, or pathway mechanism evidence.",fulltext_review,readable,pmc_xml,/Users/xingmeng/.openclaw/workspaces/staff-scientist-ideker/agenticWorkflow_LiteratureScreeningAndFullTextReview/runs/host_pathogen_shared_mechanisms_apms_20260826/passes/pass_001/artifacts/fulltext_import/PMC_XML/normalized/PMC3218055.json,high
pmid-22102923,22102923,PMC3216919,10.1371/journal.pntd.0001395,"Ebola virus glycoprotein needs an additional trigger, beyond proteolytic priming for membrane fusion.",2011,selected_for_reading,"Full text centers a primary virus and provides assay-supported host interaction, host factor, or pathway mechanism evidence.",fulltext_review,readable,pmc_xml,/Users/xingmeng/.openclaw/workspaces/staff-scientist-ideker/agenticWorkflow_LiteratureScreeningAndFullTextReview/runs/host_pathogen_shared_mechanisms_apms_20260826/passes/pass_001/artifacts/fulltext_import/PMC_XML/normalized/PMC3216919.json,high
pmid-22102922,22102922,PMC3216916,10.1371/journal.pntd.0001385,Global cross-talk of genes of the mosquito Aedes aegypti in response to dengue virus infection.,2011,selected_for_reading,Full text links a primary virus to a host factor or host pathway mechanism.,fulltext_review,readable,pmc_xml,/Users/xingmeng/.openclaw/workspaces/staff-scientist-ideker/agenticWorkflow_LiteratureScreeningAndFullTextReview/runs/host_pathogen_shared_mechanisms_apms_20260826/passes/pass_001/artifacts/fulltext_import/PMC_XML/normalized/PMC3216916.json,medium
pmid-22093708,22093708,PMC3228677,10.1186/1742-4690-8-95,Human HERC5 restricts an early stage of HIV-1 assembly by a mechanism correlating with the ISGylation of Gag.,2011,selected_for_reading,"Full text centers a primary virus and provides assay-supported host interaction, host factor, or pathway mechanism evidence.",fulltext_review,readable,pmc_xml,/Users/xingmeng/.openclaw/workspaces/staff-scientist-ideker/agenticWorkflow_LiteratureScreeningAndFullTextReview/runs/host_pathogen_shared_mechanisms_apms_20260826/passes/pass_001/artifacts/fulltext_import/PMC_XML/normalized/PMC3228677.json,high
pmid-22078707,22078707,PMC3279310,10.1186/1742-4690-8-93,TRIM5α associates with proteasomal subunits in cells while in complex with HIV-1 virions.,2011,selected_for_reading,Full text links a primary virus to a host factor or host pathway mechanism.,fulltext_review,readable,pmc_xml,/Users/xingmeng/.openclaw/workspaces/staff-scientist-ideker/agenticWorkflow_LiteratureScreeningAndFullTextReview/runs/host_pathogen_shared_mechanisms_apms_20260826/passes/pass_001/artifacts/fulltext_import/PMC_XML/normalized/PMC3279310.json,medium
pmid-22072966,22072966,PMC3207927,10.1371/journal.ppat.1002347,Rab7A is required for efficient production of infectious HIV-1.,2011,selected_for_reading,Full text links a primary virus to a host factor or host pathway mechanism.,fulltext_review,readable,pmc_xml,/Users/xingmeng/.openclaw/workspaces/staff-scientist-ideker/agenticWorkflow_LiteratureScreeningAndFullTextReview/runs/host_pathogen_shared_mechanisms_apms_20260826/passes/pass_001/artifacts/fulltext_import/PMC_XML/normalized/PMC3207927.json,medium
pmid-22069525,22069525,PMC3205391,10.3390/v3101986,Cellular restriction factors of feline immunodeficiency virus.,2011,selected_for_reading,"Full text has plausible host pathway or host-factor mechanism context for a primary virus, but evidence is not strongly assay-centered.",fulltext_review,readable,pmc_xml,/Users/xingmeng/.openclaw/workspaces/staff-scientist-ideker/agenticWorkflow_LiteratureScreeningAndFullTextReview/runs/host_pathogen_shared_mechanisms_apms_20260826/passes/pass_001/artifacts/fulltext_import/PMC_XML/normalized/PMC3205391.json,low
pmid-22046242,22046242,PMC3201949,10.1371/journal.pone.0025584,An integrated transcriptomic and meta-analysis of hepatoma cells reveals factors that influence susceptibility to HCV infection.,2011,selected_for_reading,"Full text centers a primary virus and provides assay-supported host interaction, host factor, or pathway mechanism evidence.",fulltext_review,readable,pmc_xml,/Users/xingmeng/.openclaw/workspaces/staff-scientist-ideker/agenticWorkflow_LiteratureScreeningAndFullTextReview/runs/host_pathogen_shared_mechanisms_apms_20260826/passes/pass_001/artifacts/fulltext_import/PMC_XML/normalized/PMC3201949.json,high
pmid-22045669,22045669,PMC3207276,10.1002/hep.24542,The antiviral protein viperin inhibits hepatitis C virus replication via interaction with nonstructural protein 5A.,2011,selected_for_reading,Full text links a primary virus to a host factor or host pathway mechanism.,fulltext_review,readable,pmc_xml,/Users/xingmeng/.openclaw/workspaces/staff-scientist-ideker/agenticWorkflow_LiteratureScreeningAndFullTextReview/runs/host_pathogen_shared_mechanisms_apms_20260826/passes/pass_001/artifacts/fulltext_import/PMC_XML/normalized/PMC3207276.json,medium
pmid-22014063,22014063,PMC3209477,10.1186/1471-2164-12-520,"Proteomic and biochemical analyses reveal the activation of unfolded protein response, ERK-1/2 and ribosomal protein S6 signaling in experimental autoimmune myocarditis rat model.",2011,selected_for_reading,"Full text contains useful host-pathogen assay or pathway evidence, but the primary-virus mechanism is less central than in direct papers.",fulltext_review,readable,pmc_xml,/Users/xingmeng/.openclaw/workspaces/staff-scientist-ideker/agenticWorkflow_LiteratureScreeningAndFullTextReview/runs/host_pathogen_shared_mechanisms_apms_20260826/passes/pass_001/artifacts/fulltext_import/PMC_XML/normalized/PMC3209477.json,medium
pmid-21949786,21949786,PMC3176801,10.1371/journal.pone.0024918,Quantitative phosphoproteomics of CXCL12 (SDF-1) signaling.,2011,selected_for_reading,"Full text contains useful host-pathogen assay or pathway evidence, but the primary-virus mechanism is less central than in direct papers.",fulltext_review,readable,pmc_xml,/Users/xingmeng/.openclaw/workspaces/staff-scientist-ideker/agenticWorkflow_LiteratureScreeningAndFullTextReview/runs/host_pathogen_shared_mechanisms_apms_20260826/passes/pass_001/artifacts/fulltext_import/PMC_XML/normalized/PMC3176801.json,medium
pmid-21931866,21931866,PMC3172305,10.1371/journal.pone.0024887,Analysis of VEGF--a regulated gene expression in endothelial cells to identify genes linked to angiogenesis.,2011,selected_for_reading,"Full text contains useful host-pathogen assay or pathway evidence, but the primary-virus mechanism is less central than in direct papers.",fulltext_review,readable,pmc_xml,/Users/xingmeng/.openclaw/workspaces/staff-scientist-ideker/agenticWorkflow_LiteratureScreeningAndFullTextReview/runs/host_pathogen_shared_mechanisms_apms_20260826/passes/pass_001/artifacts/fulltext_import/PMC_XML/normalized/PMC3172305.json,medium
pmid-21866272,21866272,PMC3159411,10.3390/v3071204,TRIM5 acts as more than a retroviral restriction factor.,2011,selected_for_reading,"Full text has plausible host pathway or host-factor mechanism context for a primary virus, but evidence is not strongly assay-centered.",fulltext_review,readable,pmc_xml,/Users/xingmeng/.openclaw/workspaces/staff-scientist-ideker/agenticWorkflow_LiteratureScreeningAndFullTextReview/runs/host_pathogen_shared_mechanisms_apms_20260826/passes/pass_001/artifacts/fulltext_import/PMC_XML/normalized/PMC3159411.json,low
pmid-21866103,21866103,PMC3175325,10.1038/nature10348,Ebola virus entry requires the cholesterol transporter Niemann-Pick C1.,2011,selected_for_reading,Full text links a primary virus to a host factor or host pathway mechanism.,fulltext_review,readable,pmc_xml,/Users/xingmeng/.openclaw/workspaces/staff-scientist-ideker/agenticWorkflow_LiteratureScreeningAndFullTextReview/runs/host_pathogen_shared_mechanisms_apms_20260826/passes/pass_001/artifacts/fulltext_import/PMC_XML/normalized/PMC3175325.json,medium
pmid-21858059,21858059,PMC3156123,10.1371/journal.pone.0023293,HIV protein sequence hotspots for crosstalk with host hub proteins.,2011,selected_for_reading,"Full text centers a primary virus and provides assay-supported host interaction, host factor, or pathway mechanism evidence.",fulltext_review,readable,pmc_xml,/Users/xingmeng/.openclaw/workspaces/staff-scientist-ideker/agenticWorkflow_LiteratureScreeningAndFullTextReview/runs/host_pathogen_shared_mechanisms_apms_20260826/passes/pass_001/artifacts/fulltext_import/PMC_XML/normalized/PMC3156123.json,high
pmid-21858043,21858043,PMC3157368,10.1371/journal.pone.0023246,The kinase inhibitor SFV785 dislocates dengue virus envelope protein from the replication complex and blocks virus assembly.,2011,selected_for_reading,Full text links a primary virus to a host factor or host pathway mechanism.,fulltext_review,readable,pmc_xml,/Users/xingmeng/.openclaw/workspaces/staff-scientist-ideker/agenticWorkflow_LiteratureScreeningAndFullTextReview/runs/host_pathogen_shared_mechanisms_apms_20260826/passes/pass_001/artifacts/fulltext_import/PMC_XML/normalized/PMC3157368.json,medium
pmid-21853158,21853158,PMC3154941,10.1371/journal.pone.0023641,Metabolomic profile of hepatitis C virus-infected hepatocytes.,2011,selected_for_reading,"Full text centers a primary virus and provides assay-supported host interaction, host factor, or pathway mechanism evidence.",fulltext_review,readable,pmc_xml,/Users/xingmeng/.openclaw/workspaces/staff-scientist-ideker/agenticWorkflow_LiteratureScreeningAndFullTextReview/runs/host_pathogen_shared_mechanisms_apms_20260826/passes/pass_001/artifacts/fulltext_import/PMC_XML/normalized/PMC3154941.json,high
pmid-21767813,21767813,PMC3139916,10.1016/j.chom.2011.06.006,The membrane-bound transcription factor CREB3L1 is activated in response to virus infection to inhibit proliferation of virus-infected cells.,2011,selected_for_reading,"Full text has plausible host pathway or host-factor mechanism context for a primary virus, but evidence is not strongly assay-centered.",fulltext_review,readable,pmc_xml,/Users/xingmeng/.openclaw/workspaces/staff-scientist-ideker/agenticWorkflow_LiteratureScreeningAndFullTextReview/runs/host_pathogen_shared_mechanisms_apms_20260826/passes/pass_001/artifacts/fulltext_import/PMC_XML/normalized/PMC3139916.json,low
pmid-21767351,21767351,PMC3151224,10.1186/1756-3305-4-138,Proteomic analysis of an Aedes albopictus cell line infected with Dengue serotypes 1 and 3 viruses.,2011,selected_for_reading,"Full text centers a primary virus and provides assay-supported host interaction, host factor, or pathway mechanism evidence.",fulltext_review,readable,pmc_xml,/Users/xingmeng/.openclaw/workspaces/staff-scientist-ideker/agenticWorkflow_LiteratureScreeningAndFullTextReview/runs/host_pathogen_shared_mechanisms_apms_20260826/passes/pass_001/artifacts/fulltext_import/PMC_XML/normalized/PMC3151224.json,high
pmid-21763503,21763503,PMC3139145,10.1016/j.jmb.2011.04.053,On the solution conformation and dynamics of the HIV-1 viral infectivity factor.,2011,selected_for_reading,"Full text centers a primary virus and provides assay-supported host interaction, host factor, or pathway mechanism evidence.",fulltext_review,readable,pmc_xml,/Users/xingmeng/.openclaw/workspaces/staff-scientist-ideker/agenticWorkflow_LiteratureScreeningAndFullTextReview/runs/host_pathogen_shared_mechanisms_apms_20260826/passes/pass_001/artifacts/fulltext_import/PMC_XML/normalized/PMC3139145.json,high
pmid-21740548,21740548,PMC3142215,10.1186/1742-4690-8-55,SAMHD1: a new insight into HIV-1 restriction in myeloid cells.,2011,selected_for_reading,"Full text centers a primary virus and provides assay-supported host interaction, host factor, or pathway mechanism evidence.",fulltext_review,readable,pmc_xml,/Users/xingmeng/.openclaw/workspaces/staff-scientist-ideker/agenticWorkflow_LiteratureScreeningAndFullTextReview/runs/host_pathogen_shared_mechanisms_apms_20260826/passes/pass_001/artifacts/fulltext_import/PMC_XML/normalized/PMC3142215.json,high
pmid-21738584,21738584,PMC3125164,10.1371/journal.pone.0020735,Sequence- and interactome-based prediction of viral protein hotspots targeting host proteins: a case study for HIV Nef.,2011,selected_for_reading,"Full text centers a primary virus and provides assay-supported host interaction, host factor, or pathway mechanism evidence.",fulltext_review,readable,pmc_xml,/Users/xingmeng/.openclaw/workspaces/staff-scientist-ideker/agenticWorkflow_LiteratureScreeningAndFullTextReview/runs/host_pathogen_shared_mechanisms_apms_20260826/passes/pass_001/artifacts/fulltext_import/PMC_XML/normalized/PMC3125164.json,high
pmid-21666058,21666058,PMC3587723,10.4049/jimmunol.1003678,Protein kinase C and NF-κB-dependent CD4 downregulation in macrophages induced by T cell-derived soluble factors: consequences for HIV-1 infection.,2011,selected_for_reading,"Full text centers a primary virus and provides assay-supported host interaction, host factor, or pathway mechanism evidence.",fulltext_review,readable,pmc_xml,/Users/xingmeng/.openclaw/workspaces/staff-scientist-ideker/agenticWorkflow_LiteratureScreeningAndFullTextReview/runs/host_pathogen_shared_mechanisms_apms_20260826/passes/pass_001/artifacts/fulltext_import/PMC_XML/normalized/PMC3587723.json,high
pmid-21625290,21625290,PMC3103228,10.1155/2011/193860,Mechanisms of Kaposi's Sarcoma-Associated Herpesvirus Latency and Reactivation.,2011,selected_for_reading,Full text links a primary virus to a host factor or host pathway mechanism.,fulltext_review,readable,pmc_xml,/Users/xingmeng/.openclaw/workspaces/staff-scientist-ideker/agenticWorkflow_LiteratureScreeningAndFullTextReview/runs/host_pathogen_shared_mechanisms_apms_20260826/passes/pass_001/artifacts/fulltext_import/PMC_XML/normalized/PMC3103228.json,medium
pmid-21610122,21610122,PMC3101777,10.1128/mBio.00036-11,HIV-1 Vpu blocks recycling and biosynthetic transport of the intrinsic immunity factor CD317/tetherin to overcome the virion release restriction.,2011,selected_for_reading,Full text links a primary virus to a host factor or host pathway mechanism.,fulltext_review,readable,pmc_xml,/Users/xingmeng/.openclaw/workspaces/staff-scientist-ideker/agenticWorkflow_LiteratureScreeningAndFullTextReview/runs/host_pathogen_shared_mechanisms_apms_20260826/passes/pass_001/artifacts/fulltext_import/PMC_XML/normalized/PMC3101777.json,medium
pmid-21552323,21552323,PMC3084199,10.1371/journal.ppat.1002029,Completion of hepatitis C virus replication cycle in heterokaryons excludes dominant restrictions in human non-liver and mouse liver cell lines.,2011,selected_for_reading,Full text links a primary virus to a host factor or host pathway mechanism.,fulltext_review,readable,pmc_xml,/Users/xingmeng/.openclaw/workspaces/staff-scientist-ideker/agenticWorkflow_LiteratureScreeningAndFullTextReview/runs/host_pathogen_shared_mechanisms_apms_20260826/passes/pass_001/artifacts/fulltext_import/PMC_XML/normalized/PMC3084199.json,medium
pmid-21544244,21544244,PMC3081348,10.1371/journal.pone.0019106,Kaposi's sarcoma-associated herpesvirus-encoded LANA down-regulates IL-22R1 expression through a cis-acting element within the promoter region.,2011,selected_for_reading,Full text links a primary virus to a host factor or host pathway mechanism.,fulltext_review,readable,pmc_xml,/Users/xingmeng/.openclaw/workspaces/staff-scientist-ideker/agenticWorkflow_LiteratureScreeningAndFullTextReview/runs/host_pathogen_shared_mechanisms_apms_20260826/passes/pass_001/artifacts/fulltext_import/PMC_XML/normalized/PMC3081348.json,medium
pmid-21533265,21533265,PMC3075258,10.1371/journal.pone.0018589,Serpin induced antiviral activity of prostaglandin synthetase-2 against HIV-1 replication.,2011,selected_for_reading,Full text links a primary virus to a host factor or host pathway mechanism.,fulltext_review,readable,pmc_xml,/Users/xingmeng/.openclaw/workspaces/staff-scientist-ideker/agenticWorkflow_LiteratureScreeningAndFullTextReview/runs/host_pathogen_shared_mechanisms_apms_20260826/passes/pass_001/artifacts/fulltext_import/PMC_XML/normalized/PMC3075258.json,medium
pmid-21533244,21533244,PMC3076427,10.1371/journal.pone.0018690,Proteomic-based identification of CD4-interacting proteins in human primary macrophages.,2011,selected_for_reading,"Full text contains useful host-pathogen assay or pathway evidence, but the primary-virus mechanism is less central than in direct papers.",fulltext_review,readable,pmc_xml,/Users/xingmeng/.openclaw/workspaces/staff-scientist-ideker/agenticWorkflow_LiteratureScreeningAndFullTextReview/runs/host_pathogen_shared_mechanisms_apms_20260826/passes/pass_001/artifacts/fulltext_import/PMC_XML/normalized/PMC3076427.json,medium
pmid-21516087,21516087,PMC3938446,10.1038/nm.2341,EGFR and EphA2 are host factors for hepatitis C virus entry and possible targets for antiviral therapy.,2011,selected_for_reading,"Full text centers a primary virus and provides assay-supported host interaction, host factor, or pathway mechanism evidence.",fulltext_review,readable,pmc_xml,/Users/xingmeng/.openclaw/workspaces/staff-scientist-ideker/agenticWorkflow_LiteratureScreeningAndFullTextReview/runs/host_pathogen_shared_mechanisms_apms_20260826/passes/pass_001/artifacts/fulltext_import/PMC_XML/normalized/PMC3938446.json,high
pmid-21512573,21512573,PMC3081621,10.1038/nature09976,TRIM5 is an innate immune sensor for the retrovirus capsid lattice.,2011,selected_for_reading,"Full text contains useful host-pathogen assay or pathway evidence, but the primary-virus mechanism is less central than in direct papers.",fulltext_review,readable,pmc_xml,/Users/xingmeng/.openclaw/workspaces/staff-scientist-ideker/agenticWorkflow_LiteratureScreeningAndFullTextReview/runs/host_pathogen_shared_mechanisms_apms_20260826/passes/pass_001/artifacts/fulltext_import/PMC_XML/normalized/PMC3081621.json,medium
pmid-21496200,21496200,PMC4394227,10.1111/j.1582-4934.2010.01204.x,From proteomic multimarker profiling to interesting proteins: thymosin-β(4) and kininogen-1 as new potential biomarkers for inflammatory hepatic lesions.,2011,selected_for_reading,"Full text contains useful host-pathogen assay or pathway evidence, but the primary-virus mechanism is less central than in direct papers.",fulltext_review,readable,pmc_xml,/Users/xingmeng/.openclaw/workspaces/staff-scientist-ideker/agenticWorkflow_LiteratureScreeningAndFullTextReview/runs/host_pathogen_shared_mechanisms_apms_20260826/passes/pass_001/artifacts/fulltext_import/PMC_XML/normalized/PMC4394227.json,medium
pmid-21482538,21482538,PMC3152342,10.1093/nar/gkr189,Activity of the human immunodeficiency virus type 1 cell cycle-dependent internal ribosomal entry site is modulated by IRES trans-acting factors.,2011,selected_for_reading,"Full text centers a primary virus and provides assay-supported host interaction, host factor, or pathway mechanism evidence.",fulltext_review,readable,pmc_xml,/Users/xingmeng/.openclaw/workspaces/staff-scientist-ideker/agenticWorkflow_LiteratureScreeningAndFullTextReview/runs/host_pathogen_shared_mechanisms_apms_20260826/passes/pass_001/artifacts/fulltext_import/PMC_XML/normalized/PMC3152342.json,high
pmid-21384147,21384147,PMC3836044,10.1007/s11481-011-9266-7,Role of β-catenin/TCF-4 signaling in HIV replication and pathogenesis: insights to informing novel anti-HIV molecular therapeutics.,2011,selected_for_reading,"Full text centers a primary virus and provides assay-supported host interaction, host factor, or pathway mechanism evidence.",fulltext_review,readable,pmc_xml,/Users/xingmeng/.openclaw/workspaces/staff-scientist-ideker/agenticWorkflow_LiteratureScreeningAndFullTextReview/runs/host_pathogen_shared_mechanisms_apms_20260826/passes/pass_001/artifacts/fulltext_import/PMC_XML/normalized/PMC3836044.json,high
pmid-21358811,21358811,PMC3039688,10.1371/journal.pntd.0000954,Mapping protein interactions between Dengue virus and its human and insect hosts.,2011,selected_for_reading,"Full text centers a primary virus and provides assay-supported host interaction, host factor, or pathway mechanism evidence.",fulltext_review,readable,pmc_xml,/Users/xingmeng/.openclaw/workspaces/staff-scientist-ideker/agenticWorkflow_LiteratureScreeningAndFullTextReview/runs/host_pathogen_shared_mechanisms_apms_20260826/passes/pass_001/artifacts/fulltext_import/PMC_XML/normalized/PMC3039688.json,high
pmid-21347350,21347350,PMC3037360,10.1371/journal.ppat.1001278,NS2 protein of hepatitis C virus interacts with structural and non-structural proteins towards virus assembly.,2011,selected_for_reading,Full text links a primary virus to a host factor or host pathway mechanism.,fulltext_review,readable,pmc_xml,/Users/xingmeng/.openclaw/workspaces/staff-scientist-ideker/agenticWorkflow_LiteratureScreeningAndFullTextReview/runs/host_pathogen_shared_mechanisms_apms_20260826/passes/pass_001/artifacts/fulltext_import/PMC_XML/normalized/PMC3037360.json,medium
pmid-21342548,21342548,PMC3044273,10.1186/1471-2105-12-S1-S19,Comparative analysis of protein interaction networks reveals that conserved pathways are susceptible to HIV-1 interception.,2011,selected_for_reading,"Full text centers a primary virus and provides assay-supported host interaction, host factor, or pathway mechanism evidence.",fulltext_review,readable,pmc_xml,/Users/xingmeng/.openclaw/workspaces/staff-scientist-ideker/agenticWorkflow_LiteratureScreeningAndFullTextReview/runs/host_pathogen_shared_mechanisms_apms_20260826/passes/pass_001/artifacts/fulltext_import/PMC_XML/normalized/PMC3044273.json,high
pmid-21310048,21310048,PMC3049139,10.1186/1742-4690-8-9,β-TrCP is dispensable for Vpu's ability to overcome the CD317/Tetherin-imposed restriction to HIV-1 release.,2011,selected_for_reading,"Full text centers a primary virus and provides assay-supported host interaction, host factor, or pathway mechanism evidence.",fulltext_review,readable,pmc_xml,/Users/xingmeng/.openclaw/workspaces/staff-scientist-ideker/agenticWorkflow_LiteratureScreeningAndFullTextReview/runs/host_pathogen_shared_mechanisms_apms_20260826/passes/pass_001/artifacts/fulltext_import/PMC_XML/normalized/PMC3049139.json,high
pmid-21304933,21304933,PMC3033365,10.1371/journal.ppat.1001265,The ESCRT-0 component HRS is required for HIV-1 Vpu-mediated BST-2/tetherin down-regulation.,2011,selected_for_reading,Full text links a primary virus to a host factor or host pathway mechanism.,fulltext_review,readable,pmc_xml,/Users/xingmeng/.openclaw/workspaces/staff-scientist-ideker/agenticWorkflow_LiteratureScreeningAndFullTextReview/runs/host_pathogen_shared_mechanisms_apms_20260826/passes/pass_001/artifacts/fulltext_import/PMC_XML/normalized/PMC3033365.json,medium
pmid-21281507,21281507,PMC3037883,10.1186/1471-2334-11-34,Dengue-2 structural proteins associate with human proteins to produce a coagulation and innate immune response biased interactome.,2011,selected_for_reading,"Full text centers a primary virus and provides assay-supported host interaction, host factor, or pathway mechanism evidence.",fulltext_review,readable,pmc_xml,/Users/xingmeng/.openclaw/workspaces/staff-scientist-ideker/agenticWorkflow_LiteratureScreeningAndFullTextReview/runs/host_pathogen_shared_mechanisms_apms_20260826/passes/pass_001/artifacts/fulltext_import/PMC_XML/normalized/PMC3037883.json,high
pmid-21238948,21238948,PMC3048761,10.1016/j.chom.2011.01.001,Comparative RNAi screening reveals host factors involved in enterovirus infection of polarized endothelial monolayers.,2011,selected_for_reading,"Full text contains useful host-pathogen assay or pathway evidence, but the primary-virus mechanism is less central than in direct papers.",fulltext_review,readable,pmc_xml,/Users/xingmeng/.openclaw/workspaces/staff-scientist-ideker/agenticWorkflow_LiteratureScreeningAndFullTextReview/runs/host_pathogen_shared_mechanisms_apms_20260826/passes/pass_001/artifacts/fulltext_import/PMC_XML/normalized/PMC3048761.json,medium
pmid-21238945,21238945,PMC3433060,10.1016/j.chom.2010.12.002,Recruitment and activation of a lipid kinase by hepatitis C virus NS5A is essential for integrity of the membranous replication compartment.,2011,selected_for_reading,Full text links a primary virus to a host factor or host pathway mechanism.,fulltext_review,readable,pmc_xml,/Users/xingmeng/.openclaw/workspaces/staff-scientist-ideker/agenticWorkflow_LiteratureScreeningAndFullTextReview/runs/host_pathogen_shared_mechanisms_apms_20260826/passes/pass_001/artifacts/fulltext_import/PMC_XML/normalized/PMC3433060.json,medium
pmid-21237475,21237475,PMC3086044,10.1016/j.virol.2010.12.038,BST-2 is rapidly down-regulated from the cell surface by the HIV-1 protein Vpu: evidence for a post-ER mechanism of Vpu-action.,2011,selected_for_reading,Full text links a primary virus to a host factor or host pathway mechanism.,fulltext_review,readable,pmc_xml,/Users/xingmeng/.openclaw/workspaces/staff-scientist-ideker/agenticWorkflow_LiteratureScreeningAndFullTextReview/runs/host_pathogen_shared_mechanisms_apms_20260826/passes/pass_001/artifacts/fulltext_import/PMC_XML/normalized/PMC3086044.json,medium
pmid-21117063,21117063,PMC4503254,10.1002/jcb.22915,Suppression of HIV-1 transcriptional elongation by a DING phosphatase.,2011,selected_for_reading,Full text links a primary virus to a host factor or host pathway mechanism.,fulltext_review,readable,pmc_xml,/Users/xingmeng/.openclaw/workspaces/staff-scientist-ideker/agenticWorkflow_LiteratureScreeningAndFullTextReview/runs/host_pathogen_shared_mechanisms_apms_20260826/passes/pass_001/artifacts/fulltext_import/PMC_XML/normalized/PMC4503254.json,medium
pmid-21034775,21034775,PMC3018694,10.1016/j.jviromet.2010.10.020,Cross-genotypic polyclonal anti-HCV antibodies from human ascitic fluid.,2011,selected_for_reading,"Full text centers a primary virus and provides assay-supported host interaction, host factor, or pathway mechanism evidence.",fulltext_review,readable,pmc_xml,/Users/xingmeng/.openclaw/workspaces/staff-scientist-ideker/agenticWorkflow_LiteratureScreeningAndFullTextReview/runs/host_pathogen_shared_mechanisms_apms_20260826/passes/pass_001/artifacts/fulltext_import/PMC_XML/normalized/PMC3018694.json,high
pmid-20888841,20888841,PMC3049197,10.1016/j.lfs.2010.09.023,Molecular mechanisms of HIV-1 mother-to-child transmission and infection in neonatal target cells.,2011,selected_for_reading,Full text links a primary virus to a host factor or host pathway mechanism.,fulltext_review,readable,pmc_xml,/Users/xingmeng/.openclaw/workspaces/staff-scientist-ideker/agenticWorkflow_LiteratureScreeningAndFullTextReview/runs/host_pathogen_shared_mechanisms_apms_20260826/passes/pass_001/artifacts/fulltext_import/PMC_XML/normalized/PMC3049197.json,medium
pmid-20828615,20828615,PMC3580173,10.1016/j.ymeth.2010.09.001,Anti-viral opportunities during transcriptional activation of latent HIV in the host chromatin.,2011,selected_for_reading,"Full text centers a primary virus and provides assay-supported host interaction, host factor, or pathway mechanism evidence.",fulltext_review,readable,pmc_xml,/Users/xingmeng/.openclaw/workspaces/staff-scientist-ideker/agenticWorkflow_LiteratureScreeningAndFullTextReview/runs/host_pathogen_shared_mechanisms_apms_20260826/passes/pass_001/artifacts/fulltext_import/PMC_XML/normalized/PMC3580173.json,high
pmid-20708689,20708689,PMC3076283,10.1016/j.ymeth.2010.08.007,Purification and characterization of HIV-human protein complexes.,2011,selected_for_reading,"Full text centers a primary virus and provides assay-supported host interaction, host factor, or pathway mechanism evidence.",fulltext_review,readable,pmc_xml,/Users/xingmeng/.openclaw/workspaces/staff-scientist-ideker/agenticWorkflow_LiteratureScreeningAndFullTextReview/runs/host_pathogen_shared_mechanisms_apms_20260826/passes/pass_001/artifacts/fulltext_import/PMC_XML/normalized/PMC3076283.json,high
pmid-21994720,21994720,PMC3185753,10.3390/v2092078,Hepatitis C virus p7-a viroporin crucial for virus assembly and an emerging target for antiviral therapy.,2010,selected_for_reading,"Full text centers a primary virus and provides assay-supported host interaction, host factor, or pathway mechanism evidence.",fulltext_review,readable,pmc_xml,/Users/xingmeng/.openclaw/workspaces/staff-scientist-ideker/agenticWorkflow_LiteratureScreeningAndFullTextReview/runs/host_pathogen_shared_mechanisms_apms_20260826/passes/pass_001/artifacts/fulltext_import/PMC_XML/normalized/PMC3185753.json,high
pmid-21994685,21994685,PMC3185717,10.3390/v2071382,Targeting microRNA-122 to Treat Hepatitis C Virus Infection.,2010,selected_for_reading,Full text links a primary virus to a host factor or host pathway mechanism.,fulltext_review,readable,pmc_xml,/Users/xingmeng/.openclaw/workspaces/staff-scientist-ideker/agenticWorkflow_LiteratureScreeningAndFullTextReview/runs/host_pathogen_shared_mechanisms_apms_20260826/passes/pass_001/artifacts/fulltext_import/PMC_XML/normalized/PMC3185717.json,medium
pmid-21709748,21709748,PMC3120229,10.3390/v2102226,HIV-1 Tat: Its Dependence on Host Factors is Crystal Clear.,2010,selected_for_reading,"Full text centers a primary virus and provides assay-supported host interaction, host factor, or pathway mechanism evidence.",fulltext_review,readable,pmc_xml,/Users/xingmeng/.openclaw/workspaces/staff-scientist-ideker/agenticWorkflow_LiteratureScreeningAndFullTextReview/runs/host_pathogen_shared_mechanisms_apms_20260826/passes/pass_001/artifacts/fulltext_import/PMC_XML/normalized/PMC3120229.json,high
pmid-21203488,21203488,PMC3009604,10.1371/journal.ppat.1001238,Interaction of c-Cbl with myosin IIA regulates Bleb associated macropinocytosis of Kaposi's sarcoma-associated herpesvirus.,2010,selected_for_reading,"Full text centers a primary virus and provides assay-supported host interaction, host factor, or pathway mechanism evidence.",fulltext_review,readable,pmc_xml,/Users/xingmeng/.openclaw/workspaces/staff-scientist-ideker/agenticWorkflow_LiteratureScreeningAndFullTextReview/runs/host_pathogen_shared_mechanisms_apms_20260826/passes/pass_001/artifacts/fulltext_import/PMC_XML/normalized/PMC3009604.json,high
pmid-21179483,21179483,PMC3001881,10.1371/journal.pone.0015620,Perturbation of host nuclear membrane component RanBP2 impairs the nuclear import of human immunodeficiency virus -1 preintegration complex (DNA).,2010,selected_for_reading,Full text links a primary virus to a host factor or host pathway mechanism.,fulltext_review,readable,pmc_xml,/Users/xingmeng/.openclaw/workspaces/staff-scientist-ideker/agenticWorkflow_LiteratureScreeningAndFullTextReview/runs/host_pathogen_shared_mechanisms_apms_20260826/passes/pass_001/artifacts/fulltext_import/PMC_XML/normalized/PMC3001881.json,medium
pmid-20975939,20975939,PMC2958806,10.1371/journal.ppat.1001157,In vitro and in vivo studies identify important features of dengue virus pr-E protein interactions.,2010,selected_for_reading,"Full text centers a primary virus and provides assay-supported host interaction, host factor, or pathway mechanism evidence.",fulltext_review,readable,pmc_xml,/Users/xingmeng/.openclaw/workspaces/staff-scientist-ideker/agenticWorkflow_LiteratureScreeningAndFullTextReview/runs/host_pathogen_shared_mechanisms_apms_20260826/passes/pass_001/artifacts/fulltext_import/PMC_XML/normalized/PMC2958806.json,high
pmid-20957153,20957153,PMC2950154,10.1371/journal.pone.0013149,Differential protein modulation in midguts of Aedes aegypti infected with chikungunya and dengue 2 viruses.,2010,selected_for_reading,"Full text centers a primary virus and provides assay-supported host interaction, host factor, or pathway mechanism evidence.",fulltext_review,readable,pmc_xml,/Users/xingmeng/.openclaw/workspaces/staff-scientist-ideker/agenticWorkflow_LiteratureScreeningAndFullTextReview/runs/host_pathogen_shared_mechanisms_apms_20260826/passes/pass_001/artifacts/fulltext_import/PMC_XML/normalized/PMC2950154.json,high
pmid-20935628,20935628,PMC3431199,10.1038/nm.2238,Efficient hepatitis C virus particle formation requires diacylglycerol acyltransferase-1.,2010,selected_for_reading,"Full text centers a primary virus and provides assay-supported host interaction, host factor, or pathway mechanism evidence.",fulltext_review,readable,pmc_xml,/Users/xingmeng/.openclaw/workspaces/staff-scientist-ideker/agenticWorkflow_LiteratureScreeningAndFullTextReview/runs/host_pathogen_shared_mechanisms_apms_20260826/passes/pass_001/artifacts/fulltext_import/PMC_XML/normalized/PMC3431199.json,high
pmid-20865167,20865167,PMC2928791,10.1371/journal.ppat.1001066,"Direct interaction between two viral proteins, the nonstructural protein 2C and the capsid protein VP3, is required for enterovirus morphogenesis.",2010,selected_for_reading,"Full text contains useful host-pathogen assay or pathway evidence, but the primary-virus mechanism is less central than in direct papers.",fulltext_review,readable,pmc_xml,/Users/xingmeng/.openclaw/workspaces/staff-scientist-ideker/agenticWorkflow_LiteratureScreeningAndFullTextReview/runs/host_pathogen_shared_mechanisms_apms_20260826/passes/pass_001/artifacts/fulltext_import/PMC_XML/normalized/PMC2928791.json,medium
pmid-20858517,20858517,PMC2967615,10.1016/j.mam.2010.08.002,HIV-1 Vpu targets cell surface markers CD4 and BST-2 through distinct mechanisms.,2010,selected_for_reading,"Full text centers a primary virus and provides assay-supported host interaction, host factor, or pathway mechanism evidence.",fulltext_review,readable,pmc_xml,/Users/xingmeng/.openclaw/workspaces/staff-scientist-ideker/agenticWorkflow_LiteratureScreeningAndFullTextReview/runs/host_pathogen_shared_mechanisms_apms_20260826/passes/pass_001/artifacts/fulltext_import/PMC_XML/normalized/PMC2967615.json,high
pmid-20816988,20816988,PMC2975054,10.1016/j.jmb.2010.07.054,Distinct regions of human eIF3 are sufficient for binding to the HCV IRES and the 40S ribosomal subunit.,2010,selected_for_reading,"Full text centers a primary virus and provides assay-supported host interaction, host factor, or pathway mechanism evidence.",fulltext_review,readable,pmc_xml,/Users/xingmeng/.openclaw/workspaces/staff-scientist-ideker/agenticWorkflow_LiteratureScreeningAndFullTextReview/runs/host_pathogen_shared_mechanisms_apms_20260826/passes/pass_001/artifacts/fulltext_import/PMC_XML/normalized/PMC2975054.json,high
pmid-20698996,20698996,PMC2924840,10.1186/1742-4690-7-66,Identification of host proteins associated with HIV-1 preintegration complexes isolated from infected CD4+ cells.,2010,selected_for_reading,"Full text centers a primary virus and provides assay-supported host interaction, host factor, or pathway mechanism evidence.",fulltext_review,readable,pmc_xml,/Users/xingmeng/.openclaw/workspaces/staff-scientist-ideker/agenticWorkflow_LiteratureScreeningAndFullTextReview/runs/host_pathogen_shared_mechanisms_apms_20260826/passes/pass_001/artifacts/fulltext_import/PMC_XML/normalized/PMC2924840.json,high
pmid-20686668,20686668,PMC2912648,10.1371/journal.pcbi.1000863,Patterns of HIV-1 protein interaction identify perturbed host-cellular subsystems.,2010,selected_for_reading,Full text links a primary virus to a host factor or host pathway mechanism.,fulltext_review,readable,pmc_xml,/Users/xingmeng/.openclaw/workspaces/staff-scientist-ideker/agenticWorkflow_LiteratureScreeningAndFullTextReview/runs/host_pathogen_shared_mechanisms_apms_20260826/passes/pass_001/artifacts/fulltext_import/PMC_XML/normalized/PMC2912648.json,medium
pmid-20683944,20683944,PMC3427885,10.1002/hep.23733,"Transcriptome sequencing, microarray, and proteomic analyses reveal cellular and metabolic impact of hepatitis C virus infection in vitro.",2010,selected_for_reading,"Full text centers a primary virus and provides assay-supported host interaction, host factor, or pathway mechanism evidence.",fulltext_review,readable,pmc_xml,/Users/xingmeng/.openclaw/workspaces/staff-scientist-ideker/agenticWorkflow_LiteratureScreeningAndFullTextReview/runs/host_pathogen_shared_mechanisms_apms_20260826/passes/pass_001/artifacts/fulltext_import/PMC_XML/normalized/PMC3427885.json,high
pmid-20633292,20633292,PMC2913931,10.1186/1752-0509-4-96,Identifying potential survival strategies of HIV-1 through virus-host protein interaction networks.,2010,selected_for_reading,"Full text centers a primary virus and provides assay-supported host interaction, host factor, or pathway mechanism evidence.",fulltext_review,readable,pmc_xml,/Users/xingmeng/.openclaw/workspaces/staff-scientist-ideker/agenticWorkflow_LiteratureScreeningAndFullTextReview/runs/host_pathogen_shared_mechanisms_apms_20260826/passes/pass_001/artifacts/fulltext_import/PMC_XML/normalized/PMC2913931.json,high
pmid-20633102,20633102,PMC3071938,10.1111/j.1478-3231.2010.02283.x,Hepatitis C: viral and host factors associated with non-response to pegylated interferon plus ribavirin.,2010,selected_for_reading,"Full text contains useful host-pathogen assay or pathway evidence, but the primary-virus mechanism is less central than in direct papers.",fulltext_review,readable,pmc_xml,/Users/xingmeng/.openclaw/workspaces/staff-scientist-ideker/agenticWorkflow_LiteratureScreeningAndFullTextReview/runs/host_pathogen_shared_mechanisms_apms_20260826/passes/pass_001/artifacts/fulltext_import/PMC_XML/normalized/PMC3071938.json,medium
pmid-20617177,20617177,PMC2895659,10.1371/journal.ppat.1000978,Adaptation of hepatitis C virus to mouse CD81 permits infection of mouse cells in the absence of human entry factors.,2010,selected_for_reading,Full text links a primary virus to a host factor or host pathway mechanism.,fulltext_review,readable,pmc_xml,/Users/xingmeng/.openclaw/workspaces/staff-scientist-ideker/agenticWorkflow_LiteratureScreeningAndFullTextReview/runs/host_pathogen_shared_mechanisms_apms_20260826/passes/pass_001/artifacts/fulltext_import/PMC_XML/normalized/PMC2895659.json,medium
pmid-20592109,20592109,PMC3052595,10.1099/vir.0.023614-0,Identification of a novel phosphorylation site in hepatitis C virus NS5A.,2010,selected_for_reading,"Full text centers a primary virus and provides assay-supported host interaction, host factor, or pathway mechanism evidence.",fulltext_review,readable,pmc_xml,/Users/xingmeng/.openclaw/workspaces/staff-scientist-ideker/agenticWorkflow_LiteratureScreeningAndFullTextReview/runs/host_pathogen_shared_mechanisms_apms_20260826/passes/pass_001/artifacts/fulltext_import/PMC_XML/normalized/PMC3052595.json,high
pmid-20585587,20585587,PMC2892040,10.1371/journal.pone.0011304,Class II transactivator (CIITA) enhances cytoplasmic processing of HIV-1 Pr55Gag.,2010,selected_for_reading,Full text links a primary virus to a host factor or host pathway mechanism.,fulltext_review,readable,pmc_xml,/Users/xingmeng/.openclaw/workspaces/staff-scientist-ideker/agenticWorkflow_LiteratureScreeningAndFullTextReview/runs/host_pathogen_shared_mechanisms_apms_20260826/passes/pass_001/artifacts/fulltext_import/PMC_XML/normalized/PMC2892040.json,medium
pmid-20565842,20565842,PMC2906474,10.1186/1471-2148-10-186,Positive selection of HIV host factors and the evolution of lentivirus genes.,2010,selected_for_reading,"Full text centers a primary virus and provides assay-supported host interaction, host factor, or pathway mechanism evidence.",fulltext_review,readable,pmc_xml,/Users/xingmeng/.openclaw/workspaces/staff-scientist-ideker/agenticWorkflow_LiteratureScreeningAndFullTextReview/runs/host_pathogen_shared_mechanisms_apms_20260826/passes/pass_001/artifacts/fulltext_import/PMC_XML/normalized/PMC2906474.json,high
pmid-20553610,20553610,PMC3091628,10.1186/1471-2164-11-380,Response of the mosquito protein interaction network to dengue infection.,2010,selected_for_reading,"Full text centers a primary virus and provides assay-supported host interaction, host factor, or pathway mechanism evidence.",fulltext_review,readable,pmc_xml,/Users/xingmeng/.openclaw/workspaces/staff-scientist-ideker/agenticWorkflow_LiteratureScreeningAndFullTextReview/runs/host_pathogen_shared_mechanisms_apms_20260826/passes/pass_001/artifacts/fulltext_import/PMC_XML/normalized/PMC3091628.json,high
pmid-20550721,20550721,PMC2906493,10.1186/1472-6807-10-17,Prediction of protein-protein interactions in dengue virus coat proteins guided by low resolution cryoEM structures.,2010,selected_for_reading,"Full text centers a primary virus and provides assay-supported host interaction, host factor, or pathway mechanism evidence.",fulltext_review,readable,pmc_xml,/Users/xingmeng/.openclaw/workspaces/staff-scientist-ideker/agenticWorkflow_LiteratureScreeningAndFullTextReview/runs/host_pathogen_shared_mechanisms_apms_20260826/passes/pass_001/artifacts/fulltext_import/PMC_XML/normalized/PMC2906493.json,high
pmid-20529266,20529266,PMC2890665,10.1186/1742-4690-7-51,HIV-1 Vpu and HIV-2 Env counteract BST-2/tetherin by sequestration in a perinuclear compartment.,2010,selected_for_reading,Full text links a primary virus to a host factor or host pathway mechanism.,fulltext_review,readable,pmc_xml,/Users/xingmeng/.openclaw/workspaces/staff-scientist-ideker/agenticWorkflow_LiteratureScreeningAndFullTextReview/runs/host_pathogen_shared_mechanisms_apms_20260826/passes/pass_001/artifacts/fulltext_import/PMC_XML/normalized/PMC2890665.json,medium
pmid-20463814,20463814,PMC2865525,10.1371/journal.ppat.1000893,Elevation of intact and proteolytic fragments of acute phase proteins constitutes the earliest systemic antiviral response in HIV-1 infection.,2010,selected_for_reading,"Full text centers a primary virus and provides assay-supported host interaction, host factor, or pathway mechanism evidence.",fulltext_review,readable,pmc_xml,/Users/xingmeng/.openclaw/workspaces/staff-scientist-ideker/agenticWorkflow_LiteratureScreeningAndFullTextReview/runs/host_pathogen_shared_mechanisms_apms_20260826/passes/pass_001/artifacts/fulltext_import/PMC_XML/normalized/PMC2865525.json,high
pmid-20459747,20459747,PMC2887380,10.1186/1742-4690-7-41,Live cell visualization of the interactions between HIV-1 Gag and the cellular RNA-binding protein Staufen1.,2010,selected_for_reading,"Full text centers a primary virus and provides assay-supported host interaction, host factor, or pathway mechanism evidence.",fulltext_review,readable,pmc_xml,/Users/xingmeng/.openclaw/workspaces/staff-scientist-ideker/agenticWorkflow_LiteratureScreeningAndFullTextReview/runs/host_pathogen_shared_mechanisms_apms_20260826/passes/pass_001/artifacts/fulltext_import/PMC_XML/normalized/PMC2887380.json,high
pmid-20451157,20451157,PMC5054115,10.1016/S1672-0229(10)60001-0,Host proteome research in HIV infection.,2010,selected_for_reading,"Full text centers a primary virus and provides assay-supported host interaction, host factor, or pathway mechanism evidence.",fulltext_review,readable,pmc_xml,/Users/xingmeng/.openclaw/workspaces/staff-scientist-ideker/agenticWorkflow_LiteratureScreeningAndFullTextReview/runs/host_pathogen_shared_mechanisms_apms_20260826/passes/pass_001/artifacts/fulltext_import/PMC_XML/normalized/PMC5054115.json,high
pmid-20418907,20418907,PMC2908282,10.1038/onc.2010.124,Hsp90 and Hsp40/Erdj3 are required for the expression and anti-apoptotic function of KSHV K1.,2010,selected_for_reading,"Full text centers a primary virus and provides assay-supported host interaction, host factor, or pathway mechanism evidence.",fulltext_review,readable,pmc_xml,/Users/xingmeng/.openclaw/workspaces/staff-scientist-ideker/agenticWorkflow_LiteratureScreeningAndFullTextReview/runs/host_pathogen_shared_mechanisms_apms_20260826/passes/pass_001/artifacts/fulltext_import/PMC_XML/normalized/PMC2908282.json,high
pmid-20386718,20386718,PMC2851737,10.1371/journal.ppat.1000856,Antagonism of tetherin restriction of HIV-1 release by Vpu involves binding and sequestration of the restriction factor in a perinuclear compartment.,2010,selected_for_reading,Full text links a primary virus to a host factor or host pathway mechanism.,fulltext_review,readable,pmc_xml,/Users/xingmeng/.openclaw/workspaces/staff-scientist-ideker/agenticWorkflow_LiteratureScreeningAndFullTextReview/runs/host_pathogen_shared_mechanisms_apms_20260826/passes/pass_001/artifacts/fulltext_import/PMC_XML/normalized/PMC2851737.json,medium
pmid-20374633,20374633,PMC2868797,10.1186/1742-4690-7-31,Host hindrance to HIV-1 replication in monocytes and macrophages.,2010,selected_for_reading,Full text links a primary virus to a host factor or host pathway mechanism.,fulltext_review,readable,pmc_xml,/Users/xingmeng/.openclaw/workspaces/staff-scientist-ideker/agenticWorkflow_LiteratureScreeningAndFullTextReview/runs/host_pathogen_shared_mechanisms_apms_20260826/passes/pass_001/artifacts/fulltext_import/PMC_XML/normalized/PMC2868797.json,medium
pmid-20354805,20354805,PMC3121574,10.1007/s11481-010-9211-1,HIV neuropathogenesis: a tight rope walk of innate immunity.,2010,selected_for_reading,Full text links a primary virus to a host factor or host pathway mechanism.,fulltext_review,readable,pmc_xml,/Users/xingmeng/.openclaw/workspaces/staff-scientist-ideker/agenticWorkflow_LiteratureScreeningAndFullTextReview/runs/host_pathogen_shared_mechanisms_apms_20260826/passes/pass_001/artifacts/fulltext_import/PMC_XML/normalized/PMC3121574.json,medium
pmid-20222986,20222986,PMC2850332,10.1186/1477-5956-8-12,Proteomic analysis of PBMCs: characterization of potential HIV-associated proteins.,2010,selected_for_reading,"Full text centers a primary virus and provides assay-supported host interaction, host factor, or pathway mechanism evidence.",fulltext_review,readable,pmc_xml,/Users/xingmeng/.openclaw/workspaces/staff-scientist-ideker/agenticWorkflow_LiteratureScreeningAndFullTextReview/runs/host_pathogen_shared_mechanisms_apms_20260826/passes/pass_001/artifacts/fulltext_import/PMC_XML/normalized/PMC2850332.json,high
pmid-20150968,20150968,PMC2817807,10.1155/2010/458927,Insights into the biology of IRES elements through riboproteomic approaches.,2010,selected_for_reading,"Full text contains useful host-pathogen assay or pathway evidence, but the primary-virus mechanism is less central than in direct papers.",fulltext_review,readable,pmc_xml,/Users/xingmeng/.openclaw/workspaces/staff-scientist-ideker/agenticWorkflow_LiteratureScreeningAndFullTextReview/runs/host_pathogen_shared_mechanisms_apms_20260826/passes/pass_001/artifacts/fulltext_import/PMC_XML/normalized/PMC2817807.json,medium
pmid-20149939,20149939,PMC3792714,10.1016/j.tig.2010.01.002,Host genes associated with HIV/AIDS: advances in gene discovery.,2010,selected_for_reading,"Full text centers a primary virus and provides assay-supported host interaction, host factor, or pathway mechanism evidence.",fulltext_review,readable,pmc_xml,/Users/xingmeng/.openclaw/workspaces/staff-scientist-ideker/agenticWorkflow_LiteratureScreeningAndFullTextReview/runs/host_pathogen_shared_mechanisms_apms_20260826/passes/pass_001/artifacts/fulltext_import/PMC_XML/normalized/PMC3792714.json,high
pmid-20143950,20143950,PMC2832059,10.2217/fmb.10.7,Global approaches to study protein-protein interactions among viruses and hosts.,2010,selected_for_reading,"Full text contains useful host-pathogen assay or pathway evidence, but the primary-virus mechanism is less central than in direct papers.",fulltext_review,readable,pmc_xml,/Users/xingmeng/.openclaw/workspaces/staff-scientist-ideker/agenticWorkflow_LiteratureScreeningAndFullTextReview/runs/host_pathogen_shared_mechanisms_apms_20260826/passes/pass_001/artifacts/fulltext_import/PMC_XML/normalized/PMC2832059.json,medium
pmid-20131323,20131323,PMC3399782,10.1002/rcm.4410,Identification of N-glycans from Ebola virus glycoproteins by matrix-assisted laser desorption/ionisation time-of-flight and negative ion electrospray tandem mass spectrometry.,2010,selected_for_reading,"Full text centers a primary virus and provides assay-supported host interaction, host factor, or pathway mechanism evidence.",fulltext_review,readable,pmc_xml,/Users/xingmeng/.openclaw/workspaces/staff-scientist-ideker/agenticWorkflow_LiteratureScreeningAndFullTextReview/runs/host_pathogen_shared_mechanisms_apms_20260826/passes/pass_001/artifacts/fulltext_import/PMC_XML/normalized/PMC3399782.json,high
pmid-20015971,20015971,PMC2847223,10.1093/nar/gkp1154,Definition of the interacting interfaces of Apobec3G and HIV-1 Vif using MAPPIT mutagenesis analysis.,2010,selected_for_reading,Full text links a primary virus to a host factor or host pathway mechanism.,fulltext_review,readable,pmc_xml,/Users/xingmeng/.openclaw/workspaces/staff-scientist-ideker/agenticWorkflow_LiteratureScreeningAndFullTextReview/runs/host_pathogen_shared_mechanisms_apms_20260826/passes/pass_001/artifacts/fulltext_import/PMC_XML/normalized/PMC2847223.json,medium
pmid-20007598,20007598,PMC2836548,10.1093/nar/gkp1075,RNA helicase A modulates translation of HIV-1 and infectivity of progeny virions.,2010,selected_for_reading,Full text links a primary virus to a host factor or host pathway mechanism.,fulltext_review,readable,pmc_xml,/Users/xingmeng/.openclaw/workspaces/staff-scientist-ideker/agenticWorkflow_LiteratureScreeningAndFullTextReview/runs/host_pathogen_shared_mechanisms_apms_20260826/passes/pass_001/artifacts/fulltext_import/PMC_XML/normalized/PMC2836548.json,medium
pmid-20002140,20002140,PMC3721636,10.1111/j.1462-2920.2009.02117.x,An alpha-amylase is a novel receptor for Bacillus thuringiensis ssp. israelensis Cry4Ba and Cry11Aa toxins in the malaria vector mosquito Anopheles albimanus (Diptera: Culicidae).,2010,selected_for_reading,"Full text contains useful host-pathogen assay or pathway evidence, but the primary-virus mechanism is less central than in direct papers.",fulltext_review,readable,pmc_xml,/Users/xingmeng/.openclaw/workspaces/staff-scientist-ideker/agenticWorkflow_LiteratureScreeningAndFullTextReview/runs/host_pathogen_shared_mechanisms_apms_20260826/passes/pass_001/artifacts/fulltext_import/PMC_XML/normalized/PMC3721636.json,medium
pmid-19850960,19850960,PMC3891362,10.1136/gut.2009.183749,Gut microbes define liver cancer risk in mice exposed to chemical and viral transgenic hepatocarcinogens.,2010,selected_for_reading,"Full text contains useful host-pathogen assay or pathway evidence, but the primary-virus mechanism is less central than in direct papers.",fulltext_review,readable,pmc_xml,/Users/xingmeng/.openclaw/workspaces/staff-scientist-ideker/agenticWorkflow_LiteratureScreeningAndFullTextReview/runs/host_pathogen_shared_mechanisms_apms_20260826/passes/pass_001/artifacts/fulltext_import/PMC_XML/normalized/PMC3891362.json,medium
pmid-19793905,19793905,PMC2885062,10.1099/vir.0.015909-0,Requirement of cellular DDX3 for hepatitis C virus replication is unrelated to its interaction with the viral core protein.,2010,selected_for_reading,Full text links a primary virus to a host factor or host pathway mechanism.,fulltext_review,readable,pmc_xml,/Users/xingmeng/.openclaw/workspaces/staff-scientist-ideker/agenticWorkflow_LiteratureScreeningAndFullTextReview/runs/host_pathogen_shared_mechanisms_apms_20260826/passes/pass_001/artifacts/fulltext_import/PMC_XML/normalized/PMC2885062.json,medium
pmid-21994569,21994569,PMC3185499,10.3390/v1030780,The Interaction Between Lentiviral Integrase and LEDGF: Structural and Functional Insights.,2009,selected_for_reading,"Full text contains useful host-pathogen assay or pathway evidence, but the primary-virus mechanism is less central than in direct papers.",fulltext_review,readable,pmc_xml,/Users/xingmeng/.openclaw/workspaces/staff-scientist-ideker/agenticWorkflow_LiteratureScreeningAndFullTextReview/runs/host_pathogen_shared_mechanisms_apms_20260826/passes/pass_001/artifacts/fulltext_import/PMC_XML/normalized/PMC3185499.json,medium
pmid-20019814,20019814,PMC2788703,10.1371/journal.ppat.1000700,BCA2/Rabring7 promotes tetherin-dependent HIV-1 restriction.,2009,selected_for_reading,Full text links a primary virus to a host factor or host pathway mechanism.,fulltext_review,readable,pmc_xml,/Users/xingmeng/.openclaw/workspaces/staff-scientist-ideker/agenticWorkflow_LiteratureScreeningAndFullTextReview/runs/host_pathogen_shared_mechanisms_apms_20260826/passes/pass_001/artifacts/fulltext_import/PMC_XML/normalized/PMC2788703.json,medium
pmid-19874608,19874608,PMC2776022,10.1186/1756-0500-2-220,pISTil: a pipeline for yeast two-hybrid Interaction Sequence Tags identification and analysis.,2009,selected_for_reading,"Full text contains useful host-pathogen assay or pathway evidence, but the primary-virus mechanism is less central than in direct papers.",fulltext_review,readable,pmc_xml,/Users/xingmeng/.openclaw/workspaces/staff-scientist-ideker/agenticWorkflow_LiteratureScreeningAndFullTextReview/runs/host_pathogen_shared_mechanisms_apms_20260826/passes/pass_001/artifacts/fulltext_import/PMC_XML/normalized/PMC2776022.json,medium
pmid-19833003,19833003,PMC2776905,10.1186/jbiol183,Decoding the multifaceted HIV-1 virus-host interactome.,2009,selected_for_reading,"Full text centers a primary virus and provides assay-supported host interaction, host factor, or pathway mechanism evidence.",fulltext_review,readable,pmc_xml,/Users/xingmeng/.openclaw/workspaces/staff-scientist-ideker/agenticWorkflow_LiteratureScreeningAndFullTextReview/runs/host_pathogen_shared_mechanisms_apms_20260826/passes/pass_001/artifacts/fulltext_import/PMC_XML/normalized/PMC2776905.json,high
pmid-19811410,19811410,PMC2812871,10.1080/08820130902874110,Proteomic analyses of the effects of drugs of abuse on monocyte-derived mature dendritic cells.,2009,selected_for_reading,"Full text contains useful host-pathogen assay or pathway evidence, but the primary-virus mechanism is less central than in direct papers.",fulltext_review,readable,pmc_xml,/Users/xingmeng/.openclaw/workspaces/staff-scientist-ideker/agenticWorkflow_LiteratureScreeningAndFullTextReview/runs/host_pathogen_shared_mechanisms_apms_20260826/passes/pass_001/artifacts/fulltext_import/PMC_XML/normalized/PMC2812871.json,medium
pmid-19759533,19759533,PMC3172006,10.1038/nature08463,Genetic variation in IL28B and spontaneous clearance of hepatitis C virus.,2009,selected_for_reading,Full text links a primary virus to a host factor or host pathway mechanism.,fulltext_review,readable,pmc_xml,/Users/xingmeng/.openclaw/workspaces/staff-scientist-ideker/agenticWorkflow_LiteratureScreeningAndFullTextReview/runs/host_pathogen_shared_mechanisms_apms_20260826/passes/pass_001/artifacts/fulltext_import/PMC_XML/normalized/PMC3172006.json,medium
pmid-19732026,19732026,PMC2785118,10.1517/14712590903257781,Novel HIV-1 therapeutics through targeting altered host cell pathways.,2009,selected_for_reading,"Full text centers a primary virus and provides assay-supported host interaction, host factor, or pathway mechanism evidence.",fulltext_review,readable,pmc_xml,/Users/xingmeng/.openclaw/workspaces/staff-scientist-ideker/agenticWorkflow_LiteratureScreeningAndFullTextReview/runs/host_pathogen_shared_mechanisms_apms_20260826/passes/pass_001/artifacts/fulltext_import/PMC_XML/normalized/PMC2785118.json,high
pmid-19730696,19730696,PMC2731838,10.1371/journal.ppat.1000570,Evolutionarily conserved herpesviral protein interaction networks.,2009,selected_for_reading,"Full text contains useful host-pathogen assay or pathway evidence, but the primary-virus mechanism is less central than in direct papers.",fulltext_review,readable,pmc_xml,/Users/xingmeng/.openclaw/workspaces/staff-scientist-ideker/agenticWorkflow_LiteratureScreeningAndFullTextReview/runs/host_pathogen_shared_mechanisms_apms_20260826/passes/pass_001/artifacts/fulltext_import/PMC_XML/normalized/PMC2731838.json,medium
pmid-19712456,19712456,PMC2754444,10.1186/1479-5876-7-75,"Proteomic characterization of HIV-modulated membrane receptors, kinases and signaling proteins involved in novel angiogenic pathways.",2009,selected_for_reading,"Full text centers a primary virus and provides assay-supported host interaction, host factor, or pathway mechanism evidence.",fulltext_review,readable,pmc_xml,/Users/xingmeng/.openclaw/workspaces/staff-scientist-ideker/agenticWorkflow_LiteratureScreeningAndFullTextReview/runs/host_pathogen_shared_mechanisms_apms_20260826/passes/pass_001/artifacts/fulltext_import/PMC_XML/normalized/PMC2754444.json,high
pmid-19712452,19712452,PMC2743632,10.1186/1742-4690-6-78,siRNA and shRNA screens advance key understanding of host factors required for HIV-1 replication.,2009,selected_for_reading,Full text links a primary virus to a host factor or host pathway mechanism.,fulltext_review,readable,pmc_xml,/Users/xingmeng/.openclaw/workspaces/staff-scientist-ideker/agenticWorkflow_LiteratureScreeningAndFullTextReview/runs/host_pathogen_shared_mechanisms_apms_20260826/passes/pass_001/artifacts/fulltext_import/PMC_XML/normalized/PMC2743632.json,medium
pmid-19683540,19683540,PMC2753696,10.1016/j.jmb.2009.08.023,Structural basis of HIV-1 activation by NF-kappaB--a higher-order complex of p50:RelA bound to the HIV-1 LTR.,2009,selected_for_reading,"Full text centers a primary virus and provides assay-supported host interaction, host factor, or pathway mechanism evidence.",fulltext_review,readable,pmc_xml,/Users/xingmeng/.openclaw/workspaces/staff-scientist-ideker/agenticWorkflow_LiteratureScreeningAndFullTextReview/runs/host_pathogen_shared_mechanisms_apms_20260826/passes/pass_001/artifacts/fulltext_import/PMC_XML/normalized/PMC2753696.json,high
pmid-19671175,19671175,PMC2907698,10.1186/1471-2164-10-373,Computational identification of hepatitis C virus associated microRNA-mRNA regulatory modules in human livers.,2009,selected_for_reading,"Full text centers a primary virus and provides assay-supported host interaction, host factor, or pathway mechanism evidence.",fulltext_review,readable,pmc_xml,/Users/xingmeng/.openclaw/workspaces/staff-scientist-ideker/agenticWorkflow_LiteratureScreeningAndFullTextReview/runs/host_pathogen_shared_mechanisms_apms_20260826/passes/pass_001/artifacts/fulltext_import/PMC_XML/normalized/PMC2907698.json,high
pmid-19594910,19594910,PMC2714482,10.1186/1742-4690-6-63,"Reactivation from latency displays HIV particle budding at plasma membrane, accompanying CD44 upregulation and recruitment.",2009,selected_for_reading,Full text links a primary virus to a host factor or host pathway mechanism.,fulltext_review,readable,pmc_xml,/Users/xingmeng/.openclaw/workspaces/staff-scientist-ideker/agenticWorkflow_LiteratureScreeningAndFullTextReview/runs/host_pathogen_shared_mechanisms_apms_20260826/passes/pass_001/artifacts/fulltext_import/PMC_XML/normalized/PMC2714482.json,medium
pmid-19454010,19454010,PMC2702331,10.1186/1742-4690-6-47,In vitro nuclear interactome of the HIV-1 Tat protein.,2009,selected_for_reading,"Full text centers a primary virus and provides assay-supported host interaction, host factor, or pathway mechanism evidence.",fulltext_review,readable,pmc_xml,/Users/xingmeng/.openclaw/workspaces/staff-scientist-ideker/agenticWorkflow_LiteratureScreeningAndFullTextReview/runs/host_pathogen_shared_mechanisms_apms_20260826/passes/pass_001/artifacts/fulltext_import/PMC_XML/normalized/PMC2702331.json,high
pmid-19450270,19450270,PMC2694829,10.1186/1755-8794-2-27,Prediction of HIV-1 virus-host protein interactions using virus and host sequence motifs.,2009,selected_for_reading,"Full text centers a primary virus and provides assay-supported host interaction, host factor, or pathway mechanism evidence.",fulltext_review,readable,pmc_xml,/Users/xingmeng/.openclaw/workspaces/staff-scientist-ideker/agenticWorkflow_LiteratureScreeningAndFullTextReview/runs/host_pathogen_shared_mechanisms_apms_20260826/passes/pass_001/artifacts/fulltext_import/PMC_XML/normalized/PMC2694829.json,high
pmid-19396146,19396146,PMC3462662,10.1038/nature07967,Discovery of insect and human dengue virus host factors.,2009,selected_for_reading,"Full text centers a primary virus and provides assay-supported host interaction, host factor, or pathway mechanism evidence.",fulltext_review,readable,pmc_xml,/Users/xingmeng/.openclaw/workspaces/staff-scientist-ideker/agenticWorkflow_LiteratureScreeningAndFullTextReview/runs/host_pathogen_shared_mechanisms_apms_20260826/passes/pass_001/artifacts/fulltext_import/PMC_XML/normalized/PMC3462662.json,high
pmid-19373562,19373562,PMC2775061,10.1007/s11481-009-9154-6,Host and viral factors influencing the pathogenesis of HIV-associated neurocognitive disorders.,2009,selected_for_reading,Full text links a primary virus to a host factor or host pathway mechanism.,fulltext_review,readable,pmc_xml,/Users/xingmeng/.openclaw/workspaces/staff-scientist-ideker/agenticWorkflow_LiteratureScreeningAndFullTextReview/runs/host_pathogen_shared_mechanisms_apms_20260826/passes/pass_001/artifacts/fulltext_import/PMC_XML/normalized/PMC2775061.json,medium
pmid-19358982,19358982,PMC2746502,10.1016/j.cellimm.2009.03.012,HIV-1 transforms the monocyte plasma membrane proteome.,2009,selected_for_reading,"Full text centers a primary virus and provides assay-supported host interaction, host factor, or pathway mechanism evidence.",fulltext_review,readable,pmc_xml,/Users/xingmeng/.openclaw/workspaces/staff-scientist-ideker/agenticWorkflow_LiteratureScreeningAndFullTextReview/runs/host_pathogen_shared_mechanisms_apms_20260826/passes/pass_001/artifacts/fulltext_import/PMC_XML/normalized/PMC2746502.json,high
pmid-19300495,19300495,PMC2652112,10.1371/journal.ppat.1000342,Reassessing the role of APOBEC3G in human immunodeficiency virus type 1 infection of quiescent CD4+ T-cells.,2009,selected_for_reading,Full text links a primary virus to a host factor or host pathway mechanism.,fulltext_review,readable,pmc_xml,/Users/xingmeng/.openclaw/workspaces/staff-scientist-ideker/agenticWorkflow_LiteratureScreeningAndFullTextReview/runs/host_pathogen_shared_mechanisms_apms_20260826/passes/pass_001/artifacts/fulltext_import/PMC_XML/normalized/PMC2652112.json,medium
pmid-19232660,19232660,PMC3099193,10.1016/j.virol.2009.01.018,"SYNCRIP (synaptotagmin-binding, cytoplasmic RNA-interacting protein) is a host factor involved in hepatitis C virus RNA replication.",2009,selected_for_reading,Full text links a primary virus to a host factor or host pathway mechanism.,fulltext_review,readable,pmc_xml,/Users/xingmeng/.openclaw/workspaces/staff-scientist-ideker/agenticWorkflow_LiteratureScreeningAndFullTextReview/runs/host_pathogen_shared_mechanisms_apms_20260826/passes/pass_001/artifacts/fulltext_import/PMC_XML/normalized/PMC3099193.json,medium
pmid-19216784,19216784,PMC2657108,10.1186/1742-4690-6-16,"APOBEC3G induces a hypermutation gradient: purifying selection at multiple steps during HIV-1 replication results in levels of G-to-A mutations that are high in DNA, intermediate in cellular viral RNA, and low in virion RNA.",2009,selected_for_reading,Full text links a primary virus to a host factor or host pathway mechanism.,fulltext_review,readable,pmc_xml,/Users/xingmeng/.openclaw/workspaces/staff-scientist-ideker/agenticWorkflow_LiteratureScreeningAndFullTextReview/runs/host_pathogen_shared_mechanisms_apms_20260826/passes/pass_001/artifacts/fulltext_import/PMC_XML/normalized/PMC2657108.json,medium
pmid-19183807,19183807,PMC2629532,10.1371/journal.pone.0004319,Hepatitis C virus is a weak inducer of interferon alpha in plasmacytoid dendritic cells in comparison with influenza and human herpesvirus type-1.,2009,selected_for_reading,Full text links a primary virus to a host factor or host pathway mechanism.,fulltext_review,readable,pmc_xml,/Users/xingmeng/.openclaw/workspaces/staff-scientist-ideker/agenticWorkflow_LiteratureScreeningAndFullTextReview/runs/host_pathogen_shared_mechanisms_apms_20260826/passes/pass_001/artifacts/fulltext_import/PMC_XML/normalized/PMC2629532.json,medium
pmid-19166625,19166625,PMC2657110,10.1186/1742-4690-6-8,Mechanisms employed by retroviruses to exploit host factors for translational control of a complicated proteome.,2009,selected_for_reading,"Full text contains useful host-pathogen assay or pathway evidence, but the primary-virus mechanism is less central than in direct papers.",fulltext_review,readable,pmc_xml,/Users/xingmeng/.openclaw/workspaces/staff-scientist-ideker/agenticWorkflow_LiteratureScreeningAndFullTextReview/runs/host_pathogen_shared_mechanisms_apms_20260826/passes/pass_001/artifacts/fulltext_import/PMC_XML/normalized/PMC2657110.json,medium
pmid-19136905,19136905,PMC2699556,10.1097/TP.0b013e318191c68d,Proteomic analysis of HCV cirrhosis and HCV-induced HCC: identifying biomarkers for monitoring HCV-cirrhotic patients awaiting liver transplantation.,2009,selected_for_reading,"Full text centers a primary virus and provides assay-supported host interaction, host factor, or pathway mechanism evidence.",fulltext_review,readable,pmc_xml,/Users/xingmeng/.openclaw/workspaces/staff-scientist-ideker/agenticWorkflow_LiteratureScreeningAndFullTextReview/runs/host_pathogen_shared_mechanisms_apms_20260826/passes/pass_001/artifacts/fulltext_import/PMC_XML/normalized/PMC2699556.json,high
pmid-18974184,18974184,PMC2686573,10.1093/nar/gkn739,VirusMINT: a viral protein interaction database.,2009,selected_for_reading,"Full text contains useful host-pathogen assay or pathway evidence, but the primary-virus mechanism is less central than in direct papers.",fulltext_review,readable,pmc_xml,/Users/xingmeng/.openclaw/workspaces/staff-scientist-ideker/agenticWorkflow_LiteratureScreeningAndFullTextReview/runs/host_pathogen_shared_mechanisms_apms_20260826/passes/pass_001/artifacts/fulltext_import/PMC_XML/normalized/PMC2686573.json,medium
pmid-21136797,21136797,PMC3406605,10.1002/prca.200780114,Sera proteomic biomarker profiling in HIV-1 infected subjects with cognitive impairment.,2008,selected_for_reading,"Full text centers a primary virus and provides assay-supported host interaction, host factor, or pathway mechanism evidence.",fulltext_review,readable,pmc_xml,/Users/xingmeng/.openclaw/workspaces/staff-scientist-ideker/agenticWorkflow_LiteratureScreeningAndFullTextReview/runs/host_pathogen_shared_mechanisms_apms_20260826/passes/pass_001/artifacts/fulltext_import/PMC_XML/normalized/PMC3406605.json,high
pmid-19052666,19052666,PMC2586137,10.6026/97320630003047,"Molecular epigenetics, chromatin, and NeuroAIDS/HIV: immunopathological implications.",2008,selected_for_reading,Full text links a primary virus to a host factor or host pathway mechanism.,fulltext_review,readable,pmc_xml,/Users/xingmeng/.openclaw/workspaces/staff-scientist-ideker/agenticWorkflow_LiteratureScreeningAndFullTextReview/runs/host_pathogen_shared_mechanisms_apms_20260826/passes/pass_001/artifacts/fulltext_import/PMC_XML/normalized/PMC2586137.json,medium
pmid-18854154,18854154,PMC2628946,10.1016/j.cell.2008.07.032,Global analysis of host-pathogen interactions that regulate early-stage HIV-1 replication.,2008,selected_for_reading,"Full text centers a primary virus and provides assay-supported host interaction, host factor, or pathway mechanism evidence.",fulltext_review,readable,pmc_xml,/Users/xingmeng/.openclaw/workspaces/staff-scientist-ideker/agenticWorkflow_LiteratureScreeningAndFullTextReview/runs/host_pathogen_shared_mechanisms_apms_20260826/passes/pass_001/artifacts/fulltext_import/PMC_XML/normalized/PMC2628946.json,high
pmid-18834145,18834145,PMC2662774,10.1021/bi800965m,Sequential tyrosine sulfation of CXCR4 by tyrosylprotein sulfotransferases.,2008,selected_for_reading,"Full text contains useful host-pathogen assay or pathway evidence, but the primary-virus mechanism is less central than in direct papers.",fulltext_review,readable,pmc_xml,/Users/xingmeng/.openclaw/workspaces/staff-scientist-ideker/agenticWorkflow_LiteratureScreeningAndFullTextReview/runs/host_pathogen_shared_mechanisms_apms_20260826/passes/pass_001/artifacts/fulltext_import/PMC_XML/normalized/PMC2662774.json,medium
pmid-18656221,18656221,PMC2595138,10.1016/j.virol.2008.05.007,The linker domain of poly(rC) binding protein 2 is a major determinant in poliovirus cap-independent translation.,2008,selected_for_reading,"Full text contains useful host-pathogen assay or pathway evidence, but the primary-virus mechanism is less central than in direct papers.",fulltext_review,readable,pmc_xml,/Users/xingmeng/.openclaw/workspaces/staff-scientist-ideker/agenticWorkflow_LiteratureScreeningAndFullTextReview/runs/host_pathogen_shared_mechanisms_apms_20260826/passes/pass_001/artifacts/fulltext_import/PMC_XML/normalized/PMC2595138.json,medium
pmid-18644250,18644250,PMC2581888,10.1016/j.mib.2008.06.004,Structural proteomics of dengue virus.,2008,selected_for_reading,"Full text centers a primary virus and provides assay-supported host interaction, host factor, or pathway mechanism evidence.",fulltext_review,readable,pmc_xml,/Users/xingmeng/.openclaw/workspaces/staff-scientist-ideker/agenticWorkflow_LiteratureScreeningAndFullTextReview/runs/host_pathogen_shared_mechanisms_apms_20260826/passes/pass_001/artifacts/fulltext_import/PMC_XML/normalized/PMC2581888.json,high
pmid-18575609,18575609,PMC2429966,10.1371/journal.pone.0002507,Proteomic modeling for HIV-1 infected microglia-astrocyte crosstalk.,2008,selected_for_reading,"Full text centers a primary virus and provides assay-supported host interaction, host factor, or pathway mechanism evidence.",fulltext_review,readable,pmc_xml,/Users/xingmeng/.openclaw/workspaces/staff-scientist-ideker/agenticWorkflow_LiteratureScreeningAndFullTextReview/runs/host_pathogen_shared_mechanisms_apms_20260826/passes/pass_001/artifacts/fulltext_import/PMC_XML/normalized/PMC2429966.json,high
pmid-18554410,18554410,PMC2481268,10.1186/1742-4690-5-48,Host proteins interacting with the Moloney murine leukemia virus integrase: multiple transcriptional regulators and chromatin binding factors.,2008,selected_for_reading,"Full text contains useful host-pathogen assay or pathway evidence, but the primary-virus mechanism is less central than in direct papers.",fulltext_review,readable,pmc_xml,/Users/xingmeng/.openclaw/workspaces/staff-scientist-ideker/agenticWorkflow_LiteratureScreeningAndFullTextReview/runs/host_pathogen_shared_mechanisms_apms_20260826/passes/pass_001/artifacts/fulltext_import/PMC_XML/normalized/PMC2481268.json,medium
pmid-18497858,18497858,PMC2374908,10.1371/journal.ppat.1000074,Proteasomal degradation of TRIM5alpha during retrovirus restriction.,2008,selected_for_reading,"Full text has plausible host pathway or host-factor mechanism context for a primary virus, but evidence is not strongly assay-centered.",fulltext_review,readable,pmc_xml,/Users/xingmeng/.openclaw/workspaces/staff-scientist-ideker/agenticWorkflow_LiteratureScreeningAndFullTextReview/runs/host_pathogen_shared_mechanisms_apms_20260826/passes/pass_001/artifacts/fulltext_import/PMC_XML/normalized/PMC2374908.json,low
pmid-18446227,18446227,PMC2323578,10.1371/journal.pone.0002035,Relief of preintegration inhibition and characterization of additional blocks for HIV replication in primary mouse T cells.,2008,selected_for_reading,Full text links a primary virus to a host factor or host pathway mechanism.,fulltext_review,readable,pmc_xml,/Users/xingmeng/.openclaw/workspaces/staff-scientist-ideker/agenticWorkflow_LiteratureScreeningAndFullTextReview/runs/host_pathogen_shared_mechanisms_apms_20260826/passes/pass_001/artifacts/fulltext_import/PMC_XML/normalized/PMC2323578.json,medium
pmid-18226242,18226242,PMC2266780,10.1186/1742-4690-5-8,The histone chaperone protein Nucleosome Assembly Protein-1 (hNAP-1) binds HIV-1 Tat and promotes viral transcription.,2008,selected_for_reading,"Full text centers a primary virus and provides assay-supported host interaction, host factor, or pathway mechanism evidence.",fulltext_review,readable,pmc_xml,/Users/xingmeng/.openclaw/workspaces/staff-scientist-ideker/agenticWorkflow_LiteratureScreeningAndFullTextReview/runs/host_pathogen_shared_mechanisms_apms_20260826/passes/pass_001/artifacts/fulltext_import/PMC_XML/normalized/PMC2266780.json,high
pmid-17892575,17892575,PMC2064933,10.1186/1742-4690-4-68,Both TRIM5alpha and TRIMCyp have only weak antiviral activity in canine D17 cells.,2007,selected_for_reading,"Full text has plausible host pathway or host-factor mechanism context for a primary virus, but evidence is not strongly assay-centered.",fulltext_review,readable,pmc_xml,/Users/xingmeng/.openclaw/workspaces/staff-scientist-ideker/agenticWorkflow_LiteratureScreeningAndFullTextReview/runs/host_pathogen_shared_mechanisms_apms_20260826/passes/pass_001/artifacts/fulltext_import/PMC_XML/normalized/PMC2064933.json,low
pmid-17803826,17803826,PMC2075493,10.1186/1743-422X-4-83,Does Japanese encephalitis virus share the same cellular receptor with other mosquito-borne flaviviruses on the C6/36 mosquito cells?,2007,selected_for_reading,"Full text contains useful host-pathogen assay or pathway evidence, but the primary-virus mechanism is less central than in direct papers.",fulltext_review,readable,pmc_xml,/Users/xingmeng/.openclaw/workspaces/staff-scientist-ideker/agenticWorkflow_LiteratureScreeningAndFullTextReview/runs/host_pathogen_shared_mechanisms_apms_20260826/passes/pass_001/artifacts/fulltext_import/PMC_XML/normalized/PMC2075493.json,medium
pmid-17659315,17659315,PMC7103365,10.1016/j.virol.2007.06.015,Ebola sGP--the first viral glycoprotein shown to be C-mannosylated.,2007,selected_for_reading,"Full text contains useful host-pathogen assay or pathway evidence, but the primary-virus mechanism is less central than in direct papers.",fulltext_review,readable,pmc_xml,/Users/xingmeng/.openclaw/workspaces/staff-scientist-ideker/agenticWorkflow_LiteratureScreeningAndFullTextReview/runs/host_pathogen_shared_mechanisms_apms_20260826/passes/pass_001/artifacts/fulltext_import/PMC_XML/normalized/PMC7103365.json,medium
pmid-17625010,17625010,PMC1971245,10.1186/1479-5876-5-33,Serum proteomic analysis focused on fibrosis in patients with hepatitis C virus infection.,2007,selected_for_reading,"Full text centers a primary virus and provides assay-supported host interaction, host factor, or pathway mechanism evidence.",fulltext_review,readable,pmc_xml,/Users/xingmeng/.openclaw/workspaces/staff-scientist-ideker/agenticWorkflow_LiteratureScreeningAndFullTextReview/runs/host_pathogen_shared_mechanisms_apms_20260826/passes/pass_001/artifacts/fulltext_import/PMC_XML/normalized/PMC1971245.json,high
pmid-17296787,17296787,PMC2118718,10.1084/jem.20061604,Leukocyte-specific protein 1 interacts with DC-SIGN and mediates transport of HIV to the proteasome in dendritic cells.,2007,selected_for_reading,"Full text centers a primary virus and provides assay-supported host interaction, host factor, or pathway mechanism evidence.",fulltext_review,readable,pmc_xml,/Users/xingmeng/.openclaw/workspaces/staff-scientist-ideker/agenticWorkflow_LiteratureScreeningAndFullTextReview/runs/host_pathogen_shared_mechanisms_apms_20260826/passes/pass_001/artifacts/fulltext_import/PMC_XML/normalized/PMC2118718.json,high
pmid-17238276,17238276,PMC1626102,10.1371/journal.ppat.0020107,Quantitative membrane proteomics reveals new cellular targets of viral immune modulators.,2006,selected_for_reading,"Full text contains useful host-pathogen assay or pathway evidence, but the primary-virus mechanism is less central than in direct papers.",fulltext_review,readable,pmc_xml,/Users/xingmeng/.openclaw/workspaces/staff-scientist-ideker/agenticWorkflow_LiteratureScreeningAndFullTextReview/runs/host_pathogen_shared_mechanisms_apms_20260826/passes/pass_001/artifacts/fulltext_import/PMC_XML/normalized/PMC1626102.json,medium
pmid-17173480,17173480,PMC1698943,10.1371/journal.ppat.0020130,NFAT5 regulates HIV-1 in primary monocytes via a highly conserved long terminal repeat site.,2006,selected_for_reading,Full text links a primary virus to a host factor or host pathway mechanism.,fulltext_review,readable,pmc_xml,/Users/xingmeng/.openclaw/workspaces/staff-scientist-ideker/agenticWorkflow_LiteratureScreeningAndFullTextReview/runs/host_pathogen_shared_mechanisms_apms_20260826/passes/pass_001/artifacts/fulltext_import/PMC_XML/normalized/PMC1698943.json,medium
pmid-17090598,17090598,PMC1693895,10.1093/nar/gkl843,Chromosomal integration of LTR-flanked DNA in yeast expressing HIV-1 integrase: down regulation by RAD51.,2006,selected_for_reading,Full text links a primary virus to a host factor or host pathway mechanism.,fulltext_review,readable,pmc_xml,/Users/xingmeng/.openclaw/workspaces/staff-scientist-ideker/agenticWorkflow_LiteratureScreeningAndFullTextReview/runs/host_pathogen_shared_mechanisms_apms_20260826/passes/pass_001/artifacts/fulltext_import/PMC_XML/normalized/PMC1693895.json,medium
pmid-17032656,17032656,PMC7615707,10.1074/jbc.M602434200,Evidence for the formation of a heptameric ion channel complex by the hepatitis C virus p7 protein in vitro.,2006,selected_for_reading,"Full text centers a primary virus and provides assay-supported host interaction, host factor, or pathway mechanism evidence.",fulltext_review,readable,pmc_xml,/Users/xingmeng/.openclaw/workspaces/staff-scientist-ideker/agenticWorkflow_LiteratureScreeningAndFullTextReview/runs/host_pathogen_shared_mechanisms_apms_20260826/passes/pass_001/artifacts/fulltext_import/PMC_XML/normalized/PMC7615707.json,high
pmid-16699599,16699599,PMC1458959,10.1371/journal.ppat.0020041,Human retroviral host restriction factors APOBEC3G and APOBEC3F localize to mRNA processing bodies.,2006,selected_for_reading,"Full text has plausible host pathway or host-factor mechanism context for a primary virus, but evidence is not strongly assay-centered.",fulltext_review,readable,pmc_xml,/Users/xingmeng/.openclaw/workspaces/staff-scientist-ideker/agenticWorkflow_LiteratureScreeningAndFullTextReview/runs/host_pathogen_shared_mechanisms_apms_20260826/passes/pass_001/artifacts/fulltext_import/PMC_XML/normalized/PMC1458959.json,low
pmid-15287976,15287976,PMC507879,10.1186/gb-2004-5-8-r54,System-based proteomic analysis of the interferon response in human liver cells.,2004,selected_for_reading,"Full text contains useful host-pathogen assay or pathway evidence, but the primary-virus mechanism is less central than in direct papers.",fulltext_review,readable,pmc_xml,/Users/xingmeng/.openclaw/workspaces/staff-scientist-ideker/agenticWorkflow_LiteratureScreeningAndFullTextReview/runs/host_pathogen_shared_mechanisms_apms_20260826/passes/pass_001/artifacts/fulltext_import/PMC_XML/normalized/PMC507879.json,medium
pmid-15249592,15249592,PMC2212007,10.1084/jem.20032141,Role of natural killer cells in innate protection against lethal ebola virus infection.,2004,selected_for_reading,Full text links a primary virus to a host factor or host pathway mechanism.,fulltext_review,readable,pmc_xml,/Users/xingmeng/.openclaw/workspaces/staff-scientist-ideker/agenticWorkflow_LiteratureScreeningAndFullTextReview/runs/host_pathogen_shared_mechanisms_apms_20260826/passes/pass_001/artifacts/fulltext_import/PMC_XML/normalized/PMC2212007.json,medium
pmid-14737186,14737186,PMC314466,10.1371/journal.pbio.0020006,HIV-1 Nef binds the DOCK2-ELMO1 complex to activate rac and inhibit lymphocyte chemotaxis.,2004,selected_for_reading,"Full text centers a primary virus and provides assay-supported host interaction, host factor, or pathway mechanism evidence.",fulltext_review,readable,pmc_xml,/Users/xingmeng/.openclaw/workspaces/staff-scientist-ideker/agenticWorkflow_LiteratureScreeningAndFullTextReview/runs/host_pathogen_shared_mechanisms_apms_20260826/passes/pass_001/artifacts/fulltext_import/PMC_XML/normalized/PMC314466.json,high
pmid-11790885,11790885,PMC3851119,10.1155/2001/963023,A proteomic approach for the discovery of early detection markers of hepatocellular carcinoma.,2001,selected_for_reading,"Full text contains useful host-pathogen assay or pathway evidence, but the primary-virus mechanism is less central than in direct papers.",fulltext_review,readable,pmc_xml,/Users/xingmeng/.openclaw/workspaces/staff-scientist-ideker/agenticWorkflow_LiteratureScreeningAndFullTextReview/runs/host_pathogen_shared_mechanisms_apms_20260826/passes/pass_001/artifacts/fulltext_import/PMC_XML/normalized/PMC3851119.json,medium
pmid-9815269,9815269,PMC2212410,10.1084/jem.188.10.1917,"A new monoclonal antibody, mAb 4A12, identifies a role for the glycosaminoglycan (GAG) binding domain of RANTES in the antiviral effect against HIV-1 and intracellular Ca2+ signaling.",1998,selected_for_reading,"Full text centers a primary virus and provides assay-supported host interaction, host factor, or pathway mechanism evidence.",fulltext_review,readable,pmc_xml,/Users/xingmeng/.openclaw/workspaces/staff-scientist-ideker/agenticWorkflow_LiteratureScreeningAndFullTextReview/runs/host_pathogen_shared_mechanisms_apms_20260826/passes/pass_001/artifacts/fulltext_import/PMC_XML/normalized/PMC2212410.json,high
pmid-9024688,9024688,PMC2134302,10.1083/jcb.136.3.567,"A multistep, ATP-dependent pathway for assembly of human immunodeficiency virus capsids in a cell-free system.",1997,selected_for_reading,Full text links a primary virus to a host factor or host pathway mechanism.,fulltext_review,readable,pmc_xml,/Users/xingmeng/.openclaw/workspaces/staff-scientist-ideker/agenticWorkflow_LiteratureScreeningAndFullTextReview/runs/host_pathogen_shared_mechanisms_apms_20260826/passes/pass_001/artifacts/fulltext_import/PMC_XML/normalized/PMC2134302.json,medium
