paper_id,pmid,title,evidence_tier,evidence_type,directness,target_centrality,evidence_summary,supporting_text_locator,query_feedback_signal,review_confidence,retention_role
pmid-42653655,42653655,Thymoquinone Potentiates Docetaxel-Induced Antitumor Activity with the Involvement of ROS and PI3K/AKT Pathway Modulation in Triple-Negative Breast Cancer Cells.,exclude,off_scope_or_deferred_context,incidental,incidental,Full text does not provide enough primary objective evidence after applying run-specific exclusions.,matched exclusion/deferred terms: patient-derived;or combination;combinations;progression;cell-cycle;resistance,tighten_query,medium,exclude
pmid-42513228,42513228,"Breast Cancer: Epidemiology, Molecular Classification, Diagnostics and Evolving Treatment Paradigms.",direct,run_declared_mechanism,direct_target,central,Paper contains direct full-text evidence tied to the run objective and declared evidence class.,full text: matched pik3ca;intrinsic resistance;bypass signaling;resistance,none,high,direct_mechanistic
pmid-42505223,42505223,"Evolving First-Line Endocrine Therapy in HR+/HER2- Metastatic Breast Cancer: CDK4/6 Inhibition, Biomarker-Guided Strategies and Emerging Therapeutic Paradigms.",direct,run_declared_mechanism,direct_target,central,Paper contains direct full-text evidence tied to the run objective and declared evidence class.,full text: matched pik3ca;progression;resistance,none,high,direct_mechanistic
pmid-42500590,42500590,Research Advances in Drug Resistance Mechanisms to Anti-HER2 Therapy in HER2-Positive Breast Cancer.,direct,run_declared_mechanism,direct_target,central,Paper contains direct full-text evidence tied to the run objective and declared evidence class.,full text: matched pik3ca;drug resistance;resistance,none,high,direct_mechanistic
pmid-42494592,42494592,Clinical features and treatment challenges of HER2-positive primary breast squamous cell carcinoma: a case report and literature review.,exclude,off_scope_or_deferred_context,incidental,incidental,Full text does not provide enough primary objective evidence after applying run-specific exclusions.,matched exclusion/deferred terms: progression-free survival;treatment failure;bypass signaling;progression-free;progression;resistance,tighten_query,medium,exclude
pmid-42461627,42461627,Novel Immunotherapy Agents in Early-Phase Trials for Head and Neck Cancer.,exclude,off_scope_or_deferred_context,incidental,incidental,Full text does not provide enough primary objective evidence after applying run-specific exclusions.,matched exclusion/deferred terms: progression-free survival;clinical benefit;progression-free;progression;resistance;biomarker,tighten_query,medium,exclude
pmid-42449589,42449589,A Real-World Study on the Effectiveness and Safety of Elacestrant in Patients with ESR1-Mutated Metastatic Breast Cancer Progressing After CDK4/6 Inhibitors and Endocrine Therapy.,exclude,off_scope_or_deferred_context,incidental,incidental,Full text does not provide enough primary objective evidence after applying run-specific exclusions.,matched exclusion/deferred terms: progression-free survival;clinical benefit;progression-free;discontinuation;or combination;progression,tighten_query,medium,exclude
pmid-42445743,42445743,Precision Endocrine-Based Combinations After CDK4/6 Inhibitor Progression in HR-Positive Metastatic Breast Cancer.,exclude,off_scope_or_deferred_context,incidental,incidental,Full text does not provide enough primary objective evidence after applying run-specific exclusions.,matched exclusion/deferred terms: progression-free survival;biomarker-defined;clinical benefit;progression-free;discontinuation;or combination,tighten_query,medium,exclude
pmid-42396524,42396524,Alirocumab Plus Cemiplimab in Immunorefractory NSCLC: A Single Arm Phase 2 Study.,direct,run_declared_mechanism,direct_target,central,Paper contains direct full-text evidence tied to the run objective and declared evidence class.,full text: matched pik3ca;progression;response,none,high,direct_mechanistic
pmid-42391607,42391607,Molecular tumor board-guided osimertinib therapy in EGFR L858R/Q701L-mutant lung adenocarcinoma supported by functional validation.,direct,run_declared_mechanism,direct_target,central,Paper contains direct full-text evidence tied to the run objective and declared evidence class.,full text: matched pik3ca;bypass signaling;response,none,high,direct_mechanistic
pmid-42388639,42388639,Case Report: Neoadjuvant chemoimmunotherapy achieving pathological complete response in two cases of stage III EGFR-mutant NSCLC with high PD-L1 expression.,exclude,off_scope_or_deferred_context,incidental,incidental,Full text does not provide enough primary objective evidence after applying run-specific exclusions.,matched exclusion/deferred terms: discontinuation;combinations;progression;response;phase 2;phase 3,tighten_query,medium,exclude
pmid-42351448,42351448,"Post-CDK4/6 Inhibitor Therapeutic Approaches in Hormone Receptor-Positive, HER2-Negative Metastatic Breast Cancer: Current Evidence and Emerging Strategies-A Narrative Review.",direct,run_declared_mechanism,direct_target,central,Paper contains direct full-text evidence tied to the run objective and declared evidence class.,full text: matched pik3ca;progression;resistance,none,high,direct_mechanistic
pmid-42339469,42339469,Use of Next-Generation Sequencing for Highly Endocrine-Sensitive Metastatic Breast Cancer to Inform Late-Phase Treatments with Sustained Response: A Case Report.,exclude,off_scope_or_deferred_context,incidental,incidental,Full text does not provide enough primary objective evidence after applying run-specific exclusions.,matched exclusion/deferred terms: clinical benefit;combinations;progression;inavolisib;resistance;alpelisib,tighten_query,medium,exclude
pmid-42286162,42286162,"Identification of PI3K alpha inhibitors through large-scale virtual screening and integrated molecular modeling, biophysical characterization, and ADMET profiling.",direct,run_declared_mechanism,direct_target,central,Paper contains direct full-text evidence tied to the run objective and declared evidence class.,full text: matched alpelisib;acquired resistance;resistance,none,high,direct_mechanistic
pmid-42194764,42194764,Capivasertib as a Therapeutic Agent for Breast Cancer: Targeting AKT to Overcome Endocrine Resistance.,exclude,off_scope_or_deferred_context,incidental,incidental,Full text does not provide enough primary objective evidence after applying run-specific exclusions.,matched exclusion/deferred terms: progression-free survival;pathway reactivation;clinical benefit;progression-free;discontinuation;patient-derived,tighten_query,medium,exclude
pmid-42192452,42192452,CDK4/6 inhibitors rechallenge post-progression in HR-positive HER2-negative advanced/metastatic breast cancer patients: a meta-analysis of Kaplan-Meier-reconstructed individual-level data.,exclude,off_scope_or_deferred_context,incidental,incidental,Full text does not provide enough primary objective evidence after applying run-specific exclusions.,matched exclusion/deferred terms: progression-free survival;clinical benefit;progression-free;progression;resistance;alpelisib,tighten_query,medium,exclude
pmid-42180974,42180974,Identifying research gaps in PIK3CA-mutant breast cancer: a bibliometric analysis of evolving trends and clinical applications.,direct,run_declared_mechanism,direct_target,central,Paper contains direct full-text evidence tied to the run objective and declared evidence class.,full text: matched p110-alpha;alpelisib;pik3ca;drug resistance;progression;resistance;response,none,high,direct_mechanistic
pmid-42164355,42164355,Variant allele frequency as a potential marker in response to frontline systemic therapy for patients with locally advanced and metastatic urothelial carcinoma.,exclude,off_scope_or_deferred_context,incidental,incidental,Full text does not provide enough primary objective evidence after applying run-specific exclusions.,matched exclusion/deferred terms: progression-free survival;progression-free;progression;resistance;biomarker;response,tighten_query,medium,exclude
pmid-42152370,42152370,PIK3CA mutation detection by circulating tumor cell sequencing guides the effective PI3K inhibitor treatment of a patient with hormone receptor-positive breast cancer transformed into triple-negative breast cancer: A case report.,direct,run_declared_mechanism,direct_target,central,Paper contains direct full-text evidence tied to the run objective and declared evidence class.,full text: matched pik3ca;progression;response,none,high,direct_mechanistic
pmid-42151561,42151561,Clinico-molecular predictors of durable response to immune checkpoint inhibitors (ICI) in metastatic cervical cancer (mCC).,exclude,off_scope_or_deferred_context,incidental,incidental,Full text does not provide enough primary objective evidence after applying run-specific exclusions.,matched exclusion/deferred terms: progression-free survival;clinical benefit;progression-free;discontinuation;progression;biomarker,tighten_query,medium,exclude
pmid-42147347,42147347,Common oncogenic mutations in colorectal cancer: drivers of carcinogenesis and potential therapeutic targets.,direct,run_declared_mechanism,direct_target,central,Paper contains direct full-text evidence tied to the run objective and declared evidence class.,full text: matched pik3ca;drug resistance;progression;resistance,none,high,direct_mechanistic
pmid-42137335,42137335,Modulation of the PI3K/Akt signaling pathway by steroidal saponins: therapeutic implications in cancer.,direct,run_declared_mechanism,direct_target,central,Paper contains direct full-text evidence tied to the run objective and declared evidence class.,full text: matched alpelisib;compensatory signaling;pathway reactivation;resistance,none,high,direct_mechanistic
pmid-42122186,42122186,Genomic Predictors of Platinum Resistance and Survival in High-Grade Serous Ovarian Carcinoma: Insights from an Explorative Targeted Next-Generation Sequencing Analysis.,exclude,off_scope_or_deferred_context,incidental,incidental,Full text does not provide enough primary objective evidence after applying run-specific exclusions.,matched exclusion/deferred terms: treatment failure;progression;epigenetic;resistance;response;relapse,tighten_query,medium,exclude
pmid-42108204,42108204,Novel uveal melanoma patient-derived cell line and organoid models show increased treatment resistance compared with commercially available cell lines.,exclude,off_scope_or_deferred_context,incidental,incidental,Full text does not provide enough primary objective evidence after applying run-specific exclusions.,matched exclusion/deferred terms: patient-derived;resistance;alpelisib;response,tighten_query,medium,exclude
pmid-42082487,42082487,Targeting FGFR signaling overcomes therapeutic resistance and immune evasion in oncogenic PIK3CA-driven serous-like endometrial cancer.,exclude,off_scope_or_deferred_context,incidental,incidental,Full text does not provide enough primary objective evidence after applying run-specific exclusions.,matched exclusion/deferred terms: patient-derived;or combination;combinations;progression;inavolisib;resistance,tighten_query,medium,exclude
pmid-41999452,41999452,Beyond CDK4/6 Inhibition: Current Strategies in Hormone Receptor-Positive Metastatic Breast Cancer.,exclude,off_scope_or_deferred_context,incidental,incidental,Full text does not provide enough primary objective evidence after applying run-specific exclusions.,matched exclusion/deferred terms: progression-free survival;adaptive feedback;clinical benefit;progression-free;discontinuation;or combination,tighten_query,medium,exclude
pmid-41989051,41989051,"Economic Evaluation of Inavolisib Combined With Palbociclib-Fulvestrant for PIK3CA-Mutated, HR+/HER2- Advanced Breast Cancer in USA.",direct,run_declared_mechanism,direct_target,central,Paper contains direct full-text evidence tied to the run objective and declared evidence class.,full text: matched pik3ca;drug resistance;resistance,none,high,direct_mechanistic
pmid-41975188,41975188,Annexin A3 potentiates lenvatinib resistance in hepatocellular carcinoma through multiple approaches amplified by a positive feedback loop.,exclude,off_scope_or_deferred_context,incidental,incidental,Full text does not provide enough primary objective evidence after applying run-specific exclusions.,matched exclusion/deferred terms: patient-derived;or combination;progression;resistance;alpelisib;biomarker,tighten_query,medium,exclude
pmid-41934916,41934916,Synergistic effects through targeting the PI3K and IGFR pathways in treating lung cancer carrying activation alterations along the PI3K pathway.,exclude,off_scope_or_deferred_context,incidental,incidental,Full text does not provide enough primary objective evidence after applying run-specific exclusions.,matched exclusion/deferred terms: patient-derived;combinations;progression;resistance;alpelisib;response,tighten_query,medium,exclude
pmid-41925922,41925922,Alpelisib and Fulvestrant in PIK3CA-mutated hormone receptor-positive HER2-negative advanced breast cancer included in the German PRAEGNANT trial.,exclude,off_scope_or_deferred_context,incidental,incidental,Full text does not provide enough primary objective evidence after applying run-specific exclusions.,matched exclusion/deferred terms: progression-free survival;progression-free;discontinuation;progression;inavolisib;alpelisib,tighten_query,medium,exclude
pmid-41862468,41862468,Dalpiciclib plus chidamide in HR + /HER2-advanced breast cancer after CDK4/6 inhibitor failure: a phase Ib trial.,exclude,off_scope_or_deferred_context,incidental,incidental,Full text does not provide enough primary objective evidence after applying run-specific exclusions.,matched exclusion/deferred terms: progression-free survival;treatment failure;progression-free;patient-derived;or combination;combinations,tighten_query,medium,exclude
pmid-41832434,41832434,Persistent PI3K-AKT signaling fortifies cellular defense against oxidative stress and ferroptosis through augmented mitochondrial fitness.,exclude,off_scope_or_deferred_context,incidental,incidental,Full text does not provide enough primary objective evidence after applying run-specific exclusions.,matched exclusion/deferred terms: progression;resistance;metabolic;response;immune;pik3ca,tighten_query,medium,exclude
pmid-41806134,41806134,Advancements and innovations in the molecular mechanisms and treatment of colorectal cancer.,exclude,off_scope_or_deferred_context,incidental,incidental,Full text does not provide enough primary objective evidence after applying run-specific exclusions.,matched exclusion/deferred terms: or combination;progression;epigenetic;resistance;biomarker;metabolic,tighten_query,medium,exclude
pmid-41802242,41802242,VIKTORIA-1 Trial of Gedatolisib Plus Fulvestrant With or Without Palbociclib in Hormone Receptor-Positive/HER2-/PIK3CA Wild-Type Advanced Breast Cancer.,exclude,off_scope_or_deferred_context,incidental,incidental,Full text does not provide enough primary objective evidence after applying run-specific exclusions.,matched exclusion/deferred terms: progression-free survival;progression-free;discontinuation;combinations;progression;resistance,tighten_query,medium,exclude
pmid-41801973,41801973,Context-dependent dysregulation of store-operated calcium channels in head and neck squamous cell carcinoma.,exclude,off_scope_or_deferred_context,incidental,incidental,Full text does not provide enough primary objective evidence after applying run-specific exclusions.,matched exclusion/deferred terms: or combination;progression;resistance;metabolic;response;pik3ca,tighten_query,medium,exclude
pmid-41799769,41799769,Gene Mutations and Related Molecular Events in Distant Metastasis of Cervical Cancer: A Review.,exclude,off_scope_or_deferred_context,incidental,incidental,Full text does not provide enough primary objective evidence after applying run-specific exclusions.,matched exclusion/deferred terms: progression-free survival;bypass signaling;clinical benefit;progression-free;progression;epigenetic,tighten_query,medium,exclude
pmid-41794007,41794007,Molecular mechanisms and therapeutic targeting implications of ER/mTOR signaling axis-driven tumor progression in aggressive meningiomas.,exclude,off_scope_or_deferred_context,incidental,incidental,Full text does not provide enough primary objective evidence after applying run-specific exclusions.,matched exclusion/deferred terms: progression;resistance;response;pik3ca;mtor;pten,tighten_query,medium,exclude
pmid-41752918,41752918,Deciphering the Genomic Landscape of Oropharyngeal Squamous Cell Carcinoma: Distinct Mutation Patterns in Disease.,exclude,off_scope_or_deferred_context,incidental,incidental,Full text does not provide enough primary objective evidence after applying run-specific exclusions.,matched exclusion/deferred terms: or combination;progression;epigenetic;resistance;response;immune,tighten_query,medium,exclude
pmid-41681940,41681940,Comparison Between Alpelisib Plus Endocrine Therapy and Everolimus Plus Endocrine Therapy After CDK4/6 Inhibitors Progression in Patients with PIK3CA-Mutant Metastatic Breast Cancer: A Single-Center Retrospective Study.,exclude,off_scope_or_deferred_context,incidental,incidental,Full text does not provide enough primary objective evidence after applying run-specific exclusions.,matched exclusion/deferred terms: discontinuation;progression;inavolisib;resistance;alpelisib;response,tighten_query,medium,exclude
pmid-41669566,41669566,Proteomics and phosphoproteomics of human colorectal cancer cells lacking a specific kinase activity reveal kinase-specific compensatory responses.,exclude,off_scope_or_deferred_context,incidental,incidental,Full text does not provide enough primary objective evidence after applying run-specific exclusions.,matched exclusion/deferred terms: bypass signaling;patient-derived;progression;resistance;alpelisib;metabolic,tighten_query,medium,exclude
pmid-41620612,41620612,Sequential use of PI3K/AKT/mTOR pathway inhibitors alpelisib and everolimus in patients with hormone receptor-positive metastatic breast cancer.,exclude,off_scope_or_deferred_context,incidental,incidental,Full text does not provide enough primary objective evidence after applying run-specific exclusions.,matched exclusion/deferred terms: treatment failure;clinical benefit;progression-free;discontinuation;progression;inavolisib,tighten_query,medium,exclude
pmid-41604817,41604817,Clinical management of common toxicities with inhibitors targeting the PI3K/AKT/mTOR pathway in breast cancer.,exclude,off_scope_or_deferred_context,incidental,incidental,Full text does not provide enough primary objective evidence after applying run-specific exclusions.,matched exclusion/deferred terms: progression-free survival;progression-free;discontinuation;combinations;progression;inavolisib,tighten_query,medium,exclude
pmid-41587113,41587113,"Role of ctDNA in Predicting the Outcome of Patients with Hormone Receptor-Positive, HER2-Negative Advanced Breast Cancer Treated with First-line Ribociclib and Letrozole: BioItaLEE Trial.",exclude,off_scope_or_deferred_context,incidental,incidental,Full text does not provide enough primary objective evidence after applying run-specific exclusions.,matched exclusion/deferred terms: progression-free survival;clinical benefit;progression-free;progression;resistance;alpelisib,tighten_query,medium,exclude
pmid-41562186,41562186,Molecular Landscape of TP53/RB1 Co-Altered Tumors Uncovers Emerging Therapeutic Vulnerabilities.,exclude,off_scope_or_deferred_context,incidental,incidental,Full text does not provide enough primary objective evidence after applying run-specific exclusions.,matched exclusion/deferred terms: progression;epigenetic;resistance;response;immune;pik3ca,tighten_query,medium,exclude
pmid-41344057,41344057,The PI3K pathway is a downstream effector of NRF2 activation in the esophagus.,exclude,off_scope_or_deferred_context,incidental,incidental,Full text does not provide enough primary objective evidence after applying run-specific exclusions.,matched exclusion/deferred terms: patient-derived;progression;resistance;alpelisib;metabolic;response,tighten_query,medium,exclude
pmid-41324568,41324568,Addition of Ipatasertib to Dual Anti-HER2 Maintenance Therapy in HER2-Positive Metastatic Breast Tumors with PIK3CA Mutations: The Phase Ib SOLTI-1507 IPATHER Trial.,exclude,off_scope_or_deferred_context,incidental,incidental,Full text does not provide enough primary objective evidence after applying run-specific exclusions.,matched exclusion/deferred terms: progression-free survival;clinical benefit;progression-free;discontinuation;combinations;progression,tighten_query,medium,exclude
pmid-41503337,41503337,Unveiling Novel Genetic Mutations and Prognostic Indicators in Breast Carcinoma: An Analysis of The Cancer Genome Atlas (TCGA) Data.,exclude,off_scope_or_deferred_context,incidental,incidental,Full text does not provide enough primary objective evidence after applying run-specific exclusions.,matched exclusion/deferred terms: progression;epigenetic;resistance;metabolic;pik3ca;her2,tighten_query,medium,exclude
pmid-41465766,41465766,Computational Investigation Identifies mTOR as a Primary Binding Target of Medicarpin in Cholangiocarcinoma: Insights from Network Pharmacology and Molecular Docking.,exclude,off_scope_or_deferred_context,incidental,incidental,Full text does not provide enough primary objective evidence after applying run-specific exclusions.,matched exclusion/deferred terms: progression;cell-cycle;resistance;biomarker;metabolic;pik3ca,tighten_query,medium,exclude
pmid-41459869,41459869,Innovations in Oncology Diagnostics: Genetic Research and Liquid Biopsy as Tools of Personalised Medicine.,direct,run_declared_mechanism,direct_target,central,Paper contains direct full-text evidence tied to the run objective and declared evidence class.,full text: matched pik3ca;drug resistance;resistance;response,none,high,direct_mechanistic
pmid-41423595,41423595,"Imlunestrant, an oral selective estrogen receptor degrader, in combination with HER2 directed therapy, with or without abemaciclib, in ER-positive, HER2-positive advanced breast cancer: results from the phase 1a/1b EMBER study.",exclude,off_scope_or_deferred_context,incidental,incidental,Full text does not provide enough primary objective evidence after applying run-specific exclusions.,matched exclusion/deferred terms: progression-free survival;clinical benefit;progression-free;discontinuation;combinations;progression,tighten_query,medium,exclude
pmid-41399494,41399494,Organoid platinum-resistance model identifies KRT17 as a biomarker of targeted therapy in ovarian cancer.,exclude,off_scope_or_deferred_context,incidental,incidental,Full text does not provide enough primary objective evidence after applying run-specific exclusions.,matched exclusion/deferred terms: progression-free survival;progression-free;patient-derived;progression;resistance;alpelisib,tighten_query,medium,exclude
pmid-41373618,41373618,Targeted DNA Sequencing for Tailored Therapies in Children with Extracranial Solid Tumors.,exclude,off_scope_or_deferred_context,incidental,incidental,Full text does not provide enough primary objective evidence after applying run-specific exclusions.,matched exclusion/deferred terms: treatment failure;clinical benefit;discontinuation;combinations;progression;response,tighten_query,medium,exclude
pmid-41372771,41372771,Retrospective review of metastatic hormone receptor-positive inflammatory breast cancer patients reveals poor responses to cyclin dependent kinase 4/6 inhibition.,exclude,off_scope_or_deferred_context,incidental,incidental,Full text does not provide enough primary objective evidence after applying run-specific exclusions.,matched exclusion/deferred terms: progression-free survival;clinical benefit;progression-free;or combination;combinations;progression,tighten_query,medium,exclude
pmid-41372143,41372143,The PIK3CA/AKT pathway drives therapy resistance in rhabdomyosarcoma.,exclude,off_scope_or_deferred_context,incidental,incidental,Full text does not provide enough primary objective evidence after applying run-specific exclusions.,matched exclusion/deferred terms: resistant models;patient-derived;progression;epigenetic;resistance;alpelisib,tighten_query,medium,exclude
pmid-41367952,41367952,Genomics of ovarian cancers and the potential of precision medicine.,exclude,off_scope_or_deferred_context,incidental,incidental,Full text does not provide enough primary objective evidence after applying run-specific exclusions.,matched exclusion/deferred terms: progression-free survival;clinical benefit;progression-free;or combination;combinations;progression,tighten_query,medium,exclude
pmid-41367877,41367877,Caprine herpes virus-1 reduces cell viability and enhances chemosensitivity in breast cancer cells.,exclude,off_scope_or_deferred_context,incidental,incidental,Full text does not provide enough primary objective evidence after applying run-specific exclusions.,matched exclusion/deferred terms: progression-free survival;progression-free;combinations;progression;inavolisib;resistance,tighten_query,medium,exclude
pmid-41315778,41315778,PIK75 effectively reverses PI3K‒AKT activation caused by palbociclib resistance and synergistically inhibits the progression of esophageal squamous cell carcinoma.,direct,run_declared_mechanism,direct_target,central,Paper contains direct full-text evidence tied to the run objective and declared evidence class.,full text: matched pik3ca;drug resistance;resistance,none,high,direct_mechanistic
pmid-41294853,41294853,"Ferroptosis in Anaplastic Thyroid Cancer: Molecular Mechanisms, Preclinical Evidence, and Therapeutic Prospects.",exclude,off_scope_or_deferred_context,incidental,incidental,Full text does not provide enough primary objective evidence after applying run-specific exclusions.,matched exclusion/deferred terms: clinical benefit;patient-derived;or combination;combinations;progression;resistance,tighten_query,medium,exclude
pmid-41280894,41280894,Mechanistic optimization of inavolisib combined with CDK4/6 inhibitors in the treatment of PIK3CA-mutated breast tumors.,direct,run_declared_mechanism,direct_target,central,Paper contains direct full-text evidence tied to the run objective and declared evidence class.,full text: matched inavolisib;progression;resistance,none,high,direct_mechanistic
pmid-41258151,41258151,Network centric identification of PI3K/Akt hub proteins as key oncogenic drivers and therapeutic targets.,direct,run_declared_mechanism,direct_target,central,Paper contains direct full-text evidence tied to the run objective and declared evidence class.,full text: matched alpelisib;adaptive resistance;resistance,none,high,direct_mechanistic
pmid-41203797,41203797,"Co-clinical trial targeting ER, FGFR and CDK4/6 in resistant hormone-positive breast cancer with FGFR alterations.",exclude,off_scope_or_deferred_context,incidental,incidental,Full text does not provide enough primary objective evidence after applying run-specific exclusions.,matched exclusion/deferred terms: progression-free survival;biomarker-defined;progression-free;patient-derived;or combination;combinations,tighten_query,medium,exclude
pmid-41203598,41203598,The RNA N(6)-methyladenosine methylome coordinates long non-coding RNAs to mediate cancer drug resistance by activating PI3K signaling.,exclude,off_scope_or_deferred_context,incidental,incidental,Full text does not provide enough primary objective evidence after applying run-specific exclusions.,matched exclusion/deferred terms: patient-derived;progression;epigenetic;resistance;alpelisib;response,tighten_query,medium,exclude
pmid-41182553,41182553,"Unveiling the role of microRNAs, the PI3K/AKT pathway, and their associations in various types of leukemia: a comprehensive review.",exclude,off_scope_or_deferred_context,incidental,incidental,Full text does not provide enough primary objective evidence after applying run-specific exclusions.,matched exclusion/deferred terms: progression-free survival;progression-free;patient-derived;or combination;progression;epigenetic,tighten_query,medium,exclude
pmid-41162674,41162674,scGSDR: Harnessing gene semantics for single-cell pharmacological profiling.,exclude,off_scope_or_deferred_context,incidental,incidental,Full text does not provide enough primary objective evidence after applying run-specific exclusions.,matched exclusion/deferred terms: combination trials;treatment failure;or combination;epigenetic;resistance;response,tighten_query,medium,exclude
pmid-41152656,41152656,FLT3LG as an inflammatory hub bridging tumor immune surveillance to therapy response in breast cancer.,exclude,off_scope_or_deferred_context,incidental,incidental,Full text does not provide enough primary objective evidence after applying run-specific exclusions.,matched exclusion/deferred terms: combinations;progression;resistance;biomarker;response;immune,tighten_query,medium,exclude
pmid-41142476,41142476,SMARCA4-deficient dedifferentiated ovarian carcinoma with rapid progression during adjuvant platinum-based chemotherapy: a case report and implications for molecular-driven treatment strategies.,exclude,off_scope_or_deferred_context,incidental,incidental,Full text does not provide enough primary objective evidence after applying run-specific exclusions.,matched exclusion/deferred terms: progression;epigenetic;resistance;alpelisib;biomarker;response,tighten_query,medium,exclude
pmid-41128012,41128012,Molecular Characteristics and Treatment Implications of TP53 Gain-of-Function Mutations in Non-Small Cell Lung Cancer.,exclude,off_scope_or_deferred_context,incidental,incidental,Full text does not provide enough primary objective evidence after applying run-specific exclusions.,matched exclusion/deferred terms: progression;resistance;biomarker;response;immune;pik3ca,tighten_query,medium,exclude
pmid-41107466,41107466,Discovering anticancer drug target combinations via network-informed signaling-based approach.,exclude,off_scope_or_deferred_context,incidental,incidental,Full text does not provide enough primary objective evidence after applying run-specific exclusions.,matched exclusion/deferred terms: resistant models;patient-derived;or combination;combinations;progression;resistance,tighten_query,medium,exclude
pmid-41079023,41079023,Efficacy and safety of systemic therapies following progression on CDK4/6 inhibitors in patients with HR+/HER2- metastatic breast cancer: a systematic review and network meta-analysis.,direct,run_declared_mechanism,direct_target,central,Paper contains direct full-text evidence tied to the run objective and declared evidence class.,full text: matched inavolisib;alpelisib;progression;progression-free survival;progression-free,none,high,direct_mechanistic
pmid-41053651,41053651,Novel anticancer effect of substituted imidazole derivatives against urothelial carcinoma: integrating In vitro screening and molecular docking for target kinases.,exclude,off_scope_or_deferred_context,incidental,incidental,Full text does not provide enough primary objective evidence after applying run-specific exclusions.,matched exclusion/deferred terms: progression;cell-cycle;resistance;biomarker;response;immune,tighten_query,medium,exclude
pmid-41037898,41037898,"Cyclin-dependent kinase 4/6 inhibitors beyond progression in hormone receptor-positive, HER2-negative advanced breast cancer: a systematic review and meta-analysis (REIGNITE study).",direct,run_declared_mechanism,direct_target,central,Paper contains direct full-text evidence tied to the run objective and declared evidence class.,full text: matched pik3ca;progression;progression-free survival;progression-free,none,high,direct_mechanistic
pmid-41024108,41024108,Precise regulation of RAS-Mediated PI3Kα activation: therapeutic potential of BBO-10203 in cancer treatment.,exclude,off_scope_or_deferred_context,incidental,incidental,Full text does not provide enough primary objective evidence after applying run-specific exclusions.,matched exclusion/deferred terms: progression;resistance;metabolic;mtor;pi3k;akt,tighten_query,medium,exclude
pmid-41020523,41020523,AdaSemb: an adaptive knowledge-driven deep learning framework integrating cancer protein assemblies for predicting PI3Kα inhibitor response and resistance.,direct,run_declared_mechanism,direct_target,central,Paper contains direct full-text evidence tied to the run objective and declared evidence class.,full text: matched alpelisib;acquired resistance;progression;resistance,none,high,direct_mechanistic
pmid-40991650,40991650,USP10/GSK3β-mediated inhibition of PTEN drives resistance to PI3K inhibitors in breast cancer.,exclude,off_scope_or_deferred_context,incidental,incidental,Full text does not provide enough primary objective evidence after applying run-specific exclusions.,matched exclusion/deferred terms: clinical benefit;patient-derived;epigenetic;resistance;alpelisib;metabolic,tighten_query,medium,exclude
pmid-40930104,40930104,Detection of heterogeneous resistance mechanisms to tyrosine kinase inhibitors from cell-free DNA.,exclude,off_scope_or_deferred_context,incidental,incidental,Full text does not provide enough primary objective evidence after applying run-specific exclusions.,matched exclusion/deferred terms: clinical benefit;combinations;progression;epigenetic;resistance;response,tighten_query,medium,exclude
pmid-40909965,40909965,"Double trouble, managing bilateral inflammatory breast cancer: a case report.",exclude,off_scope_or_deferred_context,incidental,incidental,Full text does not provide enough primary objective evidence after applying run-specific exclusions.,matched exclusion/deferred terms: progression-free survival;clinical benefit;progression-free;discontinuation;progression;resistance,tighten_query,medium,exclude
pmid-40819062,40819062,Circulating genomic landscape following cyclin-dependent kinase 4/6 inhibitors exposure in HR + /HER2- metastatic breast cancer: a retrospective multi-institutional Consortium analysis.,exclude,off_scope_or_deferred_context,incidental,incidental,Full text does not provide enough primary objective evidence after applying run-specific exclusions.,matched exclusion/deferred terms: progression-free survival;progression-free;progression;cell-cycle;resistance;response,tighten_query,medium,exclude
pmid-40761208,40761208,Heterogeneity and co-occurrence of resistance mechanisms in EGFR-TKI-induced NSCLC to SCLC transformation: a case report.,exclude,off_scope_or_deferred_context,incidental,incidental,Full text does not provide enough primary objective evidence after applying run-specific exclusions.,matched exclusion/deferred terms: progression-free survival;treatment failure;clinical benefit;progression-free;progression;resistance,tighten_query,medium,exclude
pmid-40723270,40723270,Co-Occurring Genomic Alterations in NSCLC: Making Order into a Crowded List.,exclude,off_scope_or_deferred_context,incidental,incidental,Full text does not provide enough primary objective evidence after applying run-specific exclusions.,matched exclusion/deferred terms: progression-free survival;combination trials;bypass signaling;clinical benefit;progression-free;discontinuation,tighten_query,medium,exclude
pmid-40722937,40722937,Serine-Driven Metabolic Plasticity Drives Adaptive Resilience in Pancreatic Cancer Cells.,exclude,off_scope_or_deferred_context,incidental,incidental,Full text does not provide enough primary objective evidence after applying run-specific exclusions.,matched exclusion/deferred terms: treatment failure;progression;epigenetic;resistance;alpelisib;biomarker,tighten_query,medium,exclude
pmid-40714513,40714513,Circulating tumor DNA mutational landscape and dynamics after progression on a CDK4/6 inhibitor in the PACE phase II trial for metastatic HR-positive/HER2-negative breast cancer.,direct,run_declared_mechanism,direct_target,central,Paper contains direct full-text evidence tied to the run objective and declared evidence class.,full text: matched pik3ca;progression;resistance,none,high,direct_mechanistic
pmid-40705396,40705396,"Durvalumab versus Physician's Choice Chemotherapy in Recurrent Ovarian Clear Cell Adenocarcinoma (MOCCA/APGOT-OV2/GCGS-OV3): A Multicenter, Randomized, Phase 2 Trial.",direct,run_declared_mechanism,direct_target,central,Paper contains direct full-text evidence tied to the run objective and declared evidence class.,full text: matched pik3ca;progression;resistance,none,high,direct_mechanistic
pmid-40702584,40702584,Multiple ctDNA- based biomarkers predict benefit from selective RET Inhibition in non-small cell lung cancer patients: exploratory analysis of a prospective study.,exclude,off_scope_or_deferred_context,incidental,incidental,Full text does not provide enough primary objective evidence after applying run-specific exclusions.,matched exclusion/deferred terms: progression-free survival;progression-free;or combination;progression;resistance;response,tighten_query,medium,exclude
pmid-40686734,40686734,Treatment of Ovarian Clear Cell Carcinoma: A Case of Successful Management With Targeted Therapies.,direct,run_declared_mechanism,direct_target,central,Paper contains direct full-text evidence tied to the run objective and declared evidence class.,full text: matched alpelisib;progression;response,none,high,direct_mechanistic
pmid-40656600,40656600,Understanding and overcoming CDK4/6 inhibitor resistance in HR+/HER2- metastatic breast cancer: clinical and molecular perspectives.,direct,run_declared_mechanism,direct_target,central,Paper contains direct full-text evidence tied to the run objective and declared evidence class.,full text: matched pi3k-alpha;alpelisib;pik3ca;progression;resistance,none,high,direct_mechanistic
pmid-40652157,40652157,"Genomic landscape of hormone therapy-resistant HR-positive, HER2-negative breast cancer.",exclude,off_scope_or_deferred_context,incidental,incidental,Full text does not provide enough primary objective evidence after applying run-specific exclusions.,matched exclusion/deferred terms: progression;resistance;metabolic;relapse;pik3ca;ctdna,tighten_query,medium,exclude
pmid-40629431,40629431,Mutational landscape of pure ductal carcinoma in situ and associations with disease prognosis and response to radiotherapy.,direct,run_declared_mechanism,direct_target,central,Paper contains direct full-text evidence tied to the run objective and declared evidence class.,full text: matched pik3ca;progression;response,none,high,direct_mechanistic
pmid-40597137,40597137,Long-term efficacy and updated survival outcomes of sintilimab plus anlotinib in patients with PD-L1-positive recurrent or metastatic cervical cancer.,exclude,off_scope_or_deferred_context,incidental,incidental,Full text does not provide enough primary objective evidence after applying run-specific exclusions.,matched exclusion/deferred terms: progression-free survival;progression-free;progression;resistance;biomarker;response,tighten_query,medium,exclude
pmid-40575161,40575161,"Navigating beyond the surface - prognostic significance of KRAS, NRAS, BRAF, PIK3CA, and TP53 mutations examined by exons.",exclude,off_scope_or_deferred_context,incidental,incidental,Full text does not provide enough primary objective evidence after applying run-specific exclusions.,matched exclusion/deferred terms: progression-free survival;progression-free;progression;resistance;biomarker;response,tighten_query,medium,exclude
pmid-40547649,40547649,Evaluation of Bioactivity Effects of Paramignya trimera in the Treatment of Lung Cancer through In Silico Approaches.,exclude,off_scope_or_deferred_context,incidental,incidental,Full text does not provide enough primary objective evidence after applying run-specific exclusions.,matched exclusion/deferred terms: progression;resistance;metabolic;response;immune;pik3ca,tighten_query,medium,exclude
pmid-40536266,40536266,Prolonged response to PIK3CA inhibition in an advanced hormone-positive breast cancer patient with 3 mutations in the alpha subunit of PI-3 kinase.,exclude,off_scope_or_deferred_context,incidental,incidental,Full text does not provide enough primary objective evidence after applying run-specific exclusions.,matched exclusion/deferred terms: progression-free survival;progression-free;progression;alpelisib;response;pik3ca,tighten_query,medium,exclude
pmid-40512191,40512191,ctDNA Analysis in ERBB2-Amplified Colorectal Cancer: Biomarker Analysis of the MyPathway Trial.,exclude,off_scope_or_deferred_context,incidental,incidental,Full text does not provide enough primary objective evidence after applying run-specific exclusions.,matched exclusion/deferred terms: progression-free survival;progression-free;or combination;combinations;progression;resistance,tighten_query,medium,exclude
pmid-40481231,40481231,First report of successful pregnancies after treatment with alpelisib for PIK3CA-related overgrowth spectrum.,direct,run_declared_mechanism,direct_target,central,Paper contains direct full-text evidence tied to the run objective and declared evidence class.,full text: matched alpelisib;acquired resistance;resistance,none,high,direct_mechanistic
pmid-40463905,40463905,ARID1A deficiency attenuates the response to EGFR-TKI treatment in lung adenocarcinoma.,exclude,off_scope_or_deferred_context,incidental,incidental,Full text does not provide enough primary objective evidence after applying run-specific exclusions.,matched exclusion/deferred terms: progression-free survival;progression-free;progression;cell-cycle;resistance;biomarker,tighten_query,medium,exclude
pmid-40456875,40456875,MET exon 14 skipping mutations in non-small-cell lung cancer a 3 years screening experience.,exclude,off_scope_or_deferred_context,incidental,incidental,Full text does not provide enough primary objective evidence after applying run-specific exclusions.,matched exclusion/deferred terms: discontinuation;progression;response;relapse;immune;pik3ca,tighten_query,medium,exclude
pmid-40454641,40454641,Overall Survival with Inavolisib in PIK3CA-Mutated Advanced Breast Cancer.,direct,run_declared_mechanism,direct_target,central,Paper contains direct full-text evidence tied to the run objective and declared evidence class.,full text: matched inavolisib;progression;progression-free survival;progression-free,none,high,direct_mechanistic
pmid-40452844,40452844,RET fusion driven (RETfus+) non-small cell lung cancer: a comprehensive genomic profiling study with histologic correlation.,exclude,off_scope_or_deferred_context,incidental,incidental,Full text does not provide enough primary objective evidence after applying run-specific exclusions.,matched exclusion/deferred terms: resistance;response;immune;pik3ca;mapk;pi3k,tighten_query,medium,exclude
pmid-40369610,40369610,ESR1 testing on FFPE samples from metastatic lesions in HR + /HER2- breast cancer after progression on CDK4/6 inhibitor therapy.,direct,run_declared_mechanism,direct_target,central,Paper contains direct full-text evidence tied to the run objective and declared evidence class.,full text: matched pik3ca;progression;resistance,none,high,direct_mechanistic
pmid-40360478,40360478,DiffInvex identifies evolutionary shifts in driver gene repertoires during tumorigenesis and chemotherapy.,direct,run_declared_mechanism,direct_target,central,Paper contains direct full-text evidence tied to the run objective and declared evidence class.,full text: matched pik3ca;drug resistance;resistance,none,high,direct_mechanistic
pmid-40323930,40323930,High frequency of the PIK3CA H1047L mutation in Indonesian breast cancer across molecular subtypes.,exclude,off_scope_or_deferred_context,incidental,incidental,Full text does not provide enough primary objective evidence after applying run-specific exclusions.,matched exclusion/deferred terms: combinations;progression;resistance;alpelisib;biomarker;response,tighten_query,medium,exclude
pmid-40303291,40303291,The SGK3/GSK3β/β-catenin signaling promotes breast cancer stemness and confers resistance to alpelisib therapy.,direct,run_declared_mechanism,direct_target,central,Paper contains direct full-text evidence tied to the run objective and declared evidence class.,full text: matched alpelisib;pik3ca;drug resistance;resistance,none,high,direct_mechanistic
pmid-40301895,40301895,Molecular characteristics and responses to EGFR tyrosine kinase inhibitors in non-small cell lung cancer patients with EGFR exon 19 insertions.,exclude,off_scope_or_deferred_context,incidental,incidental,Full text does not provide enough primary objective evidence after applying run-specific exclusions.,matched exclusion/deferred terms: progression-free survival;progression-free;or combination;combinations;progression;resistance,tighten_query,medium,exclude
pmid-40277762,40277762,Neuroendocrine Breast Cancer-Associated Ectopic Adrenocorticotropic Hormone Syndrome Requiring Bilateral Adrenalectomy.,exclude,off_scope_or_deferred_context,incidental,incidental,Full text does not provide enough primary objective evidence after applying run-specific exclusions.,matched exclusion/deferred terms: progression;resistance;alpelisib;metabolic;response;immune,tighten_query,medium,exclude
pmid-40260297,40260297,Case Report: FGFR2 inhibitor resistance via PIK3CA and CDKN2A/B in an intrahepatic cholangiocarcinoma patient with FGFR2-SH3GLB1 fusion.,exclude,off_scope_or_deferred_context,incidental,incidental,Full text does not provide enough primary objective evidence after applying run-specific exclusions.,matched exclusion/deferred terms: discontinuation;patient-derived;or combination;combinations;progression;resistance,tighten_query,medium,exclude
pmid-40224173,40224173,TAS-102 in combination with bevacizumab for second-line treatment of metastatic colorectal cancer with a hypertensive elderly patient: a case report.,exclude,off_scope_or_deferred_context,incidental,incidental,Full text does not provide enough primary objective evidence after applying run-specific exclusions.,matched exclusion/deferred terms: progression-free survival;progression-free;progression;epigenetic;pik3ca,tighten_query,medium,exclude
pmid-40192953,40192953,Clinical Actionability of Molecular Targets in Multi-Ethnic Breast Cancer Patients: A Retrospective Single-Institutional Study.,exclude,off_scope_or_deferred_context,incidental,incidental,Full text does not provide enough primary objective evidence after applying run-specific exclusions.,matched exclusion/deferred terms: progression-free survival;progression-free;progression;epigenetic;alpelisib;biomarker,tighten_query,medium,exclude
pmid-40177613,40177613,Genomic Insights Into Early Relapsed Breast Cancer: Prognostic Challenges and Mutation Landscape.,exclude,off_scope_or_deferred_context,incidental,incidental,Full text does not provide enough primary objective evidence after applying run-specific exclusions.,matched exclusion/deferred terms: progression-free survival;progression-free;progression;resistance;alpelisib;response,tighten_query,medium,exclude
pmid-40113784,40113784,Targeting PI3K inhibitor resistance in breast cancer with metabolic drugs.,exclude,off_scope_or_deferred_context,incidental,incidental,Full text does not provide enough primary objective evidence after applying run-specific exclusions.,matched exclusion/deferred terms: progression-free survival;progression-free;discontinuation;progression;resistance;alpelisib,tighten_query,medium,exclude
pmid-40109859,40109859,Exploring the utility of a NGS multigene panel to predict BCG response in patients with non-muscle invasive bladder cancer.,exclude,off_scope_or_deferred_context,incidental,incidental,Full text does not provide enough primary objective evidence after applying run-specific exclusions.,matched exclusion/deferred terms: progression;resistance;response;immune;pik3ca;pi3k,tighten_query,medium,exclude
pmid-40009285,40009285,Genomic and micro-environmental insights into drug resistance in colorectal cancer liver metastases.,exclude,off_scope_or_deferred_context,incidental,incidental,Full text does not provide enough primary objective evidence after applying run-specific exclusions.,matched exclusion/deferred terms: progression;epigenetic;resistance;metabolic;response;immune,tighten_query,medium,exclude
pmid-39979449,39979449,PI3Kα-specific inhibitor BYL-719 synergizes with cisplatin in vitro in PIK3CA-mutated ovarian cancer cells.,exclude,off_scope_or_deferred_context,incidental,incidental,Full text does not provide enough primary objective evidence after applying run-specific exclusions.,matched exclusion/deferred terms: combinations;progression;cell-cycle;resistance;alpelisib;response,tighten_query,medium,exclude
pmid-39935426,39935426,Optimizing therapeutic approaches for HR+/HER2- advanced breast cancer: clinical perspectives on biomarkers and treatment strategies post-CDK4/6 inhibitor progression.,direct,run_declared_mechanism,direct_target,central,Paper contains direct full-text evidence tied to the run objective and declared evidence class.,full text: matched pik3ca;drug resistance;progression-free survival;progression-free;resistance,none,high,direct_mechanistic
pmid-39920872,39920872,CD36 inhibition enhances the anti-proliferative effects of PI3K inhibitors in PTEN-loss anti-HER2 resistant breast cancer cells.,exclude,off_scope_or_deferred_context,incidental,incidental,Full text does not provide enough primary objective evidence after applying run-specific exclusions.,matched exclusion/deferred terms: progression-free;progression;inavolisib;resistance;alpelisib;metabolic,tighten_query,medium,exclude
pmid-39913886,39913886,Phase II Study of Copanlisib in Patients With PTEN Loss: Results From NCI-MATCH ECOG-ACRIN Trial (EAY131) Subprotocols Z1G and Z1H.,exclude,off_scope_or_deferred_context,incidental,incidental,Full text does not provide enough primary objective evidence after applying run-specific exclusions.,matched exclusion/deferred terms: progression-free survival;clinical benefit;progression-free;discontinuation;progression;epigenetic,tighten_query,medium,exclude
pmid-39851969,39851969,Systematic Review and Network Meta-Analysis on Treating Hormone Receptor-Positive Metastatic Breast Cancer After CDK4/6 Inhibitors.,exclude,off_scope_or_deferred_context,incidental,incidental,Full text does not provide enough primary objective evidence after applying run-specific exclusions.,matched exclusion/deferred terms: progression-free survival;progression-free;progression;resistance;alpelisib;biomarker,tighten_query,medium,exclude
pmid-39805880,39805880,Exploring target selectivity in designing and identifying PI3Kα inhibitors for triple negative breast cancer with fragment-based and bioisosteric replacement approach.,exclude,off_scope_or_deferred_context,incidental,incidental,Full text does not provide enough primary objective evidence after applying run-specific exclusions.,matched exclusion/deferred terms: progression;inavolisib;resistance;alpelisib;biomarker;pik3ca,tighten_query,medium,exclude
pmid-39762482,39762482,Mechanisms of KRAS inhibitor resistance in KRAS-mutant colorectal cancer harboring Her2 amplification and aberrant KRAS localization.,direct,run_declared_mechanism,direct_target,central,Paper contains direct full-text evidence tied to the run objective and declared evidence class.,full text: matched pik3ca;intrinsic resistance;resistance,none,high,direct_mechanistic
pmid-39709507,39709507,PIK3CA mutation fortifies molecular determinants for immune signaling in vascular cancers.,direct,run_declared_mechanism,direct_target,central,Paper contains direct full-text evidence tied to the run objective and declared evidence class.,full text: matched alpelisib;pik3ca;feedback activation;resistance,none,high,direct_mechanistic
pmid-39693591,39693591,Abemaciclib Plus Fulvestrant in Advanced Breast Cancer After Progression on CDK4/6 Inhibition: Results From the Phase III postMONARCH Trial.,exclude,off_scope_or_deferred_context,incidental,incidental,Full text does not provide enough primary objective evidence after applying run-specific exclusions.,matched exclusion/deferred terms: progression-free survival;clinical benefit;progression-free;discontinuation;combinations;progression,tighten_query,medium,exclude
pmid-39652577,39652577,"Imlunestrant Is an Oral, Brain-Penetrant Selective Estrogen Receptor Degrader with Potent Antitumor Activity in ESR1 Wild-Type and Mutant Breast Cancer.",direct,run_declared_mechanism,direct_target,central,Paper contains direct full-text evidence tied to the run objective and declared evidence class.,full text: matched alpelisib;acquired resistance;resistance,none,high,direct_mechanistic
pmid-39092562,39092562,"Assessments of prostate cancer cell functions highlight differences between a pan-PI3K/mTOR inhibitor, gedatolisib, and single-node inhibitors of the PI3K/AKT/mTOR pathway.",exclude,off_scope_or_deferred_context,incidental,incidental,Full text does not provide enough primary objective evidence after applying run-specific exclusions.,matched exclusion/deferred terms: clinical benefit;progression;resistance;alpelisib;metabolic;response,tighten_query,medium,exclude
pmid-41306515,41306515,Anticancer Target Combinations: Network-Informed Signaling-Based Approach to Discovery.,exclude,off_scope_or_deferred_context,incidental,incidental,Full text does not provide enough primary objective evidence after applying run-specific exclusions.,matched exclusion/deferred terms: progression-free survival;progression-free;resistant models;patient-derived;or combination;combinations,tighten_query,medium,exclude
pmid-39796647,39796647,New Emerging Therapies Targeting PI3K/AKT/mTOR/PTEN Pathway in Hormonal Receptor-Positive and HER2-Negative Breast Cancer-Current State and Molecular Pathology Perspective.,exclude,off_scope_or_deferred_context,incidental,incidental,Full text does not provide enough primary objective evidence after applying run-specific exclusions.,matched exclusion/deferred terms: progression-free survival;progression-free;progression;epigenetic;inavolisib;resistance,tighten_query,medium,exclude
pmid-39796090,39796090,Dynamic Changes in Circulating Tumor DNA During Immunotherapy for Head and Neck Cancer: SHIZUKU-HN Study.,exclude,off_scope_or_deferred_context,incidental,incidental,Full text does not provide enough primary objective evidence after applying run-specific exclusions.,matched exclusion/deferred terms: progression;resistance;biomarker;metabolic;response;immune,tighten_query,medium,exclude
pmid-39768828,39768828,Successful Treatment of Abdominal Wall Advanced Endometriosis-Associated Clear Cell Carcinoma with AKT Pathway Inhibitor: Case Report.,exclude,off_scope_or_deferred_context,incidental,incidental,Full text does not provide enough primary objective evidence after applying run-specific exclusions.,matched exclusion/deferred terms: progression;alpelisib;response;pik3ca;mtor;pi3k,tighten_query,medium,exclude
pmid-39764125,39764125,The RNA N(6)-Methyladenosine MethylomeCoordinates Long Non-Coding RNAs to MediateCancer Drug Resistance by Activating PI3KSignaling.,exclude,off_scope_or_deferred_context,incidental,incidental,Full text does not provide enough primary objective evidence after applying run-specific exclusions.,matched exclusion/deferred terms: patient-derived;progression;epigenetic;resistance;alpelisib;response,tighten_query,medium,exclude
pmid-39743996,39743996,A good response to furmonertinib fourth-line treatment of an advanced lung adenocarcinoma patient with EGFR exon20in and PIK3CA mutation: a case report and literature review.,exclude,off_scope_or_deferred_context,incidental,incidental,Full text does not provide enough primary objective evidence after applying run-specific exclusions.,matched exclusion/deferred terms: progression-free survival;clinical benefit;progression-free;discontinuation;progression;resistance,tighten_query,medium,exclude
pmid-39695129,39695129,Oleanolic acid combined with aspirin plays antitumor roles in colorectal cancer via the Akt/NFκB/IκBα/COX2 pathway.,exclude,off_scope_or_deferred_context,incidental,incidental,Full text does not provide enough primary objective evidence after applying run-specific exclusions.,matched exclusion/deferred terms: combinations;progression;resistance;biomarker;response;pik3ca,tighten_query,medium,exclude
pmid-39555098,39555098,The role of PIK3CA gene mutations in colorectal cancer and the selection of treatment strategies.,direct,run_declared_mechanism,direct_target,central,Paper contains direct full-text evidence tied to the run objective and declared evidence class.,full text: matched pik3ca;drug resistance;resistance,none,high,direct_mechanistic
pmid-39543535,39543535,Molecular profiling reveals novel therapeutic targets and clonal evolution in ovarian clear cell carcinoma.,exclude,off_scope_or_deferred_context,incidental,incidental,Full text does not provide enough primary objective evidence after applying run-specific exclusions.,matched exclusion/deferred terms: progression;alpelisib;response;immune;pik3ca;pi3k,tighten_query,medium,exclude
pmid-39497720,39497720,The potential role of next-generation sequencing in identifying MET amplification and disclosing resistance mechanisms in NSCLC patients with osimertinib resistance.,exclude,off_scope_or_deferred_context,incidental,incidental,Full text does not provide enough primary objective evidence after applying run-specific exclusions.,matched exclusion/deferred terms: bypass signaling;progression;resistance;biomarker;response;pik3ca,tighten_query,medium,exclude
pmid-39497713,39497713,Comprehensive liquid biopsy analysis for monitoring NSCLC patients under second-line osimertinib treatment.,exclude,off_scope_or_deferred_context,incidental,incidental,Full text does not provide enough primary objective evidence after applying run-specific exclusions.,matched exclusion/deferred terms: clinical benefit;progression;epigenetic;resistance;response;relapse,tighten_query,medium,exclude
pmid-39469631,39469631,Effects of BYL-719 (alpelisib) on human breast cancer stem cells to overcome drug resistance in human breast cancer.,direct,run_declared_mechanism,direct_target,central,Paper contains direct full-text evidence tied to the run objective and declared evidence class.,title: matched alpelisib;drug resistance;resistance,none,high,direct_mechanistic
pmid-39457497,39457497,"A Novel AKT1, ERBB2, ESR1, KRAS, PIK3CA, and TP53 NGS Assay: A Non-Invasive Tool to Monitor Resistance Mechanisms to Hormonal Therapy and CDK4/6 Inhibitors.",exclude,off_scope_or_deferred_context,incidental,incidental,Full text does not provide enough primary objective evidence after applying run-specific exclusions.,matched exclusion/deferred terms: progression-free survival;progression-free;progression;resistance;response;relapse,tighten_query,medium,exclude
pmid-39456616,39456616,"Functional Assessments of Gynecologic Cancer Models Highlight Differences Between Single-Node Inhibitors of the PI3K/AKT/mTOR Pathway and a Pan-PI3K/mTOR Inhibitor, Gedatolisib.",exclude,off_scope_or_deferred_context,incidental,incidental,Full text does not provide enough primary objective evidence after applying run-specific exclusions.,matched exclusion/deferred terms: clinical benefit;discontinuation;combinations;progression;epigenetic;inavolisib,tighten_query,medium,exclude
pmid-39452555,39452555,Personalized Treatment Strategies via Integration of Gene Expression Biomarkers in Molecular Profiling of Laryngeal Cancer.,exclude,off_scope_or_deferred_context,incidental,incidental,Full text does not provide enough primary objective evidence after applying run-specific exclusions.,matched exclusion/deferred terms: combinations;progression;epigenetic;resistance;biomarker;response,tighten_query,medium,exclude
pmid-39409880,39409880,PLK1 Inhibitor Onvansertib Enhances the Efficacy of Alpelisib in PIK3CA-Mutated HR-Positive Breast Cancer Resistant to Palbociclib and Endocrine Therapy: Preclinical Insights.,direct,run_declared_mechanism,direct_target,central,Paper contains direct full-text evidence tied to the run objective and declared evidence class.,full text: matched pik3ca;acquired resistance;resistance,none,high,direct_mechanistic
pmid-39386783,39386783,Development and validation of a multi-marker liquid bead array assay for the simultaneous detection of PIK3CA and ESR1 hotspot mutations in single circulating tumor cells (CTCs).,direct,run_declared_mechanism,direct_target,central,Paper contains direct full-text evidence tied to the run objective and declared evidence class.,full text: matched pik3ca;progression;resistance,none,high,direct_mechanistic
pmid-39376013,39376013,Alpelisib and Immunotherapy: A Promising Combination for Recurrent and Metastatic Squamous Cell Carcinoma of the Head and Neck.,exclude,off_scope_or_deferred_context,incidental,incidental,Full text does not provide enough primary objective evidence after applying run-specific exclusions.,matched exclusion/deferred terms: discontinuation;combinations;progression;resistance;alpelisib;biomarker,tighten_query,medium,exclude
pmid-39363320,39363320,Deciphering resistance mechanisms in cancer: final report of MATCH-R study with a focus on molecular drivers and PDX development.,exclude,off_scope_or_deferred_context,incidental,incidental,Full text does not provide enough primary objective evidence after applying run-specific exclusions.,matched exclusion/deferred terms: treatment failure;clinical benefit;resistant models;patient-derived;or combination;combinations,tighten_query,medium,exclude
pmid-39298693,39298693,Phase II Study of Samotolisib in Children and Young Adults With Tumors Harboring Phosphoinositide 3-Kinase/Mammalian Target of Rapamycin Pathway Alterations: Pediatric MATCH APEC1621D.,exclude,off_scope_or_deferred_context,incidental,incidental,Full text does not provide enough primary objective evidence after applying run-specific exclusions.,matched exclusion/deferred terms: progression;resistance;biomarker;response;phase 2;relapse,tighten_query,medium,exclude
pmid-39290454,39290454,Prognostic implications of HIF-1α expression in anal squamous cell carcinoma treated with intensity-modulated radiotherapy (IMRT).,exclude,off_scope_or_deferred_context,incidental,incidental,Full text does not provide enough primary objective evidence after applying run-specific exclusions.,matched exclusion/deferred terms: progression;resistance;biomarker;metabolic;relapse;immune,tighten_query,medium,exclude
pmid-39269823,39269823,Circulating tumor DNA (ctDNA) as a biomarker of response to therapy in advanced Hepatocellular carcinoma treated with Nivolumab.,exclude,off_scope_or_deferred_context,incidental,incidental,Full text does not provide enough primary objective evidence after applying run-specific exclusions.,matched exclusion/deferred terms: progression-free survival;progression-free;progression;biomarker;response;immune,tighten_query,medium,exclude
pmid-39236276,39236276,"Phase I/Ib Trial of Inavolisib Plus Palbociclib and Endocrine Therapy for PIK3CA-Mutated, Hormone Receptor-Positive, Human Epidermal Growth Factor Receptor 2-Negative Advanced or Metastatic Breast Cancer.",exclude,off_scope_or_deferred_context,incidental,incidental,Full text does not provide enough primary objective evidence after applying run-specific exclusions.,matched exclusion/deferred terms: progression-free survival;clinical benefit;progression-free;discontinuation;combinations;progression,tighten_query,medium,exclude
pmid-39118880,39118880,Intracranial response to capmatinib after progression on crizotinib in a patient with MET exon 14 skipping non-small cell lung cancer-a case report.,direct,run_declared_mechanism,direct_target,central,Paper contains direct full-text evidence tied to the run objective and declared evidence class.,full text: matched pik3ca;acquired resistance;resistance,none,high,direct_mechanistic
pmid-39020533,39020533,"NGS mutational status on first diagnostic tissue, liquid biopsy and mastectomy in G2-G3 breast cancer.",direct,run_declared_mechanism,direct_target,central,Paper contains direct full-text evidence tied to the run objective and declared evidence class.,full text: matched pik3ca;drug resistance;progression;resistance,none,high,direct_mechanistic
pmid-38975874,38975874,Mechanisms of Resistance to Oncogenic KRAS Inhibition in Pancreatic Cancer.,direct,run_declared_mechanism,direct_target,central,Paper contains direct full-text evidence tied to the run objective and declared evidence class.,full text: matched pik3ca;acquired resistance;resistance,none,high,direct_mechanistic
pmid-38927964,38927964,Resistance to Targeted Inhibitors of the PI3K/AKT/mTOR Pathway in Advanced Oestrogen-Receptor-Positive Breast Cancer.,direct,run_declared_mechanism,direct_target,central,Paper contains direct full-text evidence tied to the run objective and declared evidence class.,full text: matched alpelisib;pik3ca;acquired resistance;resistance,none,high,direct_mechanistic
pmid-38920692,38920692,Combination Therapy Approach to Overcome the Resistance to PI3K Pathway Inhibitors in Gynecological Cancers.,direct,run_declared_mechanism,direct_target,central,Paper contains direct full-text evidence tied to the run objective and declared evidence class.,full text: matched pik3ca;acquired resistance;resistance,none,high,direct_mechanistic
pmid-38912058,38912058,Tailoring advanced breast cancer treatment after cyclin-dependent kinase 4/6 inhibitors progression - real-world data analysis.,exclude,off_scope_or_deferred_context,incidental,incidental,Full text does not provide enough primary objective evidence after applying run-specific exclusions.,matched exclusion/deferred terms: progression-free survival;clinical benefit;progression-free;discontinuation;patient-derived;progression,tighten_query,medium,exclude
pmid-38873617,38873617,Prevalence and effect of PIK3CA H1047R somatic mutation among Indian head and neck cancer patients.,exclude,off_scope_or_deferred_context,incidental,incidental,Full text does not provide enough primary objective evidence after applying run-specific exclusions.,matched exclusion/deferred terms: progression-free survival;progression-free;progression;response;pik3ca;pi3k,tighten_query,medium,exclude
pmid-38839777,38839777,Gedatolisib shows superior potency and efficacy versus single-node PI3K/AKT/mTOR inhibitors in breast cancer models.,exclude,off_scope_or_deferred_context,incidental,incidental,Full text does not provide enough primary objective evidence after applying run-specific exclusions.,matched exclusion/deferred terms: progression;epigenetic;resistance;alpelisib;biomarker;metabolic,tighten_query,medium,exclude
pmid-38833970,38833970,Phase Ib dose-escalation trial of taselisib (GDC-0032) in combination with HER2-directed therapies in patients with advanced HER2+ breast cancer.,exclude,off_scope_or_deferred_context,incidental,incidental,Full text does not provide enough primary objective evidence after applying run-specific exclusions.,matched exclusion/deferred terms: progression-free survival;clinical benefit;progression-free;discontinuation;progression;inavolisib,tighten_query,medium,exclude
pmid-38812774,38812774,Molecular profiling of metastatic breast cancer and target-based therapeutic matching in an Asian tertiary phase I oncology unit.,exclude,off_scope_or_deferred_context,incidental,incidental,Full text does not provide enough primary objective evidence after applying run-specific exclusions.,matched exclusion/deferred terms: progression-free survival;clinical benefit;progression-free;progression;alpelisib;biomarker,tighten_query,medium,exclude
pmid-38778166,38778166,Osimertinib and palbociclib in an EGFR-mutated NSCLC with primary CDK4 amplification after progression under osimertinib.,exclude,off_scope_or_deferred_context,incidental,incidental,Full text does not provide enough primary objective evidence after applying run-specific exclusions.,matched exclusion/deferred terms: progression;resistance;biomarker;response;pik3ca;esr1,tighten_query,medium,exclude
pmid-38741375,38741375,Long-term survival outcomes and immune checkpoint inhibitor retreatment in patients with advanced cervical cancer treated with camrelizumab plus apatinib in the phase II CLAP study.,direct,run_declared_mechanism,direct_target,central,Paper contains direct full-text evidence tied to the run objective and declared evidence class.,full text: matched pik3ca;progression;response,none,high,direct_mechanistic
pmid-38722288,38722288,The combination of breast cancer PDO and mini-PDX platform for drug screening and individualized treatment.,exclude,off_scope_or_deferred_context,incidental,incidental,Full text does not provide enough primary objective evidence after applying run-specific exclusions.,matched exclusion/deferred terms: treatment failure;combinations;progression;resistance;alpelisib;response,tighten_query,medium,exclude
pmid-38612799,38612799,Mobocertinib in Patients with EGFR Exon 20 Insertion-Positive Non-Small Cell Lung Cancer (MOON): An International Real-World Safety and Efficacy Analysis.,exclude,off_scope_or_deferred_context,incidental,incidental,Full text does not provide enough primary objective evidence after applying run-specific exclusions.,matched exclusion/deferred terms: progression-free survival;clinical benefit;progression-free;discontinuation;progression;resistance,tighten_query,medium,exclude
pmid-38532756,38532756,Metastatic progression of breast cancer along with decreased mitochondrial cell death priming of breast cancer cells: a case report.,exclude,off_scope_or_deferred_context,incidental,incidental,Full text does not provide enough primary objective evidence after applying run-specific exclusions.,matched exclusion/deferred terms: progression;resistance;response;pik3ca;ctdna;her2,tighten_query,medium,exclude
pmid-38413796,38413796,Fulvestrant and everolimus efficacy after CDK4/6 inhibitor: a prospective study with circulating tumor DNA analysis.,exclude,off_scope_or_deferred_context,incidental,incidental,Full text does not provide enough primary objective evidence after applying run-specific exclusions.,matched exclusion/deferred terms: progression-free survival;progression-free;discontinuation;progression;alpelisib;biomarker,tighten_query,medium,exclude
pmid-38399423,38399423,"Structure-Based In Silico Approaches Reveal IRESSA as a Multitargeted Breast Cancer Regulatory, Signalling, and Receptor Protein Inhibitor.",exclude,off_scope_or_deferred_context,incidental,incidental,Full text does not provide enough primary objective evidence after applying run-specific exclusions.,matched exclusion/deferred terms: patient-derived;progression;resistance;her2,tighten_query,medium,exclude
pmid-38310289,38310289,Integrating cfDNA liquid biopsy and organoid-based drug screening reveals PI3K signaling as a promising therapeutic target in colorectal cancer.,exclude,off_scope_or_deferred_context,incidental,incidental,Full text does not provide enough primary objective evidence after applying run-specific exclusions.,matched exclusion/deferred terms: patient-derived;progression;resistance;alpelisib;biomarker;response,tighten_query,medium,exclude
pmid-38257640,38257640,ACEK Biosensor for the Minute-Scale Quantification of Breast Cancer ctDNA.,exclude,off_scope_or_deferred_context,incidental,incidental,Full text does not provide enough primary objective evidence after applying run-specific exclusions.,matched exclusion/deferred terms: resistance;response;pik3ca;ctdna,tighten_query,medium,exclude
pmid-38238761,38238761,c-MET-positive circulating tumor cells and cell-free DNA as independent prognostic factors in hormone receptor-positive/HER2-negative metastatic breast cancer.,exclude,off_scope_or_deferred_context,incidental,incidental,Full text does not provide enough primary objective evidence after applying run-specific exclusions.,matched exclusion/deferred terms: progression-free survival;progression-free;progression;epigenetic;resistance;biomarker,tighten_query,medium,exclude
pmid-38183801,38183801,Vaccine antibodies against a synthetic epidermal growth factor variant enhance the antitumor effects of inhibitors targeting the MAPK/ERK and PI3K/Akt pathways.,exclude,off_scope_or_deferred_context,incidental,incidental,Full text does not provide enough primary objective evidence after applying run-specific exclusions.,matched exclusion/deferred terms: progression-free survival;combination trials;progression-free;discontinuation;or combination;combinations,tighten_query,medium,exclude
pmid-37916958,37916958,Allosteric PI3Kα Inhibition Overcomes On-target Resistance to Orthosteric Inhibitors Mediated by Secondary PIK3CA Mutations.,direct,run_declared_mechanism,direct_target,central,Paper contains direct full-text evidence tied to the run objective and declared evidence class.,full text: matched inavolisib;alpelisib;pik3ca;acquired resistance;resistance,none,high,direct_mechanistic
pmid-38796763,38796763,[Toxic manifestations of alpelisib in endocrinology. Description of the clinical case].,exclude,off_scope_or_deferred_context,incidental,incidental,Full text does not provide enough primary objective evidence after applying run-specific exclusions.,matched exclusion/deferred terms: alpelisib;immune;pik3ca;pi3k;pten;akt,tighten_query,medium,exclude
pmid-38751483,38751483,Efficacy and safety of abemaciclib-based therapy versus tucidinostat-based therapy after progression on palbociclib in patients with HR(+)HER2(-) metastatic breast cancer.,direct,run_declared_mechanism,direct_target,central,Paper contains direct full-text evidence tied to the run objective and declared evidence class.,full text: matched pik3ca;progression;progression-free survival;progression-free,none,high,direct_mechanistic
pmid-38406172,38406172,Molecular screening with liquid biopsy for anti-EGFR retreatment in metastatic colorectal cancer: preliminary data from the randomized phase 2 PARERE trial.,exclude,off_scope_or_deferred_context,incidental,incidental,Full text does not provide enough primary objective evidence after applying run-specific exclusions.,matched exclusion/deferred terms: progression-free survival;progression-free;progression;resistance;response;phase 2,tighten_query,medium,exclude
pmid-38037140,38037140,"Clinical features, genomic profiling, and outcomes of adult patients with unifocal Langerhans cell histiocytosis.",exclude,off_scope_or_deferred_context,incidental,incidental,Full text does not provide enough primary objective evidence after applying run-specific exclusions.,matched exclusion/deferred terms: progression-free survival;progression-free;progression;response;pik3ca,tighten_query,medium,exclude
pmid-38033496,38033496,"The activity of a PI3K δ-sparing inhibitor, MEN1611, in non-small cell lung cancer cells with constitutive activation of the PI3K/AKT/mTOR pathway.",exclude,off_scope_or_deferred_context,incidental,incidental,Full text does not provide enough primary objective evidence after applying run-specific exclusions.,matched exclusion/deferred terms: progression;resistance;response;relapse;pik3ca;her2,tighten_query,medium,exclude
pmid-38023131,38023131,Outcomes of fertility preservation treatments in patients with endometrial cancer with different molecular classifications based on an NGS panel.,direct,run_declared_mechanism,direct_target,central,Paper contains direct full-text evidence tied to the run objective and declared evidence class.,full text: matched pik3ca;progression;resistance,none,high,direct_mechanistic
pmid-37973901,37973901,Predictive biomarkers of response and survival following immunotherapy with a PD-L1 inhibitor benmelstobart (TQB2450) and antiangiogenic therapy with a VEGFR inhibitor anlotinib for pretreated advanced triple negative breast cancer.,exclude,off_scope_or_deferred_context,incidental,incidental,Full text does not provide enough primary objective evidence after applying run-specific exclusions.,matched exclusion/deferred terms: progression-free survival;progression-free;or combination;progression;resistance;biomarker,tighten_query,medium,exclude
pmid-37972068,37972068,SOS1 and KSR1 modulate MEK inhibitor responsiveness to target resistant cell populations based on PI3K and KRAS mutation status.,direct,run_declared_mechanism,direct_target,central,Paper contains direct full-text evidence tied to the run objective and declared evidence class.,full text: matched pik3ca;adaptive resistance;resistance,none,high,direct_mechanistic
pmid-37866161,37866161,The SGK3-Catalase antioxidant signaling axis drives cervical cancer growth and therapy resistance.,direct,run_declared_mechanism,direct_target,central,Paper contains direct full-text evidence tied to the run objective and declared evidence class.,full text: matched pik3ca;drug resistance;resistance;response,none,high,direct_mechanistic
pmid-37725704,37725704,The Next-Generation Oral Selective Estrogen Receptor Degrader Camizestrant (AZD9833) Suppresses ER+ Breast Cancer Growth and Overcomes Endocrine and CDK4/6 Inhibitor Resistance.,exclude,off_scope_or_deferred_context,incidental,incidental,Full text does not provide enough primary objective evidence after applying run-specific exclusions.,matched exclusion/deferred terms: progression-free survival;clinical benefit;progression-free;resistant models;patient-derived;or combination,tighten_query,medium,exclude
pmid-37643132,37643132,Assessing the Genomic Landscape of Cervical Cancers: Clinical Opportunities and Therapeutic Targets.,exclude,off_scope_or_deferred_context,incidental,incidental,Full text does not provide enough primary objective evidence after applying run-specific exclusions.,matched exclusion/deferred terms: progression-free survival;clinical benefit;progression-free;progression;biomarker;response,tighten_query,medium,exclude
pmid-37634629,37634629,Monitoring the Outcomes of Systemic Chemotherapy Including Immune Checkpoint Inhibitor for HER2-Positive Metastatic Gastric Cancer by Liquid Biopsy.,exclude,off_scope_or_deferred_context,incidental,incidental,Full text does not provide enough primary objective evidence after applying run-specific exclusions.,matched exclusion/deferred terms: progression-free survival;progression-free;progression;resistance;biomarker;response,tighten_query,medium,exclude
pmid-37628682,37628682,A Rare Pathological Phenotype of Endometrioid Serous and Clear-Cell Ovarian Cancer with PIK3CA Mutations in Relation to The Excellent Response of Alpelisib.,exclude,off_scope_or_deferred_context,incidental,incidental,Full text does not provide enough primary objective evidence after applying run-specific exclusions.,matched exclusion/deferred terms: progression-free survival;progression-free;progression;resistance;alpelisib;response,tighten_query,medium,exclude
pmid-37597578,37597578,"Neratinib + fulvestrant + trastuzumab for HR-positive, HER2-negative, HER2-mutant metastatic breast cancer: outcomes and biomarker analysis from the SUMMIT trial.",direct,run_declared_mechanism,direct_target,central,Paper contains direct full-text evidence tied to the run objective and declared evidence class.,full text: matched pik3ca;acquired resistance;progression;resistance,none,high,direct_mechanistic
pmid-37580773,37580773,Potential value of ctDNA monitoring in metastatic HR + /HER2 - breast cancer: longitudinal ctDNA analysis in the phase Ib MONALEESASIA trial.,exclude,off_scope_or_deferred_context,incidental,incidental,Full text does not provide enough primary objective evidence after applying run-specific exclusions.,matched exclusion/deferred terms: progression-free survival;clinical benefit;progression-free;combinations;progression;resistance,tighten_query,medium,exclude
pmid-37511178,37511178,Real-World Use of Highly Sensitive Liquid Biopsy Monitoring in Metastatic Breast Cancer Patients Treated with Endocrine Agents after Exposure to Aromatase Inhibitors.,direct,run_declared_mechanism,direct_target,central,Paper contains direct full-text evidence tied to the run objective and declared evidence class.,full text: matched pik3ca;acquired resistance;progression;resistance,none,high,direct_mechanistic
pmid-37501598,37501598,Inetetamab in combination with rapamycin and chemotherapy for trastuzumab-treated metastatic human epidermal growth factor receptor 2-positive breast cancer with abnormal activation of PI3K/Akt/mTOR pathway.,direct,run_declared_mechanism,direct_target,central,Paper contains direct full-text evidence tied to the run objective and declared evidence class.,full text: matched pik3ca;progression;resistance,none,high,direct_mechanistic
pmid-37493631,37493631,CBF-Beta Mitigates PI3K-Alpha-Specific Inhibitor Killing through PIM1 in PIK3CA-Mutant Gastric Cancer.,direct,run_declared_mechanism,direct_target,central,Paper contains direct full-text evidence tied to the run objective and declared evidence class.,full text: matched pik3ca;drug resistance;resistance,none,high,direct_mechanistic
pmid-37469415,37469415,The effect of the alpha-specific PI3K inhibitor alpelisib combined with anti-HER2 therapy in HER2+/PIK3CA mutant breast cancer.,direct,run_declared_mechanism,direct_target,central,Paper contains direct full-text evidence tied to the run objective and declared evidence class.,full text: matched alpelisib;pik3ca;acquired resistance;resistance,none,high,direct_mechanistic
pmid-37443159,37443159,Liver lipophagy ameliorates nonalcoholic steatohepatitis through extracellular lipid secretion.,exclude,off_scope_or_deferred_context,incidental,incidental,Full text does not provide enough primary objective evidence after applying run-specific exclusions.,matched exclusion/deferred terms: progression;resistance;alpelisib;response;mtor;pi3k,tighten_query,medium,exclude
pmid-37418832,37418832,"A phase 2 study of dasatinib in recurrent clear cell carcinoma of the ovary, fallopian tube, peritoneum or endometrium: NRG oncology/gynecologic oncology group study 0283.",exclude,off_scope_or_deferred_context,incidental,incidental,Full text does not provide enough primary objective evidence after applying run-specific exclusions.,matched exclusion/deferred terms: biomarker-defined;treatment failure;discontinuation;patient-derived;progression;epigenetic,tighten_query,medium,exclude
pmid-37416479,37416479,The potential therapeutic regimen for overcoming resistance to osimertinib due to rare mutations in NSCLC.,direct,run_declared_mechanism,direct_target,central,Paper contains direct full-text evidence tied to the run objective and declared evidence class.,full text: matched pik3ca;acquired resistance;resistance,none,high,direct_mechanistic
pmid-37404765,37404765,Genomic landscape of clinically advanced KRAS wild-type pancreatic ductal adenocarcinoma.,exclude,off_scope_or_deferred_context,incidental,incidental,Full text does not provide enough primary objective evidence after applying run-specific exclusions.,matched exclusion/deferred terms: progression-free;or combination;progression;epigenetic;response;phase 2,tighten_query,medium,exclude
pmid-37366894,37366894,HR+/HER2- Advanced Breast Cancer Treatment in the First-Line Setting: Expert Review.,exclude,off_scope_or_deferred_context,incidental,incidental,Full text does not provide enough primary objective evidence after applying run-specific exclusions.,matched exclusion/deferred terms: progression-free survival;clinical benefit;progression-free;discontinuation;progression;resistance,tighten_query,medium,exclude
pmid-37348428,37348428,P110α inhibitor alpelisib exhibits a synergistic effect with pyrotinib and reverses pyrotinib resistant in HER2+ breast cancer.,direct,run_declared_mechanism,direct_target,central,Paper contains direct full-text evidence tied to the run objective and declared evidence class.,full text: matched alpelisib;drug resistance;resistance,none,high,direct_mechanistic
pmid-37344660,37344660,"Plasma cell-free tumor DNA, PIK3CA and TP53 mutations predicted inferior endocrine-based treatment outcome in endocrine receptor-positive metastatic breast cancer.",exclude,off_scope_or_deferred_context,incidental,incidental,Full text does not provide enough primary objective evidence after applying run-specific exclusions.,matched exclusion/deferred terms: progression-free survival;progression-free;or combination;combinations;progression;pi3k-alpha,tighten_query,medium,exclude
pmid-37339176,37339176,Tipifarnib Potentiates the Antitumor Effects of PI3Kα Inhibition in PIK3CA- and HRAS-Dysregulated HNSCC via Convergent Inhibition of mTOR Activity.,exclude,off_scope_or_deferred_context,incidental,incidental,Full text does not provide enough primary objective evidence after applying run-specific exclusions.,matched exclusion/deferred terms: patient-derived;progression;cell-cycle;resistance;alpelisib;response,tighten_query,medium,exclude
pmid-37336919,37336919,Genomic analysis of plasma circulating tumor DNA in patients with heavily pretreated HER2 + metastatic breast cancer.,exclude,off_scope_or_deferred_context,incidental,incidental,Full text does not provide enough primary objective evidence after applying run-specific exclusions.,matched exclusion/deferred terms: progression-free survival;progression-free;progression;resistance;biomarker;response,tighten_query,medium,exclude
pmid-37318638,37318638,Modeling the novel SERD elacestrant in cultured fulvestrant-refractory HR-positive breast circulating tumor cells.,exclude,off_scope_or_deferred_context,incidental,incidental,Full text does not provide enough primary objective evidence after applying run-specific exclusions.,matched exclusion/deferred terms: progression-free survival;progression-free;patient-derived;combinations;progression;resistance,tighten_query,medium,exclude
pmid-37298642,37298642,Next-Generation Sequencing and Triple-Negative Breast Cancer: Insights and Applications.,exclude,off_scope_or_deferred_context,incidental,incidental,Full text does not provide enough primary objective evidence after applying run-specific exclusions.,matched exclusion/deferred terms: progression-free survival;clinical benefit;progression-free;combinations;progression;epigenetic,tighten_query,medium,exclude
pmid-37272756,37272756,Breast Cancer Mutations HER2V777L and PIK3CAH1047R Activate the p21-CDK4/6-Cyclin D1 Axis to Drive Tumorigenesis and Drug Resistance.,direct,run_declared_mechanism,direct_target,central,Paper contains direct full-text evidence tied to the run objective and declared evidence class.,full text: matched pik3ca;drug resistance;resistance,none,high,direct_mechanistic
pmid-37264081,37264081,A bi-steric mTORC1-selective inhibitor overcomes drug resistance in breast cancer.,exclude,off_scope_or_deferred_context,incidental,incidental,Full text does not provide enough primary objective evidence after applying run-specific exclusions.,matched exclusion/deferred terms: patient-derived;progression;cell-cycle;epigenetic;resistance;alpelisib,tighten_query,medium,exclude
pmid-37256976,37256976,Capivasertib in Hormone Receptor-Positive Advanced Breast Cancer.,exclude,off_scope_or_deferred_context,incidental,incidental,Full text does not provide enough primary objective evidence after applying run-specific exclusions.,matched exclusion/deferred terms: progression-free survival;progression-free;discontinuation;progression;resistance;alpelisib,tighten_query,medium,exclude
pmid-37210417,37210417,Phase II trial of fulvestrant plus enzalutamide in ER+/HER2- advanced breast cancer.,exclude,off_scope_or_deferred_context,incidental,incidental,Full text does not provide enough primary objective evidence after applying run-specific exclusions.,matched exclusion/deferred terms: progression-free survival;clinical benefit;progression-free;patient-derived;combinations;progression,tighten_query,medium,exclude
pmid-37200022,37200022,Panitumumab Plus Trifluridine-Tipiracil as Anti-Epidermal Growth Factor Receptor Rechallenge Therapy for Refractory RAS Wild-Type Metastatic Colorectal Cancer: A Phase 2 Randomized Clinical Trial.,exclude,off_scope_or_deferred_context,incidental,incidental,Full text does not provide enough primary objective evidence after applying run-specific exclusions.,matched exclusion/deferred terms: progression-free survival;treatment failure;clinical benefit;progression-free;discontinuation;progression,tighten_query,medium,exclude
pmid-37108122,37108122,Surveillance of cfDNA Hot Spot Mutations in NSCLC Patients during Disease Progression.,exclude,off_scope_or_deferred_context,incidental,incidental,Full text does not provide enough primary objective evidence after applying run-specific exclusions.,matched exclusion/deferred terms: progression-free survival;progression-free;progression;resistance;biomarker;response,tighten_query,medium,exclude
pmid-37107702,37107702,SPAG9 Expression Predicts Good Prognosis in Patients with Clear-Cell Renal Cell Carcinoma: A Bioinformatics Analysis with Experimental Validation.,exclude,off_scope_or_deferred_context,incidental,incidental,Full text does not provide enough primary objective evidence after applying run-specific exclusions.,matched exclusion/deferred terms: progression;resistance;response;immune;pik3ca;pi3k,tighten_query,medium,exclude
pmid-37053535,37053535,"Trametinib in Patients With NF1-, GNAQ-, or GNA11-Mutant Tumors: Results From the NCI-MATCH ECOG-ACRIN Trial (EAY131) Subprotocols S1 and S2.",exclude,off_scope_or_deferred_context,incidental,incidental,Full text does not provide enough primary objective evidence after applying run-specific exclusions.,matched exclusion/deferred terms: progression-free survival;clinical benefit;progression-free;discontinuation;combinations;progression,tighten_query,medium,exclude
pmid-37004423,37004423,Noninvasive genomic profiling of somatic mutations in oral cavity cancers.,exclude,off_scope_or_deferred_context,incidental,incidental,Full text does not provide enough primary objective evidence after applying run-specific exclusions.,matched exclusion/deferred terms: patient-derived;combinations;progression;resistance;response;ctdna,tighten_query,medium,exclude
pmid-36915460,36915460,"Using a combination of fruquintinib, raltitrexed, and S-1 as a third-line treatment for metastatic colorectal cancer with co-existence of Hodgkin lymphoma: a case report.",exclude,off_scope_or_deferred_context,incidental,incidental,Full text does not provide enough primary objective evidence after applying run-specific exclusions.,matched exclusion/deferred terms: progression-free survival;progression-free;discontinuation;combinations;progression;resistance,tighten_query,medium,exclude
pmid-36901954,36901954,Drugging the PI3K/AKT/mTOR Pathway in ER+ Breast Cancer.,direct,run_declared_mechanism,direct_target,central,Paper contains direct full-text evidence tied to the run objective and declared evidence class.,full text: matched alpelisib;progression;overcome resistance;resistance,none,high,direct_mechanistic
pmid-36876172,36876172,CDK4/6 Inhibitors in Advanced HR+/HER2 - Breast Cancer: A Multicenter Real-World Data Analysis.,exclude,off_scope_or_deferred_context,incidental,incidental,Full text does not provide enough primary objective evidence after applying run-specific exclusions.,matched exclusion/deferred terms: progression-free survival;clinical benefit;progression-free;discontinuation;progression;resistance,tighten_query,medium,exclude
pmid-36835617,36835617,"Response to Abemaciclib and Immunotherapy Rechallenge with Nivolumab and Ipilimumab in a Heavily Pretreated TMB-H Metastatic Squamous Cell Lung Cancer with CDKN2A Mutation, PIK3CA Amplification and TPS 80%: A Case Report.",exclude,off_scope_or_deferred_context,incidental,incidental,Full text does not provide enough primary objective evidence after applying run-specific exclusions.,matched exclusion/deferred terms: clinical benefit;progression;epigenetic;resistance;metabolic;response,tighten_query,medium,exclude
pmid-36805958,36805958,Tumor and Stromal Cell Targeting with Nintedanib and Alpelisib Overcomes Intrinsic Bladder Cancer Resistance.,exclude,off_scope_or_deferred_context,incidental,incidental,Full text does not provide enough primary objective evidence after applying run-specific exclusions.,matched exclusion/deferred terms: or combination;resistance;alpelisib;metabolic;response;immune,tighten_query,medium,exclude
pmid-36792625,36792625,Targeting mTOR to overcome resistance to hormone and CDK4/6 inhibitors in ER-positive breast cancer models.,exclude,off_scope_or_deferred_context,incidental,incidental,Full text does not provide enough primary objective evidence after applying run-specific exclusions.,matched exclusion/deferred terms: resistant models;patient-derived;combinations;progression;cell-cycle;epigenetic,tighten_query,medium,exclude
pmid-36652260,36652260,Overexpression of synaptic vesicle protein Rab GTPase 3C promotes vesicular exocytosis and drug resistance in colorectal cancer cells.,exclude,off_scope_or_deferred_context,incidental,incidental,Full text does not provide enough primary objective evidence after applying run-specific exclusions.,matched exclusion/deferred terms: or combination;progression;epigenetic;resistance;alpelisib;response,tighten_query,medium,exclude
pmid-36595552,36595552,"ESR1 gene amplification and MAP3K mutations are selected during adjuvant endocrine therapies in relapsing Hormone Receptor-positive, HER2-negative breast cancer (HR+ HER2- BC).",exclude,off_scope_or_deferred_context,incidental,incidental,Full text does not provide enough primary objective evidence after applying run-specific exclusions.,matched exclusion/deferred terms: pathway reactivation;combinations;epigenetic;resistance;alpelisib;biomarker,tighten_query,medium,exclude
pmid-36472769,36472769,Interactive webtool for analyzing drug sensitivity and resistance associated with genetic signatures of cancer cell lines.,exclude,off_scope_or_deferred_context,incidental,incidental,Full text does not provide enough primary objective evidence after applying run-specific exclusions.,matched exclusion/deferred terms: combinations;progression;resistance;response;pik3ca;mapk,tighten_query,medium,exclude
pmid-36308067,36308067,BAIAP2L1 accelerates breast cancer progression and chemoresistance by activating AKT signaling through binding with ribosomal protein L3.,exclude,off_scope_or_deferred_context,incidental,incidental,Full text does not provide enough primary objective evidence after applying run-specific exclusions.,matched exclusion/deferred terms: progression;resistance;pik3ca;her2;pi3k;akt,tighten_query,medium,exclude
pmid-36969746,36969746,A Phase II Study Investigating Cabozantinib in Patients with Refractory Metastatic Colorectal Cancer (AGICC 17CRC01).,exclude,off_scope_or_deferred_context,incidental,incidental,Full text does not provide enough primary objective evidence after applying run-specific exclusions.,matched exclusion/deferred terms: progression-free survival;progression-free;patient-derived;progression;resistance;biomarker,tighten_query,medium,exclude
pmid-36923283,36923283,A Phase IB Trial of the PI3K Inhibitor Alpelisib and Weekly Cisplatin in Patients with Solid Tumor Malignancies.,exclude,off_scope_or_deferred_context,incidental,incidental,Full text does not provide enough primary objective evidence after applying run-specific exclusions.,matched exclusion/deferred terms: progression-free survival;progression-free;discontinuation;combinations;progression;resistance,tighten_query,medium,exclude
pmid-36713525,36713525,The way to precision medicine in gynecologic cancers: The first case report of an exceptional response to alpelisib in a PIK3CA-mutated endometrial cancer.,exclude,off_scope_or_deferred_context,incidental,incidental,Full text does not provide enough primary objective evidence after applying run-specific exclusions.,matched exclusion/deferred terms: clinical benefit;progression;inavolisib;resistance;alpelisib;response,tighten_query,medium,exclude
pmid-36698413,36698413,"Hormone receptor-positive, HER2-negative, metastatic breast cancer responded well to abemaciclib and exemestane after palbociclib and fulvestrant failure: A case report and literature review.",exclude,off_scope_or_deferred_context,incidental,incidental,Full text does not provide enough primary objective evidence after applying run-specific exclusions.,matched exclusion/deferred terms: progression-free survival;treatment failure;clinical benefit;progression-free;progression;resistance,tighten_query,medium,exclude
pmid-36511454,36511454,"Rare distant metastases to pancreas, liver, and lung as initial presentation of mixed tall cell and columnar cell variants of papillary thyroid cancer.",exclude,off_scope_or_deferred_context,incidental,incidental,Full text does not provide enough primary objective evidence after applying run-specific exclusions.,matched exclusion/deferred terms: progression-free survival;progression-free;progression;response;pik3ca;akt,tighten_query,medium,exclude
pmid-36499265,36499265,"Genetic Heterogeneity, Tumor Microenvironment and Immunotherapy in Triple-Negative Breast Cancer.",exclude,off_scope_or_deferred_context,incidental,incidental,Full text does not provide enough primary objective evidence after applying run-specific exclusions.,matched exclusion/deferred terms: combinations;progression;epigenetic;resistance;metabolic;response,tighten_query,medium,exclude
pmid-36428702,36428702,Next Generation Sequencing of Reactive Stroma and Residual Breast Cancer Cells in Tumor Bed after Neoadjuvant Chemotherapy.,exclude,off_scope_or_deferred_context,incidental,incidental,Full text does not provide enough primary objective evidence after applying run-specific exclusions.,matched exclusion/deferred terms: clinical benefit;non-response;progression;resistance;response;immune,tighten_query,medium,exclude
pmid-36375386,36375386,Clinical outcomes of tucidinostat-based therapy after prior CDK4/6 inhibitor progression in hormone receptor-positive heavily pretreated metastatic breast cancer.,exclude,off_scope_or_deferred_context,incidental,incidental,Full text does not provide enough primary objective evidence after applying run-specific exclusions.,matched exclusion/deferred terms: progression-free survival;clinical benefit;progression-free;discontinuation;combinations;progression,tighten_query,medium,exclude
pmid-36131248,36131248,"PIK3CA mutation status, progression and survival in advanced HR + /HER2- breast cancer: a meta-analysis of published clinical trials.",direct,run_declared_mechanism,direct_target,central,Paper contains direct full-text evidence tied to the run objective and declared evidence class.,full text: matched pik3ca;progression;resistance,none,high,direct_mechanistic
pmid-36071033,36071033,High p16 expression and heterozygous RB1 loss are biomarkers for CDK4/6 inhibitor resistance in ER(+) breast cancer.,direct,run_declared_mechanism,direct_target,central,Paper contains direct full-text evidence tied to the run objective and declared evidence class.,full text: matched pik3ca;acquired resistance;resistance,none,high,direct_mechanistic
pmid-36046364,36046364,Combining Organoid Models with Next-Generation Sequencing to Reveal Tumor Heterogeneity and Predict Therapeutic Response in Breast Cancer.,exclude,off_scope_or_deferred_context,incidental,incidental,Full text does not provide enough primary objective evidence after applying run-specific exclusions.,matched exclusion/deferred terms: progression-free survival;treatment failure;progression-free;patient-derived;progression;epigenetic,tighten_query,medium,exclude
pmid-36010990,36010990,Overcoming Resistance to HER2-Directed Therapies in Breast Cancer.,exclude,off_scope_or_deferred_context,incidental,incidental,Full text does not provide enough primary objective evidence after applying run-specific exclusions.,matched exclusion/deferred terms: progression-free survival;progression-free;or combination;combinations;progression;pi3k-alpha,tighten_query,medium,exclude
pmid-35740538,35740538,Genomic Aberrations in Circulating Tumor DNAs from Palbociclib-Treated Metastatic Breast Cancer Patients Reveal a Novel Resistance Mechanism.,direct,run_declared_mechanism,direct_target,central,Paper contains direct full-text evidence tied to the run objective and declared evidence class.,full text: matched pik3ca;progression;resistance,none,high,direct_mechanistic
pmid-35712858,35712858,S.U.G.A.R: A Case to Outline Tactics for the Prevention of Alpelisib-Induced Hyperglycemia.,exclude,off_scope_or_deferred_context,incidental,incidental,Full text does not provide enough primary objective evidence after applying run-specific exclusions.,matched exclusion/deferred terms: progression-free survival;progression-free;discontinuation;progression;resistance;alpelisib,tighten_query,medium,exclude
pmid-35676324,35676324,RB loss determines selective resistance and novel vulnerabilities in ER-positive breast cancer models.,exclude,off_scope_or_deferred_context,incidental,incidental,Full text does not provide enough primary objective evidence after applying run-specific exclusions.,matched exclusion/deferred terms: progression-free survival;clinical benefit;progression-free;or combination;combinations;progression,tighten_query,medium,exclude
pmid-35671774,35671774,"Fulvestrant plus capivasertib versus placebo after relapse or progression on an aromatase inhibitor in metastatic, oestrogen receptor-positive, HER2-negative breast cancer (FAKTION): overall survival, updated progression-free survival, and expanded biomarker analysis from a randomised, phase 2 trial.",exclude,off_scope_or_deferred_context,incidental,incidental,Full text does not provide enough primary objective evidence after applying run-specific exclusions.,matched exclusion/deferred terms: progression-free survival;clinical benefit;progression-free;progression;resistance;alpelisib,tighten_query,medium,exclude
pmid-35650607,35650607,Depleting receptor tyrosine kinases EGFR and HER2 overcomes resistance to EGFR inhibitors in colorectal cancer.,direct,run_declared_mechanism,direct_target,central,Paper contains direct full-text evidence tied to the run objective and declared evidence class.,full text: matched pik3ca;acquired resistance;resistance,none,high,direct_mechanistic
pmid-35646057,35646057,Amino Acid Metabolism-Related lncRNA Signature Predicts the Prognosis of Breast Cancer.,exclude,off_scope_or_deferred_context,incidental,incidental,Full text does not provide enough primary objective evidence after applying run-specific exclusions.,matched exclusion/deferred terms: progression;resistance;biomarker;metabolic;response;immune,tighten_query,medium,exclude
pmid-35619132,35619132,PIK3CA mutations-mediated downregulation of circLHFPL2 inhibits colorectal cancer progression via upregulating PTEN.,direct,run_declared_mechanism,direct_target,central,Paper contains direct full-text evidence tied to the run objective and declared evidence class.,full text: matched pik3ca;drug resistance;resistance,none,high,direct_mechanistic
pmid-35615557,35615557,Genomic Alteration Spectrum of Non-Small Cell Lung Cancer Patients in East-China Characterized by Tumor Tissue DNA and Cell-Free DNA.,exclude,off_scope_or_deferred_context,incidental,incidental,Full text does not provide enough primary objective evidence after applying run-specific exclusions.,matched exclusion/deferred terms: progression;resistance;biomarker;response;pik3ca;esr1,tighten_query,medium,exclude
pmid-35583555,35583555,"VERONICA: Randomized Phase II Study of Fulvestrant and Venetoclax in ER-Positive Metastatic Breast Cancer Post-CDK4/6 Inhibitors - Efficacy, Safety, and Biomarker Results.",exclude,off_scope_or_deferred_context,incidental,incidental,Full text does not provide enough primary objective evidence after applying run-specific exclusions.,matched exclusion/deferred terms: progression-free survival;clinical benefit;progression-free;discontinuation;patient-derived;progression,tighten_query,medium,exclude
pmid-35562750,35562750,Identification of mutation patterns and circulating tumour DNA-derived prognostic markers in advanced breast cancer patients.,direct,run_declared_mechanism,direct_target,central,Paper contains direct full-text evidence tied to the run objective and declared evidence class.,full text: matched pik3ca;drug resistance;resistance,none,high,direct_mechanistic
pmid-35544729,35544729,"Negative Ultraselection of Patients With RAS/BRAF Wild-Type, Microsatellite-Stable Metastatic Colorectal Cancer Receiving Anti-EGFR-Based Therapy.",exclude,off_scope_or_deferred_context,incidental,incidental,Full text does not provide enough primary objective evidence after applying run-specific exclusions.,matched exclusion/deferred terms: progression-free survival;progression-free;combinations;progression;resistance;biomarker,tighten_query,medium,exclude
pmid-35524239,35524239,"A multicenter, dose-finding, phase 1b study of imatinib in combination with alpelisib as third-line treatment in patients with advanced gastrointestinal stromal tumor.",direct,run_declared_mechanism,direct_target,central,Paper contains direct full-text evidence tied to the run objective and declared evidence class.,full text: matched alpelisib;progression;progression-free survival;progression-free,none,high,direct_mechanistic
pmid-35335966,35335966,The PIK3CA H1047R Mutation Confers Resistance to BRAF and MEK Inhibitors in A375 Melanoma Cells through the Cross-Activation of MAPK and PI3K-Akt Pathways.,direct,run_declared_mechanism,direct_target,central,Paper contains direct full-text evidence tied to the run objective and declared evidence class.,full text: matched pik3ca;drug resistance;resistance,none,high,direct_mechanistic
pmid-35280779,35280779,Longitudinal Circulating Tumor DNA Profiling in Metastatic Colorectal Cancer During Anti-EGFR Therapy.,exclude,off_scope_or_deferred_context,incidental,incidental,Full text does not provide enough primary objective evidence after applying run-specific exclusions.,matched exclusion/deferred terms: progression-free survival;progression-free;progression;resistance;biomarker;response,tighten_query,medium,exclude
pmid-35251316,35251316,Molecular landscape of osimertinib resistance in patients and patient-derived preclinical models.,direct,run_declared_mechanism,direct_target,central,Paper contains direct full-text evidence tied to the run objective and declared evidence class.,full text: matched pik3ca;acquired resistance;resistance,none,high,direct_mechanistic
pmid-35181666,35181666,"Disease characterization in liquid biopsy from HER2-mutated, non-amplified metastatic breast cancer patients treated with neratinib.",direct,run_declared_mechanism,direct_target,central,Paper contains direct full-text evidence tied to the run objective and declared evidence class.,full text: matched pik3ca;progression;response,none,high,direct_mechanistic
pmid-35158773,35158773,NSAIDs Overcome PIK3CA Mutation-Mediated Resistance to EGFR Inhibition in Head and Neck Cancer Preclinical Models.,direct,run_declared_mechanism,direct_target,central,Paper contains direct full-text evidence tied to the run objective and declared evidence class.,full text: matched pik3ca;intrinsic resistance;resistance,none,high,direct_mechanistic
pmid-35128137,35128137,"A Trial Protocol of Precision Medicine for Patients with RAS Wild Metastatic Colorectal Cancer Using Liquid Biopsy (RAS-liquid Study): A Prospective, Multicenter Observational Study.",direct,run_declared_mechanism,direct_target,central,Paper contains direct full-text evidence tied to the run objective and declared evidence class.,full text: matched pik3ca;acquired resistance;resistance,none,high,direct_mechanistic
pmid-35050709,35050709,"Apolipoprotein B mRNA-Editing Catalytic Polypeptide-Like-Induced Protein Changes in Estrogen Receptor-Positive, Human Epidermal Growth Factor Receptor 2-Negative Breast Cancer Throughout Disease Progression.",exclude,off_scope_or_deferred_context,incidental,incidental,Full text does not provide enough primary objective evidence after applying run-specific exclusions.,matched exclusion/deferred terms: progression;resistance;pik3ca;esr1;her2;pi3k,tighten_query,medium,exclude
pmid-35022207,35022207,Precision Targeting of Mutant PI3Kα in Cancer by Selective Degradation.,direct,run_declared_mechanism,direct_target,central,Paper contains direct full-text evidence tied to the run objective and declared evidence class.,full text: matched inavolisib;drug resistance;resistance,none,high,direct_mechanistic
pmid-34635506,34635506,Genomic and Transcriptomic Correlates of Thyroid Carcinoma Evolution after BRAF Inhibitor Therapy.,exclude,off_scope_or_deferred_context,incidental,incidental,Full text does not provide enough primary objective evidence after applying run-specific exclusions.,matched exclusion/deferred terms: clinical benefit;discontinuation;progression;cell-cycle;epigenetic;resistance,tighten_query,medium,exclude
pmid-35004676,35004676,Transcriptomic and Metabolomic Profiling in Helicobacter pylori-Induced Gastric Cancer Identified Prognosis- and Immunotherapy-Relevant Gene Signatures.,exclude,off_scope_or_deferred_context,incidental,incidental,Full text does not provide enough primary objective evidence after applying run-specific exclusions.,matched exclusion/deferred terms: progression;resistance;biomarker;metabolic;response;immune,tighten_query,medium,exclude
pmid-34968392,34968392,HPV16 E1 dysregulated cellular genes involved in cell proliferation and host DNA damage: A possible role in cervical carcinogenesis.,exclude,off_scope_or_deferred_context,incidental,incidental,Full text does not provide enough primary objective evidence after applying run-specific exclusions.,matched exclusion/deferred terms: progression;metabolic;response;immune;pik3ca;mapk,tighten_query,medium,exclude
pmid-34916808,34916808,Effective Disease Control After Combinatorial Treatment with a PD-1 Antibody and an mTOR Inhibitor for Recurrent Ovarian Clear Cell Carcinomas: A Case Report and Literature Review.,exclude,off_scope_or_deferred_context,incidental,incidental,Full text does not provide enough primary objective evidence after applying run-specific exclusions.,matched exclusion/deferred terms: response;immune;pik3ca;mtor;pi3k,tighten_query,medium,exclude
pmid-34842356,34842356,Large-scale genomic sequencing reveals adaptive opportunity of targeting mutated-PI3Kα in early and advanced HER2-positive breast cancer.,direct,run_declared_mechanism,direct_target,central,Paper contains direct full-text evidence tied to the run objective and declared evidence class.,full text: matched pik3ca;drug resistance;resistance,none,high,direct_mechanistic
pmid-34771420,34771420,Gallbladder Cancer: Current Insights in Genetic Alterations and Their Possible Therapeutic Implications.,exclude,off_scope_or_deferred_context,incidental,incidental,Full text does not provide enough primary objective evidence after applying run-specific exclusions.,matched exclusion/deferred terms: resistance;biomarker;response;phase 2;immune;pik3ca,tighten_query,medium,exclude
pmid-34590028,34590028,Brief Report: Heterogeneity of Acquired Resistance Mechanisms to Osimertinib and Savolitinib.,exclude,off_scope_or_deferred_context,incidental,incidental,Full text does not provide enough primary objective evidence after applying run-specific exclusions.,matched exclusion/deferred terms: progression-free survival;progression-free;patient-derived;combinations;progression;resistance,tighten_query,medium,exclude
pmid-34526820,34526820,Treatment with Anlotinib After Chemotherapy and EGFR-TKI Resistance in Lung Adenosquamous Carcinoma with Concurrent EGFR and PIK3CA Mutations: A Case Report and Literature Review.,exclude,off_scope_or_deferred_context,incidental,incidental,Full text does not provide enough primary objective evidence after applying run-specific exclusions.,matched exclusion/deferred terms: progression-free survival;progression-free;progression;resistance;response;immune,tighten_query,medium,exclude
pmid-34479035,34479035,PIK3CA mutations in plasma circulating tumor DNA predict survival and treatment outcomes in patients with advanced cancers.,exclude,off_scope_or_deferred_context,incidental,incidental,Full text does not provide enough primary objective evidence after applying run-specific exclusions.,matched exclusion/deferred terms: progression-free survival;treatment failure;progression-free;discontinuation;progression;resistance,tighten_query,medium,exclude
pmid-34433648,34433648,"A Phase I Study of LSZ102, an Oral Selective Estrogen Receptor Degrader, with or without Ribociclib or Alpelisib, in Patients with Estrogen Receptor-Positive Breast Cancer.",exclude,off_scope_or_deferred_context,incidental,incidental,Full text does not provide enough primary objective evidence after applying run-specific exclusions.,matched exclusion/deferred terms: progression-free survival;clinical benefit;progression-free;or combination;progression;cell-cycle,tighten_query,medium,exclude
pmid-34295201,34295201,"Lung Cancer with MET exon 14 Skipping Mutation: Genetic Feature, Current Treatments, and Future Challenges.",exclude,off_scope_or_deferred_context,incidental,incidental,Full text does not provide enough primary objective evidence after applying run-specific exclusions.,matched exclusion/deferred terms: progression-free survival;treatment failure;bypass signaling;progression-free;discontinuation;resistance,tighten_query,medium,exclude
pmid-34283064,34283064,Longitudinal Circulating Tumor DNA Analysis in Blood and Saliva for Prediction of Response to Osimertinib and Disease Progression in EGFR-Mutant Lung Adenocarcinoma.,exclude,off_scope_or_deferred_context,incidental,incidental,Full text does not provide enough primary objective evidence after applying run-specific exclusions.,matched exclusion/deferred terms: progression-free survival;clinical benefit;progression-free;progression;resistance;response,tighten_query,medium,exclude
pmid-34257082,34257082,Cell Line-Specific Network Models of ER(+) Breast Cancer Identify Potential PI3Kα Inhibitor Resistance Mechanisms and Drug Combinations.,direct,run_declared_mechanism,direct_target,central,Paper contains direct full-text evidence tied to the run objective and declared evidence class.,full text: matched alpelisib;intrinsic resistance;clinical benefit;resistance,none,high,direct_mechanistic
pmid-34249687,34249687,Prognosis and Concurrent Genomic Alterations in Patients With Advanced NSCLC Harboring MET Amplification or MET Exon 14 Skipping Mutation Treated With MET Inhibitor: A Retrospective Study.,direct,run_declared_mechanism,direct_target,central,Paper contains direct full-text evidence tied to the run objective and declared evidence class.,full text: matched pik3ca;progression;resistance,none,high,direct_mechanistic
pmid-34201252,34201252,Comparison of Resistance Spectra after First and Second Line Osimertinib Treatment Detected by Liquid Biopsy.,exclude,off_scope_or_deferred_context,incidental,incidental,Full text does not provide enough primary objective evidence after applying run-specific exclusions.,matched exclusion/deferred terms: combinations;progression;resistance;response;relapse;pik3ca,tighten_query,medium,exclude
pmid-34173341,34173341,Next-generation sequencing of tissue and circulating tumor DNA: Resistance mechanisms to EGFR targeted therapy in a cohort of patients with advanced non-small cell lung cancer.,direct,run_declared_mechanism,direct_target,central,Paper contains direct full-text evidence tied to the run objective and declared evidence class.,full text: matched pik3ca;progression;response,none,high,direct_mechanistic
pmid-34127844,34127844,PI3K inhibitors are finally coming of age.,exclude,off_scope_or_deferred_context,incidental,incidental,Full text does not provide enough primary objective evidence after applying run-specific exclusions.,matched exclusion/deferred terms: progression-free survival;pathway reactivation;combination trials;clinical benefit;progression-free;discontinuation,tighten_query,medium,exclude
pmid-34058070,34058070,NGS-based liquid biopsy profiling identifies mechanisms of resistance to ALK inhibitors: a step toward personalized NSCLC treatment.,exclude,off_scope_or_deferred_context,incidental,incidental,Full text does not provide enough primary objective evidence after applying run-specific exclusions.,matched exclusion/deferred terms: treatment failure;combinations;progression;resistance;biomarker;response,tighten_query,medium,exclude
pmid-34055653,34055653,The Orphan Nuclear Receptor Gene NR0B2 Is a Favorite Prognosis Factor Modulated by Multiple Cellular Signal Pathways in Human Liver Cancers.,exclude,off_scope_or_deferred_context,incidental,incidental,Full text does not provide enough primary objective evidence after applying run-specific exclusions.,matched exclusion/deferred terms: progression-free survival;progression-free;progression;biomarker;metabolic;response,tighten_query,medium,exclude
pmid-34016182,34016182,Modeling clonal structure over narrow time frames via circulating tumor DNA in metastatic breast cancer.,exclude,off_scope_or_deferred_context,incidental,incidental,Full text does not provide enough primary objective evidence after applying run-specific exclusions.,matched exclusion/deferred terms: progression-free survival;progression-free;progression;resistance;biomarker;response,tighten_query,medium,exclude
pmid-34006291,34006291,Prospective high-throughput genome profiling of advanced cancers: results of the PERMED-01 clinical trial.,exclude,off_scope_or_deferred_context,incidental,incidental,Full text does not provide enough primary objective evidence after applying run-specific exclusions.,matched exclusion/deferred terms: progression-free survival;clinical benefit;progression-free;progression;resistance;biomarker,tighten_query,medium,exclude
pmid-33982444,33982444,The role of comprehensive analysis with circulating tumor DNA in advanced non-small cell lung cancer patients considered for osimertinib treatment.,direct,run_declared_mechanism,direct_target,central,Paper contains direct full-text evidence tied to the run objective and declared evidence class.,full text: matched pik3ca;acquired resistance;resistance,none,high,direct_mechanistic
pmid-33976551,33976551,"Advances in Therapy for Hormone Receptor (HR)-Positive, Human Epidermal Growth Factor Receptor 2 (HER2)-Negative Advanced Breast Cancer Patients Who Have Experienced Progression After Treatment with CDK4/6 Inhibitors.",direct,run_declared_mechanism,direct_target,central,Paper contains direct full-text evidence tied to the run objective and declared evidence class.,full text: matched pik3ca;progression;clinical benefit;response,none,high,direct_mechanistic
pmid-33953802,33953802,"Characterization of the tumor immune-microenvironment of adenocarcinoma of lung with a metastatic lesion in the pancreas treated successfully with first-line, single-agent pembrolizumab.",exclude,off_scope_or_deferred_context,incidental,incidental,Full text does not provide enough primary objective evidence after applying run-specific exclusions.,matched exclusion/deferred terms: progression-free survival;clinical benefit;progression-free;discontinuation;progression;response,tighten_query,medium,exclude
pmid-33947692,33947692,A Phase I Study of Alpelisib in Combination with Trastuzumab and LJM716 in Patients with PIK3CA-Mutated HER2-Positive Metastatic Breast Cancer.,exclude,off_scope_or_deferred_context,incidental,incidental,Full text does not provide enough primary objective evidence after applying run-specific exclusions.,matched exclusion/deferred terms: progression-free survival;clinical benefit;progression-free;or combination;progression;resistance,tighten_query,medium,exclude
pmid-33924134,33924134,Implementation of Precision Oncology for Patients with Metastatic Breast Cancer in an Interdisciplinary MTB Setting.,direct,run_declared_mechanism,direct_target,central,Paper contains direct full-text evidence tied to the run objective and declared evidence class.,full text: matched alpelisib;progression;progression-free survival;progression-free,none,high,direct_mechanistic
pmid-33893289,33893289,Genomic profile of advanced breast cancer in circulating tumour DNA.,exclude,off_scope_or_deferred_context,incidental,incidental,Full text does not provide enough primary objective evidence after applying run-specific exclusions.,matched exclusion/deferred terms: progression;epigenetic;resistance;response;relapse;immune,tighten_query,medium,exclude
pmid-33886505,33886505,The impact of tumor epithelial and microenvironmental heterogeneity on treatment responses in HER2+ breast cancer.,exclude,off_scope_or_deferred_context,incidental,incidental,Full text does not provide enough primary objective evidence after applying run-specific exclusions.,matched exclusion/deferred terms: patient-derived;combinations;progression;epigenetic;resistance;response,tighten_query,medium,exclude
pmid-33868999,33868999,Association of Body Mass Index With Somatic Mutations in Breast Cancer.,exclude,off_scope_or_deferred_context,incidental,incidental,Full text does not provide enough primary objective evidence after applying run-specific exclusions.,matched exclusion/deferred terms: progression;metabolic;response;immune;pik3ca;her2,tighten_query,medium,exclude
pmid-33799597,33799597,"Phase Ib Trial of Copanlisib, A Phosphoinositide-3 Kinase (PI3K) Inhibitor, with Trastuzumab in Advanced Pre-Treated HER2-Positive Breast Cancer ""PantHER"".",exclude,off_scope_or_deferred_context,incidental,incidental,Full text does not provide enough primary objective evidence after applying run-specific exclusions.,matched exclusion/deferred terms: progression;resistance;response;phase 2;pik3ca;ctdna,tighten_query,medium,exclude
pmid-33602685,33602685,Clinical and Biomarker Results from Phase I/II Study of PI3K Inhibitor Alpelisib plus Nab-paclitaxel in HER2-Negative Metastatic Breast Cancer.,direct,run_declared_mechanism,direct_target,central,Paper contains direct full-text evidence tied to the run objective and declared evidence class.,full text: matched pik3ca;acquired resistance;resistance,none,high,direct_mechanistic
pmid-33546249,33546249,TP53 Mutations as a Driver of Metastasis Signaling in Advanced Cancer Patients.,exclude,off_scope_or_deferred_context,incidental,incidental,Full text does not provide enough primary objective evidence after applying run-specific exclusions.,matched exclusion/deferred terms: progression-free survival;progression-free;combinations;progression;epigenetic;resistance,tighten_query,medium,exclude
pmid-33469255,33469255,Development and therapeutic potential of 2-aminothiazole derivatives in anticancer drug discovery.,exclude,off_scope_or_deferred_context,incidental,incidental,Full text does not provide enough primary objective evidence after applying run-specific exclusions.,matched exclusion/deferred terms: progression;cell-cycle;resistance;alpelisib;mtor;pi3k,tighten_query,medium,exclude
pmid-33403024,33403024,Genomic and clinical characteristics of MET exon14 alterations in a large cohort of Chinese cancer patients revealed distinct features and a novel resistance mechanism for crizotinib.,exclude,off_scope_or_deferred_context,incidental,incidental,Full text does not provide enough primary objective evidence after applying run-specific exclusions.,matched exclusion/deferred terms: progression;resistance;biomarker;response,tighten_query,medium,exclude
pmid-33293374,33293374,Genomic Characterization of de novo Metastatic Breast Cancer.,exclude,off_scope_or_deferred_context,incidental,incidental,Full text does not provide enough primary objective evidence after applying run-specific exclusions.,matched exclusion/deferred terms: cell-cycle;epigenetic;resistance;alpelisib;response;immune,tighten_query,medium,exclude
pmid-33204026,33204026,Mutational profiles associated with resistance in patients with BRAFV600E mutant colorectal cancer treated with cetuximab and encorafenib +/- binimetinib or alpelisib.,direct,run_declared_mechanism,direct_target,central,Paper contains direct full-text evidence tied to the run objective and declared evidence class.,full text: matched alpelisib;progression;response,none,high,direct_mechanistic
pmid-33203645,33203645,"Neratinib-Plus-Cetuximab in Quadruple-WT (KRAS, NRAS, BRAF, PIK3CA) Metastatic Colorectal Cancer Resistant to Cetuximab or Panitumumab: NSABP FC-7, A Phase Ib Study.",exclude,off_scope_or_deferred_context,incidental,incidental,Full text does not provide enough primary objective evidence after applying run-specific exclusions.,matched exclusion/deferred terms: progression-free survival;clinical benefit;progression-free;discontinuation;or combination;combinations,tighten_query,medium,exclude
pmid-33190190,33190190,"Clinical Challenges in the Management of Hormone Receptor-Positive, Human Epidermal Growth Factor Receptor 2-Negative Metastatic Breast Cancer: A Literature Review.",exclude,off_scope_or_deferred_context,incidental,incidental,Full text does not provide enough primary objective evidence after applying run-specific exclusions.,matched exclusion/deferred terms: progression-free survival;clinical benefit;progression-free;or combination;combinations;progression,tighten_query,medium,exclude
pmid-33168657,33168657,"FDA Approval Summary: Alpelisib Plus Fulvestrant for Patients with HR-positive, HER2-negative, PIK3CA-mutated, Advanced or Metastatic Breast Cancer.",exclude,off_scope_or_deferred_context,incidental,incidental,Full text does not provide enough primary objective evidence after applying run-specific exclusions.,matched exclusion/deferred terms: discontinuation;or combination;progression;resistance;alpelisib;metabolic,tighten_query,medium,exclude
pmid-35117735,35117735,Significance of genetic sequencing in patients with lung adenocarcinoma with transformation to small cell lung cancer: a case report and systematic review.,direct,run_declared_mechanism,direct_target,central,Paper contains direct full-text evidence tied to the run objective and declared evidence class.,full text: matched pik3ca;acquired resistance;resistance,none,high,direct_mechanistic
pmid-35117688,35117688,"Antitumor activity and safety of sirolimus for solid tumors with PIK3CA mutations: A multicenter, open-label, prospective single-arm study (KM 02-01, KCSG UN17-16).",exclude,off_scope_or_deferred_context,incidental,incidental,Full text does not provide enough primary objective evidence after applying run-specific exclusions.,matched exclusion/deferred terms: progression-free survival;clinical benefit;progression-free;discontinuation;progression;resistance,tighten_query,medium,exclude
pmid-33384957,33384957,Genotyping Squamous Cell Lung Carcinoma in Colombia (Geno1.1-CLICaP).,exclude,off_scope_or_deferred_context,incidental,incidental,Full text does not provide enough primary objective evidence after applying run-specific exclusions.,matched exclusion/deferred terms: progression;response;immune;pik3ca;pi3k;pten,tighten_query,medium,exclude
pmid-33318517,33318517,Combined PI3Kα-mTOR Targeting of Glioma Stem Cells.,exclude,off_scope_or_deferred_context,incidental,incidental,Full text does not provide enough primary objective evidence after applying run-specific exclusions.,matched exclusion/deferred terms: patient-derived;progression;resistance;alpelisib;metabolic;response,tighten_query,medium,exclude
pmid-33194681,33194681,Case Report: Primary and Acquired Resistance Mechanisms of Nimotuzumab in Advanced Esophageal Squamous Cell Carcinoma Revealed by Targeted Sequencing.,direct,run_declared_mechanism,direct_target,central,Paper contains direct full-text evidence tied to the run objective and declared evidence class.,full text: matched pik3ca;acquired resistance;resistance,none,high,direct_mechanistic
pmid-33125909,33125909,Biomarker-driven therapies for previously treated squamous non-small-cell lung cancer (Lung-MAP SWOG S1400): a biomarker-driven master protocol.,exclude,off_scope_or_deferred_context,incidental,incidental,Full text does not provide enough primary objective evidence after applying run-specific exclusions.,matched exclusion/deferred terms: progression-free survival;biomarker-defined;progression-free;discontinuation;combinations;progression,tighten_query,medium,exclude
pmid-33112820,33112820,Akt1 genetic variants confer increased susceptibility to thyroid cancer.,exclude,off_scope_or_deferred_context,incidental,incidental,Full text does not provide enough primary objective evidence after applying run-specific exclusions.,matched exclusion/deferred terms: progression;resistance;metabolic;response;pik3ca;mtor,tighten_query,medium,exclude
pmid-33088912,33088912,"Practical classification of triple-negative breast cancer: intratumoral heterogeneity, mechanisms of drug resistance, and novel therapies.",exclude,off_scope_or_deferred_context,incidental,incidental,Full text does not provide enough primary objective evidence after applying run-specific exclusions.,matched exclusion/deferred terms: progression-free survival;clinical benefit;progression-free;combinations;progression;resistance,tighten_query,medium,exclude
pmid-33082753,33082753,Cutaneous Adnexal Carcinoma with Apocrine Differentiation: A Challenging Diagnosis and Personalized Treatment with mTOR Inhibitor in a Very Rare Disease.,exclude,off_scope_or_deferred_context,incidental,incidental,Full text does not provide enough primary objective evidence after applying run-specific exclusions.,matched exclusion/deferred terms: clinical benefit;progression;metabolic;response;pik3ca;her2,tighten_query,medium,exclude
pmid-33059733,33059733,TAM family receptors in conjunction with MAPK signalling are involved in acquired resistance to PI3Kα inhibition in head and neck squamous cell carcinoma.,direct,run_declared_mechanism,direct_target,central,Paper contains direct full-text evidence tied to the run objective and declared evidence class.,full text: matched alpelisib;feedback activation;resistance,none,high,direct_mechanistic
pmid-33059724,33059724,Inter-tumor genomic heterogeneity of breast cancers: comprehensive genomic profile of primary early breast cancers and relapses.,exclude,off_scope_or_deferred_context,incidental,incidental,Full text does not provide enough primary objective evidence after applying run-specific exclusions.,matched exclusion/deferred terms: progression;resistance;response;relapse;pik3ca;esr1,tighten_query,medium,exclude
pmid-33036331,33036331,CDK 4/6 Inhibition Overcomes Acquired and Inherent Resistance to PI3Kα Inhibition in Pre-Clinical Models of Head and Neck Squamous Cell Carcinoma.,direct,run_declared_mechanism,direct_target,central,Paper contains direct full-text evidence tied to the run objective and declared evidence class.,full text: matched pik3ca;acquired resistance;resistance,none,high,direct_mechanistic
pmid-33024200,33024200,Assessment of prognostic implication of a panel of oncogenes in bladder cancer and identification of a 3-gene signature associated with recurrence and progression risk in non-muscle-invasive bladder cancer.,exclude,off_scope_or_deferred_context,incidental,incidental,Full text does not provide enough primary objective evidence after applying run-specific exclusions.,matched exclusion/deferred terms: progression-free survival;progression-free;progression;resistance;biomarker;response,tighten_query,medium,exclude
pmid-33004031,33004031,"Targeted next-generation sequencing assays using triplet samples of normal breast tissue, primary breast cancer, and recurrent/metastatic lesions.",exclude,off_scope_or_deferred_context,incidental,incidental,Full text does not provide enough primary objective evidence after applying run-specific exclusions.,matched exclusion/deferred terms: progression-free survival;progression-free;resistance;alpelisib;relapse;pik3ca,tighten_query,medium,exclude
pmid-32976773,32976773,Metabolic Imaging Detects Resistance to PI3Kα Inhibition Mediated by Persistent FOXM1 Expression in ER(+) Breast Cancer.,direct,run_declared_mechanism,direct_target,central,Paper contains direct full-text evidence tied to the run objective and declared evidence class.,full text: matched pik3ca;drug resistance;resistance,none,high,direct_mechanistic
pmid-32953503,32953503,PI3K-AKT-mTOR pathway alterations in advanced NSCLC patients after progression on EGFR-TKI and clinical response to EGFR-TKI plus everolimus combination therapy.,exclude,off_scope_or_deferred_context,incidental,incidental,Full text does not provide enough primary objective evidence after applying run-specific exclusions.,matched exclusion/deferred terms: treatment failure;clinical benefit;discontinuation;progression;resistance;response,tighten_query,medium,exclude
pmid-32953500,32953500,Concomitant genetic alterations are associated with response to EGFR targeted therapy in patients with lung adenocarcinoma.,exclude,off_scope_or_deferred_context,incidental,incidental,Full text does not provide enough primary objective evidence after applying run-specific exclusions.,matched exclusion/deferred terms: progression-free survival;progression-free;progression;resistance;response;immune,tighten_query,medium,exclude
pmid-32953006,32953006,PI3K inhibitors: review and new strategies.,exclude,off_scope_or_deferred_context,incidental,incidental,Full text does not provide enough primary objective evidence after applying run-specific exclusions.,matched exclusion/deferred terms: combinations;resistance;alpelisib;pik3ca;pi3k;pten,tighten_query,medium,exclude
pmid-32899250,32899250,PI3K p110α Blockade Enhances Anti-Tumor Efficacy of Abemaciclib in Human Colorectal Cancer Cells.,exclude,off_scope_or_deferred_context,incidental,incidental,Full text does not provide enough primary objective evidence after applying run-specific exclusions.,matched exclusion/deferred terms: clinical benefit;patient-derived;or combination;progression;resistance;biomarker,tighten_query,medium,exclude
pmid-32864625,32864625,Alterations in PTEN and ESR1 promote clinical resistance to alpelisib plus aromatase inhibitors.,direct,run_declared_mechanism,direct_target,central,Paper contains direct full-text evidence tied to the run objective and declared evidence class.,full text: matched alpelisib;progression;resistance,none,high,direct_mechanistic
pmid-32795346,32795346,Targeting activated PI3K/mTOR signaling overcomes acquired resistance to CDK4/6-based therapies in preclinical models of hormone receptor-positive breast cancer.,direct,run_declared_mechanism,direct_target,central,Paper contains direct full-text evidence tied to the run objective and declared evidence class.,full text: matched pik3ca;progression;resistance,none,high,direct_mechanistic
pmid-32793495,32793495,Longitudinal Monitoring of EGFR and PIK3CA Mutations by Saliva-Based EFIRM in Advanced NSCLC Patients With Local Ablative Therapy and Osimertinib Treatment: Two Case Reports.,direct,run_declared_mechanism,direct_target,central,Paper contains direct full-text evidence tied to the run objective and declared evidence class.,full text: matched pik3ca;progression;resistance,none,high,direct_mechanistic
pmid-32782489,32782489,Targeting the PI3K/Akt/mTOR pathway in estrogen-receptor positive HER2 negative advanced breast cancer.,exclude,off_scope_or_deferred_context,incidental,incidental,Full text does not provide enough primary objective evidence after applying run-specific exclusions.,matched exclusion/deferred terms: progression-free survival;clinical benefit;progression-free;progression;resistance;alpelisib,tighten_query,medium,exclude
pmid-32676317,32676317,ctDNA analysis reveals different molecular patterns upon disease progression in patients treated with osimertinib.,exclude,off_scope_or_deferred_context,incidental,incidental,Full text does not provide enough primary objective evidence after applying run-specific exclusions.,matched exclusion/deferred terms: progression-free survival;treatment failure;progression-free;discontinuation;combinations;progression,tighten_query,medium,exclude
pmid-32665850,32665850,Anti-EGFR therapy in metastatic colorectal cancer: mechanisms and potential regimens of drug resistance.,exclude,off_scope_or_deferred_context,incidental,incidental,Full text does not provide enough primary objective evidence after applying run-specific exclusions.,matched exclusion/deferred terms: progression-free survival;progression-free;progression;epigenetic;resistance;alpelisib,tighten_query,medium,exclude
pmid-32557577,32557577,"Tipifarnib in recurrent, metastatic HRAS-mutant salivary gland cancer.",exclude,off_scope_or_deferred_context,incidental,incidental,Full text does not provide enough primary objective evidence after applying run-specific exclusions.,matched exclusion/deferred terms: progression-free survival;clinical benefit;progression-free;discontinuation;combinations;resistance,tighten_query,medium,exclude
pmid-32365913,32365913,Mutation-Associated Phenotypic Heterogeneity in Novel and Canonical PIK3CA Helical and Kinase Domain Mutants.,exclude,off_scope_or_deferred_context,incidental,incidental,Full text does not provide enough primary objective evidence after applying run-specific exclusions.,matched exclusion/deferred terms: resistance;response;pik3ca;akt,tighten_query,medium,exclude
pmid-32352244,32352244,"Buparlisib in combination with tamoxifen in pretreated patients with hormone receptor-positive, HER2-negative advanced breast cancer molecularly stratified for PIK3CA mutations and loss of PTEN expression.",direct,run_declared_mechanism,direct_target,central,Paper contains direct full-text evidence tied to the run objective and declared evidence class.,full text: matched pik3ca;progression;response,none,high,direct_mechanistic
pmid-32322420,32322420,Targeted next generation sequencing identifies somatic mutations in a cohort of Egyptian breast cancer patients.,exclude,off_scope_or_deferred_context,incidental,incidental,Full text does not provide enough primary objective evidence after applying run-specific exclusions.,matched exclusion/deferred terms: or combination;progression;resistance;alpelisib;response;pik3ca,tighten_query,medium,exclude
pmid-32318348,32318348,Circulating Tumor DNA Is Capable of Monitoring the Therapeutic Response and Resistance in Advanced Colorectal Cancer Patients Undergoing Combined Target and Chemotherapy.,exclude,off_scope_or_deferred_context,incidental,incidental,Full text does not provide enough primary objective evidence after applying run-specific exclusions.,matched exclusion/deferred terms: progression-free survival;progression-free;combinations;progression;resistance;biomarker,tighten_query,medium,exclude
pmid-32215186,32215186,Early prediction of resistance to tyrosine kinase inhibitors by plasma monitoring of EGFR mutations in NSCLC: a new algorithm for patient selection and personalized treatment.,direct,run_declared_mechanism,direct_target,central,Paper contains direct full-text evidence tied to the run objective and declared evidence class.,full text: matched pik3ca;progression;resistance,none,high,direct_mechanistic
pmid-32203070,32203070,Plasma cell-free DNA-based predictors of response to abiraterone acetate/prednisone and prognostic factors in metastatic castration-resistant prostate cancer.,exclude,off_scope_or_deferred_context,incidental,incidental,Full text does not provide enough primary objective evidence after applying run-specific exclusions.,matched exclusion/deferred terms: progression-free survival;progression-free;progression;resistance;biomarker;response,tighten_query,medium,exclude
pmid-32184619,32184619,An EGFR-Amplified Cervical Squamous Cell Carcinoma Patient with Pulmonary Metastasis Benefits from Afatinib: A Case Report.,exclude,off_scope_or_deferred_context,incidental,incidental,Full text does not provide enough primary objective evidence after applying run-specific exclusions.,matched exclusion/deferred terms: clinical benefit;progression;biomarker;response;pik3ca,tighten_query,medium,exclude
pmid-32107691,32107691,Identification of targeted therapy options for gastric adenocarcinoma by comprehensive analysis of genomic data.,direct,run_declared_mechanism,direct_target,central,Paper contains direct full-text evidence tied to the run objective and declared evidence class.,full text: matched pik3ca;drug resistance;resistance,none,high,direct_mechanistic
pmid-32035020,32035020,"Fulvestrant plus capivasertib versus placebo after relapse or progression on an aromatase inhibitor in metastatic, oestrogen receptor-positive breast cancer (FAKTION): a multicentre, randomised, controlled, phase 2 trial.",exclude,off_scope_or_deferred_context,incidental,incidental,Full text does not provide enough primary objective evidence after applying run-specific exclusions.,matched exclusion/deferred terms: progression-free survival;clinical benefit;progression-free;resistant models;discontinuation;progression,tighten_query,medium,exclude
pmid-31991072,31991072,Two-point-NGS analysis of cancer genes in cell-free DNA of metastatic cancer patients.,exclude,off_scope_or_deferred_context,incidental,incidental,Full text does not provide enough primary objective evidence after applying run-specific exclusions.,matched exclusion/deferred terms: progression;resistance;relapse;pik3ca;ctdna;her2,tighten_query,medium,exclude
pmid-31976308,31976308,Current concepts in ameloblastoma-targeted therapies in B-raf proto-oncogene serine/threonine kinase V600E mutation: Systematic review.,exclude,off_scope_or_deferred_context,incidental,incidental,Full text does not provide enough primary objective evidence after applying run-specific exclusions.,matched exclusion/deferred terms: resistance;biomarker;response;pik3ca;mapk;pten,tighten_query,medium,exclude
pmid-31952518,31952518,"The PI3K subunits, P110α and P110β are potential targets for overcoming P-gp and BCRP-mediated MDR in cancer.",exclude,off_scope_or_deferred_context,incidental,incidental,Full text does not provide enough primary objective evidence after applying run-specific exclusions.,matched exclusion/deferred terms: progression;resistance;metabolic;response;pik3ca;pi3k,tighten_query,medium,exclude
pmid-31934607,31934607,"Phase II evaluation of copanlisib, a selective inhibitor of Pi3kca, in patients with persistent or recurrent endometrial carcinoma harboring PIK3CA hotspot mutations: An NRG Oncology study (NRG-GY008).",exclude,off_scope_or_deferred_context,incidental,incidental,Full text does not provide enough primary objective evidence after applying run-specific exclusions.,matched exclusion/deferred terms: progression-free survival;treatment failure;clinical benefit;progression-free;combinations;progression,tighten_query,medium,exclude
pmid-31911548,31911548,Tumor Analyses Reveal Squamous Transformation and Off-Target Alterations As Early Resistance Mechanisms to First-line Osimertinib in EGFR-Mutant Lung Cancer.,exclude,off_scope_or_deferred_context,incidental,incidental,Full text does not provide enough primary objective evidence after applying run-specific exclusions.,matched exclusion/deferred terms: progression-free survival;progression-free;discontinuation;combinations;progression;epigenetic,tighten_query,medium,exclude
pmid-31828849,31828849,Potential mechanism of primary resistance to icotinib in patients with advanced non-small cell lung cancer harboring uncommon mutant epidermal growth factor receptor: A multi-center study.,exclude,off_scope_or_deferred_context,incidental,incidental,Full text does not provide enough primary objective evidence after applying run-specific exclusions.,matched exclusion/deferred terms: progression;resistance;response;pik3ca;ctdna;mtor,tighten_query,medium,exclude
pmid-31758670,31758670,Activation of insulin-like growth factor-1 receptor confers acquired resistance to osimertinib in non-small cell lung cancer with EGFR T790M mutation.,exclude,off_scope_or_deferred_context,incidental,incidental,Full text does not provide enough primary objective evidence after applying run-specific exclusions.,matched exclusion/deferred terms: bypass signaling;progression;resistance;response;relapse;pik3ca,tighten_query,medium,exclude
pmid-31714586,31714586,"Phase II, 2-stage, 2-arm, PIK3CA mutation stratified trial of MK-2206 in recurrent endometrial cancer.",exclude,off_scope_or_deferred_context,incidental,incidental,Full text does not provide enough primary objective evidence after applying run-specific exclusions.,matched exclusion/deferred terms: combination trials;treatment failure;clinical benefit;combinations;progression;biomarker,tighten_query,medium,exclude
pmid-31704733,31704733,Lysine-Specific Demethylase 1 Mediates AKT Activity and Promotes Epithelial-to-Mesenchymal Transition in PIK3CA-Mutant Colorectal Cancer.,exclude,off_scope_or_deferred_context,incidental,incidental,Full text does not provide enough primary objective evidence after applying run-specific exclusions.,matched exclusion/deferred terms: progression;epigenetic;resistance;metabolic;response;immune,tighten_query,medium,exclude
pmid-31591478,31591478,Targeting chemoresistant colorectal cancer via systemic administration of a BMP7 variant.,exclude,off_scope_or_deferred_context,incidental,incidental,Full text does not provide enough primary objective evidence after applying run-specific exclusions.,matched exclusion/deferred terms: patient-derived;progression;epigenetic;resistance;response;phase 2,tighten_query,medium,exclude
pmid-31998633,31998633,Personalized Treatment of H3K27M-Mutant Pediatric Diffuse Gliomas Provides Improved Therapeutic Opportunities.,exclude,off_scope_or_deferred_context,incidental,incidental,Full text does not provide enough primary objective evidence after applying run-specific exclusions.,matched exclusion/deferred terms: progression-free survival;clinical benefit;progression-free;discontinuation;progression;resistance,tighten_query,medium,exclude
pmid-31852484,31852484,Elacestrant (RAD1901) exhibits anti-tumor activity in multiple ER+ breast cancer models resistant to CDK4/6 inhibitors.,exclude,off_scope_or_deferred_context,incidental,incidental,Full text does not provide enough primary objective evidence after applying run-specific exclusions.,matched exclusion/deferred terms: progression-free survival;progression-free;resistant models;patient-derived;combinations;progression,tighten_query,medium,exclude
pmid-31819518,31819518,Recent Progress in Rare Oncogenic Drivers and Targeted Therapy For Non-Small Cell Lung Cancer.,exclude,off_scope_or_deferred_context,incidental,incidental,Full text does not provide enough primary objective evidence after applying run-specific exclusions.,matched exclusion/deferred terms: progression-free survival;treatment failure;progression-free;combinations;progression;resistance,tighten_query,medium,exclude
pmid-31801615,31801615,Combination of mTORC1/2 inhibitor vistusertib plus fulvestrant in vitro and in vivo targets oestrogen receptor-positive endocrine-resistant breast cancer.,exclude,off_scope_or_deferred_context,incidental,incidental,Full text does not provide enough primary objective evidence after applying run-specific exclusions.,matched exclusion/deferred terms: progression-free survival;progression-free;patient-derived;combinations;progression;resistance,tighten_query,medium,exclude
pmid-31769426,31769426,Overactivation of Akt Contributes to MEK Inhibitor Primary and Acquired Resistance in Colorectal Cancer Cells.,direct,run_declared_mechanism,direct_target,central,Paper contains direct full-text evidence tied to the run objective and declared evidence class.,full text: matched pik3ca;acquired resistance;resistance,none,high,direct_mechanistic
pmid-31717320,31717320,Targeted-Gene Sequencing to Catch Triple Negative Breast Cancer Heterogeneity before and after Neoadjuvant Chemotherapy.,exclude,off_scope_or_deferred_context,incidental,incidental,Full text does not provide enough primary objective evidence after applying run-specific exclusions.,matched exclusion/deferred terms: clinical benefit;resistance;response;immune;pik3ca;her2,tighten_query,medium,exclude
pmid-31653970,31653970,Genomic characterization of intrinsic and acquired resistance to cetuximab in colorectal cancer patients.,exclude,off_scope_or_deferred_context,incidental,incidental,Full text does not provide enough primary objective evidence after applying run-specific exclusions.,matched exclusion/deferred terms: clinical benefit;patient-derived;progression;resistance;metabolic;response,tighten_query,medium,exclude
pmid-31448226,31448226,Precision Medicine Tools to Guide Therapy and Monitor Response to Treatment in a HER-2+ Gastric Cancer Patient: Case Report.,exclude,off_scope_or_deferred_context,incidental,incidental,Full text does not provide enough primary objective evidence after applying run-specific exclusions.,matched exclusion/deferred terms: patient-derived;combinations;progression;resistance;biomarker;response,tighten_query,medium,exclude
pmid-31374965,31374965,Perspective: Potential Impact and Therapeutic Implications of Oncogenic PI3K Activation on Chromosomal Instability.,exclude,off_scope_or_deferred_context,incidental,incidental,Full text does not provide enough primary objective evidence after applying run-specific exclusions.,matched exclusion/deferred terms: progression;cell-cycle;response;pik3ca;mapk;mtor,tighten_query,medium,exclude
pmid-31371343,31371343,FGFR1 Amplification Mediates Endocrine Resistance but Retains TORC Sensitivity in Metastatic Hormone Receptor-Positive (HR(+)) Breast Cancer.,exclude,off_scope_or_deferred_context,incidental,incidental,Full text does not provide enough primary objective evidence after applying run-specific exclusions.,matched exclusion/deferred terms: or combination;combinations;progression;resistance;alpelisib;biomarker,tighten_query,medium,exclude
pmid-31361375,31361375,Barcode sequencing identifies resistant mechanisms to epidermal growth factor receptor inhibitors in circulating tumor DNA of lung cancer patients.,exclude,off_scope_or_deferred_context,incidental,incidental,Full text does not provide enough primary objective evidence after applying run-specific exclusions.,matched exclusion/deferred terms: resistance;response;relapse;pik3ca;her2;pten,tighten_query,medium,exclude
pmid-31263029,31263029,Mechanisms of Innate and Acquired Resistance to Anti-EGFR Therapy: A Review of Current Knowledge with a Focus on Rechallenge Therapies.,direct,run_declared_mechanism,direct_target,central,Paper contains direct full-text evidence tied to the run objective and declared evidence class.,full text: matched pik3ca;progression;progression-free survival;progression-free;resistance,none,high,direct_mechanistic
pmid-31235483,31235483,Prospective Biomarker Study in Advanced RAS Wild-Type Colorectal Cancer: POSIBA Trial (GEMCAD 10-02).,direct,run_declared_mechanism,direct_target,central,Paper contains direct full-text evidence tied to the run objective and declared evidence class.,full text: matched pik3ca;intrinsic resistance;resistance,none,high,direct_mechanistic
pmid-31158500,31158500,"SWOG S1400B (NCT02785913), a Phase II Study of GDC-0032 (Taselisib) for Previously Treated PI3K-Positive Patients with Stage IV Squamous Cell Lung Cancer (Lung-MAP Sub-Study).",exclude,off_scope_or_deferred_context,incidental,incidental,Full text does not provide enough primary objective evidence after applying run-specific exclusions.,matched exclusion/deferred terms: progression;response;pik3ca;pi3k;pten;akt,tighten_query,medium,exclude
pmid-31027916,31027916,"Analysis of resistance mechanisms to abivertinib, a third-generation EGFR tyrosine kinase inhibitor, in patients with EGFR T790M-positive non-small cell lung cancer from a phase I trial.",direct,run_declared_mechanism,direct_target,central,Paper contains direct full-text evidence tied to the run objective and declared evidence class.,full text: matched pik3ca;progression;resistance,none,high,direct_mechanistic
pmid-30962959,30962959,Genomic heterogeneity and efficacy of PI3K pathway inhibitors in patients with gynaecological cancer.,direct,run_declared_mechanism,direct_target,central,Paper contains direct full-text evidence tied to the run objective and declared evidence class.,full text: matched pik3ca;progression;response,none,high,direct_mechanistic
pmid-30893632,30893632,Chemotherapy Modulates Endocrine Therapy-Related Resistance Mutations in Metastatic Breast Cancer.,direct,run_declared_mechanism,direct_target,central,Paper contains direct full-text evidence tied to the run objective and declared evidence class.,full text: matched pik3ca;progression;response,none,high,direct_mechanistic
pmid-30823937,30823937,Identification of genetic alterations associated with primary resistance to EGFR-TKIs in advanced non-small-cell lung cancer patients with EGFR sensitive mutations.,exclude,off_scope_or_deferred_context,incidental,incidental,Full text does not provide enough primary objective evidence after applying run-specific exclusions.,matched exclusion/deferred terms: progression-free survival;progression-free;progression;resistance;response;pik3ca,tighten_query,medium,exclude
pmid-30793038,30793038,Genomic landscape of a metastatic malignant proliferating tricholemmal tumor and its response to PI3K inhibition.,direct,run_declared_mechanism,direct_target,central,Paper contains direct full-text evidence tied to the run objective and declared evidence class.,full text: matched alpelisib;pik3ca;progression;response,none,high,direct_mechanistic
pmid-30563991,30563991,Molecular characterisation of aromatase inhibitor-resistant advanced breast cancer: the phenotypic effect of ESR1 mutations.,exclude,off_scope_or_deferred_context,incidental,incidental,Full text does not provide enough primary objective evidence after applying run-specific exclusions.,matched exclusion/deferred terms: progression;resistance;response;relapse;immune;pik3ca,tighten_query,medium,exclude
pmid-30309221,30309221,Acquired Resistance of MET-Amplified Non-small Cell Lung Cancer Cells to the MET Inhibitor Capmatinib.,direct,run_declared_mechanism,direct_target,central,Paper contains direct full-text evidence tied to the run objective and declared evidence class.,full text: matched pik3ca;acquired resistance;resistance,none,high,direct_mechanistic
pmid-29807405,29807405,Rare Mechanism of Acquired Resistance to Osimertinib in Korean Patients with EGFR-mutated Non-small Cell Lung Cancer.,direct,run_declared_mechanism,direct_target,central,Paper contains direct full-text evidence tied to the run objective and declared evidence class.,full text: matched pik3ca;acquired resistance;resistance,none,high,direct_mechanistic
pmid-30337563,30337563,E-cadherin loss induces targetable autocrine activation of growth factor signalling in lobular breast cancer.,exclude,off_scope_or_deferred_context,incidental,incidental,Full text does not provide enough primary objective evidence after applying run-specific exclusions.,matched exclusion/deferred terms: progression;epigenetic;resistance;biomarker;metabolic;response,tighten_query,medium,exclude
pmid-30237504,30237504,IGF1R upregulation confers resistance to isoform-specific inhibitors of PI3K in PIK3CA-driven ovarian cancer.,exclude,off_scope_or_deferred_context,incidental,incidental,Full text does not provide enough primary objective evidence after applying run-specific exclusions.,matched exclusion/deferred terms: combinations;progression;epigenetic;resistance;response;pik3ca,tighten_query,medium,exclude
pmid-30228210,30228210,Landscape of EGFR-Dependent and -Independent Resistance Mechanisms to Osimertinib and Continuation Therapy Beyond Progression in EGFR-Mutant NSCLC.,direct,run_declared_mechanism,direct_target,central,Paper contains direct full-text evidence tied to the run objective and declared evidence class.,full text: matched pik3ca;bypass signaling;resistance,none,high,direct_mechanistic
pmid-30206110,30206110,The Genetic Landscape and Clonal Evolution of Breast Cancer Resistance to Palbociclib plus Fulvestrant in the PALOMA-3 Trial.,exclude,off_scope_or_deferred_context,incidental,incidental,Full text does not provide enough primary objective evidence after applying run-specific exclusions.,matched exclusion/deferred terms: resistant models;combinations;progression;resistance;biomarker;response,tighten_query,medium,exclude
pmid-29978950,29978950,Heterogeneous responses and resistant mechanisms to crizotinib in ALK-positive advanced non-small cell lung cancer.,direct,run_declared_mechanism,direct_target,central,Paper contains direct full-text evidence tied to the run objective and declared evidence class.,full text: matched pik3ca;bypass signaling;resistance,none,high,direct_mechanistic
pmid-29970482,29970482,"Role of EphB3 Receptor in Mediating Head and Neck Tumor Growth, Cell Migration, and Response to PI3K Inhibitor.",exclude,off_scope_or_deferred_context,incidental,incidental,Full text does not provide enough primary objective evidence after applying run-specific exclusions.,matched exclusion/deferred terms: progression;resistance;response;pik3ca;mtor;pi3k,tighten_query,medium,exclude
pmid-29941343,29941343,Somatic FGFR3 Mutations Distinguish a Subgroup of Muscle-Invasive Bladder Cancers with Response to Neoadjuvant Chemotherapy.,direct,run_declared_mechanism,direct_target,central,Paper contains direct full-text evidence tied to the run objective and declared evidence class.,full text: matched pik3ca;drug resistance;resistance,none,high,direct_mechanistic
pmid-29938395,29938395,"LCCC 1025: a phase II study of everolimus, trastuzumab, and vinorelbine to treat progressive HER2-positive breast cancer brain metastases.",exclude,off_scope_or_deferred_context,incidental,incidental,Full text does not provide enough primary objective evidence after applying run-specific exclusions.,matched exclusion/deferred terms: progression-free survival;clinical benefit;progression-free;progression;resistance;biomarker,tighten_query,medium,exclude
pmid-29899852,29899852,Concomitant driver mutations in advanced EGFR-mutated non-small-cell lung cancer and their impact on erlotinib treatment.,exclude,off_scope_or_deferred_context,incidental,incidental,Full text does not provide enough primary objective evidence after applying run-specific exclusions.,matched exclusion/deferred terms: progression-free survival;treatment failure;bypass signaling;progression-free;progression;cell-cycle,tighten_query,medium,exclude
pmid-29892689,29892689,Tumor molecular profiling of responders and non-responders following pembrolizumab monotherapy in chemotherapy resistant advanced cervical cancer.,exclude,off_scope_or_deferred_context,incidental,incidental,Full text does not provide enough primary objective evidence after applying run-specific exclusions.,matched exclusion/deferred terms: progression-free survival;clinical benefit;progression-free;discontinuation;progression;resistance,tighten_query,medium,exclude
pmid-29868122,29868122,Screen for MicroRNA and Drug Interactions in Breast Cancer Cell Lines Points to miR-126 as a Modulator of CDK4/6 and PIK3CA Inhibitors.,exclude,off_scope_or_deferred_context,incidental,incidental,Full text does not provide enough primary objective evidence after applying run-specific exclusions.,matched exclusion/deferred terms: combinations;cell-cycle;epigenetic;p110-alpha;resistance;alpelisib,tighten_query,medium,exclude
pmid-29807833,29807833,Identifying Circulating Tumor DNA Mutation Profiles in Metastatic Breast Cancer Patients with Multiline Resistance.,direct,run_declared_mechanism,direct_target,central,Paper contains direct full-text evidence tied to the run objective and declared evidence class.,full text: matched pik3ca;progression;progression-free survival;progression-free,none,high,direct_mechanistic
pmid-29793946,29793946,"Phase II Study of Taselisib (GDC-0032) in Combination with Fulvestrant in Patients with HER2-Negative, Hormone Receptor-Positive Advanced Breast Cancer.",exclude,off_scope_or_deferred_context,incidental,incidental,Full text does not provide enough primary objective evidence after applying run-specific exclusions.,matched exclusion/deferred terms: progression-free survival;clinical benefit;progression-free;discontinuation;progression;alpelisib,tighten_query,medium,exclude
pmid-29765525,29765525,Clinical characteristics of non-small cell lung cancer harboring mutations in exon 20 of EGFR or HER2.,exclude,off_scope_or_deferred_context,incidental,incidental,Full text does not provide enough primary objective evidence after applying run-specific exclusions.,matched exclusion/deferred terms: progression-free survival;treatment failure;progression-free;combinations;progression;resistance,tighten_query,medium,exclude
pmid-29588307,29588307,Comprehensive genomic profiling aids in treatment of a metastatic endometrial cancer.,exclude,off_scope_or_deferred_context,incidental,incidental,Full text does not provide enough primary objective evidence after applying run-specific exclusions.,matched exclusion/deferred terms: clinical benefit;discontinuation;progression;metabolic;response;pik3ca,tighten_query,medium,exclude
pmid-29535262,29535262,Skp2-dependent reactivation of AKT drives resistance to PI3K inhibitors.,direct,run_declared_mechanism,direct_target,central,Paper contains direct full-text evidence tied to the run objective and declared evidence class.,full text: matched pik3ca;adaptive resistance;resistance,none,high,direct_mechanistic
pmid-29530932,29530932,Concurrent Alterations in EGFR-Mutant Lung Cancers Associated with Resistance to EGFR Kinase Inhibitors and Characterization of MTOR as a Mediator of Resistance.,exclude,off_scope_or_deferred_context,incidental,incidental,Full text does not provide enough primary objective evidence after applying run-specific exclusions.,matched exclusion/deferred terms: progression-free survival;progression-free;or combination;progression;resistance;biomarker,tighten_query,medium,exclude
pmid-29505507,29505507,Effective assessment of low times MET amplification in pleural effusion after epidermal growth factor receptor-tyrosine kinase inhibitors (EGFR-TKIs) acquired resistance: Cases report.,exclude,off_scope_or_deferred_context,incidental,incidental,Full text does not provide enough primary objective evidence after applying run-specific exclusions.,matched exclusion/deferred terms: bypass signaling;clinical benefit;progression;resistance;response;pik3ca,tighten_query,medium,exclude
pmid-29496665,29496665,A Preexisting Rare PIK3CA(E545K) Subpopulation Confers Clinical Resistance to MEK plus CDK4/6 Inhibition in NRAS Melanoma and Is Dependent on S6K1 Signaling.,direct,run_declared_mechanism,direct_target,central,Paper contains direct full-text evidence tied to the run objective and declared evidence class.,full text: matched pik3ca;drug resistance;resistance,none,high,direct_mechanistic
pmid-29472518,29472518,Mass Spectrometry-Based Proteomics Reveals Potential Roles of NEK9 and MAP2K4 in Resistance to PI3K Inhibition in Triple-Negative Breast Cancers.,exclude,off_scope_or_deferred_context,incidental,incidental,Full text does not provide enough primary objective evidence after applying run-specific exclusions.,matched exclusion/deferred terms: resistant models;patient-derived;combinations;progression;epigenetic;resistance,tighten_query,medium,exclude
pmid-29367069,29367069,Significance of Liquid Biopsy for Monitoring and Therapy Decision of Colorectal Cancer.,exclude,off_scope_or_deferred_context,incidental,incidental,Full text does not provide enough primary objective evidence after applying run-specific exclusions.,matched exclusion/deferred terms: discontinuation;combinations;progression;resistance;biomarker;response,tighten_query,medium,exclude
pmid-29291160,29291160,A dual biomarker detection platform for quantitating circulating tumor DNA (ctDNA).,exclude,off_scope_or_deferred_context,incidental,incidental,Full text does not provide enough primary objective evidence after applying run-specific exclusions.,matched exclusion/deferred terms: epigenetic;biomarker;response;immune;pik3ca;ctdna,tighten_query,medium,exclude
pmid-29259073,29259073,Phase II Study of Panitumumab in RAS Wild-Type Metastatic Adenocarcinoma of Small Bowel or Ampulla of Vater.,exclude,off_scope_or_deferred_context,incidental,incidental,Full text does not provide enough primary objective evidence after applying run-specific exclusions.,matched exclusion/deferred terms: discontinuation;progression;resistance;response;pik3ca,tighten_query,medium,exclude
pmid-29237412,29237412,Evaluation of epidermal growth factor receptor signaling effects in gastric cancer cell lines by detailed motility-focused phenotypic characterization linked with molecular analysis.,exclude,off_scope_or_deferred_context,incidental,incidental,Full text does not provide enough primary objective evidence after applying run-specific exclusions.,matched exclusion/deferred terms: or combination;combinations;non-response;progression;resistance;response,tighten_query,medium,exclude
pmid-28902361,28902361,Cooperative oncogenic effect and cell signaling crosstalk of co‑occurring HER2 and mutant PIK3CA in mammary epithelial cells.,exclude,off_scope_or_deferred_context,incidental,incidental,Full text does not provide enough primary objective evidence after applying run-specific exclusions.,matched exclusion/deferred terms: combinations;progression;response;pik3ca;her2;pi3k,tighten_query,medium,exclude
pmid-28856074,28856074,Utilizing Tumor and Plasma Liquid Biopsy in Treatment Decision Making for an Estrogen Receptor-Positive Advanced Breast Cancer Patient.,exclude,off_scope_or_deferred_context,incidental,incidental,Full text does not provide enough primary objective evidence after applying run-specific exclusions.,matched exclusion/deferred terms: progression;resistance;response;pik3ca;ctdna;her2,tighten_query,medium,exclude
pmid-28845578,28845578,Patient harboring a novel PIK3CA point mutation after acquired resistance to crizotinib in an adenocarcinoma with ROS1 rearrangement: A case report and literature review.,direct,run_declared_mechanism,direct_target,central,Paper contains direct full-text evidence tied to the run objective and declared evidence class.,title: matched pik3ca;acquired resistance;resistance,none,high,direct_mechanistic
pmid-28808038,28808038,The Phosphatidylinositol 3-Kinase Pathway as a Potential Therapeutic Target in Bladder Cancer.,exclude,off_scope_or_deferred_context,incidental,incidental,Full text does not provide enough primary objective evidence after applying run-specific exclusions.,matched exclusion/deferred terms: progression-free survival;progression-free;patient-derived;or combination;combinations;resistance,tighten_query,medium,exclude
pmid-28685070,28685070,Pilot study of sirolimus in patients with PIK3CA mutant/amplified refractory solid cancer.,exclude,off_scope_or_deferred_context,incidental,incidental,Full text does not provide enough primary objective evidence after applying run-specific exclusions.,matched exclusion/deferred terms: clinical benefit;progression;resistance;response;pik3ca;mtor,tighten_query,medium,exclude
pmid-28618197,28618197,Analysis of mutant allele fractions in driver genes in colorectal cancer - biological and clinical insights.,direct,run_declared_mechanism,direct_target,central,Paper contains direct full-text evidence tied to the run objective and declared evidence class.,full text: matched pik3ca;progression;response,none,high,direct_mechanistic
pmid-28597653,28597653,Overexpression of ATP-Binding Cassette Subfamily G Member 2 Confers Resistance to Phosphatidylinositol 3-Kinase Inhibitor PF-4989216 in Cancer Cells.,exclude,off_scope_or_deferred_context,incidental,incidental,Full text does not provide enough primary objective evidence after applying run-specific exclusions.,matched exclusion/deferred terms: resistance;relapse;pik3ca;mtor;pi3k;pten,tighten_query,medium,exclude
pmid-28592616,28592616,"Multicenter Phase II Study of Panitumumab in Platinum Pretreated, Advanced Head and Neck Squamous Cell Cancer.",exclude,off_scope_or_deferred_context,incidental,incidental,Full text does not provide enough primary objective evidence after applying run-specific exclusions.,matched exclusion/deferred terms: clinical benefit;or combination;combinations;progression;resistance;biomarker,tighten_query,medium,exclude
pmid-28584208,28584208,Establishment of a Novel Method for Screening Epidermal Growth Factor Receptor Tyrosine Kinase Inhibitor Resistance Mutations in Lung Cancer.,direct,run_declared_mechanism,direct_target,central,Paper contains direct full-text evidence tied to the run objective and declared evidence class.,full text: matched pik3ca;acquired resistance;resistance,none,high,direct_mechanistic
pmid-28572531,28572531,EGFR G796D mutation mediates resistance to osimertinib.,exclude,off_scope_or_deferred_context,incidental,incidental,Full text does not provide enough primary objective evidence after applying run-specific exclusions.,matched exclusion/deferred terms: progression-free survival;progression-free;progression;resistance;response;relapse,tighten_query,medium,exclude
pmid-28424201,28424201,PIK3CA Mutations Contribute to Acquired Cetuximab Resistance in Patients with Metastatic Colorectal Cancer.,direct,run_declared_mechanism,direct_target,central,Paper contains direct full-text evidence tied to the run objective and declared evidence class.,full text: matched pik3ca;acquired resistance;resistance,none,high,direct_mechanistic
pmid-28396358,28396358,Extracellular Matrix/Integrin Signaling Promotes Resistance to Combined Inhibition of HER2 and PI3K in HER2(+) Breast Cancer.,direct,run_declared_mechanism,direct_target,central,Paper contains direct full-text evidence tied to the run objective and declared evidence class.,full text: matched pik3ca;acquired resistance;resistance,none,high,direct_mechanistic
pmid-28330462,28330462,Prospective phase II trial of everolimus in PIK3CA amplification/mutation and/or PTEN loss patients with advanced solid tumors refractory to standard therapy.,exclude,off_scope_or_deferred_context,incidental,incidental,Full text does not provide enough primary objective evidence after applying run-specific exclusions.,matched exclusion/deferred terms: progression;resistance;response;pik3ca;her2;mtor,tighten_query,medium,exclude
pmid-28249908,28249908,Kinome-Wide RNA Interference Screen Reveals a Role for PDK1 in Acquired Resistance to CDK4/6 Inhibition in ER-Positive Breast Cancer.,direct,run_declared_mechanism,direct_target,central,Paper contains direct full-text evidence tied to the run objective and declared evidence class.,full text: matched pik3ca;acquired resistance;resistance,none,high,direct_mechanistic
pmid-28229982,28229982,Circulating-free DNA Mutation Associated with Response of Targeted Therapy in Human Epidermal Growth Factor Receptor 2-positive Metastatic Breast Cancer.,exclude,off_scope_or_deferred_context,incidental,incidental,Full text does not provide enough primary objective evidence after applying run-specific exclusions.,matched exclusion/deferred terms: progression-free survival;progression-free;progression;resistance;biomarker;response,tighten_query,medium,exclude
pmid-28199979,28199979,ATM mutations and E-cadherin expression define sensitivity to EGFR-targeted therapy in colorectal cancer.,exclude,off_scope_or_deferred_context,incidental,incidental,Full text does not provide enough primary objective evidence after applying run-specific exclusions.,matched exclusion/deferred terms: non-response;progression;epigenetic;resistance;response;pik3ca,tighten_query,medium,exclude
pmid-28167203,28167203,ERBB2-Mutated Metastatic Non-Small Cell Lung Cancer: Response and Resistance to Targeted Therapies.,exclude,off_scope_or_deferred_context,incidental,incidental,Full text does not provide enough primary objective evidence after applying run-specific exclusions.,matched exclusion/deferred terms: clinical benefit;progression;resistance;response;pik3ca;ctdna,tighten_query,medium,exclude
pmid-28123607,28123607,"Proteins Involved in HER2 Signalling Pathway, Their Relations and Influence on Metastasis-Free Survival in HER2-Positive Breast Cancer Patients Treated with Trastuzumab in Adjuvant Setting.",direct,run_declared_mechanism,direct_target,central,Paper contains direct full-text evidence tied to the run objective and declared evidence class.,full text: matched pik3ca;progression;response,none,high,direct_mechanistic
pmid-28072765,28072765,Phase II study of the PI3K inhibitor BKM120 in patients with advanced or recurrent endometrial carcinoma: a stratified type I-type II study from the GINECO group.,exclude,off_scope_or_deferred_context,incidental,incidental,Full text does not provide enough primary objective evidence after applying run-specific exclusions.,matched exclusion/deferred terms: progression-free survival;clinical benefit;progression-free;discontinuation;progression;resistance,tighten_query,medium,exclude
pmid-28068936,28068936,Retrospective study of RAS/PIK3CA/BRAF tumor mutations as predictors of response to first-line chemotherapy with bevacizumab in metastatic colorectal cancer patients.,exclude,off_scope_or_deferred_context,incidental,incidental,Full text does not provide enough primary objective evidence after applying run-specific exclusions.,matched exclusion/deferred terms: progression-free survival;treatment failure;clinical benefit;progression-free;progression;resistance,tighten_query,medium,exclude
pmid-28029662,28029662,Guidance to rational use of pharmaceuticals in gallbladder sarcomatoid carcinoma using patient-derived cancer cells and whole exome sequencing.,exclude,off_scope_or_deferred_context,incidental,incidental,Full text does not provide enough primary objective evidence after applying run-specific exclusions.,matched exclusion/deferred terms: patient-derived;resistance;biomarker;response;immune;pik3ca,tighten_query,medium,exclude
pmid-27852040,27852040,Clinical validation of prospective liquid biopsy monitoring in patients with wild-type RAS metastatic colorectal cancer treated with FOLFIRI-cetuximab.,exclude,off_scope_or_deferred_context,incidental,incidental,Full text does not provide enough primary objective evidence after applying run-specific exclusions.,matched exclusion/deferred terms: clinical benefit;progression;resistance;biomarker;response;relapse,tighten_query,medium,exclude
pmid-27399335,27399335,FBW7 mutations mediate resistance of colorectal cancer to targeted therapies by blocking Mcl-1 degradation.,exclude,off_scope_or_deferred_context,incidental,incidental,Full text does not provide enough primary objective evidence after applying run-specific exclusions.,matched exclusion/deferred terms: combinations;progression;epigenetic;resistance;response;pik3ca,tighten_query,medium,exclude
pmid-27188206,27188206,A Phase II Study of Poziotinib in Patients with Epidermal Growth Factor Receptor (EGFR)-Mutant Lung Adenocarcinoma Who Have Acquired Resistance to EGFR-Tyrosine Kinase Inhibitors.,exclude,off_scope_or_deferred_context,incidental,incidental,Full text does not provide enough primary objective evidence after applying run-specific exclusions.,matched exclusion/deferred terms: progression-free survival;clinical benefit;progression-free;discontinuation;progression;resistance,tighten_query,medium,exclude
pmid-27126994,27126994,"A Phase Ib Study of Alpelisib (BYL719), a PI3Kα-Specific Inhibitor, with Letrozole in ER+/HER2- Metastatic Breast Cancer.",direct,run_declared_mechanism,direct_target,central,Paper contains direct full-text evidence tied to the run objective and declared evidence class.,full text: matched pik3ca;drug resistance;resistance,none,high,direct_mechanistic
pmid-28848656,28848656,Clinical activity and tolerability of FOLFIRI and cetuximab in elderly patients with metastatic colorectal cancer in the CAPRI-GOIM first-line trial.,exclude,off_scope_or_deferred_context,incidental,incidental,Full text does not provide enough primary objective evidence after applying run-specific exclusions.,matched exclusion/deferred terms: progression-free survival;progression-free;progression;resistance;response;pik3ca,tighten_query,medium,exclude
pmid-27821131,27821131,Frequency of EGFR T790M mutation and multimutational profiles of rebiopsy samples from non-small cell lung cancer developing acquired resistance to EGFR tyrosine kinase inhibitors in Japanese patients.,exclude,off_scope_or_deferred_context,incidental,incidental,Full text does not provide enough primary objective evidence after applying run-specific exclusions.,matched exclusion/deferred terms: progression-free survival;progression-free;progression;resistance;response;pik3ca,tighten_query,medium,exclude
pmid-27750214,27750214,Genomic characterization of high-risk non-muscle invasive bladder cancer.,exclude,off_scope_or_deferred_context,incidental,incidental,Full text does not provide enough primary objective evidence after applying run-specific exclusions.,matched exclusion/deferred terms: progression;biomarker;response;immune;pik3ca;pten,tighten_query,medium,exclude
pmid-27734950,27734950,The Role of PIK3CA Mutations among Lung Adenocarcinoma Patients with Primary and Acquired Resistance to EGFR Tyrosine Kinase Inhibition.,direct,run_declared_mechanism,direct_target,central,Paper contains direct full-text evidence tied to the run objective and declared evidence class.,title: matched pik3ca;acquired resistance;resistance,none,high,direct_mechanistic
pmid-27604488,27604488,Systematic Functional Characterization of Resistance to PI3K Inhibition in Breast Cancer.,direct,run_declared_mechanism,direct_target,central,Paper contains direct full-text evidence tied to the run objective and declared evidence class.,full text: matched pik3ca;drug resistance;resistance,none,high,direct_mechanistic
pmid-27603005,27603005,"A multicenter, single-arm, open-label, phase 2 study of apitolisib (GDC-0980) for the treatment of recurrent or persistent endometrial carcinoma (MAGGIE study).",exclude,off_scope_or_deferred_context,incidental,incidental,Full text does not provide enough primary objective evidence after applying run-specific exclusions.,matched exclusion/deferred terms: pik3ca mutation prevalence;progression-free survival;clinical benefit;progression-free;discontinuation;progression,tighten_query,medium,exclude
pmid-27528220,27528220,Mutational profiling of non-small-cell lung cancer patients resistant to first-generation EGFR tyrosine kinase inhibitors using next generation sequencing.,exclude,off_scope_or_deferred_context,incidental,incidental,Full text does not provide enough primary objective evidence after applying run-specific exclusions.,matched exclusion/deferred terms: progression-free survival;bypass signaling;progression-free;progression;epigenetic;resistance,tighten_query,medium,exclude
pmid-27451907,27451907,PDK1-SGK1 Signaling Sustains AKT-Independent mTORC1 Activation and Confers Resistance to PI3Kα Inhibition.,exclude,off_scope_or_deferred_context,incidental,incidental,Full text does not provide enough primary objective evidence after applying run-specific exclusions.,matched exclusion/deferred terms: clinical benefit;resistant models;progression;cell-cycle;epigenetic;resistance,tighten_query,medium,exclude
pmid-27223437,27223437,Establishment of a multimarker qPCR panel for the molecular characterization of circulating tumor cells in blood samples of metastatic breast cancer patients during the course of palliative treatment.,exclude,off_scope_or_deferred_context,incidental,incidental,Full text does not provide enough primary objective evidence after applying run-specific exclusions.,matched exclusion/deferred terms: progression-free survival;progression-free;or combination;combinations;progression;resistance,tighten_query,medium,exclude
pmid-27200287,27200287,Durable Response of Spinal Chordoma to Combined Inhibition of IGF-1R and EGFR.,exclude,off_scope_or_deferred_context,incidental,incidental,Full text does not provide enough primary objective evidence after applying run-specific exclusions.,matched exclusion/deferred terms: progression;resistance;response;pik3ca;her2;pten,tighten_query,medium,exclude
pmid-27184134,27184134,"MYC copy gain, chromosomal instability and PI3K activation as potential markers of unfavourable outcome in trastuzumab-treated patients with metastatic breast cancer.",exclude,off_scope_or_deferred_context,incidental,incidental,Full text does not provide enough primary objective evidence after applying run-specific exclusions.,matched exclusion/deferred terms: treatment failure;clinical benefit;progression-free;combinations;progression;resistance,tighten_query,medium,exclude
pmid-27157620,27157620,FBXO10 deficiency and BTK activation upregulate BCL2 expression in mantle cell lymphoma.,exclude,off_scope_or_deferred_context,incidental,incidental,Full text does not provide enough primary objective evidence after applying run-specific exclusions.,matched exclusion/deferred terms: resistance;response;pik3ca,tighten_query,medium,exclude
pmid-27084427,27084427,"Analysis of PI3K/mTOR Pathway Biomarkers and Their Prognostic Value in Women with Hormone Receptor-Positive, HER2-Negative Early Breast Cancer.",exclude,off_scope_or_deferred_context,incidental,incidental,Full text does not provide enough primary objective evidence after applying run-specific exclusions.,matched exclusion/deferred terms: progression-free survival;clinical benefit;progression-free;progression;resistance;biomarker,tighten_query,medium,exclude
pmid-27035903,27035903,"HER2+ Cancer Cell Dependence on PI3K vs. MAPK Signaling Axes Is Determined by Expression of EGFR, ERBB3 and CDKN1B.",exclude,off_scope_or_deferred_context,incidental,incidental,Full text does not provide enough primary objective evidence after applying run-specific exclusions.,matched exclusion/deferred terms: adaptive feedback;biomarker-defined;or combination;combinations;progression;resistance,tighten_query,medium,exclude
pmid-26968843,26968843,Mutational status of synchronous and metachronous tumor samples in patients with metastatic non-small-cell lung cancer.,exclude,off_scope_or_deferred_context,incidental,incidental,Full text does not provide enough primary objective evidence after applying run-specific exclusions.,matched exclusion/deferred terms: progression-free survival;progression-free;or combination;combinations;resistance;biomarker,tighten_query,medium,exclude
pmid-26964771,26964771,Phase II Study of a Non-Platinum-Containing Doublet of Paclitaxel and Pemetrexed with Bevacizumab as Initial Therapy for Patients with Advanced Lung Adenocarcinomas.,exclude,off_scope_or_deferred_context,incidental,incidental,Full text does not provide enough primary objective evidence after applying run-specific exclusions.,matched exclusion/deferred terms: progression-free survival;progression-free;discontinuation;combinations;progression;metabolic,tighten_query,medium,exclude
pmid-26955870,26955870,Improving gastric cancer preclinical studies using diverse in vitro and in vivo model systems.,exclude,off_scope_or_deferred_context,incidental,incidental,Full text does not provide enough primary objective evidence after applying run-specific exclusions.,matched exclusion/deferred terms: clinical benefit;progression;epigenetic;resistance;biomarker;response,tighten_query,medium,exclude
pmid-26869800,26869800,Biomarkers predicting resistance to epidermal growth factor receptor-targeted therapy in metastatic colorectal cancer with wild-type KRAS.,exclude,off_scope_or_deferred_context,incidental,incidental,Full text does not provide enough primary objective evidence after applying run-specific exclusions.,matched exclusion/deferred terms: progression-free survival;progression-free;patient-derived;or combination;progression;resistance,tighten_query,medium,exclude
pmid-26862733,26862733,The mechanism of acquired resistance to irreversible EGFR tyrosine kinase inhibitor-afatinib in lung adenocarcinoma patients.,direct,run_declared_mechanism,direct_target,central,Paper contains direct full-text evidence tied to the run objective and declared evidence class.,full text: matched pik3ca;acquired resistance;resistance,none,high,direct_mechanistic
pmid-26796526,26796526,Frequency and clinicopathologic profile of PIK3CA mutant GISTs: molecular genetic study of 529 cases.,exclude,off_scope_or_deferred_context,incidental,incidental,Full text does not provide enough primary objective evidence after applying run-specific exclusions.,matched exclusion/deferred terms: progression;epigenetic;resistance;response;pik3ca;mtor,tighten_query,medium,exclude
pmid-26783290,26783290,A Phase I Study of the AKT Inhibitor MK-2206 in Combination with Hormonal Therapy in Postmenopausal Women with Estrogen Receptor-Positive Metastatic Breast Cancer.,direct,run_declared_mechanism,direct_target,central,Paper contains direct full-text evidence tied to the run objective and declared evidence class.,full text: matched pik3ca;progression;response,none,high,direct_mechanistic
pmid-26572704,26572704,ARID1A gene mutation in ovarian and endometrial cancers (Review).,exclude,off_scope_or_deferred_context,incidental,incidental,Full text does not provide enough primary objective evidence after applying run-specific exclusions.,matched exclusion/deferred terms: progression-free survival;progression-free;progression;epigenetic;resistance;biomarker,tighten_query,medium,exclude
pmid-26791794,26791794,Responses to the multitargeted MET/ALK/ROS1 inhibitor crizotinib and co-occurring mutations in lung adenocarcinomas with MET amplification or MET exon 14 skipping mutation.,exclude,off_scope_or_deferred_context,incidental,incidental,Full text does not provide enough primary objective evidence after applying run-specific exclusions.,matched exclusion/deferred terms: progression;resistance;response;pik3ca;pi3k;akt,tighten_query,medium,exclude
pmid-26630576,26630576,High-Throughput Mutation Profiling Changes before and 3 Weeks after Chemotherapy in Newly Diagnosed Breast Cancer Patients.,exclude,off_scope_or_deferred_context,incidental,incidental,Full text does not provide enough primary objective evidence after applying run-specific exclusions.,matched exclusion/deferred terms: progression-free survival;progression-free;combinations;resistance;biomarker;response,tighten_query,medium,exclude
pmid-26510912,26510912,Personalized comprehensive molecular profiling of high risk osteosarcoma: Implications and limitations for precision medicine.,exclude,off_scope_or_deferred_context,incidental,incidental,Full text does not provide enough primary objective evidence after applying run-specific exclusions.,matched exclusion/deferred terms: progression-free survival;clinical benefit;progression-free;combinations;progression;resistance,tighten_query,medium,exclude
pmid-26452027,26452027,Prospective blinded study of somatic mutation detection in cell-free DNA utilizing a targeted 54-gene next generation sequencing panel in metastatic solid tumor patients.,exclude,off_scope_or_deferred_context,incidental,incidental,Full text does not provide enough primary objective evidence after applying run-specific exclusions.,matched exclusion/deferred terms: progression-free survival;progression-free;progression;resistance;response;relapse,tighten_query,medium,exclude
pmid-26404261,26404261,Dual Inhibition of MEK and PI3K Pathway in KRAS and BRAF Mutated Colorectal Cancers.,exclude,off_scope_or_deferred_context,incidental,incidental,Full text does not provide enough primary objective evidence after applying run-specific exclusions.,matched exclusion/deferred terms: progression-free survival;clinical benefit;progression-free;patient-derived;combinations;progression,tighten_query,medium,exclude
pmid-26400668,26400668,Small cell lung cancer transformation and T790M mutation: complimentary roles in acquired resistance to kinase inhibitors in lung cancer.,exclude,off_scope_or_deferred_context,incidental,incidental,Full text does not provide enough primary objective evidence after applying run-specific exclusions.,matched exclusion/deferred terms: progression-free survival;treatment failure;clinical benefit;progression-free;resistance;response,tighten_query,medium,exclude
pmid-26333383,26333383,Dual HER2/PIK3CA Targeting Overcomes Single-Agent Acquired Resistance in HER2-Amplified Uterine Serous Carcinoma Cell Lines In Vitro and In Vivo.,exclude,off_scope_or_deferred_context,incidental,incidental,Full text does not provide enough primary objective evidence after applying run-specific exclusions.,matched exclusion/deferred terms: progression;resistance;response;immune;pik3ca;her2,tighten_query,medium,exclude
pmid-26318427,26318427,New findings on primary and acquired resistance to anti-EGFR therapy in metastatic colorectal cancer: do all roads lead to RAS?,exclude,off_scope_or_deferred_context,incidental,incidental,Full text does not provide enough primary objective evidence after applying run-specific exclusions.,matched exclusion/deferred terms: clinical benefit;progression;epigenetic;resistance;biomarker;response,tighten_query,medium,exclude
pmid-26317216,26317216,Exome Sequencing of Cell-Free DNA from Metastatic Cancer Patients Identifies Clinically Actionable Mutations Distinct from Primary Disease.,exclude,off_scope_or_deferred_context,incidental,incidental,Full text does not provide enough primary objective evidence after applying run-specific exclusions.,matched exclusion/deferred terms: progression;resistance;response;pik3ca;ctdna;esr1,tighten_query,medium,exclude
pmid-26289070,26289070,Preclinical Efficacy of Ron Kinase Inhibitors Alone and in Combination with PI3K Inhibitors for Treatment of sfRon-Expressing Breast Cancer Patient-Derived Xenografts.,exclude,off_scope_or_deferred_context,incidental,incidental,Full text does not provide enough primary objective evidence after applying run-specific exclusions.,matched exclusion/deferred terms: discontinuation;patient-derived;or combination;progression;resistance;response,tighten_query,medium,exclude
pmid-26251629,26251629,New and emerging factors in tumorigenesis: an overview.,exclude,off_scope_or_deferred_context,incidental,incidental,Full text does not provide enough primary objective evidence after applying run-specific exclusions.,matched exclusion/deferred terms: progression-free survival;pathway reactivation;progression-free;or combination;combinations;progression,tighten_query,medium,exclude
pmid-26099045,26099045,Subclonal diversification of primary breast cancer revealed by multiregion sequencing.,exclude,off_scope_or_deferred_context,incidental,incidental,Full text does not provide enough primary objective evidence after applying run-specific exclusions.,matched exclusion/deferred terms: clinical benefit;response;relapse;pik3ca;her2;pten,tighten_query,medium,exclude
pmid-26085511,26085511,Serial Next-Generation Sequencing of Circulating Cell-Free DNA Evaluating Tumor Clone Response To Molecularly Targeted Drug Administration.,exclude,off_scope_or_deferred_context,incidental,incidental,Full text does not provide enough primary objective evidence after applying run-specific exclusions.,matched exclusion/deferred terms: discontinuation;combinations;progression;epigenetic;resistance;biomarker,tighten_query,medium,exclude
pmid-26021831,26021831,Multiple gene aberrations and breast cancer: lessons from super-responders.,exclude,off_scope_or_deferred_context,incidental,incidental,Full text does not provide enough primary objective evidence after applying run-specific exclusions.,matched exclusion/deferred terms: progression-free survival;progression-free;progression;resistance;metabolic;response,tighten_query,medium,exclude
pmid-26018876,26018876,Targeted Therapies in Non-Small Cell Lung Cancer-Beyond EGFR and ALK.,exclude,off_scope_or_deferred_context,incidental,incidental,Full text does not provide enough primary objective evidence after applying run-specific exclusions.,matched exclusion/deferred terms: progression-free survival;progression-free;combinations;progression;resistance;response,tighten_query,medium,exclude
pmid-26004768,26004768,Epidermal Growth Factor Receptor (EGFR) Pathway Biomarkers in the Randomized Phase III Trial of Erlotinib Versus Observation in Ovarian Cancer Patients with No Evidence of Disease Progression after First-Line Platinum-Based Chemotherapy.,exclude,off_scope_or_deferred_context,incidental,incidental,Full text does not provide enough primary objective evidence after applying run-specific exclusions.,matched exclusion/deferred terms: progression-free survival;progression-free;progression;resistance;biomarker;response,tighten_query,medium,exclude
pmid-25969993,25969993,"Using the MCF10A/MCF10CA1a Breast Cancer Progression Cell Line Model to Investigate the Effect of Active, Mutant Forms of EGFR in Breast Cancer Development and Treatment Using Gefitinib.",exclude,off_scope_or_deferred_context,incidental,incidental,Full text does not provide enough primary objective evidence after applying run-specific exclusions.,matched exclusion/deferred terms: progression-free survival;progression-free;progression;resistance;response;immune,tighten_query,medium,exclude
pmid-25952930,25952930,The combination of sorafenib and everolimus shows antitumor activity in preclinical models of malignant pleural mesothelioma.,exclude,off_scope_or_deferred_context,incidental,incidental,Full text does not provide enough primary objective evidence after applying run-specific exclusions.,matched exclusion/deferred terms: clinical benefit;progression;biomarker;metabolic;response;pik3ca,tighten_query,medium,exclude
pmid-25889309,25889309,Tumour pharmacodynamics and circulating cell free DNA in patients with refractory colorectal carcinoma treated with regorafenib.,exclude,off_scope_or_deferred_context,incidental,incidental,Full text does not provide enough primary objective evidence after applying run-specific exclusions.,matched exclusion/deferred terms: clinical benefit;progression-free;discontinuation;or combination;progression;resistance,tighten_query,medium,exclude
pmid-25886409,25886409,Successful control of heavily pretreated metastatic gastric cancer with the mTOR inhibitor everolimus (RAD001) in a patient with PIK3CA mutation and pS6 overexpression.,exclude,off_scope_or_deferred_context,incidental,incidental,Full text does not provide enough primary objective evidence after applying run-specific exclusions.,matched exclusion/deferred terms: progression-free survival;clinical benefit;progression-free;progression;cell-cycle;resistance,tighten_query,medium,exclude
pmid-25663927,25663927,EGFR methylation and outcome of patients with advanced colorectal cancer treated with cetuximab.,direct,run_declared_mechanism,direct_target,central,Paper contains direct full-text evidence tied to the run objective and declared evidence class.,full text: matched pik3ca;progression;response,none,high,direct_mechanistic
pmid-25621052,25621052,Phospho-PRAS40(Thr246) predicts trastuzumab response in patients with HER2-positive metastatic breast cancer.,exclude,off_scope_or_deferred_context,incidental,incidental,Full text does not provide enough primary objective evidence after applying run-specific exclusions.,matched exclusion/deferred terms: progression;resistance;biomarker;response;relapse;pik3ca,tighten_query,medium,exclude
pmid-25593016,25593016,"A randomized, phase 2 trial of docetaxel with or without PX-866, an irreversible oral phosphatidylinositol 3-kinase inhibitor, in patients with relapsed or metastatic head and neck squamous cell cancer.",exclude,off_scope_or_deferred_context,incidental,incidental,Full text does not provide enough primary objective evidence after applying run-specific exclusions.,matched exclusion/deferred terms: progression-free survival;clinical benefit;progression-free;discontinuation;progression;epigenetic,tighten_query,medium,exclude
pmid-25556614,25556614,The PI3K/Akt/mTOR pathway in ovarian cancer: therapeutic opportunities and challenges.,exclude,off_scope_or_deferred_context,incidental,incidental,Full text does not provide enough primary objective evidence after applying run-specific exclusions.,matched exclusion/deferred terms: progression-free survival;clinical benefit;progression-free;discontinuation;or combination;combinations,tighten_query,medium,exclude
pmid-25472943,25472943,PI3'-kinase inhibition forestalls the onset of MEK1/2 inhibitor resistance in BRAF-mutated melanoma.,exclude,off_scope_or_deferred_context,incidental,incidental,Full text does not provide enough primary objective evidence after applying run-specific exclusions.,matched exclusion/deferred terms: clinical benefit;or combination;progression;resistance;response;pik3ca,tighten_query,medium,exclude
pmid-25409150,25409150,Convergent loss of PTEN leads to clinical resistance to a PI(3)Kα inhibitor.,exclude,off_scope_or_deferred_context,incidental,incidental,Full text does not provide enough primary objective evidence after applying run-specific exclusions.,matched exclusion/deferred terms: patient-derived;progression;resistance;response;pik3ca;esr1,tighten_query,medium,exclude
pmid-25242168,25242168,"Potent antitumor activity of cabozantinib, a c-MET and VEGFR2 inhibitor, in a colorectal cancer patient-derived tumor explant model.",exclude,off_scope_or_deferred_context,incidental,incidental,Full text does not provide enough primary objective evidence after applying run-specific exclusions.,matched exclusion/deferred terms: clinical benefit;patient-derived;progression;resistance;biomarker;response,tighten_query,medium,exclude
pmid-25444464,25444464,"Ganetespib, a novel Hsp90 inhibitor in patients with KRAS mutated and wild type, refractory metastatic colorectal cancer.",exclude,off_scope_or_deferred_context,incidental,incidental,Full text does not provide enough primary objective evidence after applying run-specific exclusions.,matched exclusion/deferred terms: progression-free survival;progression-free;progression;resistance;response;mapk,tighten_query,medium,exclude
pmid-25349966,25349966,Mutant PIK3CA controls DUSP1-dependent ERK 1/2 activity to confer response to AKT target therapy.,exclude,off_scope_or_deferred_context,incidental,incidental,Full text does not provide enough primary objective evidence after applying run-specific exclusions.,matched exclusion/deferred terms: clinical benefit;progression;biomarker;response;relapse;pik3ca,tighten_query,medium,exclude
pmid-25277176,25277176,The structural basis for cancer treatment decisions.,exclude,off_scope_or_deferred_context,incidental,incidental,Full text does not provide enough primary objective evidence after applying run-specific exclusions.,matched exclusion/deferred terms: combinations;progression;epigenetic;resistance;response;relapse,tighten_query,medium,exclude
pmid-25137394,25137394,KRAS genotypic changes of circulating tumor cells during treatment of patients with metastatic colorectal cancer.,exclude,off_scope_or_deferred_context,incidental,incidental,Full text does not provide enough primary objective evidence after applying run-specific exclusions.,matched exclusion/deferred terms: treatment failure;progression;resistance;biomarker;response;relapse,tighten_query,medium,exclude
pmid-25119929,25119929,Novel secondary somatic mutations in Ewing's sarcoma and desmoplastic small round cell tumors.,exclude,off_scope_or_deferred_context,incidental,incidental,Full text does not provide enough primary objective evidence after applying run-specific exclusions.,matched exclusion/deferred terms: progression;resistance;response;pik3ca;mapk;mtor,tighten_query,medium,exclude
pmid-25056500,25056500,Association of phosphatase and tensin homolog low and phosphatidylinositol 3-kinase catalytic subunit alpha gene mutations on outcome in human epidermal growth factor receptor 2-positive metastatic breast cancer patients treated with first-line lapatinib plus paclitaxel or paclitaxel alone.,exclude,off_scope_or_deferred_context,incidental,incidental,Full text does not provide enough primary objective evidence after applying run-specific exclusions.,matched exclusion/deferred terms: progression-free survival;clinical benefit;progression-free;combinations;progression;resistance,tighten_query,medium,exclude
pmid-25051360,25051360,Deregulation of the EGFR/PI3K/PTEN/Akt/mTORC1 pathway in breast cancer: possibilities for therapeutic intervention.,direct,run_declared_mechanism,direct_target,central,Paper contains direct full-text evidence tied to the run objective and declared evidence class.,full text: matched pik3ca;progression;response,none,high,direct_mechanistic
pmid-25002028,25002028,CDK 4/6 inhibitors sensitize PIK3CA mutant breast cancer to PI3K inhibitors.,direct,run_declared_mechanism,direct_target,central,Paper contains direct full-text evidence tied to the run objective and declared evidence class.,full text: matched pik3ca;acquired resistance;resistance,none,high,direct_mechanistic
pmid-24714777,24714777,Targetable signaling pathway mutations are associated with malignant phenotype in IDH-mutant gliomas.,exclude,off_scope_or_deferred_context,incidental,incidental,Full text does not provide enough primary objective evidence after applying run-specific exclusions.,matched exclusion/deferred terms: progression-free survival;progression-free;combinations;progression;epigenetic;metabolic,tighten_query,medium,exclude
pmid-24676216,24676216,Changes in colorectal carcinoma genomes under anti-EGFR therapy identified by whole-genome plasma DNA sequencing.,exclude,off_scope_or_deferred_context,incidental,incidental,Full text does not provide enough primary objective evidence after applying run-specific exclusions.,matched exclusion/deferred terms: progression;epigenetic;resistance;response;pik3ca;ctdna,tighten_query,medium,exclude
pmid-24520381,24520381,Targeted biomarker profiling of matched primary and metastatic estrogen receptor positive breast cancers.,exclude,off_scope_or_deferred_context,incidental,incidental,Full text does not provide enough primary objective evidence after applying run-specific exclusions.,matched exclusion/deferred terms: clinical benefit;progression;resistance;biomarker;response;pik3ca,tighten_query,medium,exclude
pmid-24467828,24467828,"PIK3CA mutations, phosphatase and tensin homolog, human epidermal growth factor receptor 2, and insulin-like growth factor 1 receptor and adjuvant tamoxifen resistance in postmenopausal breast cancer patients.",exclude,off_scope_or_deferred_context,incidental,incidental,Full text does not provide enough primary objective evidence after applying run-specific exclusions.,matched exclusion/deferred terms: resistance;biomarker;response;pik3ca;her2;mapk,tighten_query,medium,exclude
pmid-24451154,24451154,Direct inhibition of PI3K in combination with dual HER2 inhibitors is required for optimal antitumor activity in HER2+ breast cancer cells.,direct,run_declared_mechanism,direct_target,central,Paper contains direct full-text evidence tied to the run objective and declared evidence class.,full text: matched pik3ca;acquired resistance;resistance,none,high,direct_mechanistic
pmid-25126449,25126449,The determinants of head and neck cancer: Unmasking the PI3K pathway mutations.,exclude,off_scope_or_deferred_context,incidental,incidental,Full text does not provide enough primary objective evidence after applying run-specific exclusions.,matched exclusion/deferred terms: progression;epigenetic;resistance;response;pik3ca;mapk,tighten_query,medium,exclude
pmid-24369725,24369725,Mechanisms of acquired resistance to EGFR-tyrosine kinase inhibitor in Korean patients with lung cancer.,direct,run_declared_mechanism,direct_target,central,Paper contains direct full-text evidence tied to the run objective and declared evidence class.,full text: matched pik3ca;acquired resistance;resistance,none,high,direct_mechanistic
pmid-24366379,24366379,Acquired PIK3CA amplification causes resistance to selective phosphoinositide 3-kinase inhibitors in breast cancer.,direct,run_declared_mechanism,direct_target,central,Paper contains direct full-text evidence tied to the run objective and declared evidence class.,full text: matched pik3ca;acquired resistance;resistance,none,high,direct_mechanistic
pmid-23708519,23708519,Caloric restriction augments radiation efficacy in breast cancer.,exclude,off_scope_or_deferred_context,incidental,incidental,Full text does not provide enough primary objective evidence after applying run-specific exclusions.,matched exclusion/deferred terms: clinical benefit;progression;metabolic;response;immune;pik3ca,tighten_query,medium,exclude
pmid-23619167,23619167,Frequent mutation of the PI3K pathway in head and neck cancer defines predictive biomarkers.,exclude,off_scope_or_deferred_context,incidental,incidental,Full text does not provide enough primary objective evidence after applying run-specific exclusions.,matched exclusion/deferred terms: patient-derived;progression;pik3ca;mapk;mtor;pi3k,tighten_query,medium,exclude
pmid-23470965,23470965,Analysis of tumor specimens at the time of acquired resistance to EGFR-TKI therapy in 155 patients with EGFR-mutant lung cancers.,direct,run_declared_mechanism,direct_target,central,Paper contains direct full-text evidence tied to the run objective and declared evidence class.,full text: matched pik3ca;acquired resistance;resistance,none,high,direct_mechanistic
pmid-23470635,23470635,BRAF mutant gastrointestinal stromal tumor: first report of regression with BRAF inhibitor dabrafenib (GSK2118436) and whole exomic sequencing for analysis of acquired resistance.,direct,run_declared_mechanism,direct_target,central,Paper contains direct full-text evidence tied to the run objective and declared evidence class.,full text: matched pik3ca;acquired resistance;progression-free survival;progression-free;resistance;response,none,high,direct_mechanistic
pmid-23384718,23384718,"A phase II study of temsirolimus and erlotinib in patients with recurrent and/or metastatic, platinum-refractory head and neck squamous cell carcinoma.",exclude,off_scope_or_deferred_context,incidental,incidental,Full text does not provide enough primary objective evidence after applying run-specific exclusions.,matched exclusion/deferred terms: progression-free survival;treatment failure;progression-free;progression;epigenetic;resistance,tighten_query,medium,exclude
pmid-23251002,23251002,Resistance to BRAF inhibition in BRAF-mutant colon cancer can be overcome with PI3K inhibition or demethylating agents.,exclude,off_scope_or_deferred_context,incidental,incidental,Full text does not provide enough primary objective evidence after applying run-specific exclusions.,matched exclusion/deferred terms: or combination;combinations;progression;epigenetic;resistance;response,tighten_query,medium,exclude
pmid-23092874,23092874,Frequent mutational activation of the PI3K-AKT pathway in trastuzumab-resistant breast cancer.,direct,run_declared_mechanism,direct_target,central,Paper contains direct full-text evidence tied to the run objective and declared evidence class.,full text: matched pik3ca;progression;resistance,none,high,direct_mechanistic
pmid-22932669,22932669,Biomarkers of response to Akt inhibitor MK-2206 in breast cancer.,exclude,off_scope_or_deferred_context,incidental,incidental,Full text does not provide enough primary objective evidence after applying run-specific exclusions.,matched exclusion/deferred terms: clinical benefit;progression;cell-cycle;resistance;biomarker;response,tighten_query,medium,exclude
pmid-22640628,22640628,The favorable impact of PIK3CA mutations on survival: an analysis of 2587 patients with breast cancer.,exclude,off_scope_or_deferred_context,incidental,incidental,Full text does not provide enough primary objective evidence after applying run-specific exclusions.,matched exclusion/deferred terms: clinical benefit;progression;epigenetic;resistance;response;pik3ca,tighten_query,medium,exclude
pmid-22487539,22487539,Perifosine plus docetaxel in patients with platinum and taxane resistant or refractory high-grade epithelial ovarian cancer.,exclude,off_scope_or_deferred_context,incidental,incidental,Full text does not provide enough primary objective evidence after applying run-specific exclusions.,matched exclusion/deferred terms: progression-free survival;progression-free;progression;resistance;response;pik3ca,tighten_query,medium,exclude
pmid-22245973,22245973,Phase II trial of temsirolimus in patients with metastatic breast cancer.,exclude,off_scope_or_deferred_context,incidental,incidental,Full text does not provide enough primary objective evidence after applying run-specific exclusions.,matched exclusion/deferred terms: clinical benefit;progression;resistance;response;pik3ca;her2,tighten_query,medium,exclude
pmid-21712828,21712828,Pyrosequencing-based methods reveal marked inter-individual differences in oncogene mutation burden in human colorectal tumours.,exclude,off_scope_or_deferred_context,incidental,incidental,Full text does not provide enough primary objective evidence after applying run-specific exclusions.,matched exclusion/deferred terms: biomarker-defined;progression;epigenetic;biomarker;response;relapse,tighten_query,medium,exclude
pmid-21676217,21676217,PI3K pathway activation results in low efficacy of both trastuzumab and lapatinib.,direct,run_declared_mechanism,direct_target,central,Paper contains direct full-text evidence tied to the run objective and declared evidence class.,full text: matched pik3ca;progression;clinical benefit;response,none,high,direct_mechanistic
pmid-21527065,21527065,"Lapatinib plus capecitabine in treating HER2-positive advanced breast cancer: efficacy, safety, and biomarker results from Chinese patients.",exclude,off_scope_or_deferred_context,incidental,incidental,Full text does not provide enough primary objective evidence after applying run-specific exclusions.,matched exclusion/deferred terms: progression-free survival;clinical benefit;progression-free;discontinuation;progression;resistance,tighten_query,medium,exclude
pmid-21439039,21439039,EGFR related mutational status and association to clinical outcome of third-line cetuximab-irinotecan in metastatic colorectal cancer.,exclude,off_scope_or_deferred_context,incidental,incidental,Full text does not provide enough primary objective evidence after applying run-specific exclusions.,matched exclusion/deferred terms: clinical benefit;or combination;progression;resistance;response;pik3ca,tighten_query,medium,exclude
pmid-21430269,21430269,Genotypic and histological evolution of lung cancers acquiring resistance to EGFR inhibitors.,direct,run_declared_mechanism,direct_target,central,Paper contains direct full-text evidence tied to the run objective and declared evidence class.,full text: matched pik3ca;drug resistance;resistance,none,high,direct_mechanistic
pmid-21414654,21414654,"A Gynecologic Oncology Group phase II trial of the protein kinase C-beta inhibitor, enzastaurin and evaluation of markers with potential predictive and prognostic value in persistent or recurrent epithelial ovarian and primary peritoneal malignancies.",exclude,off_scope_or_deferred_context,incidental,incidental,Full text does not provide enough primary objective evidence after applying run-specific exclusions.,matched exclusion/deferred terms: progression-free;combinations;progression;resistance;biomarker;metabolic,tighten_query,medium,exclude
pmid-20699365,20699365,PIK3CA mutation uncouples tumor growth and cyclin D1 regulation from MEK/ERK and mutant KRAS signaling.,exclude,off_scope_or_deferred_context,incidental,incidental,Full text does not provide enough primary objective evidence after applying run-specific exclusions.,matched exclusion/deferred terms: progression;resistance;biomarker;response;pik3ca;pi3k,tighten_query,medium,exclude
pmid-20681032,20681032,"A phase 2 study of the oral mammalian target of rapamycin inhibitor, everolimus, in patients with recurrent endometrial carcinoma.",exclude,off_scope_or_deferred_context,incidental,incidental,Full text does not provide enough primary objective evidence after applying run-specific exclusions.,matched exclusion/deferred terms: clinical benefit;discontinuation;progression;resistance;response;phase 2,tighten_query,medium,exclude
pmid-19738166,19738166,Biomarkers predicting clinical outcome of epidermal growth factor receptor-targeted therapy in metastatic colorectal cancer.,exclude,off_scope_or_deferred_context,incidental,incidental,Full text does not provide enough primary objective evidence after applying run-specific exclusions.,matched exclusion/deferred terms: combination trials;clinical benefit;progression-free;or combination;progression;resistance,tighten_query,medium,exclude
pmid-19010894,19010894,Phosphatidylinositol 3-kinase hyperactivation results in lapatinib resistance that is reversed by the mTOR/phosphatidylinositol 3-kinase inhibitor NVP-BEZ235.,exclude,off_scope_or_deferred_context,incidental,incidental,Full text does not provide enough primary objective evidence after applying run-specific exclusions.,matched exclusion/deferred terms: clinical benefit;combinations;progression;resistance;biomarker;response,tighten_query,medium,exclude
