paper_id,pmid,pmcid,doi,title,normalized_source_type,normalized_path,fulltext_decision,fulltext_rationale,mechanistic_relevance,objective_relevance,topic_centrality,review_confidence
pmid-42653655,42653655,PMC13516239,10.3390/ph19081154,Thymoquinone Potentiates Docetaxel-Induced Antitumor Activity with the Involvement of ROS and PI3K/AKT Pathway Modulation in Triple-Negative Breast Cancer Cells.,pmc_xml,/Users/xingmeng/.openclaw/workspaces/staff-scientist-ideker/agent_LiteratureDueDiligence/runs/pi3k_alpha_inhibition_resistance_review_20260830/Phase1_PubmedCollection/passes/pass_001/artifacts/fulltext_import/PMC_XML/normalized/PMC13516239.json,drop,Readable full text is dominated by run-specific exclusion or deferred-context signals.,low,low,incidental,medium
pmid-42513228,42513228,PMC13415029,10.3390/molecules31142551,"Breast Cancer: Epidemiology, Molecular Classification, Diagnostics and Evolving Treatment Paradigms.",pmc_xml,/Users/xingmeng/.openclaw/workspaces/staff-scientist-ideker/agent_LiteratureDueDiligence/runs/pi3k_alpha_inhibition_resistance_review_20260830/Phase1_PubmedCollection/passes/pass_001/artifacts/fulltext_import/PMC_XML/normalized/PMC13415029.json,keep,"A title, sentence, or local section-level window connects primary run entities, declared mechanism/evidence terms, and required outcome terms.",high,high,central,high
pmid-42505223,42505223,PMC13409238,10.3390/curroncol33070421,"Evolving First-Line Endocrine Therapy in HR+/HER2- Metastatic Breast Cancer: CDK4/6 Inhibition, Biomarker-Guided Strategies and Emerging Therapeutic Paradigms.",pmc_xml,/Users/xingmeng/.openclaw/workspaces/staff-scientist-ideker/agent_LiteratureDueDiligence/runs/pi3k_alpha_inhibition_resistance_review_20260830/Phase1_PubmedCollection/passes/pass_001/artifacts/fulltext_import/PMC_XML/normalized/PMC13409238.json,keep,"A title, sentence, or local section-level window connects primary run entities, declared mechanism/evidence terms, and required outcome terms.",high,high,central,high
pmid-42500590,42500590,PMC13397341,10.32604/or.2026.085387,Research Advances in Drug Resistance Mechanisms to Anti-HER2 Therapy in HER2-Positive Breast Cancer.,pmc_xml,/Users/xingmeng/.openclaw/workspaces/staff-scientist-ideker/agent_LiteratureDueDiligence/runs/pi3k_alpha_inhibition_resistance_review_20260830/Phase1_PubmedCollection/passes/pass_001/artifacts/fulltext_import/PMC_XML/normalized/PMC13397341.json,keep,"A title, sentence, or local section-level window connects primary run entities, declared mechanism/evidence terms, and required outcome terms.",high,high,central,high
pmid-42494592,42494592,PMC13391319,10.3389/fonc.2026.1781401,Clinical features and treatment challenges of HER2-positive primary breast squamous cell carcinoma: a case report and literature review.,pmc_xml,/Users/xingmeng/.openclaw/workspaces/staff-scientist-ideker/agent_LiteratureDueDiligence/runs/pi3k_alpha_inhibition_resistance_review_20260830/Phase1_PubmedCollection/passes/pass_001/artifacts/fulltext_import/PMC_XML/normalized/PMC13391319.json,drop,Readable full text is dominated by run-specific exclusion or deferred-context signals.,low,low,incidental,medium
pmid-42461627,42461627,PMC13377389,10.1001/jamanetworkopen.2026.23522,Novel Immunotherapy Agents in Early-Phase Trials for Head and Neck Cancer.,pmc_xml,/Users/xingmeng/.openclaw/workspaces/staff-scientist-ideker/agent_LiteratureDueDiligence/runs/pi3k_alpha_inhibition_resistance_review_20260830/Phase1_PubmedCollection/passes/pass_001/artifacts/fulltext_import/PMC_XML/normalized/PMC13377389.json,drop,Readable full text is dominated by run-specific exclusion or deferred-context signals.,low,low,incidental,medium
pmid-42449589,42449589,PMC13360249,10.3390/cancers18132042,A Real-World Study on the Effectiveness and Safety of Elacestrant in Patients with ESR1-Mutated Metastatic Breast Cancer Progressing After CDK4/6 Inhibitors and Endocrine Therapy.,pmc_xml,/Users/xingmeng/.openclaw/workspaces/staff-scientist-ideker/agent_LiteratureDueDiligence/runs/pi3k_alpha_inhibition_resistance_review_20260830/Phase1_PubmedCollection/passes/pass_001/artifacts/fulltext_import/PMC_XML/normalized/PMC13360249.json,drop,Readable full text is dominated by run-specific exclusion or deferred-context signals.,low,low,incidental,medium
pmid-42445743,42445743,PMC13361340,10.2147/DDDT.S611371,Precision Endocrine-Based Combinations After CDK4/6 Inhibitor Progression in HR-Positive Metastatic Breast Cancer.,pmc_xml,/Users/xingmeng/.openclaw/workspaces/staff-scientist-ideker/agent_LiteratureDueDiligence/runs/pi3k_alpha_inhibition_resistance_review_20260830/Phase1_PubmedCollection/passes/pass_001/artifacts/fulltext_import/PMC_XML/normalized/PMC13361340.json,drop,Readable full text is dominated by run-specific exclusion or deferred-context signals.,low,low,incidental,medium
pmid-42396524,42396524,PMC13321338,10.21203/rs.3.rs-10011569/v1,Alirocumab Plus Cemiplimab in Immunorefractory NSCLC: A Single Arm Phase 2 Study.,pmc_xml,/Users/xingmeng/.openclaw/workspaces/staff-scientist-ideker/agent_LiteratureDueDiligence/runs/pi3k_alpha_inhibition_resistance_review_20260830/Phase1_PubmedCollection/passes/pass_001/artifacts/fulltext_import/PMC_XML/normalized/PMC13321338.json,keep,"A title, sentence, or local section-level window connects primary run entities, declared mechanism/evidence terms, and required outcome terms.",high,high,central,high
pmid-42391607,42391607,PMC13451091,10.1093/oncolo/oyag242,Molecular tumor board-guided osimertinib therapy in EGFR L858R/Q701L-mutant lung adenocarcinoma supported by functional validation.,pmc_xml,/Users/xingmeng/.openclaw/workspaces/staff-scientist-ideker/agent_LiteratureDueDiligence/runs/pi3k_alpha_inhibition_resistance_review_20260830/Phase1_PubmedCollection/passes/pass_001/artifacts/fulltext_import/PMC_XML/normalized/PMC13451091.json,keep,"A title, sentence, or local section-level window connects primary run entities, declared mechanism/evidence terms, and required outcome terms.",high,high,central,high
pmid-42388639,42388639,PMC13318736,10.3389/fonc.2026.1844982,Case Report: Neoadjuvant chemoimmunotherapy achieving pathological complete response in two cases of stage III EGFR-mutant NSCLC with high PD-L1 expression.,pmc_xml,/Users/xingmeng/.openclaw/workspaces/staff-scientist-ideker/agent_LiteratureDueDiligence/runs/pi3k_alpha_inhibition_resistance_review_20260830/Phase1_PubmedCollection/passes/pass_001/artifacts/fulltext_import/PMC_XML/normalized/PMC13318736.json,drop,Readable full text is dominated by run-specific exclusion or deferred-context signals.,low,low,incidental,medium
pmid-42351448,42351448,PMC13298351,10.3390/diagnostics16121790,"Post-CDK4/6 Inhibitor Therapeutic Approaches in Hormone Receptor-Positive, HER2-Negative Metastatic Breast Cancer: Current Evidence and Emerging Strategies-A Narrative Review.",pmc_xml,/Users/xingmeng/.openclaw/workspaces/staff-scientist-ideker/agent_LiteratureDueDiligence/runs/pi3k_alpha_inhibition_resistance_review_20260830/Phase1_PubmedCollection/passes/pass_001/artifacts/fulltext_import/PMC_XML/normalized/PMC13298351.json,keep,"A title, sentence, or local section-level window connects primary run entities, declared mechanism/evidence terms, and required outcome terms.",high,high,central,high
pmid-42339469,42339469,PMC13286564,10.1159/000552044,Use of Next-Generation Sequencing for Highly Endocrine-Sensitive Metastatic Breast Cancer to Inform Late-Phase Treatments with Sustained Response: A Case Report.,pmc_xml,/Users/xingmeng/.openclaw/workspaces/staff-scientist-ideker/agent_LiteratureDueDiligence/runs/pi3k_alpha_inhibition_resistance_review_20260830/Phase1_PubmedCollection/passes/pass_001/artifacts/fulltext_import/PMC_XML/normalized/PMC13286564.json,drop,Readable full text is dominated by run-specific exclusion or deferred-context signals.,low,low,incidental,medium
pmid-42286162,42286162,PMC13338215,10.1038/s41598-026-57722-9,"Identification of PI3K alpha inhibitors through large-scale virtual screening and integrated molecular modeling, biophysical characterization, and ADMET profiling.",pmc_xml,/Users/xingmeng/.openclaw/workspaces/staff-scientist-ideker/agent_LiteratureDueDiligence/runs/pi3k_alpha_inhibition_resistance_review_20260830/Phase1_PubmedCollection/passes/pass_001/artifacts/fulltext_import/PMC_XML/normalized/PMC13338215.json,keep,"A title, sentence, or local section-level window connects primary run entities, declared mechanism/evidence terms, and required outcome terms.",high,high,central,high
pmid-42194764,42194764,PMC13207011,10.3390/jcm15103803,Capivasertib as a Therapeutic Agent for Breast Cancer: Targeting AKT to Overcome Endocrine Resistance.,pmc_xml,/Users/xingmeng/.openclaw/workspaces/staff-scientist-ideker/agent_LiteratureDueDiligence/runs/pi3k_alpha_inhibition_resistance_review_20260830/Phase1_PubmedCollection/passes/pass_001/artifacts/fulltext_import/PMC_XML/normalized/PMC13207011.json,drop,Readable full text is dominated by run-specific exclusion or deferred-context signals.,low,low,incidental,medium
pmid-42192452,42192452,PMC13214152,10.1186/s13058-026-02311-x,CDK4/6 inhibitors rechallenge post-progression in HR-positive HER2-negative advanced/metastatic breast cancer patients: a meta-analysis of Kaplan-Meier-reconstructed individual-level data.,pmc_xml,/Users/xingmeng/.openclaw/workspaces/staff-scientist-ideker/agent_LiteratureDueDiligence/runs/pi3k_alpha_inhibition_resistance_review_20260830/Phase1_PubmedCollection/passes/pass_001/artifacts/fulltext_import/PMC_XML/normalized/PMC13214152.json,drop,Readable full text is dominated by run-specific exclusion or deferred-context signals.,low,low,incidental,medium
pmid-42180974,42180974,PMC13190948,10.21037/tcr-2025-1-2681,Identifying research gaps in PIK3CA-mutant breast cancer: a bibliometric analysis of evolving trends and clinical applications.,pmc_xml,/Users/xingmeng/.openclaw/workspaces/staff-scientist-ideker/agent_LiteratureDueDiligence/runs/pi3k_alpha_inhibition_resistance_review_20260830/Phase1_PubmedCollection/passes/pass_001/artifacts/fulltext_import/PMC_XML/normalized/PMC13190948.json,keep,"A title, sentence, or local section-level window connects primary run entities, declared mechanism/evidence terms, and required outcome terms.",high,high,central,high
pmid-42164355,42164355,PMC13184214,10.21037/tau-2026-1-0010,Variant allele frequency as a potential marker in response to frontline systemic therapy for patients with locally advanced and metastatic urothelial carcinoma.,pmc_xml,/Users/xingmeng/.openclaw/workspaces/staff-scientist-ideker/agent_LiteratureDueDiligence/runs/pi3k_alpha_inhibition_resistance_review_20260830/Phase1_PubmedCollection/passes/pass_001/artifacts/fulltext_import/PMC_XML/normalized/PMC13184214.json,drop,Readable full text is dominated by run-specific exclusion or deferred-context signals.,low,low,incidental,medium
pmid-42152370,42152370,PMC13183117,10.1097/MD.0000000000048622,PIK3CA mutation detection by circulating tumor cell sequencing guides the effective PI3K inhibitor treatment of a patient with hormone receptor-positive breast cancer transformed into triple-negative breast cancer: A case report.,pmc_xml,/Users/xingmeng/.openclaw/workspaces/staff-scientist-ideker/agent_LiteratureDueDiligence/runs/pi3k_alpha_inhibition_resistance_review_20260830/Phase1_PubmedCollection/passes/pass_001/artifacts/fulltext_import/PMC_XML/normalized/PMC13183117.json,keep,"A title, sentence, or local section-level window connects primary run entities, declared mechanism/evidence terms, and required outcome terms.",high,high,central,high
pmid-42151561,42151561,PMC13427743,10.1038/s41416-026-03438-6,Clinico-molecular predictors of durable response to immune checkpoint inhibitors (ICI) in metastatic cervical cancer (mCC).,pmc_xml,/Users/xingmeng/.openclaw/workspaces/staff-scientist-ideker/agent_LiteratureDueDiligence/runs/pi3k_alpha_inhibition_resistance_review_20260830/Phase1_PubmedCollection/passes/pass_001/artifacts/fulltext_import/PMC_XML/normalized/PMC13427743.json,drop,Readable full text is dominated by run-specific exclusion or deferred-context signals.,low,low,incidental,medium
pmid-42147347,42147347,PMC13171783,10.3389/fphar.2026.1807304,Common oncogenic mutations in colorectal cancer: drivers of carcinogenesis and potential therapeutic targets.,pmc_xml,/Users/xingmeng/.openclaw/workspaces/staff-scientist-ideker/agent_LiteratureDueDiligence/runs/pi3k_alpha_inhibition_resistance_review_20260830/Phase1_PubmedCollection/passes/pass_001/artifacts/fulltext_import/PMC_XML/normalized/PMC13171783.json,keep,"A title, sentence, or local section-level window connects primary run entities, declared mechanism/evidence terms, and required outcome terms.",high,high,central,high
pmid-42137335,42137335,PMC13168110,10.3389/fphar.2026.1779073,Modulation of the PI3K/Akt signaling pathway by steroidal saponins: therapeutic implications in cancer.,pmc_xml,/Users/xingmeng/.openclaw/workspaces/staff-scientist-ideker/agent_LiteratureDueDiligence/runs/pi3k_alpha_inhibition_resistance_review_20260830/Phase1_PubmedCollection/passes/pass_001/artifacts/fulltext_import/PMC_XML/normalized/PMC13168110.json,keep,"A title, sentence, or local section-level window connects primary run entities, declared mechanism/evidence terms, and required outcome terms.",high,high,central,high
pmid-42122186,42122186,PMC13163086,10.3390/cancers18091390,Genomic Predictors of Platinum Resistance and Survival in High-Grade Serous Ovarian Carcinoma: Insights from an Explorative Targeted Next-Generation Sequencing Analysis.,pmc_xml,/Users/xingmeng/.openclaw/workspaces/staff-scientist-ideker/agent_LiteratureDueDiligence/runs/pi3k_alpha_inhibition_resistance_review_20260830/Phase1_PubmedCollection/passes/pass_001/artifacts/fulltext_import/PMC_XML/normalized/PMC13163086.json,drop,Readable full text is dominated by run-specific exclusion or deferred-context signals.,low,low,incidental,medium
pmid-42108204,42108204,PMC13264505,10.1097/CMR.0000000000001103,Novel uveal melanoma patient-derived cell line and organoid models show increased treatment resistance compared with commercially available cell lines.,pmc_xml,/Users/xingmeng/.openclaw/workspaces/staff-scientist-ideker/agent_LiteratureDueDiligence/runs/pi3k_alpha_inhibition_resistance_review_20260830/Phase1_PubmedCollection/passes/pass_001/artifacts/fulltext_import/PMC_XML/normalized/PMC13264505.json,drop,Readable full text is dominated by run-specific exclusion or deferred-context signals.,low,low,incidental,medium
pmid-42082487,42082487,PMC13347040,10.1038/s41467-026-72544-z,Targeting FGFR signaling overcomes therapeutic resistance and immune evasion in oncogenic PIK3CA-driven serous-like endometrial cancer.,pmc_xml,/Users/xingmeng/.openclaw/workspaces/staff-scientist-ideker/agent_LiteratureDueDiligence/runs/pi3k_alpha_inhibition_resistance_review_20260830/Phase1_PubmedCollection/passes/pass_001/artifacts/fulltext_import/PMC_XML/normalized/PMC13347040.json,drop,Readable full text is dominated by run-specific exclusion or deferred-context signals.,low,low,incidental,medium
pmid-41999452,41999452,PMC13091897,10.1007/s11864-026-01391-3,Beyond CDK4/6 Inhibition: Current Strategies in Hormone Receptor-Positive Metastatic Breast Cancer.,pmc_xml,/Users/xingmeng/.openclaw/workspaces/staff-scientist-ideker/agent_LiteratureDueDiligence/runs/pi3k_alpha_inhibition_resistance_review_20260830/Phase1_PubmedCollection/passes/pass_001/artifacts/fulltext_import/PMC_XML/normalized/PMC13091897.json,drop,Readable full text is dominated by run-specific exclusion or deferred-context signals.,low,low,incidental,medium
pmid-41989051,41989051,PMC13091980,10.1177/15330338261444965,"Economic Evaluation of Inavolisib Combined With Palbociclib-Fulvestrant for PIK3CA-Mutated, HR+/HER2- Advanced Breast Cancer in USA.",pmc_xml,/Users/xingmeng/.openclaw/workspaces/staff-scientist-ideker/agent_LiteratureDueDiligence/runs/pi3k_alpha_inhibition_resistance_review_20260830/Phase1_PubmedCollection/passes/pass_001/artifacts/fulltext_import/PMC_XML/normalized/PMC13091980.json,keep,"A title, sentence, or local section-level window connects primary run entities, declared mechanism/evidence terms, and required outcome terms.",high,high,central,high
pmid-41975188,41975188,PMC13183909,10.1038/s41419-026-08735-9,Annexin A3 potentiates lenvatinib resistance in hepatocellular carcinoma through multiple approaches amplified by a positive feedback loop.,pmc_xml,/Users/xingmeng/.openclaw/workspaces/staff-scientist-ideker/agent_LiteratureDueDiligence/runs/pi3k_alpha_inhibition_resistance_review_20260830/Phase1_PubmedCollection/passes/pass_001/artifacts/fulltext_import/PMC_XML/normalized/PMC13183909.json,drop,Readable full text is dominated by run-specific exclusion or deferred-context signals.,low,low,incidental,medium
pmid-41934916,41934916,PMC13085011,10.1016/j.tranon.2026.102753,Synergistic effects through targeting the PI3K and IGFR pathways in treating lung cancer carrying activation alterations along the PI3K pathway.,pmc_xml,/Users/xingmeng/.openclaw/workspaces/staff-scientist-ideker/agent_LiteratureDueDiligence/runs/pi3k_alpha_inhibition_resistance_review_20260830/Phase1_PubmedCollection/passes/pass_001/artifacts/fulltext_import/PMC_XML/normalized/PMC13085011.json,drop,Readable full text is dominated by run-specific exclusion or deferred-context signals.,low,low,incidental,medium
pmid-41925922,41925922,PMC13046609,10.1007/s10549-026-07939-z,Alpelisib and Fulvestrant in PIK3CA-mutated hormone receptor-positive HER2-negative advanced breast cancer included in the German PRAEGNANT trial.,pmc_xml,/Users/xingmeng/.openclaw/workspaces/staff-scientist-ideker/agent_LiteratureDueDiligence/runs/pi3k_alpha_inhibition_resistance_review_20260830/Phase1_PubmedCollection/passes/pass_001/artifacts/fulltext_import/PMC_XML/normalized/PMC13046609.json,drop,Readable full text is dominated by run-specific exclusion or deferred-context signals.,low,low,incidental,medium
pmid-41862468,41862468,PMC13254248,10.1038/s41467-026-70650-6,Dalpiciclib plus chidamide in HR + /HER2-advanced breast cancer after CDK4/6 inhibitor failure: a phase Ib trial.,pmc_xml,/Users/xingmeng/.openclaw/workspaces/staff-scientist-ideker/agent_LiteratureDueDiligence/runs/pi3k_alpha_inhibition_resistance_review_20260830/Phase1_PubmedCollection/passes/pass_001/artifacts/fulltext_import/PMC_XML/normalized/PMC13254248.json,drop,Readable full text is dominated by run-specific exclusion or deferred-context signals.,low,low,incidental,medium
pmid-41832434,41832434,PMC13104295,10.1186/s11658-026-00889-w,Persistent PI3K-AKT signaling fortifies cellular defense against oxidative stress and ferroptosis through augmented mitochondrial fitness.,pmc_xml,/Users/xingmeng/.openclaw/workspaces/staff-scientist-ideker/agent_LiteratureDueDiligence/runs/pi3k_alpha_inhibition_resistance_review_20260830/Phase1_PubmedCollection/passes/pass_001/artifacts/fulltext_import/PMC_XML/normalized/PMC13104295.json,drop,Readable full text is dominated by run-specific exclusion or deferred-context signals.,low,low,incidental,medium
pmid-41806134,41806134,PMC13087067,10.1007/s12672-026-04796-6,Advancements and innovations in the molecular mechanisms and treatment of colorectal cancer.,pmc_xml,/Users/xingmeng/.openclaw/workspaces/staff-scientist-ideker/agent_LiteratureDueDiligence/runs/pi3k_alpha_inhibition_resistance_review_20260830/Phase1_PubmedCollection/passes/pass_001/artifacts/fulltext_import/PMC_XML/normalized/PMC13087067.json,drop,Readable full text is dominated by run-specific exclusion or deferred-context signals.,low,low,incidental,medium
pmid-41802242,41802242,PMC13075786,10.1200/JCO-25-02643,VIKTORIA-1 Trial of Gedatolisib Plus Fulvestrant With or Without Palbociclib in Hormone Receptor-Positive/HER2-/PIK3CA Wild-Type Advanced Breast Cancer.,pmc_xml,/Users/xingmeng/.openclaw/workspaces/staff-scientist-ideker/agent_LiteratureDueDiligence/runs/pi3k_alpha_inhibition_resistance_review_20260830/Phase1_PubmedCollection/passes/pass_001/artifacts/fulltext_import/PMC_XML/normalized/PMC13075786.json,drop,Readable full text is dominated by run-specific exclusion or deferred-context signals.,low,low,incidental,medium
pmid-41801973,41801973,PMC12970912,10.1371/journal.pone.0344393,Context-dependent dysregulation of store-operated calcium channels in head and neck squamous cell carcinoma.,pmc_xml,/Users/xingmeng/.openclaw/workspaces/staff-scientist-ideker/agent_LiteratureDueDiligence/runs/pi3k_alpha_inhibition_resistance_review_20260830/Phase1_PubmedCollection/passes/pass_001/artifacts/fulltext_import/PMC_XML/normalized/PMC12970912.json,drop,Readable full text is dominated by run-specific exclusion or deferred-context signals.,low,low,incidental,medium
pmid-41799769,41799769,PMC12964585,10.7150/ijms.123727,Gene Mutations and Related Molecular Events in Distant Metastasis of Cervical Cancer: A Review.,pmc_xml,/Users/xingmeng/.openclaw/workspaces/staff-scientist-ideker/agent_LiteratureDueDiligence/runs/pi3k_alpha_inhibition_resistance_review_20260830/Phase1_PubmedCollection/passes/pass_001/artifacts/fulltext_import/PMC_XML/normalized/PMC12964585.json,drop,Readable full text is dominated by run-specific exclusion or deferred-context signals.,low,low,incidental,medium
pmid-41794007,41794007,PMC12988422,10.1016/j.tranon.2026.102723,Molecular mechanisms and therapeutic targeting implications of ER/mTOR signaling axis-driven tumor progression in aggressive meningiomas.,pmc_xml,/Users/xingmeng/.openclaw/workspaces/staff-scientist-ideker/agent_LiteratureDueDiligence/runs/pi3k_alpha_inhibition_resistance_review_20260830/Phase1_PubmedCollection/passes/pass_001/artifacts/fulltext_import/PMC_XML/normalized/PMC12988422.json,drop,Readable full text is dominated by run-specific exclusion or deferred-context signals.,low,low,incidental,medium
pmid-41752918,41752918,PMC12941683,10.3390/life16020282,Deciphering the Genomic Landscape of Oropharyngeal Squamous Cell Carcinoma: Distinct Mutation Patterns in Disease.,pmc_xml,/Users/xingmeng/.openclaw/workspaces/staff-scientist-ideker/agent_LiteratureDueDiligence/runs/pi3k_alpha_inhibition_resistance_review_20260830/Phase1_PubmedCollection/passes/pass_001/artifacts/fulltext_import/PMC_XML/normalized/PMC12941683.json,drop,Readable full text is dominated by run-specific exclusion or deferred-context signals.,low,low,incidental,medium
pmid-41681940,41681940,PMC12896634,10.3390/cancers18030468,Comparison Between Alpelisib Plus Endocrine Therapy and Everolimus Plus Endocrine Therapy After CDK4/6 Inhibitors Progression in Patients with PIK3CA-Mutant Metastatic Breast Cancer: A Single-Center Retrospective Study.,pmc_xml,/Users/xingmeng/.openclaw/workspaces/staff-scientist-ideker/agent_LiteratureDueDiligence/runs/pi3k_alpha_inhibition_resistance_review_20260830/Phase1_PubmedCollection/passes/pass_001/artifacts/fulltext_import/PMC_XML/normalized/PMC12896634.json,drop,Readable full text is dominated by run-specific exclusion or deferred-context signals.,low,low,incidental,medium
pmid-41669566,41669566,PMC12885026,10.1080/19768354.2026.2625524,Proteomics and phosphoproteomics of human colorectal cancer cells lacking a specific kinase activity reveal kinase-specific compensatory responses.,pmc_xml,/Users/xingmeng/.openclaw/workspaces/staff-scientist-ideker/agent_LiteratureDueDiligence/runs/pi3k_alpha_inhibition_resistance_review_20260830/Phase1_PubmedCollection/passes/pass_001/artifacts/fulltext_import/PMC_XML/normalized/PMC12885026.json,drop,Readable full text is dominated by run-specific exclusion or deferred-context signals.,low,low,incidental,medium
pmid-41620612,41620612,PMC12964663,10.1186/s13058-025-02152-0,Sequential use of PI3K/AKT/mTOR pathway inhibitors alpelisib and everolimus in patients with hormone receptor-positive metastatic breast cancer.,pmc_xml,/Users/xingmeng/.openclaw/workspaces/staff-scientist-ideker/agent_LiteratureDueDiligence/runs/pi3k_alpha_inhibition_resistance_review_20260830/Phase1_PubmedCollection/passes/pass_001/artifacts/fulltext_import/PMC_XML/normalized/PMC12964663.json,drop,Readable full text is dominated by run-specific exclusion or deferred-context signals.,low,low,incidental,medium
pmid-41604817,41604817,PMC12865632,10.1016/j.esmoop.2025.105936,Clinical management of common toxicities with inhibitors targeting the PI3K/AKT/mTOR pathway in breast cancer.,pmc_xml,/Users/xingmeng/.openclaw/workspaces/staff-scientist-ideker/agent_LiteratureDueDiligence/runs/pi3k_alpha_inhibition_resistance_review_20260830/Phase1_PubmedCollection/passes/pass_001/artifacts/fulltext_import/PMC_XML/normalized/PMC12865632.json,drop,Readable full text is dominated by run-specific exclusion or deferred-context signals.,low,low,incidental,medium
pmid-41587113,41587113,PMC13266340,10.1158/1078-0432.CCR-25-0650,"Role of ctDNA in Predicting the Outcome of Patients with Hormone Receptor-Positive, HER2-Negative Advanced Breast Cancer Treated with First-line Ribociclib and Letrozole: BioItaLEE Trial.",pmc_xml,/Users/xingmeng/.openclaw/workspaces/staff-scientist-ideker/agent_LiteratureDueDiligence/runs/pi3k_alpha_inhibition_resistance_review_20260830/Phase1_PubmedCollection/passes/pass_001/artifacts/fulltext_import/PMC_XML/normalized/PMC13266340.json,drop,Readable full text is dominated by run-specific exclusion or deferred-context signals.,low,low,incidental,medium
pmid-41562186,41562186,PMC12820914,10.1002/gcc.70100,Molecular Landscape of TP53/RB1 Co-Altered Tumors Uncovers Emerging Therapeutic Vulnerabilities.,pmc_xml,/Users/xingmeng/.openclaw/workspaces/staff-scientist-ideker/agent_LiteratureDueDiligence/runs/pi3k_alpha_inhibition_resistance_review_20260830/Phase1_PubmedCollection/passes/pass_001/artifacts/fulltext_import/PMC_XML/normalized/PMC12820914.json,drop,Readable full text is dominated by run-specific exclusion or deferred-context signals.,low,low,incidental,medium
pmid-41344057,41344057,PMC12719973,10.1016/j.tranon.2025.102629,The PI3K pathway is a downstream effector of NRF2 activation in the esophagus.,pmc_xml,/Users/xingmeng/.openclaw/workspaces/staff-scientist-ideker/agent_LiteratureDueDiligence/runs/pi3k_alpha_inhibition_resistance_review_20260830/Phase1_PubmedCollection/passes/pass_001/artifacts/fulltext_import/PMC_XML/normalized/PMC12719973.json,drop,Readable full text is dominated by run-specific exclusion or deferred-context signals.,low,low,incidental,medium
pmid-41324568,41324568,PMC12869161,10.1158/1078-0432.CCR-25-2298,Addition of Ipatasertib to Dual Anti-HER2 Maintenance Therapy in HER2-Positive Metastatic Breast Tumors with PIK3CA Mutations: The Phase Ib SOLTI-1507 IPATHER Trial.,pmc_xml,/Users/xingmeng/.openclaw/workspaces/staff-scientist-ideker/agent_LiteratureDueDiligence/runs/pi3k_alpha_inhibition_resistance_review_20260830/Phase1_PubmedCollection/passes/pass_001/artifacts/fulltext_import/PMC_XML/normalized/PMC12869161.json,drop,Readable full text is dominated by run-specific exclusion or deferred-context signals.,low,low,incidental,medium
pmid-41503337,41503337,PMC12772933,10.7759/cureus.98637,Unveiling Novel Genetic Mutations and Prognostic Indicators in Breast Carcinoma: An Analysis of The Cancer Genome Atlas (TCGA) Data.,pmc_xml,/Users/xingmeng/.openclaw/workspaces/staff-scientist-ideker/agent_LiteratureDueDiligence/runs/pi3k_alpha_inhibition_resistance_review_20260830/Phase1_PubmedCollection/passes/pass_001/artifacts/fulltext_import/PMC_XML/normalized/PMC12772933.json,drop,Readable full text is dominated by run-specific exclusion or deferred-context signals.,low,low,incidental,medium
pmid-41465766,41465766,PMC12734118,10.3390/life15121828,Computational Investigation Identifies mTOR as a Primary Binding Target of Medicarpin in Cholangiocarcinoma: Insights from Network Pharmacology and Molecular Docking.,pmc_xml,/Users/xingmeng/.openclaw/workspaces/staff-scientist-ideker/agent_LiteratureDueDiligence/runs/pi3k_alpha_inhibition_resistance_review_20260830/Phase1_PubmedCollection/passes/pass_001/artifacts/fulltext_import/PMC_XML/normalized/PMC12734118.json,drop,Readable full text is dominated by run-specific exclusion or deferred-context signals.,low,low,incidental,medium
pmid-41459869,41459869,PMC13246316,10.31557/APJCP.2025.26.12.4549,Innovations in Oncology Diagnostics: Genetic Research and Liquid Biopsy as Tools of Personalised Medicine.,pmc_xml,/Users/xingmeng/.openclaw/workspaces/staff-scientist-ideker/agent_LiteratureDueDiligence/runs/pi3k_alpha_inhibition_resistance_review_20260830/Phase1_PubmedCollection/passes/pass_001/artifacts/fulltext_import/PMC_XML/normalized/PMC13246316.json,keep,"A title, sentence, or local section-level window connects primary run entities, declared mechanism/evidence terms, and required outcome terms.",high,high,central,high
pmid-41423595,41423595,PMC12829183,10.1186/s13058-025-02168-6,"Imlunestrant, an oral selective estrogen receptor degrader, in combination with HER2 directed therapy, with or without abemaciclib, in ER-positive, HER2-positive advanced breast cancer: results from the phase 1a/1b EMBER study.",pmc_xml,/Users/xingmeng/.openclaw/workspaces/staff-scientist-ideker/agent_LiteratureDueDiligence/runs/pi3k_alpha_inhibition_resistance_review_20260830/Phase1_PubmedCollection/passes/pass_001/artifacts/fulltext_import/PMC_XML/normalized/PMC12829183.json,drop,Readable full text is dominated by run-specific exclusion or deferred-context signals.,low,low,incidental,medium
pmid-41399494,41399494,PMC12702183,10.1016/j.isci.2025.113999,Organoid platinum-resistance model identifies KRT17 as a biomarker of targeted therapy in ovarian cancer.,pmc_xml,/Users/xingmeng/.openclaw/workspaces/staff-scientist-ideker/agent_LiteratureDueDiligence/runs/pi3k_alpha_inhibition_resistance_review_20260830/Phase1_PubmedCollection/passes/pass_001/artifacts/fulltext_import/PMC_XML/normalized/PMC12702183.json,drop,Readable full text is dominated by run-specific exclusion or deferred-context signals.,low,low,incidental,medium
pmid-41373618,41373618,PMC12692115,10.3390/ijms262311463,Targeted DNA Sequencing for Tailored Therapies in Children with Extracranial Solid Tumors.,pmc_xml,/Users/xingmeng/.openclaw/workspaces/staff-scientist-ideker/agent_LiteratureDueDiligence/runs/pi3k_alpha_inhibition_resistance_review_20260830/Phase1_PubmedCollection/passes/pass_001/artifacts/fulltext_import/PMC_XML/normalized/PMC12692115.json,drop,Readable full text is dominated by run-specific exclusion or deferred-context signals.,low,low,incidental,medium
pmid-41372771,41372771,PMC12802272,10.1186/s13058-025-02162-y,Retrospective review of metastatic hormone receptor-positive inflammatory breast cancer patients reveals poor responses to cyclin dependent kinase 4/6 inhibition.,pmc_xml,/Users/xingmeng/.openclaw/workspaces/staff-scientist-ideker/agent_LiteratureDueDiligence/runs/pi3k_alpha_inhibition_resistance_review_20260830/Phase1_PubmedCollection/passes/pass_001/artifacts/fulltext_import/PMC_XML/normalized/PMC12802272.json,drop,Readable full text is dominated by run-specific exclusion or deferred-context signals.,low,low,incidental,medium
pmid-41372143,41372143,PMC12770561,10.1038/s41467-025-66632-9,The PIK3CA/AKT pathway drives therapy resistance in rhabdomyosarcoma.,pmc_xml,/Users/xingmeng/.openclaw/workspaces/staff-scientist-ideker/agent_LiteratureDueDiligence/runs/pi3k_alpha_inhibition_resistance_review_20260830/Phase1_PubmedCollection/passes/pass_001/artifacts/fulltext_import/PMC_XML/normalized/PMC12770561.json,drop,Readable full text is dominated by run-specific exclusion or deferred-context signals.,low,low,incidental,medium
pmid-41367952,41367952,PMC12682999,10.1177/17588359251396651,Genomics of ovarian cancers and the potential of precision medicine.,pmc_xml,/Users/xingmeng/.openclaw/workspaces/staff-scientist-ideker/agent_LiteratureDueDiligence/runs/pi3k_alpha_inhibition_resistance_review_20260830/Phase1_PubmedCollection/passes/pass_001/artifacts/fulltext_import/PMC_XML/normalized/PMC12682999.json,drop,Readable full text is dominated by run-specific exclusion or deferred-context signals.,low,low,incidental,medium
pmid-41367877,41367877,PMC12682693,10.3389/fonc.2025.1676296,Caprine herpes virus-1 reduces cell viability and enhances chemosensitivity in breast cancer cells.,pmc_xml,/Users/xingmeng/.openclaw/workspaces/staff-scientist-ideker/agent_LiteratureDueDiligence/runs/pi3k_alpha_inhibition_resistance_review_20260830/Phase1_PubmedCollection/passes/pass_001/artifacts/fulltext_import/PMC_XML/normalized/PMC12682693.json,drop,Readable full text is dominated by run-specific exclusion or deferred-context signals.,low,low,incidental,medium
pmid-41315778,41315778,PMC12663446,10.1038/s41598-025-26858-5,PIK75 effectively reverses PI3K‒AKT activation caused by palbociclib resistance and synergistically inhibits the progression of esophageal squamous cell carcinoma.,pmc_xml,/Users/xingmeng/.openclaw/workspaces/staff-scientist-ideker/agent_LiteratureDueDiligence/runs/pi3k_alpha_inhibition_resistance_review_20260830/Phase1_PubmedCollection/passes/pass_001/artifacts/fulltext_import/PMC_XML/normalized/PMC12663446.json,keep,"A title, sentence, or local section-level window connects primary run entities, declared mechanism/evidence terms, and required outcome terms.",high,high,central,high
pmid-41294853,41294853,PMC12650966,10.3390/cells14221800,"Ferroptosis in Anaplastic Thyroid Cancer: Molecular Mechanisms, Preclinical Evidence, and Therapeutic Prospects.",pmc_xml,/Users/xingmeng/.openclaw/workspaces/staff-scientist-ideker/agent_LiteratureDueDiligence/runs/pi3k_alpha_inhibition_resistance_review_20260830/Phase1_PubmedCollection/passes/pass_001/artifacts/fulltext_import/PMC_XML/normalized/PMC12650966.json,drop,Readable full text is dominated by run-specific exclusion or deferred-context signals.,low,low,incidental,medium
pmid-41280894,41280894,PMC12631382,10.3389/fimmu.2025.1693927,Mechanistic optimization of inavolisib combined with CDK4/6 inhibitors in the treatment of PIK3CA-mutated breast tumors.,pmc_xml,/Users/xingmeng/.openclaw/workspaces/staff-scientist-ideker/agent_LiteratureDueDiligence/runs/pi3k_alpha_inhibition_resistance_review_20260830/Phase1_PubmedCollection/passes/pass_001/artifacts/fulltext_import/PMC_XML/normalized/PMC12631382.json,keep,"A title, sentence, or local section-level window connects primary run entities, declared mechanism/evidence terms, and required outcome terms.",high,high,central,high
pmid-41258151,41258151,PMC12630906,10.1038/s41598-025-24625-0,Network centric identification of PI3K/Akt hub proteins as key oncogenic drivers and therapeutic targets.,pmc_xml,/Users/xingmeng/.openclaw/workspaces/staff-scientist-ideker/agent_LiteratureDueDiligence/runs/pi3k_alpha_inhibition_resistance_review_20260830/Phase1_PubmedCollection/passes/pass_001/artifacts/fulltext_import/PMC_XML/normalized/PMC12630906.json,keep,"A title, sentence, or local section-level window connects primary run entities, declared mechanism/evidence terms, and required outcome terms.",high,high,central,high
pmid-41203797,41203797,PMC12594994,10.1038/s41698-025-01106-1,"Co-clinical trial targeting ER, FGFR and CDK4/6 in resistant hormone-positive breast cancer with FGFR alterations.",pmc_xml,/Users/xingmeng/.openclaw/workspaces/staff-scientist-ideker/agent_LiteratureDueDiligence/runs/pi3k_alpha_inhibition_resistance_review_20260830/Phase1_PubmedCollection/passes/pass_001/artifacts/fulltext_import/PMC_XML/normalized/PMC12594994.json,drop,Readable full text is dominated by run-specific exclusion or deferred-context signals.,low,low,incidental,medium
pmid-41203598,41203598,PMC12594950,10.1038/s41419-025-08045-6,The RNA N(6)-methyladenosine methylome coordinates long non-coding RNAs to mediate cancer drug resistance by activating PI3K signaling.,pmc_xml,/Users/xingmeng/.openclaw/workspaces/staff-scientist-ideker/agent_LiteratureDueDiligence/runs/pi3k_alpha_inhibition_resistance_review_20260830/Phase1_PubmedCollection/passes/pass_001/artifacts/fulltext_import/PMC_XML/normalized/PMC12594950.json,drop,Readable full text is dominated by run-specific exclusion or deferred-context signals.,low,low,incidental,medium
pmid-41182553,41182553,PMC12583257,10.1007/s44313-025-00107-0,"Unveiling the role of microRNAs, the PI3K/AKT pathway, and their associations in various types of leukemia: a comprehensive review.",pmc_xml,/Users/xingmeng/.openclaw/workspaces/staff-scientist-ideker/agent_LiteratureDueDiligence/runs/pi3k_alpha_inhibition_resistance_review_20260830/Phase1_PubmedCollection/passes/pass_001/artifacts/fulltext_import/PMC_XML/normalized/PMC12583257.json,drop,Readable full text is dominated by run-specific exclusion or deferred-context signals.,low,low,incidental,medium
pmid-41162674,41162674,PMC12572245,10.1038/s42003-025-08788-0,scGSDR: Harnessing gene semantics for single-cell pharmacological profiling.,pmc_xml,/Users/xingmeng/.openclaw/workspaces/staff-scientist-ideker/agent_LiteratureDueDiligence/runs/pi3k_alpha_inhibition_resistance_review_20260830/Phase1_PubmedCollection/passes/pass_001/artifacts/fulltext_import/PMC_XML/normalized/PMC12572245.json,drop,Readable full text is dominated by run-specific exclusion or deferred-context signals.,low,low,incidental,medium
pmid-41152656,41152656,PMC12568875,10.1007/s10238-025-01889-4,FLT3LG as an inflammatory hub bridging tumor immune surveillance to therapy response in breast cancer.,pmc_xml,/Users/xingmeng/.openclaw/workspaces/staff-scientist-ideker/agent_LiteratureDueDiligence/runs/pi3k_alpha_inhibition_resistance_review_20260830/Phase1_PubmedCollection/passes/pass_001/artifacts/fulltext_import/PMC_XML/normalized/PMC12568875.json,drop,Readable full text is dominated by run-specific exclusion or deferred-context signals.,low,low,incidental,medium
pmid-41142476,41142476,PMC12547099,10.1177/17588359251376858,SMARCA4-deficient dedifferentiated ovarian carcinoma with rapid progression during adjuvant platinum-based chemotherapy: a case report and implications for molecular-driven treatment strategies.,pmc_xml,/Users/xingmeng/.openclaw/workspaces/staff-scientist-ideker/agent_LiteratureDueDiligence/runs/pi3k_alpha_inhibition_resistance_review_20260830/Phase1_PubmedCollection/passes/pass_001/artifacts/fulltext_import/PMC_XML/normalized/PMC12547099.json,drop,Readable full text is dominated by run-specific exclusion or deferred-context signals.,low,low,incidental,medium
pmid-41128012,41128012,PMC12547478,10.1002/cam4.71215,Molecular Characteristics and Treatment Implications of TP53 Gain-of-Function Mutations in Non-Small Cell Lung Cancer.,pmc_xml,/Users/xingmeng/.openclaw/workspaces/staff-scientist-ideker/agent_LiteratureDueDiligence/runs/pi3k_alpha_inhibition_resistance_review_20260830/Phase1_PubmedCollection/passes/pass_001/artifacts/fulltext_import/PMC_XML/normalized/PMC12547478.json,drop,Readable full text is dominated by run-specific exclusion or deferred-context signals.,low,low,incidental,medium
pmid-41107466,41107466,PMC12534536,10.1038/s43856-025-01150-9,Discovering anticancer drug target combinations via network-informed signaling-based approach.,pmc_xml,/Users/xingmeng/.openclaw/workspaces/staff-scientist-ideker/agent_LiteratureDueDiligence/runs/pi3k_alpha_inhibition_resistance_review_20260830/Phase1_PubmedCollection/passes/pass_001/artifacts/fulltext_import/PMC_XML/normalized/PMC12534536.json,drop,Readable full text is dominated by run-specific exclusion or deferred-context signals.,low,low,incidental,medium
pmid-41079023,41079023,PMC12514518,10.1016/j.eclinm.2025.103535,Efficacy and safety of systemic therapies following progression on CDK4/6 inhibitors in patients with HR+/HER2- metastatic breast cancer: a systematic review and network meta-analysis.,pmc_xml,/Users/xingmeng/.openclaw/workspaces/staff-scientist-ideker/agent_LiteratureDueDiligence/runs/pi3k_alpha_inhibition_resistance_review_20260830/Phase1_PubmedCollection/passes/pass_001/artifacts/fulltext_import/PMC_XML/normalized/PMC12514518.json,keep,"A title, sentence, or local section-level window connects primary run entities, declared mechanism/evidence terms, and required outcome terms.",high,high,central,high
pmid-41053651,41053651,PMC12502568,10.1186/s12885-025-15012-z,Novel anticancer effect of substituted imidazole derivatives against urothelial carcinoma: integrating In vitro screening and molecular docking for target kinases.,pmc_xml,/Users/xingmeng/.openclaw/workspaces/staff-scientist-ideker/agent_LiteratureDueDiligence/runs/pi3k_alpha_inhibition_resistance_review_20260830/Phase1_PubmedCollection/passes/pass_001/artifacts/fulltext_import/PMC_XML/normalized/PMC12502568.json,drop,Readable full text is dominated by run-specific exclusion or deferred-context signals.,low,low,incidental,medium
pmid-41037898,41037898,PMC12523064,10.1016/j.esmoop.2025.105808,"Cyclin-dependent kinase 4/6 inhibitors beyond progression in hormone receptor-positive, HER2-negative advanced breast cancer: a systematic review and meta-analysis (REIGNITE study).",pmc_xml,/Users/xingmeng/.openclaw/workspaces/staff-scientist-ideker/agent_LiteratureDueDiligence/runs/pi3k_alpha_inhibition_resistance_review_20260830/Phase1_PubmedCollection/passes/pass_001/artifacts/fulltext_import/PMC_XML/normalized/PMC12523064.json,keep,"A title, sentence, or local section-level window connects primary run entities, declared mechanism/evidence terms, and required outcome terms.",high,high,central,high
pmid-41024108,41024108,PMC12482239,10.1186/s40164-025-00706-8,Precise regulation of RAS-Mediated PI3Kα activation: therapeutic potential of BBO-10203 in cancer treatment.,pmc_xml,/Users/xingmeng/.openclaw/workspaces/staff-scientist-ideker/agent_LiteratureDueDiligence/runs/pi3k_alpha_inhibition_resistance_review_20260830/Phase1_PubmedCollection/passes/pass_001/artifacts/fulltext_import/PMC_XML/normalized/PMC12482239.json,drop,Readable full text is dominated by run-specific exclusion or deferred-context signals.,low,low,incidental,medium
pmid-41020523,41020523,PMC12477610,10.1093/bib/bbaf510,AdaSemb: an adaptive knowledge-driven deep learning framework integrating cancer protein assemblies for predicting PI3Kα inhibitor response and resistance.,pmc_xml,/Users/xingmeng/.openclaw/workspaces/staff-scientist-ideker/agent_LiteratureDueDiligence/runs/pi3k_alpha_inhibition_resistance_review_20260830/Phase1_PubmedCollection/passes/pass_001/artifacts/fulltext_import/PMC_XML/normalized/PMC12477610.json,keep,"A title, sentence, or local section-level window connects primary run entities, declared mechanism/evidence terms, and required outcome terms.",high,high,central,high
pmid-40991650,40991650,PMC12618074,10.1172/JCI180927,USP10/GSK3β-mediated inhibition of PTEN drives resistance to PI3K inhibitors in breast cancer.,pmc_xml,/Users/xingmeng/.openclaw/workspaces/staff-scientist-ideker/agent_LiteratureDueDiligence/runs/pi3k_alpha_inhibition_resistance_review_20260830/Phase1_PubmedCollection/passes/pass_001/artifacts/fulltext_import/PMC_XML/normalized/PMC12618074.json,drop,Readable full text is dominated by run-specific exclusion or deferred-context signals.,low,low,incidental,medium
pmid-40930104,40930104,PMC12802574,10.1016/j.xgen.2025.100987,Detection of heterogeneous resistance mechanisms to tyrosine kinase inhibitors from cell-free DNA.,pmc_xml,/Users/xingmeng/.openclaw/workspaces/staff-scientist-ideker/agent_LiteratureDueDiligence/runs/pi3k_alpha_inhibition_resistance_review_20260830/Phase1_PubmedCollection/passes/pass_001/artifacts/fulltext_import/PMC_XML/normalized/PMC12802574.json,drop,Readable full text is dominated by run-specific exclusion or deferred-context signals.,low,low,incidental,medium
pmid-40909965,40909965,PMC12405409,10.3389/fonc.2025.1595513,"Double trouble, managing bilateral inflammatory breast cancer: a case report.",pmc_xml,/Users/xingmeng/.openclaw/workspaces/staff-scientist-ideker/agent_LiteratureDueDiligence/runs/pi3k_alpha_inhibition_resistance_review_20260830/Phase1_PubmedCollection/passes/pass_001/artifacts/fulltext_import/PMC_XML/normalized/PMC12405409.json,drop,Readable full text is dominated by run-specific exclusion or deferred-context signals.,low,low,incidental,medium
pmid-40819062,40819062,PMC12357851,10.1038/s41523-025-00802-2,Circulating genomic landscape following cyclin-dependent kinase 4/6 inhibitors exposure in HR + /HER2- metastatic breast cancer: a retrospective multi-institutional Consortium analysis.,pmc_xml,/Users/xingmeng/.openclaw/workspaces/staff-scientist-ideker/agent_LiteratureDueDiligence/runs/pi3k_alpha_inhibition_resistance_review_20260830/Phase1_PubmedCollection/passes/pass_001/artifacts/fulltext_import/PMC_XML/normalized/PMC12357851.json,drop,Readable full text is dominated by run-specific exclusion or deferred-context signals.,low,low,incidental,medium
pmid-40761208,40761208,PMC12319610,10.21037/acr-24-67,Heterogeneity and co-occurrence of resistance mechanisms in EGFR-TKI-induced NSCLC to SCLC transformation: a case report.,pmc_xml,/Users/xingmeng/.openclaw/workspaces/staff-scientist-ideker/agent_LiteratureDueDiligence/runs/pi3k_alpha_inhibition_resistance_review_20260830/Phase1_PubmedCollection/passes/pass_001/artifacts/fulltext_import/PMC_XML/normalized/PMC12319610.json,drop,Readable full text is dominated by run-specific exclusion or deferred-context signals.,low,low,incidental,medium
pmid-40723270,40723270,PMC12293187,10.3390/cancers17142388,Co-Occurring Genomic Alterations in NSCLC: Making Order into a Crowded List.,pmc_xml,/Users/xingmeng/.openclaw/workspaces/staff-scientist-ideker/agent_LiteratureDueDiligence/runs/pi3k_alpha_inhibition_resistance_review_20260830/Phase1_PubmedCollection/passes/pass_001/artifacts/fulltext_import/PMC_XML/normalized/PMC12293187.json,drop,Readable full text is dominated by run-specific exclusion or deferred-context signals.,low,low,incidental,medium
pmid-40722937,40722937,PMC12291976,10.3390/antiox14070833,Serine-Driven Metabolic Plasticity Drives Adaptive Resilience in Pancreatic Cancer Cells.,pmc_xml,/Users/xingmeng/.openclaw/workspaces/staff-scientist-ideker/agent_LiteratureDueDiligence/runs/pi3k_alpha_inhibition_resistance_review_20260830/Phase1_PubmedCollection/passes/pass_001/artifacts/fulltext_import/PMC_XML/normalized/PMC12291976.json,drop,Readable full text is dominated by run-specific exclusion or deferred-context signals.,low,low,incidental,medium
pmid-40714513,40714513,PMC12314381,10.1016/j.esmoop.2025.105506,Circulating tumor DNA mutational landscape and dynamics after progression on a CDK4/6 inhibitor in the PACE phase II trial for metastatic HR-positive/HER2-negative breast cancer.,pmc_xml,/Users/xingmeng/.openclaw/workspaces/staff-scientist-ideker/agent_LiteratureDueDiligence/runs/pi3k_alpha_inhibition_resistance_review_20260830/Phase1_PubmedCollection/passes/pass_001/artifacts/fulltext_import/PMC_XML/normalized/PMC12314381.json,keep,"A title, sentence, or local section-level window connects primary run entities, declared mechanism/evidence terms, and required outcome terms.",high,high,central,high
pmid-40705396,40705396,PMC12440240,10.1158/1078-0432.CCR-25-0201,"Durvalumab versus Physician's Choice Chemotherapy in Recurrent Ovarian Clear Cell Adenocarcinoma (MOCCA/APGOT-OV2/GCGS-OV3): A Multicenter, Randomized, Phase 2 Trial.",pmc_xml,/Users/xingmeng/.openclaw/workspaces/staff-scientist-ideker/agent_LiteratureDueDiligence/runs/pi3k_alpha_inhibition_resistance_review_20260830/Phase1_PubmedCollection/passes/pass_001/artifacts/fulltext_import/PMC_XML/normalized/PMC12440240.json,keep,"A title, sentence, or local section-level window connects primary run entities, declared mechanism/evidence terms, and required outcome terms.",high,high,central,high
pmid-40702584,40702584,PMC12288196,10.1186/s40364-025-00809-8,Multiple ctDNA- based biomarkers predict benefit from selective RET Inhibition in non-small cell lung cancer patients: exploratory analysis of a prospective study.,pmc_xml,/Users/xingmeng/.openclaw/workspaces/staff-scientist-ideker/agent_LiteratureDueDiligence/runs/pi3k_alpha_inhibition_resistance_review_20260830/Phase1_PubmedCollection/passes/pass_001/artifacts/fulltext_import/PMC_XML/normalized/PMC12288196.json,drop,Readable full text is dominated by run-specific exclusion or deferred-context signals.,low,low,incidental,medium
pmid-40686734,40686734,PMC12276056,10.1155/crog/1319978,Treatment of Ovarian Clear Cell Carcinoma: A Case of Successful Management With Targeted Therapies.,pmc_xml,/Users/xingmeng/.openclaw/workspaces/staff-scientist-ideker/agent_LiteratureDueDiligence/runs/pi3k_alpha_inhibition_resistance_review_20260830/Phase1_PubmedCollection/passes/pass_001/artifacts/fulltext_import/PMC_XML/normalized/PMC12276056.json,keep,"A title, sentence, or local section-level window connects primary run entities, declared mechanism/evidence terms, and required outcome terms.",high,high,central,high
pmid-40656600,40656600,PMC12254669,10.1177/17588359251353623,Understanding and overcoming CDK4/6 inhibitor resistance in HR+/HER2- metastatic breast cancer: clinical and molecular perspectives.,pmc_xml,/Users/xingmeng/.openclaw/workspaces/staff-scientist-ideker/agent_LiteratureDueDiligence/runs/pi3k_alpha_inhibition_resistance_review_20260830/Phase1_PubmedCollection/passes/pass_001/artifacts/fulltext_import/PMC_XML/normalized/PMC12254669.json,keep,"A title, sentence, or local section-level window connects primary run entities, declared mechanism/evidence terms, and required outcome terms.",high,high,central,high
pmid-40652157,40652157,PMC12331804,10.1007/s10549-025-07759-7,"Genomic landscape of hormone therapy-resistant HR-positive, HER2-negative breast cancer.",pmc_xml,/Users/xingmeng/.openclaw/workspaces/staff-scientist-ideker/agent_LiteratureDueDiligence/runs/pi3k_alpha_inhibition_resistance_review_20260830/Phase1_PubmedCollection/passes/pass_001/artifacts/fulltext_import/PMC_XML/normalized/PMC12331804.json,drop,Readable full text is dominated by run-specific exclusion or deferred-context signals.,low,low,incidental,medium
pmid-40629431,40629431,PMC12236047,10.1186/s13058-025-02080-z,Mutational landscape of pure ductal carcinoma in situ and associations with disease prognosis and response to radiotherapy.,pmc_xml,/Users/xingmeng/.openclaw/workspaces/staff-scientist-ideker/agent_LiteratureDueDiligence/runs/pi3k_alpha_inhibition_resistance_review_20260830/Phase1_PubmedCollection/passes/pass_001/artifacts/fulltext_import/PMC_XML/normalized/PMC12236047.json,keep,"A title, sentence, or local section-level window connects primary run entities, declared mechanism/evidence terms, and required outcome terms.",high,high,central,high
pmid-40597137,40597137,PMC12220564,10.1186/s12916-025-04198-5,Long-term efficacy and updated survival outcomes of sintilimab plus anlotinib in patients with PD-L1-positive recurrent or metastatic cervical cancer.,pmc_xml,/Users/xingmeng/.openclaw/workspaces/staff-scientist-ideker/agent_LiteratureDueDiligence/runs/pi3k_alpha_inhibition_resistance_review_20260830/Phase1_PubmedCollection/passes/pass_001/artifacts/fulltext_import/PMC_XML/normalized/PMC12220564.json,drop,Readable full text is dominated by run-specific exclusion or deferred-context signals.,low,low,incidental,medium
pmid-40575161,40575161,PMC12197955,10.3389/fonc.2025.1557609,"Navigating beyond the surface - prognostic significance of KRAS, NRAS, BRAF, PIK3CA, and TP53 mutations examined by exons.",pmc_xml,/Users/xingmeng/.openclaw/workspaces/staff-scientist-ideker/agent_LiteratureDueDiligence/runs/pi3k_alpha_inhibition_resistance_review_20260830/Phase1_PubmedCollection/passes/pass_001/artifacts/fulltext_import/PMC_XML/normalized/PMC12197955.json,drop,Readable full text is dominated by run-specific exclusion or deferred-context signals.,low,low,incidental,medium
pmid-40547649,40547649,PMC12177749,10.1021/acsomega.5c00914,Evaluation of Bioactivity Effects of Paramignya trimera in the Treatment of Lung Cancer through In Silico Approaches.,pmc_xml,/Users/xingmeng/.openclaw/workspaces/staff-scientist-ideker/agent_LiteratureDueDiligence/runs/pi3k_alpha_inhibition_resistance_review_20260830/Phase1_PubmedCollection/passes/pass_001/artifacts/fulltext_import/PMC_XML/normalized/PMC12177749.json,drop,Readable full text is dominated by run-specific exclusion or deferred-context signals.,low,low,incidental,medium
pmid-40536266,40536266,PMC12204390,10.1093/oncolo/oyaf126,Prolonged response to PIK3CA inhibition in an advanced hormone-positive breast cancer patient with 3 mutations in the alpha subunit of PI-3 kinase.,pmc_xml,/Users/xingmeng/.openclaw/workspaces/staff-scientist-ideker/agent_LiteratureDueDiligence/runs/pi3k_alpha_inhibition_resistance_review_20260830/Phase1_PubmedCollection/passes/pass_001/artifacts/fulltext_import/PMC_XML/normalized/PMC12204390.json,drop,Readable full text is dominated by run-specific exclusion or deferred-context signals.,low,low,incidental,medium
pmid-40512191,40512191,PMC7618057,10.1158/1078-0432.CCR-24-2763,ctDNA Analysis in ERBB2-Amplified Colorectal Cancer: Biomarker Analysis of the MyPathway Trial.,pmc_xml,/Users/xingmeng/.openclaw/workspaces/staff-scientist-ideker/agent_LiteratureDueDiligence/runs/pi3k_alpha_inhibition_resistance_review_20260830/Phase1_PubmedCollection/passes/pass_001/artifacts/fulltext_import/PMC_XML/normalized/PMC7618057.json,drop,Readable full text is dominated by run-specific exclusion or deferred-context signals.,low,low,incidental,medium
pmid-40481231,40481231,PMC12322174,10.1038/s41431-025-01885-y,First report of successful pregnancies after treatment with alpelisib for PIK3CA-related overgrowth spectrum.,pmc_xml,/Users/xingmeng/.openclaw/workspaces/staff-scientist-ideker/agent_LiteratureDueDiligence/runs/pi3k_alpha_inhibition_resistance_review_20260830/Phase1_PubmedCollection/passes/pass_001/artifacts/fulltext_import/PMC_XML/normalized/PMC12322174.json,keep,"A title, sentence, or local section-level window connects primary run entities, declared mechanism/evidence terms, and required outcome terms.",high,high,central,high
pmid-40463905,40463905,PMC12129891,10.3389/fphar.2025.1582005,ARID1A deficiency attenuates the response to EGFR-TKI treatment in lung adenocarcinoma.,pmc_xml,/Users/xingmeng/.openclaw/workspaces/staff-scientist-ideker/agent_LiteratureDueDiligence/runs/pi3k_alpha_inhibition_resistance_review_20260830/Phase1_PubmedCollection/passes/pass_001/artifacts/fulltext_import/PMC_XML/normalized/PMC12129891.json,drop,Readable full text is dominated by run-specific exclusion or deferred-context signals.,low,low,incidental,medium
pmid-40456875,40456875,PMC12130495,10.1038/s41598-025-99541-4,MET exon 14 skipping mutations in non-small-cell lung cancer a 3 years screening experience.,pmc_xml,/Users/xingmeng/.openclaw/workspaces/staff-scientist-ideker/agent_LiteratureDueDiligence/runs/pi3k_alpha_inhibition_resistance_review_20260830/Phase1_PubmedCollection/passes/pass_001/artifacts/fulltext_import/PMC_XML/normalized/PMC12130495.json,drop,Readable full text is dominated by run-specific exclusion or deferred-context signals.,low,low,incidental,medium
pmid-40454641,40454641,PMC13496148,10.1056/NEJMoa2501796,Overall Survival with Inavolisib in PIK3CA-Mutated Advanced Breast Cancer.,pmc_xml,/Users/xingmeng/.openclaw/workspaces/staff-scientist-ideker/agent_LiteratureDueDiligence/runs/pi3k_alpha_inhibition_resistance_review_20260830/Phase1_PubmedCollection/passes/pass_001/artifacts/fulltext_import/PMC_XML/normalized/PMC13496148.json,keep,"A title, sentence, or local section-level window connects primary run entities, declared mechanism/evidence terms, and required outcome terms.",high,high,central,high
pmid-40452844,40452844,PMC12123358,10.3389/fonc.2025.1477910,RET fusion driven (RETfus+) non-small cell lung cancer: a comprehensive genomic profiling study with histologic correlation.,pmc_xml,/Users/xingmeng/.openclaw/workspaces/staff-scientist-ideker/agent_LiteratureDueDiligence/runs/pi3k_alpha_inhibition_resistance_review_20260830/Phase1_PubmedCollection/passes/pass_001/artifacts/fulltext_import/PMC_XML/normalized/PMC12123358.json,drop,Readable full text is dominated by run-specific exclusion or deferred-context signals.,low,low,incidental,medium
pmid-40369610,40369610,PMC12079830,10.1186/s13058-025-02020-x,ESR1 testing on FFPE samples from metastatic lesions in HR + /HER2- breast cancer after progression on CDK4/6 inhibitor therapy.,pmc_xml,/Users/xingmeng/.openclaw/workspaces/staff-scientist-ideker/agent_LiteratureDueDiligence/runs/pi3k_alpha_inhibition_resistance_review_20260830/Phase1_PubmedCollection/passes/pass_001/artifacts/fulltext_import/PMC_XML/normalized/PMC12079830.json,keep,"A title, sentence, or local section-level window connects primary run entities, declared mechanism/evidence terms, and required outcome terms.",high,high,central,high
pmid-40360478,40360478,PMC12075687,10.1038/s41467-025-59397-8,DiffInvex identifies evolutionary shifts in driver gene repertoires during tumorigenesis and chemotherapy.,pmc_xml,/Users/xingmeng/.openclaw/workspaces/staff-scientist-ideker/agent_LiteratureDueDiligence/runs/pi3k_alpha_inhibition_resistance_review_20260830/Phase1_PubmedCollection/passes/pass_001/artifacts/fulltext_import/PMC_XML/normalized/PMC12075687.json,keep,"A title, sentence, or local section-level window connects primary run entities, declared mechanism/evidence terms, and required outcome terms.",high,high,central,high
pmid-40323930,40323930,PMC12052133,10.1371/journal.pone.0322154,High frequency of the PIK3CA H1047L mutation in Indonesian breast cancer across molecular subtypes.,pmc_xml,/Users/xingmeng/.openclaw/workspaces/staff-scientist-ideker/agent_LiteratureDueDiligence/runs/pi3k_alpha_inhibition_resistance_review_20260830/Phase1_PubmedCollection/passes/pass_001/artifacts/fulltext_import/PMC_XML/normalized/PMC12052133.json,drop,Readable full text is dominated by run-specific exclusion or deferred-context signals.,low,low,incidental,medium
pmid-40303291,40303291,PMC12035905,10.7150/ijbs.104850,The SGK3/GSK3β/β-catenin signaling promotes breast cancer stemness and confers resistance to alpelisib therapy.,pmc_xml,/Users/xingmeng/.openclaw/workspaces/staff-scientist-ideker/agent_LiteratureDueDiligence/runs/pi3k_alpha_inhibition_resistance_review_20260830/Phase1_PubmedCollection/passes/pass_001/artifacts/fulltext_import/PMC_XML/normalized/PMC12035905.json,keep,"A title, sentence, or local section-level window connects primary run entities, declared mechanism/evidence terms, and required outcome terms.",high,high,central,high
pmid-40301895,40301895,PMC12042384,10.1186/s12916-025-04075-1,Molecular characteristics and responses to EGFR tyrosine kinase inhibitors in non-small cell lung cancer patients with EGFR exon 19 insertions.,pmc_xml,/Users/xingmeng/.openclaw/workspaces/staff-scientist-ideker/agent_LiteratureDueDiligence/runs/pi3k_alpha_inhibition_resistance_review_20260830/Phase1_PubmedCollection/passes/pass_001/artifacts/fulltext_import/PMC_XML/normalized/PMC12042384.json,drop,Readable full text is dominated by run-specific exclusion or deferred-context signals.,low,low,incidental,medium
pmid-40277762,40277762,PMC12026433,10.3390/curroncol32040205,Neuroendocrine Breast Cancer-Associated Ectopic Adrenocorticotropic Hormone Syndrome Requiring Bilateral Adrenalectomy.,pmc_xml,/Users/xingmeng/.openclaw/workspaces/staff-scientist-ideker/agent_LiteratureDueDiligence/runs/pi3k_alpha_inhibition_resistance_review_20260830/Phase1_PubmedCollection/passes/pass_001/artifacts/fulltext_import/PMC_XML/normalized/PMC12026433.json,drop,Readable full text is dominated by run-specific exclusion or deferred-context signals.,low,low,incidental,medium
pmid-40260297,40260297,PMC12009697,10.3389/fonc.2025.1527484,Case Report: FGFR2 inhibitor resistance via PIK3CA and CDKN2A/B in an intrahepatic cholangiocarcinoma patient with FGFR2-SH3GLB1 fusion.,pmc_xml,/Users/xingmeng/.openclaw/workspaces/staff-scientist-ideker/agent_LiteratureDueDiligence/runs/pi3k_alpha_inhibition_resistance_review_20260830/Phase1_PubmedCollection/passes/pass_001/artifacts/fulltext_import/PMC_XML/normalized/PMC12009697.json,drop,Readable full text is dominated by run-specific exclusion or deferred-context signals.,low,low,incidental,medium
pmid-40224173,40224173,PMC11985432,10.3389/fonc.2025.1558470,TAS-102 in combination with bevacizumab for second-line treatment of metastatic colorectal cancer with a hypertensive elderly patient: a case report.,pmc_xml,/Users/xingmeng/.openclaw/workspaces/staff-scientist-ideker/agent_LiteratureDueDiligence/runs/pi3k_alpha_inhibition_resistance_review_20260830/Phase1_PubmedCollection/passes/pass_001/artifacts/fulltext_import/PMC_XML/normalized/PMC11985432.json,drop,Readable full text is dominated by run-specific exclusion or deferred-context signals.,low,low,incidental,medium
pmid-40192953,40192953,PMC12062054,10.1007/s40291-025-00777-7,Clinical Actionability of Molecular Targets in Multi-Ethnic Breast Cancer Patients: A Retrospective Single-Institutional Study.,pmc_xml,/Users/xingmeng/.openclaw/workspaces/staff-scientist-ideker/agent_LiteratureDueDiligence/runs/pi3k_alpha_inhibition_resistance_review_20260830/Phase1_PubmedCollection/passes/pass_001/artifacts/fulltext_import/PMC_XML/normalized/PMC12062054.json,drop,Readable full text is dominated by run-specific exclusion or deferred-context signals.,low,low,incidental,medium
pmid-40177613,40177613,PMC11963819,10.2147/OTT.S510988,Genomic Insights Into Early Relapsed Breast Cancer: Prognostic Challenges and Mutation Landscape.,pmc_xml,/Users/xingmeng/.openclaw/workspaces/staff-scientist-ideker/agent_LiteratureDueDiligence/runs/pi3k_alpha_inhibition_resistance_review_20260830/Phase1_PubmedCollection/passes/pass_001/artifacts/fulltext_import/PMC_XML/normalized/PMC11963819.json,drop,Readable full text is dominated by run-specific exclusion or deferred-context signals.,low,low,incidental,medium
pmid-40113784,40113784,PMC11926384,10.1038/s41392-025-02180-4,Targeting PI3K inhibitor resistance in breast cancer with metabolic drugs.,pmc_xml,/Users/xingmeng/.openclaw/workspaces/staff-scientist-ideker/agent_LiteratureDueDiligence/runs/pi3k_alpha_inhibition_resistance_review_20260830/Phase1_PubmedCollection/passes/pass_001/artifacts/fulltext_import/PMC_XML/normalized/PMC11926384.json,drop,Readable full text is dominated by run-specific exclusion or deferred-context signals.,low,low,incidental,medium
pmid-40109859,40109859,PMC11915050,10.32604/or.2024.056282,Exploring the utility of a NGS multigene panel to predict BCG response in patients with non-muscle invasive bladder cancer.,pmc_xml,/Users/xingmeng/.openclaw/workspaces/staff-scientist-ideker/agent_LiteratureDueDiligence/runs/pi3k_alpha_inhibition_resistance_review_20260830/Phase1_PubmedCollection/passes/pass_001/artifacts/fulltext_import/PMC_XML/normalized/PMC11915050.json,drop,Readable full text is dominated by run-specific exclusion or deferred-context signals.,low,low,incidental,medium
pmid-40009285,40009285,PMC11865409,10.1007/s12672-025-01976-8,Genomic and micro-environmental insights into drug resistance in colorectal cancer liver metastases.,pmc_xml,/Users/xingmeng/.openclaw/workspaces/staff-scientist-ideker/agent_LiteratureDueDiligence/runs/pi3k_alpha_inhibition_resistance_review_20260830/Phase1_PubmedCollection/passes/pass_001/artifacts/fulltext_import/PMC_XML/normalized/PMC11865409.json,drop,Readable full text is dominated by run-specific exclusion or deferred-context signals.,low,low,incidental,medium
pmid-39979449,39979449,PMC11842864,10.1038/s41598-025-90714-9,PI3Kα-specific inhibitor BYL-719 synergizes with cisplatin in vitro in PIK3CA-mutated ovarian cancer cells.,pmc_xml,/Users/xingmeng/.openclaw/workspaces/staff-scientist-ideker/agent_LiteratureDueDiligence/runs/pi3k_alpha_inhibition_resistance_review_20260830/Phase1_PubmedCollection/passes/pass_001/artifacts/fulltext_import/PMC_XML/normalized/PMC11842864.json,drop,Readable full text is dominated by run-specific exclusion or deferred-context signals.,low,low,incidental,medium
pmid-39935426,39935426,PMC11810462,10.20517/cdr.2024.169,Optimizing therapeutic approaches for HR+/HER2- advanced breast cancer: clinical perspectives on biomarkers and treatment strategies post-CDK4/6 inhibitor progression.,pmc_xml,/Users/xingmeng/.openclaw/workspaces/staff-scientist-ideker/agent_LiteratureDueDiligence/runs/pi3k_alpha_inhibition_resistance_review_20260830/Phase1_PubmedCollection/passes/pass_001/artifacts/fulltext_import/PMC_XML/normalized/PMC11810462.json,keep,"A title, sentence, or local section-level window connects primary run entities, declared mechanism/evidence terms, and required outcome terms.",high,high,central,high
pmid-39920872,39920872,PMC11806886,10.1186/s40170-025-00375-5,CD36 inhibition enhances the anti-proliferative effects of PI3K inhibitors in PTEN-loss anti-HER2 resistant breast cancer cells.,pmc_xml,/Users/xingmeng/.openclaw/workspaces/staff-scientist-ideker/agent_LiteratureDueDiligence/runs/pi3k_alpha_inhibition_resistance_review_20260830/Phase1_PubmedCollection/passes/pass_001/artifacts/fulltext_import/PMC_XML/normalized/PMC11806886.json,drop,Readable full text is dominated by run-specific exclusion or deferred-context signals.,low,low,incidental,medium
pmid-39913886,39913886,PMC12002398,10.1200/PO-24-00451,Phase II Study of Copanlisib in Patients With PTEN Loss: Results From NCI-MATCH ECOG-ACRIN Trial (EAY131) Subprotocols Z1G and Z1H.,pmc_xml,/Users/xingmeng/.openclaw/workspaces/staff-scientist-ideker/agent_LiteratureDueDiligence/runs/pi3k_alpha_inhibition_resistance_review_20260830/Phase1_PubmedCollection/passes/pass_001/artifacts/fulltext_import/PMC_XML/normalized/PMC12002398.json,drop,Readable full text is dominated by run-specific exclusion or deferred-context signals.,low,low,incidental,medium
pmid-39851969,39851969,PMC11763720,10.3390/curroncol32010053,Systematic Review and Network Meta-Analysis on Treating Hormone Receptor-Positive Metastatic Breast Cancer After CDK4/6 Inhibitors.,pmc_xml,/Users/xingmeng/.openclaw/workspaces/staff-scientist-ideker/agent_LiteratureDueDiligence/runs/pi3k_alpha_inhibition_resistance_review_20260830/Phase1_PubmedCollection/passes/pass_001/artifacts/fulltext_import/PMC_XML/normalized/PMC11763720.json,drop,Readable full text is dominated by run-specific exclusion or deferred-context signals.,low,low,incidental,medium
pmid-39805880,39805880,PMC11729857,10.1038/s41598-024-83030-1,Exploring target selectivity in designing and identifying PI3Kα inhibitors for triple negative breast cancer with fragment-based and bioisosteric replacement approach.,pmc_xml,/Users/xingmeng/.openclaw/workspaces/staff-scientist-ideker/agent_LiteratureDueDiligence/runs/pi3k_alpha_inhibition_resistance_review_20260830/Phase1_PubmedCollection/passes/pass_001/artifacts/fulltext_import/PMC_XML/normalized/PMC11729857.json,drop,Readable full text is dominated by run-specific exclusion or deferred-context signals.,low,low,incidental,medium
pmid-39762482,39762482,PMC11704227,10.1038/s41698-024-00793-6,Mechanisms of KRAS inhibitor resistance in KRAS-mutant colorectal cancer harboring Her2 amplification and aberrant KRAS localization.,pmc_xml,/Users/xingmeng/.openclaw/workspaces/staff-scientist-ideker/agent_LiteratureDueDiligence/runs/pi3k_alpha_inhibition_resistance_review_20260830/Phase1_PubmedCollection/passes/pass_001/artifacts/fulltext_import/PMC_XML/normalized/PMC11704227.json,keep,"A title, sentence, or local section-level window connects primary run entities, declared mechanism/evidence terms, and required outcome terms.",high,high,central,high
pmid-39709507,39709507,PMC11839470,10.1038/s41417-024-00867-4,PIK3CA mutation fortifies molecular determinants for immune signaling in vascular cancers.,pmc_xml,/Users/xingmeng/.openclaw/workspaces/staff-scientist-ideker/agent_LiteratureDueDiligence/runs/pi3k_alpha_inhibition_resistance_review_20260830/Phase1_PubmedCollection/passes/pass_001/artifacts/fulltext_import/PMC_XML/normalized/PMC11839470.json,keep,"A title, sentence, or local section-level window connects primary run entities, declared mechanism/evidence terms, and required outcome terms.",high,high,central,high
pmid-39693591,39693591,PMC11936477,10.1200/JCO-24-02086,Abemaciclib Plus Fulvestrant in Advanced Breast Cancer After Progression on CDK4/6 Inhibition: Results From the Phase III postMONARCH Trial.,pmc_xml,/Users/xingmeng/.openclaw/workspaces/staff-scientist-ideker/agent_LiteratureDueDiligence/runs/pi3k_alpha_inhibition_resistance_review_20260830/Phase1_PubmedCollection/passes/pass_001/artifacts/fulltext_import/PMC_XML/normalized/PMC11936477.json,drop,Readable full text is dominated by run-specific exclusion or deferred-context signals.,low,low,incidental,medium
pmid-39652577,39652577,PMC11831106,10.1158/0008-5472.CAN-24-2608,"Imlunestrant Is an Oral, Brain-Penetrant Selective Estrogen Receptor Degrader with Potent Antitumor Activity in ESR1 Wild-Type and Mutant Breast Cancer.",pmc_xml,/Users/xingmeng/.openclaw/workspaces/staff-scientist-ideker/agent_LiteratureDueDiligence/runs/pi3k_alpha_inhibition_resistance_review_20260830/Phase1_PubmedCollection/passes/pass_001/artifacts/fulltext_import/PMC_XML/normalized/PMC11831106.json,keep,"A title, sentence, or local section-level window connects primary run entities, declared mechanism/evidence terms, and required outcome terms.",high,high,central,high
pmid-39092562,39092562,PMC11705819,10.1002/1878-0261.13703,"Assessments of prostate cancer cell functions highlight differences between a pan-PI3K/mTOR inhibitor, gedatolisib, and single-node inhibitors of the PI3K/AKT/mTOR pathway.",pmc_xml,/Users/xingmeng/.openclaw/workspaces/staff-scientist-ideker/agent_LiteratureDueDiligence/runs/pi3k_alpha_inhibition_resistance_review_20260830/Phase1_PubmedCollection/passes/pass_001/artifacts/fulltext_import/PMC_XML/normalized/PMC11705819.json,drop,Readable full text is dominated by run-specific exclusion or deferred-context signals.,low,low,incidental,medium
pmid-41306515,41306515,PMC12646283,10.1101/2024.10.11.617918,Anticancer Target Combinations: Network-Informed Signaling-Based Approach to Discovery.,pmc_xml,/Users/xingmeng/.openclaw/workspaces/staff-scientist-ideker/agent_LiteratureDueDiligence/runs/pi3k_alpha_inhibition_resistance_review_20260830/Phase1_PubmedCollection/passes/pass_001/artifacts/fulltext_import/PMC_XML/normalized/PMC12646283.json,drop,Readable full text is dominated by run-specific exclusion or deferred-context signals.,low,low,incidental,medium
pmid-39796647,39796647,PMC11718791,10.3390/cancers17010016,New Emerging Therapies Targeting PI3K/AKT/mTOR/PTEN Pathway in Hormonal Receptor-Positive and HER2-Negative Breast Cancer-Current State and Molecular Pathology Perspective.,pmc_xml,/Users/xingmeng/.openclaw/workspaces/staff-scientist-ideker/agent_LiteratureDueDiligence/runs/pi3k_alpha_inhibition_resistance_review_20260830/Phase1_PubmedCollection/passes/pass_001/artifacts/fulltext_import/PMC_XML/normalized/PMC11718791.json,drop,Readable full text is dominated by run-specific exclusion or deferred-context signals.,low,low,incidental,medium
pmid-39796090,39796090,PMC11719933,10.3390/ijms26010235,Dynamic Changes in Circulating Tumor DNA During Immunotherapy for Head and Neck Cancer: SHIZUKU-HN Study.,pmc_xml,/Users/xingmeng/.openclaw/workspaces/staff-scientist-ideker/agent_LiteratureDueDiligence/runs/pi3k_alpha_inhibition_resistance_review_20260830/Phase1_PubmedCollection/passes/pass_001/artifacts/fulltext_import/PMC_XML/normalized/PMC11719933.json,drop,Readable full text is dominated by run-specific exclusion or deferred-context signals.,low,low,incidental,medium
pmid-39768828,39768828,PMC11676099,10.3390/medicina60121946,Successful Treatment of Abdominal Wall Advanced Endometriosis-Associated Clear Cell Carcinoma with AKT Pathway Inhibitor: Case Report.,pmc_xml,/Users/xingmeng/.openclaw/workspaces/staff-scientist-ideker/agent_LiteratureDueDiligence/runs/pi3k_alpha_inhibition_resistance_review_20260830/Phase1_PubmedCollection/passes/pass_001/artifacts/fulltext_import/PMC_XML/normalized/PMC11676099.json,drop,Readable full text is dominated by run-specific exclusion or deferred-context signals.,low,low,incidental,medium
pmid-39764125,39764125,PMC11702776,10.21203/rs.3.rs-5663230/v1,The RNA N(6)-Methyladenosine MethylomeCoordinates Long Non-Coding RNAs to MediateCancer Drug Resistance by Activating PI3KSignaling.,pmc_xml,/Users/xingmeng/.openclaw/workspaces/staff-scientist-ideker/agent_LiteratureDueDiligence/runs/pi3k_alpha_inhibition_resistance_review_20260830/Phase1_PubmedCollection/passes/pass_001/artifacts/fulltext_import/PMC_XML/normalized/PMC11702776.json,drop,Readable full text is dominated by run-specific exclusion or deferred-context signals.,low,low,incidental,medium
pmid-39743996,39743996,PMC11688600,10.3389/fonc.2024.1467722,A good response to furmonertinib fourth-line treatment of an advanced lung adenocarcinoma patient with EGFR exon20in and PIK3CA mutation: a case report and literature review.,pmc_xml,/Users/xingmeng/.openclaw/workspaces/staff-scientist-ideker/agent_LiteratureDueDiligence/runs/pi3k_alpha_inhibition_resistance_review_20260830/Phase1_PubmedCollection/passes/pass_001/artifacts/fulltext_import/PMC_XML/normalized/PMC11688600.json,drop,Readable full text is dominated by run-specific exclusion or deferred-context signals.,low,low,incidental,medium
pmid-39695129,39695129,PMC11655652,10.1038/s41420-024-02223-9,Oleanolic acid combined with aspirin plays antitumor roles in colorectal cancer via the Akt/NFκB/IκBα/COX2 pathway.,pmc_xml,/Users/xingmeng/.openclaw/workspaces/staff-scientist-ideker/agent_LiteratureDueDiligence/runs/pi3k_alpha_inhibition_resistance_review_20260830/Phase1_PubmedCollection/passes/pass_001/artifacts/fulltext_import/PMC_XML/normalized/PMC11655652.json,drop,Readable full text is dominated by run-specific exclusion or deferred-context signals.,low,low,incidental,medium
pmid-39555098,39555098,PMC11565213,10.3389/fphar.2024.1494802,The role of PIK3CA gene mutations in colorectal cancer and the selection of treatment strategies.,pmc_xml,/Users/xingmeng/.openclaw/workspaces/staff-scientist-ideker/agent_LiteratureDueDiligence/runs/pi3k_alpha_inhibition_resistance_review_20260830/Phase1_PubmedCollection/passes/pass_001/artifacts/fulltext_import/PMC_XML/normalized/PMC11565213.json,keep,"A title, sentence, or local section-level window connects primary run entities, declared mechanism/evidence terms, and required outcome terms.",high,high,central,high
pmid-39543535,39543535,PMC11566382,10.1186/s12885-024-13125-5,Molecular profiling reveals novel therapeutic targets and clonal evolution in ovarian clear cell carcinoma.,pmc_xml,/Users/xingmeng/.openclaw/workspaces/staff-scientist-ideker/agent_LiteratureDueDiligence/runs/pi3k_alpha_inhibition_resistance_review_20260830/Phase1_PubmedCollection/passes/pass_001/artifacts/fulltext_import/PMC_XML/normalized/PMC11566382.json,drop,Readable full text is dominated by run-specific exclusion or deferred-context signals.,low,low,incidental,medium
pmid-39497720,39497720,PMC11532092,10.3389/fonc.2024.1470827,The potential role of next-generation sequencing in identifying MET amplification and disclosing resistance mechanisms in NSCLC patients with osimertinib resistance.,pmc_xml,/Users/xingmeng/.openclaw/workspaces/staff-scientist-ideker/agent_LiteratureDueDiligence/runs/pi3k_alpha_inhibition_resistance_review_20260830/Phase1_PubmedCollection/passes/pass_001/artifacts/fulltext_import/PMC_XML/normalized/PMC11532092.json,drop,Readable full text is dominated by run-specific exclusion or deferred-context signals.,low,low,incidental,medium
pmid-39497713,39497713,PMC11532185,10.3389/fonc.2024.1435537,Comprehensive liquid biopsy analysis for monitoring NSCLC patients under second-line osimertinib treatment.,pmc_xml,/Users/xingmeng/.openclaw/workspaces/staff-scientist-ideker/agent_LiteratureDueDiligence/runs/pi3k_alpha_inhibition_resistance_review_20260830/Phase1_PubmedCollection/passes/pass_001/artifacts/fulltext_import/PMC_XML/normalized/PMC11532185.json,drop,Readable full text is dominated by run-specific exclusion or deferred-context signals.,low,low,incidental,medium
pmid-39469631,39469631,PMC11514072,10.3389/fphar.2024.1443422,Effects of BYL-719 (alpelisib) on human breast cancer stem cells to overcome drug resistance in human breast cancer.,pmc_xml,/Users/xingmeng/.openclaw/workspaces/staff-scientist-ideker/agent_LiteratureDueDiligence/runs/pi3k_alpha_inhibition_resistance_review_20260830/Phase1_PubmedCollection/passes/pass_001/artifacts/fulltext_import/PMC_XML/normalized/PMC11514072.json,keep,"A title, sentence, or local section-level window connects primary run entities, declared mechanism/evidence terms, and required outcome terms.",high,high,central,high
pmid-39457497,39457497,PMC11505462,10.3390/biomedicines12102183,"A Novel AKT1, ERBB2, ESR1, KRAS, PIK3CA, and TP53 NGS Assay: A Non-Invasive Tool to Monitor Resistance Mechanisms to Hormonal Therapy and CDK4/6 Inhibitors.",pmc_xml,/Users/xingmeng/.openclaw/workspaces/staff-scientist-ideker/agent_LiteratureDueDiligence/runs/pi3k_alpha_inhibition_resistance_review_20260830/Phase1_PubmedCollection/passes/pass_001/artifacts/fulltext_import/PMC_XML/normalized/PMC11505462.json,drop,Readable full text is dominated by run-specific exclusion or deferred-context signals.,low,low,incidental,medium
pmid-39456616,39456616,PMC11505998,10.3390/cancers16203520,"Functional Assessments of Gynecologic Cancer Models Highlight Differences Between Single-Node Inhibitors of the PI3K/AKT/mTOR Pathway and a Pan-PI3K/mTOR Inhibitor, Gedatolisib.",pmc_xml,/Users/xingmeng/.openclaw/workspaces/staff-scientist-ideker/agent_LiteratureDueDiligence/runs/pi3k_alpha_inhibition_resistance_review_20260830/Phase1_PubmedCollection/passes/pass_001/artifacts/fulltext_import/PMC_XML/normalized/PMC11505998.json,drop,Readable full text is dominated by run-specific exclusion or deferred-context signals.,low,low,incidental,medium
pmid-39452555,39452555,PMC11508418,10.3390/jpm14101048,Personalized Treatment Strategies via Integration of Gene Expression Biomarkers in Molecular Profiling of Laryngeal Cancer.,pmc_xml,/Users/xingmeng/.openclaw/workspaces/staff-scientist-ideker/agent_LiteratureDueDiligence/runs/pi3k_alpha_inhibition_resistance_review_20260830/Phase1_PubmedCollection/passes/pass_001/artifacts/fulltext_import/PMC_XML/normalized/PMC11508418.json,drop,Readable full text is dominated by run-specific exclusion or deferred-context signals.,low,low,incidental,medium
pmid-39409880,39409880,PMC11476299,10.3390/cancers16193259,PLK1 Inhibitor Onvansertib Enhances the Efficacy of Alpelisib in PIK3CA-Mutated HR-Positive Breast Cancer Resistant to Palbociclib and Endocrine Therapy: Preclinical Insights.,pmc_xml,/Users/xingmeng/.openclaw/workspaces/staff-scientist-ideker/agent_LiteratureDueDiligence/runs/pi3k_alpha_inhibition_resistance_review_20260830/Phase1_PubmedCollection/passes/pass_001/artifacts/fulltext_import/PMC_XML/normalized/PMC11476299.json,keep,"A title, sentence, or local section-level window connects primary run entities, declared mechanism/evidence terms, and required outcome terms.",high,high,central,high
pmid-39386783,39386783,PMC11462463,10.1016/j.heliyon.2024.e37873,Development and validation of a multi-marker liquid bead array assay for the simultaneous detection of PIK3CA and ESR1 hotspot mutations in single circulating tumor cells (CTCs).,pmc_xml,/Users/xingmeng/.openclaw/workspaces/staff-scientist-ideker/agent_LiteratureDueDiligence/runs/pi3k_alpha_inhibition_resistance_review_20260830/Phase1_PubmedCollection/passes/pass_001/artifacts/fulltext_import/PMC_XML/normalized/PMC11462463.json,keep,"A title, sentence, or local section-level window connects primary run entities, declared mechanism/evidence terms, and required outcome terms.",high,high,central,high
pmid-39376013,39376013,PMC11458888,10.1002/cnr2.70023,Alpelisib and Immunotherapy: A Promising Combination for Recurrent and Metastatic Squamous Cell Carcinoma of the Head and Neck.,pmc_xml,/Users/xingmeng/.openclaw/workspaces/staff-scientist-ideker/agent_LiteratureDueDiligence/runs/pi3k_alpha_inhibition_resistance_review_20260830/Phase1_PubmedCollection/passes/pass_001/artifacts/fulltext_import/PMC_XML/normalized/PMC11458888.json,drop,Readable full text is dominated by run-specific exclusion or deferred-context signals.,low,low,incidental,medium
pmid-39363320,39363320,PMC11451117,10.1186/s12943-024-02134-4,Deciphering resistance mechanisms in cancer: final report of MATCH-R study with a focus on molecular drivers and PDX development.,pmc_xml,/Users/xingmeng/.openclaw/workspaces/staff-scientist-ideker/agent_LiteratureDueDiligence/runs/pi3k_alpha_inhibition_resistance_review_20260830/Phase1_PubmedCollection/passes/pass_001/artifacts/fulltext_import/PMC_XML/normalized/PMC11451117.json,drop,Readable full text is dominated by run-specific exclusion or deferred-context signals.,low,low,incidental,medium
pmid-39298693,39298693,PMC11581706,10.1200/PO.24.00258,Phase II Study of Samotolisib in Children and Young Adults With Tumors Harboring Phosphoinositide 3-Kinase/Mammalian Target of Rapamycin Pathway Alterations: Pediatric MATCH APEC1621D.,pmc_xml,/Users/xingmeng/.openclaw/workspaces/staff-scientist-ideker/agent_LiteratureDueDiligence/runs/pi3k_alpha_inhibition_resistance_review_20260830/Phase1_PubmedCollection/passes/pass_001/artifacts/fulltext_import/PMC_XML/normalized/PMC11581706.json,drop,Readable full text is dominated by run-specific exclusion or deferred-context signals.,low,low,incidental,medium
pmid-39290454,39290454,PMC11405990,10.1016/j.ctro.2024.100853,Prognostic implications of HIF-1α expression in anal squamous cell carcinoma treated with intensity-modulated radiotherapy (IMRT).,pmc_xml,/Users/xingmeng/.openclaw/workspaces/staff-scientist-ideker/agent_LiteratureDueDiligence/runs/pi3k_alpha_inhibition_resistance_review_20260830/Phase1_PubmedCollection/passes/pass_001/artifacts/fulltext_import/PMC_XML/normalized/PMC11405990.json,drop,Readable full text is dominated by run-specific exclusion or deferred-context signals.,low,low,incidental,medium
pmid-39269823,39269823,PMC11491993,10.3233/CBM-230431,Circulating tumor DNA (ctDNA) as a biomarker of response to therapy in advanced Hepatocellular carcinoma treated with Nivolumab.,pmc_xml,/Users/xingmeng/.openclaw/workspaces/staff-scientist-ideker/agent_LiteratureDueDiligence/runs/pi3k_alpha_inhibition_resistance_review_20260830/Phase1_PubmedCollection/passes/pass_001/artifacts/fulltext_import/PMC_XML/normalized/PMC11491993.json,drop,Readable full text is dominated by run-specific exclusion or deferred-context signals.,low,low,incidental,medium
pmid-39236276,39236276,PMC11575912,10.1200/JCO.24.00110,"Phase I/Ib Trial of Inavolisib Plus Palbociclib and Endocrine Therapy for PIK3CA-Mutated, Hormone Receptor-Positive, Human Epidermal Growth Factor Receptor 2-Negative Advanced or Metastatic Breast Cancer.",pmc_xml,/Users/xingmeng/.openclaw/workspaces/staff-scientist-ideker/agent_LiteratureDueDiligence/runs/pi3k_alpha_inhibition_resistance_review_20260830/Phase1_PubmedCollection/passes/pass_001/artifacts/fulltext_import/PMC_XML/normalized/PMC11575912.json,drop,Readable full text is dominated by run-specific exclusion or deferred-context signals.,low,low,incidental,medium
pmid-39118880,39118880,PMC11304159,10.21037/tlcr-23-769,Intracranial response to capmatinib after progression on crizotinib in a patient with MET exon 14 skipping non-small cell lung cancer-a case report.,pmc_xml,/Users/xingmeng/.openclaw/workspaces/staff-scientist-ideker/agent_LiteratureDueDiligence/runs/pi3k_alpha_inhibition_resistance_review_20260830/Phase1_PubmedCollection/passes/pass_001/artifacts/fulltext_import/PMC_XML/normalized/PMC11304159.json,keep,"A title, sentence, or local section-level window connects primary run entities, declared mechanism/evidence terms, and required outcome terms.",high,high,central,high
pmid-39020533,39020533,PMC11384855,10.47162/RJME.65.2.05,"NGS mutational status on first diagnostic tissue, liquid biopsy and mastectomy in G2-G3 breast cancer.",pmc_xml,/Users/xingmeng/.openclaw/workspaces/staff-scientist-ideker/agent_LiteratureDueDiligence/runs/pi3k_alpha_inhibition_resistance_review_20260830/Phase1_PubmedCollection/passes/pass_001/artifacts/fulltext_import/PMC_XML/normalized/PMC11384855.json,keep,"A title, sentence, or local section-level window connects primary run entities, declared mechanism/evidence terms, and required outcome terms.",high,high,central,high
pmid-38975874,38975874,PMC11528210,10.1158/2159-8290.CD-24-0177,Mechanisms of Resistance to Oncogenic KRAS Inhibition in Pancreatic Cancer.,pmc_xml,/Users/xingmeng/.openclaw/workspaces/staff-scientist-ideker/agent_LiteratureDueDiligence/runs/pi3k_alpha_inhibition_resistance_review_20260830/Phase1_PubmedCollection/passes/pass_001/artifacts/fulltext_import/PMC_XML/normalized/PMC11528210.json,keep,"A title, sentence, or local section-level window connects primary run entities, declared mechanism/evidence terms, and required outcome terms.",high,high,central,high
pmid-38927964,38927964,PMC11201395,10.3390/cancers16122259,Resistance to Targeted Inhibitors of the PI3K/AKT/mTOR Pathway in Advanced Oestrogen-Receptor-Positive Breast Cancer.,pmc_xml,/Users/xingmeng/.openclaw/workspaces/staff-scientist-ideker/agent_LiteratureDueDiligence/runs/pi3k_alpha_inhibition_resistance_review_20260830/Phase1_PubmedCollection/passes/pass_001/artifacts/fulltext_import/PMC_XML/normalized/PMC11201395.json,keep,"A title, sentence, or local section-level window connects primary run entities, declared mechanism/evidence terms, and required outcome terms.",high,high,central,high
pmid-38920692,38920692,PMC11201409,10.3390/cells13121064,Combination Therapy Approach to Overcome the Resistance to PI3K Pathway Inhibitors in Gynecological Cancers.,pmc_xml,/Users/xingmeng/.openclaw/workspaces/staff-scientist-ideker/agent_LiteratureDueDiligence/runs/pi3k_alpha_inhibition_resistance_review_20260830/Phase1_PubmedCollection/passes/pass_001/artifacts/fulltext_import/PMC_XML/normalized/PMC11201409.json,keep,"A title, sentence, or local section-level window connects primary run entities, declared mechanism/evidence terms, and required outcome terms.",high,high,central,high
pmid-38912058,38912058,PMC11190075,10.3389/fonc.2024.1408664,Tailoring advanced breast cancer treatment after cyclin-dependent kinase 4/6 inhibitors progression - real-world data analysis.,pmc_xml,/Users/xingmeng/.openclaw/workspaces/staff-scientist-ideker/agent_LiteratureDueDiligence/runs/pi3k_alpha_inhibition_resistance_review_20260830/Phase1_PubmedCollection/passes/pass_001/artifacts/fulltext_import/PMC_XML/normalized/PMC11190075.json,drop,Readable full text is dominated by run-specific exclusion or deferred-context signals.,low,low,incidental,medium
pmid-38873617,38873617,PMC11170471,10.1016/j.sjbs.2024.104029,Prevalence and effect of PIK3CA H1047R somatic mutation among Indian head and neck cancer patients.,pmc_xml,/Users/xingmeng/.openclaw/workspaces/staff-scientist-ideker/agent_LiteratureDueDiligence/runs/pi3k_alpha_inhibition_resistance_review_20260830/Phase1_PubmedCollection/passes/pass_001/artifacts/fulltext_import/PMC_XML/normalized/PMC11170471.json,drop,Readable full text is dominated by run-specific exclusion or deferred-context signals.,low,low,incidental,medium
pmid-38839777,38839777,PMC11153628,10.1038/s41523-024-00648-0,Gedatolisib shows superior potency and efficacy versus single-node PI3K/AKT/mTOR inhibitors in breast cancer models.,pmc_xml,/Users/xingmeng/.openclaw/workspaces/staff-scientist-ideker/agent_LiteratureDueDiligence/runs/pi3k_alpha_inhibition_resistance_review_20260830/Phase1_PubmedCollection/passes/pass_001/artifacts/fulltext_import/PMC_XML/normalized/PMC11153628.json,drop,Readable full text is dominated by run-specific exclusion or deferred-context signals.,low,low,incidental,medium
pmid-38833970,38833970,PMC11179085,10.1016/j.esmoop.2024.103465,Phase Ib dose-escalation trial of taselisib (GDC-0032) in combination with HER2-directed therapies in patients with advanced HER2+ breast cancer.,pmc_xml,/Users/xingmeng/.openclaw/workspaces/staff-scientist-ideker/agent_LiteratureDueDiligence/runs/pi3k_alpha_inhibition_resistance_review_20260830/Phase1_PubmedCollection/passes/pass_001/artifacts/fulltext_import/PMC_XML/normalized/PMC11179085.json,drop,Readable full text is dominated by run-specific exclusion or deferred-context signals.,low,low,incidental,medium
pmid-38812774,38812774,PMC11133600,10.3389/fonc.2024.1342346,Molecular profiling of metastatic breast cancer and target-based therapeutic matching in an Asian tertiary phase I oncology unit.,pmc_xml,/Users/xingmeng/.openclaw/workspaces/staff-scientist-ideker/agent_LiteratureDueDiligence/runs/pi3k_alpha_inhibition_resistance_review_20260830/Phase1_PubmedCollection/passes/pass_001/artifacts/fulltext_import/PMC_XML/normalized/PMC11133600.json,drop,Readable full text is dominated by run-specific exclusion or deferred-context signals.,low,low,incidental,medium
pmid-38778166,38778166,PMC11111758,10.1038/s41698-024-00607-9,Osimertinib and palbociclib in an EGFR-mutated NSCLC with primary CDK4 amplification after progression under osimertinib.,pmc_xml,/Users/xingmeng/.openclaw/workspaces/staff-scientist-ideker/agent_LiteratureDueDiligence/runs/pi3k_alpha_inhibition_resistance_review_20260830/Phase1_PubmedCollection/passes/pass_001/artifacts/fulltext_import/PMC_XML/normalized/PMC11111758.json,drop,Readable full text is dominated by run-specific exclusion or deferred-context signals.,low,low,incidental,medium
pmid-38741375,38741375,PMC11194449,10.1002/cac2.12547,Long-term survival outcomes and immune checkpoint inhibitor retreatment in patients with advanced cervical cancer treated with camrelizumab plus apatinib in the phase II CLAP study.,pmc_xml,/Users/xingmeng/.openclaw/workspaces/staff-scientist-ideker/agent_LiteratureDueDiligence/runs/pi3k_alpha_inhibition_resistance_review_20260830/Phase1_PubmedCollection/passes/pass_001/artifacts/fulltext_import/PMC_XML/normalized/PMC11194449.json,keep,"A title, sentence, or local section-level window connects primary run entities, declared mechanism/evidence terms, and required outcome terms.",high,high,central,high
pmid-38722288,38722288,PMC11081008,10.1111/jcmm.18374,The combination of breast cancer PDO and mini-PDX platform for drug screening and individualized treatment.,pmc_xml,/Users/xingmeng/.openclaw/workspaces/staff-scientist-ideker/agent_LiteratureDueDiligence/runs/pi3k_alpha_inhibition_resistance_review_20260830/Phase1_PubmedCollection/passes/pass_001/artifacts/fulltext_import/PMC_XML/normalized/PMC11081008.json,drop,Readable full text is dominated by run-specific exclusion or deferred-context signals.,low,low,incidental,medium
pmid-38612799,38612799,PMC11012872,10.3390/ijms25073992,Mobocertinib in Patients with EGFR Exon 20 Insertion-Positive Non-Small Cell Lung Cancer (MOON): An International Real-World Safety and Efficacy Analysis.,pmc_xml,/Users/xingmeng/.openclaw/workspaces/staff-scientist-ideker/agent_LiteratureDueDiligence/runs/pi3k_alpha_inhibition_resistance_review_20260830/Phase1_PubmedCollection/passes/pass_001/artifacts/fulltext_import/PMC_XML/normalized/PMC11012872.json,drop,Readable full text is dominated by run-specific exclusion or deferred-context signals.,low,low,incidental,medium
pmid-38532756,38532756,PMC10962242,10.1093/omcr/omae014,Metastatic progression of breast cancer along with decreased mitochondrial cell death priming of breast cancer cells: a case report.,pmc_xml,/Users/xingmeng/.openclaw/workspaces/staff-scientist-ideker/agent_LiteratureDueDiligence/runs/pi3k_alpha_inhibition_resistance_review_20260830/Phase1_PubmedCollection/passes/pass_001/artifacts/fulltext_import/PMC_XML/normalized/PMC10962242.json,drop,Readable full text is dominated by run-specific exclusion or deferred-context signals.,low,low,incidental,medium
pmid-38413796,38413796,PMC11014798,10.1038/s41388-024-02986-6,Fulvestrant and everolimus efficacy after CDK4/6 inhibitor: a prospective study with circulating tumor DNA analysis.,pmc_xml,/Users/xingmeng/.openclaw/workspaces/staff-scientist-ideker/agent_LiteratureDueDiligence/runs/pi3k_alpha_inhibition_resistance_review_20260830/Phase1_PubmedCollection/passes/pass_001/artifacts/fulltext_import/PMC_XML/normalized/PMC11014798.json,drop,Readable full text is dominated by run-specific exclusion or deferred-context signals.,low,low,incidental,medium
pmid-38399423,38399423,PMC10891917,10.3390/ph17020208,"Structure-Based In Silico Approaches Reveal IRESSA as a Multitargeted Breast Cancer Regulatory, Signalling, and Receptor Protein Inhibitor.",pmc_xml,/Users/xingmeng/.openclaw/workspaces/staff-scientist-ideker/agent_LiteratureDueDiligence/runs/pi3k_alpha_inhibition_resistance_review_20260830/Phase1_PubmedCollection/passes/pass_001/artifacts/fulltext_import/PMC_XML/normalized/PMC10891917.json,drop,Readable full text is dominated by run-specific exclusion or deferred-context signals.,low,low,incidental,medium
pmid-38310289,38310289,PMC10837874,10.1186/s12967-023-04675-6,Integrating cfDNA liquid biopsy and organoid-based drug screening reveals PI3K signaling as a promising therapeutic target in colorectal cancer.,pmc_xml,/Users/xingmeng/.openclaw/workspaces/staff-scientist-ideker/agent_LiteratureDueDiligence/runs/pi3k_alpha_inhibition_resistance_review_20260830/Phase1_PubmedCollection/passes/pass_001/artifacts/fulltext_import/PMC_XML/normalized/PMC10837874.json,drop,Readable full text is dominated by run-specific exclusion or deferred-context signals.,low,low,incidental,medium
pmid-38257640,38257640,PMC10818266,10.3390/s24020547,ACEK Biosensor for the Minute-Scale Quantification of Breast Cancer ctDNA.,pmc_xml,/Users/xingmeng/.openclaw/workspaces/staff-scientist-ideker/agent_LiteratureDueDiligence/runs/pi3k_alpha_inhibition_resistance_review_20260830/Phase1_PubmedCollection/passes/pass_001/artifacts/fulltext_import/PMC_XML/normalized/PMC10818266.json,drop,Readable full text is dominated by run-specific exclusion or deferred-context signals.,low,low,incidental,medium
pmid-38238761,38238761,PMC10797795,10.1186/s13058-024-01768-y,c-MET-positive circulating tumor cells and cell-free DNA as independent prognostic factors in hormone receptor-positive/HER2-negative metastatic breast cancer.,pmc_xml,/Users/xingmeng/.openclaw/workspaces/staff-scientist-ideker/agent_LiteratureDueDiligence/runs/pi3k_alpha_inhibition_resistance_review_20260830/Phase1_PubmedCollection/passes/pass_001/artifacts/fulltext_import/PMC_XML/normalized/PMC10797795.json,drop,Readable full text is dominated by run-specific exclusion or deferred-context signals.,low,low,incidental,medium
pmid-38183801,38183801,PMC10818253,10.1016/j.tranon.2024.101878,Vaccine antibodies against a synthetic epidermal growth factor variant enhance the antitumor effects of inhibitors targeting the MAPK/ERK and PI3K/Akt pathways.,pmc_xml,/Users/xingmeng/.openclaw/workspaces/staff-scientist-ideker/agent_LiteratureDueDiligence/runs/pi3k_alpha_inhibition_resistance_review_20260830/Phase1_PubmedCollection/passes/pass_001/artifacts/fulltext_import/PMC_XML/normalized/PMC10818253.json,drop,Readable full text is dominated by run-specific exclusion or deferred-context signals.,low,low,incidental,medium
pmid-37916958,37916958,PMC10850944,10.1158/2159-8290.CD-23-0704,Allosteric PI3Kα Inhibition Overcomes On-target Resistance to Orthosteric Inhibitors Mediated by Secondary PIK3CA Mutations.,pmc_xml,/Users/xingmeng/.openclaw/workspaces/staff-scientist-ideker/agent_LiteratureDueDiligence/runs/pi3k_alpha_inhibition_resistance_review_20260830/Phase1_PubmedCollection/passes/pass_001/artifacts/fulltext_import/PMC_XML/normalized/PMC10850944.json,keep,"A title, sentence, or local section-level window connects primary run entities, declared mechanism/evidence terms, and required outcome terms.",high,high,central,high
pmid-38796763,38796763,PMC11145577,10.14341/probl13337,[Toxic manifestations of alpelisib in endocrinology. Description of the clinical case].,pmc_xml,/Users/xingmeng/.openclaw/workspaces/staff-scientist-ideker/agent_LiteratureDueDiligence/runs/pi3k_alpha_inhibition_resistance_review_20260830/Phase1_PubmedCollection/passes/pass_001/artifacts/fulltext_import/PMC_XML/normalized/PMC11145577.json,drop,Readable full text is dominated by run-specific exclusion or deferred-context signals.,low,low,incidental,medium
pmid-38751483,38751483,PMC11093013,10.21037/tbcr-23-9,Efficacy and safety of abemaciclib-based therapy versus tucidinostat-based therapy after progression on palbociclib in patients with HR(+)HER2(-) metastatic breast cancer.,pmc_xml,/Users/xingmeng/.openclaw/workspaces/staff-scientist-ideker/agent_LiteratureDueDiligence/runs/pi3k_alpha_inhibition_resistance_review_20260830/Phase1_PubmedCollection/passes/pass_001/artifacts/fulltext_import/PMC_XML/normalized/PMC11093013.json,keep,"A title, sentence, or local section-level window connects primary run entities, declared mechanism/evidence terms, and required outcome terms.",high,high,central,high
pmid-38406172,38406172,PMC10889120,10.3389/fonc.2023.1307545,Molecular screening with liquid biopsy for anti-EGFR retreatment in metastatic colorectal cancer: preliminary data from the randomized phase 2 PARERE trial.,pmc_xml,/Users/xingmeng/.openclaw/workspaces/staff-scientist-ideker/agent_LiteratureDueDiligence/runs/pi3k_alpha_inhibition_resistance_review_20260830/Phase1_PubmedCollection/passes/pass_001/artifacts/fulltext_import/PMC_XML/normalized/PMC10889120.json,drop,Readable full text is dominated by run-specific exclusion or deferred-context signals.,low,low,incidental,medium
pmid-38037140,38037140,PMC10691033,10.1186/s13023-023-02989-8,"Clinical features, genomic profiling, and outcomes of adult patients with unifocal Langerhans cell histiocytosis.",pmc_xml,/Users/xingmeng/.openclaw/workspaces/staff-scientist-ideker/agent_LiteratureDueDiligence/runs/pi3k_alpha_inhibition_resistance_review_20260830/Phase1_PubmedCollection/passes/pass_001/artifacts/fulltext_import/PMC_XML/normalized/PMC10691033.json,drop,Readable full text is dominated by run-specific exclusion or deferred-context signals.,low,low,incidental,medium
pmid-38033496,38033496,PMC10682785,10.3389/fonc.2023.1283951,"The activity of a PI3K δ-sparing inhibitor, MEN1611, in non-small cell lung cancer cells with constitutive activation of the PI3K/AKT/mTOR pathway.",pmc_xml,/Users/xingmeng/.openclaw/workspaces/staff-scientist-ideker/agent_LiteratureDueDiligence/runs/pi3k_alpha_inhibition_resistance_review_20260830/Phase1_PubmedCollection/passes/pass_001/artifacts/fulltext_import/PMC_XML/normalized/PMC10682785.json,drop,Readable full text is dominated by run-specific exclusion or deferred-context signals.,low,low,incidental,medium
pmid-38023131,38023131,PMC10665890,10.3389/fonc.2023.1282356,Outcomes of fertility preservation treatments in patients with endometrial cancer with different molecular classifications based on an NGS panel.,pmc_xml,/Users/xingmeng/.openclaw/workspaces/staff-scientist-ideker/agent_LiteratureDueDiligence/runs/pi3k_alpha_inhibition_resistance_review_20260830/Phase1_PubmedCollection/passes/pass_001/artifacts/fulltext_import/PMC_XML/normalized/PMC10665890.json,keep,"A title, sentence, or local section-level window connects primary run entities, declared mechanism/evidence terms, and required outcome terms.",high,high,central,high
pmid-37973901,37973901,PMC10654734,10.1038/s41392-023-01672-5,Predictive biomarkers of response and survival following immunotherapy with a PD-L1 inhibitor benmelstobart (TQB2450) and antiangiogenic therapy with a VEGFR inhibitor anlotinib for pretreated advanced triple negative breast cancer.,pmc_xml,/Users/xingmeng/.openclaw/workspaces/staff-scientist-ideker/agent_LiteratureDueDiligence/runs/pi3k_alpha_inhibition_resistance_review_20260830/Phase1_PubmedCollection/passes/pass_001/artifacts/fulltext_import/PMC_XML/normalized/PMC10654734.json,drop,Readable full text is dominated by run-specific exclusion or deferred-context signals.,low,low,incidental,medium
pmid-37972068,37972068,PMC10666034,10.1073/pnas.2313137120,SOS1 and KSR1 modulate MEK inhibitor responsiveness to target resistant cell populations based on PI3K and KRAS mutation status.,pmc_xml,/Users/xingmeng/.openclaw/workspaces/staff-scientist-ideker/agent_LiteratureDueDiligence/runs/pi3k_alpha_inhibition_resistance_review_20260830/Phase1_PubmedCollection/passes/pass_001/artifacts/fulltext_import/PMC_XML/normalized/PMC10666034.json,keep,"A title, sentence, or local section-level window connects primary run entities, declared mechanism/evidence terms, and required outcome terms.",high,high,central,high
pmid-37866161,37866161,PMC10623367,10.1016/j.redox.2023.102931,The SGK3-Catalase antioxidant signaling axis drives cervical cancer growth and therapy resistance.,pmc_xml,/Users/xingmeng/.openclaw/workspaces/staff-scientist-ideker/agent_LiteratureDueDiligence/runs/pi3k_alpha_inhibition_resistance_review_20260830/Phase1_PubmedCollection/passes/pass_001/artifacts/fulltext_import/PMC_XML/normalized/PMC10623367.json,keep,"A title, sentence, or local section-level window connects primary run entities, declared mechanism/evidence terms, and required outcome terms.",high,high,central,high
pmid-37725704,37725704,PMC10690091,10.1158/0008-5472.CAN-23-0694,The Next-Generation Oral Selective Estrogen Receptor Degrader Camizestrant (AZD9833) Suppresses ER+ Breast Cancer Growth and Overcomes Endocrine and CDK4/6 Inhibitor Resistance.,pmc_xml,/Users/xingmeng/.openclaw/workspaces/staff-scientist-ideker/agent_LiteratureDueDiligence/runs/pi3k_alpha_inhibition_resistance_review_20260830/Phase1_PubmedCollection/passes/pass_001/artifacts/fulltext_import/PMC_XML/normalized/PMC10690091.json,drop,Readable full text is dominated by run-specific exclusion or deferred-context signals.,low,low,incidental,medium
pmid-37643132,37643132,PMC10644000,10.1158/1078-0432.CCR-23-1078,Assessing the Genomic Landscape of Cervical Cancers: Clinical Opportunities and Therapeutic Targets.,pmc_xml,/Users/xingmeng/.openclaw/workspaces/staff-scientist-ideker/agent_LiteratureDueDiligence/runs/pi3k_alpha_inhibition_resistance_review_20260830/Phase1_PubmedCollection/passes/pass_001/artifacts/fulltext_import/PMC_XML/normalized/PMC10644000.json,drop,Readable full text is dominated by run-specific exclusion or deferred-context signals.,low,low,incidental,medium
pmid-37634629,37634629,PMC10462813,10.3349/ymj.2023.0096,Monitoring the Outcomes of Systemic Chemotherapy Including Immune Checkpoint Inhibitor for HER2-Positive Metastatic Gastric Cancer by Liquid Biopsy.,pmc_xml,/Users/xingmeng/.openclaw/workspaces/staff-scientist-ideker/agent_LiteratureDueDiligence/runs/pi3k_alpha_inhibition_resistance_review_20260830/Phase1_PubmedCollection/passes/pass_001/artifacts/fulltext_import/PMC_XML/normalized/PMC10462813.json,drop,Readable full text is dominated by run-specific exclusion or deferred-context signals.,low,low,incidental,medium
pmid-37628682,37628682,PMC10454507,10.3390/genes14081632,A Rare Pathological Phenotype of Endometrioid Serous and Clear-Cell Ovarian Cancer with PIK3CA Mutations in Relation to The Excellent Response of Alpelisib.,pmc_xml,/Users/xingmeng/.openclaw/workspaces/staff-scientist-ideker/agent_LiteratureDueDiligence/runs/pi3k_alpha_inhibition_resistance_review_20260830/Phase1_PubmedCollection/passes/pass_001/artifacts/fulltext_import/PMC_XML/normalized/PMC10454507.json,drop,Readable full text is dominated by run-specific exclusion or deferred-context signals.,low,low,incidental,medium
pmid-37597578,37597578,PMC11335023,10.1016/j.annonc.2023.08.003,"Neratinib + fulvestrant + trastuzumab for HR-positive, HER2-negative, HER2-mutant metastatic breast cancer: outcomes and biomarker analysis from the SUMMIT trial.",pmc_xml,/Users/xingmeng/.openclaw/workspaces/staff-scientist-ideker/agent_LiteratureDueDiligence/runs/pi3k_alpha_inhibition_resistance_review_20260830/Phase1_PubmedCollection/passes/pass_001/artifacts/fulltext_import/PMC_XML/normalized/PMC11335023.json,keep,"A title, sentence, or local section-level window connects primary run entities, declared mechanism/evidence terms, and required outcome terms.",high,high,central,high
pmid-37580773,37580773,PMC10426213,10.1186/s12916-023-03017-z,Potential value of ctDNA monitoring in metastatic HR + /HER2 - breast cancer: longitudinal ctDNA analysis in the phase Ib MONALEESASIA trial.,pmc_xml,/Users/xingmeng/.openclaw/workspaces/staff-scientist-ideker/agent_LiteratureDueDiligence/runs/pi3k_alpha_inhibition_resistance_review_20260830/Phase1_PubmedCollection/passes/pass_001/artifacts/fulltext_import/PMC_XML/normalized/PMC10426213.json,drop,Readable full text is dominated by run-specific exclusion or deferred-context signals.,low,low,incidental,medium
pmid-37511178,37511178,PMC10379453,10.3390/ijms241411419,Real-World Use of Highly Sensitive Liquid Biopsy Monitoring in Metastatic Breast Cancer Patients Treated with Endocrine Agents after Exposure to Aromatase Inhibitors.,pmc_xml,/Users/xingmeng/.openclaw/workspaces/staff-scientist-ideker/agent_LiteratureDueDiligence/runs/pi3k_alpha_inhibition_resistance_review_20260830/Phase1_PubmedCollection/passes/pass_001/artifacts/fulltext_import/PMC_XML/normalized/PMC10379453.json,keep,"A title, sentence, or local section-level window connects primary run entities, declared mechanism/evidence terms, and required outcome terms.",high,high,central,high
pmid-37501598,37501598,PMC10480495,10.1002/cnr2.1864,Inetetamab in combination with rapamycin and chemotherapy for trastuzumab-treated metastatic human epidermal growth factor receptor 2-positive breast cancer with abnormal activation of PI3K/Akt/mTOR pathway.,pmc_xml,/Users/xingmeng/.openclaw/workspaces/staff-scientist-ideker/agent_LiteratureDueDiligence/runs/pi3k_alpha_inhibition_resistance_review_20260830/Phase1_PubmedCollection/passes/pass_001/artifacts/fulltext_import/PMC_XML/normalized/PMC10480495.json,keep,"A title, sentence, or local section-level window connects primary run entities, declared mechanism/evidence terms, and required outcome terms.",high,high,central,high
pmid-37493631,37493631,PMC10811747,10.1158/1541-7786.MCR-23-0034,CBF-Beta Mitigates PI3K-Alpha-Specific Inhibitor Killing through PIM1 in PIK3CA-Mutant Gastric Cancer.,pmc_xml,/Users/xingmeng/.openclaw/workspaces/staff-scientist-ideker/agent_LiteratureDueDiligence/runs/pi3k_alpha_inhibition_resistance_review_20260830/Phase1_PubmedCollection/passes/pass_001/artifacts/fulltext_import/PMC_XML/normalized/PMC10811747.json,keep,"A title, sentence, or local section-level window connects primary run entities, declared mechanism/evidence terms, and required outcome terms.",high,high,central,high
pmid-37469415,37469415,PMC10353540,10.3389/fonc.2023.1108242,The effect of the alpha-specific PI3K inhibitor alpelisib combined with anti-HER2 therapy in HER2+/PIK3CA mutant breast cancer.,pmc_xml,/Users/xingmeng/.openclaw/workspaces/staff-scientist-ideker/agent_LiteratureDueDiligence/runs/pi3k_alpha_inhibition_resistance_review_20260830/Phase1_PubmedCollection/passes/pass_001/artifacts/fulltext_import/PMC_XML/normalized/PMC10353540.json,keep,"A title, sentence, or local section-level window connects primary run entities, declared mechanism/evidence terms, and required outcome terms.",high,high,central,high
pmid-37443159,37443159,PMC10344867,10.1038/s41467-023-39404-6,Liver lipophagy ameliorates nonalcoholic steatohepatitis through extracellular lipid secretion.,pmc_xml,/Users/xingmeng/.openclaw/workspaces/staff-scientist-ideker/agent_LiteratureDueDiligence/runs/pi3k_alpha_inhibition_resistance_review_20260830/Phase1_PubmedCollection/passes/pass_001/artifacts/fulltext_import/PMC_XML/normalized/PMC10344867.json,drop,Readable full text is dominated by run-specific exclusion or deferred-context signals.,low,low,incidental,medium
pmid-37418832,37418832,PMC10529107,10.1016/j.ygyno.2023.06.021,"A phase 2 study of dasatinib in recurrent clear cell carcinoma of the ovary, fallopian tube, peritoneum or endometrium: NRG oncology/gynecologic oncology group study 0283.",pmc_xml,/Users/xingmeng/.openclaw/workspaces/staff-scientist-ideker/agent_LiteratureDueDiligence/runs/pi3k_alpha_inhibition_resistance_review_20260830/Phase1_PubmedCollection/passes/pass_001/artifacts/fulltext_import/PMC_XML/normalized/PMC10529107.json,drop,Readable full text is dominated by run-specific exclusion or deferred-context signals.,low,low,incidental,medium
pmid-37416479,37416479,PMC10320197,10.1016/j.isci.2023.107105,The potential therapeutic regimen for overcoming resistance to osimertinib due to rare mutations in NSCLC.,pmc_xml,/Users/xingmeng/.openclaw/workspaces/staff-scientist-ideker/agent_LiteratureDueDiligence/runs/pi3k_alpha_inhibition_resistance_review_20260830/Phase1_PubmedCollection/passes/pass_001/artifacts/fulltext_import/PMC_XML/normalized/PMC10320197.json,keep,"A title, sentence, or local section-level window connects primary run entities, declared mechanism/evidence terms, and required outcome terms.",high,high,central,high
pmid-37404765,37404765,PMC10315669,10.3389/fonc.2023.1169586,Genomic landscape of clinically advanced KRAS wild-type pancreatic ductal adenocarcinoma.,pmc_xml,/Users/xingmeng/.openclaw/workspaces/staff-scientist-ideker/agent_LiteratureDueDiligence/runs/pi3k_alpha_inhibition_resistance_review_20260830/Phase1_PubmedCollection/passes/pass_001/artifacts/fulltext_import/PMC_XML/normalized/PMC10315669.json,drop,Readable full text is dominated by run-specific exclusion or deferred-context signals.,low,low,incidental,medium
pmid-37366894,37366894,PMC10297170,10.3390/curroncol30060411,HR+/HER2- Advanced Breast Cancer Treatment in the First-Line Setting: Expert Review.,pmc_xml,/Users/xingmeng/.openclaw/workspaces/staff-scientist-ideker/agent_LiteratureDueDiligence/runs/pi3k_alpha_inhibition_resistance_review_20260830/Phase1_PubmedCollection/passes/pass_001/artifacts/fulltext_import/PMC_XML/normalized/PMC10297170.json,drop,Readable full text is dominated by run-specific exclusion or deferred-context signals.,low,low,incidental,medium
pmid-37348428,37348428,PMC10314290,10.1016/j.neo.2023.100913,P110α inhibitor alpelisib exhibits a synergistic effect with pyrotinib and reverses pyrotinib resistant in HER2+ breast cancer.,pmc_xml,/Users/xingmeng/.openclaw/workspaces/staff-scientist-ideker/agent_LiteratureDueDiligence/runs/pi3k_alpha_inhibition_resistance_review_20260830/Phase1_PubmedCollection/passes/pass_001/artifacts/fulltext_import/PMC_XML/normalized/PMC10314290.json,keep,"A title, sentence, or local section-level window connects primary run entities, declared mechanism/evidence terms, and required outcome terms.",high,high,central,high
pmid-37344660,37344660,PMC10460702,10.1007/s10549-023-06967-3,"Plasma cell-free tumor DNA, PIK3CA and TP53 mutations predicted inferior endocrine-based treatment outcome in endocrine receptor-positive metastatic breast cancer.",pmc_xml,/Users/xingmeng/.openclaw/workspaces/staff-scientist-ideker/agent_LiteratureDueDiligence/runs/pi3k_alpha_inhibition_resistance_review_20260830/Phase1_PubmedCollection/passes/pass_001/artifacts/fulltext_import/PMC_XML/normalized/PMC10460702.json,drop,Readable full text is dominated by run-specific exclusion or deferred-context signals.,low,low,incidental,medium
pmid-37339176,37339176,PMC10543974,10.1158/0008-5472.CAN-23-0282,Tipifarnib Potentiates the Antitumor Effects of PI3Kα Inhibition in PIK3CA- and HRAS-Dysregulated HNSCC via Convergent Inhibition of mTOR Activity.,pmc_xml,/Users/xingmeng/.openclaw/workspaces/staff-scientist-ideker/agent_LiteratureDueDiligence/runs/pi3k_alpha_inhibition_resistance_review_20260830/Phase1_PubmedCollection/passes/pass_001/artifacts/fulltext_import/PMC_XML/normalized/PMC10543974.json,drop,Readable full text is dominated by run-specific exclusion or deferred-context signals.,low,low,incidental,medium
pmid-37336919,37336919,PMC10279711,10.1038/s41598-023-35925-8,Genomic analysis of plasma circulating tumor DNA in patients with heavily pretreated HER2 + metastatic breast cancer.,pmc_xml,/Users/xingmeng/.openclaw/workspaces/staff-scientist-ideker/agent_LiteratureDueDiligence/runs/pi3k_alpha_inhibition_resistance_review_20260830/Phase1_PubmedCollection/passes/pass_001/artifacts/fulltext_import/PMC_XML/normalized/PMC10279711.json,drop,Readable full text is dominated by run-specific exclusion or deferred-context signals.,low,low,incidental,medium
pmid-37318638,37318638,PMC10300156,10.1007/s10549-023-06998-w,Modeling the novel SERD elacestrant in cultured fulvestrant-refractory HR-positive breast circulating tumor cells.,pmc_xml,/Users/xingmeng/.openclaw/workspaces/staff-scientist-ideker/agent_LiteratureDueDiligence/runs/pi3k_alpha_inhibition_resistance_review_20260830/Phase1_PubmedCollection/passes/pass_001/artifacts/fulltext_import/PMC_XML/normalized/PMC10300156.json,drop,Readable full text is dominated by run-specific exclusion or deferred-context signals.,low,low,incidental,medium
pmid-37298642,37298642,PMC10253720,10.3390/ijms24119688,Next-Generation Sequencing and Triple-Negative Breast Cancer: Insights and Applications.,pmc_xml,/Users/xingmeng/.openclaw/workspaces/staff-scientist-ideker/agent_LiteratureDueDiligence/runs/pi3k_alpha_inhibition_resistance_review_20260830/Phase1_PubmedCollection/passes/pass_001/artifacts/fulltext_import/PMC_XML/normalized/PMC10253720.json,drop,Readable full text is dominated by run-specific exclusion or deferred-context signals.,low,low,incidental,medium
pmid-37272756,37272756,PMC10527017,10.1158/0008-5472.CAN-22-3558,Breast Cancer Mutations HER2V777L and PIK3CAH1047R Activate the p21-CDK4/6-Cyclin D1 Axis to Drive Tumorigenesis and Drug Resistance.,pmc_xml,/Users/xingmeng/.openclaw/workspaces/staff-scientist-ideker/agent_LiteratureDueDiligence/runs/pi3k_alpha_inhibition_resistance_review_20260830/Phase1_PubmedCollection/passes/pass_001/artifacts/fulltext_import/PMC_XML/normalized/PMC10527017.json,keep,"A title, sentence, or local section-level window connects primary run entities, declared mechanism/evidence terms, and required outcome terms.",high,high,central,high
pmid-37264081,37264081,PMC10328828,10.1038/s41388-023-02737-z,A bi-steric mTORC1-selective inhibitor overcomes drug resistance in breast cancer.,pmc_xml,/Users/xingmeng/.openclaw/workspaces/staff-scientist-ideker/agent_LiteratureDueDiligence/runs/pi3k_alpha_inhibition_resistance_review_20260830/Phase1_PubmedCollection/passes/pass_001/artifacts/fulltext_import/PMC_XML/normalized/PMC10328828.json,drop,Readable full text is dominated by run-specific exclusion or deferred-context signals.,low,low,incidental,medium
pmid-37256976,37256976,PMC11335038,10.1056/NEJMoa2214131,Capivasertib in Hormone Receptor-Positive Advanced Breast Cancer.,pmc_xml,/Users/xingmeng/.openclaw/workspaces/staff-scientist-ideker/agent_LiteratureDueDiligence/runs/pi3k_alpha_inhibition_resistance_review_20260830/Phase1_PubmedCollection/passes/pass_001/artifacts/fulltext_import/PMC_XML/normalized/PMC11335038.json,drop,Readable full text is dominated by run-specific exclusion or deferred-context signals.,low,low,incidental,medium
pmid-37210417,37210417,PMC10199936,10.1038/s41523-023-00544-z,Phase II trial of fulvestrant plus enzalutamide in ER+/HER2- advanced breast cancer.,pmc_xml,/Users/xingmeng/.openclaw/workspaces/staff-scientist-ideker/agent_LiteratureDueDiligence/runs/pi3k_alpha_inhibition_resistance_review_20260830/Phase1_PubmedCollection/passes/pass_001/artifacts/fulltext_import/PMC_XML/normalized/PMC10199936.json,drop,Readable full text is dominated by run-specific exclusion or deferred-context signals.,low,low,incidental,medium
pmid-37200022,37200022,PMC10196928,10.1001/jamaoncol.2023.0655,Panitumumab Plus Trifluridine-Tipiracil as Anti-Epidermal Growth Factor Receptor Rechallenge Therapy for Refractory RAS Wild-Type Metastatic Colorectal Cancer: A Phase 2 Randomized Clinical Trial.,pmc_xml,/Users/xingmeng/.openclaw/workspaces/staff-scientist-ideker/agent_LiteratureDueDiligence/runs/pi3k_alpha_inhibition_resistance_review_20260830/Phase1_PubmedCollection/passes/pass_001/artifacts/fulltext_import/PMC_XML/normalized/PMC10196928.json,drop,Readable full text is dominated by run-specific exclusion or deferred-context signals.,low,low,incidental,medium
pmid-37108122,37108122,PMC10138687,10.3390/ijms24086958,Surveillance of cfDNA Hot Spot Mutations in NSCLC Patients during Disease Progression.,pmc_xml,/Users/xingmeng/.openclaw/workspaces/staff-scientist-ideker/agent_LiteratureDueDiligence/runs/pi3k_alpha_inhibition_resistance_review_20260830/Phase1_PubmedCollection/passes/pass_001/artifacts/fulltext_import/PMC_XML/normalized/PMC10138687.json,drop,Readable full text is dominated by run-specific exclusion or deferred-context signals.,low,low,incidental,medium
pmid-37107702,37107702,PMC10138117,10.3390/genes14040944,SPAG9 Expression Predicts Good Prognosis in Patients with Clear-Cell Renal Cell Carcinoma: A Bioinformatics Analysis with Experimental Validation.,pmc_xml,/Users/xingmeng/.openclaw/workspaces/staff-scientist-ideker/agent_LiteratureDueDiligence/runs/pi3k_alpha_inhibition_resistance_review_20260830/Phase1_PubmedCollection/passes/pass_001/artifacts/fulltext_import/PMC_XML/normalized/PMC10138117.json,drop,Readable full text is dominated by run-specific exclusion or deferred-context signals.,low,low,incidental,medium
pmid-37053535,37053535,PMC10309549,10.1200/PO.22.00421,"Trametinib in Patients With NF1-, GNAQ-, or GNA11-Mutant Tumors: Results From the NCI-MATCH ECOG-ACRIN Trial (EAY131) Subprotocols S1 and S2.",pmc_xml,/Users/xingmeng/.openclaw/workspaces/staff-scientist-ideker/agent_LiteratureDueDiligence/runs/pi3k_alpha_inhibition_resistance_review_20260830/Phase1_PubmedCollection/passes/pass_001/artifacts/fulltext_import/PMC_XML/normalized/PMC10309549.json,drop,Readable full text is dominated by run-specific exclusion or deferred-context signals.,low,low,incidental,medium
pmid-37004423,37004423,PMC10367182,10.1016/j.oraloncology.2023.106372,Noninvasive genomic profiling of somatic mutations in oral cavity cancers.,pmc_xml,/Users/xingmeng/.openclaw/workspaces/staff-scientist-ideker/agent_LiteratureDueDiligence/runs/pi3k_alpha_inhibition_resistance_review_20260830/Phase1_PubmedCollection/passes/pass_001/artifacts/fulltext_import/PMC_XML/normalized/PMC10367182.json,drop,Readable full text is dominated by run-specific exclusion or deferred-context signals.,low,low,incidental,medium
pmid-36915460,36915460,PMC10007946,10.21037/jgo-23-39,"Using a combination of fruquintinib, raltitrexed, and S-1 as a third-line treatment for metastatic colorectal cancer with co-existence of Hodgkin lymphoma: a case report.",pmc_xml,/Users/xingmeng/.openclaw/workspaces/staff-scientist-ideker/agent_LiteratureDueDiligence/runs/pi3k_alpha_inhibition_resistance_review_20260830/Phase1_PubmedCollection/passes/pass_001/artifacts/fulltext_import/PMC_XML/normalized/PMC10007946.json,drop,Readable full text is dominated by run-specific exclusion or deferred-context signals.,low,low,incidental,medium
pmid-36901954,36901954,PMC10003259,10.3390/ijms24054522,Drugging the PI3K/AKT/mTOR Pathway in ER+ Breast Cancer.,pmc_xml,/Users/xingmeng/.openclaw/workspaces/staff-scientist-ideker/agent_LiteratureDueDiligence/runs/pi3k_alpha_inhibition_resistance_review_20260830/Phase1_PubmedCollection/passes/pass_001/artifacts/fulltext_import/PMC_XML/normalized/PMC10003259.json,keep,"A title, sentence, or local section-level window connects primary run entities, declared mechanism/evidence terms, and required outcome terms.",high,high,central,high
pmid-36876172,36876172,PMC9982335,10.1159/000527917,CDK4/6 Inhibitors in Advanced HR+/HER2 - Breast Cancer: A Multicenter Real-World Data Analysis.,pmc_xml,/Users/xingmeng/.openclaw/workspaces/staff-scientist-ideker/agent_LiteratureDueDiligence/runs/pi3k_alpha_inhibition_resistance_review_20260830/Phase1_PubmedCollection/passes/pass_001/artifacts/fulltext_import/PMC_XML/normalized/PMC9982335.json,drop,Readable full text is dominated by run-specific exclusion or deferred-context signals.,low,low,incidental,medium
pmid-36835617,36835617,PMC9963198,10.3390/ijms24044209,"Response to Abemaciclib and Immunotherapy Rechallenge with Nivolumab and Ipilimumab in a Heavily Pretreated TMB-H Metastatic Squamous Cell Lung Cancer with CDKN2A Mutation, PIK3CA Amplification and TPS 80%: A Case Report.",pmc_xml,/Users/xingmeng/.openclaw/workspaces/staff-scientist-ideker/agent_LiteratureDueDiligence/runs/pi3k_alpha_inhibition_resistance_review_20260830/Phase1_PubmedCollection/passes/pass_001/artifacts/fulltext_import/PMC_XML/normalized/PMC9963198.json,drop,Readable full text is dominated by run-specific exclusion or deferred-context signals.,low,low,incidental,medium
pmid-36805958,36805958,PMC12440294,10.1158/1535-7163.MCT-21-0667,Tumor and Stromal Cell Targeting with Nintedanib and Alpelisib Overcomes Intrinsic Bladder Cancer Resistance.,pmc_xml,/Users/xingmeng/.openclaw/workspaces/staff-scientist-ideker/agent_LiteratureDueDiligence/runs/pi3k_alpha_inhibition_resistance_review_20260830/Phase1_PubmedCollection/passes/pass_001/artifacts/fulltext_import/PMC_XML/normalized/PMC12440294.json,drop,Readable full text is dominated by run-specific exclusion or deferred-context signals.,low,low,incidental,medium
pmid-36792625,36792625,PMC9932145,10.1038/s41598-023-29425-y,Targeting mTOR to overcome resistance to hormone and CDK4/6 inhibitors in ER-positive breast cancer models.,pmc_xml,/Users/xingmeng/.openclaw/workspaces/staff-scientist-ideker/agent_LiteratureDueDiligence/runs/pi3k_alpha_inhibition_resistance_review_20260830/Phase1_PubmedCollection/passes/pass_001/artifacts/fulltext_import/PMC_XML/normalized/PMC9932145.json,drop,Readable full text is dominated by run-specific exclusion or deferred-context signals.,low,low,incidental,medium
pmid-36652260,36652260,PMC9980308,10.1002/1878-0261.13378,Overexpression of synaptic vesicle protein Rab GTPase 3C promotes vesicular exocytosis and drug resistance in colorectal cancer cells.,pmc_xml,/Users/xingmeng/.openclaw/workspaces/staff-scientist-ideker/agent_LiteratureDueDiligence/runs/pi3k_alpha_inhibition_resistance_review_20260830/Phase1_PubmedCollection/passes/pass_001/artifacts/fulltext_import/PMC_XML/normalized/PMC9980308.json,drop,Readable full text is dominated by run-specific exclusion or deferred-context signals.,low,low,incidental,medium
pmid-36595552,36595552,PMC9839248,10.1371/journal.pgen.1010563,"ESR1 gene amplification and MAP3K mutations are selected during adjuvant endocrine therapies in relapsing Hormone Receptor-positive, HER2-negative breast cancer (HR+ HER2- BC).",pmc_xml,/Users/xingmeng/.openclaw/workspaces/staff-scientist-ideker/agent_LiteratureDueDiligence/runs/pi3k_alpha_inhibition_resistance_review_20260830/Phase1_PubmedCollection/passes/pass_001/artifacts/fulltext_import/PMC_XML/normalized/PMC9839248.json,drop,Readable full text is dominated by run-specific exclusion or deferred-context signals.,low,low,incidental,medium
pmid-36472769,36472769,PMC10356876,10.1007/s00432-022-04503-2,Interactive webtool for analyzing drug sensitivity and resistance associated with genetic signatures of cancer cell lines.,pmc_xml,/Users/xingmeng/.openclaw/workspaces/staff-scientist-ideker/agent_LiteratureDueDiligence/runs/pi3k_alpha_inhibition_resistance_review_20260830/Phase1_PubmedCollection/passes/pass_001/artifacts/fulltext_import/PMC_XML/normalized/PMC10356876.json,drop,Readable full text is dominated by run-specific exclusion or deferred-context signals.,low,low,incidental,medium
pmid-36308067,36308067,PMC9986062,10.1111/cas.15632,BAIAP2L1 accelerates breast cancer progression and chemoresistance by activating AKT signaling through binding with ribosomal protein L3.,pmc_xml,/Users/xingmeng/.openclaw/workspaces/staff-scientist-ideker/agent_LiteratureDueDiligence/runs/pi3k_alpha_inhibition_resistance_review_20260830/Phase1_PubmedCollection/passes/pass_001/artifacts/fulltext_import/PMC_XML/normalized/PMC9986062.json,drop,Readable full text is dominated by run-specific exclusion or deferred-context signals.,low,low,incidental,medium
pmid-36969746,36969746,PMC10035393,10.1158/2767-9764.CRC-22-0169,A Phase II Study Investigating Cabozantinib in Patients with Refractory Metastatic Colorectal Cancer (AGICC 17CRC01).,pmc_xml,/Users/xingmeng/.openclaw/workspaces/staff-scientist-ideker/agent_LiteratureDueDiligence/runs/pi3k_alpha_inhibition_resistance_review_20260830/Phase1_PubmedCollection/passes/pass_001/artifacts/fulltext_import/PMC_XML/normalized/PMC10035393.json,drop,Readable full text is dominated by run-specific exclusion or deferred-context signals.,low,low,incidental,medium
pmid-36923283,36923283,PMC10010328,10.1158/2767-9764.CRC-22-0028,A Phase IB Trial of the PI3K Inhibitor Alpelisib and Weekly Cisplatin in Patients with Solid Tumor Malignancies.,pmc_xml,/Users/xingmeng/.openclaw/workspaces/staff-scientist-ideker/agent_LiteratureDueDiligence/runs/pi3k_alpha_inhibition_resistance_review_20260830/Phase1_PubmedCollection/passes/pass_001/artifacts/fulltext_import/PMC_XML/normalized/PMC10010328.json,drop,Readable full text is dominated by run-specific exclusion or deferred-context signals.,low,low,incidental,medium
pmid-36713525,36713525,PMC9880853,10.3389/fonc.2022.1088962,The way to precision medicine in gynecologic cancers: The first case report of an exceptional response to alpelisib in a PIK3CA-mutated endometrial cancer.,pmc_xml,/Users/xingmeng/.openclaw/workspaces/staff-scientist-ideker/agent_LiteratureDueDiligence/runs/pi3k_alpha_inhibition_resistance_review_20260830/Phase1_PubmedCollection/passes/pass_001/artifacts/fulltext_import/PMC_XML/normalized/PMC9880853.json,drop,Readable full text is dominated by run-specific exclusion or deferred-context signals.,low,low,incidental,medium
pmid-36698413,36698413,PMC9869123,10.3389/fonc.2022.1022913,"Hormone receptor-positive, HER2-negative, metastatic breast cancer responded well to abemaciclib and exemestane after palbociclib and fulvestrant failure: A case report and literature review.",pmc_xml,/Users/xingmeng/.openclaw/workspaces/staff-scientist-ideker/agent_LiteratureDueDiligence/runs/pi3k_alpha_inhibition_resistance_review_20260830/Phase1_PubmedCollection/passes/pass_001/artifacts/fulltext_import/PMC_XML/normalized/PMC9869123.json,drop,Readable full text is dominated by run-specific exclusion or deferred-context signals.,low,low,incidental,medium
pmid-36511454,36511454,PMC9716406,10.1530/EDM-22-0307,"Rare distant metastases to pancreas, liver, and lung as initial presentation of mixed tall cell and columnar cell variants of papillary thyroid cancer.",pmc_xml,/Users/xingmeng/.openclaw/workspaces/staff-scientist-ideker/agent_LiteratureDueDiligence/runs/pi3k_alpha_inhibition_resistance_review_20260830/Phase1_PubmedCollection/passes/pass_001/artifacts/fulltext_import/PMC_XML/normalized/PMC9716406.json,drop,Readable full text is dominated by run-specific exclusion or deferred-context signals.,low,low,incidental,medium
pmid-36499265,36499265,PMC9735793,10.3390/ijms232314937,"Genetic Heterogeneity, Tumor Microenvironment and Immunotherapy in Triple-Negative Breast Cancer.",pmc_xml,/Users/xingmeng/.openclaw/workspaces/staff-scientist-ideker/agent_LiteratureDueDiligence/runs/pi3k_alpha_inhibition_resistance_review_20260830/Phase1_PubmedCollection/passes/pass_001/artifacts/fulltext_import/PMC_XML/normalized/PMC9735793.json,drop,Readable full text is dominated by run-specific exclusion or deferred-context signals.,low,low,incidental,medium
pmid-36428702,36428702,PMC9688915,10.3390/cancers14225609,Next Generation Sequencing of Reactive Stroma and Residual Breast Cancer Cells in Tumor Bed after Neoadjuvant Chemotherapy.,pmc_xml,/Users/xingmeng/.openclaw/workspaces/staff-scientist-ideker/agent_LiteratureDueDiligence/runs/pi3k_alpha_inhibition_resistance_review_20260830/Phase1_PubmedCollection/passes/pass_001/artifacts/fulltext_import/PMC_XML/normalized/PMC9688915.json,drop,Readable full text is dominated by run-specific exclusion or deferred-context signals.,low,low,incidental,medium
pmid-36375386,36375386,PMC9661714,10.1016/j.breast.2022.10.018,Clinical outcomes of tucidinostat-based therapy after prior CDK4/6 inhibitor progression in hormone receptor-positive heavily pretreated metastatic breast cancer.,pmc_xml,/Users/xingmeng/.openclaw/workspaces/staff-scientist-ideker/agent_LiteratureDueDiligence/runs/pi3k_alpha_inhibition_resistance_review_20260830/Phase1_PubmedCollection/passes/pass_001/artifacts/fulltext_import/PMC_XML/normalized/PMC9661714.json,drop,Readable full text is dominated by run-specific exclusion or deferred-context signals.,low,low,incidental,medium
pmid-36131248,36131248,PMC9490901,10.1186/s12885-022-10078-5,"PIK3CA mutation status, progression and survival in advanced HR + /HER2- breast cancer: a meta-analysis of published clinical trials.",pmc_xml,/Users/xingmeng/.openclaw/workspaces/staff-scientist-ideker/agent_LiteratureDueDiligence/runs/pi3k_alpha_inhibition_resistance_review_20260830/Phase1_PubmedCollection/passes/pass_001/artifacts/fulltext_import/PMC_XML/normalized/PMC9490901.json,keep,"A title, sentence, or local section-level window connects primary run entities, declared mechanism/evidence terms, and required outcome terms.",high,high,central,high
pmid-36071033,36071033,PMC9452562,10.1038/s41467-022-32828-6,High p16 expression and heterozygous RB1 loss are biomarkers for CDK4/6 inhibitor resistance in ER(+) breast cancer.,pmc_xml,/Users/xingmeng/.openclaw/workspaces/staff-scientist-ideker/agent_LiteratureDueDiligence/runs/pi3k_alpha_inhibition_resistance_review_20260830/Phase1_PubmedCollection/passes/pass_001/artifacts/fulltext_import/PMC_XML/normalized/PMC9452562.json,keep,"A title, sentence, or local section-level window connects primary run entities, declared mechanism/evidence terms, and required outcome terms.",high,high,central,high
pmid-36046364,36046364,PMC9423951,10.1155/2022/9390912,Combining Organoid Models with Next-Generation Sequencing to Reveal Tumor Heterogeneity and Predict Therapeutic Response in Breast Cancer.,pmc_xml,/Users/xingmeng/.openclaw/workspaces/staff-scientist-ideker/agent_LiteratureDueDiligence/runs/pi3k_alpha_inhibition_resistance_review_20260830/Phase1_PubmedCollection/passes/pass_001/artifacts/fulltext_import/PMC_XML/normalized/PMC9423951.json,drop,Readable full text is dominated by run-specific exclusion or deferred-context signals.,low,low,incidental,medium
pmid-36010990,36010990,PMC9406173,10.3390/cancers14163996,Overcoming Resistance to HER2-Directed Therapies in Breast Cancer.,pmc_xml,/Users/xingmeng/.openclaw/workspaces/staff-scientist-ideker/agent_LiteratureDueDiligence/runs/pi3k_alpha_inhibition_resistance_review_20260830/Phase1_PubmedCollection/passes/pass_001/artifacts/fulltext_import/PMC_XML/normalized/PMC9406173.json,drop,Readable full text is dominated by run-specific exclusion or deferred-context signals.,low,low,incidental,medium
pmid-35740538,35740538,PMC9221535,10.3390/cancers14122872,Genomic Aberrations in Circulating Tumor DNAs from Palbociclib-Treated Metastatic Breast Cancer Patients Reveal a Novel Resistance Mechanism.,pmc_xml,/Users/xingmeng/.openclaw/workspaces/staff-scientist-ideker/agent_LiteratureDueDiligence/runs/pi3k_alpha_inhibition_resistance_review_20260830/Phase1_PubmedCollection/passes/pass_001/artifacts/fulltext_import/PMC_XML/normalized/PMC9221535.json,keep,"A title, sentence, or local section-level window connects primary run entities, declared mechanism/evidence terms, and required outcome terms.",high,high,central,high
pmid-35712858,35712858,PMC9210085,10.1177/23247096221105249,S.U.G.A.R: A Case to Outline Tactics for the Prevention of Alpelisib-Induced Hyperglycemia.,pmc_xml,/Users/xingmeng/.openclaw/workspaces/staff-scientist-ideker/agent_LiteratureDueDiligence/runs/pi3k_alpha_inhibition_resistance_review_20260830/Phase1_PubmedCollection/passes/pass_001/artifacts/fulltext_import/PMC_XML/normalized/PMC9210085.json,drop,Readable full text is dominated by run-specific exclusion or deferred-context signals.,low,low,incidental,medium
pmid-35676324,35676324,PMC10680093,10.1038/s41388-022-02362-2,RB loss determines selective resistance and novel vulnerabilities in ER-positive breast cancer models.,pmc_xml,/Users/xingmeng/.openclaw/workspaces/staff-scientist-ideker/agent_LiteratureDueDiligence/runs/pi3k_alpha_inhibition_resistance_review_20260830/Phase1_PubmedCollection/passes/pass_001/artifacts/fulltext_import/PMC_XML/normalized/PMC10680093.json,drop,Readable full text is dominated by run-specific exclusion or deferred-context signals.,low,low,incidental,medium
pmid-35671774,35671774,PMC9630162,10.1016/S1470-2045(22)00284-4,"Fulvestrant plus capivasertib versus placebo after relapse or progression on an aromatase inhibitor in metastatic, oestrogen receptor-positive, HER2-negative breast cancer (FAKTION): overall survival, updated progression-free survival, and expanded biomarker analysis from a randomised, phase 2 trial.",pmc_xml,/Users/xingmeng/.openclaw/workspaces/staff-scientist-ideker/agent_LiteratureDueDiligence/runs/pi3k_alpha_inhibition_resistance_review_20260830/Phase1_PubmedCollection/passes/pass_001/artifacts/fulltext_import/PMC_XML/normalized/PMC9630162.json,drop,Readable full text is dominated by run-specific exclusion or deferred-context signals.,low,low,incidental,medium
pmid-35650607,35650607,PMC9161494,10.1186/s13046-022-02389-z,Depleting receptor tyrosine kinases EGFR and HER2 overcomes resistance to EGFR inhibitors in colorectal cancer.,pmc_xml,/Users/xingmeng/.openclaw/workspaces/staff-scientist-ideker/agent_LiteratureDueDiligence/runs/pi3k_alpha_inhibition_resistance_review_20260830/Phase1_PubmedCollection/passes/pass_001/artifacts/fulltext_import/PMC_XML/normalized/PMC9161494.json,keep,"A title, sentence, or local section-level window connects primary run entities, declared mechanism/evidence terms, and required outcome terms.",high,high,central,high
pmid-35646057,35646057,PMC9136175,10.3389/fgene.2022.880387,Amino Acid Metabolism-Related lncRNA Signature Predicts the Prognosis of Breast Cancer.,pmc_xml,/Users/xingmeng/.openclaw/workspaces/staff-scientist-ideker/agent_LiteratureDueDiligence/runs/pi3k_alpha_inhibition_resistance_review_20260830/Phase1_PubmedCollection/passes/pass_001/artifacts/fulltext_import/PMC_XML/normalized/PMC9136175.json,drop,Readable full text is dominated by run-specific exclusion or deferred-context signals.,low,low,incidental,medium
pmid-35619132,35619132,PMC9134670,10.1186/s12943-022-01531-x,PIK3CA mutations-mediated downregulation of circLHFPL2 inhibits colorectal cancer progression via upregulating PTEN.,pmc_xml,/Users/xingmeng/.openclaw/workspaces/staff-scientist-ideker/agent_LiteratureDueDiligence/runs/pi3k_alpha_inhibition_resistance_review_20260830/Phase1_PubmedCollection/passes/pass_001/artifacts/fulltext_import/PMC_XML/normalized/PMC9134670.json,keep,"A title, sentence, or local section-level window connects primary run entities, declared mechanism/evidence terms, and required outcome terms.",high,high,central,high
pmid-35615557,35615557,PMC9126294,10.2147/OTT.S351085,Genomic Alteration Spectrum of Non-Small Cell Lung Cancer Patients in East-China Characterized by Tumor Tissue DNA and Cell-Free DNA.,pmc_xml,/Users/xingmeng/.openclaw/workspaces/staff-scientist-ideker/agent_LiteratureDueDiligence/runs/pi3k_alpha_inhibition_resistance_review_20260830/Phase1_PubmedCollection/passes/pass_001/artifacts/fulltext_import/PMC_XML/normalized/PMC9126294.json,drop,Readable full text is dominated by run-specific exclusion or deferred-context signals.,low,low,incidental,medium
pmid-35583555,35583555,PMC9662928,10.1158/1078-0432.CCR-21-3811,"VERONICA: Randomized Phase II Study of Fulvestrant and Venetoclax in ER-Positive Metastatic Breast Cancer Post-CDK4/6 Inhibitors - Efficacy, Safety, and Biomarker Results.",pmc_xml,/Users/xingmeng/.openclaw/workspaces/staff-scientist-ideker/agent_LiteratureDueDiligence/runs/pi3k_alpha_inhibition_resistance_review_20260830/Phase1_PubmedCollection/passes/pass_001/artifacts/fulltext_import/PMC_XML/normalized/PMC9662928.json,drop,Readable full text is dominated by run-specific exclusion or deferred-context signals.,low,low,incidental,medium
pmid-35562750,35562750,PMC9101837,10.1186/s12967-022-03421-8,Identification of mutation patterns and circulating tumour DNA-derived prognostic markers in advanced breast cancer patients.,pmc_xml,/Users/xingmeng/.openclaw/workspaces/staff-scientist-ideker/agent_LiteratureDueDiligence/runs/pi3k_alpha_inhibition_resistance_review_20260830/Phase1_PubmedCollection/passes/pass_001/artifacts/fulltext_import/PMC_XML/normalized/PMC9101837.json,keep,"A title, sentence, or local section-level window connects primary run entities, declared mechanism/evidence terms, and required outcome terms.",high,high,central,high
pmid-35544729,35544729,PMC9200389,10.1200/PO.22.00037,"Negative Ultraselection of Patients With RAS/BRAF Wild-Type, Microsatellite-Stable Metastatic Colorectal Cancer Receiving Anti-EGFR-Based Therapy.",pmc_xml,/Users/xingmeng/.openclaw/workspaces/staff-scientist-ideker/agent_LiteratureDueDiligence/runs/pi3k_alpha_inhibition_resistance_review_20260830/Phase1_PubmedCollection/passes/pass_001/artifacts/fulltext_import/PMC_XML/normalized/PMC9200389.json,drop,Readable full text is dominated by run-specific exclusion or deferred-context signals.,low,low,incidental,medium
pmid-35524239,35524239,PMC9078016,10.1186/s12885-022-09610-4,"A multicenter, dose-finding, phase 1b study of imatinib in combination with alpelisib as third-line treatment in patients with advanced gastrointestinal stromal tumor.",pmc_xml,/Users/xingmeng/.openclaw/workspaces/staff-scientist-ideker/agent_LiteratureDueDiligence/runs/pi3k_alpha_inhibition_resistance_review_20260830/Phase1_PubmedCollection/passes/pass_001/artifacts/fulltext_import/PMC_XML/normalized/PMC9078016.json,keep,"A title, sentence, or local section-level window connects primary run entities, declared mechanism/evidence terms, and required outcome terms.",high,high,central,high
pmid-35335966,35335966,PMC8950976,10.3390/pharmaceutics14030590,The PIK3CA H1047R Mutation Confers Resistance to BRAF and MEK Inhibitors in A375 Melanoma Cells through the Cross-Activation of MAPK and PI3K-Akt Pathways.,pmc_xml,/Users/xingmeng/.openclaw/workspaces/staff-scientist-ideker/agent_LiteratureDueDiligence/runs/pi3k_alpha_inhibition_resistance_review_20260830/Phase1_PubmedCollection/passes/pass_001/artifacts/fulltext_import/PMC_XML/normalized/PMC8950976.json,keep,"A title, sentence, or local section-level window connects primary run entities, declared mechanism/evidence terms, and required outcome terms.",high,high,central,high
pmid-35280779,35280779,PMC8908369,10.3389/fonc.2022.830816,Longitudinal Circulating Tumor DNA Profiling in Metastatic Colorectal Cancer During Anti-EGFR Therapy.,pmc_xml,/Users/xingmeng/.openclaw/workspaces/staff-scientist-ideker/agent_LiteratureDueDiligence/runs/pi3k_alpha_inhibition_resistance_review_20260830/Phase1_PubmedCollection/passes/pass_001/artifacts/fulltext_import/PMC_XML/normalized/PMC8908369.json,drop,Readable full text is dominated by run-specific exclusion or deferred-context signals.,low,low,incidental,medium
pmid-35251316,35251316,PMC8891830,10.1177/17588359221079125,Molecular landscape of osimertinib resistance in patients and patient-derived preclinical models.,pmc_xml,/Users/xingmeng/.openclaw/workspaces/staff-scientist-ideker/agent_LiteratureDueDiligence/runs/pi3k_alpha_inhibition_resistance_review_20260830/Phase1_PubmedCollection/passes/pass_001/artifacts/fulltext_import/PMC_XML/normalized/PMC8891830.json,keep,"A title, sentence, or local section-level window connects primary run entities, declared mechanism/evidence terms, and required outcome terms.",high,high,central,high
pmid-35181666,35181666,PMC8857263,10.1038/s41523-022-00390-5,"Disease characterization in liquid biopsy from HER2-mutated, non-amplified metastatic breast cancer patients treated with neratinib.",pmc_xml,/Users/xingmeng/.openclaw/workspaces/staff-scientist-ideker/agent_LiteratureDueDiligence/runs/pi3k_alpha_inhibition_resistance_review_20260830/Phase1_PubmedCollection/passes/pass_001/artifacts/fulltext_import/PMC_XML/normalized/PMC8857263.json,keep,"A title, sentence, or local section-level window connects primary run entities, declared mechanism/evidence terms, and required outcome terms.",high,high,central,high
pmid-35158773,35158773,PMC8833811,10.3390/cancers14030506,NSAIDs Overcome PIK3CA Mutation-Mediated Resistance to EGFR Inhibition in Head and Neck Cancer Preclinical Models.,pmc_xml,/Users/xingmeng/.openclaw/workspaces/staff-scientist-ideker/agent_LiteratureDueDiligence/runs/pi3k_alpha_inhibition_resistance_review_20260830/Phase1_PubmedCollection/passes/pass_001/artifacts/fulltext_import/PMC_XML/normalized/PMC8833811.json,keep,"A title, sentence, or local section-level window connects primary run entities, declared mechanism/evidence terms, and required outcome terms.",high,high,central,high
pmid-35128137,35128137,PMC8801244,10.23922/jarc.2021-042,"A Trial Protocol of Precision Medicine for Patients with RAS Wild Metastatic Colorectal Cancer Using Liquid Biopsy (RAS-liquid Study): A Prospective, Multicenter Observational Study.",pmc_xml,/Users/xingmeng/.openclaw/workspaces/staff-scientist-ideker/agent_LiteratureDueDiligence/runs/pi3k_alpha_inhibition_resistance_review_20260830/Phase1_PubmedCollection/passes/pass_001/artifacts/fulltext_import/PMC_XML/normalized/PMC8801244.json,keep,"A title, sentence, or local section-level window connects primary run entities, declared mechanism/evidence terms, and required outcome terms.",high,high,central,high
pmid-35050709,35050709,PMC8789213,10.1200/PO.21.00190,"Apolipoprotein B mRNA-Editing Catalytic Polypeptide-Like-Induced Protein Changes in Estrogen Receptor-Positive, Human Epidermal Growth Factor Receptor 2-Negative Breast Cancer Throughout Disease Progression.",pmc_xml,/Users/xingmeng/.openclaw/workspaces/staff-scientist-ideker/agent_LiteratureDueDiligence/runs/pi3k_alpha_inhibition_resistance_review_20260830/Phase1_PubmedCollection/passes/pass_001/artifacts/fulltext_import/PMC_XML/normalized/PMC8789213.json,drop,Readable full text is dominated by run-specific exclusion or deferred-context signals.,low,low,incidental,medium
pmid-35022207,35022207,PMC7612218,10.1158/2159-8290.CD-21-1411,Precision Targeting of Mutant PI3Kα in Cancer by Selective Degradation.,pmc_xml,/Users/xingmeng/.openclaw/workspaces/staff-scientist-ideker/agent_LiteratureDueDiligence/runs/pi3k_alpha_inhibition_resistance_review_20260830/Phase1_PubmedCollection/passes/pass_001/artifacts/fulltext_import/PMC_XML/normalized/PMC7612218.json,keep,"A title, sentence, or local section-level window connects primary run entities, declared mechanism/evidence terms, and required outcome terms.",high,high,central,high
pmid-34635506,34635506,PMC8738128,10.1158/1541-7786.MCR-21-0442,Genomic and Transcriptomic Correlates of Thyroid Carcinoma Evolution after BRAF Inhibitor Therapy.,pmc_xml,/Users/xingmeng/.openclaw/workspaces/staff-scientist-ideker/agent_LiteratureDueDiligence/runs/pi3k_alpha_inhibition_resistance_review_20260830/Phase1_PubmedCollection/passes/pass_001/artifacts/fulltext_import/PMC_XML/normalized/PMC8738128.json,drop,Readable full text is dominated by run-specific exclusion or deferred-context signals.,low,low,incidental,medium
pmid-35004676,35004676,PMC8740065,10.3389/fcell.2021.769409,Transcriptomic and Metabolomic Profiling in Helicobacter pylori-Induced Gastric Cancer Identified Prognosis- and Immunotherapy-Relevant Gene Signatures.,pmc_xml,/Users/xingmeng/.openclaw/workspaces/staff-scientist-ideker/agent_LiteratureDueDiligence/runs/pi3k_alpha_inhibition_resistance_review_20260830/Phase1_PubmedCollection/passes/pass_001/artifacts/fulltext_import/PMC_XML/normalized/PMC8740065.json,drop,Readable full text is dominated by run-specific exclusion or deferred-context signals.,low,low,incidental,medium
pmid-34968392,34968392,PMC8717967,10.1371/journal.pone.0260841,HPV16 E1 dysregulated cellular genes involved in cell proliferation and host DNA damage: A possible role in cervical carcinogenesis.,pmc_xml,/Users/xingmeng/.openclaw/workspaces/staff-scientist-ideker/agent_LiteratureDueDiligence/runs/pi3k_alpha_inhibition_resistance_review_20260830/Phase1_PubmedCollection/passes/pass_001/artifacts/fulltext_import/PMC_XML/normalized/PMC8717967.json,drop,Readable full text is dominated by run-specific exclusion or deferred-context signals.,low,low,incidental,medium
pmid-34916808,34916808,PMC8668246,10.2147/OTT.S333029,Effective Disease Control After Combinatorial Treatment with a PD-1 Antibody and an mTOR Inhibitor for Recurrent Ovarian Clear Cell Carcinomas: A Case Report and Literature Review.,pmc_xml,/Users/xingmeng/.openclaw/workspaces/staff-scientist-ideker/agent_LiteratureDueDiligence/runs/pi3k_alpha_inhibition_resistance_review_20260830/Phase1_PubmedCollection/passes/pass_001/artifacts/fulltext_import/PMC_XML/normalized/PMC8668246.json,drop,Readable full text is dominated by run-specific exclusion or deferred-context signals.,low,low,incidental,medium
pmid-34842356,34842356,PMC8567053,10.1002/ctm2.589,Large-scale genomic sequencing reveals adaptive opportunity of targeting mutated-PI3Kα in early and advanced HER2-positive breast cancer.,pmc_xml,/Users/xingmeng/.openclaw/workspaces/staff-scientist-ideker/agent_LiteratureDueDiligence/runs/pi3k_alpha_inhibition_resistance_review_20260830/Phase1_PubmedCollection/passes/pass_001/artifacts/fulltext_import/PMC_XML/normalized/PMC8567053.json,keep,"A title, sentence, or local section-level window connects primary run entities, declared mechanism/evidence terms, and required outcome terms.",high,high,central,high
pmid-34771420,34771420,PMC8582530,10.3390/cancers13215257,Gallbladder Cancer: Current Insights in Genetic Alterations and Their Possible Therapeutic Implications.,pmc_xml,/Users/xingmeng/.openclaw/workspaces/staff-scientist-ideker/agent_LiteratureDueDiligence/runs/pi3k_alpha_inhibition_resistance_review_20260830/Phase1_PubmedCollection/passes/pass_001/artifacts/fulltext_import/PMC_XML/normalized/PMC8582530.json,drop,Readable full text is dominated by run-specific exclusion or deferred-context signals.,low,low,incidental,medium
pmid-34590028,34590028,PMC8474358,10.1016/j.jtocrr.2021.100180,Brief Report: Heterogeneity of Acquired Resistance Mechanisms to Osimertinib and Savolitinib.,pmc_xml,/Users/xingmeng/.openclaw/workspaces/staff-scientist-ideker/agent_LiteratureDueDiligence/runs/pi3k_alpha_inhibition_resistance_review_20260830/Phase1_PubmedCollection/passes/pass_001/artifacts/fulltext_import/PMC_XML/normalized/PMC8474358.json,drop,Readable full text is dominated by run-specific exclusion or deferred-context signals.,low,low,incidental,medium
pmid-34526820,34526820,PMC8437381,10.2147/CMAR.S326094,Treatment with Anlotinib After Chemotherapy and EGFR-TKI Resistance in Lung Adenosquamous Carcinoma with Concurrent EGFR and PIK3CA Mutations: A Case Report and Literature Review.,pmc_xml,/Users/xingmeng/.openclaw/workspaces/staff-scientist-ideker/agent_LiteratureDueDiligence/runs/pi3k_alpha_inhibition_resistance_review_20260830/Phase1_PubmedCollection/passes/pass_001/artifacts/fulltext_import/PMC_XML/normalized/PMC8437381.json,drop,Readable full text is dominated by run-specific exclusion or deferred-context signals.,low,low,incidental,medium
pmid-34479035,34479035,PMC8414046,10.1016/j.esmoop.2021.100230,PIK3CA mutations in plasma circulating tumor DNA predict survival and treatment outcomes in patients with advanced cancers.,pmc_xml,/Users/xingmeng/.openclaw/workspaces/staff-scientist-ideker/agent_LiteratureDueDiligence/runs/pi3k_alpha_inhibition_resistance_review_20260830/Phase1_PubmedCollection/passes/pass_001/artifacts/fulltext_import/PMC_XML/normalized/PMC8414046.json,drop,Readable full text is dominated by run-specific exclusion or deferred-context signals.,low,low,incidental,medium
pmid-34433648,34433648,PMC9401512,10.1158/1078-0432.CCR-21-1095,"A Phase I Study of LSZ102, an Oral Selective Estrogen Receptor Degrader, with or without Ribociclib or Alpelisib, in Patients with Estrogen Receptor-Positive Breast Cancer.",pmc_xml,/Users/xingmeng/.openclaw/workspaces/staff-scientist-ideker/agent_LiteratureDueDiligence/runs/pi3k_alpha_inhibition_resistance_review_20260830/Phase1_PubmedCollection/passes/pass_001/artifacts/fulltext_import/PMC_XML/normalized/PMC9401512.json,drop,Readable full text is dominated by run-specific exclusion or deferred-context signals.,low,low,incidental,medium
pmid-34295201,34295201,PMC8290191,10.2147/LCTT.S269307,"Lung Cancer with MET exon 14 Skipping Mutation: Genetic Feature, Current Treatments, and Future Challenges.",pmc_xml,/Users/xingmeng/.openclaw/workspaces/staff-scientist-ideker/agent_LiteratureDueDiligence/runs/pi3k_alpha_inhibition_resistance_review_20260830/Phase1_PubmedCollection/passes/pass_001/artifacts/fulltext_import/PMC_XML/normalized/PMC8290191.json,drop,Readable full text is dominated by run-specific exclusion or deferred-context signals.,low,low,incidental,medium
pmid-34283064,34283064,PMC8268167,10.3390/cancers13133342,Longitudinal Circulating Tumor DNA Analysis in Blood and Saliva for Prediction of Response to Osimertinib and Disease Progression in EGFR-Mutant Lung Adenocarcinoma.,pmc_xml,/Users/xingmeng/.openclaw/workspaces/staff-scientist-ideker/agent_LiteratureDueDiligence/runs/pi3k_alpha_inhibition_resistance_review_20260830/Phase1_PubmedCollection/passes/pass_001/artifacts/fulltext_import/PMC_XML/normalized/PMC8268167.json,drop,Readable full text is dominated by run-specific exclusion or deferred-context signals.,low,low,incidental,medium
pmid-34257082,34257082,PMC8744502,10.1158/0008-5472.CAN-21-1208,Cell Line-Specific Network Models of ER(+) Breast Cancer Identify Potential PI3Kα Inhibitor Resistance Mechanisms and Drug Combinations.,pmc_xml,/Users/xingmeng/.openclaw/workspaces/staff-scientist-ideker/agent_LiteratureDueDiligence/runs/pi3k_alpha_inhibition_resistance_review_20260830/Phase1_PubmedCollection/passes/pass_001/artifacts/fulltext_import/PMC_XML/normalized/PMC8744502.json,keep,"A title, sentence, or local section-level window connects primary run entities, declared mechanism/evidence terms, and required outcome terms.",high,high,central,high
pmid-34249687,34249687,PMC8264054,10.3389/fonc.2021.649766,Prognosis and Concurrent Genomic Alterations in Patients With Advanced NSCLC Harboring MET Amplification or MET Exon 14 Skipping Mutation Treated With MET Inhibitor: A Retrospective Study.,pmc_xml,/Users/xingmeng/.openclaw/workspaces/staff-scientist-ideker/agent_LiteratureDueDiligence/runs/pi3k_alpha_inhibition_resistance_review_20260830/Phase1_PubmedCollection/passes/pass_001/artifacts/fulltext_import/PMC_XML/normalized/PMC8264054.json,keep,"A title, sentence, or local section-level window connects primary run entities, declared mechanism/evidence terms, and required outcome terms.",high,high,central,high
pmid-34201252,34201252,PMC8227553,10.3390/cancers13122861,Comparison of Resistance Spectra after First and Second Line Osimertinib Treatment Detected by Liquid Biopsy.,pmc_xml,/Users/xingmeng/.openclaw/workspaces/staff-scientist-ideker/agent_LiteratureDueDiligence/runs/pi3k_alpha_inhibition_resistance_review_20260830/Phase1_PubmedCollection/passes/pass_001/artifacts/fulltext_import/PMC_XML/normalized/PMC8227553.json,drop,Readable full text is dominated by run-specific exclusion or deferred-context signals.,low,low,incidental,medium
pmid-34173341,34173341,PMC8290257,10.1002/cam4.3948,Next-generation sequencing of tissue and circulating tumor DNA: Resistance mechanisms to EGFR targeted therapy in a cohort of patients with advanced non-small cell lung cancer.,pmc_xml,/Users/xingmeng/.openclaw/workspaces/staff-scientist-ideker/agent_LiteratureDueDiligence/runs/pi3k_alpha_inhibition_resistance_review_20260830/Phase1_PubmedCollection/passes/pass_001/artifacts/fulltext_import/PMC_XML/normalized/PMC8290257.json,keep,"A title, sentence, or local section-level window connects primary run entities, declared mechanism/evidence terms, and required outcome terms.",high,high,central,high
pmid-34127844,34127844,PMC9297732,10.1038/s41573-021-00209-1,PI3K inhibitors are finally coming of age.,pmc_xml,/Users/xingmeng/.openclaw/workspaces/staff-scientist-ideker/agent_LiteratureDueDiligence/runs/pi3k_alpha_inhibition_resistance_review_20260830/Phase1_PubmedCollection/passes/pass_001/artifacts/fulltext_import/PMC_XML/normalized/PMC9297732.json,drop,Readable full text is dominated by run-specific exclusion or deferred-context signals.,low,low,incidental,medium
pmid-34058070,34058070,PMC8410554,10.1002/1878-0261.13033,NGS-based liquid biopsy profiling identifies mechanisms of resistance to ALK inhibitors: a step toward personalized NSCLC treatment.,pmc_xml,/Users/xingmeng/.openclaw/workspaces/staff-scientist-ideker/agent_LiteratureDueDiligence/runs/pi3k_alpha_inhibition_resistance_review_20260830/Phase1_PubmedCollection/passes/pass_001/artifacts/fulltext_import/PMC_XML/normalized/PMC8410554.json,drop,Readable full text is dominated by run-specific exclusion or deferred-context signals.,low,low,incidental,medium
pmid-34055653,34055653,PMC8162207,10.3389/fonc.2021.691199,The Orphan Nuclear Receptor Gene NR0B2 Is a Favorite Prognosis Factor Modulated by Multiple Cellular Signal Pathways in Human Liver Cancers.,pmc_xml,/Users/xingmeng/.openclaw/workspaces/staff-scientist-ideker/agent_LiteratureDueDiligence/runs/pi3k_alpha_inhibition_resistance_review_20260830/Phase1_PubmedCollection/passes/pass_001/artifacts/fulltext_import/PMC_XML/normalized/PMC8162207.json,drop,Readable full text is dominated by run-specific exclusion or deferred-context signals.,low,low,incidental,medium
pmid-34016182,34016182,PMC8136103,10.1186/s13073-021-00895-x,Modeling clonal structure over narrow time frames via circulating tumor DNA in metastatic breast cancer.,pmc_xml,/Users/xingmeng/.openclaw/workspaces/staff-scientist-ideker/agent_LiteratureDueDiligence/runs/pi3k_alpha_inhibition_resistance_review_20260830/Phase1_PubmedCollection/passes/pass_001/artifacts/fulltext_import/PMC_XML/normalized/PMC8136103.json,drop,Readable full text is dominated by run-specific exclusion or deferred-context signals.,low,low,incidental,medium
pmid-34006291,34006291,PMC8132379,10.1186/s13073-021-00897-9,Prospective high-throughput genome profiling of advanced cancers: results of the PERMED-01 clinical trial.,pmc_xml,/Users/xingmeng/.openclaw/workspaces/staff-scientist-ideker/agent_LiteratureDueDiligence/runs/pi3k_alpha_inhibition_resistance_review_20260830/Phase1_PubmedCollection/passes/pass_001/artifacts/fulltext_import/PMC_XML/normalized/PMC8132379.json,drop,Readable full text is dominated by run-specific exclusion or deferred-context signals.,low,low,incidental,medium
pmid-33982444,33982444,PMC8209625,10.1002/cam4.3929,The role of comprehensive analysis with circulating tumor DNA in advanced non-small cell lung cancer patients considered for osimertinib treatment.,pmc_xml,/Users/xingmeng/.openclaw/workspaces/staff-scientist-ideker/agent_LiteratureDueDiligence/runs/pi3k_alpha_inhibition_resistance_review_20260830/Phase1_PubmedCollection/passes/pass_001/artifacts/fulltext_import/PMC_XML/normalized/PMC8209625.json,keep,"A title, sentence, or local section-level window connects primary run entities, declared mechanism/evidence terms, and required outcome terms.",high,high,central,high
pmid-33976551,33976551,PMC8104980,10.2147/OTT.S298720,"Advances in Therapy for Hormone Receptor (HR)-Positive, Human Epidermal Growth Factor Receptor 2 (HER2)-Negative Advanced Breast Cancer Patients Who Have Experienced Progression After Treatment with CDK4/6 Inhibitors.",pmc_xml,/Users/xingmeng/.openclaw/workspaces/staff-scientist-ideker/agent_LiteratureDueDiligence/runs/pi3k_alpha_inhibition_resistance_review_20260830/Phase1_PubmedCollection/passes/pass_001/artifacts/fulltext_import/PMC_XML/normalized/PMC8104980.json,keep,"A title, sentence, or local section-level window connects primary run entities, declared mechanism/evidence terms, and required outcome terms.",high,high,central,high
pmid-33953802,33953802,PMC8058789,10.1177/17588359211010156,"Characterization of the tumor immune-microenvironment of adenocarcinoma of lung with a metastatic lesion in the pancreas treated successfully with first-line, single-agent pembrolizumab.",pmc_xml,/Users/xingmeng/.openclaw/workspaces/staff-scientist-ideker/agent_LiteratureDueDiligence/runs/pi3k_alpha_inhibition_resistance_review_20260830/Phase1_PubmedCollection/passes/pass_001/artifacts/fulltext_import/PMC_XML/normalized/PMC8058789.json,drop,Readable full text is dominated by run-specific exclusion or deferred-context signals.,low,low,incidental,medium
pmid-33947692,33947692,PMC8282678,10.1158/1078-0432.CCR-21-0047,A Phase I Study of Alpelisib in Combination with Trastuzumab and LJM716 in Patients with PIK3CA-Mutated HER2-Positive Metastatic Breast Cancer.,pmc_xml,/Users/xingmeng/.openclaw/workspaces/staff-scientist-ideker/agent_LiteratureDueDiligence/runs/pi3k_alpha_inhibition_resistance_review_20260830/Phase1_PubmedCollection/passes/pass_001/artifacts/fulltext_import/PMC_XML/normalized/PMC8282678.json,drop,Readable full text is dominated by run-specific exclusion or deferred-context signals.,low,low,incidental,medium
pmid-33924134,33924134,PMC8074310,10.3390/diagnostics11040733,Implementation of Precision Oncology for Patients with Metastatic Breast Cancer in an Interdisciplinary MTB Setting.,pmc_xml,/Users/xingmeng/.openclaw/workspaces/staff-scientist-ideker/agent_LiteratureDueDiligence/runs/pi3k_alpha_inhibition_resistance_review_20260830/Phase1_PubmedCollection/passes/pass_001/artifacts/fulltext_import/PMC_XML/normalized/PMC8074310.json,keep,"A title, sentence, or local section-level window connects primary run entities, declared mechanism/evidence terms, and required outcome terms.",high,high,central,high
pmid-33893289,33893289,PMC8065112,10.1038/s41467-021-22605-2,Genomic profile of advanced breast cancer in circulating tumour DNA.,pmc_xml,/Users/xingmeng/.openclaw/workspaces/staff-scientist-ideker/agent_LiteratureDueDiligence/runs/pi3k_alpha_inhibition_resistance_review_20260830/Phase1_PubmedCollection/passes/pass_001/artifacts/fulltext_import/PMC_XML/normalized/PMC8065112.json,drop,Readable full text is dominated by run-specific exclusion or deferred-context signals.,low,low,incidental,medium
pmid-33886505,33886505,PMC8262355,10.1172/jci.insight.147617,The impact of tumor epithelial and microenvironmental heterogeneity on treatment responses in HER2+ breast cancer.,pmc_xml,/Users/xingmeng/.openclaw/workspaces/staff-scientist-ideker/agent_LiteratureDueDiligence/runs/pi3k_alpha_inhibition_resistance_review_20260830/Phase1_PubmedCollection/passes/pass_001/artifacts/fulltext_import/PMC_XML/normalized/PMC8262355.json,drop,Readable full text is dominated by run-specific exclusion or deferred-context signals.,low,low,incidental,medium
pmid-33868999,33868999,PMC8049504,10.3389/fonc.2021.613933,Association of Body Mass Index With Somatic Mutations in Breast Cancer.,pmc_xml,/Users/xingmeng/.openclaw/workspaces/staff-scientist-ideker/agent_LiteratureDueDiligence/runs/pi3k_alpha_inhibition_resistance_review_20260830/Phase1_PubmedCollection/passes/pass_001/artifacts/fulltext_import/PMC_XML/normalized/PMC8049504.json,drop,Readable full text is dominated by run-specific exclusion or deferred-context signals.,low,low,incidental,medium
pmid-33799597,33799597,PMC7999809,10.3390/cancers13061225,"Phase Ib Trial of Copanlisib, A Phosphoinositide-3 Kinase (PI3K) Inhibitor, with Trastuzumab in Advanced Pre-Treated HER2-Positive Breast Cancer ""PantHER"".",pmc_xml,/Users/xingmeng/.openclaw/workspaces/staff-scientist-ideker/agent_LiteratureDueDiligence/runs/pi3k_alpha_inhibition_resistance_review_20260830/Phase1_PubmedCollection/passes/pass_001/artifacts/fulltext_import/PMC_XML/normalized/PMC7999809.json,drop,Readable full text is dominated by run-specific exclusion or deferred-context signals.,low,low,incidental,medium
pmid-33602685,33602685,PMC8282704,10.1158/1078-0432.CCR-20-4879,Clinical and Biomarker Results from Phase I/II Study of PI3K Inhibitor Alpelisib plus Nab-paclitaxel in HER2-Negative Metastatic Breast Cancer.,pmc_xml,/Users/xingmeng/.openclaw/workspaces/staff-scientist-ideker/agent_LiteratureDueDiligence/runs/pi3k_alpha_inhibition_resistance_review_20260830/Phase1_PubmedCollection/passes/pass_001/artifacts/fulltext_import/PMC_XML/normalized/PMC8282704.json,keep,"A title, sentence, or local section-level window connects primary run entities, declared mechanism/evidence terms, and required outcome terms.",high,high,central,high
pmid-33546249,33546249,PMC7913278,10.3390/cancers13040597,TP53 Mutations as a Driver of Metastasis Signaling in Advanced Cancer Patients.,pmc_xml,/Users/xingmeng/.openclaw/workspaces/staff-scientist-ideker/agent_LiteratureDueDiligence/runs/pi3k_alpha_inhibition_resistance_review_20260830/Phase1_PubmedCollection/passes/pass_001/artifacts/fulltext_import/PMC_XML/normalized/PMC7913278.json,drop,Readable full text is dominated by run-specific exclusion or deferred-context signals.,low,low,incidental,medium
pmid-33469255,33469255,PMC7809097,10.1007/s00044-020-02686-2,Development and therapeutic potential of 2-aminothiazole derivatives in anticancer drug discovery.,pmc_xml,/Users/xingmeng/.openclaw/workspaces/staff-scientist-ideker/agent_LiteratureDueDiligence/runs/pi3k_alpha_inhibition_resistance_review_20260830/Phase1_PubmedCollection/passes/pass_001/artifacts/fulltext_import/PMC_XML/normalized/PMC7809097.json,drop,Readable full text is dominated by run-specific exclusion or deferred-context signals.,low,low,incidental,medium
pmid-33403024,33403024,PMC7778531,10.7150/jca.49391,Genomic and clinical characteristics of MET exon14 alterations in a large cohort of Chinese cancer patients revealed distinct features and a novel resistance mechanism for crizotinib.,pmc_xml,/Users/xingmeng/.openclaw/workspaces/staff-scientist-ideker/agent_LiteratureDueDiligence/runs/pi3k_alpha_inhibition_resistance_review_20260830/Phase1_PubmedCollection/passes/pass_001/artifacts/fulltext_import/PMC_XML/normalized/PMC7778531.json,drop,Readable full text is dominated by run-specific exclusion or deferred-context signals.,low,low,incidental,medium
pmid-33293374,33293374,PMC7887078,10.1158/1078-0432.CCR-20-1720,Genomic Characterization of de novo Metastatic Breast Cancer.,pmc_xml,/Users/xingmeng/.openclaw/workspaces/staff-scientist-ideker/agent_LiteratureDueDiligence/runs/pi3k_alpha_inhibition_resistance_review_20260830/Phase1_PubmedCollection/passes/pass_001/artifacts/fulltext_import/PMC_XML/normalized/PMC7887078.json,drop,Readable full text is dominated by run-specific exclusion or deferred-context signals.,low,low,incidental,medium
pmid-33204026,33204026,PMC7782586,10.1038/s41416-020-01147-2,Mutational profiles associated with resistance in patients with BRAFV600E mutant colorectal cancer treated with cetuximab and encorafenib +/- binimetinib or alpelisib.,pmc_xml,/Users/xingmeng/.openclaw/workspaces/staff-scientist-ideker/agent_LiteratureDueDiligence/runs/pi3k_alpha_inhibition_resistance_review_20260830/Phase1_PubmedCollection/passes/pass_001/artifacts/fulltext_import/PMC_XML/normalized/PMC7782586.json,keep,"A title, sentence, or local section-level window connects primary run entities, declared mechanism/evidence terms, and required outcome terms.",high,high,central,high
pmid-33203645,33203645,PMC8223008,10.1158/1078-0432.CCR-20-1831,"Neratinib-Plus-Cetuximab in Quadruple-WT (KRAS, NRAS, BRAF, PIK3CA) Metastatic Colorectal Cancer Resistant to Cetuximab or Panitumumab: NSABP FC-7, A Phase Ib Study.",pmc_xml,/Users/xingmeng/.openclaw/workspaces/staff-scientist-ideker/agent_LiteratureDueDiligence/runs/pi3k_alpha_inhibition_resistance_review_20260830/Phase1_PubmedCollection/passes/pass_001/artifacts/fulltext_import/PMC_XML/normalized/PMC8223008.json,drop,Readable full text is dominated by run-specific exclusion or deferred-context signals.,low,low,incidental,medium
pmid-33190190,33190190,PMC7854469,10.1007/s12325-020-01552-2,"Clinical Challenges in the Management of Hormone Receptor-Positive, Human Epidermal Growth Factor Receptor 2-Negative Metastatic Breast Cancer: A Literature Review.",pmc_xml,/Users/xingmeng/.openclaw/workspaces/staff-scientist-ideker/agent_LiteratureDueDiligence/runs/pi3k_alpha_inhibition_resistance_review_20260830/Phase1_PubmedCollection/passes/pass_001/artifacts/fulltext_import/PMC_XML/normalized/PMC7854469.json,drop,Readable full text is dominated by run-specific exclusion or deferred-context signals.,low,low,incidental,medium
pmid-33168657,33168657,PMC8535764,10.1158/1078-0432.CCR-20-3652,"FDA Approval Summary: Alpelisib Plus Fulvestrant for Patients with HR-positive, HER2-negative, PIK3CA-mutated, Advanced or Metastatic Breast Cancer.",pmc_xml,/Users/xingmeng/.openclaw/workspaces/staff-scientist-ideker/agent_LiteratureDueDiligence/runs/pi3k_alpha_inhibition_resistance_review_20260830/Phase1_PubmedCollection/passes/pass_001/artifacts/fulltext_import/PMC_XML/normalized/PMC8535764.json,drop,Readable full text is dominated by run-specific exclusion or deferred-context signals.,low,low,incidental,medium
pmid-35117735,35117735,PMC8798927,10.21037/tcr-19-2291,Significance of genetic sequencing in patients with lung adenocarcinoma with transformation to small cell lung cancer: a case report and systematic review.,pmc_xml,/Users/xingmeng/.openclaw/workspaces/staff-scientist-ideker/agent_LiteratureDueDiligence/runs/pi3k_alpha_inhibition_resistance_review_20260830/Phase1_PubmedCollection/passes/pass_001/artifacts/fulltext_import/PMC_XML/normalized/PMC8798927.json,keep,"A title, sentence, or local section-level window connects primary run entities, declared mechanism/evidence terms, and required outcome terms.",high,high,central,high
pmid-35117688,35117688,PMC8798137,10.21037/tcr.2020.04.07,"Antitumor activity and safety of sirolimus for solid tumors with PIK3CA mutations: A multicenter, open-label, prospective single-arm study (KM 02-01, KCSG UN17-16).",pmc_xml,/Users/xingmeng/.openclaw/workspaces/staff-scientist-ideker/agent_LiteratureDueDiligence/runs/pi3k_alpha_inhibition_resistance_review_20260830/Phase1_PubmedCollection/passes/pass_001/artifacts/fulltext_import/PMC_XML/normalized/PMC8798137.json,drop,Readable full text is dominated by run-specific exclusion or deferred-context signals.,low,low,incidental,medium
pmid-33384957,33384957,PMC7771515,10.3389/fonc.2020.588932,Genotyping Squamous Cell Lung Carcinoma in Colombia (Geno1.1-CLICaP).,pmc_xml,/Users/xingmeng/.openclaw/workspaces/staff-scientist-ideker/agent_LiteratureDueDiligence/runs/pi3k_alpha_inhibition_resistance_review_20260830/Phase1_PubmedCollection/passes/pass_001/artifacts/fulltext_import/PMC_XML/normalized/PMC7771515.json,drop,Readable full text is dominated by run-specific exclusion or deferred-context signals.,low,low,incidental,medium
pmid-33318517,33318517,PMC7736588,10.1038/s41598-020-78788-z,Combined PI3Kα-mTOR Targeting of Glioma Stem Cells.,pmc_xml,/Users/xingmeng/.openclaw/workspaces/staff-scientist-ideker/agent_LiteratureDueDiligence/runs/pi3k_alpha_inhibition_resistance_review_20260830/Phase1_PubmedCollection/passes/pass_001/artifacts/fulltext_import/PMC_XML/normalized/PMC7736588.json,drop,Readable full text is dominated by run-specific exclusion or deferred-context signals.,low,low,incidental,medium
pmid-33194681,33194681,PMC7658551,10.3389/fonc.2020.574523,Case Report: Primary and Acquired Resistance Mechanisms of Nimotuzumab in Advanced Esophageal Squamous Cell Carcinoma Revealed by Targeted Sequencing.,pmc_xml,/Users/xingmeng/.openclaw/workspaces/staff-scientist-ideker/agent_LiteratureDueDiligence/runs/pi3k_alpha_inhibition_resistance_review_20260830/Phase1_PubmedCollection/passes/pass_001/artifacts/fulltext_import/PMC_XML/normalized/PMC7658551.json,keep,"A title, sentence, or local section-level window connects primary run entities, declared mechanism/evidence terms, and required outcome terms.",high,high,central,high
pmid-33125909,33125909,PMC8109255,10.1016/S1470-2045(20)30475-7,Biomarker-driven therapies for previously treated squamous non-small-cell lung cancer (Lung-MAP SWOG S1400): a biomarker-driven master protocol.,pmc_xml,/Users/xingmeng/.openclaw/workspaces/staff-scientist-ideker/agent_LiteratureDueDiligence/runs/pi3k_alpha_inhibition_resistance_review_20260830/Phase1_PubmedCollection/passes/pass_001/artifacts/fulltext_import/PMC_XML/normalized/PMC8109255.json,drop,Readable full text is dominated by run-specific exclusion or deferred-context signals.,low,low,incidental,medium
pmid-33112820,33112820,PMC7774771,10.1530/EC-20-0311,Akt1 genetic variants confer increased susceptibility to thyroid cancer.,pmc_xml,/Users/xingmeng/.openclaw/workspaces/staff-scientist-ideker/agent_LiteratureDueDiligence/runs/pi3k_alpha_inhibition_resistance_review_20260830/Phase1_PubmedCollection/passes/pass_001/artifacts/fulltext_import/PMC_XML/normalized/PMC7774771.json,drop,Readable full text is dominated by run-specific exclusion or deferred-context signals.,low,low,incidental,medium
pmid-33088912,33088912,PMC7568552,10.1038/s41523-020-00197-2,"Practical classification of triple-negative breast cancer: intratumoral heterogeneity, mechanisms of drug resistance, and novel therapies.",pmc_xml,/Users/xingmeng/.openclaw/workspaces/staff-scientist-ideker/agent_LiteratureDueDiligence/runs/pi3k_alpha_inhibition_resistance_review_20260830/Phase1_PubmedCollection/passes/pass_001/artifacts/fulltext_import/PMC_XML/normalized/PMC7568552.json,drop,Readable full text is dominated by run-specific exclusion or deferred-context signals.,low,low,incidental,medium
pmid-33082753,33082753,PMC7548910,10.1159/000510097,Cutaneous Adnexal Carcinoma with Apocrine Differentiation: A Challenging Diagnosis and Personalized Treatment with mTOR Inhibitor in a Very Rare Disease.,pmc_xml,/Users/xingmeng/.openclaw/workspaces/staff-scientist-ideker/agent_LiteratureDueDiligence/runs/pi3k_alpha_inhibition_resistance_review_20260830/Phase1_PubmedCollection/passes/pass_001/artifacts/fulltext_import/PMC_XML/normalized/PMC7548910.json,drop,Readable full text is dominated by run-specific exclusion or deferred-context signals.,low,low,incidental,medium
pmid-33059733,33059733,PMC7559997,10.1186/s13046-020-01713-9,TAM family receptors in conjunction with MAPK signalling are involved in acquired resistance to PI3Kα inhibition in head and neck squamous cell carcinoma.,pmc_xml,/Users/xingmeng/.openclaw/workspaces/staff-scientist-ideker/agent_LiteratureDueDiligence/runs/pi3k_alpha_inhibition_resistance_review_20260830/Phase1_PubmedCollection/passes/pass_001/artifacts/fulltext_import/PMC_XML/normalized/PMC7559997.json,keep,"A title, sentence, or local section-level window connects primary run entities, declared mechanism/evidence terms, and required outcome terms.",high,high,central,high
pmid-33059724,33059724,PMC7566144,10.1186/s13058-020-01345-z,Inter-tumor genomic heterogeneity of breast cancers: comprehensive genomic profile of primary early breast cancers and relapses.,pmc_xml,/Users/xingmeng/.openclaw/workspaces/staff-scientist-ideker/agent_LiteratureDueDiligence/runs/pi3k_alpha_inhibition_resistance_review_20260830/Phase1_PubmedCollection/passes/pass_001/artifacts/fulltext_import/PMC_XML/normalized/PMC7566144.json,drop,Readable full text is dominated by run-specific exclusion or deferred-context signals.,low,low,incidental,medium
pmid-33036331,33036331,PMC7601167,10.3390/jcm9103214,CDK 4/6 Inhibition Overcomes Acquired and Inherent Resistance to PI3Kα Inhibition in Pre-Clinical Models of Head and Neck Squamous Cell Carcinoma.,pmc_xml,/Users/xingmeng/.openclaw/workspaces/staff-scientist-ideker/agent_LiteratureDueDiligence/runs/pi3k_alpha_inhibition_resistance_review_20260830/Phase1_PubmedCollection/passes/pass_001/artifacts/fulltext_import/PMC_XML/normalized/PMC7601167.json,keep,"A title, sentence, or local section-level window connects primary run entities, declared mechanism/evidence terms, and required outcome terms.",high,high,central,high
pmid-33024200,33024200,PMC7538919,10.1038/s41598-020-73642-8,Assessment of prognostic implication of a panel of oncogenes in bladder cancer and identification of a 3-gene signature associated with recurrence and progression risk in non-muscle-invasive bladder cancer.,pmc_xml,/Users/xingmeng/.openclaw/workspaces/staff-scientist-ideker/agent_LiteratureDueDiligence/runs/pi3k_alpha_inhibition_resistance_review_20260830/Phase1_PubmedCollection/passes/pass_001/artifacts/fulltext_import/PMC_XML/normalized/PMC7538919.json,drop,Readable full text is dominated by run-specific exclusion or deferred-context signals.,low,low,incidental,medium
pmid-33004031,33004031,PMC7528467,10.1186/s12885-020-07432-w,"Targeted next-generation sequencing assays using triplet samples of normal breast tissue, primary breast cancer, and recurrent/metastatic lesions.",pmc_xml,/Users/xingmeng/.openclaw/workspaces/staff-scientist-ideker/agent_LiteratureDueDiligence/runs/pi3k_alpha_inhibition_resistance_review_20260830/Phase1_PubmedCollection/passes/pass_001/artifacts/fulltext_import/PMC_XML/normalized/PMC7528467.json,drop,Readable full text is dominated by run-specific exclusion or deferred-context signals.,low,low,incidental,medium
pmid-32976773,32976773,PMC7562820,10.1016/j.ccell.2020.08.016,Metabolic Imaging Detects Resistance to PI3Kα Inhibition Mediated by Persistent FOXM1 Expression in ER(+) Breast Cancer.,pmc_xml,/Users/xingmeng/.openclaw/workspaces/staff-scientist-ideker/agent_LiteratureDueDiligence/runs/pi3k_alpha_inhibition_resistance_review_20260830/Phase1_PubmedCollection/passes/pass_001/artifacts/fulltext_import/PMC_XML/normalized/PMC7562820.json,keep,"A title, sentence, or local section-level window connects primary run entities, declared mechanism/evidence terms, and required outcome terms.",high,high,central,high
pmid-32953503,32953503,PMC7481581,10.21037/tlcr-20-141,PI3K-AKT-mTOR pathway alterations in advanced NSCLC patients after progression on EGFR-TKI and clinical response to EGFR-TKI plus everolimus combination therapy.,pmc_xml,/Users/xingmeng/.openclaw/workspaces/staff-scientist-ideker/agent_LiteratureDueDiligence/runs/pi3k_alpha_inhibition_resistance_review_20260830/Phase1_PubmedCollection/passes/pass_001/artifacts/fulltext_import/PMC_XML/normalized/PMC7481581.json,drop,Readable full text is dominated by run-specific exclusion or deferred-context signals.,low,low,incidental,medium
pmid-32953500,32953500,PMC7481595,10.21037/tlcr-20-679,Concomitant genetic alterations are associated with response to EGFR targeted therapy in patients with lung adenocarcinoma.,pmc_xml,/Users/xingmeng/.openclaw/workspaces/staff-scientist-ideker/agent_LiteratureDueDiligence/runs/pi3k_alpha_inhibition_resistance_review_20260830/Phase1_PubmedCollection/passes/pass_001/artifacts/fulltext_import/PMC_XML/normalized/PMC7481595.json,drop,Readable full text is dominated by run-specific exclusion or deferred-context signals.,low,low,incidental,medium
pmid-32953006,32953006,PMC7472334,10.1039/d0sc01676d,PI3K inhibitors: review and new strategies.,pmc_xml,/Users/xingmeng/.openclaw/workspaces/staff-scientist-ideker/agent_LiteratureDueDiligence/runs/pi3k_alpha_inhibition_resistance_review_20260830/Phase1_PubmedCollection/passes/pass_001/artifacts/fulltext_import/PMC_XML/normalized/PMC7472334.json,drop,Readable full text is dominated by run-specific exclusion or deferred-context signals.,low,low,incidental,medium
pmid-32899250,32899250,PMC7564416,10.3390/cancers12092500,PI3K p110α Blockade Enhances Anti-Tumor Efficacy of Abemaciclib in Human Colorectal Cancer Cells.,pmc_xml,/Users/xingmeng/.openclaw/workspaces/staff-scientist-ideker/agent_LiteratureDueDiligence/runs/pi3k_alpha_inhibition_resistance_review_20260830/Phase1_PubmedCollection/passes/pass_001/artifacts/fulltext_import/PMC_XML/normalized/PMC7564416.json,drop,Readable full text is dominated by run-specific exclusion or deferred-context signals.,low,low,incidental,medium
pmid-32864625,32864625,PMC7450824,10.1038/s43018-020-0047-1,Alterations in PTEN and ESR1 promote clinical resistance to alpelisib plus aromatase inhibitors.,pmc_xml,/Users/xingmeng/.openclaw/workspaces/staff-scientist-ideker/agent_LiteratureDueDiligence/runs/pi3k_alpha_inhibition_resistance_review_20260830/Phase1_PubmedCollection/passes/pass_001/artifacts/fulltext_import/PMC_XML/normalized/PMC7450824.json,keep,"A title, sentence, or local section-level window connects primary run entities, declared mechanism/evidence terms, and required outcome terms.",high,high,central,high
pmid-32795346,32795346,PMC7427086,10.1186/s13058-020-01320-8,Targeting activated PI3K/mTOR signaling overcomes acquired resistance to CDK4/6-based therapies in preclinical models of hormone receptor-positive breast cancer.,pmc_xml,/Users/xingmeng/.openclaw/workspaces/staff-scientist-ideker/agent_LiteratureDueDiligence/runs/pi3k_alpha_inhibition_resistance_review_20260830/Phase1_PubmedCollection/passes/pass_001/artifacts/fulltext_import/PMC_XML/normalized/PMC7427086.json,keep,"A title, sentence, or local section-level window connects primary run entities, declared mechanism/evidence terms, and required outcome terms.",high,high,central,high
pmid-32793495,32793495,PMC7393232,10.3389/fonc.2020.01240,Longitudinal Monitoring of EGFR and PIK3CA Mutations by Saliva-Based EFIRM in Advanced NSCLC Patients With Local Ablative Therapy and Osimertinib Treatment: Two Case Reports.,pmc_xml,/Users/xingmeng/.openclaw/workspaces/staff-scientist-ideker/agent_LiteratureDueDiligence/runs/pi3k_alpha_inhibition_resistance_review_20260830/Phase1_PubmedCollection/passes/pass_001/artifacts/fulltext_import/PMC_XML/normalized/PMC7393232.json,keep,"A title, sentence, or local section-level window connects primary run entities, declared mechanism/evidence terms, and required outcome terms.",high,high,central,high
pmid-32782489,32782489,PMC7388095,10.1177/1758835920940939,Targeting the PI3K/Akt/mTOR pathway in estrogen-receptor positive HER2 negative advanced breast cancer.,pmc_xml,/Users/xingmeng/.openclaw/workspaces/staff-scientist-ideker/agent_LiteratureDueDiligence/runs/pi3k_alpha_inhibition_resistance_review_20260830/Phase1_PubmedCollection/passes/pass_001/artifacts/fulltext_import/PMC_XML/normalized/PMC7388095.json,drop,Readable full text is dominated by run-specific exclusion or deferred-context signals.,low,low,incidental,medium
pmid-32676317,32676317,PMC7354150,10.21037/tlcr.2020.04.01,ctDNA analysis reveals different molecular patterns upon disease progression in patients treated with osimertinib.,pmc_xml,/Users/xingmeng/.openclaw/workspaces/staff-scientist-ideker/agent_LiteratureDueDiligence/runs/pi3k_alpha_inhibition_resistance_review_20260830/Phase1_PubmedCollection/passes/pass_001/artifacts/fulltext_import/PMC_XML/normalized/PMC7354150.json,drop,Readable full text is dominated by run-specific exclusion or deferred-context signals.,low,low,incidental,medium
pmid-32665850,32665850,PMC7333932,10.1093/gastro/goaa026,Anti-EGFR therapy in metastatic colorectal cancer: mechanisms and potential regimens of drug resistance.,pmc_xml,/Users/xingmeng/.openclaw/workspaces/staff-scientist-ideker/agent_LiteratureDueDiligence/runs/pi3k_alpha_inhibition_resistance_review_20260830/Phase1_PubmedCollection/passes/pass_001/artifacts/fulltext_import/PMC_XML/normalized/PMC7333932.json,drop,Readable full text is dominated by run-specific exclusion or deferred-context signals.,low,low,incidental,medium
pmid-32557577,32557577,PMC8266417,10.1002/cncr.33036,"Tipifarnib in recurrent, metastatic HRAS-mutant salivary gland cancer.",pmc_xml,/Users/xingmeng/.openclaw/workspaces/staff-scientist-ideker/agent_LiteratureDueDiligence/runs/pi3k_alpha_inhibition_resistance_review_20260830/Phase1_PubmedCollection/passes/pass_001/artifacts/fulltext_import/PMC_XML/normalized/PMC8266417.json,drop,Readable full text is dominated by run-specific exclusion or deferred-context signals.,low,low,incidental,medium
pmid-32365913,32365913,PMC7290687,10.3390/cells9051116,Mutation-Associated Phenotypic Heterogeneity in Novel and Canonical PIK3CA Helical and Kinase Domain Mutants.,pmc_xml,/Users/xingmeng/.openclaw/workspaces/staff-scientist-ideker/agent_LiteratureDueDiligence/runs/pi3k_alpha_inhibition_resistance_review_20260830/Phase1_PubmedCollection/passes/pass_001/artifacts/fulltext_import/PMC_XML/normalized/PMC7290687.json,drop,Readable full text is dominated by run-specific exclusion or deferred-context signals.,low,low,incidental,medium
pmid-32352244,32352244,PMC7333856,10.1002/cam4.3092,"Buparlisib in combination with tamoxifen in pretreated patients with hormone receptor-positive, HER2-negative advanced breast cancer molecularly stratified for PIK3CA mutations and loss of PTEN expression.",pmc_xml,/Users/xingmeng/.openclaw/workspaces/staff-scientist-ideker/agent_LiteratureDueDiligence/runs/pi3k_alpha_inhibition_resistance_review_20260830/Phase1_PubmedCollection/passes/pass_001/artifacts/fulltext_import/PMC_XML/normalized/PMC7333856.json,keep,"A title, sentence, or local section-level window connects primary run entities, declared mechanism/evidence terms, and required outcome terms.",high,high,central,high
pmid-32322420,32322420,PMC7167517,10.1016/j.jare.2020.04.001,Targeted next generation sequencing identifies somatic mutations in a cohort of Egyptian breast cancer patients.,pmc_xml,/Users/xingmeng/.openclaw/workspaces/staff-scientist-ideker/agent_LiteratureDueDiligence/runs/pi3k_alpha_inhibition_resistance_review_20260830/Phase1_PubmedCollection/passes/pass_001/artifacts/fulltext_import/PMC_XML/normalized/PMC7167517.json,drop,Readable full text is dominated by run-specific exclusion or deferred-context signals.,low,low,incidental,medium
pmid-32318348,32318348,PMC7154135,10.3389/fonc.2020.00466,Circulating Tumor DNA Is Capable of Monitoring the Therapeutic Response and Resistance in Advanced Colorectal Cancer Patients Undergoing Combined Target and Chemotherapy.,pmc_xml,/Users/xingmeng/.openclaw/workspaces/staff-scientist-ideker/agent_LiteratureDueDiligence/runs/pi3k_alpha_inhibition_resistance_review_20260830/Phase1_PubmedCollection/passes/pass_001/artifacts/fulltext_import/PMC_XML/normalized/PMC7154135.json,drop,Readable full text is dominated by run-specific exclusion or deferred-context signals.,low,low,incidental,medium
pmid-32215186,32215186,PMC7082112,10.18632/oncotarget.27517,Early prediction of resistance to tyrosine kinase inhibitors by plasma monitoring of EGFR mutations in NSCLC: a new algorithm for patient selection and personalized treatment.,pmc_xml,/Users/xingmeng/.openclaw/workspaces/staff-scientist-ideker/agent_LiteratureDueDiligence/runs/pi3k_alpha_inhibition_resistance_review_20260830/Phase1_PubmedCollection/passes/pass_001/artifacts/fulltext_import/PMC_XML/normalized/PMC7082112.json,keep,"A title, sentence, or local section-level window connects primary run entities, declared mechanism/evidence terms, and required outcome terms.",high,high,central,high
pmid-32203070,32203070,PMC7501185,10.1038/s41391-020-0224-4,Plasma cell-free DNA-based predictors of response to abiraterone acetate/prednisone and prognostic factors in metastatic castration-resistant prostate cancer.,pmc_xml,/Users/xingmeng/.openclaw/workspaces/staff-scientist-ideker/agent_LiteratureDueDiligence/runs/pi3k_alpha_inhibition_resistance_review_20260830/Phase1_PubmedCollection/passes/pass_001/artifacts/fulltext_import/PMC_XML/normalized/PMC7501185.json,drop,Readable full text is dominated by run-specific exclusion or deferred-context signals.,low,low,incidental,medium
pmid-32184619,32184619,PMC7053816,10.2147/OTT.S236382,An EGFR-Amplified Cervical Squamous Cell Carcinoma Patient with Pulmonary Metastasis Benefits from Afatinib: A Case Report.,pmc_xml,/Users/xingmeng/.openclaw/workspaces/staff-scientist-ideker/agent_LiteratureDueDiligence/runs/pi3k_alpha_inhibition_resistance_review_20260830/Phase1_PubmedCollection/passes/pass_001/artifacts/fulltext_import/PMC_XML/normalized/PMC7053816.json,drop,Readable full text is dominated by run-specific exclusion or deferred-context signals.,low,low,incidental,medium
pmid-32107691,32107691,PMC7305081,10.1007/s10120-020-01045-9,Identification of targeted therapy options for gastric adenocarcinoma by comprehensive analysis of genomic data.,pmc_xml,/Users/xingmeng/.openclaw/workspaces/staff-scientist-ideker/agent_LiteratureDueDiligence/runs/pi3k_alpha_inhibition_resistance_review_20260830/Phase1_PubmedCollection/passes/pass_001/artifacts/fulltext_import/PMC_XML/normalized/PMC7305081.json,keep,"A title, sentence, or local section-level window connects primary run entities, declared mechanism/evidence terms, and required outcome terms.",high,high,central,high
pmid-32035020,32035020,PMC7052734,10.1016/S1470-2045(19)30817-4,"Fulvestrant plus capivasertib versus placebo after relapse or progression on an aromatase inhibitor in metastatic, oestrogen receptor-positive breast cancer (FAKTION): a multicentre, randomised, controlled, phase 2 trial.",pmc_xml,/Users/xingmeng/.openclaw/workspaces/staff-scientist-ideker/agent_LiteratureDueDiligence/runs/pi3k_alpha_inhibition_resistance_review_20260830/Phase1_PubmedCollection/passes/pass_001/artifacts/fulltext_import/PMC_XML/normalized/PMC7052734.json,drop,Readable full text is dominated by run-specific exclusion or deferred-context signals.,low,low,incidental,medium
pmid-31991072,31991072,PMC7064095,10.1002/cam4.2782,Two-point-NGS analysis of cancer genes in cell-free DNA of metastatic cancer patients.,pmc_xml,/Users/xingmeng/.openclaw/workspaces/staff-scientist-ideker/agent_LiteratureDueDiligence/runs/pi3k_alpha_inhibition_resistance_review_20260830/Phase1_PubmedCollection/passes/pass_001/artifacts/fulltext_import/PMC_XML/normalized/PMC7064095.json,drop,Readable full text is dominated by run-specific exclusion or deferred-context signals.,low,low,incidental,medium
pmid-31976308,31976308,PMC6935689,10.5306/wjco.v11.i1.31,Current concepts in ameloblastoma-targeted therapies in B-raf proto-oncogene serine/threonine kinase V600E mutation: Systematic review.,pmc_xml,/Users/xingmeng/.openclaw/workspaces/staff-scientist-ideker/agent_LiteratureDueDiligence/runs/pi3k_alpha_inhibition_resistance_review_20260830/Phase1_PubmedCollection/passes/pass_001/artifacts/fulltext_import/PMC_XML/normalized/PMC6935689.json,drop,Readable full text is dominated by run-specific exclusion or deferred-context signals.,low,low,incidental,medium
pmid-31952518,31952518,PMC6966863,10.1186/s12943-019-1112-1,"The PI3K subunits, P110α and P110β are potential targets for overcoming P-gp and BCRP-mediated MDR in cancer.",pmc_xml,/Users/xingmeng/.openclaw/workspaces/staff-scientist-ideker/agent_LiteratureDueDiligence/runs/pi3k_alpha_inhibition_resistance_review_20260830/Phase1_PubmedCollection/passes/pass_001/artifacts/fulltext_import/PMC_XML/normalized/PMC6966863.json,drop,Readable full text is dominated by run-specific exclusion or deferred-context signals.,low,low,incidental,medium
pmid-31934607,31934607,PMC6951478,10.1016/j.gore.2019.100532,"Phase II evaluation of copanlisib, a selective inhibitor of Pi3kca, in patients with persistent or recurrent endometrial carcinoma harboring PIK3CA hotspot mutations: An NRG Oncology study (NRG-GY008).",pmc_xml,/Users/xingmeng/.openclaw/workspaces/staff-scientist-ideker/agent_LiteratureDueDiligence/runs/pi3k_alpha_inhibition_resistance_review_20260830/Phase1_PubmedCollection/passes/pass_001/artifacts/fulltext_import/PMC_XML/normalized/PMC6951478.json,drop,Readable full text is dominated by run-specific exclusion or deferred-context signals.,low,low,incidental,medium
pmid-31911548,31911548,PMC7448565,10.1158/1078-0432.CCR-19-3563,Tumor Analyses Reveal Squamous Transformation and Off-Target Alterations As Early Resistance Mechanisms to First-line Osimertinib in EGFR-Mutant Lung Cancer.,pmc_xml,/Users/xingmeng/.openclaw/workspaces/staff-scientist-ideker/agent_LiteratureDueDiligence/runs/pi3k_alpha_inhibition_resistance_review_20260830/Phase1_PubmedCollection/passes/pass_001/artifacts/fulltext_import/PMC_XML/normalized/PMC7448565.json,drop,Readable full text is dominated by run-specific exclusion or deferred-context signals.,low,low,incidental,medium
pmid-31828849,31828849,PMC7004544,10.1111/cas.14277,Potential mechanism of primary resistance to icotinib in patients with advanced non-small cell lung cancer harboring uncommon mutant epidermal growth factor receptor: A multi-center study.,pmc_xml,/Users/xingmeng/.openclaw/workspaces/staff-scientist-ideker/agent_LiteratureDueDiligence/runs/pi3k_alpha_inhibition_resistance_review_20260830/Phase1_PubmedCollection/passes/pass_001/artifacts/fulltext_import/PMC_XML/normalized/PMC7004544.json,drop,Readable full text is dominated by run-specific exclusion or deferred-context signals.,low,low,incidental,medium
pmid-31758670,31758670,PMC6938756,10.1111/1759-7714.13255,Activation of insulin-like growth factor-1 receptor confers acquired resistance to osimertinib in non-small cell lung cancer with EGFR T790M mutation.,pmc_xml,/Users/xingmeng/.openclaw/workspaces/staff-scientist-ideker/agent_LiteratureDueDiligence/runs/pi3k_alpha_inhibition_resistance_review_20260830/Phase1_PubmedCollection/passes/pass_001/artifacts/fulltext_import/PMC_XML/normalized/PMC6938756.json,drop,Readable full text is dominated by run-specific exclusion or deferred-context signals.,low,low,incidental,medium
pmid-31714586,31714586,PMC7214201,10.1002/ijc.32783,"Phase II, 2-stage, 2-arm, PIK3CA mutation stratified trial of MK-2206 in recurrent endometrial cancer.",pmc_xml,/Users/xingmeng/.openclaw/workspaces/staff-scientist-ideker/agent_LiteratureDueDiligence/runs/pi3k_alpha_inhibition_resistance_review_20260830/Phase1_PubmedCollection/passes/pass_001/artifacts/fulltext_import/PMC_XML/normalized/PMC7214201.json,drop,Readable full text is dominated by run-specific exclusion or deferred-context signals.,low,low,incidental,medium
pmid-31704733,31704733,PMC7002231,10.1158/1541-7786.MCR-19-0748,Lysine-Specific Demethylase 1 Mediates AKT Activity and Promotes Epithelial-to-Mesenchymal Transition in PIK3CA-Mutant Colorectal Cancer.,pmc_xml,/Users/xingmeng/.openclaw/workspaces/staff-scientist-ideker/agent_LiteratureDueDiligence/runs/pi3k_alpha_inhibition_resistance_review_20260830/Phase1_PubmedCollection/passes/pass_001/artifacts/fulltext_import/PMC_XML/normalized/PMC7002231.json,drop,Readable full text is dominated by run-specific exclusion or deferred-context signals.,low,low,incidental,medium
pmid-31591478,31591478,PMC6989400,10.1038/s41388-019-1047-4,Targeting chemoresistant colorectal cancer via systemic administration of a BMP7 variant.,pmc_xml,/Users/xingmeng/.openclaw/workspaces/staff-scientist-ideker/agent_LiteratureDueDiligence/runs/pi3k_alpha_inhibition_resistance_review_20260830/Phase1_PubmedCollection/passes/pass_001/artifacts/fulltext_import/PMC_XML/normalized/PMC6989400.json,drop,Readable full text is dominated by run-specific exclusion or deferred-context signals.,low,low,incidental,medium
pmid-31998633,31998633,PMC6965319,10.3389/fonc.2019.01436,Personalized Treatment of H3K27M-Mutant Pediatric Diffuse Gliomas Provides Improved Therapeutic Opportunities.,pmc_xml,/Users/xingmeng/.openclaw/workspaces/staff-scientist-ideker/agent_LiteratureDueDiligence/runs/pi3k_alpha_inhibition_resistance_review_20260830/Phase1_PubmedCollection/passes/pass_001/artifacts/fulltext_import/PMC_XML/normalized/PMC6965319.json,drop,Readable full text is dominated by run-specific exclusion or deferred-context signals.,low,low,incidental,medium
pmid-31852484,31852484,PMC6921513,10.1186/s13058-019-1230-0,Elacestrant (RAD1901) exhibits anti-tumor activity in multiple ER+ breast cancer models resistant to CDK4/6 inhibitors.,pmc_xml,/Users/xingmeng/.openclaw/workspaces/staff-scientist-ideker/agent_LiteratureDueDiligence/runs/pi3k_alpha_inhibition_resistance_review_20260830/Phase1_PubmedCollection/passes/pass_001/artifacts/fulltext_import/PMC_XML/normalized/PMC6921513.json,drop,Readable full text is dominated by run-specific exclusion or deferred-context signals.,low,low,incidental,medium
pmid-31819518,31819518,PMC6886531,10.2147/OTT.S230309,Recent Progress in Rare Oncogenic Drivers and Targeted Therapy For Non-Small Cell Lung Cancer.,pmc_xml,/Users/xingmeng/.openclaw/workspaces/staff-scientist-ideker/agent_LiteratureDueDiligence/runs/pi3k_alpha_inhibition_resistance_review_20260830/Phase1_PubmedCollection/passes/pass_001/artifacts/fulltext_import/PMC_XML/normalized/PMC6886531.json,drop,Readable full text is dominated by run-specific exclusion or deferred-context signals.,low,low,incidental,medium
pmid-31801615,31801615,PMC6894349,10.1186/s13058-019-1222-0,Combination of mTORC1/2 inhibitor vistusertib plus fulvestrant in vitro and in vivo targets oestrogen receptor-positive endocrine-resistant breast cancer.,pmc_xml,/Users/xingmeng/.openclaw/workspaces/staff-scientist-ideker/agent_LiteratureDueDiligence/runs/pi3k_alpha_inhibition_resistance_review_20260830/Phase1_PubmedCollection/passes/pass_001/artifacts/fulltext_import/PMC_XML/normalized/PMC6894349.json,drop,Readable full text is dominated by run-specific exclusion or deferred-context signals.,low,low,incidental,medium
pmid-31769426,31769426,PMC6966459,10.3390/cancers11121866,Overactivation of Akt Contributes to MEK Inhibitor Primary and Acquired Resistance in Colorectal Cancer Cells.,pmc_xml,/Users/xingmeng/.openclaw/workspaces/staff-scientist-ideker/agent_LiteratureDueDiligence/runs/pi3k_alpha_inhibition_resistance_review_20260830/Phase1_PubmedCollection/passes/pass_001/artifacts/fulltext_import/PMC_XML/normalized/PMC6966459.json,keep,"A title, sentence, or local section-level window connects primary run entities, declared mechanism/evidence terms, and required outcome terms.",high,high,central,high
pmid-31717320,31717320,PMC6895966,10.3390/cancers11111753,Targeted-Gene Sequencing to Catch Triple Negative Breast Cancer Heterogeneity before and after Neoadjuvant Chemotherapy.,pmc_xml,/Users/xingmeng/.openclaw/workspaces/staff-scientist-ideker/agent_LiteratureDueDiligence/runs/pi3k_alpha_inhibition_resistance_review_20260830/Phase1_PubmedCollection/passes/pass_001/artifacts/fulltext_import/PMC_XML/normalized/PMC6895966.json,drop,Readable full text is dominated by run-specific exclusion or deferred-context signals.,low,low,incidental,medium
pmid-31653970,31653970,PMC6814827,10.1038/s41598-019-51981-5,Genomic characterization of intrinsic and acquired resistance to cetuximab in colorectal cancer patients.,pmc_xml,/Users/xingmeng/.openclaw/workspaces/staff-scientist-ideker/agent_LiteratureDueDiligence/runs/pi3k_alpha_inhibition_resistance_review_20260830/Phase1_PubmedCollection/passes/pass_001/artifacts/fulltext_import/PMC_XML/normalized/PMC6814827.json,drop,Readable full text is dominated by run-specific exclusion or deferred-context signals.,low,low,incidental,medium
pmid-31448226,31448226,PMC6691136,10.3389/fonc.2019.00698,Precision Medicine Tools to Guide Therapy and Monitor Response to Treatment in a HER-2+ Gastric Cancer Patient: Case Report.,pmc_xml,/Users/xingmeng/.openclaw/workspaces/staff-scientist-ideker/agent_LiteratureDueDiligence/runs/pi3k_alpha_inhibition_resistance_review_20260830/Phase1_PubmedCollection/passes/pass_001/artifacts/fulltext_import/PMC_XML/normalized/PMC6691136.json,drop,Readable full text is dominated by run-specific exclusion or deferred-context signals.,low,low,incidental,medium
pmid-31374965,31374965,PMC6723836,10.3390/biom9080331,Perspective: Potential Impact and Therapeutic Implications of Oncogenic PI3K Activation on Chromosomal Instability.,pmc_xml,/Users/xingmeng/.openclaw/workspaces/staff-scientist-ideker/agent_LiteratureDueDiligence/runs/pi3k_alpha_inhibition_resistance_review_20260830/Phase1_PubmedCollection/passes/pass_001/artifacts/fulltext_import/PMC_XML/normalized/PMC6723836.json,drop,Readable full text is dominated by run-specific exclusion or deferred-context signals.,low,low,incidental,medium
pmid-31371343,31371343,PMC6825550,10.1158/1078-0432.CCR-19-0138,FGFR1 Amplification Mediates Endocrine Resistance but Retains TORC Sensitivity in Metastatic Hormone Receptor-Positive (HR(+)) Breast Cancer.,pmc_xml,/Users/xingmeng/.openclaw/workspaces/staff-scientist-ideker/agent_LiteratureDueDiligence/runs/pi3k_alpha_inhibition_resistance_review_20260830/Phase1_PubmedCollection/passes/pass_001/artifacts/fulltext_import/PMC_XML/normalized/PMC6825550.json,drop,Readable full text is dominated by run-specific exclusion or deferred-context signals.,low,low,incidental,medium
pmid-31361375,31361375,PMC6778626,10.1111/cas.14153,Barcode sequencing identifies resistant mechanisms to epidermal growth factor receptor inhibitors in circulating tumor DNA of lung cancer patients.,pmc_xml,/Users/xingmeng/.openclaw/workspaces/staff-scientist-ideker/agent_LiteratureDueDiligence/runs/pi3k_alpha_inhibition_resistance_review_20260830/Phase1_PubmedCollection/passes/pass_001/artifacts/fulltext_import/PMC_XML/normalized/PMC6778626.json,drop,Readable full text is dominated by run-specific exclusion or deferred-context signals.,low,low,incidental,medium
pmid-31263029,31263029,PMC6891150,10.1158/1078-0432.CCR-19-0823,Mechanisms of Innate and Acquired Resistance to Anti-EGFR Therapy: A Review of Current Knowledge with a Focus on Rechallenge Therapies.,pmc_xml,/Users/xingmeng/.openclaw/workspaces/staff-scientist-ideker/agent_LiteratureDueDiligence/runs/pi3k_alpha_inhibition_resistance_review_20260830/Phase1_PubmedCollection/passes/pass_001/artifacts/fulltext_import/PMC_XML/normalized/PMC6891150.json,keep,"A title, sentence, or local section-level window connects primary run entities, declared mechanism/evidence terms, and required outcome terms.",high,high,central,high
pmid-31235483,31235483,PMC6853109,10.1634/theoncologist.2018-0728,Prospective Biomarker Study in Advanced RAS Wild-Type Colorectal Cancer: POSIBA Trial (GEMCAD 10-02).,pmc_xml,/Users/xingmeng/.openclaw/workspaces/staff-scientist-ideker/agent_LiteratureDueDiligence/runs/pi3k_alpha_inhibition_resistance_review_20260830/Phase1_PubmedCollection/passes/pass_001/artifacts/fulltext_import/PMC_XML/normalized/PMC6853109.json,keep,"A title, sentence, or local section-level window connects primary run entities, declared mechanism/evidence terms, and required outcome terms.",high,high,central,high
pmid-31158500,31158500,PMC7017958,10.1016/j.jtho.2019.05.029,"SWOG S1400B (NCT02785913), a Phase II Study of GDC-0032 (Taselisib) for Previously Treated PI3K-Positive Patients with Stage IV Squamous Cell Lung Cancer (Lung-MAP Sub-Study).",pmc_xml,/Users/xingmeng/.openclaw/workspaces/staff-scientist-ideker/agent_LiteratureDueDiligence/runs/pi3k_alpha_inhibition_resistance_review_20260830/Phase1_PubmedCollection/passes/pass_001/artifacts/fulltext_import/PMC_XML/normalized/PMC7017958.json,drop,Readable full text is dominated by run-specific exclusion or deferred-context signals.,low,low,incidental,medium
pmid-31027916,31027916,PMC6558024,10.1016/j.ebiom.2019.04.030,"Analysis of resistance mechanisms to abivertinib, a third-generation EGFR tyrosine kinase inhibitor, in patients with EGFR T790M-positive non-small cell lung cancer from a phase I trial.",pmc_xml,/Users/xingmeng/.openclaw/workspaces/staff-scientist-ideker/agent_LiteratureDueDiligence/runs/pi3k_alpha_inhibition_resistance_review_20260830/Phase1_PubmedCollection/passes/pass_001/artifacts/fulltext_import/PMC_XML/normalized/PMC6558024.json,keep,"A title, sentence, or local section-level window connects primary run entities, declared mechanism/evidence terms, and required outcome terms.",high,high,central,high
pmid-30962959,30962959,PMC6435251,10.1136/esmoopen-2018-000444,Genomic heterogeneity and efficacy of PI3K pathway inhibitors in patients with gynaecological cancer.,pmc_xml,/Users/xingmeng/.openclaw/workspaces/staff-scientist-ideker/agent_LiteratureDueDiligence/runs/pi3k_alpha_inhibition_resistance_review_20260830/Phase1_PubmedCollection/passes/pass_001/artifacts/fulltext_import/PMC_XML/normalized/PMC6435251.json,keep,"A title, sentence, or local section-level window connects primary run entities, declared mechanism/evidence terms, and required outcome terms.",high,high,central,high
pmid-30893632,30893632,PMC6423490,10.1016/j.tranon.2019.02.014,Chemotherapy Modulates Endocrine Therapy-Related Resistance Mutations in Metastatic Breast Cancer.,pmc_xml,/Users/xingmeng/.openclaw/workspaces/staff-scientist-ideker/agent_LiteratureDueDiligence/runs/pi3k_alpha_inhibition_resistance_review_20260830/Phase1_PubmedCollection/passes/pass_001/artifacts/fulltext_import/PMC_XML/normalized/PMC6423490.json,keep,"A title, sentence, or local section-level window connects primary run entities, declared mechanism/evidence terms, and required outcome terms.",high,high,central,high
pmid-30823937,30823937,PMC6397445,10.1186/s40880-019-0354-z,Identification of genetic alterations associated with primary resistance to EGFR-TKIs in advanced non-small-cell lung cancer patients with EGFR sensitive mutations.,pmc_xml,/Users/xingmeng/.openclaw/workspaces/staff-scientist-ideker/agent_LiteratureDueDiligence/runs/pi3k_alpha_inhibition_resistance_review_20260830/Phase1_PubmedCollection/passes/pass_001/artifacts/fulltext_import/PMC_XML/normalized/PMC6397445.json,drop,Readable full text is dominated by run-specific exclusion or deferred-context signals.,low,low,incidental,medium
pmid-30793038,30793038,PMC6377617,10.1038/s41698-019-0077-2,Genomic landscape of a metastatic malignant proliferating tricholemmal tumor and its response to PI3K inhibition.,pmc_xml,/Users/xingmeng/.openclaw/workspaces/staff-scientist-ideker/agent_LiteratureDueDiligence/runs/pi3k_alpha_inhibition_resistance_review_20260830/Phase1_PubmedCollection/passes/pass_001/artifacts/fulltext_import/PMC_XML/normalized/PMC6377617.json,keep,"A title, sentence, or local section-level window connects primary run entities, declared mechanism/evidence terms, and required outcome terms.",high,high,central,high
pmid-30563991,30563991,PMC6342946,10.1038/s41416-018-0345-x,Molecular characterisation of aromatase inhibitor-resistant advanced breast cancer: the phenotypic effect of ESR1 mutations.,pmc_xml,/Users/xingmeng/.openclaw/workspaces/staff-scientist-ideker/agent_LiteratureDueDiligence/runs/pi3k_alpha_inhibition_resistance_review_20260830/Phase1_PubmedCollection/passes/pass_001/artifacts/fulltext_import/PMC_XML/normalized/PMC6342946.json,drop,Readable full text is dominated by run-specific exclusion or deferred-context signals.,low,low,incidental,medium
pmid-30309221,30309221,PMC6639226,10.4143/crt.2018.052,Acquired Resistance of MET-Amplified Non-small Cell Lung Cancer Cells to the MET Inhibitor Capmatinib.,pmc_xml,/Users/xingmeng/.openclaw/workspaces/staff-scientist-ideker/agent_LiteratureDueDiligence/runs/pi3k_alpha_inhibition_resistance_review_20260830/Phase1_PubmedCollection/passes/pass_001/artifacts/fulltext_import/PMC_XML/normalized/PMC6639226.json,keep,"A title, sentence, or local section-level window connects primary run entities, declared mechanism/evidence terms, and required outcome terms.",high,high,central,high
pmid-29807405,29807405,PMC6333983,10.4143/crt.2018.138,Rare Mechanism of Acquired Resistance to Osimertinib in Korean Patients with EGFR-mutated Non-small Cell Lung Cancer.,pmc_xml,/Users/xingmeng/.openclaw/workspaces/staff-scientist-ideker/agent_LiteratureDueDiligence/runs/pi3k_alpha_inhibition_resistance_review_20260830/Phase1_PubmedCollection/passes/pass_001/artifacts/fulltext_import/PMC_XML/normalized/PMC6333983.json,keep,"A title, sentence, or local section-level window connects primary run entities, declared mechanism/evidence terms, and required outcome terms.",high,high,central,high
pmid-30337563,30337563,PMC6193986,10.1038/s41598-018-33525-5,E-cadherin loss induces targetable autocrine activation of growth factor signalling in lobular breast cancer.,pmc_xml,/Users/xingmeng/.openclaw/workspaces/staff-scientist-ideker/agent_LiteratureDueDiligence/runs/pi3k_alpha_inhibition_resistance_review_20260830/Phase1_PubmedCollection/passes/pass_001/artifacts/fulltext_import/PMC_XML/normalized/PMC6193986.json,drop,Readable full text is dominated by run-specific exclusion or deferred-context signals.,low,low,incidental,medium
pmid-30237504,30237504,PMC6148236,10.1038/s41419-018-1025-8,IGF1R upregulation confers resistance to isoform-specific inhibitors of PI3K in PIK3CA-driven ovarian cancer.,pmc_xml,/Users/xingmeng/.openclaw/workspaces/staff-scientist-ideker/agent_LiteratureDueDiligence/runs/pi3k_alpha_inhibition_resistance_review_20260830/Phase1_PubmedCollection/passes/pass_001/artifacts/fulltext_import/PMC_XML/normalized/PMC6148236.json,drop,Readable full text is dominated by run-specific exclusion or deferred-context signals.,low,low,incidental,medium
pmid-30228210,30228210,PMC6295279,10.1158/1078-0432.CCR-18-1542,Landscape of EGFR-Dependent and -Independent Resistance Mechanisms to Osimertinib and Continuation Therapy Beyond Progression in EGFR-Mutant NSCLC.,pmc_xml,/Users/xingmeng/.openclaw/workspaces/staff-scientist-ideker/agent_LiteratureDueDiligence/runs/pi3k_alpha_inhibition_resistance_review_20260830/Phase1_PubmedCollection/passes/pass_001/artifacts/fulltext_import/PMC_XML/normalized/PMC6295279.json,keep,"A title, sentence, or local section-level window connects primary run entities, declared mechanism/evidence terms, and required outcome terms.",high,high,central,high
pmid-30206110,30206110,PMC6368247,10.1158/2159-8290.CD-18-0264,The Genetic Landscape and Clonal Evolution of Breast Cancer Resistance to Palbociclib plus Fulvestrant in the PALOMA-3 Trial.,pmc_xml,/Users/xingmeng/.openclaw/workspaces/staff-scientist-ideker/agent_LiteratureDueDiligence/runs/pi3k_alpha_inhibition_resistance_review_20260830/Phase1_PubmedCollection/passes/pass_001/artifacts/fulltext_import/PMC_XML/normalized/PMC6368247.json,drop,Readable full text is dominated by run-specific exclusion or deferred-context signals.,low,low,incidental,medium
pmid-29978950,29978950,PMC6119621,10.1111/1759-7714.12791,Heterogeneous responses and resistant mechanisms to crizotinib in ALK-positive advanced non-small cell lung cancer.,pmc_xml,/Users/xingmeng/.openclaw/workspaces/staff-scientist-ideker/agent_LiteratureDueDiligence/runs/pi3k_alpha_inhibition_resistance_review_20260830/Phase1_PubmedCollection/passes/pass_001/artifacts/fulltext_import/PMC_XML/normalized/PMC6119621.json,keep,"A title, sentence, or local section-level window connects primary run entities, declared mechanism/evidence terms, and required outcome terms.",high,high,central,high
pmid-29970482,29970482,PMC6238629,10.1158/1535-7163.MCT-17-1163,"Role of EphB3 Receptor in Mediating Head and Neck Tumor Growth, Cell Migration, and Response to PI3K Inhibitor.",pmc_xml,/Users/xingmeng/.openclaw/workspaces/staff-scientist-ideker/agent_LiteratureDueDiligence/runs/pi3k_alpha_inhibition_resistance_review_20260830/Phase1_PubmedCollection/passes/pass_001/artifacts/fulltext_import/PMC_XML/normalized/PMC6238629.json,drop,Readable full text is dominated by run-specific exclusion or deferred-context signals.,low,low,incidental,medium
pmid-29941343,29941343,PMC6154770,10.1016/j.ebiom.2018.06.011,Somatic FGFR3 Mutations Distinguish a Subgroup of Muscle-Invasive Bladder Cancers with Response to Neoadjuvant Chemotherapy.,pmc_xml,/Users/xingmeng/.openclaw/workspaces/staff-scientist-ideker/agent_LiteratureDueDiligence/runs/pi3k_alpha_inhibition_resistance_review_20260830/Phase1_PubmedCollection/passes/pass_001/artifacts/fulltext_import/PMC_XML/normalized/PMC6154770.json,keep,"A title, sentence, or local section-level window connects primary run entities, declared mechanism/evidence terms, and required outcome terms.",high,high,central,high
pmid-29938395,29938395,PMC6779035,10.1007/s10549-018-4852-5,"LCCC 1025: a phase II study of everolimus, trastuzumab, and vinorelbine to treat progressive HER2-positive breast cancer brain metastases.",pmc_xml,/Users/xingmeng/.openclaw/workspaces/staff-scientist-ideker/agent_LiteratureDueDiligence/runs/pi3k_alpha_inhibition_resistance_review_20260830/Phase1_PubmedCollection/passes/pass_001/artifacts/fulltext_import/PMC_XML/normalized/PMC6779035.json,drop,Readable full text is dominated by run-specific exclusion or deferred-context signals.,low,low,incidental,medium
pmid-29899852,29899852,PMC5995236,10.18632/oncotarget.25490,Concomitant driver mutations in advanced EGFR-mutated non-small-cell lung cancer and their impact on erlotinib treatment.,pmc_xml,/Users/xingmeng/.openclaw/workspaces/staff-scientist-ideker/agent_LiteratureDueDiligence/runs/pi3k_alpha_inhibition_resistance_review_20260830/Phase1_PubmedCollection/passes/pass_001/artifacts/fulltext_import/PMC_XML/normalized/PMC5995236.json,drop,Readable full text is dominated by run-specific exclusion or deferred-context signals.,low,low,incidental,medium
pmid-29892689,29892689,PMC5993533,10.1016/j.gore.2018.01.009,Tumor molecular profiling of responders and non-responders following pembrolizumab monotherapy in chemotherapy resistant advanced cervical cancer.,pmc_xml,/Users/xingmeng/.openclaw/workspaces/staff-scientist-ideker/agent_LiteratureDueDiligence/runs/pi3k_alpha_inhibition_resistance_review_20260830/Phase1_PubmedCollection/passes/pass_001/artifacts/fulltext_import/PMC_XML/normalized/PMC5993533.json,drop,Readable full text is dominated by run-specific exclusion or deferred-context signals.,low,low,incidental,medium
pmid-29868122,29868122,PMC5968201,10.3389/fgene.2018.00174,Screen for MicroRNA and Drug Interactions in Breast Cancer Cell Lines Points to miR-126 as a Modulator of CDK4/6 and PIK3CA Inhibitors.,pmc_xml,/Users/xingmeng/.openclaw/workspaces/staff-scientist-ideker/agent_LiteratureDueDiligence/runs/pi3k_alpha_inhibition_resistance_review_20260830/Phase1_PubmedCollection/passes/pass_001/artifacts/fulltext_import/PMC_XML/normalized/PMC5968201.json,drop,Readable full text is dominated by run-specific exclusion or deferred-context signals.,low,low,incidental,medium
pmid-29807833,29807833,PMC6020712,10.1016/j.ebiom.2018.05.015,Identifying Circulating Tumor DNA Mutation Profiles in Metastatic Breast Cancer Patients with Multiline Resistance.,pmc_xml,/Users/xingmeng/.openclaw/workspaces/staff-scientist-ideker/agent_LiteratureDueDiligence/runs/pi3k_alpha_inhibition_resistance_review_20260830/Phase1_PubmedCollection/passes/pass_001/artifacts/fulltext_import/PMC_XML/normalized/PMC6020712.json,keep,"A title, sentence, or local section-level window connects primary run entities, declared mechanism/evidence terms, and required outcome terms.",high,high,central,high
pmid-29793946,29793946,PMC6139036,10.1158/1078-0432.CCR-18-0613,"Phase II Study of Taselisib (GDC-0032) in Combination with Fulvestrant in Patients with HER2-Negative, Hormone Receptor-Positive Advanced Breast Cancer.",pmc_xml,/Users/xingmeng/.openclaw/workspaces/staff-scientist-ideker/agent_LiteratureDueDiligence/runs/pi3k_alpha_inhibition_resistance_review_20260830/Phase1_PubmedCollection/passes/pass_001/artifacts/fulltext_import/PMC_XML/normalized/PMC6139036.json,drop,Readable full text is dominated by run-specific exclusion or deferred-context signals.,low,low,incidental,medium
pmid-29765525,29765525,PMC5940408,10.18632/oncotarget.24958,Clinical characteristics of non-small cell lung cancer harboring mutations in exon 20 of EGFR or HER2.,pmc_xml,/Users/xingmeng/.openclaw/workspaces/staff-scientist-ideker/agent_LiteratureDueDiligence/runs/pi3k_alpha_inhibition_resistance_review_20260830/Phase1_PubmedCollection/passes/pass_001/artifacts/fulltext_import/PMC_XML/normalized/PMC5940408.json,drop,Readable full text is dominated by run-specific exclusion or deferred-context signals.,low,low,incidental,medium
pmid-29588307,29588307,PMC5880253,10.1101/mcs.a002089,Comprehensive genomic profiling aids in treatment of a metastatic endometrial cancer.,pmc_xml,/Users/xingmeng/.openclaw/workspaces/staff-scientist-ideker/agent_LiteratureDueDiligence/runs/pi3k_alpha_inhibition_resistance_review_20260830/Phase1_PubmedCollection/passes/pass_001/artifacts/fulltext_import/PMC_XML/normalized/PMC5880253.json,drop,Readable full text is dominated by run-specific exclusion or deferred-context signals.,low,low,incidental,medium
pmid-29535262,29535262,PMC5902813,10.1126/scisignal.aao3810,Skp2-dependent reactivation of AKT drives resistance to PI3K inhibitors.,pmc_xml,/Users/xingmeng/.openclaw/workspaces/staff-scientist-ideker/agent_LiteratureDueDiligence/runs/pi3k_alpha_inhibition_resistance_review_20260830/Phase1_PubmedCollection/passes/pass_001/artifacts/fulltext_import/PMC_XML/normalized/PMC5902813.json,keep,"A title, sentence, or local section-level window connects primary run entities, declared mechanism/evidence terms, and required outcome terms.",high,high,central,high
pmid-29530932,29530932,PMC6420806,10.1158/1078-0432.CCR-17-2961,Concurrent Alterations in EGFR-Mutant Lung Cancers Associated with Resistance to EGFR Kinase Inhibitors and Characterization of MTOR as a Mediator of Resistance.,pmc_xml,/Users/xingmeng/.openclaw/workspaces/staff-scientist-ideker/agent_LiteratureDueDiligence/runs/pi3k_alpha_inhibition_resistance_review_20260830/Phase1_PubmedCollection/passes/pass_001/artifacts/fulltext_import/PMC_XML/normalized/PMC6420806.json,drop,Readable full text is dominated by run-specific exclusion or deferred-context signals.,low,low,incidental,medium
pmid-29505507,29505507,PMC5943108,10.1097/MD.0000000000009021,Effective assessment of low times MET amplification in pleural effusion after epidermal growth factor receptor-tyrosine kinase inhibitors (EGFR-TKIs) acquired resistance: Cases report.,pmc_xml,/Users/xingmeng/.openclaw/workspaces/staff-scientist-ideker/agent_LiteratureDueDiligence/runs/pi3k_alpha_inhibition_resistance_review_20260830/Phase1_PubmedCollection/passes/pass_001/artifacts/fulltext_import/PMC_XML/normalized/PMC5943108.json,drop,Readable full text is dominated by run-specific exclusion or deferred-context signals.,low,low,incidental,medium
pmid-29496665,29496665,PMC5932238,10.1158/2159-8290.CD-17-0745,A Preexisting Rare PIK3CA(E545K) Subpopulation Confers Clinical Resistance to MEK plus CDK4/6 Inhibition in NRAS Melanoma and Is Dependent on S6K1 Signaling.,pmc_xml,/Users/xingmeng/.openclaw/workspaces/staff-scientist-ideker/agent_LiteratureDueDiligence/runs/pi3k_alpha_inhibition_resistance_review_20260830/Phase1_PubmedCollection/passes/pass_001/artifacts/fulltext_import/PMC_XML/normalized/PMC5932238.json,keep,"A title, sentence, or local section-level window connects primary run entities, declared mechanism/evidence terms, and required outcome terms.",high,high,central,high
pmid-29472518,29472518,PMC5955814,10.1158/0008-5472.CAN-17-1990,Mass Spectrometry-Based Proteomics Reveals Potential Roles of NEK9 and MAP2K4 in Resistance to PI3K Inhibition in Triple-Negative Breast Cancers.,pmc_xml,/Users/xingmeng/.openclaw/workspaces/staff-scientist-ideker/agent_LiteratureDueDiligence/runs/pi3k_alpha_inhibition_resistance_review_20260830/Phase1_PubmedCollection/passes/pass_001/artifacts/fulltext_import/PMC_XML/normalized/PMC5955814.json,drop,Readable full text is dominated by run-specific exclusion or deferred-context signals.,low,low,incidental,medium
pmid-29367069,29367069,PMC5789760,10.1016/j.tranon.2017.12.010,Significance of Liquid Biopsy for Monitoring and Therapy Decision of Colorectal Cancer.,pmc_xml,/Users/xingmeng/.openclaw/workspaces/staff-scientist-ideker/agent_LiteratureDueDiligence/runs/pi3k_alpha_inhibition_resistance_review_20260830/Phase1_PubmedCollection/passes/pass_001/artifacts/fulltext_import/PMC_XML/normalized/PMC5789760.json,drop,Readable full text is dominated by run-specific exclusion or deferred-context signals.,low,low,incidental,medium
pmid-29291160,29291160,PMC5743835,10.7150/ntno.22419,A dual biomarker detection platform for quantitating circulating tumor DNA (ctDNA).,pmc_xml,/Users/xingmeng/.openclaw/workspaces/staff-scientist-ideker/agent_LiteratureDueDiligence/runs/pi3k_alpha_inhibition_resistance_review_20260830/Phase1_PubmedCollection/passes/pass_001/artifacts/fulltext_import/PMC_XML/normalized/PMC5743835.json,drop,Readable full text is dominated by run-specific exclusion or deferred-context signals.,low,low,incidental,medium
pmid-29259073,29259073,PMC5905687,10.1634/theoncologist.2017-0568,Phase II Study of Panitumumab in RAS Wild-Type Metastatic Adenocarcinoma of Small Bowel or Ampulla of Vater.,pmc_xml,/Users/xingmeng/.openclaw/workspaces/staff-scientist-ideker/agent_LiteratureDueDiligence/runs/pi3k_alpha_inhibition_resistance_review_20260830/Phase1_PubmedCollection/passes/pass_001/artifacts/fulltext_import/PMC_XML/normalized/PMC5905687.json,drop,Readable full text is dominated by run-specific exclusion or deferred-context signals.,low,low,incidental,medium
pmid-29237412,29237412,PMC5729506,10.1186/s12885-017-3822-3,Evaluation of epidermal growth factor receptor signaling effects in gastric cancer cell lines by detailed motility-focused phenotypic characterization linked with molecular analysis.,pmc_xml,/Users/xingmeng/.openclaw/workspaces/staff-scientist-ideker/agent_LiteratureDueDiligence/runs/pi3k_alpha_inhibition_resistance_review_20260830/Phase1_PubmedCollection/passes/pass_001/artifacts/fulltext_import/PMC_XML/normalized/PMC5729506.json,drop,Readable full text is dominated by run-specific exclusion or deferred-context signals.,low,low,incidental,medium
pmid-28902361,28902361,PMC5592866,10.3892/ijo.2017.4108,Cooperative oncogenic effect and cell signaling crosstalk of co‑occurring HER2 and mutant PIK3CA in mammary epithelial cells.,pmc_xml,/Users/xingmeng/.openclaw/workspaces/staff-scientist-ideker/agent_LiteratureDueDiligence/runs/pi3k_alpha_inhibition_resistance_review_20260830/Phase1_PubmedCollection/passes/pass_001/artifacts/fulltext_import/PMC_XML/normalized/PMC5592866.json,drop,Readable full text is dominated by run-specific exclusion or deferred-context signals.,low,low,incidental,medium
pmid-28856074,28856074,PMC5574633,10.7759/cureus.1408,Utilizing Tumor and Plasma Liquid Biopsy in Treatment Decision Making for an Estrogen Receptor-Positive Advanced Breast Cancer Patient.,pmc_xml,/Users/xingmeng/.openclaw/workspaces/staff-scientist-ideker/agent_LiteratureDueDiligence/runs/pi3k_alpha_inhibition_resistance_review_20260830/Phase1_PubmedCollection/passes/pass_001/artifacts/fulltext_import/PMC_XML/normalized/PMC5574633.json,drop,Readable full text is dominated by run-specific exclusion or deferred-context signals.,low,low,incidental,medium
pmid-28845578,28845578,PMC5668514,10.1111/1759-7714.12496,Patient harboring a novel PIK3CA point mutation after acquired resistance to crizotinib in an adenocarcinoma with ROS1 rearrangement: A case report and literature review.,pmc_xml,/Users/xingmeng/.openclaw/workspaces/staff-scientist-ideker/agent_LiteratureDueDiligence/runs/pi3k_alpha_inhibition_resistance_review_20260830/Phase1_PubmedCollection/passes/pass_001/artifacts/fulltext_import/PMC_XML/normalized/PMC5668514.json,keep,"A title, sentence, or local section-level window connects primary run entities, declared mechanism/evidence terms, and required outcome terms.",high,high,central,high
pmid-28808038,28808038,PMC5668181,10.1158/1078-0432.CCR-17-0033,The Phosphatidylinositol 3-Kinase Pathway as a Potential Therapeutic Target in Bladder Cancer.,pmc_xml,/Users/xingmeng/.openclaw/workspaces/staff-scientist-ideker/agent_LiteratureDueDiligence/runs/pi3k_alpha_inhibition_resistance_review_20260830/Phase1_PubmedCollection/passes/pass_001/artifacts/fulltext_import/PMC_XML/normalized/PMC5668181.json,drop,Readable full text is dominated by run-specific exclusion or deferred-context signals.,low,low,incidental,medium
pmid-28685070,28685070,PMC5492817,10.3892/mco.2017.1272,Pilot study of sirolimus in patients with PIK3CA mutant/amplified refractory solid cancer.,pmc_xml,/Users/xingmeng/.openclaw/workspaces/staff-scientist-ideker/agent_LiteratureDueDiligence/runs/pi3k_alpha_inhibition_resistance_review_20260830/Phase1_PubmedCollection/passes/pass_001/artifacts/fulltext_import/PMC_XML/normalized/PMC5492817.json,drop,Readable full text is dominated by run-specific exclusion or deferred-context signals.,low,low,incidental,medium
pmid-28618197,28618197,PMC5579330,10.1002/1878-0261.12099,Analysis of mutant allele fractions in driver genes in colorectal cancer - biological and clinical insights.,pmc_xml,/Users/xingmeng/.openclaw/workspaces/staff-scientist-ideker/agent_LiteratureDueDiligence/runs/pi3k_alpha_inhibition_resistance_review_20260830/Phase1_PubmedCollection/passes/pass_001/artifacts/fulltext_import/PMC_XML/normalized/PMC5579330.json,keep,"A title, sentence, or local section-level window connects primary run entities, declared mechanism/evidence terms, and required outcome terms.",high,high,central,high
pmid-28597653,28597653,PMC7830714,10.1021/acs.molpharmaceut.7b00277,Overexpression of ATP-Binding Cassette Subfamily G Member 2 Confers Resistance to Phosphatidylinositol 3-Kinase Inhibitor PF-4989216 in Cancer Cells.,pmc_xml,/Users/xingmeng/.openclaw/workspaces/staff-scientist-ideker/agent_LiteratureDueDiligence/runs/pi3k_alpha_inhibition_resistance_review_20260830/Phase1_PubmedCollection/passes/pass_001/artifacts/fulltext_import/PMC_XML/normalized/PMC7830714.json,drop,Readable full text is dominated by run-specific exclusion or deferred-context signals.,low,low,incidental,medium
pmid-28592616,28592616,PMC5507653,10.1634/theoncologist.2017-0069,"Multicenter Phase II Study of Panitumumab in Platinum Pretreated, Advanced Head and Neck Squamous Cell Cancer.",pmc_xml,/Users/xingmeng/.openclaw/workspaces/staff-scientist-ideker/agent_LiteratureDueDiligence/runs/pi3k_alpha_inhibition_resistance_review_20260830/Phase1_PubmedCollection/passes/pass_001/artifacts/fulltext_import/PMC_XML/normalized/PMC5507653.json,drop,Readable full text is dominated by run-specific exclusion or deferred-context signals.,low,low,incidental,medium
pmid-28584208,28584208,PMC5463475,10.4103/0366-6999.207478,Establishment of a Novel Method for Screening Epidermal Growth Factor Receptor Tyrosine Kinase Inhibitor Resistance Mutations in Lung Cancer.,pmc_xml,/Users/xingmeng/.openclaw/workspaces/staff-scientist-ideker/agent_LiteratureDueDiligence/runs/pi3k_alpha_inhibition_resistance_review_20260830/Phase1_PubmedCollection/passes/pass_001/artifacts/fulltext_import/PMC_XML/normalized/PMC5463475.json,keep,"A title, sentence, or local section-level window connects primary run entities, declared mechanism/evidence terms, and required outcome terms.",high,high,central,high
pmid-28572531,28572531,PMC5564797,10.18632/oncotarget.17913,EGFR G796D mutation mediates resistance to osimertinib.,pmc_xml,/Users/xingmeng/.openclaw/workspaces/staff-scientist-ideker/agent_LiteratureDueDiligence/runs/pi3k_alpha_inhibition_resistance_review_20260830/Phase1_PubmedCollection/passes/pass_001/artifacts/fulltext_import/PMC_XML/normalized/PMC5564797.json,drop,Readable full text is dominated by run-specific exclusion or deferred-context signals.,low,low,incidental,medium
pmid-28424201,28424201,PMC5559326,10.1158/1078-0432.CCR-16-2738,PIK3CA Mutations Contribute to Acquired Cetuximab Resistance in Patients with Metastatic Colorectal Cancer.,pmc_xml,/Users/xingmeng/.openclaw/workspaces/staff-scientist-ideker/agent_LiteratureDueDiligence/runs/pi3k_alpha_inhibition_resistance_review_20260830/Phase1_PubmedCollection/passes/pass_001/artifacts/fulltext_import/PMC_XML/normalized/PMC5559326.json,keep,"A title, sentence, or local section-level window connects primary run entities, declared mechanism/evidence terms, and required outcome terms.",high,high,central,high
pmid-28396358,28396358,PMC5482178,10.1158/0008-5472.CAN-16-2808,Extracellular Matrix/Integrin Signaling Promotes Resistance to Combined Inhibition of HER2 and PI3K in HER2(+) Breast Cancer.,pmc_xml,/Users/xingmeng/.openclaw/workspaces/staff-scientist-ideker/agent_LiteratureDueDiligence/runs/pi3k_alpha_inhibition_resistance_review_20260830/Phase1_PubmedCollection/passes/pass_001/artifacts/fulltext_import/PMC_XML/normalized/PMC5482178.json,keep,"A title, sentence, or local section-level window connects primary run entities, declared mechanism/evidence terms, and required outcome terms.",high,high,central,high
pmid-28330462,28330462,PMC5363054,10.1186/s12885-017-3196-6,Prospective phase II trial of everolimus in PIK3CA amplification/mutation and/or PTEN loss patients with advanced solid tumors refractory to standard therapy.,pmc_xml,/Users/xingmeng/.openclaw/workspaces/staff-scientist-ideker/agent_LiteratureDueDiligence/runs/pi3k_alpha_inhibition_resistance_review_20260830/Phase1_PubmedCollection/passes/pass_001/artifacts/fulltext_import/PMC_XML/normalized/PMC5363054.json,drop,Readable full text is dominated by run-specific exclusion or deferred-context signals.,low,low,incidental,medium
pmid-28249908,28249908,PMC5421398,10.1158/0008-5472.CAN-16-2653,Kinome-Wide RNA Interference Screen Reveals a Role for PDK1 in Acquired Resistance to CDK4/6 Inhibition in ER-Positive Breast Cancer.,pmc_xml,/Users/xingmeng/.openclaw/workspaces/staff-scientist-ideker/agent_LiteratureDueDiligence/runs/pi3k_alpha_inhibition_resistance_review_20260830/Phase1_PubmedCollection/passes/pass_001/artifacts/fulltext_import/PMC_XML/normalized/PMC5421398.json,keep,"A title, sentence, or local section-level window connects primary run entities, declared mechanism/evidence terms, and required outcome terms.",high,high,central,high
pmid-28229982,28229982,PMC5339924,10.4103/0366-6999.200542,Circulating-free DNA Mutation Associated with Response of Targeted Therapy in Human Epidermal Growth Factor Receptor 2-positive Metastatic Breast Cancer.,pmc_xml,/Users/xingmeng/.openclaw/workspaces/staff-scientist-ideker/agent_LiteratureDueDiligence/runs/pi3k_alpha_inhibition_resistance_review_20260830/Phase1_PubmedCollection/passes/pass_001/artifacts/fulltext_import/PMC_XML/normalized/PMC5339924.json,drop,Readable full text is dominated by run-specific exclusion or deferred-context signals.,low,low,incidental,medium
pmid-28199979,28199979,PMC5370031,10.18632/oncotarget.15211,ATM mutations and E-cadherin expression define sensitivity to EGFR-targeted therapy in colorectal cancer.,pmc_xml,/Users/xingmeng/.openclaw/workspaces/staff-scientist-ideker/agent_LiteratureDueDiligence/runs/pi3k_alpha_inhibition_resistance_review_20260830/Phase1_PubmedCollection/passes/pass_001/artifacts/fulltext_import/PMC_XML/normalized/PMC5370031.json,drop,Readable full text is dominated by run-specific exclusion or deferred-context signals.,low,low,incidental,medium
pmid-28167203,28167203,PMC5402884,10.1016/j.jtho.2017.01.023,ERBB2-Mutated Metastatic Non-Small Cell Lung Cancer: Response and Resistance to Targeted Therapies.,pmc_xml,/Users/xingmeng/.openclaw/workspaces/staff-scientist-ideker/agent_LiteratureDueDiligence/runs/pi3k_alpha_inhibition_resistance_review_20260830/Phase1_PubmedCollection/passes/pass_001/artifacts/fulltext_import/PMC_XML/normalized/PMC5402884.json,drop,Readable full text is dominated by run-specific exclusion or deferred-context signals.,low,low,incidental,medium
pmid-28123607,28123607,PMC5264049,10.7150/jca.16239,"Proteins Involved in HER2 Signalling Pathway, Their Relations and Influence on Metastasis-Free Survival in HER2-Positive Breast Cancer Patients Treated with Trastuzumab in Adjuvant Setting.",pmc_xml,/Users/xingmeng/.openclaw/workspaces/staff-scientist-ideker/agent_LiteratureDueDiligence/runs/pi3k_alpha_inhibition_resistance_review_20260830/Phase1_PubmedCollection/passes/pass_001/artifacts/fulltext_import/PMC_XML/normalized/PMC5264049.json,keep,"A title, sentence, or local section-level window connects primary run entities, declared mechanism/evidence terms, and required outcome terms.",high,high,central,high
pmid-28072765,28072765,PMC5294485,10.1038/bjc.2016.430,Phase II study of the PI3K inhibitor BKM120 in patients with advanced or recurrent endometrial carcinoma: a stratified type I-type II study from the GINECO group.,pmc_xml,/Users/xingmeng/.openclaw/workspaces/staff-scientist-ideker/agent_LiteratureDueDiligence/runs/pi3k_alpha_inhibition_resistance_review_20260830/Phase1_PubmedCollection/passes/pass_001/artifacts/fulltext_import/PMC_XML/normalized/PMC5294485.json,drop,Readable full text is dominated by run-specific exclusion or deferred-context signals.,low,low,incidental,medium
pmid-28068936,28068936,PMC5223326,10.1186/s12885-016-2994-6,Retrospective study of RAS/PIK3CA/BRAF tumor mutations as predictors of response to first-line chemotherapy with bevacizumab in metastatic colorectal cancer patients.,pmc_xml,/Users/xingmeng/.openclaw/workspaces/staff-scientist-ideker/agent_LiteratureDueDiligence/runs/pi3k_alpha_inhibition_resistance_review_20260830/Phase1_PubmedCollection/passes/pass_001/artifacts/fulltext_import/PMC_XML/normalized/PMC5223326.json,drop,Readable full text is dominated by run-specific exclusion or deferred-context signals.,low,low,incidental,medium
pmid-28029662,28029662,PMC5354913,10.18632/oncotarget.14146,Guidance to rational use of pharmaceuticals in gallbladder sarcomatoid carcinoma using patient-derived cancer cells and whole exome sequencing.,pmc_xml,/Users/xingmeng/.openclaw/workspaces/staff-scientist-ideker/agent_LiteratureDueDiligence/runs/pi3k_alpha_inhibition_resistance_review_20260830/Phase1_PubmedCollection/passes/pass_001/artifacts/fulltext_import/PMC_XML/normalized/PMC5354913.json,drop,Readable full text is dominated by run-specific exclusion or deferred-context signals.,low,low,incidental,medium
pmid-27852040,27852040,PMC5471055,10.18632/oncotarget.13311,Clinical validation of prospective liquid biopsy monitoring in patients with wild-type RAS metastatic colorectal cancer treated with FOLFIRI-cetuximab.,pmc_xml,/Users/xingmeng/.openclaw/workspaces/staff-scientist-ideker/agent_LiteratureDueDiligence/runs/pi3k_alpha_inhibition_resistance_review_20260830/Phase1_PubmedCollection/passes/pass_001/artifacts/fulltext_import/PMC_XML/normalized/PMC5471055.json,drop,Readable full text is dominated by run-specific exclusion or deferred-context signals.,low,low,incidental,medium
pmid-27399335,27399335,PMC5226932,10.1038/onc.2016.247,FBW7 mutations mediate resistance of colorectal cancer to targeted therapies by blocking Mcl-1 degradation.,pmc_xml,/Users/xingmeng/.openclaw/workspaces/staff-scientist-ideker/agent_LiteratureDueDiligence/runs/pi3k_alpha_inhibition_resistance_review_20260830/Phase1_PubmedCollection/passes/pass_001/artifacts/fulltext_import/PMC_XML/normalized/PMC5226932.json,drop,Readable full text is dominated by run-specific exclusion or deferred-context signals.,low,low,incidental,medium
pmid-27188206,27188206,PMC5266390,10.4143/crt.2016.058,A Phase II Study of Poziotinib in Patients with Epidermal Growth Factor Receptor (EGFR)-Mutant Lung Adenocarcinoma Who Have Acquired Resistance to EGFR-Tyrosine Kinase Inhibitors.,pmc_xml,/Users/xingmeng/.openclaw/workspaces/staff-scientist-ideker/agent_LiteratureDueDiligence/runs/pi3k_alpha_inhibition_resistance_review_20260830/Phase1_PubmedCollection/passes/pass_001/artifacts/fulltext_import/PMC_XML/normalized/PMC5266390.json,drop,Readable full text is dominated by run-specific exclusion or deferred-context signals.,low,low,incidental,medium
pmid-27126994,27126994,PMC5085926,10.1158/1078-0432.CCR-16-0134,"A Phase Ib Study of Alpelisib (BYL719), a PI3Kα-Specific Inhibitor, with Letrozole in ER+/HER2- Metastatic Breast Cancer.",pmc_xml,/Users/xingmeng/.openclaw/workspaces/staff-scientist-ideker/agent_LiteratureDueDiligence/runs/pi3k_alpha_inhibition_resistance_review_20260830/Phase1_PubmedCollection/passes/pass_001/artifacts/fulltext_import/PMC_XML/normalized/PMC5085926.json,keep,"A title, sentence, or local section-level window connects primary run entities, declared mechanism/evidence terms, and required outcome terms.",high,high,central,high
pmid-28848656,28848656,PMC5548975,10.1136/esmoopen-2016-000086,Clinical activity and tolerability of FOLFIRI and cetuximab in elderly patients with metastatic colorectal cancer in the CAPRI-GOIM first-line trial.,pmc_xml,/Users/xingmeng/.openclaw/workspaces/staff-scientist-ideker/agent_LiteratureDueDiligence/runs/pi3k_alpha_inhibition_resistance_review_20260830/Phase1_PubmedCollection/passes/pass_001/artifacts/fulltext_import/PMC_XML/normalized/PMC5548975.json,drop,Readable full text is dominated by run-specific exclusion or deferred-context signals.,low,low,incidental,medium
pmid-27821131,27821131,PMC5100094,10.1186/s12885-016-2902-0,Frequency of EGFR T790M mutation and multimutational profiles of rebiopsy samples from non-small cell lung cancer developing acquired resistance to EGFR tyrosine kinase inhibitors in Japanese patients.,pmc_xml,/Users/xingmeng/.openclaw/workspaces/staff-scientist-ideker/agent_LiteratureDueDiligence/runs/pi3k_alpha_inhibition_resistance_review_20260830/Phase1_PubmedCollection/passes/pass_001/artifacts/fulltext_import/PMC_XML/normalized/PMC5100094.json,drop,Readable full text is dominated by run-specific exclusion or deferred-context signals.,low,low,incidental,medium
pmid-27750214,27750214,PMC5342732,10.18632/oncotarget.12661,Genomic characterization of high-risk non-muscle invasive bladder cancer.,pmc_xml,/Users/xingmeng/.openclaw/workspaces/staff-scientist-ideker/agent_LiteratureDueDiligence/runs/pi3k_alpha_inhibition_resistance_review_20260830/Phase1_PubmedCollection/passes/pass_001/artifacts/fulltext_import/PMC_XML/normalized/PMC5342732.json,drop,Readable full text is dominated by run-specific exclusion or deferred-context signals.,low,low,incidental,medium
pmid-27734950,27734950,PMC5062358,10.1038/srep35249,The Role of PIK3CA Mutations among Lung Adenocarcinoma Patients with Primary and Acquired Resistance to EGFR Tyrosine Kinase Inhibition.,pmc_xml,/Users/xingmeng/.openclaw/workspaces/staff-scientist-ideker/agent_LiteratureDueDiligence/runs/pi3k_alpha_inhibition_resistance_review_20260830/Phase1_PubmedCollection/passes/pass_001/artifacts/fulltext_import/PMC_XML/normalized/PMC5062358.json,keep,"A title, sentence, or local section-level window connects primary run entities, declared mechanism/evidence terms, and required outcome terms.",high,high,central,high
pmid-27604488,27604488,PMC5050154,10.1158/2159-8290.CD-16-0305,Systematic Functional Characterization of Resistance to PI3K Inhibition in Breast Cancer.,pmc_xml,/Users/xingmeng/.openclaw/workspaces/staff-scientist-ideker/agent_LiteratureDueDiligence/runs/pi3k_alpha_inhibition_resistance_review_20260830/Phase1_PubmedCollection/passes/pass_001/artifacts/fulltext_import/PMC_XML/normalized/PMC5050154.json,keep,"A title, sentence, or local section-level window connects primary run entities, declared mechanism/evidence terms, and required outcome terms.",high,high,central,high
pmid-27603005,27603005,PMC5600677,10.1002/cncr.30286,"A multicenter, single-arm, open-label, phase 2 study of apitolisib (GDC-0980) for the treatment of recurrent or persistent endometrial carcinoma (MAGGIE study).",pmc_xml,/Users/xingmeng/.openclaw/workspaces/staff-scientist-ideker/agent_LiteratureDueDiligence/runs/pi3k_alpha_inhibition_resistance_review_20260830/Phase1_PubmedCollection/passes/pass_001/artifacts/fulltext_import/PMC_XML/normalized/PMC5600677.json,drop,Readable full text is dominated by run-specific exclusion or deferred-context signals.,low,low,incidental,medium
pmid-27528220,27528220,PMC5308688,10.18632/oncotarget.11237,Mutational profiling of non-small-cell lung cancer patients resistant to first-generation EGFR tyrosine kinase inhibitors using next generation sequencing.,pmc_xml,/Users/xingmeng/.openclaw/workspaces/staff-scientist-ideker/agent_LiteratureDueDiligence/runs/pi3k_alpha_inhibition_resistance_review_20260830/Phase1_PubmedCollection/passes/pass_001/artifacts/fulltext_import/PMC_XML/normalized/PMC5308688.json,drop,Readable full text is dominated by run-specific exclusion or deferred-context signals.,low,low,incidental,medium
pmid-27451907,27451907,PMC4982440,10.1016/j.ccell.2016.06.004,PDK1-SGK1 Signaling Sustains AKT-Independent mTORC1 Activation and Confers Resistance to PI3Kα Inhibition.,pmc_xml,/Users/xingmeng/.openclaw/workspaces/staff-scientist-ideker/agent_LiteratureDueDiligence/runs/pi3k_alpha_inhibition_resistance_review_20260830/Phase1_PubmedCollection/passes/pass_001/artifacts/fulltext_import/PMC_XML/normalized/PMC4982440.json,drop,Readable full text is dominated by run-specific exclusion or deferred-context signals.,low,low,incidental,medium
pmid-27223437,27223437,PMC5173087,10.18632/oncotarget.9528,Establishment of a multimarker qPCR panel for the molecular characterization of circulating tumor cells in blood samples of metastatic breast cancer patients during the course of palliative treatment.,pmc_xml,/Users/xingmeng/.openclaw/workspaces/staff-scientist-ideker/agent_LiteratureDueDiligence/runs/pi3k_alpha_inhibition_resistance_review_20260830/Phase1_PubmedCollection/passes/pass_001/artifacts/fulltext_import/PMC_XML/normalized/PMC5173087.json,drop,Readable full text is dominated by run-specific exclusion or deferred-context signals.,low,low,incidental,medium
pmid-27200287,27200287,PMC4852191,10.3389/fonc.2016.00098,Durable Response of Spinal Chordoma to Combined Inhibition of IGF-1R and EGFR.,pmc_xml,/Users/xingmeng/.openclaw/workspaces/staff-scientist-ideker/agent_LiteratureDueDiligence/runs/pi3k_alpha_inhibition_resistance_review_20260830/Phase1_PubmedCollection/passes/pass_001/artifacts/fulltext_import/PMC_XML/normalized/PMC4852191.json,drop,Readable full text is dominated by run-specific exclusion or deferred-context signals.,low,low,incidental,medium
pmid-27184134,27184134,PMC4869295,10.1186/s12967-016-0883-z,"MYC copy gain, chromosomal instability and PI3K activation as potential markers of unfavourable outcome in trastuzumab-treated patients with metastatic breast cancer.",pmc_xml,/Users/xingmeng/.openclaw/workspaces/staff-scientist-ideker/agent_LiteratureDueDiligence/runs/pi3k_alpha_inhibition_resistance_review_20260830/Phase1_PubmedCollection/passes/pass_001/artifacts/fulltext_import/PMC_XML/normalized/PMC4869295.json,drop,Readable full text is dominated by run-specific exclusion or deferred-context signals.,low,low,incidental,medium
pmid-27157620,27157620,PMC5102814,10.1038/onc.2016.155,FBXO10 deficiency and BTK activation upregulate BCL2 expression in mantle cell lymphoma.,pmc_xml,/Users/xingmeng/.openclaw/workspaces/staff-scientist-ideker/agent_LiteratureDueDiligence/runs/pi3k_alpha_inhibition_resistance_review_20260830/Phase1_PubmedCollection/passes/pass_001/artifacts/fulltext_import/PMC_XML/normalized/PMC5102814.json,drop,Readable full text is dominated by run-specific exclusion or deferred-context signals.,low,low,incidental,medium
pmid-27084427,27084427,PMC4833894,10.1016/j.tranon.2016.01.001,"Analysis of PI3K/mTOR Pathway Biomarkers and Their Prognostic Value in Women with Hormone Receptor-Positive, HER2-Negative Early Breast Cancer.",pmc_xml,/Users/xingmeng/.openclaw/workspaces/staff-scientist-ideker/agent_LiteratureDueDiligence/runs/pi3k_alpha_inhibition_resistance_review_20260830/Phase1_PubmedCollection/passes/pass_001/artifacts/fulltext_import/PMC_XML/normalized/PMC4833894.json,drop,Readable full text is dominated by run-specific exclusion or deferred-context signals.,low,low,incidental,medium
pmid-27035903,27035903,PMC4818107,10.1371/journal.pcbi.1004827,"HER2+ Cancer Cell Dependence on PI3K vs. MAPK Signaling Axes Is Determined by Expression of EGFR, ERBB3 and CDKN1B.",pmc_xml,/Users/xingmeng/.openclaw/workspaces/staff-scientist-ideker/agent_LiteratureDueDiligence/runs/pi3k_alpha_inhibition_resistance_review_20260830/Phase1_PubmedCollection/passes/pass_001/artifacts/fulltext_import/PMC_XML/normalized/PMC4818107.json,drop,Readable full text is dominated by run-specific exclusion or deferred-context signals.,low,low,incidental,medium
pmid-26968843,26968843,PMC4788951,10.1186/s12885-016-2249-6,Mutational status of synchronous and metachronous tumor samples in patients with metastatic non-small-cell lung cancer.,pmc_xml,/Users/xingmeng/.openclaw/workspaces/staff-scientist-ideker/agent_LiteratureDueDiligence/runs/pi3k_alpha_inhibition_resistance_review_20260830/Phase1_PubmedCollection/passes/pass_001/artifacts/fulltext_import/PMC_XML/normalized/PMC4788951.json,drop,Readable full text is dominated by run-specific exclusion or deferred-context signals.,low,low,incidental,medium
pmid-26964771,26964771,PMC4877255,10.1016/j.jtho.2016.02.018,Phase II Study of a Non-Platinum-Containing Doublet of Paclitaxel and Pemetrexed with Bevacizumab as Initial Therapy for Patients with Advanced Lung Adenocarcinomas.,pmc_xml,/Users/xingmeng/.openclaw/workspaces/staff-scientist-ideker/agent_LiteratureDueDiligence/runs/pi3k_alpha_inhibition_resistance_review_20260830/Phase1_PubmedCollection/passes/pass_001/artifacts/fulltext_import/PMC_XML/normalized/PMC4877255.json,drop,Readable full text is dominated by run-specific exclusion or deferred-context signals.,low,low,incidental,medium
pmid-26955870,26955870,PMC4784390,10.1186/s12885-016-2232-2,Improving gastric cancer preclinical studies using diverse in vitro and in vivo model systems.,pmc_xml,/Users/xingmeng/.openclaw/workspaces/staff-scientist-ideker/agent_LiteratureDueDiligence/runs/pi3k_alpha_inhibition_resistance_review_20260830/Phase1_PubmedCollection/passes/pass_001/artifacts/fulltext_import/PMC_XML/normalized/PMC4784390.json,drop,Readable full text is dominated by run-specific exclusion or deferred-context signals.,low,low,incidental,medium
pmid-26869800,26869800,PMC4734822,10.2147/OTT.S86966,Biomarkers predicting resistance to epidermal growth factor receptor-targeted therapy in metastatic colorectal cancer with wild-type KRAS.,pmc_xml,/Users/xingmeng/.openclaw/workspaces/staff-scientist-ideker/agent_LiteratureDueDiligence/runs/pi3k_alpha_inhibition_resistance_review_20260830/Phase1_PubmedCollection/passes/pass_001/artifacts/fulltext_import/PMC_XML/normalized/PMC4734822.json,drop,Readable full text is dominated by run-specific exclusion or deferred-context signals.,low,low,incidental,medium
pmid-26862733,26862733,PMC4914294,10.18632/oncotarget.7189,The mechanism of acquired resistance to irreversible EGFR tyrosine kinase inhibitor-afatinib in lung adenocarcinoma patients.,pmc_xml,/Users/xingmeng/.openclaw/workspaces/staff-scientist-ideker/agent_LiteratureDueDiligence/runs/pi3k_alpha_inhibition_resistance_review_20260830/Phase1_PubmedCollection/passes/pass_001/artifacts/fulltext_import/PMC_XML/normalized/PMC4914294.json,keep,"A title, sentence, or local section-level window connects primary run entities, declared mechanism/evidence terms, and required outcome terms.",high,high,central,high
pmid-26796526,26796526,PMC7511989,10.1038/modpathol.2015.160,Frequency and clinicopathologic profile of PIK3CA mutant GISTs: molecular genetic study of 529 cases.,pmc_xml,/Users/xingmeng/.openclaw/workspaces/staff-scientist-ideker/agent_LiteratureDueDiligence/runs/pi3k_alpha_inhibition_resistance_review_20260830/Phase1_PubmedCollection/passes/pass_001/artifacts/fulltext_import/PMC_XML/normalized/PMC7511989.json,drop,Readable full text is dominated by run-specific exclusion or deferred-context signals.,low,low,incidental,medium
pmid-26783290,26783290,PMC5508552,10.1158/1078-0432.CCR-15-2160,A Phase I Study of the AKT Inhibitor MK-2206 in Combination with Hormonal Therapy in Postmenopausal Women with Estrogen Receptor-Positive Metastatic Breast Cancer.,pmc_xml,/Users/xingmeng/.openclaw/workspaces/staff-scientist-ideker/agent_LiteratureDueDiligence/runs/pi3k_alpha_inhibition_resistance_review_20260830/Phase1_PubmedCollection/passes/pass_001/artifacts/fulltext_import/PMC_XML/normalized/PMC5508552.json,keep,"A title, sentence, or local section-level window connects primary run entities, declared mechanism/evidence terms, and required outcome terms.",high,high,central,high
pmid-26572704,26572704,PMC4689482,10.3892/or.2015.4421,ARID1A gene mutation in ovarian and endometrial cancers (Review).,pmc_xml,/Users/xingmeng/.openclaw/workspaces/staff-scientist-ideker/agent_LiteratureDueDiligence/runs/pi3k_alpha_inhibition_resistance_review_20260830/Phase1_PubmedCollection/passes/pass_001/artifacts/fulltext_import/PMC_XML/normalized/PMC4689482.json,drop,Readable full text is dominated by run-specific exclusion or deferred-context signals.,low,low,incidental,medium
pmid-26791794,26791794,PMC4724060,10.1016/j.lungcan.2015.10.028,Responses to the multitargeted MET/ALK/ROS1 inhibitor crizotinib and co-occurring mutations in lung adenocarcinomas with MET amplification or MET exon 14 skipping mutation.,pmc_xml,/Users/xingmeng/.openclaw/workspaces/staff-scientist-ideker/agent_LiteratureDueDiligence/runs/pi3k_alpha_inhibition_resistance_review_20260830/Phase1_PubmedCollection/passes/pass_001/artifacts/fulltext_import/PMC_XML/normalized/PMC4724060.json,drop,Readable full text is dominated by run-specific exclusion or deferred-context signals.,low,low,incidental,medium
pmid-26630576,26630576,PMC4667877,10.1371/journal.pone.0142466,High-Throughput Mutation Profiling Changes before and 3 Weeks after Chemotherapy in Newly Diagnosed Breast Cancer Patients.,pmc_xml,/Users/xingmeng/.openclaw/workspaces/staff-scientist-ideker/agent_LiteratureDueDiligence/runs/pi3k_alpha_inhibition_resistance_review_20260830/Phase1_PubmedCollection/passes/pass_001/artifacts/fulltext_import/PMC_XML/normalized/PMC4667877.json,drop,Readable full text is dominated by run-specific exclusion or deferred-context signals.,low,low,incidental,medium
pmid-26510912,26510912,PMC4747358,10.18632/oncotarget.5841,Personalized comprehensive molecular profiling of high risk osteosarcoma: Implications and limitations for precision medicine.,pmc_xml,/Users/xingmeng/.openclaw/workspaces/staff-scientist-ideker/agent_LiteratureDueDiligence/runs/pi3k_alpha_inhibition_resistance_review_20260830/Phase1_PubmedCollection/passes/pass_001/artifacts/fulltext_import/PMC_XML/normalized/PMC4747358.json,drop,Readable full text is dominated by run-specific exclusion or deferred-context signals.,low,low,incidental,medium
pmid-26452027,26452027,PMC4741900,10.18632/oncotarget.5465,Prospective blinded study of somatic mutation detection in cell-free DNA utilizing a targeted 54-gene next generation sequencing panel in metastatic solid tumor patients.,pmc_xml,/Users/xingmeng/.openclaw/workspaces/staff-scientist-ideker/agent_LiteratureDueDiligence/runs/pi3k_alpha_inhibition_resistance_review_20260830/Phase1_PubmedCollection/passes/pass_001/artifacts/fulltext_import/PMC_XML/normalized/PMC4741900.json,drop,Readable full text is dominated by run-specific exclusion or deferred-context signals.,low,low,incidental,medium
pmid-26404261,26404261,PMC4613347,10.3390/ijms160922976,Dual Inhibition of MEK and PI3K Pathway in KRAS and BRAF Mutated Colorectal Cancers.,pmc_xml,/Users/xingmeng/.openclaw/workspaces/staff-scientist-ideker/agent_LiteratureDueDiligence/runs/pi3k_alpha_inhibition_resistance_review_20260830/Phase1_PubmedCollection/passes/pass_001/artifacts/fulltext_import/PMC_XML/normalized/PMC4613347.json,drop,Readable full text is dominated by run-specific exclusion or deferred-context signals.,low,low,incidental,medium
pmid-26400668,26400668,PMC4585860,10.1038/srep14447,Small cell lung cancer transformation and T790M mutation: complimentary roles in acquired resistance to kinase inhibitors in lung cancer.,pmc_xml,/Users/xingmeng/.openclaw/workspaces/staff-scientist-ideker/agent_LiteratureDueDiligence/runs/pi3k_alpha_inhibition_resistance_review_20260830/Phase1_PubmedCollection/passes/pass_001/artifacts/fulltext_import/PMC_XML/normalized/PMC4585860.json,drop,Readable full text is dominated by run-specific exclusion or deferred-context signals.,low,low,incidental,medium
pmid-26333383,26333383,PMC4636465,10.1158/1535-7163.MCT-15-0383,Dual HER2/PIK3CA Targeting Overcomes Single-Agent Acquired Resistance in HER2-Amplified Uterine Serous Carcinoma Cell Lines In Vitro and In Vivo.,pmc_xml,/Users/xingmeng/.openclaw/workspaces/staff-scientist-ideker/agent_LiteratureDueDiligence/runs/pi3k_alpha_inhibition_resistance_review_20260830/Phase1_PubmedCollection/passes/pass_001/artifacts/fulltext_import/PMC_XML/normalized/PMC4636465.json,drop,Readable full text is dominated by run-specific exclusion or deferred-context signals.,low,low,incidental,medium
pmid-26318427,26318427,PMC4694794,10.18632/oncotarget.4959,New findings on primary and acquired resistance to anti-EGFR therapy in metastatic colorectal cancer: do all roads lead to RAS?,pmc_xml,/Users/xingmeng/.openclaw/workspaces/staff-scientist-ideker/agent_LiteratureDueDiligence/runs/pi3k_alpha_inhibition_resistance_review_20260830/Phase1_PubmedCollection/passes/pass_001/artifacts/fulltext_import/PMC_XML/normalized/PMC4694794.json,drop,Readable full text is dominated by run-specific exclusion or deferred-context signals.,low,low,incidental,medium
pmid-26317216,26317216,PMC4552879,10.1371/journal.pone.0136407,Exome Sequencing of Cell-Free DNA from Metastatic Cancer Patients Identifies Clinically Actionable Mutations Distinct from Primary Disease.,pmc_xml,/Users/xingmeng/.openclaw/workspaces/staff-scientist-ideker/agent_LiteratureDueDiligence/runs/pi3k_alpha_inhibition_resistance_review_20260830/Phase1_PubmedCollection/passes/pass_001/artifacts/fulltext_import/PMC_XML/normalized/PMC4552879.json,drop,Readable full text is dominated by run-specific exclusion or deferred-context signals.,low,low,incidental,medium
pmid-26289070,26289070,PMC4681594,10.1158/1078-0432.CCR-14-3283,Preclinical Efficacy of Ron Kinase Inhibitors Alone and in Combination with PI3K Inhibitors for Treatment of sfRon-Expressing Breast Cancer Patient-Derived Xenografts.,pmc_xml,/Users/xingmeng/.openclaw/workspaces/staff-scientist-ideker/agent_LiteratureDueDiligence/runs/pi3k_alpha_inhibition_resistance_review_20260830/Phase1_PubmedCollection/passes/pass_001/artifacts/fulltext_import/PMC_XML/normalized/PMC4681594.json,drop,Readable full text is dominated by run-specific exclusion or deferred-context signals.,low,low,incidental,medium
pmid-26251629,26251629,PMC4524386,10.2147/CMAR.S47797,New and emerging factors in tumorigenesis: an overview.,pmc_xml,/Users/xingmeng/.openclaw/workspaces/staff-scientist-ideker/agent_LiteratureDueDiligence/runs/pi3k_alpha_inhibition_resistance_review_20260830/Phase1_PubmedCollection/passes/pass_001/artifacts/fulltext_import/PMC_XML/normalized/PMC4524386.json,drop,Readable full text is dominated by run-specific exclusion or deferred-context signals.,low,low,incidental,medium
pmid-26099045,26099045,PMC4500826,10.1038/nm.3886,Subclonal diversification of primary breast cancer revealed by multiregion sequencing.,pmc_xml,/Users/xingmeng/.openclaw/workspaces/staff-scientist-ideker/agent_LiteratureDueDiligence/runs/pi3k_alpha_inhibition_resistance_review_20260830/Phase1_PubmedCollection/passes/pass_001/artifacts/fulltext_import/PMC_XML/normalized/PMC4500826.json,drop,Readable full text is dominated by run-specific exclusion or deferred-context signals.,low,low,incidental,medium
pmid-26085511,26085511,PMC4580992,10.1158/1078-0432.CCR-15-0584,Serial Next-Generation Sequencing of Circulating Cell-Free DNA Evaluating Tumor Clone Response To Molecularly Targeted Drug Administration.,pmc_xml,/Users/xingmeng/.openclaw/workspaces/staff-scientist-ideker/agent_LiteratureDueDiligence/runs/pi3k_alpha_inhibition_resistance_review_20260830/Phase1_PubmedCollection/passes/pass_001/artifacts/fulltext_import/PMC_XML/normalized/PMC4580992.json,drop,Readable full text is dominated by run-specific exclusion or deferred-context signals.,low,low,incidental,medium
pmid-26021831,26021831,PMC4446801,10.1186/s12885-015-1439-y,Multiple gene aberrations and breast cancer: lessons from super-responders.,pmc_xml,/Users/xingmeng/.openclaw/workspaces/staff-scientist-ideker/agent_LiteratureDueDiligence/runs/pi3k_alpha_inhibition_resistance_review_20260830/Phase1_PubmedCollection/passes/pass_001/artifacts/fulltext_import/PMC_XML/normalized/PMC4446801.json,drop,Readable full text is dominated by run-specific exclusion or deferred-context signals.,low,low,incidental,medium
pmid-26018876,26018876,PMC4491691,10.3390/cancers7020816,Targeted Therapies in Non-Small Cell Lung Cancer-Beyond EGFR and ALK.,pmc_xml,/Users/xingmeng/.openclaw/workspaces/staff-scientist-ideker/agent_LiteratureDueDiligence/runs/pi3k_alpha_inhibition_resistance_review_20260830/Phase1_PubmedCollection/passes/pass_001/artifacts/fulltext_import/PMC_XML/normalized/PMC4491691.json,drop,Readable full text is dominated by run-specific exclusion or deferred-context signals.,low,low,incidental,medium
pmid-26004768,26004768,PMC4661131,10.1007/s11523-015-0369-6,Epidermal Growth Factor Receptor (EGFR) Pathway Biomarkers in the Randomized Phase III Trial of Erlotinib Versus Observation in Ovarian Cancer Patients with No Evidence of Disease Progression after First-Line Platinum-Based Chemotherapy.,pmc_xml,/Users/xingmeng/.openclaw/workspaces/staff-scientist-ideker/agent_LiteratureDueDiligence/runs/pi3k_alpha_inhibition_resistance_review_20260830/Phase1_PubmedCollection/passes/pass_001/artifacts/fulltext_import/PMC_XML/normalized/PMC4661131.json,drop,Readable full text is dominated by run-specific exclusion or deferred-context signals.,low,low,incidental,medium
pmid-25969993,25969993,PMC4430383,10.1371/journal.pone.0125232,"Using the MCF10A/MCF10CA1a Breast Cancer Progression Cell Line Model to Investigate the Effect of Active, Mutant Forms of EGFR in Breast Cancer Development and Treatment Using Gefitinib.",pmc_xml,/Users/xingmeng/.openclaw/workspaces/staff-scientist-ideker/agent_LiteratureDueDiligence/runs/pi3k_alpha_inhibition_resistance_review_20260830/Phase1_PubmedCollection/passes/pass_001/artifacts/fulltext_import/PMC_XML/normalized/PMC4430383.json,drop,Readable full text is dominated by run-specific exclusion or deferred-context signals.,low,low,incidental,medium
pmid-25952930,25952930,PMC4429519,10.1186/s12885-015-1363-1,The combination of sorafenib and everolimus shows antitumor activity in preclinical models of malignant pleural mesothelioma.,pmc_xml,/Users/xingmeng/.openclaw/workspaces/staff-scientist-ideker/agent_LiteratureDueDiligence/runs/pi3k_alpha_inhibition_resistance_review_20260830/Phase1_PubmedCollection/passes/pass_001/artifacts/fulltext_import/PMC_XML/normalized/PMC4429519.json,drop,Readable full text is dominated by run-specific exclusion or deferred-context signals.,low,low,incidental,medium
pmid-25889309,25889309,PMC4332724,10.1186/s12967-015-0405-4,Tumour pharmacodynamics and circulating cell free DNA in patients with refractory colorectal carcinoma treated with regorafenib.,pmc_xml,/Users/xingmeng/.openclaw/workspaces/staff-scientist-ideker/agent_LiteratureDueDiligence/runs/pi3k_alpha_inhibition_resistance_review_20260830/Phase1_PubmedCollection/passes/pass_001/artifacts/fulltext_import/PMC_XML/normalized/PMC4332724.json,drop,Readable full text is dominated by run-specific exclusion or deferred-context signals.,low,low,incidental,medium
pmid-25886409,25886409,PMC4374284,10.1186/s12885-015-1139-7,Successful control of heavily pretreated metastatic gastric cancer with the mTOR inhibitor everolimus (RAD001) in a patient with PIK3CA mutation and pS6 overexpression.,pmc_xml,/Users/xingmeng/.openclaw/workspaces/staff-scientist-ideker/agent_LiteratureDueDiligence/runs/pi3k_alpha_inhibition_resistance_review_20260830/Phase1_PubmedCollection/passes/pass_001/artifacts/fulltext_import/PMC_XML/normalized/PMC4374284.json,drop,Readable full text is dominated by run-specific exclusion or deferred-context signals.,low,low,incidental,medium
pmid-25663927,25663927,PMC4315084,10.3892/ol.2015.2876,EGFR methylation and outcome of patients with advanced colorectal cancer treated with cetuximab.,pmc_xml,/Users/xingmeng/.openclaw/workspaces/staff-scientist-ideker/agent_LiteratureDueDiligence/runs/pi3k_alpha_inhibition_resistance_review_20260830/Phase1_PubmedCollection/passes/pass_001/artifacts/fulltext_import/PMC_XML/normalized/PMC4315084.json,keep,"A title, sentence, or local section-level window connects primary run entities, declared mechanism/evidence terms, and required outcome terms.",high,high,central,high
pmid-25621052,25621052,PMC4301480,10.3892/ol.2014.2744,Phospho-PRAS40(Thr246) predicts trastuzumab response in patients with HER2-positive metastatic breast cancer.,pmc_xml,/Users/xingmeng/.openclaw/workspaces/staff-scientist-ideker/agent_LiteratureDueDiligence/runs/pi3k_alpha_inhibition_resistance_review_20260830/Phase1_PubmedCollection/passes/pass_001/artifacts/fulltext_import/PMC_XML/normalized/PMC4301480.json,drop,Readable full text is dominated by run-specific exclusion or deferred-context signals.,low,low,incidental,medium
pmid-25593016,25593016,PMC4857706,10.1016/j.oraloncology.2014.12.013,"A randomized, phase 2 trial of docetaxel with or without PX-866, an irreversible oral phosphatidylinositol 3-kinase inhibitor, in patients with relapsed or metastatic head and neck squamous cell cancer.",pmc_xml,/Users/xingmeng/.openclaw/workspaces/staff-scientist-ideker/agent_LiteratureDueDiligence/runs/pi3k_alpha_inhibition_resistance_review_20260830/Phase1_PubmedCollection/passes/pass_001/artifacts/fulltext_import/PMC_XML/normalized/PMC4857706.json,drop,Readable full text is dominated by run-specific exclusion or deferred-context signals.,low,low,incidental,medium
pmid-25556614,25556614,PMC4302085,10.5732/cjc.014.10289,The PI3K/Akt/mTOR pathway in ovarian cancer: therapeutic opportunities and challenges.,pmc_xml,/Users/xingmeng/.openclaw/workspaces/staff-scientist-ideker/agent_LiteratureDueDiligence/runs/pi3k_alpha_inhibition_resistance_review_20260830/Phase1_PubmedCollection/passes/pass_001/artifacts/fulltext_import/PMC_XML/normalized/PMC4302085.json,drop,Readable full text is dominated by run-specific exclusion or deferred-context signals.,low,low,incidental,medium
pmid-25472943,25472943,PMC4320669,10.1158/2159-8290.CD-14-0856,PI3'-kinase inhibition forestalls the onset of MEK1/2 inhibitor resistance in BRAF-mutated melanoma.,pmc_xml,/Users/xingmeng/.openclaw/workspaces/staff-scientist-ideker/agent_LiteratureDueDiligence/runs/pi3k_alpha_inhibition_resistance_review_20260830/Phase1_PubmedCollection/passes/pass_001/artifacts/fulltext_import/PMC_XML/normalized/PMC4320669.json,drop,Readable full text is dominated by run-specific exclusion or deferred-context signals.,low,low,incidental,medium
pmid-25409150,25409150,PMC4326538,10.1038/nature13948,Convergent loss of PTEN leads to clinical resistance to a PI(3)Kα inhibitor.,pmc_xml,/Users/xingmeng/.openclaw/workspaces/staff-scientist-ideker/agent_LiteratureDueDiligence/runs/pi3k_alpha_inhibition_resistance_review_20260830/Phase1_PubmedCollection/passes/pass_001/artifacts/fulltext_import/PMC_XML/normalized/PMC4326538.json,drop,Readable full text is dominated by run-specific exclusion or deferred-context signals.,low,low,incidental,medium
pmid-25242168,25242168,PMC4323738,10.1002/ijc.29225,"Potent antitumor activity of cabozantinib, a c-MET and VEGFR2 inhibitor, in a colorectal cancer patient-derived tumor explant model.",pmc_xml,/Users/xingmeng/.openclaw/workspaces/staff-scientist-ideker/agent_LiteratureDueDiligence/runs/pi3k_alpha_inhibition_resistance_review_20260830/Phase1_PubmedCollection/passes/pass_001/artifacts/fulltext_import/PMC_XML/normalized/PMC4323738.json,drop,Readable full text is dominated by run-specific exclusion or deferred-context signals.,low,low,incidental,medium
pmid-25444464,25444464,PMC5489410,10.1016/j.clcc.2014.09.001,"Ganetespib, a novel Hsp90 inhibitor in patients with KRAS mutated and wild type, refractory metastatic colorectal cancer.",pmc_xml,/Users/xingmeng/.openclaw/workspaces/staff-scientist-ideker/agent_LiteratureDueDiligence/runs/pi3k_alpha_inhibition_resistance_review_20260830/Phase1_PubmedCollection/passes/pass_001/artifacts/fulltext_import/PMC_XML/normalized/PMC5489410.json,drop,Readable full text is dominated by run-specific exclusion or deferred-context signals.,low,low,incidental,medium
pmid-25349966,25349966,PMC4260039,10.1038/bjc.2014.534,Mutant PIK3CA controls DUSP1-dependent ERK 1/2 activity to confer response to AKT target therapy.,pmc_xml,/Users/xingmeng/.openclaw/workspaces/staff-scientist-ideker/agent_LiteratureDueDiligence/runs/pi3k_alpha_inhibition_resistance_review_20260830/Phase1_PubmedCollection/passes/pass_001/artifacts/fulltext_import/PMC_XML/normalized/PMC4260039.json,drop,Readable full text is dominated by run-specific exclusion or deferred-context signals.,low,low,incidental,medium
pmid-25277176,25277176,PMC4202123,10.18632/oncotarget.2439,The structural basis for cancer treatment decisions.,pmc_xml,/Users/xingmeng/.openclaw/workspaces/staff-scientist-ideker/agent_LiteratureDueDiligence/runs/pi3k_alpha_inhibition_resistance_review_20260830/Phase1_PubmedCollection/passes/pass_001/artifacts/fulltext_import/PMC_XML/normalized/PMC4202123.json,drop,Readable full text is dominated by run-specific exclusion or deferred-context signals.,low,low,incidental,medium
pmid-25137394,25137394,PMC4138105,10.1371/journal.pone.0104902,KRAS genotypic changes of circulating tumor cells during treatment of patients with metastatic colorectal cancer.,pmc_xml,/Users/xingmeng/.openclaw/workspaces/staff-scientist-ideker/agent_LiteratureDueDiligence/runs/pi3k_alpha_inhibition_resistance_review_20260830/Phase1_PubmedCollection/passes/pass_001/artifacts/fulltext_import/PMC_XML/normalized/PMC4138105.json,drop,Readable full text is dominated by run-specific exclusion or deferred-context signals.,low,low,incidental,medium
pmid-25119929,25119929,PMC4131855,10.1371/journal.pone.0093676,Novel secondary somatic mutations in Ewing's sarcoma and desmoplastic small round cell tumors.,pmc_xml,/Users/xingmeng/.openclaw/workspaces/staff-scientist-ideker/agent_LiteratureDueDiligence/runs/pi3k_alpha_inhibition_resistance_review_20260830/Phase1_PubmedCollection/passes/pass_001/artifacts/fulltext_import/PMC_XML/normalized/PMC4131855.json,drop,Readable full text is dominated by run-specific exclusion or deferred-context signals.,low,low,incidental,medium
pmid-25056500,25056500,PMC4187249,10.1186/s13058-014-0405-y,Association of phosphatase and tensin homolog low and phosphatidylinositol 3-kinase catalytic subunit alpha gene mutations on outcome in human epidermal growth factor receptor 2-positive metastatic breast cancer patients treated with first-line lapatinib plus paclitaxel or paclitaxel alone.,pmc_xml,/Users/xingmeng/.openclaw/workspaces/staff-scientist-ideker/agent_LiteratureDueDiligence/runs/pi3k_alpha_inhibition_resistance_review_20260830/Phase1_PubmedCollection/passes/pass_001/artifacts/fulltext_import/PMC_XML/normalized/PMC4187249.json,drop,Readable full text is dominated by run-specific exclusion or deferred-context signals.,low,low,incidental,medium
pmid-25051360,25051360,PMC4148087,10.18632/oncotarget.2209,Deregulation of the EGFR/PI3K/PTEN/Akt/mTORC1 pathway in breast cancer: possibilities for therapeutic intervention.,pmc_xml,/Users/xingmeng/.openclaw/workspaces/staff-scientist-ideker/agent_LiteratureDueDiligence/runs/pi3k_alpha_inhibition_resistance_review_20260830/Phase1_PubmedCollection/passes/pass_001/artifacts/fulltext_import/PMC_XML/normalized/PMC4148087.json,keep,"A title, sentence, or local section-level window connects primary run entities, declared mechanism/evidence terms, and required outcome terms.",high,high,central,high
pmid-25002028,25002028,PMC4155598,10.1016/j.ccr.2014.05.020,CDK 4/6 inhibitors sensitize PIK3CA mutant breast cancer to PI3K inhibitors.,pmc_xml,/Users/xingmeng/.openclaw/workspaces/staff-scientist-ideker/agent_LiteratureDueDiligence/runs/pi3k_alpha_inhibition_resistance_review_20260830/Phase1_PubmedCollection/passes/pass_001/artifacts/fulltext_import/PMC_XML/normalized/PMC4155598.json,keep,"A title, sentence, or local section-level window connects primary run entities, declared mechanism/evidence terms, and required outcome terms.",high,high,central,high
pmid-24714777,24714777,PMC4070445,10.1158/1078-0432.CCR-13-3052,Targetable signaling pathway mutations are associated with malignant phenotype in IDH-mutant gliomas.,pmc_xml,/Users/xingmeng/.openclaw/workspaces/staff-scientist-ideker/agent_LiteratureDueDiligence/runs/pi3k_alpha_inhibition_resistance_review_20260830/Phase1_PubmedCollection/passes/pass_001/artifacts/fulltext_import/PMC_XML/normalized/PMC4070445.json,drop,Readable full text is dominated by run-specific exclusion or deferred-context signals.,low,low,incidental,medium
pmid-24676216,24676216,PMC3967949,10.1371/journal.pgen.1004271,Changes in colorectal carcinoma genomes under anti-EGFR therapy identified by whole-genome plasma DNA sequencing.,pmc_xml,/Users/xingmeng/.openclaw/workspaces/staff-scientist-ideker/agent_LiteratureDueDiligence/runs/pi3k_alpha_inhibition_resistance_review_20260830/Phase1_PubmedCollection/passes/pass_001/artifacts/fulltext_import/PMC_XML/normalized/PMC3967949.json,drop,Readable full text is dominated by run-specific exclusion or deferred-context signals.,low,low,incidental,medium
pmid-24520381,24520381,PMC3919784,10.1371/journal.pone.0088401,Targeted biomarker profiling of matched primary and metastatic estrogen receptor positive breast cancers.,pmc_xml,/Users/xingmeng/.openclaw/workspaces/staff-scientist-ideker/agent_LiteratureDueDiligence/runs/pi3k_alpha_inhibition_resistance_review_20260830/Phase1_PubmedCollection/passes/pass_001/artifacts/fulltext_import/PMC_XML/normalized/PMC3919784.json,drop,Readable full text is dominated by run-specific exclusion or deferred-context signals.,low,low,incidental,medium
pmid-24467828,24467828,PMC3978618,10.1186/bcr3606,"PIK3CA mutations, phosphatase and tensin homolog, human epidermal growth factor receptor 2, and insulin-like growth factor 1 receptor and adjuvant tamoxifen resistance in postmenopausal breast cancer patients.",pmc_xml,/Users/xingmeng/.openclaw/workspaces/staff-scientist-ideker/agent_LiteratureDueDiligence/runs/pi3k_alpha_inhibition_resistance_review_20260830/Phase1_PubmedCollection/passes/pass_001/artifacts/fulltext_import/PMC_XML/normalized/PMC3978618.json,drop,Readable full text is dominated by run-specific exclusion or deferred-context signals.,low,low,incidental,medium
pmid-24451154,24451154,PMC3978602,10.1186/bcr3601,Direct inhibition of PI3K in combination with dual HER2 inhibitors is required for optimal antitumor activity in HER2+ breast cancer cells.,pmc_xml,/Users/xingmeng/.openclaw/workspaces/staff-scientist-ideker/agent_LiteratureDueDiligence/runs/pi3k_alpha_inhibition_resistance_review_20260830/Phase1_PubmedCollection/passes/pass_001/artifacts/fulltext_import/PMC_XML/normalized/PMC3978602.json,keep,"A title, sentence, or local section-level window connects primary run entities, declared mechanism/evidence terms, and required outcome terms.",high,high,central,high
pmid-25126449,25126449,PMC4130654,10.4172/2157-2518.S5-003,The determinants of head and neck cancer: Unmasking the PI3K pathway mutations.,pmc_xml,/Users/xingmeng/.openclaw/workspaces/staff-scientist-ideker/agent_LiteratureDueDiligence/runs/pi3k_alpha_inhibition_resistance_review_20260830/Phase1_PubmedCollection/passes/pass_001/artifacts/fulltext_import/PMC_XML/normalized/PMC4130654.json,drop,Readable full text is dominated by run-specific exclusion or deferred-context signals.,low,low,incidental,medium
pmid-24369725,24369725,PMC3877961,10.1186/1471-2407-13-606,Mechanisms of acquired resistance to EGFR-tyrosine kinase inhibitor in Korean patients with lung cancer.,pmc_xml,/Users/xingmeng/.openclaw/workspaces/staff-scientist-ideker/agent_LiteratureDueDiligence/runs/pi3k_alpha_inhibition_resistance_review_20260830/Phase1_PubmedCollection/passes/pass_001/artifacts/fulltext_import/PMC_XML/normalized/PMC3877961.json,keep,"A title, sentence, or local section-level window connects primary run entities, declared mechanism/evidence terms, and required outcome terms.",high,high,central,high
pmid-24366379,24366379,PMC3940863,10.1038/oncsis.2013.46,Acquired PIK3CA amplification causes resistance to selective phosphoinositide 3-kinase inhibitors in breast cancer.,pmc_xml,/Users/xingmeng/.openclaw/workspaces/staff-scientist-ideker/agent_LiteratureDueDiligence/runs/pi3k_alpha_inhibition_resistance_review_20260830/Phase1_PubmedCollection/passes/pass_001/artifacts/fulltext_import/PMC_XML/normalized/PMC3940863.json,keep,"A title, sentence, or local section-level window connects primary run entities, declared mechanism/evidence terms, and required outcome terms.",high,high,central,high
pmid-23708519,23708519,PMC3735710,10.4161/cc.25016,Caloric restriction augments radiation efficacy in breast cancer.,pmc_xml,/Users/xingmeng/.openclaw/workspaces/staff-scientist-ideker/agent_LiteratureDueDiligence/runs/pi3k_alpha_inhibition_resistance_review_20260830/Phase1_PubmedCollection/passes/pass_001/artifacts/fulltext_import/PMC_XML/normalized/PMC3735710.json,drop,Readable full text is dominated by run-specific exclusion or deferred-context signals.,low,low,incidental,medium
pmid-23619167,23619167,PMC3710532,10.1158/2159-8290.CD-13-0103,Frequent mutation of the PI3K pathway in head and neck cancer defines predictive biomarkers.,pmc_xml,/Users/xingmeng/.openclaw/workspaces/staff-scientist-ideker/agent_LiteratureDueDiligence/runs/pi3k_alpha_inhibition_resistance_review_20260830/Phase1_PubmedCollection/passes/pass_001/artifacts/fulltext_import/PMC_XML/normalized/PMC3710532.json,drop,Readable full text is dominated by run-specific exclusion or deferred-context signals.,low,low,incidental,medium
pmid-23470965,23470965,PMC3630270,10.1158/1078-0432.CCR-12-2246,Analysis of tumor specimens at the time of acquired resistance to EGFR-TKI therapy in 155 patients with EGFR-mutant lung cancers.,pmc_xml,/Users/xingmeng/.openclaw/workspaces/staff-scientist-ideker/agent_LiteratureDueDiligence/runs/pi3k_alpha_inhibition_resistance_review_20260830/Phase1_PubmedCollection/passes/pass_001/artifacts/fulltext_import/PMC_XML/normalized/PMC3630270.json,keep,"A title, sentence, or local section-level window connects primary run entities, declared mechanism/evidence terms, and required outcome terms.",high,high,central,high
pmid-23470635,23470635,PMC3712576,10.18632/oncotarget.864,BRAF mutant gastrointestinal stromal tumor: first report of regression with BRAF inhibitor dabrafenib (GSK2118436) and whole exomic sequencing for analysis of acquired resistance.,pmc_xml,/Users/xingmeng/.openclaw/workspaces/staff-scientist-ideker/agent_LiteratureDueDiligence/runs/pi3k_alpha_inhibition_resistance_review_20260830/Phase1_PubmedCollection/passes/pass_001/artifacts/fulltext_import/PMC_XML/normalized/PMC3712576.json,keep,"A title, sentence, or local section-level window connects primary run entities, declared mechanism/evidence terms, and required outcome terms.",high,high,central,high
pmid-23384718,23384718,PMC3805493,10.1016/j.oraloncology.2012.12.016,"A phase II study of temsirolimus and erlotinib in patients with recurrent and/or metastatic, platinum-refractory head and neck squamous cell carcinoma.",pmc_xml,/Users/xingmeng/.openclaw/workspaces/staff-scientist-ideker/agent_LiteratureDueDiligence/runs/pi3k_alpha_inhibition_resistance_review_20260830/Phase1_PubmedCollection/passes/pass_001/artifacts/fulltext_import/PMC_XML/normalized/PMC3805493.json,drop,Readable full text is dominated by run-specific exclusion or deferred-context signals.,low,low,incidental,medium
pmid-23251002,23251002,PMC3563727,10.1158/1078-0432.CCR-11-1446,Resistance to BRAF inhibition in BRAF-mutant colon cancer can be overcome with PI3K inhibition or demethylating agents.,pmc_xml,/Users/xingmeng/.openclaw/workspaces/staff-scientist-ideker/agent_LiteratureDueDiligence/runs/pi3k_alpha_inhibition_resistance_review_20260830/Phase1_PubmedCollection/passes/pass_001/artifacts/fulltext_import/PMC_XML/normalized/PMC3563727.json,drop,Readable full text is dominated by run-specific exclusion or deferred-context signals.,low,low,incidental,medium
pmid-23092874,23092874,PMC3525734,10.1158/1078-0432.CCR-12-1785,Frequent mutational activation of the PI3K-AKT pathway in trastuzumab-resistant breast cancer.,pmc_xml,/Users/xingmeng/.openclaw/workspaces/staff-scientist-ideker/agent_LiteratureDueDiligence/runs/pi3k_alpha_inhibition_resistance_review_20260830/Phase1_PubmedCollection/passes/pass_001/artifacts/fulltext_import/PMC_XML/normalized/PMC3525734.json,keep,"A title, sentence, or local section-level window connects primary run entities, declared mechanism/evidence terms, and required outcome terms.",high,high,central,high
pmid-22932669,22932669,PMC3772348,10.1158/1078-0432.CCR-12-1141,Biomarkers of response to Akt inhibitor MK-2206 in breast cancer.,pmc_xml,/Users/xingmeng/.openclaw/workspaces/staff-scientist-ideker/agent_LiteratureDueDiligence/runs/pi3k_alpha_inhibition_resistance_review_20260830/Phase1_PubmedCollection/passes/pass_001/artifacts/fulltext_import/PMC_XML/normalized/PMC3772348.json,drop,Readable full text is dominated by run-specific exclusion or deferred-context signals.,low,low,incidental,medium
pmid-22640628,22640628,PMC3777497,10.5732/cjc.012.10032,The favorable impact of PIK3CA mutations on survival: an analysis of 2587 patients with breast cancer.,pmc_xml,/Users/xingmeng/.openclaw/workspaces/staff-scientist-ideker/agent_LiteratureDueDiligence/runs/pi3k_alpha_inhibition_resistance_review_20260830/Phase1_PubmedCollection/passes/pass_001/artifacts/fulltext_import/PMC_XML/normalized/PMC3777497.json,drop,Readable full text is dominated by run-specific exclusion or deferred-context signals.,low,low,incidental,medium
pmid-22487539,22487539,PMC3738300,10.1016/j.ygyno.2012.04.006,Perifosine plus docetaxel in patients with platinum and taxane resistant or refractory high-grade epithelial ovarian cancer.,pmc_xml,/Users/xingmeng/.openclaw/workspaces/staff-scientist-ideker/agent_LiteratureDueDiligence/runs/pi3k_alpha_inhibition_resistance_review_20260830/Phase1_PubmedCollection/passes/pass_001/artifacts/fulltext_import/PMC_XML/normalized/PMC3738300.json,drop,Readable full text is dominated by run-specific exclusion or deferred-context signals.,low,low,incidental,medium
pmid-22245973,22245973,PMC3658119,10.1007/s10549-011-1910-7,Phase II trial of temsirolimus in patients with metastatic breast cancer.,pmc_xml,/Users/xingmeng/.openclaw/workspaces/staff-scientist-ideker/agent_LiteratureDueDiligence/runs/pi3k_alpha_inhibition_resistance_review_20260830/Phase1_PubmedCollection/passes/pass_001/artifacts/fulltext_import/PMC_XML/normalized/PMC3658119.json,drop,Readable full text is dominated by run-specific exclusion or deferred-context signals.,low,low,incidental,medium
pmid-21712828,21712828,PMC3142798,10.1038/bjc.2011.197,Pyrosequencing-based methods reveal marked inter-individual differences in oncogene mutation burden in human colorectal tumours.,pmc_xml,/Users/xingmeng/.openclaw/workspaces/staff-scientist-ideker/agent_LiteratureDueDiligence/runs/pi3k_alpha_inhibition_resistance_review_20260830/Phase1_PubmedCollection/passes/pass_001/artifacts/fulltext_import/PMC_XML/normalized/PMC3142798.json,drop,Readable full text is dominated by run-specific exclusion or deferred-context signals.,low,low,incidental,medium
pmid-21676217,21676217,PMC3141770,10.1186/1471-2407-11-248,PI3K pathway activation results in low efficacy of both trastuzumab and lapatinib.,pmc_xml,/Users/xingmeng/.openclaw/workspaces/staff-scientist-ideker/agent_LiteratureDueDiligence/runs/pi3k_alpha_inhibition_resistance_review_20260830/Phase1_PubmedCollection/passes/pass_001/artifacts/fulltext_import/PMC_XML/normalized/PMC3141770.json,keep,"A title, sentence, or local section-level window connects primary run entities, declared mechanism/evidence terms, and required outcome terms.",high,high,central,high
pmid-21527065,21527065,PMC4013397,10.5732/cjc.010.10507,"Lapatinib plus capecitabine in treating HER2-positive advanced breast cancer: efficacy, safety, and biomarker results from Chinese patients.",pmc_xml,/Users/xingmeng/.openclaw/workspaces/staff-scientist-ideker/agent_LiteratureDueDiligence/runs/pi3k_alpha_inhibition_resistance_review_20260830/Phase1_PubmedCollection/passes/pass_001/artifacts/fulltext_import/PMC_XML/normalized/PMC4013397.json,drop,Readable full text is dominated by run-specific exclusion or deferred-context signals.,low,low,incidental,medium
pmid-21439039,21439039,PMC3073939,10.1186/1471-2407-11-107,EGFR related mutational status and association to clinical outcome of third-line cetuximab-irinotecan in metastatic colorectal cancer.,pmc_xml,/Users/xingmeng/.openclaw/workspaces/staff-scientist-ideker/agent_LiteratureDueDiligence/runs/pi3k_alpha_inhibition_resistance_review_20260830/Phase1_PubmedCollection/passes/pass_001/artifacts/fulltext_import/PMC_XML/normalized/PMC3073939.json,drop,Readable full text is dominated by run-specific exclusion or deferred-context signals.,low,low,incidental,medium
pmid-21430269,21430269,PMC3132801,10.1126/scitranslmed.3002003,Genotypic and histological evolution of lung cancers acquiring resistance to EGFR inhibitors.,pmc_xml,/Users/xingmeng/.openclaw/workspaces/staff-scientist-ideker/agent_LiteratureDueDiligence/runs/pi3k_alpha_inhibition_resistance_review_20260830/Phase1_PubmedCollection/passes/pass_001/artifacts/fulltext_import/PMC_XML/normalized/PMC3132801.json,keep,"A title, sentence, or local section-level window connects primary run entities, declared mechanism/evidence terms, and required outcome terms.",high,high,central,high
pmid-21414654,21414654,PMC3100412,10.1016/j.ygyno.2011.02.013,"A Gynecologic Oncology Group phase II trial of the protein kinase C-beta inhibitor, enzastaurin and evaluation of markers with potential predictive and prognostic value in persistent or recurrent epithelial ovarian and primary peritoneal malignancies.",pmc_xml,/Users/xingmeng/.openclaw/workspaces/staff-scientist-ideker/agent_LiteratureDueDiligence/runs/pi3k_alpha_inhibition_resistance_review_20260830/Phase1_PubmedCollection/passes/pass_001/artifacts/fulltext_import/PMC_XML/normalized/PMC3100412.json,drop,Readable full text is dominated by run-specific exclusion or deferred-context signals.,low,low,incidental,medium
pmid-20699365,20699365,PMC3178450,10.1158/0008-5472.CAN-10-0409,PIK3CA mutation uncouples tumor growth and cyclin D1 regulation from MEK/ERK and mutant KRAS signaling.,pmc_xml,/Users/xingmeng/.openclaw/workspaces/staff-scientist-ideker/agent_LiteratureDueDiligence/runs/pi3k_alpha_inhibition_resistance_review_20260830/Phase1_PubmedCollection/passes/pass_001/artifacts/fulltext_import/PMC_XML/normalized/PMC3178450.json,drop,Readable full text is dominated by run-specific exclusion or deferred-context signals.,low,low,incidental,medium
pmid-20681032,20681032,PMC5120730,10.1002/cncr.25515,"A phase 2 study of the oral mammalian target of rapamycin inhibitor, everolimus, in patients with recurrent endometrial carcinoma.",pmc_xml,/Users/xingmeng/.openclaw/workspaces/staff-scientist-ideker/agent_LiteratureDueDiligence/runs/pi3k_alpha_inhibition_resistance_review_20260830/Phase1_PubmedCollection/passes/pass_001/artifacts/fulltext_import/PMC_XML/normalized/PMC5120730.json,drop,Readable full text is dominated by run-specific exclusion or deferred-context signals.,low,low,incidental,medium
pmid-19738166,19738166,PMC2758310,10.1093/jnci/djp280,Biomarkers predicting clinical outcome of epidermal growth factor receptor-targeted therapy in metastatic colorectal cancer.,pmc_xml,/Users/xingmeng/.openclaw/workspaces/staff-scientist-ideker/agent_LiteratureDueDiligence/runs/pi3k_alpha_inhibition_resistance_review_20260830/Phase1_PubmedCollection/passes/pass_001/artifacts/fulltext_import/PMC_XML/normalized/PMC2758310.json,drop,Readable full text is dominated by run-specific exclusion or deferred-context signals.,low,low,incidental,medium
pmid-19010894,19010894,PMC2587064,10.1158/0008-5472.CAN-08-1740,Phosphatidylinositol 3-kinase hyperactivation results in lapatinib resistance that is reversed by the mTOR/phosphatidylinositol 3-kinase inhibitor NVP-BEZ235.,pmc_xml,/Users/xingmeng/.openclaw/workspaces/staff-scientist-ideker/agent_LiteratureDueDiligence/runs/pi3k_alpha_inhibition_resistance_review_20260830/Phase1_PubmedCollection/passes/pass_001/artifacts/fulltext_import/PMC_XML/normalized/PMC2587064.json,drop,Readable full text is dominated by run-specific exclusion or deferred-context signals.,low,low,incidental,medium
