paper_id,pmid,pmcid,doi,title,year,final_decision,final_rationale,selection_basis,fulltext_access_status,normalized_source_type,normalized_path,review_confidence
pmid-42539190,42539190,PMC13419777,10.64898/2026.07.21.739879,The HIV-1 restriction factor RPRD2 does not inhibit transcription of HIV-1 or endogenous retroelements.,2026,selected_for_reading,"Full text centers a primary virus and provides assay-supported host interaction, host factor, or pathway mechanism evidence.",fulltext_review,readable,pmc_xml,/Users/xingmeng/.openclaw/workspaces/staff-scientist-ideker/agenticWorkflow_LiteratureScreeningAndFullTextReview/runs/host_pathogen_shared_mechanisms_apms_20260826/passes/pass_002/artifacts/fulltext_import/PMC_XML/normalized/PMC13419777.json,high
pmid-42515605,42515605,PMC13431474,10.3390/v18070753,MicroRNAs Regulated by Pregnancy Target Antiviral and Cancer Immunity Overlapping with the HIV Interactome.,2026,selected_for_reading,"Full text centers a primary virus and provides assay-supported host interaction, host factor, or pathway mechanism evidence.",fulltext_review,readable,pmc_xml,/Users/xingmeng/.openclaw/workspaces/staff-scientist-ideker/agenticWorkflow_LiteratureScreeningAndFullTextReview/runs/host_pathogen_shared_mechanisms_apms_20260826/passes/pass_002/artifacts/fulltext_import/PMC_XML/normalized/PMC13431474.json,high
pmid-42507754,42507754,PMC13405069,10.1371/journal.ppat.1014400,VRK3 promotes KSHV infection by suppressing the antiviral type I interferon response.,2026,selected_for_reading,"Full text centers a primary virus and provides assay-supported host interaction, host factor, or pathway mechanism evidence.",fulltext_review,readable,pmc_xml,/Users/xingmeng/.openclaw/workspaces/staff-scientist-ideker/agenticWorkflow_LiteratureScreeningAndFullTextReview/runs/host_pathogen_shared_mechanisms_apms_20260826/passes/pass_002/artifacts/fulltext_import/PMC_XML/normalized/PMC13405069.json,high
pmid-42418426,42418426,PMC13345423,10.1371/journal.ppat.1014376,Independent proviral and antiviral host factors recognize the same capsid protein in divergent human herpesviruses.,2026,selected_for_reading,"Full text contains useful host-pathogen assay or pathway evidence, but the primary-virus mechanism is less central than in direct papers.",fulltext_review,readable,pmc_xml,/Users/xingmeng/.openclaw/workspaces/staff-scientist-ideker/agenticWorkflow_LiteratureScreeningAndFullTextReview/runs/host_pathogen_shared_mechanisms_apms_20260826/passes/pass_002/artifacts/fulltext_import/PMC_XML/normalized/PMC13345423.json,medium
pmid-42391313,42391313,PMC13345468,10.1371/journal.ppat.1014415,"RNF31 restricts EV-A71 replication through innate immune activation and VP4 degradation, and is antagonized by viral 3C proteases.",2026,selected_for_reading,"Full text contains useful host-pathogen assay or pathway evidence, but the primary-virus mechanism is less central than in direct papers.",fulltext_review,readable,pmc_xml,/Users/xingmeng/.openclaw/workspaces/staff-scientist-ideker/agenticWorkflow_LiteratureScreeningAndFullTextReview/runs/host_pathogen_shared_mechanisms_apms_20260826/passes/pass_002/artifacts/fulltext_import/PMC_XML/normalized/PMC13345468.json,medium
pmid-42391287,42391287,PMC13334546,10.1099/jgv.0.002288,"GRHAL1, a novel lncRNA, regulates HIV-1 gene expression by modulating Tat- and Sp1-mediated HIV-1 LTR activation.",2026,selected_for_reading,Full text links a primary virus to a host factor or host pathway mechanism.,fulltext_review,readable,pmc_xml,/Users/xingmeng/.openclaw/workspaces/staff-scientist-ideker/agenticWorkflow_LiteratureScreeningAndFullTextReview/runs/host_pathogen_shared_mechanisms_apms_20260826/passes/pass_002/artifacts/fulltext_import/PMC_XML/normalized/PMC13334546.json,medium
pmid-42312836,42312836,PMC13386948,10.1128/jvi.00638-26,Palmitoylation of CLDN12 regulated by ZDHHC7 and APT1/2 promotes hepatitis C virus entry.,2026,selected_for_reading,Full text links a primary virus to a host factor or host pathway mechanism.,fulltext_review,readable,pmc_xml,/Users/xingmeng/.openclaw/workspaces/staff-scientist-ideker/agenticWorkflow_LiteratureScreeningAndFullTextReview/runs/host_pathogen_shared_mechanisms_apms_20260826/passes/pass_002/artifacts/fulltext_import/PMC_XML/normalized/PMC13386948.json,medium
pmid-42287495,42287495,PMC13264558,10.1007/s00705-026-06669-3,The role of DPP4 in viral infections: from receptor biology to antiviral target.,2026,selected_for_reading,"Full text contains useful host-pathogen assay or pathway evidence, but the primary-virus mechanism is less central than in direct papers.",fulltext_review,readable,pmc_xml,/Users/xingmeng/.openclaw/workspaces/staff-scientist-ideker/agenticWorkflow_LiteratureScreeningAndFullTextReview/runs/host_pathogen_shared_mechanisms_apms_20260826/passes/pass_002/artifacts/fulltext_import/PMC_XML/normalized/PMC13264558.json,medium
pmid-42253925,42253925,PMC13240522,10.1002/mco2.70785,Human Coronavirus 229E Uses ORF4/4a to Antagonize the Host Restriction Factor SERINC5.,2026,selected_for_reading,"Full text has plausible host pathway or host-factor mechanism context for a primary virus, but evidence is not strongly assay-centered.",fulltext_review,readable,pmc_xml,/Users/xingmeng/.openclaw/workspaces/staff-scientist-ideker/agenticWorkflow_LiteratureScreeningAndFullTextReview/runs/host_pathogen_shared_mechanisms_apms_20260826/passes/pass_002/artifacts/fulltext_import/PMC_XML/normalized/PMC13240522.json,low
pmid-42231789,42231789,PMC13336449,10.1002/advs.202521781,UCHL3 Regulates Subgenomic Flaviviral RNA Condensates to Promote Virus Propagation.,2026,selected_for_reading,"Full text contains useful host-pathogen assay or pathway evidence, but the primary-virus mechanism is less central than in direct papers.",fulltext_review,readable,pmc_xml,/Users/xingmeng/.openclaw/workspaces/staff-scientist-ideker/agenticWorkflow_LiteratureScreeningAndFullTextReview/runs/host_pathogen_shared_mechanisms_apms_20260826/passes/pass_002/artifacts/fulltext_import/PMC_XML/normalized/PMC13336449.json,medium
pmid-42231329,42231329,PMC13450505,10.1186/s12967-026-08348-y,CircRNA profiles of extracellular vesicle-enriched fractions from ART suppressed pregnant women living with HIV identifies interactome networks key to inflammation and viral latency.,2026,selected_for_reading,"Full text centers a primary virus and provides assay-supported host interaction, host factor, or pathway mechanism evidence.",fulltext_review,readable,pmc_xml,/Users/xingmeng/.openclaw/workspaces/staff-scientist-ideker/agenticWorkflow_LiteratureScreeningAndFullTextReview/runs/host_pathogen_shared_mechanisms_apms_20260826/passes/pass_002/artifacts/fulltext_import/PMC_XML/normalized/PMC13450505.json,high
pmid-42230819,42230819,PMC13470021,10.1038/s41598-026-53209-9,BST-2 inhibits SARS-CoV-2 egress at intracellular membranes and is neutralized by ORF7a.,2026,selected_for_reading,"Full text contains useful host-pathogen assay or pathway evidence, but the primary-virus mechanism is less central than in direct papers.",fulltext_review,readable,pmc_xml,/Users/xingmeng/.openclaw/workspaces/staff-scientist-ideker/agenticWorkflow_LiteratureScreeningAndFullTextReview/runs/host_pathogen_shared_mechanisms_apms_20260826/passes/pass_002/artifacts/fulltext_import/PMC_XML/normalized/PMC13470021.json,medium
pmid-42149692,42149692,PMC13182571,10.1093/bfgp/elag001,An integrative meta-analysis of SARS-CoV-2 RNA-protein interactomes identifies conserved host factors shared with other RNA viruses.,2026,selected_for_reading,"Full text contains useful host-pathogen assay or pathway evidence, but the primary-virus mechanism is less central than in direct papers.",fulltext_review,readable,pmc_xml,/Users/xingmeng/.openclaw/workspaces/staff-scientist-ideker/agenticWorkflow_LiteratureScreeningAndFullTextReview/runs/host_pathogen_shared_mechanisms_apms_20260826/passes/pass_002/artifacts/fulltext_import/PMC_XML/normalized/PMC13182571.json,medium
pmid-42148122,42148122,PMC13171569,10.3389/fimmu.2026.1682740,Transcriptomic and bioinformatics analysis reveals the host response feature and potential treatment strategy of patients with dengue fever.,2026,selected_for_reading,Full text links a primary virus to a host factor or host pathway mechanism.,fulltext_review,readable,pmc_xml,/Users/xingmeng/.openclaw/workspaces/staff-scientist-ideker/agenticWorkflow_LiteratureScreeningAndFullTextReview/runs/host_pathogen_shared_mechanisms_apms_20260826/passes/pass_002/artifacts/fulltext_import/PMC_XML/normalized/PMC13171569.json,medium
pmid-42146390,42146390,PMC13174526,10.64898/2026.05.07.723526,MX2 Mediates Collapse of the HIV-1 Capsid.,2026,selected_for_reading,Full text links a primary virus to a host factor or host pathway mechanism.,fulltext_review,readable,pmc_xml,/Users/xingmeng/.openclaw/workspaces/staff-scientist-ideker/agenticWorkflow_LiteratureScreeningAndFullTextReview/runs/host_pathogen_shared_mechanisms_apms_20260826/passes/pass_002/artifacts/fulltext_import/PMC_XML/normalized/PMC13174526.json,medium
pmid-42139316,42139316,PMC13215601,10.1371/journal.ppat.1014217,Characterization of the virus-host RNA-RNA interactome across important human pathogenic RNA viruses.,2026,selected_for_reading,"Full text contains useful host-pathogen assay or pathway evidence, but the primary-virus mechanism is less central than in direct papers.",fulltext_review,readable,pmc_xml,/Users/xingmeng/.openclaw/workspaces/staff-scientist-ideker/agenticWorkflow_LiteratureScreeningAndFullTextReview/runs/host_pathogen_shared_mechanisms_apms_20260826/passes/pass_002/artifacts/fulltext_import/PMC_XML/normalized/PMC13215601.json,medium
pmid-42095660,42095660,PMC13288819,10.1128/jvi.00314-26,Replication-competent SIVcpz CRISPR screen identifies barriers to successful cross-species transmission.,2026,selected_for_reading,"Full text contains useful host-pathogen assay or pathway evidence, but the primary-virus mechanism is less central than in direct papers.",fulltext_review,readable,pmc_xml,/Users/xingmeng/.openclaw/workspaces/staff-scientist-ideker/agenticWorkflow_LiteratureScreeningAndFullTextReview/runs/host_pathogen_shared_mechanisms_apms_20260826/passes/pass_002/artifacts/fulltext_import/PMC_XML/normalized/PMC13288819.json,medium
pmid-42094387,42094387,PMC13142392,10.64898/2026.04.26.720894,Bloom syndrome helicase is required for efficient HIV-1 reverse transcription in macrophages.,2026,selected_for_reading,"Full text centers a primary virus and provides assay-supported host interaction, host factor, or pathway mechanism evidence.",fulltext_review,readable,pmc_xml,/Users/xingmeng/.openclaw/workspaces/staff-scientist-ideker/agenticWorkflow_LiteratureScreeningAndFullTextReview/runs/host_pathogen_shared_mechanisms_apms_20260826/passes/pass_002/artifacts/fulltext_import/PMC_XML/normalized/PMC13142392.json,high
pmid-41955099,41955099,PMC13124994,10.1016/j.celrep.2026.117090,Incorporation of genome-bound cellular proteins into HIV-1 particles regulates viral infection.,2026,selected_for_reading,"Full text centers a primary virus and provides assay-supported host interaction, host factor, or pathway mechanism evidence.",fulltext_review,readable,pmc_xml,/Users/xingmeng/.openclaw/workspaces/staff-scientist-ideker/agenticWorkflow_LiteratureScreeningAndFullTextReview/runs/host_pathogen_shared_mechanisms_apms_20260826/passes/pass_002/artifacts/fulltext_import/PMC_XML/normalized/PMC13124994.json,high
pmid-41953939,41953939,PMC13054541,10.64898/2026.04.01.715898,FAM134B isoform 2/RETREG1-2 defines a calnexin-TOLLIP-coupled ER-phagy pathway that restricts Ebola virus glycoprotein and is antagonized by VP40 through macro-autophagy.,2026,selected_for_reading,"Full text centers a primary virus and provides assay-supported host interaction, host factor, or pathway mechanism evidence.",fulltext_review,readable,pmc_xml,/Users/xingmeng/.openclaw/workspaces/staff-scientist-ideker/agenticWorkflow_LiteratureScreeningAndFullTextReview/runs/host_pathogen_shared_mechanisms_apms_20260826/passes/pass_002/artifacts/fulltext_import/PMC_XML/normalized/PMC13054541.json,high
pmid-41938780,41938780,PMC13047328,10.3934/microbiol.2026004,Host restriction factors and p17-Driven inflammaging in HIV-1: From molecular pathogenesis to functional cure.,2026,selected_for_reading,"Full text centers a primary virus and provides assay-supported host interaction, host factor, or pathway mechanism evidence.",fulltext_review,readable,pmc_xml,/Users/xingmeng/.openclaw/workspaces/staff-scientist-ideker/agenticWorkflow_LiteratureScreeningAndFullTextReview/runs/host_pathogen_shared_mechanisms_apms_20260826/passes/pass_002/artifacts/fulltext_import/PMC_XML/normalized/PMC13047328.json,high
pmid-41931620,41931620,PMC13048264,10.1126/sciadv.aeb8863,Phospholipid-driven conformational switching of HCV NS5A links protein folding to replication membrane remodeling.,2026,selected_for_reading,Full text links a primary virus to a host factor or host pathway mechanism.,fulltext_review,readable,pmc_xml,/Users/xingmeng/.openclaw/workspaces/staff-scientist-ideker/agenticWorkflow_LiteratureScreeningAndFullTextReview/runs/host_pathogen_shared_mechanisms_apms_20260826/passes/pass_002/artifacts/fulltext_import/PMC_XML/normalized/PMC13048264.json,medium
pmid-41931390,41931390,PMC13222652,10.1016/j.celrep.2026.117160,Host microRNA-31-5p regulates KHDRBS3 expression and modulates viral gene expression during KSHV lytic reactivation.,2026,selected_for_reading,Full text links a primary virus to a host factor or host pathway mechanism.,fulltext_review,readable,pmc_xml,/Users/xingmeng/.openclaw/workspaces/staff-scientist-ideker/agenticWorkflow_LiteratureScreeningAndFullTextReview/runs/host_pathogen_shared_mechanisms_apms_20260826/passes/pass_002/artifacts/fulltext_import/PMC_XML/normalized/PMC13222652.json,medium
pmid-41891723,41891723,PMC13098217,10.1128/jvi.00179-26,Galectin-9 is a restrictor of infection with multiple enteroviruses.,2026,selected_for_reading,"Full text contains useful host-pathogen assay or pathway evidence, but the primary-virus mechanism is less central than in direct papers.",fulltext_review,readable,pmc_xml,/Users/xingmeng/.openclaw/workspaces/staff-scientist-ideker/agenticWorkflow_LiteratureScreeningAndFullTextReview/runs/host_pathogen_shared_mechanisms_apms_20260826/passes/pass_002/artifacts/fulltext_import/PMC_XML/normalized/PMC13098217.json,medium
pmid-41805193,41805193,PMC13098232,10.1128/jvi.01793-25,Repression of EEF1D by KSHV RTA promotes viral lytic reactivation.,2026,selected_for_reading,"Full text centers a primary virus and provides assay-supported host interaction, host factor, or pathway mechanism evidence.",fulltext_review,readable,pmc_xml,/Users/xingmeng/.openclaw/workspaces/staff-scientist-ideker/agenticWorkflow_LiteratureScreeningAndFullTextReview/runs/host_pathogen_shared_mechanisms_apms_20260826/passes/pass_002/artifacts/fulltext_import/PMC_XML/normalized/PMC13098232.json,high
pmid-41772600,41772600,PMC13154899,10.1186/s12964-026-02762-x,TARDBP as a regulator of HIV-1 assembly and infection: a review of targeting the viral capsid precursor Pr55Gag and limiting viral core entry.,2026,selected_for_reading,Full text links a primary virus to a host factor or host pathway mechanism.,fulltext_review,readable,pmc_xml,/Users/xingmeng/.openclaw/workspaces/staff-scientist-ideker/agenticWorkflow_LiteratureScreeningAndFullTextReview/runs/host_pathogen_shared_mechanisms_apms_20260826/passes/pass_002/artifacts/fulltext_import/PMC_XML/normalized/PMC13154899.json,medium
pmid-41717286,41717286,PMC12914541,10.1016/j.omtn.2026.102844,microRNA-422a promotes HIV replication and innate immune evasion by targeting MECP2.,2026,selected_for_reading,Full text links a primary virus to a host factor or host pathway mechanism.,fulltext_review,readable,pmc_xml,/Users/xingmeng/.openclaw/workspaces/staff-scientist-ideker/agenticWorkflow_LiteratureScreeningAndFullTextReview/runs/host_pathogen_shared_mechanisms_apms_20260826/passes/pass_002/artifacts/fulltext_import/PMC_XML/normalized/PMC12914541.json,medium
pmid-41617468,41617468,PMC13085917,10.1261/rna.080931.125,RK-33 inhibits the OC43 coronavirus and induces stress granules via DDX3X-independent mechanisms.,2026,selected_for_reading,"Full text contains useful host-pathogen assay or pathway evidence, but the primary-virus mechanism is less central than in direct papers.",fulltext_review,readable,pmc_xml,/Users/xingmeng/.openclaw/workspaces/staff-scientist-ideker/agenticWorkflow_LiteratureScreeningAndFullTextReview/runs/host_pathogen_shared_mechanisms_apms_20260826/passes/pass_002/artifacts/fulltext_import/PMC_XML/normalized/PMC13085917.json,medium
pmid-41565204,41565204,PMC12927048,10.1016/j.mcpro.2026.101512,Multiomics Analysis of Arboviral Capsid Targets in Mosquitoes Reveals a Proviral Function of the Chromatin-Remodeling Brahma Complex.,2026,selected_for_reading,"Full text contains useful host-pathogen assay or pathway evidence, but the primary-virus mechanism is less central than in direct papers.",fulltext_review,readable,pmc_xml,/Users/xingmeng/.openclaw/workspaces/staff-scientist-ideker/agenticWorkflow_LiteratureScreeningAndFullTextReview/runs/host_pathogen_shared_mechanisms_apms_20260826/passes/pass_002/artifacts/fulltext_import/PMC_XML/normalized/PMC12927048.json,medium
pmid-41420694,41420694,PMC12881183,10.1007/s11262-025-02210-x,The role of homologous recombination in human retrovirus-associated diseases.,2026,selected_for_reading,"Full text contains useful host-pathogen assay or pathway evidence, but the primary-virus mechanism is less central than in direct papers.",fulltext_review,readable,pmc_xml,/Users/xingmeng/.openclaw/workspaces/staff-scientist-ideker/agenticWorkflow_LiteratureScreeningAndFullTextReview/runs/host_pathogen_shared_mechanisms_apms_20260826/passes/pass_002/artifacts/fulltext_import/PMC_XML/normalized/PMC12881183.json,medium
pmid-40466758,40466758,PMC12957789,10.1016/j.jare.2025.05.053,Voxtalisib inhibits enterovirus 71 replication by downregulating host RAN and restoring IFN-STAT signaling.,2026,selected_for_reading,"Full text contains useful host-pathogen assay or pathway evidence, but the primary-virus mechanism is less central than in direct papers.",fulltext_review,readable,pmc_xml,/Users/xingmeng/.openclaw/workspaces/staff-scientist-ideker/agenticWorkflow_LiteratureScreeningAndFullTextReview/runs/host_pathogen_shared_mechanisms_apms_20260826/passes/pass_002/artifacts/fulltext_import/PMC_XML/normalized/PMC12957789.json,medium
pmid-41600775,41600775,PMC12846463,10.3390/v18010011,Arf GTPases Define BST-2-Independent Pathways for HIV-1 Assembly and Release.,2025,selected_for_reading,Full text links a primary virus to a host factor or host pathway mechanism.,fulltext_review,readable,pmc_xml,/Users/xingmeng/.openclaw/workspaces/staff-scientist-ideker/agenticWorkflow_LiteratureScreeningAndFullTextReview/runs/host_pathogen_shared_mechanisms_apms_20260826/passes/pass_002/artifacts/fulltext_import/PMC_XML/normalized/PMC12846463.json,medium
pmid-41414674,41414674,PMC12714564,10.1093/nar/gkaf1323,The human chromatin remodeling complex p400 restricts HIV-1 transcription in a Tat-dependent manner.,2025,selected_for_reading,"Full text centers a primary virus and provides assay-supported host interaction, host factor, or pathway mechanism evidence.",fulltext_review,readable,pmc_xml,/Users/xingmeng/.openclaw/workspaces/staff-scientist-ideker/agenticWorkflow_LiteratureScreeningAndFullTextReview/runs/host_pathogen_shared_mechanisms_apms_20260826/passes/pass_002/artifacts/fulltext_import/PMC_XML/normalized/PMC12714564.json,high
pmid-41404188,41404188,PMC12703047,10.1002/jex2.70102,Immune-Related Protein and Non-Coding RNA Cargo of Extracellular Vesicles Participate in the Chronic Inflammation Induced by HIV Infection.,2025,selected_for_reading,"Full text centers a primary virus and provides assay-supported host interaction, host factor, or pathway mechanism evidence.",fulltext_review,readable,pmc_xml,/Users/xingmeng/.openclaw/workspaces/staff-scientist-ideker/agenticWorkflow_LiteratureScreeningAndFullTextReview/runs/host_pathogen_shared_mechanisms_apms_20260826/passes/pass_002/artifacts/fulltext_import/PMC_XML/normalized/PMC12703047.json,high
pmid-41359666,41359666,PMC12698002,10.1371/journal.ppat.1013773,SAMD9L inhibits flavivirus translation independently of its capacity to trigger innate immune response.,2025,selected_for_reading,"Full text has plausible host pathway or host-factor mechanism context for a primary virus, but evidence is not strongly assay-centered.",fulltext_review,readable,pmc_xml,/Users/xingmeng/.openclaw/workspaces/staff-scientist-ideker/agenticWorkflow_LiteratureScreeningAndFullTextReview/runs/host_pathogen_shared_mechanisms_apms_20260826/passes/pass_002/artifacts/fulltext_import/PMC_XML/normalized/PMC12698002.json,low
pmid-41332748,41332748,PMC12668011,10.1101/2025.11.19.689067,Dengue Virus NS1 Binds Ephrin B1 to Trigger Endothelial Dysfunction.,2025,selected_for_reading,"Full text centers a primary virus and provides assay-supported host interaction, host factor, or pathway mechanism evidence.",fulltext_review,readable,pmc_xml,/Users/xingmeng/.openclaw/workspaces/staff-scientist-ideker/agenticWorkflow_LiteratureScreeningAndFullTextReview/runs/host_pathogen_shared_mechanisms_apms_20260826/passes/pass_002/artifacts/fulltext_import/PMC_XML/normalized/PMC12668011.json,high
pmid-41301405,41301405,PMC12650339,10.3390/biom15111487,Non-Vesicular Extracellular Particle (NVEP) Proteomes from Diverse Biological Sources Reveal Specific Marker Composition with Varying Enrichment Levels.,2025,selected_for_reading,"Full text contains useful host-pathogen assay or pathway evidence, but the primary-virus mechanism is less central than in direct papers.",fulltext_review,readable,pmc_xml,/Users/xingmeng/.openclaw/workspaces/staff-scientist-ideker/agenticWorkflow_LiteratureScreeningAndFullTextReview/runs/host_pathogen_shared_mechanisms_apms_20260826/passes/pass_002/artifacts/fulltext_import/PMC_XML/normalized/PMC12650339.json,medium
pmid-41292925,41292925,PMC12642633,10.1101/2025.11.13.688349,"Mechanism of Phosphatidylserine Lipid Scrambling by Human SERINC3, an HIV-1 Restriction Factor.",2025,selected_for_reading,Full text links a primary virus to a host factor or host pathway mechanism.,fulltext_review,readable,pmc_xml,/Users/xingmeng/.openclaw/workspaces/staff-scientist-ideker/agenticWorkflow_LiteratureScreeningAndFullTextReview/runs/host_pathogen_shared_mechanisms_apms_20260826/passes/pass_002/artifacts/fulltext_import/PMC_XML/normalized/PMC12642633.json,medium
pmid-41283654,41283654,PMC12724348,10.1128/jvi.01663-25,HIV-2 glycoproteins upregulate microRNAs 25 and 93 to counter the MARCH1 antiviral effect in macrophages.,2025,selected_for_reading,Full text links a primary virus to a host factor or host pathway mechanism.,fulltext_review,readable,pmc_xml,/Users/xingmeng/.openclaw/workspaces/staff-scientist-ideker/agenticWorkflow_LiteratureScreeningAndFullTextReview/runs/host_pathogen_shared_mechanisms_apms_20260826/passes/pass_002/artifacts/fulltext_import/PMC_XML/normalized/PMC12724348.json,medium
pmid-41252368,41252368,PMC12626292,10.1371/journal.ppat.1013685,Disrupted glycosylphosphatidylinositol anchoring induces ER stress and restricts enterovirus infection.,2025,selected_for_reading,"Full text contains useful host-pathogen assay or pathway evidence, but the primary-virus mechanism is less central than in direct papers.",fulltext_review,readable,pmc_xml,/Users/xingmeng/.openclaw/workspaces/staff-scientist-ideker/agenticWorkflow_LiteratureScreeningAndFullTextReview/runs/host_pathogen_shared_mechanisms_apms_20260826/passes/pass_002/artifacts/fulltext_import/PMC_XML/normalized/PMC12626292.json,medium
pmid-41196352,41196352,PMC12626010,10.1073/pnas.2511502122,HIV-1 Vif and Vpr cooperatively modulate the cell cycle to maximize per-cell virion production.,2025,selected_for_reading,Full text links a primary virus to a host factor or host pathway mechanism.,fulltext_review,readable,pmc_xml,/Users/xingmeng/.openclaw/workspaces/staff-scientist-ideker/agenticWorkflow_LiteratureScreeningAndFullTextReview/runs/host_pathogen_shared_mechanisms_apms_20260826/passes/pass_002/artifacts/fulltext_import/PMC_XML/normalized/PMC12626010.json,medium
pmid-41066524,41066524,PMC12530543,10.1371/journal.ppat.1013023,Murine leukemia virus glycoGag antagonizes SERINC5 via ER-phagy receptor RETREG1.,2025,selected_for_reading,"Full text contains useful host-pathogen assay or pathway evidence, but the primary-virus mechanism is less central than in direct papers.",fulltext_review,readable,pmc_xml,/Users/xingmeng/.openclaw/workspaces/staff-scientist-ideker/agenticWorkflow_LiteratureScreeningAndFullTextReview/runs/host_pathogen_shared_mechanisms_apms_20260826/passes/pass_002/artifacts/fulltext_import/PMC_XML/normalized/PMC12530543.json,medium
pmid-41031002,41031002,PMC12478404,10.1101/2025.06.23.661195,IFN-inducible Human Phospholipid Scramblase 1 (PLSCR1) Protein Restricts HIV-1 Infection by Inhibiting Membrane Fusion.,2025,selected_for_reading,Full text links a primary virus to a host factor or host pathway mechanism.,fulltext_review,readable,pmc_xml,/Users/xingmeng/.openclaw/workspaces/staff-scientist-ideker/agenticWorkflow_LiteratureScreeningAndFullTextReview/runs/host_pathogen_shared_mechanisms_apms_20260826/passes/pass_002/artifacts/fulltext_import/PMC_XML/normalized/PMC12478404.json,medium
pmid-41006235,41006235,PMC12475165,10.1038/s41467-025-63392-4,A protein-proximity screen reveals Ebola virus co-opts the mRNA decapping complex through the scaffold protein EDC4.,2025,selected_for_reading,"Full text centers a primary virus and provides assay-supported host interaction, host factor, or pathway mechanism evidence.",fulltext_review,readable,pmc_xml,/Users/xingmeng/.openclaw/workspaces/staff-scientist-ideker/agenticWorkflow_LiteratureScreeningAndFullTextReview/runs/host_pathogen_shared_mechanisms_apms_20260826/passes/pass_002/artifacts/fulltext_import/PMC_XML/normalized/PMC12475165.json,high
pmid-41004226,41004226,PMC12501134,10.1073/pnas.2516527122,IFN-inducible human phospholipid scramblase 1 (PLSCR1) protein restricts HIV-1 infection by inhibiting membrane fusion.,2025,selected_for_reading,Full text links a primary virus to a host factor or host pathway mechanism.,fulltext_review,readable,pmc_xml,/Users/xingmeng/.openclaw/workspaces/staff-scientist-ideker/agenticWorkflow_LiteratureScreeningAndFullTextReview/runs/host_pathogen_shared_mechanisms_apms_20260826/passes/pass_002/artifacts/fulltext_import/PMC_XML/normalized/PMC12501134.json,medium
pmid-40982696,40982696,PMC12501117,10.1073/pnas.2411961122,Ebola virus VP35 NNLNS motif modulates viral RNA synthesis and MIB2-mediated signaling.,2025,selected_for_reading,"Full text centers a primary virus and provides assay-supported host interaction, host factor, or pathway mechanism evidence.",fulltext_review,readable,pmc_xml,/Users/xingmeng/.openclaw/workspaces/staff-scientist-ideker/agenticWorkflow_LiteratureScreeningAndFullTextReview/runs/host_pathogen_shared_mechanisms_apms_20260826/passes/pass_002/artifacts/fulltext_import/PMC_XML/normalized/PMC12501117.json,high
pmid-40878534,40878534,PMC12515838,10.1021/jacs.5c09436,Exploring the Structural Divergence of HIV and SRLV Lentiviral Capsids.,2025,selected_for_reading,Full text links a primary virus to a host factor or host pathway mechanism.,fulltext_review,readable,pmc_xml,/Users/xingmeng/.openclaw/workspaces/staff-scientist-ideker/agenticWorkflow_LiteratureScreeningAndFullTextReview/runs/host_pathogen_shared_mechanisms_apms_20260826/passes/pass_002/artifacts/fulltext_import/PMC_XML/normalized/PMC12515838.json,medium
pmid-40839751,40839751,PMC12372519,10.1080/13510002.2025.2546496,"Involvement of endolysosome iron in HIV-1 gp120-, morphine-, and iron supplementation-induced disruption of the reactive species interactome and induction of neurotoxicity.",2025,selected_for_reading,"Full text centers a primary virus and provides assay-supported host interaction, host factor, or pathway mechanism evidence.",fulltext_review,readable,pmc_xml,/Users/xingmeng/.openclaw/workspaces/staff-scientist-ideker/agenticWorkflow_LiteratureScreeningAndFullTextReview/runs/host_pathogen_shared_mechanisms_apms_20260826/passes/pass_002/artifacts/fulltext_import/PMC_XML/normalized/PMC12372519.json,high
pmid-40809086,40809086,PMC12344494,10.1093/pnasnexus/pgaf225,RNA-interactome capture identifies SRSF3 as a key protein for herpesviral gene expression.,2025,selected_for_reading,"Full text contains useful host-pathogen assay or pathway evidence, but the primary-virus mechanism is less central than in direct papers.",fulltext_review,readable,pmc_xml,/Users/xingmeng/.openclaw/workspaces/staff-scientist-ideker/agenticWorkflow_LiteratureScreeningAndFullTextReview/runs/host_pathogen_shared_mechanisms_apms_20260826/passes/pass_002/artifacts/fulltext_import/PMC_XML/normalized/PMC12344494.json,medium
pmid-40791341,40791341,PMC12338668,10.1101/2025.07.15.664966,Human RPL7 and DDX21 interact with HTLV-1 Gag and enhance tRNA(Pro) primer annealing to genomic RNA.,2025,selected_for_reading,"Full text contains useful host-pathogen assay or pathway evidence, but the primary-virus mechanism is less central than in direct papers.",fulltext_review,readable,pmc_xml,/Users/xingmeng/.openclaw/workspaces/staff-scientist-ideker/agenticWorkflow_LiteratureScreeningAndFullTextReview/runs/host_pathogen_shared_mechanisms_apms_20260826/passes/pass_002/artifacts/fulltext_import/PMC_XML/normalized/PMC12338668.json,medium
pmid-40777377,40777377,PMC12330714,10.1101/2025.07.27.667045,Ebola virus VP35 NNLNS motif modulates viral RNA synthesis and MIB2-mediated signaling.,2025,selected_for_reading,"Full text centers a primary virus and provides assay-supported host interaction, host factor, or pathway mechanism evidence.",fulltext_review,readable,pmc_xml,/Users/xingmeng/.openclaw/workspaces/staff-scientist-ideker/agenticWorkflow_LiteratureScreeningAndFullTextReview/runs/host_pathogen_shared_mechanisms_apms_20260826/passes/pass_002/artifacts/fulltext_import/PMC_XML/normalized/PMC12330714.json,high
pmid-40759332,40759332,PMC12826959,10.1016/j.virs.2025.07.012,Adaptor protein complex 1 gamma 1 subunit is an important host factor involved in both Zika virus and dengue virus infections.,2025,selected_for_reading,Full text links a primary virus to a host factor or host pathway mechanism.,fulltext_review,readable,pmc_xml,/Users/xingmeng/.openclaw/workspaces/staff-scientist-ideker/agenticWorkflow_LiteratureScreeningAndFullTextReview/runs/host_pathogen_shared_mechanisms_apms_20260826/passes/pass_002/artifacts/fulltext_import/PMC_XML/normalized/PMC12826959.json,medium
pmid-40742131,40742131,PMC12363165,10.1128/msystems.00403-25,HIV-1 Vpu interacts with RBM10 to promote HIV-1 infection.,2025,selected_for_reading,"Full text centers a primary virus and provides assay-supported host interaction, host factor, or pathway mechanism evidence.",fulltext_review,readable,pmc_xml,/Users/xingmeng/.openclaw/workspaces/staff-scientist-ideker/agenticWorkflow_LiteratureScreeningAndFullTextReview/runs/host_pathogen_shared_mechanisms_apms_20260826/passes/pass_002/artifacts/fulltext_import/PMC_XML/normalized/PMC12363165.json,high
pmid-40736249,40736249,PMC12363229,10.1128/jvi.00649-25,Membrane protein CRISPR screen identifies RPSA as an essential host factor for porcine epidemic diarrhea virus replication.,2025,selected_for_reading,"Full text contains useful host-pathogen assay or pathway evidence, but the primary-virus mechanism is less central than in direct papers.",fulltext_review,readable,pmc_xml,/Users/xingmeng/.openclaw/workspaces/staff-scientist-ideker/agenticWorkflow_LiteratureScreeningAndFullTextReview/runs/host_pathogen_shared_mechanisms_apms_20260826/passes/pass_002/artifacts/fulltext_import/PMC_XML/normalized/PMC12363229.json,medium
pmid-40733539,40733539,PMC12300445,10.3390/v17070921,IFI16 Mediates Deacetylation of KSHV Chromatin via Interaction with NuRD and Sin3A Co-Repressor Complexes.,2025,selected_for_reading,"Full text centers a primary virus and provides assay-supported host interaction, host factor, or pathway mechanism evidence.",fulltext_review,readable,pmc_xml,/Users/xingmeng/.openclaw/workspaces/staff-scientist-ideker/agenticWorkflow_LiteratureScreeningAndFullTextReview/runs/host_pathogen_shared_mechanisms_apms_20260826/passes/pass_002/artifacts/fulltext_import/PMC_XML/normalized/PMC12300445.json,high
pmid-40722180,40722180,PMC12302467,10.1186/s12985-025-02717-7,Profiling HIV1-host protein-protein interaction networks in patient-derived exosome proteins: impact on pathophysiology and innate immune pathways.,2025,selected_for_reading,"Full text contains useful host-pathogen assay or pathway evidence, but the primary-virus mechanism is less central than in direct papers.",fulltext_review,readable,pmc_xml,/Users/xingmeng/.openclaw/workspaces/staff-scientist-ideker/agenticWorkflow_LiteratureScreeningAndFullTextReview/runs/host_pathogen_shared_mechanisms_apms_20260826/passes/pass_002/artifacts/fulltext_import/PMC_XML/normalized/PMC12302467.json,medium
pmid-40678214,40678214,PMC12270201,10.21203/rs.3.rs-6923186/v1,ADAM17 is an HIV-1 Restriction Factor Antagonized by Nef.,2025,selected_for_reading,"Full text centers a primary virus and provides assay-supported host interaction, host factor, or pathway mechanism evidence.",fulltext_review,readable,pmc_xml,/Users/xingmeng/.openclaw/workspaces/staff-scientist-ideker/agenticWorkflow_LiteratureScreeningAndFullTextReview/runs/host_pathogen_shared_mechanisms_apms_20260826/passes/pass_002/artifacts/fulltext_import/PMC_XML/normalized/PMC12270201.json,high
pmid-40463129,40463129,PMC12132433,10.1101/2025.05.14.654117,The decameric repeat (DR) of PSGL-1 functions as a basic antiviral unit in restricting HIV-1 infectivity.,2025,selected_for_reading,Full text links a primary virus to a host factor or host pathway mechanism.,fulltext_review,readable,pmc_xml,/Users/xingmeng/.openclaw/workspaces/staff-scientist-ideker/agenticWorkflow_LiteratureScreeningAndFullTextReview/runs/host_pathogen_shared_mechanisms_apms_20260826/passes/pass_002/artifacts/fulltext_import/PMC_XML/normalized/PMC12132433.json,medium
pmid-40463006,40463006,PMC12132579,10.1101/2025.05.15.654345,Restriction of HIV-1 infectivity by interferon and IFITM3 is counteracted by Nef.,2025,selected_for_reading,Full text links a primary virus to a host factor or host pathway mechanism.,fulltext_review,readable,pmc_xml,/Users/xingmeng/.openclaw/workspaces/staff-scientist-ideker/agenticWorkflow_LiteratureScreeningAndFullTextReview/runs/host_pathogen_shared_mechanisms_apms_20260826/passes/pass_002/artifacts/fulltext_import/PMC_XML/normalized/PMC12132579.json,medium
pmid-40431704,40431704,PMC12115661,10.3390/v17050693,TAR RNA Mimicry of INI1 and Its Influence on Non-Integration Function of HIV-1 Integrase.,2025,selected_for_reading,Full text links a primary virus to a host factor or host pathway mechanism.,fulltext_review,readable,pmc_xml,/Users/xingmeng/.openclaw/workspaces/staff-scientist-ideker/agenticWorkflow_LiteratureScreeningAndFullTextReview/runs/host_pathogen_shared_mechanisms_apms_20260826/passes/pass_002/artifacts/fulltext_import/PMC_XML/normalized/PMC12115661.json,medium
pmid-40343334,40343334,PMC12060986,10.21203/rs.3.rs-5960764/v1,"Multi-cohort cross-omics analysis reveals disease mechanisms and therapeutic targets in HTLV-1-associated myelopathy, a neglected retroviral neuroinflammatory disorder.",2025,selected_for_reading,"Full text contains useful host-pathogen assay or pathway evidence, but the primary-virus mechanism is less central than in direct papers.",fulltext_review,readable,pmc_xml,/Users/xingmeng/.openclaw/workspaces/staff-scientist-ideker/agenticWorkflow_LiteratureScreeningAndFullTextReview/runs/host_pathogen_shared_mechanisms_apms_20260826/passes/pass_002/artifacts/fulltext_import/PMC_XML/normalized/PMC12060986.json,medium
pmid-40202316,40202316,PMC12090733,10.1128/jvi.00490-25,CPSF6 promotes HIV-1 preintegration complex function.,2025,selected_for_reading,Full text links a primary virus to a host factor or host pathway mechanism.,fulltext_review,readable,pmc_xml,/Users/xingmeng/.openclaw/workspaces/staff-scientist-ideker/agenticWorkflow_LiteratureScreeningAndFullTextReview/runs/host_pathogen_shared_mechanisms_apms_20260826/passes/pass_002/artifacts/fulltext_import/PMC_XML/normalized/PMC12090733.json,medium
pmid-40198850,40198850,PMC13016362,10.1146/annurev-virology-092623-091351,"APOBEC3G Antagonism by Vif, or When Structure Meets Biological and Evolutionary Studies.",2025,selected_for_reading,"Full text contains useful host-pathogen assay or pathway evidence, but the primary-virus mechanism is less central than in direct papers.",fulltext_review,readable,pmc_xml,/Users/xingmeng/.openclaw/workspaces/staff-scientist-ideker/agenticWorkflow_LiteratureScreeningAndFullTextReview/runs/host_pathogen_shared_mechanisms_apms_20260826/passes/pass_002/artifacts/fulltext_import/PMC_XML/normalized/PMC13016362.json,medium
pmid-40168125,40168125,PMC12002175,10.1073/pnas.2420497122,Lenacapavir disrupts HIV-1 core integrity while stabilizing the capsid lattice.,2025,selected_for_reading,Full text links a primary virus to a host factor or host pathway mechanism.,fulltext_review,readable,pmc_xml,/Users/xingmeng/.openclaw/workspaces/staff-scientist-ideker/agenticWorkflow_LiteratureScreeningAndFullTextReview/runs/host_pathogen_shared_mechanisms_apms_20260826/passes/pass_002/artifacts/fulltext_import/PMC_XML/normalized/PMC12002175.json,medium
pmid-40139499,40139499,PMC12130996,10.1016/j.virs.2025.03.007,Host factor Naf1 restricts HIV-1 infection of myeloid cells and compromises the capacity of dendritic cell to prime CD4(+) T cell.,2025,selected_for_reading,Full text links a primary virus to a host factor or host pathway mechanism.,fulltext_review,readable,pmc_xml,/Users/xingmeng/.openclaw/workspaces/staff-scientist-ideker/agenticWorkflow_LiteratureScreeningAndFullTextReview/runs/host_pathogen_shared_mechanisms_apms_20260826/passes/pass_002/artifacts/fulltext_import/PMC_XML/normalized/PMC12130996.json,medium
pmid-40093084,40093084,PMC11908239,10.1101/2025.03.06.641798,Murine Leukemia Virus GlycoGag Antagonizes SERINC5 via ER-phagy Receptor RETREG1.,2025,selected_for_reading,"Full text contains useful host-pathogen assay or pathway evidence, but the primary-virus mechanism is less central than in direct papers.",fulltext_review,readable,pmc_xml,/Users/xingmeng/.openclaw/workspaces/staff-scientist-ideker/agenticWorkflow_LiteratureScreeningAndFullTextReview/runs/host_pathogen_shared_mechanisms_apms_20260826/passes/pass_002/artifacts/fulltext_import/PMC_XML/normalized/PMC11908239.json,medium
pmid-40063798,40063798,PMC11929488,10.1073/pnas.2417372122,DR5 is a restriction factor for human herpesviruses.,2025,selected_for_reading,"Full text contains useful host-pathogen assay or pathway evidence, but the primary-virus mechanism is less central than in direct papers.",fulltext_review,readable,pmc_xml,/Users/xingmeng/.openclaw/workspaces/staff-scientist-ideker/agenticWorkflow_LiteratureScreeningAndFullTextReview/runs/host_pathogen_shared_mechanisms_apms_20260826/passes/pass_002/artifacts/fulltext_import/PMC_XML/normalized/PMC11929488.json,medium
pmid-40007014,40007014,PMC11860778,10.3390/v17020260,The Deubiquitinase OTUD1 Influences HIV-1 Release by Regulating the Host Restriction Factor BST-2.,2025,selected_for_reading,Full text links a primary virus to a host factor or host pathway mechanism.,fulltext_review,readable,pmc_xml,/Users/xingmeng/.openclaw/workspaces/staff-scientist-ideker/agenticWorkflow_LiteratureScreeningAndFullTextReview/runs/host_pathogen_shared_mechanisms_apms_20260826/passes/pass_002/artifacts/fulltext_import/PMC_XML/normalized/PMC11860778.json,medium
pmid-39927772,39927772,PMC11915870,10.1128/jvi.01549-24,"IFI16 recruits HDAC1 and HDAC2 to deacetylate the Kaposi's sarcoma-associated herpesvirus (KSHV) latency-associated nuclear antigen (LANA), facilitating latency.",2025,selected_for_reading,"Full text centers a primary virus and provides assay-supported host interaction, host factor, or pathway mechanism evidence.",fulltext_review,readable,pmc_xml,/Users/xingmeng/.openclaw/workspaces/staff-scientist-ideker/agenticWorkflow_LiteratureScreeningAndFullTextReview/runs/host_pathogen_shared_mechanisms_apms_20260826/passes/pass_002/artifacts/fulltext_import/PMC_XML/normalized/PMC11915870.json,high
pmid-39864060,39864060,PMC11912512,10.1016/j.celrep.2025.115245,Structural insights into HIV-2 CA lattice formation and FG-pocket binding revealed by single-particle cryo-EM.,2025,selected_for_reading,Full text links a primary virus to a host factor or host pathway mechanism.,fulltext_review,readable,pmc_xml,/Users/xingmeng/.openclaw/workspaces/staff-scientist-ideker/agenticWorkflow_LiteratureScreeningAndFullTextReview/runs/host_pathogen_shared_mechanisms_apms_20260826/passes/pass_002/artifacts/fulltext_import/PMC_XML/normalized/PMC11912512.json,medium
pmid-39653243,39653243,PMC11750542,10.1016/j.jbc.2024.108058,The host restriction factor SERINC5 inhibits HIV-1 transcription by negatively regulating NF-κB signaling.,2025,selected_for_reading,Full text links a primary virus to a host factor or host pathway mechanism.,fulltext_review,readable,pmc_xml,/Users/xingmeng/.openclaw/workspaces/staff-scientist-ideker/agenticWorkflow_LiteratureScreeningAndFullTextReview/runs/host_pathogen_shared_mechanisms_apms_20260826/passes/pass_002/artifacts/fulltext_import/PMC_XML/normalized/PMC11750542.json,medium
pmid-39576110,39576110,PMC11708058,10.1128/mbio.01486-24,Interaction of the Wolbachia surface protein with a novel pro-viral protein from Aedes aegypti.,2025,selected_for_reading,"Full text contains useful host-pathogen assay or pathway evidence, but the primary-virus mechanism is less central than in direct papers.",fulltext_review,readable,pmc_xml,/Users/xingmeng/.openclaw/workspaces/staff-scientist-ideker/agenticWorkflow_LiteratureScreeningAndFullTextReview/runs/host_pathogen_shared_mechanisms_apms_20260826/passes/pass_002/artifacts/fulltext_import/PMC_XML/normalized/PMC11708058.json,medium
pmid-39354676,39354676,PMC11992561,10.1093/jmcb/mjae042,HIV-1 inhibits IFITM3 expression to promote the infection of megakaryocytes.,2025,selected_for_reading,Full text links a primary virus to a host factor or host pathway mechanism.,fulltext_review,readable,pmc_xml,/Users/xingmeng/.openclaw/workspaces/staff-scientist-ideker/agenticWorkflow_LiteratureScreeningAndFullTextReview/runs/host_pathogen_shared_mechanisms_apms_20260826/passes/pass_002/artifacts/fulltext_import/PMC_XML/normalized/PMC11992561.json,medium
pmid-38712082,38712082,PMC11071520,10.1101/2024.04.26.591186,PARP14 is an interferon (IFN)-induced host factor that promotes IFN production and affects the replication of multiple viruses.,2025,selected_for_reading,"Full text has plausible host pathway or host-factor mechanism context for a primary virus, but evidence is not strongly assay-centered.",fulltext_review,readable,pmc_xml,/Users/xingmeng/.openclaw/workspaces/staff-scientist-ideker/agenticWorkflow_LiteratureScreeningAndFullTextReview/runs/host_pathogen_shared_mechanisms_apms_20260826/passes/pass_002/artifacts/fulltext_import/PMC_XML/normalized/PMC11071520.json,low
pmid-39861832,39861832,PMC11768693,10.3390/v17010043,Host RNA-Binding Proteins as Regulators of HIV-1 Replication.,2024,selected_for_reading,"Full text centers a primary virus and provides assay-supported host interaction, host factor, or pathway mechanism evidence.",fulltext_review,readable,pmc_xml,/Users/xingmeng/.openclaw/workspaces/staff-scientist-ideker/agenticWorkflow_LiteratureScreeningAndFullTextReview/runs/host_pathogen_shared_mechanisms_apms_20260826/passes/pass_002/artifacts/fulltext_import/PMC_XML/normalized/PMC11768693.json,high
pmid-39678349,39678349,PMC11643316,10.21203/rs.3.rs-5099896/v1,Disruption of CPSF6 enhances cellular permissivity to HIV-1 infection through alternative polyadenylation.,2024,selected_for_reading,Full text links a primary virus to a host factor or host pathway mechanism.,fulltext_review,readable,pmc_xml,/Users/xingmeng/.openclaw/workspaces/staff-scientist-ideker/agenticWorkflow_LiteratureScreeningAndFullTextReview/runs/host_pathogen_shared_mechanisms_apms_20260826/passes/pass_002/artifacts/fulltext_import/PMC_XML/normalized/PMC11643316.json,medium
pmid-39509467,39509467,PMC11575796,10.1371/journal.pbio.3002871,A cytoplasmic form of EHMT1N methylates viral proteins to enable inclusion body maturation and efficient viral replication.,2024,selected_for_reading,"Full text contains useful host-pathogen assay or pathway evidence, but the primary-virus mechanism is less central than in direct papers.",fulltext_review,readable,pmc_xml,/Users/xingmeng/.openclaw/workspaces/staff-scientist-ideker/agenticWorkflow_LiteratureScreeningAndFullTextReview/runs/host_pathogen_shared_mechanisms_apms_20260826/passes/pass_002/artifacts/fulltext_import/PMC_XML/normalized/PMC11575796.json,medium
pmid-39435344,39435344,PMC11492465,10.1016/j.csbj.2024.09.029,Subgenomic flaviviral RNAs and human proteins: in silico exploration of anti-host defense mechanisms.,2024,selected_for_reading,"Full text contains useful host-pathogen assay or pathway evidence, but the primary-virus mechanism is less central than in direct papers.",fulltext_review,readable,pmc_xml,/Users/xingmeng/.openclaw/workspaces/staff-scientist-ideker/agenticWorkflow_LiteratureScreeningAndFullTextReview/runs/host_pathogen_shared_mechanisms_apms_20260826/passes/pass_002/artifacts/fulltext_import/PMC_XML/normalized/PMC11492465.json,medium
pmid-39416035,39416035,PMC11482794,10.1101/2024.10.09.617312,Structural insights into HIV-2 CA lattice formation and FG-pocket binding revealed by single particle cryo-EM.,2024,selected_for_reading,Full text links a primary virus to a host factor or host pathway mechanism.,fulltext_review,readable,pmc_xml,/Users/xingmeng/.openclaw/workspaces/staff-scientist-ideker/agenticWorkflow_LiteratureScreeningAndFullTextReview/runs/host_pathogen_shared_mechanisms_apms_20260826/passes/pass_002/artifacts/fulltext_import/PMC_XML/normalized/PMC11482794.json,medium
pmid-39377586,39377586,PMC11578089,10.1128/jvi.01582-24,Functional genomics screens reveal a role for TBC1D24 and SV2B in antibody-dependent enhancement of dengue virus infection.,2024,selected_for_reading,"Full text centers a primary virus and provides assay-supported host interaction, host factor, or pathway mechanism evidence.",fulltext_review,readable,pmc_xml,/Users/xingmeng/.openclaw/workspaces/staff-scientist-ideker/agenticWorkflow_LiteratureScreeningAndFullTextReview/runs/host_pathogen_shared_mechanisms_apms_20260826/passes/pass_002/artifacts/fulltext_import/PMC_XML/normalized/PMC11578089.json,high
pmid-39348396,39348396,PMC11476688,10.1371/journal.ppat.1012594,TRIM56 restricts Coxsackievirus B infection by mediating the ubiquitination of viral RNA-dependent RNA polymerase 3D.,2024,selected_for_reading,"Full text centers a primary virus and provides assay-supported host interaction, host factor, or pathway mechanism evidence.",fulltext_review,readable,pmc_xml,/Users/xingmeng/.openclaw/workspaces/staff-scientist-ideker/agenticWorkflow_LiteratureScreeningAndFullTextReview/runs/host_pathogen_shared_mechanisms_apms_20260826/passes/pass_002/artifacts/fulltext_import/PMC_XML/normalized/PMC11476688.json,high
pmid-39211324,39211324,PMC11357932,10.3389/fmicb.2024.1456108,FGF21 upregulation by hepatitis C virus via the eIF2α-ATF4 pathway: implications for interferon signaling suppression and TRIM31-mediated TSC degradation.,2024,selected_for_reading,Full text links a primary virus to a host factor or host pathway mechanism.,fulltext_review,readable,pmc_xml,/Users/xingmeng/.openclaw/workspaces/staff-scientist-ideker/agenticWorkflow_LiteratureScreeningAndFullTextReview/runs/host_pathogen_shared_mechanisms_apms_20260826/passes/pass_002/artifacts/fulltext_import/PMC_XML/normalized/PMC11357932.json,medium
pmid-39178742,39178742,PMC11388266,10.1016/j.ebiom.2024.105274,Altered memory CCR6(+) Th17-polarised T-cell function and biology in people with HIV under successful antiretroviral therapy and HIV elite controllers.,2024,selected_for_reading,Full text links a primary virus to a host factor or host pathway mechanism.,fulltext_review,readable,pmc_xml,/Users/xingmeng/.openclaw/workspaces/staff-scientist-ideker/agenticWorkflow_LiteratureScreeningAndFullTextReview/runs/host_pathogen_shared_mechanisms_apms_20260826/passes/pass_002/artifacts/fulltext_import/PMC_XML/normalized/PMC11388266.json,medium
pmid-39122863,39122863,PMC11387401,10.1038/s44319-024-00222-6,Interactome of the HIV-1 proteome and human host RNA.,2024,selected_for_reading,"Full text centers a primary virus and provides assay-supported host interaction, host factor, or pathway mechanism evidence.",fulltext_review,readable,pmc_xml,/Users/xingmeng/.openclaw/workspaces/staff-scientist-ideker/agenticWorkflow_LiteratureScreeningAndFullTextReview/runs/host_pathogen_shared_mechanisms_apms_20260826/passes/pass_002/artifacts/fulltext_import/PMC_XML/normalized/PMC11387401.json,high
pmid-39074162,39074162,PMC11309421,10.1371/journal.ppat.1012330,"MARCH2, a T cell specific factor that restricts HIV-1 infection.",2024,selected_for_reading,Full text links a primary virus to a host factor or host pathway mechanism.,fulltext_review,readable,pmc_xml,/Users/xingmeng/.openclaw/workspaces/staff-scientist-ideker/agenticWorkflow_LiteratureScreeningAndFullTextReview/runs/host_pathogen_shared_mechanisms_apms_20260826/passes/pass_002/artifacts/fulltext_import/PMC_XML/normalized/PMC11309421.json,medium
pmid-38943128,38943128,PMC11212238,10.1186/s12929-024-01053-2,Enterovirus-A71 exploits RAB11 to recruit chaperones for virus morphogenesis.,2024,selected_for_reading,"Full text contains useful host-pathogen assay or pathway evidence, but the primary-virus mechanism is less central than in direct papers.",fulltext_review,readable,pmc_xml,/Users/xingmeng/.openclaw/workspaces/staff-scientist-ideker/agenticWorkflow_LiteratureScreeningAndFullTextReview/runs/host_pathogen_shared_mechanisms_apms_20260826/passes/pass_002/artifacts/fulltext_import/PMC_XML/normalized/PMC11212238.json,medium
pmid-38898526,38898526,PMC11186191,10.1186/s12977-024-00645-y,Comparative analysis of retroviral Gag-host cell interactions: focus on the nuclear interactome.,2024,selected_for_reading,"Full text contains useful host-pathogen assay or pathway evidence, but the primary-virus mechanism is less central than in direct papers.",fulltext_review,readable,pmc_xml,/Users/xingmeng/.openclaw/workspaces/staff-scientist-ideker/agenticWorkflow_LiteratureScreeningAndFullTextReview/runs/host_pathogen_shared_mechanisms_apms_20260826/passes/pass_002/artifacts/fulltext_import/PMC_XML/normalized/PMC11186191.json,medium
pmid-38888311,38888311,PMC11253599,10.1128/mbio.01363-24,The SAMHD1-MX2 axis restricts HIV-1 infection at postviral DNA synthesis.,2024,selected_for_reading,"Full text centers a primary virus and provides assay-supported host interaction, host factor, or pathway mechanism evidence.",fulltext_review,readable,pmc_xml,/Users/xingmeng/.openclaw/workspaces/staff-scientist-ideker/agenticWorkflow_LiteratureScreeningAndFullTextReview/runs/host_pathogen_shared_mechanisms_apms_20260826/passes/pass_002/artifacts/fulltext_import/PMC_XML/normalized/PMC11253599.json,high
pmid-38793607,38793607,PMC11125577,10.3390/v16050725,CRISPR Screen Reveals PACT as a Pro-Viral Factor for Dengue Viral Replication.,2024,selected_for_reading,"Full text centers a primary virus and provides assay-supported host interaction, host factor, or pathway mechanism evidence.",fulltext_review,readable,pmc_xml,/Users/xingmeng/.openclaw/workspaces/staff-scientist-ideker/agenticWorkflow_LiteratureScreeningAndFullTextReview/runs/host_pathogen_shared_mechanisms_apms_20260826/passes/pass_002/artifacts/fulltext_import/PMC_XML/normalized/PMC11125577.json,high
pmid-38785977,38785977,PMC11118262,10.3390/biom14050570,Disruption of Transmembrane Phosphatidylserine Asymmetry by HIV-1 Incorporated SERINC5 Is Not Responsible for Virus Restriction.,2024,selected_for_reading,Full text links a primary virus to a host factor or host pathway mechanism.,fulltext_review,readable,pmc_xml,/Users/xingmeng/.openclaw/workspaces/staff-scientist-ideker/agenticWorkflow_LiteratureScreeningAndFullTextReview/runs/host_pathogen_shared_mechanisms_apms_20260826/passes/pass_002/artifacts/fulltext_import/PMC_XML/normalized/PMC11118262.json,medium
pmid-38712102,38712102,PMC11071485,10.1101/2024.04.26.591029,Functional genomics screens reveal a role for TBC1D24 and SV2B in antibody-dependent enhancement of dengue virus infection.,2024,selected_for_reading,"Full text centers a primary virus and provides assay-supported host interaction, host factor, or pathway mechanism evidence.",fulltext_review,readable,pmc_xml,/Users/xingmeng/.openclaw/workspaces/staff-scientist-ideker/agenticWorkflow_LiteratureScreeningAndFullTextReview/runs/host_pathogen_shared_mechanisms_apms_20260826/passes/pass_002/artifacts/fulltext_import/PMC_XML/normalized/PMC11071485.json,high
pmid-38675925,38675925,PMC11055011,10.3390/v16040583,The Inhibition of Gag-Pol Expression by the Restriction Factor Shiftless Is Dispensable for the Restriction of HIV-1 Infection.,2024,selected_for_reading,Full text links a primary virus to a host factor or host pathway mechanism.,fulltext_review,readable,pmc_xml,/Users/xingmeng/.openclaw/workspaces/staff-scientist-ideker/agenticWorkflow_LiteratureScreeningAndFullTextReview/runs/host_pathogen_shared_mechanisms_apms_20260826/passes/pass_002/artifacts/fulltext_import/PMC_XML/normalized/PMC11055011.json,medium
pmid-38636657,38636657,PMC11101947,10.1016/j.jbc.2024.107286,Proximity labeling of host factor ANXA3 in HCV infection reveals a novel LARP1 function in viral entry.,2024,selected_for_reading,"Full text centers a primary virus and provides assay-supported host interaction, host factor, or pathway mechanism evidence.",fulltext_review,readable,pmc_xml,/Users/xingmeng/.openclaw/workspaces/staff-scientist-ideker/agenticWorkflow_LiteratureScreeningAndFullTextReview/runs/host_pathogen_shared_mechanisms_apms_20260826/passes/pass_002/artifacts/fulltext_import/PMC_XML/normalized/PMC11101947.json,high
pmid-38384847,38384847,PMC10879702,10.1016/j.isci.2024.109107,Host ZCCHC3 blocks HIV-1 infection and production through a dual mechanism.,2024,selected_for_reading,"Full text centers a primary virus and provides assay-supported host interaction, host factor, or pathway mechanism evidence.",fulltext_review,readable,pmc_xml,/Users/xingmeng/.openclaw/workspaces/staff-scientist-ideker/agenticWorkflow_LiteratureScreeningAndFullTextReview/runs/host_pathogen_shared_mechanisms_apms_20260826/passes/pass_002/artifacts/fulltext_import/PMC_XML/normalized/PMC10879702.json,high
pmid-38293010,38293010,PMC10827203,10.1101/2024.01.18.575255,Comparative analysis of retroviral Gag-host cell interactions: focus on the nuclear interactome.,2024,selected_for_reading,"Full text contains useful host-pathogen assay or pathway evidence, but the primary-virus mechanism is less central than in direct papers.",fulltext_review,readable,pmc_xml,/Users/xingmeng/.openclaw/workspaces/staff-scientist-ideker/agenticWorkflow_LiteratureScreeningAndFullTextReview/runs/host_pathogen_shared_mechanisms_apms_20260826/passes/pass_002/artifacts/fulltext_import/PMC_XML/normalized/PMC10827203.json,medium
pmid-38230952,38230952,PMC10846047,10.1128/spectrum.02562-22,Landscape of protein-protein interactions during hepatitis C virus assembly and release.,2024,selected_for_reading,"Full text centers a primary virus and provides assay-supported host interaction, host factor, or pathway mechanism evidence.",fulltext_review,readable,pmc_xml,/Users/xingmeng/.openclaw/workspaces/staff-scientist-ideker/agenticWorkflow_LiteratureScreeningAndFullTextReview/runs/host_pathogen_shared_mechanisms_apms_20260826/passes/pass_002/artifacts/fulltext_import/PMC_XML/normalized/PMC10846047.json,high
pmid-40078741,40078741,PMC11894969,10.1016/j.bsheal.2023.09.001,"Update on enteroviral protease 2A: Structure, function, and host factor interaction.",2023,selected_for_reading,"Full text contains useful host-pathogen assay or pathway evidence, but the primary-virus mechanism is less central than in direct papers.",fulltext_review,readable,pmc_xml,/Users/xingmeng/.openclaw/workspaces/staff-scientist-ideker/agenticWorkflow_LiteratureScreeningAndFullTextReview/runs/host_pathogen_shared_mechanisms_apms_20260826/passes/pass_002/artifacts/fulltext_import/PMC_XML/normalized/PMC11894969.json,medium
pmid-38074898,38074898,PMC10709196,10.1016/j.omtn.2023.102075,Unveiling the mechanisms of nephrotoxicity caused by nephrotoxic compounds using toxicological network analysis.,2023,selected_for_reading,"Full text contains useful host-pathogen assay or pathway evidence, but the primary-virus mechanism is less central than in direct papers.",fulltext_review,readable,pmc_xml,/Users/xingmeng/.openclaw/workspaces/staff-scientist-ideker/agenticWorkflow_LiteratureScreeningAndFullTextReview/runs/host_pathogen_shared_mechanisms_apms_20260826/passes/pass_002/artifacts/fulltext_import/PMC_XML/normalized/PMC10709196.json,medium
pmid-38005875,38005875,PMC10674231,10.3390/v15112197,"PSGL-1, a Strategic Biomarker for Pathological Conditions in HIV Infection: A Hypothesis Review.",2023,selected_for_reading,"Full text centers a primary virus and provides assay-supported host interaction, host factor, or pathway mechanism evidence.",fulltext_review,readable,pmc_xml,/Users/xingmeng/.openclaw/workspaces/staff-scientist-ideker/agenticWorkflow_LiteratureScreeningAndFullTextReview/runs/host_pathogen_shared_mechanisms_apms_20260826/passes/pass_002/artifacts/fulltext_import/PMC_XML/normalized/PMC10674231.json,high
pmid-37882563,37882563,PMC10746242,10.1128/mbio.02572-21,The innate immune factor RPRD2/REAF and its role in the Lv2 restriction of HIV.,2023,selected_for_reading,"Full text centers a primary virus and provides assay-supported host interaction, host factor, or pathway mechanism evidence.",fulltext_review,readable,pmc_xml,/Users/xingmeng/.openclaw/workspaces/staff-scientist-ideker/agenticWorkflow_LiteratureScreeningAndFullTextReview/runs/host_pathogen_shared_mechanisms_apms_20260826/passes/pass_002/artifacts/fulltext_import/PMC_XML/normalized/PMC10746242.json,high
pmid-37766367,37766367,PMC10537789,10.3390/v15091961,The Antiviral Factor SERINC5 Impairs the Expression of Non-Self-DNA.,2023,selected_for_reading,"Full text contains useful host-pathogen assay or pathway evidence, but the primary-virus mechanism is less central than in direct papers.",fulltext_review,readable,pmc_xml,/Users/xingmeng/.openclaw/workspaces/staff-scientist-ideker/agenticWorkflow_LiteratureScreeningAndFullTextReview/runs/host_pathogen_shared_mechanisms_apms_20260826/passes/pass_002/artifacts/fulltext_import/PMC_XML/normalized/PMC10537789.json,medium
pmid-37750869,37750869,PMC7615710,10.1099/jgv.0.001895,ASPP2 binds to hepatitis C virus NS5A protein via an SH3 domain/PxxP motif-mediated interaction and potentiates infection.,2023,selected_for_reading,"Full text centers a primary virus and provides assay-supported host interaction, host factor, or pathway mechanism evidence.",fulltext_review,readable,pmc_xml,/Users/xingmeng/.openclaw/workspaces/staff-scientist-ideker/agenticWorkflow_LiteratureScreeningAndFullTextReview/runs/host_pathogen_shared_mechanisms_apms_20260826/passes/pass_002/artifacts/fulltext_import/PMC_XML/normalized/PMC7615710.json,high
pmid-37608289,37608289,PMC10464172,10.1186/s12977-023-00629-4,"Primate TRIM34 is a broadly-acting, TRIM5-dependent lentiviral restriction factor.",2023,selected_for_reading,"Full text has plausible host pathway or host-factor mechanism context for a primary virus, but evidence is not strongly assay-centered.",fulltext_review,readable,pmc_xml,/Users/xingmeng/.openclaw/workspaces/staff-scientist-ideker/agenticWorkflow_LiteratureScreeningAndFullTextReview/runs/host_pathogen_shared_mechanisms_apms_20260826/passes/pass_002/artifacts/fulltext_import/PMC_XML/normalized/PMC10464172.json,low
pmid-37531416,37531416,PMC11651363,10.1126/scitranslmed.adg0873,Single-cell transcriptomics identifies prothymosin α restriction of HIV-1 in vivo.,2023,selected_for_reading,"Full text centers a primary virus and provides assay-supported host interaction, host factor, or pathway mechanism evidence.",fulltext_review,readable,pmc_xml,/Users/xingmeng/.openclaw/workspaces/staff-scientist-ideker/agenticWorkflow_LiteratureScreeningAndFullTextReview/runs/host_pathogen_shared_mechanisms_apms_20260826/passes/pass_002/artifacts/fulltext_import/PMC_XML/normalized/PMC11651363.json,high
pmid-37355703,37355703,PMC10290691,10.1038/s41467-023-39105-0,An unnatural enzyme with endonuclease activity towards small non-coding RNAs.,2023,selected_for_reading,"Full text contains useful host-pathogen assay or pathway evidence, but the primary-virus mechanism is less central than in direct papers.",fulltext_review,readable,pmc_xml,/Users/xingmeng/.openclaw/workspaces/staff-scientist-ideker/agenticWorkflow_LiteratureScreeningAndFullTextReview/runs/host_pathogen_shared_mechanisms_apms_20260826/passes/pass_002/artifacts/fulltext_import/PMC_XML/normalized/PMC10290691.json,medium
pmid-37267431,37267431,PMC10266667,10.1371/journal.ppat.1011423,HIV-1 capsid stability enables inositol phosphate-independent infection of target cells and promotes integration into genes.,2023,selected_for_reading,Full text links a primary virus to a host factor or host pathway mechanism.,fulltext_review,readable,pmc_xml,/Users/xingmeng/.openclaw/workspaces/staff-scientist-ideker/agenticWorkflow_LiteratureScreeningAndFullTextReview/runs/host_pathogen_shared_mechanisms_apms_20260826/passes/pass_002/artifacts/fulltext_import/PMC_XML/normalized/PMC10266667.json,medium
pmid-37252973,37252973,PMC10266027,10.1073/pnas.2220005120,Dengue virus NS5 degrades ERC1 during infection to antagonize NF-kB activation.,2023,selected_for_reading,"Full text centers a primary virus and provides assay-supported host interaction, host factor, or pathway mechanism evidence.",fulltext_review,readable,pmc_xml,/Users/xingmeng/.openclaw/workspaces/staff-scientist-ideker/agenticWorkflow_LiteratureScreeningAndFullTextReview/runs/host_pathogen_shared_mechanisms_apms_20260826/passes/pass_002/artifacts/fulltext_import/PMC_XML/normalized/PMC10266027.json,high
pmid-37243126,37243126,PMC10223265,10.3390/v15051038,An Artificial Peptide-Based Bifunctional HIV-1 Entry Inhibitor That Interferes with Viral Glycoprotein-41 Six-Helix Bundle Formation and Antagonizes CCR5 on the Host Cell Membrane.,2023,selected_for_reading,Full text links a primary virus to a host factor or host pathway mechanism.,fulltext_review,readable,pmc_xml,/Users/xingmeng/.openclaw/workspaces/staff-scientist-ideker/agenticWorkflow_LiteratureScreeningAndFullTextReview/runs/host_pathogen_shared_mechanisms_apms_20260826/passes/pass_002/artifacts/fulltext_import/PMC_XML/normalized/PMC10223265.json,medium
pmid-37172824,37172824,PMC10311276,10.1016/j.virs.2023.05.006,Spastin is required for human immunodeficiency virus-1 efficient replication through cooperation with the endosomal sorting complex required for transport (ESCRT) protein.,2023,selected_for_reading,Full text links a primary virus to a host factor or host pathway mechanism.,fulltext_review,readable,pmc_xml,/Users/xingmeng/.openclaw/workspaces/staff-scientist-ideker/agenticWorkflow_LiteratureScreeningAndFullTextReview/runs/host_pathogen_shared_mechanisms_apms_20260826/passes/pass_002/artifacts/fulltext_import/PMC_XML/normalized/PMC10311276.json,medium
pmid-37165099,37165099,PMC10172343,10.1038/s42003-023-04841-y,Schlafen 12 restricts HIV-1 latency reversal by a codon-usage dependent post-transcriptional block in CD4+ T cells.,2023,selected_for_reading,"Full text centers a primary virus and provides assay-supported host interaction, host factor, or pathway mechanism evidence.",fulltext_review,readable,pmc_xml,/Users/xingmeng/.openclaw/workspaces/staff-scientist-ideker/agenticWorkflow_LiteratureScreeningAndFullTextReview/runs/host_pathogen_shared_mechanisms_apms_20260826/passes/pass_002/artifacts/fulltext_import/PMC_XML/normalized/PMC10172343.json,high
pmid-37155854,37155854,PMC10193943,10.1073/pnas.2217451120,ATG5 selectively engages virus-tethered BST2/tetherin in an LC3C-associated pathway.,2023,selected_for_reading,"Full text contains useful host-pathogen assay or pathway evidence, but the primary-virus mechanism is less central than in direct papers.",fulltext_review,readable,pmc_xml,/Users/xingmeng/.openclaw/workspaces/staff-scientist-ideker/agenticWorkflow_LiteratureScreeningAndFullTextReview/runs/host_pathogen_shared_mechanisms_apms_20260826/passes/pass_002/artifacts/fulltext_import/PMC_XML/normalized/PMC10193943.json,medium
pmid-37068108,37068108,PMC10138851,10.1371/journal.ppat.1011163,The viral packaging motor potentiates Kaposi's sarcoma-associated herpesvirus gene expression late in infection.,2023,selected_for_reading,"Full text centers a primary virus and provides assay-supported host interaction, host factor, or pathway mechanism evidence.",fulltext_review,readable,pmc_xml,/Users/xingmeng/.openclaw/workspaces/staff-scientist-ideker/agenticWorkflow_LiteratureScreeningAndFullTextReview/runs/host_pathogen_shared_mechanisms_apms_20260826/passes/pass_002/artifacts/fulltext_import/PMC_XML/normalized/PMC10138851.json,high
pmid-37040417,37040417,PMC10120081,10.1073/pnas.2220557120,Two structural switches in HIV-1 capsid regulate capsid curvature and host factor binding.,2023,selected_for_reading,Full text links a primary virus to a host factor or host pathway mechanism.,fulltext_review,readable,pmc_xml,/Users/xingmeng/.openclaw/workspaces/staff-scientist-ideker/agenticWorkflow_LiteratureScreeningAndFullTextReview/runs/host_pathogen_shared_mechanisms_apms_20260826/passes/pass_002/artifacts/fulltext_import/PMC_XML/normalized/PMC10120081.json,medium
pmid-37010434,37010434,PMC10128004,10.1128/mbio.00549-23,Genome-Wide CRISPR-Cas9 Screen Identifies SMCHD1 as a Restriction Factor for Herpesviruses.,2023,selected_for_reading,"Full text contains useful host-pathogen assay or pathway evidence, but the primary-virus mechanism is less central than in direct papers.",fulltext_review,readable,pmc_xml,/Users/xingmeng/.openclaw/workspaces/staff-scientist-ideker/agenticWorkflow_LiteratureScreeningAndFullTextReview/runs/host_pathogen_shared_mechanisms_apms_20260826/passes/pass_002/artifacts/fulltext_import/PMC_XML/normalized/PMC10128004.json,medium
pmid-36993223,36993223,PMC10055373,10.1101/2023.03.24.534139,"Primate TRIM34 is a broadly-acting, TRIM5-dependent lentiviral restriction factor.",2023,selected_for_reading,"Full text has plausible host pathway or host-factor mechanism context for a primary virus, but evidence is not strongly assay-centered.",fulltext_review,readable,pmc_xml,/Users/xingmeng/.openclaw/workspaces/staff-scientist-ideker/agenticWorkflow_LiteratureScreeningAndFullTextReview/runs/host_pathogen_shared_mechanisms_apms_20260826/passes/pass_002/artifacts/fulltext_import/PMC_XML/normalized/PMC10055373.json,low
pmid-36976020,36976020,PMC10127607,10.1128/mbio.00166-23,SERINC5 Mediates a Postintegration Block to HIV-1 Gene Expression in Macrophages.,2023,selected_for_reading,"Full text centers a primary virus and provides assay-supported host interaction, host factor, or pathway mechanism evidence.",fulltext_review,readable,pmc_xml,/Users/xingmeng/.openclaw/workspaces/staff-scientist-ideker/agenticWorkflow_LiteratureScreeningAndFullTextReview/runs/host_pathogen_shared_mechanisms_apms_20260826/passes/pass_002/artifacts/fulltext_import/PMC_XML/normalized/PMC10127607.json,high
pmid-36946615,36946615,PMC10366416,10.1021/acsinfecdis.2c00478,Serinc5 Restricts HIV Membrane Fusion by Altering Lipid Order and Heterogeneity in the Viral Membrane.,2023,selected_for_reading,Full text links a primary virus to a host factor or host pathway mechanism.,fulltext_review,readable,pmc_xml,/Users/xingmeng/.openclaw/workspaces/staff-scientist-ideker/agenticWorkflow_LiteratureScreeningAndFullTextReview/runs/host_pathogen_shared_mechanisms_apms_20260826/passes/pass_002/artifacts/fulltext_import/PMC_XML/normalized/PMC10366416.json,medium
pmid-36897778,36897778,PMC10124996,10.1016/j.celrep.2023.112234,The lysine methyltransferase SMYD5 amplifies HIV-1 transcription and is post-transcriptionally upregulated by Tat and USP11.,2023,selected_for_reading,"Full text centers a primary virus and provides assay-supported host interaction, host factor, or pathway mechanism evidence.",fulltext_review,readable,pmc_xml,/Users/xingmeng/.openclaw/workspaces/staff-scientist-ideker/agenticWorkflow_LiteratureScreeningAndFullTextReview/runs/host_pathogen_shared_mechanisms_apms_20260826/passes/pass_002/artifacts/fulltext_import/PMC_XML/normalized/PMC10124996.json,high
pmid-36851687,36851687,PMC9967848,10.3390/v15020474,HIV-1 Gag Binds the Multi-Aminoacyl-tRNA Synthetase Complex via the EPRS Subunit.,2023,selected_for_reading,"Full text centers a primary virus and provides assay-supported host interaction, host factor, or pathway mechanism evidence.",fulltext_review,readable,pmc_xml,/Users/xingmeng/.openclaw/workspaces/staff-scientist-ideker/agenticWorkflow_LiteratureScreeningAndFullTextReview/runs/host_pathogen_shared_mechanisms_apms_20260826/passes/pass_002/artifacts/fulltext_import/PMC_XML/normalized/PMC9967848.json,high
pmid-36759579,36759579,PMC10023569,10.1038/s41594-022-00913-5,A molecular switch modulates assembly and host factor binding of the HIV-1 capsid.,2023,selected_for_reading,Full text links a primary virus to a host factor or host pathway mechanism.,fulltext_review,readable,pmc_xml,/Users/xingmeng/.openclaw/workspaces/staff-scientist-ideker/agenticWorkflow_LiteratureScreeningAndFullTextReview/runs/host_pathogen_shared_mechanisms_apms_20260826/passes/pass_002/artifacts/fulltext_import/PMC_XML/normalized/PMC10023569.json,medium
pmid-36744886,36744886,PMC9973025,10.1128/mbio.00009-23,A Virus-Packageable CRISPR System Identifies Host Dependency Factors Co-Opted by Multiple HIV-1 Strains.,2023,selected_for_reading,"Full text centers a primary virus and provides assay-supported host interaction, host factor, or pathway mechanism evidence.",fulltext_review,readable,pmc_xml,/Users/xingmeng/.openclaw/workspaces/staff-scientist-ideker/agenticWorkflow_LiteratureScreeningAndFullTextReview/runs/host_pathogen_shared_mechanisms_apms_20260826/passes/pass_002/artifacts/fulltext_import/PMC_XML/normalized/PMC9973025.json,high
pmid-36627271,36627271,PMC9832166,10.1038/s41467-022-35379-y,Antiretroviral APOBEC3 cytidine deaminases alter HIV-1 provirus integration site profiles.,2023,selected_for_reading,Full text links a primary virus to a host factor or host pathway mechanism.,fulltext_review,readable,pmc_xml,/Users/xingmeng/.openclaw/workspaces/staff-scientist-ideker/agenticWorkflow_LiteratureScreeningAndFullTextReview/runs/host_pathogen_shared_mechanisms_apms_20260826/passes/pass_002/artifacts/fulltext_import/PMC_XML/normalized/PMC9832166.json,medium
pmid-36602368,36602368,PMC9888194,10.1128/jvi.01752-22,Interleukin-27 Promotes Divergent Effects on HIV-1 Infection in Peripheral Blood Mononuclear Cells through BST-2/Tetherin.,2023,selected_for_reading,Full text links a primary virus to a host factor or host pathway mechanism.,fulltext_review,readable,pmc_xml,/Users/xingmeng/.openclaw/workspaces/staff-scientist-ideker/agenticWorkflow_LiteratureScreeningAndFullTextReview/runs/host_pathogen_shared_mechanisms_apms_20260826/passes/pass_002/artifacts/fulltext_import/PMC_XML/normalized/PMC9888194.json,medium
pmid-36598981,36598981,PMC9812381,10.1126/sciadv.ade3168,Structural basis for HIV-1 antagonism of host APOBEC3G via Cullin E3 ligase.,2023,selected_for_reading,"Full text centers a primary virus and provides assay-supported host interaction, host factor, or pathway mechanism evidence.",fulltext_review,readable,pmc_xml,/Users/xingmeng/.openclaw/workspaces/staff-scientist-ideker/agenticWorkflow_LiteratureScreeningAndFullTextReview/runs/host_pathogen_shared_mechanisms_apms_20260826/passes/pass_002/artifacts/fulltext_import/PMC_XML/normalized/PMC9812381.json,high
pmid-36584296,36584296,PMC9910500,10.1073/pnas.2217476120,The chaperone protein p32 stabilizes HIV-1 Tat and strengthens the p-TEFb/RNAPII/TAR complex promoting HIV transcription elongation.,2023,selected_for_reading,"Full text centers a primary virus and provides assay-supported host interaction, host factor, or pathway mechanism evidence.",fulltext_review,readable,pmc_xml,/Users/xingmeng/.openclaw/workspaces/staff-scientist-ideker/agenticWorkflow_LiteratureScreeningAndFullTextReview/runs/host_pathogen_shared_mechanisms_apms_20260826/passes/pass_002/artifacts/fulltext_import/PMC_XML/normalized/PMC9910500.json,high
pmid-36534283,36534283,PMC10067014,10.1007/978-1-0716-2895-9_7,Computational Modeling of IN-CTD/TAR Complex to Elucidate Additional Strategies to Inhibit HIV-1 Replication.,2023,selected_for_reading,Full text links a primary virus to a host factor or host pathway mechanism.,fulltext_review,readable,pmc_xml,/Users/xingmeng/.openclaw/workspaces/staff-scientist-ideker/agenticWorkflow_LiteratureScreeningAndFullTextReview/runs/host_pathogen_shared_mechanisms_apms_20260826/passes/pass_002/artifacts/fulltext_import/PMC_XML/normalized/PMC10067014.json,medium
pmid-36475726,36475726,PMC9927277,10.1128/spectrum.02663-22,"A Broad-Spectrum Antiviral Molecule, Protoporphyrin IX, Acts as a Moderator of HIV-1 Capsid Assembly by Targeting the Capsid Hexamer.",2023,selected_for_reading,Full text links a primary virus to a host factor or host pathway mechanism.,fulltext_review,readable,pmc_xml,/Users/xingmeng/.openclaw/workspaces/staff-scientist-ideker/agenticWorkflow_LiteratureScreeningAndFullTextReview/runs/host_pathogen_shared_mechanisms_apms_20260826/passes/pass_002/artifacts/fulltext_import/PMC_XML/normalized/PMC9927277.json,medium
pmid-36464077,36464077,PMC9712144,10.1016/j.antiviral.2022.105478,RBM24 inhibits the translation of SARS-CoV-2 polyproteins by targeting the 5'-untranslated region.,2023,selected_for_reading,"Full text contains useful host-pathogen assay or pathway evidence, but the primary-virus mechanism is less central than in direct papers.",fulltext_review,readable,pmc_xml,/Users/xingmeng/.openclaw/workspaces/staff-scientist-ideker/agenticWorkflow_LiteratureScreeningAndFullTextReview/runs/host_pathogen_shared_mechanisms_apms_20260826/passes/pass_002/artifacts/fulltext_import/PMC_XML/normalized/PMC9712144.json,medium
pmid-36314049,36314049,PMC10117160,10.1093/jmcb/mjac060,HIV-induced membraneless organelles orchestrate post-nuclear entry steps.,2023,selected_for_reading,Full text links a primary virus to a host factor or host pathway mechanism.,fulltext_review,readable,pmc_xml,/Users/xingmeng/.openclaw/workspaces/staff-scientist-ideker/agenticWorkflow_LiteratureScreeningAndFullTextReview/runs/host_pathogen_shared_mechanisms_apms_20260826/passes/pass_002/artifacts/fulltext_import/PMC_XML/normalized/PMC10117160.json,medium
pmid-36499678,36499678,PMC9735550,10.3390/ijms232315340,Regulation of Epstein-Barr Virus Minor Capsid Protein BORF1 by TRIM5α.,2022,selected_for_reading,"Full text has plausible host pathway or host-factor mechanism context for a primary virus, but evidence is not strongly assay-centered.",fulltext_review,readable,pmc_xml,/Users/xingmeng/.openclaw/workspaces/staff-scientist-ideker/agenticWorkflow_LiteratureScreeningAndFullTextReview/runs/host_pathogen_shared_mechanisms_apms_20260826/passes/pass_002/artifacts/fulltext_import/PMC_XML/normalized/PMC9735550.json,low
pmid-36285453,36285453,PMC9665091,10.1080/22221751.2022.2140605,FBXO34 promotes latent HIV-1 activation by post-transcriptional modulation.,2022,selected_for_reading,"Full text centers a primary virus and provides assay-supported host interaction, host factor, or pathway mechanism evidence.",fulltext_review,readable,pmc_xml,/Users/xingmeng/.openclaw/workspaces/staff-scientist-ideker/agenticWorkflow_LiteratureScreeningAndFullTextReview/runs/host_pathogen_shared_mechanisms_apms_20260826/passes/pass_002/artifacts/fulltext_import/PMC_XML/normalized/PMC9665091.json,high
pmid-36215666,36215666,PMC9724678,10.15252/embr.202255470,The Autophagy Receptor TAX1BP1 (T6BP) improves antigen presentation by MHC-II molecules.,2022,selected_for_reading,"Full text contains useful host-pathogen assay or pathway evidence, but the primary-virus mechanism is less central than in direct papers.",fulltext_review,readable,pmc_xml,/Users/xingmeng/.openclaw/workspaces/staff-scientist-ideker/agenticWorkflow_LiteratureScreeningAndFullTextReview/runs/host_pathogen_shared_mechanisms_apms_20260826/passes/pass_002/artifacts/fulltext_import/PMC_XML/normalized/PMC9724678.json,medium
pmid-36115853,36115853,PMC9482658,10.1038/s41467-022-33123-0,Mechanistic understanding of human SLFN11.,2022,selected_for_reading,"Full text contains useful host-pathogen assay or pathway evidence, but the primary-virus mechanism is less central than in direct papers.",fulltext_review,readable,pmc_xml,/Users/xingmeng/.openclaw/workspaces/staff-scientist-ideker/agenticWorkflow_LiteratureScreeningAndFullTextReview/runs/host_pathogen_shared_mechanisms_apms_20260826/passes/pass_002/artifacts/fulltext_import/PMC_XML/normalized/PMC9482658.json,medium
pmid-36074777,36074777,PMC9488832,10.1371/journal.ppat.1010329,Arbovirus-vector protein interactomics identifies Loquacious as a co-factor for dengue virus replication in Aedes mosquitoes.,2022,selected_for_reading,"Full text centers a primary virus and provides assay-supported host interaction, host factor, or pathway mechanism evidence.",fulltext_review,readable,pmc_xml,/Users/xingmeng/.openclaw/workspaces/staff-scientist-ideker/agenticWorkflow_LiteratureScreeningAndFullTextReview/runs/host_pathogen_shared_mechanisms_apms_20260826/passes/pass_002/artifacts/fulltext_import/PMC_XML/normalized/PMC9488832.json,high
pmid-36015010,36015010,PMC9415735,10.3390/pathogens11080891,Application of CRISPR-Cas9 Gene Editing for HIV Host Factor Discovery and Validation.,2022,selected_for_reading,"Full text centers a primary virus and provides assay-supported host interaction, host factor, or pathway mechanism evidence.",fulltext_review,readable,pmc_xml,/Users/xingmeng/.openclaw/workspaces/staff-scientist-ideker/agenticWorkflow_LiteratureScreeningAndFullTextReview/runs/host_pathogen_shared_mechanisms_apms_20260826/passes/pass_002/artifacts/fulltext_import/PMC_XML/normalized/PMC9415735.json,high
pmid-35939522,35939522,PMC9387935,10.1371/journal.ppat.1010763,TMEM41B and VMP1 modulate cellular lipid and energy metabolism for facilitating dengue virus infection.,2022,selected_for_reading,"Full text centers a primary virus and provides assay-supported host interaction, host factor, or pathway mechanism evidence.",fulltext_review,readable,pmc_xml,/Users/xingmeng/.openclaw/workspaces/staff-scientist-ideker/agenticWorkflow_LiteratureScreeningAndFullTextReview/runs/host_pathogen_shared_mechanisms_apms_20260826/passes/pass_002/artifacts/fulltext_import/PMC_XML/normalized/PMC9387935.json,high
pmid-35914008,35914008,PMC9371351,10.1371/journal.ppat.1010744,KSHV RTA antagonizes SMC5/6 complex-induced viral chromatin compaction by hijacking the ubiquitin-proteasome system.,2022,selected_for_reading,Full text links a primary virus to a host factor or host pathway mechanism.,fulltext_review,readable,pmc_xml,/Users/xingmeng/.openclaw/workspaces/staff-scientist-ideker/agenticWorkflow_LiteratureScreeningAndFullTextReview/runs/host_pathogen_shared_mechanisms_apms_20260826/passes/pass_002/artifacts/fulltext_import/PMC_XML/normalized/PMC9371351.json,medium
pmid-35891536,35891536,PMC9315659,10.3390/v14071556,Phosphomimetic S207D Lysyl-tRNA Synthetase Binds HIV-1 5'UTR in an Open Conformation and Increases RNA Dynamics.,2022,selected_for_reading,"Full text centers a primary virus and provides assay-supported host interaction, host factor, or pathway mechanism evidence.",fulltext_review,readable,pmc_xml,/Users/xingmeng/.openclaw/workspaces/staff-scientist-ideker/agenticWorkflow_LiteratureScreeningAndFullTextReview/runs/host_pathogen_shared_mechanisms_apms_20260826/passes/pass_002/artifacts/fulltext_import/PMC_XML/normalized/PMC9315659.json,high
pmid-35891432,35891432,PMC9324250,10.3390/v14071454,Mutagenic Analysis of the HIV Restriction Factor Shiftless.,2022,selected_for_reading,"Full text centers a primary virus and provides assay-supported host interaction, host factor, or pathway mechanism evidence.",fulltext_review,readable,pmc_xml,/Users/xingmeng/.openclaw/workspaces/staff-scientist-ideker/agenticWorkflow_LiteratureScreeningAndFullTextReview/runs/host_pathogen_shared_mechanisms_apms_20260826/passes/pass_002/artifacts/fulltext_import/PMC_XML/normalized/PMC9324250.json,high
pmid-35836293,35836293,PMC9284890,10.1186/s12985-022-01848-5,PPP2R5D promotes hepatitis C virus infection by binding to viral NS5B and enhancing viral RNA replication.,2022,selected_for_reading,"Full text centers a primary virus and provides assay-supported host interaction, host factor, or pathway mechanism evidence.",fulltext_review,readable,pmc_xml,/Users/xingmeng/.openclaw/workspaces/staff-scientist-ideker/agenticWorkflow_LiteratureScreeningAndFullTextReview/runs/host_pathogen_shared_mechanisms_apms_20260826/passes/pass_002/artifacts/fulltext_import/PMC_XML/normalized/PMC9284890.json,high
pmid-35834589,35834589,PMC9321775,10.1371/journal.ppat.1010717,A specific EMC subunit supports Dengue virus infection by promoting virus membrane fusion essential for cytosolic genome delivery.,2022,selected_for_reading,Full text links a primary virus to a host factor or host pathway mechanism.,fulltext_review,readable,pmc_xml,/Users/xingmeng/.openclaw/workspaces/staff-scientist-ideker/agenticWorkflow_LiteratureScreeningAndFullTextReview/runs/host_pathogen_shared_mechanisms_apms_20260826/passes/pass_002/artifacts/fulltext_import/PMC_XML/normalized/PMC9321775.json,medium
pmid-35654986,35654986,PMC9160517,10.1038/s41598-022-13373-0,The impact of the suppression of highly connected protein interactions on the corona virus infection.,2022,selected_for_reading,"Full text contains useful host-pathogen assay or pathway evidence, but the primary-virus mechanism is less central than in direct papers.",fulltext_review,readable,pmc_xml,/Users/xingmeng/.openclaw/workspaces/staff-scientist-ideker/agenticWorkflow_LiteratureScreeningAndFullTextReview/runs/host_pathogen_shared_mechanisms_apms_20260826/passes/pass_002/artifacts/fulltext_import/PMC_XML/normalized/PMC9160517.json,medium
pmid-35618710,35618710,PMC9135752,10.1038/s41467-022-30609-9,SARS-CoV-2 ORF7a potently inhibits the antiviral effect of the host factor SERINC5.,2022,selected_for_reading,"Full text contains useful host-pathogen assay or pathway evidence, but the primary-virus mechanism is less central than in direct papers.",fulltext_review,readable,pmc_xml,/Users/xingmeng/.openclaw/workspaces/staff-scientist-ideker/agenticWorkflow_LiteratureScreeningAndFullTextReview/runs/host_pathogen_shared_mechanisms_apms_20260826/passes/pass_002/artifacts/fulltext_import/PMC_XML/normalized/PMC9135752.json,medium
pmid-35545034,35545034,PMC9136943,10.1016/j.celrep.2022.110797,Interactomic analysis reveals a homeostatic role for the HIV restriction factor TRIM5α in mitophagy.,2022,selected_for_reading,"Full text centers a primary virus and provides assay-supported host interaction, host factor, or pathway mechanism evidence.",fulltext_review,readable,pmc_xml,/Users/xingmeng/.openclaw/workspaces/staff-scientist-ideker/agenticWorkflow_LiteratureScreeningAndFullTextReview/runs/host_pathogen_shared_mechanisms_apms_20260826/passes/pass_002/artifacts/fulltext_import/PMC_XML/normalized/PMC9136943.json,high
pmid-35494555,35494555,PMC9052817,10.1177/11779322221092944,From Beginning to End: Expanding the SERINC3 Interactome Through an in silico Analysis.,2022,selected_for_reading,"Full text contains useful host-pathogen assay or pathway evidence, but the primary-virus mechanism is less central than in direct papers.",fulltext_review,readable,pmc_xml,/Users/xingmeng/.openclaw/workspaces/staff-scientist-ideker/agenticWorkflow_LiteratureScreeningAndFullTextReview/runs/host_pathogen_shared_mechanisms_apms_20260826/passes/pass_002/artifacts/fulltext_import/PMC_XML/normalized/PMC9052817.json,medium
pmid-35452674,35452674,PMC9133654,10.1016/j.jbc.2022.101956,The cargo adapter protein CLINT1 is phosphorylated by the Numb-associated kinase BIKE and mediates dengue virus infection.,2022,selected_for_reading,"Full text centers a primary virus and provides assay-supported host interaction, host factor, or pathway mechanism evidence.",fulltext_review,readable,pmc_xml,/Users/xingmeng/.openclaw/workspaces/staff-scientist-ideker/agenticWorkflow_LiteratureScreeningAndFullTextReview/runs/host_pathogen_shared_mechanisms_apms_20260826/passes/pass_002/artifacts/fulltext_import/PMC_XML/normalized/PMC9133654.json,high
pmid-35369502,35369502,PMC8969595,10.3389/fmicb.2022.849084,MxB Disrupts Hepatitis C Virus NS5A-CypA Complex: Insights From a Combined Theoretical and Experimental Approach.,2022,selected_for_reading,Full text links a primary virus to a host factor or host pathway mechanism.,fulltext_review,readable,pmc_xml,/Users/xingmeng/.openclaw/workspaces/staff-scientist-ideker/agenticWorkflow_LiteratureScreeningAndFullTextReview/runs/host_pathogen_shared_mechanisms_apms_20260826/passes/pass_002/artifacts/fulltext_import/PMC_XML/normalized/PMC8969595.json,medium
pmid-35320713,35320713,PMC10496643,10.1016/j.celrep.2022.110544,Functional interactomes of the Ebola virus polymerase identified by proximity proteomics in the context of viral replication.,2022,selected_for_reading,"Full text centers a primary virus and provides assay-supported host interaction, host factor, or pathway mechanism evidence.",fulltext_review,readable,pmc_xml,/Users/xingmeng/.openclaw/workspaces/staff-scientist-ideker/agenticWorkflow_LiteratureScreeningAndFullTextReview/runs/host_pathogen_shared_mechanisms_apms_20260826/passes/pass_002/artifacts/fulltext_import/PMC_XML/normalized/PMC10496643.json,high
pmid-35297672,35297672,PMC9006913,10.1128/jvi.01995-21,The Human Liver-Expressed Lectin CD302 Restricts Hepatitis C Virus Infection.,2022,selected_for_reading,Full text links a primary virus to a host factor or host pathway mechanism.,fulltext_review,readable,pmc_xml,/Users/xingmeng/.openclaw/workspaces/staff-scientist-ideker/agenticWorkflow_LiteratureScreeningAndFullTextReview/runs/host_pathogen_shared_mechanisms_apms_20260826/passes/pass_002/artifacts/fulltext_import/PMC_XML/normalized/PMC9006913.json,medium
pmid-35263388,35263388,PMC8906592,10.1371/journal.ppat.1010322,Reovirus infection is regulated by NPC1 and endosomal cholesterol homeostasis.,2022,selected_for_reading,"Full text contains useful host-pathogen assay or pathway evidence, but the primary-virus mechanism is less central than in direct papers.",fulltext_review,readable,pmc_xml,/Users/xingmeng/.openclaw/workspaces/staff-scientist-ideker/agenticWorkflow_LiteratureScreeningAndFullTextReview/runs/host_pathogen_shared_mechanisms_apms_20260826/passes/pass_002/artifacts/fulltext_import/PMC_XML/normalized/PMC8906592.json,medium
pmid-35259395,35259395,PMC8980627,10.1016/j.jbc.2022.101805,Host AKT-mediated phosphorylation of HIV-1 accessory protein Vif potentiates infectivity via enhanced degradation of the restriction factor APOBEC3G.,2022,selected_for_reading,Full text links a primary virus to a host factor or host pathway mechanism.,fulltext_review,readable,pmc_xml,/Users/xingmeng/.openclaw/workspaces/staff-scientist-ideker/agenticWorkflow_LiteratureScreeningAndFullTextReview/runs/host_pathogen_shared_mechanisms_apms_20260826/passes/pass_002/artifacts/fulltext_import/PMC_XML/normalized/PMC8980627.json,medium
pmid-35130329,35130329,PMC8853643,10.1371/journal.ppat.1010310,SPCS1-Dependent E2-p7 processing determines HCV Assembly efficiency.,2022,selected_for_reading,Full text links a primary virus to a host factor or host pathway mechanism.,fulltext_review,readable,pmc_xml,/Users/xingmeng/.openclaw/workspaces/staff-scientist-ideker/agenticWorkflow_LiteratureScreeningAndFullTextReview/runs/host_pathogen_shared_mechanisms_apms_20260826/passes/pass_002/artifacts/fulltext_import/PMC_XML/normalized/PMC8853643.json,medium
pmid-35105802,35105802,PMC8832970,10.1073/pnas.2108173119,Human cytomegalovirus protein RL1 degrades the antiviral factor SLFN11 via recruitment of the CRL4 E3 ubiquitin ligase complex.,2022,selected_for_reading,"Full text contains useful host-pathogen assay or pathway evidence, but the primary-virus mechanism is less central than in direct papers.",fulltext_review,readable,pmc_xml,/Users/xingmeng/.openclaw/workspaces/staff-scientist-ideker/agenticWorkflow_LiteratureScreeningAndFullTextReview/runs/host_pathogen_shared_mechanisms_apms_20260826/passes/pass_002/artifacts/fulltext_import/PMC_XML/normalized/PMC8832970.json,medium
pmid-35041523,35041523,PMC8725591,10.1128/mbio.01979-21,Differential Expression of CREM/ICER Isoforms Is Associated with the Spontaneous Control of HIV Infection.,2022,selected_for_reading,Full text links a primary virus to a host factor or host pathway mechanism.,fulltext_review,readable,pmc_xml,/Users/xingmeng/.openclaw/workspaces/staff-scientist-ideker/agenticWorkflow_LiteratureScreeningAndFullTextReview/runs/host_pathogen_shared_mechanisms_apms_20260826/passes/pass_002/artifacts/fulltext_import/PMC_XML/normalized/PMC8725591.json,medium
pmid-34737357,34737357,PMC8566969,10.1038/s41422-021-00581-y,Comparison of viral RNA-host protein interactomes across pathogenic RNA viruses informs rapid antiviral drug discovery for SARS-CoV-2.,2022,selected_for_reading,"Full text contains useful host-pathogen assay or pathway evidence, but the primary-virus mechanism is less central than in direct papers.",fulltext_review,readable,pmc_xml,/Users/xingmeng/.openclaw/workspaces/staff-scientist-ideker/agenticWorkflow_LiteratureScreeningAndFullTextReview/runs/host_pathogen_shared_mechanisms_apms_20260826/passes/pass_002/artifacts/fulltext_import/PMC_XML/normalized/PMC8566969.json,medium
pmid-34730388,34730388,PMC8791264,10.1128/JVI.01610-21,BST2 Suppresses LINE-1 Retrotransposition by Reducing the Promoter Activity of LINE-1 5' UTR.,2022,selected_for_reading,"Full text contains useful host-pathogen assay or pathway evidence, but the primary-virus mechanism is less central than in direct papers.",fulltext_review,readable,pmc_xml,/Users/xingmeng/.openclaw/workspaces/staff-scientist-ideker/agenticWorkflow_LiteratureScreeningAndFullTextReview/runs/host_pathogen_shared_mechanisms_apms_20260826/passes/pass_002/artifacts/fulltext_import/PMC_XML/normalized/PMC8791264.json,medium
pmid-34314873,34314873,PMC9880813,10.1016/j.gpb.2021.02.008,A Yeast BiFC-seq Method for Genome-wide Interactome Mapping.,2022,selected_for_reading,"Full text contains useful host-pathogen assay or pathway evidence, but the primary-virus mechanism is less central than in direct papers.",fulltext_review,readable,pmc_xml,/Users/xingmeng/.openclaw/workspaces/staff-scientist-ideker/agenticWorkflow_LiteratureScreeningAndFullTextReview/runs/host_pathogen_shared_mechanisms_apms_20260826/passes/pass_002/artifacts/fulltext_import/PMC_XML/normalized/PMC9880813.json,medium
pmid-34933450,34933450,PMC8689460,10.1128/mBio.02113-21,Interferon-Induced Transmembrane Proteins Inhibit Infection by the Kaposi's Sarcoma-Associated Herpesvirus and the Related Rhesus Monkey Rhadinovirus in a Cell-Specific Manner.,2021,selected_for_reading,Full text links a primary virus to a host factor or host pathway mechanism.,fulltext_review,readable,pmc_xml,/Users/xingmeng/.openclaw/workspaces/staff-scientist-ideker/agenticWorkflow_LiteratureScreeningAndFullTextReview/runs/host_pathogen_shared_mechanisms_apms_20260826/passes/pass_002/artifacts/fulltext_import/PMC_XML/normalized/PMC8689460.json,medium
pmid-34824224,34824224,PMC8616905,10.1038/s41467-021-27177-9,A structured RNA motif locks Argonaute2:miR-122 onto the 5' end of the HCV genome.,2021,selected_for_reading,"Full text centers a primary virus and provides assay-supported host interaction, host factor, or pathway mechanism evidence.",fulltext_review,readable,pmc_xml,/Users/xingmeng/.openclaw/workspaces/staff-scientist-ideker/agenticWorkflow_LiteratureScreeningAndFullTextReview/runs/host_pathogen_shared_mechanisms_apms_20260826/passes/pass_002/artifacts/fulltext_import/PMC_XML/normalized/PMC8616905.json,high
pmid-34745452,34745452,PMC8531761,10.1016/j.csbj.2021.09.017,"An Ebola, Neisseria and Trypanosoma human protein interaction census reveals a conserved human protein cluster targeted by various human pathogens.",2021,selected_for_reading,"Full text contains useful host-pathogen assay or pathway evidence, but the primary-virus mechanism is less central than in direct papers.",fulltext_review,readable,pmc_xml,/Users/xingmeng/.openclaw/workspaces/staff-scientist-ideker/agenticWorkflow_LiteratureScreeningAndFullTextReview/runs/host_pathogen_shared_mechanisms_apms_20260826/passes/pass_002/artifacts/fulltext_import/PMC_XML/normalized/PMC8531761.json,medium
pmid-34697376,34697376,PMC8545964,10.1038/s41598-021-00415-2,HIV-2 Vpx neutralizes host restriction factor SAMHD1 to promote viral pathogenesis.,2021,selected_for_reading,Full text links a primary virus to a host factor or host pathway mechanism.,fulltext_review,readable,pmc_xml,/Users/xingmeng/.openclaw/workspaces/staff-scientist-ideker/agenticWorkflow_LiteratureScreeningAndFullTextReview/runs/host_pathogen_shared_mechanisms_apms_20260826/passes/pass_002/artifacts/fulltext_import/PMC_XML/normalized/PMC8545964.json,medium
pmid-34696522,34696522,PMC8540793,10.3390/v13102092,The Biogenesis of Dengue Virus Replication Organelles Requires the ATPase Activity of Valosin-Containing Protein.,2021,selected_for_reading,"Full text centers a primary virus and provides assay-supported host interaction, host factor, or pathway mechanism evidence.",fulltext_review,readable,pmc_xml,/Users/xingmeng/.openclaw/workspaces/staff-scientist-ideker/agenticWorkflow_LiteratureScreeningAndFullTextReview/runs/host_pathogen_shared_mechanisms_apms_20260826/passes/pass_002/artifacts/fulltext_import/PMC_XML/normalized/PMC8540793.json,high
pmid-34685704,34685704,PMC8534522,10.3390/cells10102723,"The LEDGF/p75 Integrase Binding Domain Interactome Contributes to the Survival, Clonogenicity, and Tumorsphere Formation of Docetaxel-Resistant Prostate Cancer Cells.",2021,selected_for_reading,"Full text contains useful host-pathogen assay or pathway evidence, but the primary-virus mechanism is less central than in direct papers.",fulltext_review,readable,pmc_xml,/Users/xingmeng/.openclaw/workspaces/staff-scientist-ideker/agenticWorkflow_LiteratureScreeningAndFullTextReview/runs/host_pathogen_shared_mechanisms_apms_20260826/passes/pass_002/artifacts/fulltext_import/PMC_XML/normalized/PMC8534522.json,medium
pmid-34613803,34613803,PMC8610598,10.1128/JVI.01445-21,HIV-1 CA Inhibitors Are Antagonized by Inositol Phosphate Stabilization of the Viral Capsid in Cells.,2021,selected_for_reading,Full text links a primary virus to a host factor or host pathway mechanism.,fulltext_review,readable,pmc_xml,/Users/xingmeng/.openclaw/workspaces/staff-scientist-ideker/agenticWorkflow_LiteratureScreeningAndFullTextReview/runs/host_pathogen_shared_mechanisms_apms_20260826/passes/pass_002/artifacts/fulltext_import/PMC_XML/normalized/PMC8610598.json,medium
pmid-34586867,34586867,PMC8610583,10.1128/JVI.00596-21,Genome-Wide CRISPR Screen Identifies RACK1 as a Critical Host Factor for Flavivirus Replication.,2021,selected_for_reading,"Full text contains useful host-pathogen assay or pathway evidence, but the primary-virus mechanism is less central than in direct papers.",fulltext_review,readable,pmc_xml,/Users/xingmeng/.openclaw/workspaces/staff-scientist-ideker/agenticWorkflow_LiteratureScreeningAndFullTextReview/runs/host_pathogen_shared_mechanisms_apms_20260826/passes/pass_002/artifacts/fulltext_import/PMC_XML/normalized/PMC8610583.json,medium
pmid-34565409,34565409,PMC8474785,10.1186/s12977-021-00574-0,Arginyl-tRNA-protein transferase 1 contributes to governing optimal stability of the human immunodeficiency virus type 1 core.,2021,selected_for_reading,"Full text centers a primary virus and provides assay-supported host interaction, host factor, or pathway mechanism evidence.",fulltext_review,readable,pmc_xml,/Users/xingmeng/.openclaw/workspaces/staff-scientist-ideker/agenticWorkflow_LiteratureScreeningAndFullTextReview/runs/host_pathogen_shared_mechanisms_apms_20260826/passes/pass_002/artifacts/fulltext_import/PMC_XML/normalized/PMC8474785.json,high
pmid-34502213,34502213,PMC8431494,10.3390/ijms22179308,High-Throughput NanoBiT-Based Screening for Inhibitors of HIV-1 Vpu and Host BST-2 Protein Interaction.,2021,selected_for_reading,Full text links a primary virus to a host factor or host pathway mechanism.,fulltext_review,readable,pmc_xml,/Users/xingmeng/.openclaw/workspaces/staff-scientist-ideker/agenticWorkflow_LiteratureScreeningAndFullTextReview/runs/host_pathogen_shared_mechanisms_apms_20260826/passes/pass_002/artifacts/fulltext_import/PMC_XML/normalized/PMC8431494.json,medium
pmid-34394108,34394108,PMC8356054,10.3389/fimmu.2021.707287,Identification of COVID-19 and Dengue Host Factor Interaction Networks Based on Integrative Bioinformatics Analyses.,2021,selected_for_reading,"Full text centers a primary virus and provides assay-supported host interaction, host factor, or pathway mechanism evidence.",fulltext_review,readable,pmc_xml,/Users/xingmeng/.openclaw/workspaces/staff-scientist-ideker/agenticWorkflow_LiteratureScreeningAndFullTextReview/runs/host_pathogen_shared_mechanisms_apms_20260826/passes/pass_002/artifacts/fulltext_import/PMC_XML/normalized/PMC8356054.json,high
pmid-34380030,34380030,PMC8385645,10.1016/j.celrep.2021.109514,HIV-1 Nef interacts with the cyclin K/CDK13 complex to antagonize SERINC5 for optimal viral infectivity.,2021,selected_for_reading,"Full text centers a primary virus and provides assay-supported host interaction, host factor, or pathway mechanism evidence.",fulltext_review,readable,pmc_xml,/Users/xingmeng/.openclaw/workspaces/staff-scientist-ideker/agenticWorkflow_LiteratureScreeningAndFullTextReview/runs/host_pathogen_shared_mechanisms_apms_20260826/passes/pass_002/artifacts/fulltext_import/PMC_XML/normalized/PMC8385645.json,high
pmid-34378951,34378951,PMC8552740,10.1128/Spectrum.00475-21,Secretory Carrier Membrane Protein 3 Interacts with 3A Viral Protein of Enterovirus and Participates in Viral Replication.,2021,selected_for_reading,"Full text contains useful host-pathogen assay or pathway evidence, but the primary-virus mechanism is less central than in direct papers.",fulltext_review,readable,pmc_xml,/Users/xingmeng/.openclaw/workspaces/staff-scientist-ideker/agenticWorkflow_LiteratureScreeningAndFullTextReview/runs/host_pathogen_shared_mechanisms_apms_20260826/passes/pass_002/artifacts/fulltext_import/PMC_XML/normalized/PMC8552740.json,medium
pmid-34361946,34361946,PMC8303831,10.3390/microorganisms9071509,Predicted Cellular Interactors of the Endogenous Retrovirus-K Integrase Enzyme.,2021,selected_for_reading,"Full text contains useful host-pathogen assay or pathway evidence, but the primary-virus mechanism is less central than in direct papers.",fulltext_review,readable,pmc_xml,/Users/xingmeng/.openclaw/workspaces/staff-scientist-ideker/agenticWorkflow_LiteratureScreeningAndFullTextReview/runs/host_pathogen_shared_mechanisms_apms_20260826/passes/pass_002/artifacts/fulltext_import/PMC_XML/normalized/PMC8303831.json,medium
pmid-34225493,34225493,PMC8406168,10.1128/mBio.00972-21,Expression of the Ebola Virus VP24 Protein Compromises the Integrity of the Nuclear Envelope and Induces a Laminopathy-Like Cellular Phenotype.,2021,selected_for_reading,"Full text centers a primary virus and provides assay-supported host interaction, host factor, or pathway mechanism evidence.",fulltext_review,readable,pmc_xml,/Users/xingmeng/.openclaw/workspaces/staff-scientist-ideker/agenticWorkflow_LiteratureScreeningAndFullTextReview/runs/host_pathogen_shared_mechanisms_apms_20260826/passes/pass_002/artifacts/fulltext_import/PMC_XML/normalized/PMC8406168.json,high
pmid-34202160,34202160,PMC8310280,10.3390/v13071230,Modulation of Viral Programmed Ribosomal Frameshifting and Stop Codon Readthrough by the Host Restriction Factor Shiftless.,2021,selected_for_reading,"Full text contains useful host-pathogen assay or pathway evidence, but the primary-virus mechanism is less central than in direct papers.",fulltext_review,readable,pmc_xml,/Users/xingmeng/.openclaw/workspaces/staff-scientist-ideker/agenticWorkflow_LiteratureScreeningAndFullTextReview/runs/host_pathogen_shared_mechanisms_apms_20260826/passes/pass_002/artifacts/fulltext_import/PMC_XML/normalized/PMC8310280.json,medium
pmid-34170969,34170969,PMC8266076,10.1371/journal.ppat.1009523,"Highly-potent, synthetic APOBEC3s restrict HIV-1 through deamination-independent mechanisms.",2021,selected_for_reading,Full text links a primary virus to a host factor or host pathway mechanism.,fulltext_review,readable,pmc_xml,/Users/xingmeng/.openclaw/workspaces/staff-scientist-ideker/agenticWorkflow_LiteratureScreeningAndFullTextReview/runs/host_pathogen_shared_mechanisms_apms_20260826/passes/pass_002/artifacts/fulltext_import/PMC_XML/normalized/PMC8266076.json,medium
pmid-34106579,34106579,PMC8552657,10.1128/Spectrum.00145-21,The KSHV ORF20 Protein Interacts with the Viral Processivity Factor ORF59 and Promotes Viral Reactivation.,2021,selected_for_reading,"Full text centers a primary virus and provides assay-supported host interaction, host factor, or pathway mechanism evidence.",fulltext_review,readable,pmc_xml,/Users/xingmeng/.openclaw/workspaces/staff-scientist-ideker/agenticWorkflow_LiteratureScreeningAndFullTextReview/runs/host_pathogen_shared_mechanisms_apms_20260826/passes/pass_002/artifacts/fulltext_import/PMC_XML/normalized/PMC8552657.json,high
pmid-34062120,34062120,PMC8276836,10.1016/j.cell.2021.04.047,TRIM7 inhibits enterovirus replication and promotes emergence of a viral variant with increased pathogenicity.,2021,selected_for_reading,"Full text contains useful host-pathogen assay or pathway evidence, but the primary-virus mechanism is less central than in direct papers.",fulltext_review,readable,pmc_xml,/Users/xingmeng/.openclaw/workspaces/staff-scientist-ideker/agenticWorkflow_LiteratureScreeningAndFullTextReview/runs/host_pathogen_shared_mechanisms_apms_20260826/passes/pass_002/artifacts/fulltext_import/PMC_XML/normalized/PMC8276836.json,medium
pmid-34017322,34017322,PMC8130619,10.3389/fmicb.2021.682380,USP18 Mediates Interferon Resistance of Dengue Virus Infection.,2021,selected_for_reading,Full text links a primary virus to a host factor or host pathway mechanism.,fulltext_review,readable,pmc_xml,/Users/xingmeng/.openclaw/workspaces/staff-scientist-ideker/agenticWorkflow_LiteratureScreeningAndFullTextReview/runs/host_pathogen_shared_mechanisms_apms_20260826/passes/pass_002/artifacts/fulltext_import/PMC_XML/normalized/PMC8130619.json,medium
pmid-34001619,34001619,PMC8166163,10.1073/pnas.2101450118,HIV envelope tail truncation confers resistance to SERINC5 restriction.,2021,selected_for_reading,Full text links a primary virus to a host factor or host pathway mechanism.,fulltext_review,readable,pmc_xml,/Users/xingmeng/.openclaw/workspaces/staff-scientist-ideker/agenticWorkflow_LiteratureScreeningAndFullTextReview/runs/host_pathogen_shared_mechanisms_apms_20260826/passes/pass_002/artifacts/fulltext_import/PMC_XML/normalized/PMC8166163.json,medium
pmid-33983947,33983947,PMC8118348,10.1371/journal.pone.0250318,Identification of recombinant Fabs for structural and functional characterization of HIV-host factor complexes.,2021,selected_for_reading,"Full text centers a primary virus and provides assay-supported host interaction, host factor, or pathway mechanism evidence.",fulltext_review,readable,pmc_xml,/Users/xingmeng/.openclaw/workspaces/staff-scientist-ideker/agenticWorkflow_LiteratureScreeningAndFullTextReview/runs/host_pathogen_shared_mechanisms_apms_20260826/passes/pass_002/artifacts/fulltext_import/PMC_XML/normalized/PMC8118348.json,high
pmid-33954117,33954117,PMC8092360,10.3389/fcimb.2021.575346,"AXL, an Important Host Factor for DENV and ZIKV Replication.",2021,selected_for_reading,Full text links a primary virus to a host factor or host pathway mechanism.,fulltext_review,readable,pmc_xml,/Users/xingmeng/.openclaw/workspaces/staff-scientist-ideker/agenticWorkflow_LiteratureScreeningAndFullTextReview/runs/host_pathogen_shared_mechanisms_apms_20260826/passes/pass_002/artifacts/fulltext_import/PMC_XML/normalized/PMC8092360.json,medium
pmid-33807824,33807824,PMC8001122,10.3390/v13030417,Interactions of HIV-1 Capsid with Host Factors and Their Implications for Developing Novel Therapeutics.,2021,selected_for_reading,"Full text centers a primary virus and provides assay-supported host interaction, host factor, or pathway mechanism evidence.",fulltext_review,readable,pmc_xml,/Users/xingmeng/.openclaw/workspaces/staff-scientist-ideker/agenticWorkflow_LiteratureScreeningAndFullTextReview/runs/host_pathogen_shared_mechanisms_apms_20260826/passes/pass_002/artifacts/fulltext_import/PMC_XML/normalized/PMC8001122.json,high
pmid-33801276,33801276,PMC7999308,10.3390/v13030395,SAMHD1 … and Viral Ways around It.,2021,selected_for_reading,"Full text contains useful host-pathogen assay or pathway evidence, but the primary-virus mechanism is less central than in direct papers.",fulltext_review,readable,pmc_xml,/Users/xingmeng/.openclaw/workspaces/staff-scientist-ideker/agenticWorkflow_LiteratureScreeningAndFullTextReview/runs/host_pathogen_shared_mechanisms_apms_20260826/passes/pass_002/artifacts/fulltext_import/PMC_XML/normalized/PMC7999308.json,medium
pmid-33669846,33669846,PMC7923229,10.3390/v13020320,Human TRIM5α: Autophagy Connects Cell-Intrinsic HIV-1 Restriction and Innate Immune Sensor Functioning.,2021,selected_for_reading,Full text links a primary virus to a host factor or host pathway mechanism.,fulltext_review,readable,pmc_xml,/Users/xingmeng/.openclaw/workspaces/staff-scientist-ideker/agenticWorkflow_LiteratureScreeningAndFullTextReview/runs/host_pathogen_shared_mechanisms_apms_20260826/passes/pass_002/artifacts/fulltext_import/PMC_XML/normalized/PMC7923229.json,medium
pmid-33597212,33597212,PMC8104114,10.1128/JVI.02049-20,Proximity Biotin Labeling Reveals Kaposi's Sarcoma-Associated Herpesvirus Interferon Regulatory Factor Networks.,2021,selected_for_reading,"Full text centers a primary virus and provides assay-supported host interaction, host factor, or pathway mechanism evidence.",fulltext_review,readable,pmc_xml,/Users/xingmeng/.openclaw/workspaces/staff-scientist-ideker/agenticWorkflow_LiteratureScreeningAndFullTextReview/runs/host_pathogen_shared_mechanisms_apms_20260826/passes/pass_002/artifacts/fulltext_import/PMC_XML/normalized/PMC8104114.json,high
pmid-33593971,33593971,PMC8545129,10.1128/mBio.03616-20,A Glycoprotein Mutation That Emerged during the 2013-2016 Ebola Virus Epidemic Alters Proteolysis and Accelerates Membrane Fusion.,2021,selected_for_reading,Full text links a primary virus to a host factor or host pathway mechanism.,fulltext_review,readable,pmc_xml,/Users/xingmeng/.openclaw/workspaces/staff-scientist-ideker/agenticWorkflow_LiteratureScreeningAndFullTextReview/runs/host_pathogen_shared_mechanisms_apms_20260826/passes/pass_002/artifacts/fulltext_import/PMC_XML/normalized/PMC8545129.json,medium
pmid-33523994,33523994,PMC7793585,10.1126/sciadv.abd9732,TRIM26 is a critical host factor for HCV replication and contributes to host tropism.,2021,selected_for_reading,Full text links a primary virus to a host factor or host pathway mechanism.,fulltext_review,readable,pmc_xml,/Users/xingmeng/.openclaw/workspaces/staff-scientist-ideker/agenticWorkflow_LiteratureScreeningAndFullTextReview/runs/host_pathogen_shared_mechanisms_apms_20260826/passes/pass_002/artifacts/fulltext_import/PMC_XML/normalized/PMC7793585.json,medium
pmid-33513206,33513206,PMC7875390,10.1371/journal.ppat.1009275,Ebola virus triggers receptor tyrosine kinase-dependent signaling to promote the delivery of viral particles to entry-conducive intracellular compartments.,2021,selected_for_reading,Full text links a primary virus to a host factor or host pathway mechanism.,fulltext_review,readable,pmc_xml,/Users/xingmeng/.openclaw/workspaces/staff-scientist-ideker/agenticWorkflow_LiteratureScreeningAndFullTextReview/runs/host_pathogen_shared_mechanisms_apms_20260826/passes/pass_002/artifacts/fulltext_import/PMC_XML/normalized/PMC7875390.json,medium
pmid-33357410,33357410,PMC7935764,10.1016/j.str.2020.12.001,Allosteric HIV Integrase Inhibitors Promote Formation of Inactive Branched Polymers via Homomeric Carboxy-Terminal Domain Interactions.,2021,selected_for_reading,"Full text centers a primary virus and provides assay-supported host interaction, host factor, or pathway mechanism evidence.",fulltext_review,readable,pmc_xml,/Users/xingmeng/.openclaw/workspaces/staff-scientist-ideker/agenticWorkflow_LiteratureScreeningAndFullTextReview/runs/host_pathogen_shared_mechanisms_apms_20260826/passes/pass_002/artifacts/fulltext_import/PMC_XML/normalized/PMC7935764.json,high
pmid-33172327,33172327,PMC8525956,10.1080/15548627.2020.1846301,Equine lentivirus counteracts SAMHD1 restriction by Rev-mediated degradation of SAMHD1 via the BECN1-dependent lysosomal pathway.,2021,selected_for_reading,"Full text has plausible host pathway or host-factor mechanism context for a primary virus, but evidence is not strongly assay-centered.",fulltext_review,readable,pmc_xml,/Users/xingmeng/.openclaw/workspaces/staff-scientist-ideker/agenticWorkflow_LiteratureScreeningAndFullTextReview/runs/host_pathogen_shared_mechanisms_apms_20260826/passes/pass_002/artifacts/fulltext_import/PMC_XML/normalized/PMC8525956.json,low
pmid-33521797,33521797,PMC7842267,10.1016/j.crviro.2020.100002,Proteasomal degradation of human SERINC4: A potent host anti-HIV-1 factor that is antagonized by nef.,2020,selected_for_reading,Full text links a primary virus to a host factor or host pathway mechanism.,fulltext_review,readable,pmc_xml,/Users/xingmeng/.openclaw/workspaces/staff-scientist-ideker/agenticWorkflow_LiteratureScreeningAndFullTextReview/runs/host_pathogen_shared_mechanisms_apms_20260826/passes/pass_002/artifacts/fulltext_import/PMC_XML/normalized/PMC7842267.json,medium
pmid-33068416,33068416,PMC7672441,10.1093/nar/gkaa864,Structural analysis of SARS-CoV-2 genome and predictions of the human interactome.,2020,selected_for_reading,"Full text contains useful host-pathogen assay or pathway evidence, but the primary-virus mechanism is less central than in direct papers.",fulltext_review,readable,pmc_xml,/Users/xingmeng/.openclaw/workspaces/staff-scientist-ideker/agenticWorkflow_LiteratureScreeningAndFullTextReview/runs/host_pathogen_shared_mechanisms_apms_20260826/passes/pass_002/artifacts/fulltext_import/PMC_XML/normalized/PMC7672441.json,medium
pmid-33042070,33042070,PMC7522514,10.3389/fmicb.2020.565590,SNORD126 Promotes Hepatitis C Virus Infection by Upregulating Claudin-1 via Activation of PI3K-AKT Signaling Pathway.,2020,selected_for_reading,Full text links a primary virus to a host factor or host pathway mechanism.,fulltext_review,readable,pmc_xml,/Users/xingmeng/.openclaw/workspaces/staff-scientist-ideker/agenticWorkflow_LiteratureScreeningAndFullTextReview/runs/host_pathogen_shared_mechanisms_apms_20260826/passes/pass_002/artifacts/fulltext_import/PMC_XML/normalized/PMC7522514.json,medium
pmid-32900848,32900848,PMC7863897,10.1074/jbc.RA120.014761,Cholesterol sensing by CD81 is important for hepatitis C virus entry.,2020,selected_for_reading,"Full text centers a primary virus and provides assay-supported host interaction, host factor, or pathway mechanism evidence.",fulltext_review,readable,pmc_xml,/Users/xingmeng/.openclaw/workspaces/staff-scientist-ideker/agenticWorkflow_LiteratureScreeningAndFullTextReview/runs/host_pathogen_shared_mechanisms_apms_20260826/passes/pass_002/artifacts/fulltext_import/PMC_XML/normalized/PMC7863897.json,high
pmid-32835602,32835602,PMC7531522,10.1080/19420862.2020.1802187,Novel monoclonal antibodies to the SERINC5 HIV-1 restriction factor detect endogenous andvirion-associated SERINC5.,2020,selected_for_reading,Full text links a primary virus to a host factor or host pathway mechanism.,fulltext_review,readable,pmc_xml,/Users/xingmeng/.openclaw/workspaces/staff-scientist-ideker/agenticWorkflow_LiteratureScreeningAndFullTextReview/runs/host_pathogen_shared_mechanisms_apms_20260826/passes/pass_002/artifacts/fulltext_import/PMC_XML/normalized/PMC7531522.json,medium
pmid-32802403,32802403,PMC7400672,10.1038/s41421-020-0184-9,PSGL-1 inhibits HIV-1 infection by restricting actin dynamics and sequestering HIV envelope proteins.,2020,selected_for_reading,"Full text centers a primary virus and provides assay-supported host interaction, host factor, or pathway mechanism evidence.",fulltext_review,readable,pmc_xml,/Users/xingmeng/.openclaw/workspaces/staff-scientist-ideker/agenticWorkflow_LiteratureScreeningAndFullTextReview/runs/host_pathogen_shared_mechanisms_apms_20260826/passes/pass_002/artifacts/fulltext_import/PMC_XML/normalized/PMC7400672.json,high
pmid-32751972,32751972,PMC7472357,10.3390/v12080839,Cell Cycle Regulation in Macrophages and Susceptibility to HIV-1.,2020,selected_for_reading,Full text links a primary virus to a host factor or host pathway mechanism.,fulltext_review,readable,pmc_xml,/Users/xingmeng/.openclaw/workspaces/staff-scientist-ideker/agenticWorkflow_LiteratureScreeningAndFullTextReview/runs/host_pathogen_shared_mechanisms_apms_20260826/passes/pass_002/artifacts/fulltext_import/PMC_XML/normalized/PMC7472357.json,medium
pmid-32665270,32665270,PMC7360927,10.1128/mBio.00782-20,Convergent Evolution of HLA-C Downmodulation in HIV-1 and HIV-2.,2020,selected_for_reading,Full text links a primary virus to a host factor or host pathway mechanism.,fulltext_review,readable,pmc_xml,/Users/xingmeng/.openclaw/workspaces/staff-scientist-ideker/agenticWorkflow_LiteratureScreeningAndFullTextReview/runs/host_pathogen_shared_mechanisms_apms_20260826/passes/pass_002/artifacts/fulltext_import/PMC_XML/normalized/PMC7360927.json,medium
pmid-32665269,32665269,PMC7360926,10.1128/mBio.00588-20,SERINC5 Potently Restricts Retrovirus Infection In Vivo.,2020,selected_for_reading,"Full text has plausible host pathway or host-factor mechanism context for a primary virus, but evidence is not strongly assay-centered.",fulltext_review,readable,pmc_xml,/Users/xingmeng/.openclaw/workspaces/staff-scientist-ideker/agenticWorkflow_LiteratureScreeningAndFullTextReview/runs/host_pathogen_shared_mechanisms_apms_20260826/passes/pass_002/artifacts/fulltext_import/PMC_XML/normalized/PMC7360926.json,low
pmid-32651437,32651437,PMC7351720,10.1038/s41598-020-68341-3,Overexpressed coiled-coil domain containing protein 8 (CCDC8) mediates newly synthesized HIV-1 Gag lysosomal degradation.,2020,selected_for_reading,"Full text centers a primary virus and provides assay-supported host interaction, host factor, or pathway mechanism evidence.",fulltext_review,readable,pmc_xml,/Users/xingmeng/.openclaw/workspaces/staff-scientist-ideker/agenticWorkflow_LiteratureScreeningAndFullTextReview/runs/host_pathogen_shared_mechanisms_apms_20260826/passes/pass_002/artifacts/fulltext_import/PMC_XML/normalized/PMC7351720.json,high
pmid-32631335,32631335,PMC7339526,10.1186/s12879-020-05214-0,A systems biology-driven approach to construct a comprehensive protein interaction network of influenza A virus with its host.,2020,selected_for_reading,"Full text contains useful host-pathogen assay or pathway evidence, but the primary-virus mechanism is less central than in direct papers.",fulltext_review,readable,pmc_xml,/Users/xingmeng/.openclaw/workspaces/staff-scientist-ideker/agenticWorkflow_LiteratureScreeningAndFullTextReview/runs/host_pathogen_shared_mechanisms_apms_20260826/passes/pass_002/artifacts/fulltext_import/PMC_XML/normalized/PMC7339526.json,medium
pmid-32595622,32595622,PMC7301684,10.3389/fmicb.2020.01230,Antiviral Activity of Feline BCA2 Is Mainly Dependent on Its Interference With Proviral Transcription Rather Than Degradation of FIV Gag.,2020,selected_for_reading,"Full text has plausible host pathway or host-factor mechanism context for a primary virus, but evidence is not strongly assay-centered.",fulltext_review,readable,pmc_xml,/Users/xingmeng/.openclaw/workspaces/staff-scientist-ideker/agenticWorkflow_LiteratureScreeningAndFullTextReview/runs/host_pathogen_shared_mechanisms_apms_20260826/passes/pass_002/artifacts/fulltext_import/PMC_XML/normalized/PMC7301684.json,low
pmid-32553106,32553106,PMC7299335,10.7554/eLife.56910,MxB sensitivity of HIV-1 is determined by a highly variable and dynamic capsid surface.,2020,selected_for_reading,Full text links a primary virus to a host factor or host pathway mechanism.,fulltext_review,readable,pmc_xml,/Users/xingmeng/.openclaw/workspaces/staff-scientist-ideker/agenticWorkflow_LiteratureScreeningAndFullTextReview/runs/host_pathogen_shared_mechanisms_apms_20260826/passes/pass_002/artifacts/fulltext_import/PMC_XML/normalized/PMC7299335.json,medium
pmid-32545337,32545337,PMC7354551,10.3390/v12060636,Daxx Inhibits HIV-1 Reverse Transcription and Uncoating in a SUMO-Dependent Manner.,2020,selected_for_reading,"Full text centers a primary virus and provides assay-supported host interaction, host factor, or pathway mechanism evidence.",fulltext_review,readable,pmc_xml,/Users/xingmeng/.openclaw/workspaces/staff-scientist-ideker/agenticWorkflow_LiteratureScreeningAndFullTextReview/runs/host_pathogen_shared_mechanisms_apms_20260826/passes/pass_002/artifacts/fulltext_import/PMC_XML/normalized/PMC7354551.json,high
pmid-32542055,32542055,PMC7316345,10.1371/journal.ppat.1008554,The ATGL lipase cooperates with ABHD5 to mobilize lipids for hepatitis C virus assembly.,2020,selected_for_reading,"Full text centers a primary virus and provides assay-supported host interaction, host factor, or pathway mechanism evidence.",fulltext_review,readable,pmc_xml,/Users/xingmeng/.openclaw/workspaces/staff-scientist-ideker/agenticWorkflow_LiteratureScreeningAndFullTextReview/runs/host_pathogen_shared_mechanisms_apms_20260826/passes/pass_002/artifacts/fulltext_import/PMC_XML/normalized/PMC7316345.json,high
pmid-32499180,32499180,PMC7416749,10.1016/j.jgg.2020.02.008,Drosophila P75 safeguards oogenesis by preventing H3K9me2 spreading.,2020,selected_for_reading,"Full text contains useful host-pathogen assay or pathway evidence, but the primary-virus mechanism is less central than in direct papers.",fulltext_review,readable,pmc_xml,/Users/xingmeng/.openclaw/workspaces/staff-scientist-ideker/agenticWorkflow_LiteratureScreeningAndFullTextReview/runs/host_pathogen_shared_mechanisms_apms_20260826/passes/pass_002/artifacts/fulltext_import/PMC_XML/normalized/PMC7416749.json,medium
pmid-32438252,32438252,PMC7492092,10.1016/j.ejmech.2020.112427,Chemical profiling of HIV-1 capsid-targeting antiviral PF74.,2020,selected_for_reading,Full text links a primary virus to a host factor or host pathway mechanism.,fulltext_review,readable,pmc_xml,/Users/xingmeng/.openclaw/workspaces/staff-scientist-ideker/agenticWorkflow_LiteratureScreeningAndFullTextReview/runs/host_pathogen_shared_mechanisms_apms_20260826/passes/pass_002/artifacts/fulltext_import/PMC_XML/normalized/PMC7492092.json,medium
pmid-32411105,32411105,PMC7200986,10.3389/fmicb.2020.00725,A Coupled Mathematical Model of the Intracellular Replication of Dengue Virus and the Host Cell Immune Response to Infection.,2020,selected_for_reading,Full text links a primary virus to a host factor or host pathway mechanism.,fulltext_review,readable,pmc_xml,/Users/xingmeng/.openclaw/workspaces/staff-scientist-ideker/agenticWorkflow_LiteratureScreeningAndFullTextReview/runs/host_pathogen_shared_mechanisms_apms_20260826/passes/pass_002/artifacts/fulltext_import/PMC_XML/normalized/PMC7200986.json,medium
pmid-32370067,32370067,PMC7290923,10.3390/cells9051126,The Cellular Protein CAD is Recruited into Ebola Virus Inclusion Bodies by the Nucleoprotein NP to Facilitate Genome Replication and Transcription.,2020,selected_for_reading,Full text links a primary virus to a host factor or host pathway mechanism.,fulltext_review,readable,pmc_xml,/Users/xingmeng/.openclaw/workspaces/staff-scientist-ideker/agenticWorkflow_LiteratureScreeningAndFullTextReview/runs/host_pathogen_shared_mechanisms_apms_20260826/passes/pass_002/artifacts/fulltext_import/PMC_XML/normalized/PMC7290923.json,medium
pmid-32325729,32325729,PMC7232323,10.3390/v12040459,The Nef Protein of the Macrophage Tropic HIV-1 Strain AD8 Counteracts Human BST-2/Tetherin.,2020,selected_for_reading,Full text links a primary virus to a host factor or host pathway mechanism.,fulltext_review,readable,pmc_xml,/Users/xingmeng/.openclaw/workspaces/staff-scientist-ideker/agenticWorkflow_LiteratureScreeningAndFullTextReview/runs/host_pathogen_shared_mechanisms_apms_20260826/passes/pass_002/artifacts/fulltext_import/PMC_XML/normalized/PMC7232323.json,medium
pmid-32317327,32317327,PMC7175097,10.1128/mBio.03424-19,X-Linked RNA-Binding Motif Protein Modulates HIV-1 Infection of CD4(+) T Cells by Maintaining the Trimethylation of Histone H3 Lysine 9 at the Downstream Region of the 5' Long Terminal Repeat of HIV Proviral DNA.,2020,selected_for_reading,Full text links a primary virus to a host factor or host pathway mechanism.,fulltext_review,readable,pmc_xml,/Users/xingmeng/.openclaw/workspaces/staff-scientist-ideker/agenticWorkflow_LiteratureScreeningAndFullTextReview/runs/host_pathogen_shared_mechanisms_apms_20260826/passes/pass_002/artifacts/fulltext_import/PMC_XML/normalized/PMC7175097.json,medium
pmid-32292405,32292405,PMC7118926,10.3389/fimmu.2020.00503,Syndecan 4 Upregulation on Activated Langerhans Cells Counteracts Langerin Restriction to Facilitate Hepatitis C Virus Transmission.,2020,selected_for_reading,Full text links a primary virus to a host factor or host pathway mechanism.,fulltext_review,readable,pmc_xml,/Users/xingmeng/.openclaw/workspaces/staff-scientist-ideker/agenticWorkflow_LiteratureScreeningAndFullTextReview/runs/host_pathogen_shared_mechanisms_apms_20260826/passes/pass_002/artifacts/fulltext_import/PMC_XML/normalized/PMC7118926.json,medium
pmid-32291299,32291299,PMC7157815,10.1128/mBio.00467-20,A Sensitive Yellow Fever Virus Entry Reporter Identifies Valosin-Containing Protein (VCP/p97) as an Essential Host Factor for Flavivirus Uncoating.,2020,selected_for_reading,"Full text contains useful host-pathogen assay or pathway evidence, but the primary-virus mechanism is less central than in direct papers.",fulltext_review,readable,pmc_xml,/Users/xingmeng/.openclaw/workspaces/staff-scientist-ideker/agenticWorkflow_LiteratureScreeningAndFullTextReview/runs/host_pathogen_shared_mechanisms_apms_20260826/passes/pass_002/artifacts/fulltext_import/PMC_XML/normalized/PMC7157815.json,medium
pmid-32282853,32282853,PMC7179944,10.1371/journal.ppat.1008507,TRIM34 restricts HIV-1 and SIV capsids in a TRIM5α-dependent manner.,2020,selected_for_reading,"Full text centers a primary virus and provides assay-supported host interaction, host factor, or pathway mechanism evidence.",fulltext_review,readable,pmc_xml,/Users/xingmeng/.openclaw/workspaces/staff-scientist-ideker/agenticWorkflow_LiteratureScreeningAndFullTextReview/runs/host_pathogen_shared_mechanisms_apms_20260826/passes/pass_002/artifacts/fulltext_import/PMC_XML/normalized/PMC7179944.json,high
pmid-32273392,32273392,PMC7196789,10.1073/pnas.1916054117,PSGL-1 restricts HIV-1 infectivity by blocking virus particle attachment to target cells.,2020,selected_for_reading,"Full text centers a primary virus and provides assay-supported host interaction, host factor, or pathway mechanism evidence.",fulltext_review,readable,pmc_xml,/Users/xingmeng/.openclaw/workspaces/staff-scientist-ideker/agenticWorkflow_LiteratureScreeningAndFullTextReview/runs/host_pathogen_shared_mechanisms_apms_20260826/passes/pass_002/artifacts/fulltext_import/PMC_XML/normalized/PMC7196789.json,high
pmid-32228614,32228614,PMC7106839,10.1186/s12977-020-00514-4,DDX5 potentiates HIV-1 transcription as a co-factor of Tat.,2020,selected_for_reading,"Full text centers a primary virus and provides assay-supported host interaction, host factor, or pathway mechanism evidence.",fulltext_review,readable,pmc_xml,/Users/xingmeng/.openclaw/workspaces/staff-scientist-ideker/agenticWorkflow_LiteratureScreeningAndFullTextReview/runs/host_pathogen_shared_mechanisms_apms_20260826/passes/pass_002/artifacts/fulltext_import/PMC_XML/normalized/PMC7106839.json,high
pmid-32199981,32199981,PMC7172729,10.1016/j.jmb.2020.03.016,Ste24: An Integral Membrane Protein Zinc Metalloprotease with Provocative Structure and Emergent Biology.,2020,selected_for_reading,"Full text contains useful host-pathogen assay or pathway evidence, but the primary-virus mechanism is less central than in direct papers.",fulltext_review,readable,pmc_xml,/Users/xingmeng/.openclaw/workspaces/staff-scientist-ideker/agenticWorkflow_LiteratureScreeningAndFullTextReview/runs/host_pathogen_shared_mechanisms_apms_20260826/passes/pass_002/artifacts/fulltext_import/PMC_XML/normalized/PMC7172729.json,medium
pmid-32176734,32176734,PMC7098636,10.1371/journal.ppat.1008430,Nucleolar protein NOP2/NSUN1 suppresses HIV-1 transcription and promotes viral latency by competing with Tat for TAR binding and methylation.,2020,selected_for_reading,"Full text centers a primary virus and provides assay-supported host interaction, host factor, or pathway mechanism evidence.",fulltext_review,readable,pmc_xml,/Users/xingmeng/.openclaw/workspaces/staff-scientist-ideker/agenticWorkflow_LiteratureScreeningAndFullTextReview/runs/host_pathogen_shared_mechanisms_apms_20260826/passes/pass_002/artifacts/fulltext_import/PMC_XML/normalized/PMC7098636.json,high
pmid-32132633,32132633,PMC7055353,10.1038/s41598-020-61051-w,Very-long-chain fatty acid metabolic capacity of 17-beta-hydroxysteroid dehydrogenase type 12 (HSD17B12) promotes replication of hepatitis C virus and related flaviviruses.,2020,selected_for_reading,"Full text centers a primary virus and provides assay-supported host interaction, host factor, or pathway mechanism evidence.",fulltext_review,readable,pmc_xml,/Users/xingmeng/.openclaw/workspaces/staff-scientist-ideker/agenticWorkflow_LiteratureScreeningAndFullTextReview/runs/host_pathogen_shared_mechanisms_apms_20260826/passes/pass_002/artifacts/fulltext_import/PMC_XML/normalized/PMC7055353.json,high
pmid-32119644,32119644,PMC7051176,10.7554/eLife.51035,Mannose receptor is an HIV restriction factor counteracted by Vpr in macrophages.,2020,selected_for_reading,Full text links a primary virus to a host factor or host pathway mechanism.,fulltext_review,readable,pmc_xml,/Users/xingmeng/.openclaw/workspaces/staff-scientist-ideker/agenticWorkflow_LiteratureScreeningAndFullTextReview/runs/host_pathogen_shared_mechanisms_apms_20260826/passes/pass_002/artifacts/fulltext_import/PMC_XML/normalized/PMC7051176.json,medium
pmid-32098260,32098260,PMC7073135,10.3390/ijms21041479,The Role of the RNA-RNA Interactome in the Hepatitis C Virus Life Cycle.,2020,selected_for_reading,"Full text centers a primary virus and provides assay-supported host interaction, host factor, or pathway mechanism evidence.",fulltext_review,readable,pmc_xml,/Users/xingmeng/.openclaw/workspaces/staff-scientist-ideker/agenticWorkflow_LiteratureScreeningAndFullTextReview/runs/host_pathogen_shared_mechanisms_apms_20260826/passes/pass_002/artifacts/fulltext_import/PMC_XML/normalized/PMC7073135.json,high
pmid-31940815,31940815,PMC7017048,10.3390/cells9010187,The Ebola Virus Nucleoprotein Recruits the Nuclear RNA Export Factor NXF1 into Inclusion Bodies to Facilitate Viral Protein Expression.,2020,selected_for_reading,Full text links a primary virus to a host factor or host pathway mechanism.,fulltext_review,readable,pmc_xml,/Users/xingmeng/.openclaw/workspaces/staff-scientist-ideker/agenticWorkflow_LiteratureScreeningAndFullTextReview/runs/host_pathogen_shared_mechanisms_apms_20260826/passes/pass_002/artifacts/fulltext_import/PMC_XML/normalized/PMC7017048.json,medium
pmid-31923286,31923286,PMC6977772,10.1371/journal.ppat.1008268,Epigenetic factor siRNA screen during primary KSHV infection identifies novel host restriction factors for the lytic cycle of KSHV.,2020,selected_for_reading,Full text links a primary virus to a host factor or host pathway mechanism.,fulltext_review,readable,pmc_xml,/Users/xingmeng/.openclaw/workspaces/staff-scientist-ideker/agenticWorkflow_LiteratureScreeningAndFullTextReview/runs/host_pathogen_shared_mechanisms_apms_20260826/passes/pass_002/artifacts/fulltext_import/PMC_XML/normalized/PMC6977772.json,medium
pmid-31797533,31797533,PMC6944907,10.15252/embr.201847528,TRIM21-mediated proteasomal degradation of SAMHD1 regulates its antiviral activity.,2020,selected_for_reading,"Full text contains useful host-pathogen assay or pathway evidence, but the primary-virus mechanism is less central than in direct papers.",fulltext_review,readable,pmc_xml,/Users/xingmeng/.openclaw/workspaces/staff-scientist-ideker/agenticWorkflow_LiteratureScreeningAndFullTextReview/runs/host_pathogen_shared_mechanisms_apms_20260826/passes/pass_002/artifacts/fulltext_import/PMC_XML/normalized/PMC6944907.json,medium
pmid-31765920,31765920,PMC6957716,10.1016/j.virol.2019.10.005,A comprehensive proteomics analysis of JC virus Agnoprotein-interacting proteins: Agnoprotein primarily targets the host proteins with coiled-coil motifs.,2020,selected_for_reading,"Full text contains useful host-pathogen assay or pathway evidence, but the primary-virus mechanism is less central than in direct papers.",fulltext_review,readable,pmc_xml,/Users/xingmeng/.openclaw/workspaces/staff-scientist-ideker/agenticWorkflow_LiteratureScreeningAndFullTextReview/runs/host_pathogen_shared_mechanisms_apms_20260826/passes/pass_002/artifacts/fulltext_import/PMC_XML/normalized/PMC6957716.json,medium
pmid-31076402,31076402,PMC7613422,10.1136/gutjnl-2018-317423,Functional microRNA screen uncovers O-linked N-acetylglucosamine transferase as a host factor modulating hepatitis C virus morphogenesis and infectivity.,2020,selected_for_reading,"Full text centers a primary virus and provides assay-supported host interaction, host factor, or pathway mechanism evidence.",fulltext_review,readable,pmc_xml,/Users/xingmeng/.openclaw/workspaces/staff-scientist-ideker/agenticWorkflow_LiteratureScreeningAndFullTextReview/runs/host_pathogen_shared_mechanisms_apms_20260826/passes/pass_002/artifacts/fulltext_import/PMC_XML/normalized/PMC7613422.json,high
pmid-31850845,31850845,PMC6946564,10.7554/eLife.52649,HIV restriction factor APOBEC3G binds in multiple steps and conformations to search and deaminate single-stranded DNA.,2019,selected_for_reading,Full text links a primary virus to a host factor or host pathway mechanism.,fulltext_review,readable,pmc_xml,/Users/xingmeng/.openclaw/workspaces/staff-scientist-ideker/agenticWorkflow_LiteratureScreeningAndFullTextReview/runs/host_pathogen_shared_mechanisms_apms_20260826/passes/pass_002/artifacts/fulltext_import/PMC_XML/normalized/PMC6946564.json,medium
pmid-31807695,31807695,PMC6881174,10.1126/sciadv.aaw3631,Hierarchical assembly governs TRIM5α recognition of HIV-1 and retroviral capsids.,2019,selected_for_reading,Full text links a primary virus to a host factor or host pathway mechanism.,fulltext_review,readable,pmc_xml,/Users/xingmeng/.openclaw/workspaces/staff-scientist-ideker/agenticWorkflow_LiteratureScreeningAndFullTextReview/runs/host_pathogen_shared_mechanisms_apms_20260826/passes/pass_002/artifacts/fulltext_import/PMC_XML/normalized/PMC6881174.json,medium
pmid-31744918,31744918,PMC6867896,10.1128/mBio.02457-19,Cell-to-Cell Spreading of HIV-1 in Myeloid Target Cells Escapes SAMHD1 Restriction.,2019,selected_for_reading,Full text links a primary virus to a host factor or host pathway mechanism.,fulltext_review,readable,pmc_xml,/Users/xingmeng/.openclaw/workspaces/staff-scientist-ideker/agenticWorkflow_LiteratureScreeningAndFullTextReview/runs/host_pathogen_shared_mechanisms_apms_20260826/passes/pass_002/artifacts/fulltext_import/PMC_XML/normalized/PMC6867896.json,medium
pmid-31736889,31736889,PMC6831784,10.3389/fmicb.2019.02437,HIV-1 Nef Targets HDAC6 to Assure Viral Production and Virus Infection.,2019,selected_for_reading,Full text links a primary virus to a host factor or host pathway mechanism.,fulltext_review,readable,pmc_xml,/Users/xingmeng/.openclaw/workspaces/staff-scientist-ideker/agenticWorkflow_LiteratureScreeningAndFullTextReview/runs/host_pathogen_shared_mechanisms_apms_20260826/passes/pass_002/artifacts/fulltext_import/PMC_XML/normalized/PMC6831784.json,medium
pmid-31722207,31722207,PMC7391006,10.1016/j.celrep.2019.10.009,"The GTPase Domain of MX2 Interacts with the HIV-1 Capsid, Enabling Its Short Isoform to Moderate Antiviral Restriction.",2019,selected_for_reading,Full text links a primary virus to a host factor or host pathway mechanism.,fulltext_review,readable,pmc_xml,/Users/xingmeng/.openclaw/workspaces/staff-scientist-ideker/agenticWorkflow_LiteratureScreeningAndFullTextReview/runs/host_pathogen_shared_mechanisms_apms_20260826/passes/pass_002/artifacts/fulltext_import/PMC_XML/normalized/PMC7391006.json,medium
pmid-31682228,31682228,PMC6855800,10.7554/eLife.49500,"IFI16, a nuclear innate immune DNA sensor, mediates epigenetic silencing of herpesvirus genomes by its association with H3K9 methyltransferases SUV39H1 and GLP.",2019,selected_for_reading,"Full text contains useful host-pathogen assay or pathway evidence, but the primary-virus mechanism is less central than in direct papers.",fulltext_review,readable,pmc_xml,/Users/xingmeng/.openclaw/workspaces/staff-scientist-ideker/agenticWorkflow_LiteratureScreeningAndFullTextReview/runs/host_pathogen_shared_mechanisms_apms_20260826/passes/pass_002/artifacts/fulltext_import/PMC_XML/normalized/PMC6855800.json,medium
pmid-31648236,31648236,PMC6812753,10.1371/journal.ppat.1008068,Ebola virus-mediated T-lymphocyte depletion is the result of an abortive infection.,2019,selected_for_reading,Full text links a primary virus to a host factor or host pathway mechanism.,fulltext_review,readable,pmc_xml,/Users/xingmeng/.openclaw/workspaces/staff-scientist-ideker/agenticWorkflow_LiteratureScreeningAndFullTextReview/runs/host_pathogen_shared_mechanisms_apms_20260826/passes/pass_002/artifacts/fulltext_import/PMC_XML/normalized/PMC6812753.json,medium
pmid-31636628,31636628,PMC6787150,10.3389/fimmu.2019.02186,Common Nodes of Virus-Host Interaction Revealed Through an Integrated Network Analysis.,2019,selected_for_reading,"Full text contains useful host-pathogen assay or pathway evidence, but the primary-virus mechanism is less central than in direct papers.",fulltext_review,readable,pmc_xml,/Users/xingmeng/.openclaw/workspaces/staff-scientist-ideker/agenticWorkflow_LiteratureScreeningAndFullTextReview/runs/host_pathogen_shared_mechanisms_apms_20260826/passes/pass_002/artifacts/fulltext_import/PMC_XML/normalized/PMC6787150.json,medium
pmid-31636417,31636417,PMC6881184,10.1038/s41564-019-0586-3,ER-shaping atlastin proteins act as central hubs to promote flavivirus replication and virion assembly.,2019,selected_for_reading,"Full text contains useful host-pathogen assay or pathway evidence, but the primary-virus mechanism is less central than in direct papers.",fulltext_review,readable,pmc_xml,/Users/xingmeng/.openclaw/workspaces/staff-scientist-ideker/agenticWorkflow_LiteratureScreeningAndFullTextReview/runs/host_pathogen_shared_mechanisms_apms_20260826/passes/pass_002/artifacts/fulltext_import/PMC_XML/normalized/PMC6881184.json,medium
pmid-31575075,31575075,PMC6848931,10.3390/cells8101181,Exportin-1-Dependent Nuclear Export of DEAD-box Helicase DDX3X is Central to its Role in Antiviral Immunity.,2019,selected_for_reading,"Full text contains useful host-pathogen assay or pathway evidence, but the primary-virus mechanism is less central than in direct papers.",fulltext_review,readable,pmc_xml,/Users/xingmeng/.openclaw/workspaces/staff-scientist-ideker/agenticWorkflow_LiteratureScreeningAndFullTextReview/runs/host_pathogen_shared_mechanisms_apms_20260826/passes/pass_002/artifacts/fulltext_import/PMC_XML/normalized/PMC6848931.json,medium
pmid-31569640,31569640,PMC6830350,10.3390/cells8101155,Host-HIV-1 Interactome: A Quest for Novel Therapeutic Intervention.,2019,selected_for_reading,"Full text centers a primary virus and provides assay-supported host interaction, host factor, or pathway mechanism evidence.",fulltext_review,readable,pmc_xml,/Users/xingmeng/.openclaw/workspaces/staff-scientist-ideker/agenticWorkflow_LiteratureScreeningAndFullTextReview/runs/host_pathogen_shared_mechanisms_apms_20260826/passes/pass_002/artifacts/fulltext_import/PMC_XML/normalized/PMC6830350.json,high
pmid-31551978,31551978,PMC6743029,10.3389/fmicb.2019.02043,SR-BI Interactome Analysis Reveals a Proviral Role for UGGT1 in Hepatitis C Virus Entry.,2019,selected_for_reading,"Full text centers a primary virus and provides assay-supported host interaction, host factor, or pathway mechanism evidence.",fulltext_review,readable,pmc_xml,/Users/xingmeng/.openclaw/workspaces/staff-scientist-ideker/agenticWorkflow_LiteratureScreeningAndFullTextReview/runs/host_pathogen_shared_mechanisms_apms_20260826/passes/pass_002/artifacts/fulltext_import/PMC_XML/normalized/PMC6743029.json,high
pmid-31546825,31546825,PMC6783930,10.3390/v11090878,Chasing Intracellular Zika Virus Using Proteomics.,2019,selected_for_reading,"Full text contains useful host-pathogen assay or pathway evidence, but the primary-virus mechanism is less central than in direct papers.",fulltext_review,readable,pmc_xml,/Users/xingmeng/.openclaw/workspaces/staff-scientist-ideker/agenticWorkflow_LiteratureScreeningAndFullTextReview/runs/host_pathogen_shared_mechanisms_apms_20260826/passes/pass_002/artifacts/fulltext_import/PMC_XML/normalized/PMC6783930.json,medium
pmid-31516086,31516086,PMC6758638,10.1080/22221751.2019.1662736,Host factor SMYD3 is recruited by Ebola virus nucleoprotein to facilitate viral mRNA transcription.,2019,selected_for_reading,"Full text centers a primary virus and provides assay-supported host interaction, host factor, or pathway mechanism evidence.",fulltext_review,readable,pmc_xml,/Users/xingmeng/.openclaw/workspaces/staff-scientist-ideker/agenticWorkflow_LiteratureScreeningAndFullTextReview/runs/host_pathogen_shared_mechanisms_apms_20260826/passes/pass_002/artifacts/fulltext_import/PMC_XML/normalized/PMC6758638.json,high
pmid-31511380,31511380,PMC6854511,10.1128/JVI.00986-19,Multiple Pathways To Avoid Beta Interferon Sensitivity of HIV-1 by Mutations in Capsid.,2019,selected_for_reading,Full text links a primary virus to a host factor or host pathway mechanism.,fulltext_review,readable,pmc_xml,/Users/xingmeng/.openclaw/workspaces/staff-scientist-ideker/agenticWorkflow_LiteratureScreeningAndFullTextReview/runs/host_pathogen_shared_mechanisms_apms_20260826/passes/pass_002/artifacts/fulltext_import/PMC_XML/normalized/PMC6854511.json,medium
pmid-31461934,31461934,PMC6783944,10.3390/v11090787,"A Dengue Virus Type 2 (DENV-2) NS4B-Interacting Host Factor, SERP1, Reduces DENV-2 Production by Suppressing Viral RNA Replication.",2019,selected_for_reading,Full text links a primary virus to a host factor or host pathway mechanism.,fulltext_review,readable,pmc_xml,/Users/xingmeng/.openclaw/workspaces/staff-scientist-ideker/agenticWorkflow_LiteratureScreeningAndFullTextReview/runs/host_pathogen_shared_mechanisms_apms_20260826/passes/pass_002/artifacts/fulltext_import/PMC_XML/normalized/PMC6783944.json,medium
pmid-31455647,31455647,PMC6712392,10.1128/mBio.01342-19,ISG15 Deficiency Enhances HIV-1 Infection by Accumulating Misfolded p53.,2019,selected_for_reading,Full text links a primary virus to a host factor or host pathway mechanism.,fulltext_review,readable,pmc_xml,/Users/xingmeng/.openclaw/workspaces/staff-scientist-ideker/agenticWorkflow_LiteratureScreeningAndFullTextReview/runs/host_pathogen_shared_mechanisms_apms_20260826/passes/pass_002/artifacts/fulltext_import/PMC_XML/normalized/PMC6712392.json,medium
pmid-31431548,31431548,PMC6703422,10.1128/mBio.01344-19,Vpr Enhances HIV-1 Env Processing and Virion Infectivity in Macrophages by Modulating TET2-Dependent IFITM3 Expression.,2019,selected_for_reading,Full text links a primary virus to a host factor or host pathway mechanism.,fulltext_review,readable,pmc_xml,/Users/xingmeng/.openclaw/workspaces/staff-scientist-ideker/agenticWorkflow_LiteratureScreeningAndFullTextReview/runs/host_pathogen_shared_mechanisms_apms_20260826/passes/pass_002/artifacts/fulltext_import/PMC_XML/normalized/PMC6703422.json,medium
pmid-31421166,31421166,PMC6801034,10.1016/j.antiviral.2019.104590,Small molecule grp94 inhibitors block dengue and Zika virus replication.,2019,selected_for_reading,"Full text centers a primary virus and provides assay-supported host interaction, host factor, or pathway mechanism evidence.",fulltext_review,readable,pmc_xml,/Users/xingmeng/.openclaw/workspaces/staff-scientist-ideker/agenticWorkflow_LiteratureScreeningAndFullTextReview/runs/host_pathogen_shared_mechanisms_apms_20260826/passes/pass_002/artifacts/fulltext_import/PMC_XML/normalized/PMC6801034.json,high
pmid-31397674,31397674,PMC6701944,10.7554/eLife.48318,USP49 potently stabilizes APOBEC3G protein by removing ubiquitin and inhibits HIV-1 replication.,2019,selected_for_reading,Full text links a primary virus to a host factor or host pathway mechanism.,fulltext_review,readable,pmc_xml,/Users/xingmeng/.openclaw/workspaces/staff-scientist-ideker/agenticWorkflow_LiteratureScreeningAndFullTextReview/runs/host_pathogen_shared_mechanisms_apms_20260826/passes/pass_002/artifacts/fulltext_import/PMC_XML/normalized/PMC6701944.json,medium
pmid-31344133,31344133,PMC6657855,10.1371/journal.pone.0219989,SPSB2 inhibits hepatitis C virus replication by targeting NS5A for ubiquitination and degradation.,2019,selected_for_reading,Full text links a primary virus to a host factor or host pathway mechanism.,fulltext_review,readable,pmc_xml,/Users/xingmeng/.openclaw/workspaces/staff-scientist-ideker/agenticWorkflow_LiteratureScreeningAndFullTextReview/runs/host_pathogen_shared_mechanisms_apms_20260826/passes/pass_002/artifacts/fulltext_import/PMC_XML/normalized/PMC6657855.json,medium
pmid-31291580,31291580,PMC6668718,10.1016/j.celrep.2019.04.020,Conserved Herpesvirus Protein Kinases Target SAMHD1 to Facilitate Virus Replication.,2019,selected_for_reading,"Full text contains useful host-pathogen assay or pathway evidence, but the primary-virus mechanism is less central than in direct papers.",fulltext_review,readable,pmc_xml,/Users/xingmeng/.openclaw/workspaces/staff-scientist-ideker/agenticWorkflow_LiteratureScreeningAndFullTextReview/runs/host_pathogen_shared_mechanisms_apms_20260826/passes/pass_002/artifacts/fulltext_import/PMC_XML/normalized/PMC6668718.json,medium
pmid-31269971,31269971,PMC6607583,10.1186/s12977-019-0480-3,The autophagy protein ATG9A promotes HIV-1 infectivity.,2019,selected_for_reading,"Full text centers a primary virus and provides assay-supported host interaction, host factor, or pathway mechanism evidence.",fulltext_review,readable,pmc_xml,/Users/xingmeng/.openclaw/workspaces/staff-scientist-ideker/agenticWorkflow_LiteratureScreeningAndFullTextReview/runs/host_pathogen_shared_mechanisms_apms_20260826/passes/pass_002/artifacts/fulltext_import/PMC_XML/normalized/PMC6607583.json,high
pmid-31253590,31253590,PMC7153695,10.1016/j.chom.2019.05.008,ARIH2 Is a Vif-Dependent Regulator of CUL5-Mediated APOBEC3G Degradation in HIV Infection.,2019,selected_for_reading,"Full text centers a primary virus and provides assay-supported host interaction, host factor, or pathway mechanism evidence.",fulltext_review,readable,pmc_xml,/Users/xingmeng/.openclaw/workspaces/staff-scientist-ideker/agenticWorkflow_LiteratureScreeningAndFullTextReview/runs/host_pathogen_shared_mechanisms_apms_20260826/passes/pass_002/artifacts/fulltext_import/PMC_XML/normalized/PMC7153695.json,high
pmid-31213558,31213558,PMC6581860,10.1128/mBio.01113-19,Upregulation of BST-2 by Type I Interferons Reduces the Capacity of Vpu To Protect HIV-1-Infected Cells from NK Cell Responses.,2019,selected_for_reading,Full text links a primary virus to a host factor or host pathway mechanism.,fulltext_review,readable,pmc_xml,/Users/xingmeng/.openclaw/workspaces/staff-scientist-ideker/agenticWorkflow_LiteratureScreeningAndFullTextReview/runs/host_pathogen_shared_mechanisms_apms_20260826/passes/pass_002/artifacts/fulltext_import/PMC_XML/normalized/PMC6581860.json,medium
pmid-31189110,31189110,PMC8666140,10.1016/j.celrep.2019.05.040,TRIM5α Restricts Flavivirus Replication by Targeting the Viral Protease for Proteasomal Degradation.,2019,selected_for_reading,"Full text has plausible host pathway or host-factor mechanism context for a primary virus, but evidence is not strongly assay-centered.",fulltext_review,readable,pmc_xml,/Users/xingmeng/.openclaw/workspaces/staff-scientist-ideker/agenticWorkflow_LiteratureScreeningAndFullTextReview/runs/host_pathogen_shared_mechanisms_apms_20260826/passes/pass_002/artifacts/fulltext_import/PMC_XML/normalized/PMC8666140.json,low
pmid-31155311,31155311,PMC7183857,10.1016/j.str.2019.04.015,MxB Restricts HIV-1 by Targeting the Tri-hexamer Interface of the Viral Capsid.,2019,selected_for_reading,Full text links a primary virus to a host factor or host pathway mechanism.,fulltext_review,readable,pmc_xml,/Users/xingmeng/.openclaw/workspaces/staff-scientist-ideker/agenticWorkflow_LiteratureScreeningAndFullTextReview/runs/host_pathogen_shared_mechanisms_apms_20260826/passes/pass_002/artifacts/fulltext_import/PMC_XML/normalized/PMC7183857.json,medium
pmid-31068467,31068467,PMC6534999,10.1073/pnas.1902271116,Intrinsic conformational dynamics of the HIV-1 genomic RNA 5'UTR.,2019,selected_for_reading,Full text links a primary virus to a host factor or host pathway mechanism.,fulltext_review,readable,pmc_xml,/Users/xingmeng/.openclaw/workspaces/staff-scientist-ideker/agenticWorkflow_LiteratureScreeningAndFullTextReview/runs/host_pathogen_shared_mechanisms_apms_20260826/passes/pass_002/artifacts/fulltext_import/PMC_XML/normalized/PMC6534999.json,medium
pmid-31043663,31043663,PMC6494904,10.1038/s41598-019-43150-5,The cell adhesion protein CAR is a negative regulator of synaptic transmission.,2019,selected_for_reading,"Full text contains useful host-pathogen assay or pathway evidence, but the primary-virus mechanism is less central than in direct papers.",fulltext_review,readable,pmc_xml,/Users/xingmeng/.openclaw/workspaces/staff-scientist-ideker/agenticWorkflow_LiteratureScreeningAndFullTextReview/runs/host_pathogen_shared_mechanisms_apms_20260826/passes/pass_002/artifacts/fulltext_import/PMC_XML/normalized/PMC6494904.json,medium
pmid-31018511,31018511,PMC6521077,10.3390/v11040372,Identification of RUVBL1 and RUVBL2 as Novel Cellular Interactors of the Ebola Virus Nucleoprotein.,2019,selected_for_reading,"Full text centers a primary virus and provides assay-supported host interaction, host factor, or pathway mechanism evidence.",fulltext_review,readable,pmc_xml,/Users/xingmeng/.openclaw/workspaces/staff-scientist-ideker/agenticWorkflow_LiteratureScreeningAndFullTextReview/runs/host_pathogen_shared_mechanisms_apms_20260826/passes/pass_002/artifacts/fulltext_import/PMC_XML/normalized/PMC6521077.json,high
pmid-31015445,31015445,PMC6479052,10.1038/s41467-019-09867-7,PIM kinases facilitate lentiviral evasion from SAMHD1 restriction via Vpx phosphorylation.,2019,selected_for_reading,"Full text contains useful host-pathogen assay or pathway evidence, but the primary-virus mechanism is less central than in direct papers.",fulltext_review,readable,pmc_xml,/Users/xingmeng/.openclaw/workspaces/staff-scientist-ideker/agenticWorkflow_LiteratureScreeningAndFullTextReview/runs/host_pathogen_shared_mechanisms_apms_20260826/passes/pass_002/artifacts/fulltext_import/PMC_XML/normalized/PMC6479052.json,medium
pmid-30997501,30997501,PMC6614814,10.1093/nar/gkz278,TNRC6 proteins modulate hepatitis C virus replication by spatially regulating the binding of miR-122/Ago2 complexes to viral RNA.,2019,selected_for_reading,"Full text centers a primary virus and provides assay-supported host interaction, host factor, or pathway mechanism evidence.",fulltext_review,readable,pmc_xml,/Users/xingmeng/.openclaw/workspaces/staff-scientist-ideker/agenticWorkflow_LiteratureScreeningAndFullTextReview/runs/host_pathogen_shared_mechanisms_apms_20260826/passes/pass_002/artifacts/fulltext_import/PMC_XML/normalized/PMC6614814.json,high
pmid-30886358,30886358,PMC6544544,10.1038/s41564-019-0402-0,Immunoproteasome activation enables human TRIM5α restriction of HIV-1.,2019,selected_for_reading,Full text links a primary virus to a host factor or host pathway mechanism.,fulltext_review,readable,pmc_xml,/Users/xingmeng/.openclaw/workspaces/staff-scientist-ideker/agenticWorkflow_LiteratureScreeningAndFullTextReview/runs/host_pathogen_shared_mechanisms_apms_20260826/passes/pass_002/artifacts/fulltext_import/PMC_XML/normalized/PMC6544544.json,medium
pmid-30867315,30867315,PMC6532090,10.1128/JVI.02123-18,Kinetics of Early Innate Immune Activation during HIV-1 Infection of Humanized Mice.,2019,selected_for_reading,Full text links a primary virus to a host factor or host pathway mechanism.,fulltext_review,readable,pmc_xml,/Users/xingmeng/.openclaw/workspaces/staff-scientist-ideker/agenticWorkflow_LiteratureScreeningAndFullTextReview/runs/host_pathogen_shared_mechanisms_apms_20260826/passes/pass_002/artifacts/fulltext_import/PMC_XML/normalized/PMC6532090.json,medium
pmid-30808702,30808702,PMC6391917,10.1128/mBio.00144-19,HIV-1 Escape from Small-Molecule Antagonism of Vif.,2019,selected_for_reading,Full text links a primary virus to a host factor or host pathway mechanism.,fulltext_review,readable,pmc_xml,/Users/xingmeng/.openclaw/workspaces/staff-scientist-ideker/agenticWorkflow_LiteratureScreeningAndFullTextReview/runs/host_pathogen_shared_mechanisms_apms_20260826/passes/pass_002/artifacts/fulltext_import/PMC_XML/normalized/PMC6391917.json,medium
pmid-30759391,30759391,PMC7053169,10.1016/j.celrep.2019.01.075,MARCH8 Ubiquitinates the Hepatitis C Virus Nonstructural 2 Protein and Mediates Viral Envelopment.,2019,selected_for_reading,"Full text centers a primary virus and provides assay-supported host interaction, host factor, or pathway mechanism evidence.",fulltext_review,readable,pmc_xml,/Users/xingmeng/.openclaw/workspaces/staff-scientist-ideker/agenticWorkflow_LiteratureScreeningAndFullTextReview/runs/host_pathogen_shared_mechanisms_apms_20260826/passes/pass_002/artifacts/fulltext_import/PMC_XML/normalized/PMC7053169.json,high
pmid-30682371,30682371,PMC8486322,10.1016/j.cell.2018.12.030,"Regulation of HIV-1 Gag-Pol Expression by Shiftless, an Inhibitor of Programmed -1 Ribosomal Frameshifting.",2019,selected_for_reading,"Full text centers a primary virus and provides assay-supported host interaction, host factor, or pathway mechanism evidence.",fulltext_review,readable,pmc_xml,/Users/xingmeng/.openclaw/workspaces/staff-scientist-ideker/agenticWorkflow_LiteratureScreeningAndFullTextReview/runs/host_pathogen_shared_mechanisms_apms_20260826/passes/pass_002/artifacts/fulltext_import/PMC_XML/normalized/PMC8486322.json,high
pmid-30521835,30521835,PMC6345585,10.1016/j.antiviral.2018.11.017,A potent prolyl tRNA synthetase inhibitor antagonizes Chikungunya and Dengue viruses.,2019,selected_for_reading,Full text links a primary virus to a host factor or host pathway mechanism.,fulltext_review,readable,pmc_xml,/Users/xingmeng/.openclaw/workspaces/staff-scientist-ideker/agenticWorkflow_LiteratureScreeningAndFullTextReview/runs/host_pathogen_shared_mechanisms_apms_20260826/passes/pass_002/artifacts/fulltext_import/PMC_XML/normalized/PMC6345585.json,medium
pmid-30550790,30550790,PMC6474419,10.1016/j.cell.2018.11.028,Comparative Flavivirus-Host Protein Interaction Mapping Reveals Mechanisms of Dengue and Zika Virus Pathogenesis.,2018,selected_for_reading,"Full text centers a primary virus and provides assay-supported host interaction, host factor, or pathway mechanism evidence.",fulltext_review,readable,pmc_xml,/Users/xingmeng/.openclaw/workspaces/staff-scientist-ideker/agenticWorkflow_LiteratureScreeningAndFullTextReview/runs/host_pathogen_shared_mechanisms_apms_20260826/passes/pass_002/artifacts/fulltext_import/PMC_XML/normalized/PMC6474419.json,high
pmid-30550789,30550789,PMC6366944,10.1016/j.cell.2018.08.044,Protein Interaction Mapping Identifies RBBP6 as a Negative Regulator of Ebola Virus Replication.,2018,selected_for_reading,"Full text centers a primary virus and provides assay-supported host interaction, host factor, or pathway mechanism evidence.",fulltext_review,readable,pmc_xml,/Users/xingmeng/.openclaw/workspaces/staff-scientist-ideker/agenticWorkflow_LiteratureScreeningAndFullTextReview/runs/host_pathogen_shared_mechanisms_apms_20260826/passes/pass_002/artifacts/fulltext_import/PMC_XML/normalized/PMC6366944.json,high
pmid-30520725,30520725,PMC6286125,10.7554/eLife.39823,A virus-packageable CRISPR screen identifies host factors mediating interferon inhibition of HIV.,2018,selected_for_reading,"Full text centers a primary virus and provides assay-supported host interaction, host factor, or pathway mechanism evidence.",fulltext_review,readable,pmc_xml,/Users/xingmeng/.openclaw/workspaces/staff-scientist-ideker/agenticWorkflow_LiteratureScreeningAndFullTextReview/runs/host_pathogen_shared_mechanisms_apms_20260826/passes/pass_002/artifacts/fulltext_import/PMC_XML/normalized/PMC6286125.json,high
pmid-30401776,30401776,PMC6222122,10.1128/mBio.01423-18,Splicing Factor 3B Subunit 1 Interacts with HIV Tat and Plays a Role in Viral Transcription and Reactivation from Latency.,2018,selected_for_reading,Full text links a primary virus to a host factor or host pathway mechanism.,fulltext_review,readable,pmc_xml,/Users/xingmeng/.openclaw/workspaces/staff-scientist-ideker/agenticWorkflow_LiteratureScreeningAndFullTextReview/runs/host_pathogen_shared_mechanisms_apms_20260826/passes/pass_002/artifacts/fulltext_import/PMC_XML/normalized/PMC6222122.json,medium
pmid-30316304,30316304,PMC6186296,10.1186/s12977-018-0452-z,Host SAMHD1 protein restricts endogenous reverse transcription of HIV-1 in nondividing macrophages.,2018,selected_for_reading,Full text links a primary virus to a host factor or host pathway mechanism.,fulltext_review,readable,pmc_xml,/Users/xingmeng/.openclaw/workspaces/staff-scientist-ideker/agenticWorkflow_LiteratureScreeningAndFullTextReview/runs/host_pathogen_shared_mechanisms_apms_20260826/passes/pass_002/artifacts/fulltext_import/PMC_XML/normalized/PMC6186296.json,medium
pmid-30181254,30181254,PMC6123441,10.1128/mBio.01669-18,Direct and Indirect Effects on Viral Translation and RNA Replication Are Required for AUF1 Restriction of Enterovirus Infections in Human Cells.,2018,selected_for_reading,"Full text has plausible host pathway or host-factor mechanism context for a primary virus, but evidence is not strongly assay-centered.",fulltext_review,readable,pmc_xml,/Users/xingmeng/.openclaw/workspaces/staff-scientist-ideker/agenticWorkflow_LiteratureScreeningAndFullTextReview/runs/host_pathogen_shared_mechanisms_apms_20260826/passes/pass_002/artifacts/fulltext_import/PMC_XML/normalized/PMC6123441.json,low
pmid-30125328,30125328,PMC6117100,10.1371/journal.ppat.1007269,SIVcol Nef counteracts SERINC5 by promoting its proteasomal degradation but does not efficiently enhance HIV-1 replication in human CD4+ T cells and lymphoid tissue.,2018,selected_for_reading,Full text links a primary virus to a host factor or host pathway mechanism.,fulltext_review,readable,pmc_xml,/Users/xingmeng/.openclaw/workspaces/staff-scientist-ideker/agenticWorkflow_LiteratureScreeningAndFullTextReview/runs/host_pathogen_shared_mechanisms_apms_20260826/passes/pass_002/artifacts/fulltext_import/PMC_XML/normalized/PMC6117100.json,medium
pmid-30122350,30122350,PMC6128760,10.1016/j.cell.2018.07.031,Cell-Penetrating Peptide Mediates Intracellular Membrane Passage of Human Papillomavirus L2 Protein to Trigger Retrograde Trafficking.,2018,selected_for_reading,"Full text contains useful host-pathogen assay or pathway evidence, but the primary-virus mechanism is less central than in direct papers.",fulltext_review,readable,pmc_xml,/Users/xingmeng/.openclaw/workspaces/staff-scientist-ideker/agenticWorkflow_LiteratureScreeningAndFullTextReview/runs/host_pathogen_shared_mechanisms_apms_20260826/passes/pass_002/artifacts/fulltext_import/PMC_XML/normalized/PMC6128760.json,medium
pmid-30053425,30053425,PMC6091687,10.1016/j.cell.2018.07.004,HIV-1 Nefs Are Cargo-Sensitive AP-1 Trimerization Switches in Tetherin Downregulation.,2018,selected_for_reading,"Full text centers a primary virus and provides assay-supported host interaction, host factor, or pathway mechanism evidence.",fulltext_review,readable,pmc_xml,/Users/xingmeng/.openclaw/workspaces/staff-scientist-ideker/agenticWorkflow_LiteratureScreeningAndFullTextReview/runs/host_pathogen_shared_mechanisms_apms_20260826/passes/pass_002/artifacts/fulltext_import/PMC_XML/normalized/PMC6091687.json,high
pmid-30016363,30016363,PMC6049953,10.1371/journal.ppat.1007166,Inhibition of Japanese encephalitis virus infection by the host zinc-finger antiviral protein.,2018,selected_for_reading,"Full text has plausible host pathway or host-factor mechanism context for a primary virus, but evidence is not strongly assay-centered.",fulltext_review,readable,pmc_xml,/Users/xingmeng/.openclaw/workspaces/staff-scientist-ideker/agenticWorkflow_LiteratureScreeningAndFullTextReview/runs/host_pathogen_shared_mechanisms_apms_20260826/passes/pass_002/artifacts/fulltext_import/PMC_XML/normalized/PMC6049953.json,low
pmid-29986386,29986386,PMC6070805,10.3390/v10070359,FUS Negatively Regulates Kaposi's Sarcoma-Associated Herpesvirus Gene Expression.,2018,selected_for_reading,Full text links a primary virus to a host factor or host pathway mechanism.,fulltext_review,readable,pmc_xml,/Users/xingmeng/.openclaw/workspaces/staff-scientist-ideker/agenticWorkflow_LiteratureScreeningAndFullTextReview/runs/host_pathogen_shared_mechanisms_apms_20260826/passes/pass_002/artifacts/fulltext_import/PMC_XML/normalized/PMC6070805.json,medium
pmid-29941968,29941968,PMC6018426,10.1038/s41467-018-04872-8,Crystal structure of the catalytic domain of HIV-1 restriction factor APOBEC3G in complex with ssDNA.,2018,selected_for_reading,Full text links a primary virus to a host factor or host pathway mechanism.,fulltext_review,readable,pmc_xml,/Users/xingmeng/.openclaw/workspaces/staff-scientist-ideker/agenticWorkflow_LiteratureScreeningAndFullTextReview/runs/host_pathogen_shared_mechanisms_apms_20260826/passes/pass_002/artifacts/fulltext_import/PMC_XML/normalized/PMC6018426.json,medium
pmid-29795228,29795228,PMC5966509,10.1038/s41598-018-26318-3,Identification of small molecule compounds targeting the interaction of HIV-1 Vif and human APOBEC3G by virtual screening and biological evaluation.,2018,selected_for_reading,Full text links a primary virus to a host factor or host pathway mechanism.,fulltext_review,readable,pmc_xml,/Users/xingmeng/.openclaw/workspaces/staff-scientist-ideker/agenticWorkflow_LiteratureScreeningAndFullTextReview/runs/host_pathogen_shared_mechanisms_apms_20260826/passes/pass_002/artifacts/fulltext_import/PMC_XML/normalized/PMC5966509.json,medium
pmid-29764952,29764952,PMC5954222,10.1128/mBio.00819-18,SAMHD1 Phosphorylation Coordinates the Anti-HIV-1 Response by Diverse Interferons and Tyrosine Kinase Inhibition.,2018,selected_for_reading,"Full text centers a primary virus and provides assay-supported host interaction, host factor, or pathway mechanism evidence.",fulltext_review,readable,pmc_xml,/Users/xingmeng/.openclaw/workspaces/staff-scientist-ideker/agenticWorkflow_LiteratureScreeningAndFullTextReview/runs/host_pathogen_shared_mechanisms_apms_20260826/passes/pass_002/artifacts/fulltext_import/PMC_XML/normalized/PMC5954222.json,high
pmid-29743377,29743377,PMC6146692,10.1128/JVI.00499-18,Equine Myxovirus Resistance Protein 2 Restricts Lentiviral Replication by Blocking Nuclear Uptake of Capsid Protein.,2018,selected_for_reading,"Full text has plausible host pathway or host-factor mechanism context for a primary virus, but evidence is not strongly assay-centered.",fulltext_review,readable,pmc_xml,/Users/xingmeng/.openclaw/workspaces/staff-scientist-ideker/agenticWorkflow_LiteratureScreeningAndFullTextReview/runs/host_pathogen_shared_mechanisms_apms_20260826/passes/pass_002/artifacts/fulltext_import/PMC_XML/normalized/PMC6146692.json,low
pmid-29712754,29712754,PMC5991512,10.1101/gr.230250.117,Arrayed CRISPR screen with image-based assay reliably uncovers host genes required for coxsackievirus infection.,2018,selected_for_reading,"Full text centers a primary virus and provides assay-supported host interaction, host factor, or pathway mechanism evidence.",fulltext_review,readable,pmc_xml,/Users/xingmeng/.openclaw/workspaces/staff-scientist-ideker/agenticWorkflow_LiteratureScreeningAndFullTextReview/runs/host_pathogen_shared_mechanisms_apms_20260826/passes/pass_002/artifacts/fulltext_import/PMC_XML/normalized/PMC5991512.json,high
pmid-29641562,29641562,PMC5912784,10.1371/journal.pntd.0006405,Suppression of the pelo protein by Wolbachia and its effect on dengue virus in Aedes aegypti.,2018,selected_for_reading,Full text links a primary virus to a host factor or host pathway mechanism.,fulltext_review,readable,pmc_xml,/Users/xingmeng/.openclaw/workspaces/staff-scientist-ideker/agenticWorkflow_LiteratureScreeningAndFullTextReview/runs/host_pathogen_shared_mechanisms_apms_20260826/passes/pass_002/artifacts/fulltext_import/PMC_XML/normalized/PMC5912784.json,medium
pmid-29554922,29554922,PMC5859395,10.1186/s12977-018-0409-2,A CRISPR screen for factors regulating SAMHD1 degradation identifies IFITMs as potent inhibitors of lentiviral particle delivery.,2018,selected_for_reading,"Full text contains useful host-pathogen assay or pathway evidence, but the primary-virus mechanism is less central than in direct papers.",fulltext_review,readable,pmc_xml,/Users/xingmeng/.openclaw/workspaces/staff-scientist-ideker/agenticWorkflow_LiteratureScreeningAndFullTextReview/runs/host_pathogen_shared_mechanisms_apms_20260826/passes/pass_002/artifacts/fulltext_import/PMC_XML/normalized/PMC5859395.json,medium
pmid-29538454,29538454,PMC5882150,10.1371/journal.ppat.1006916,"Infection with hepatitis C virus depends on TACSTD2, a regulator of claudin-1 and occludin highly downregulated in hepatocellular carcinoma.",2018,selected_for_reading,"Full text centers a primary virus and provides assay-supported host interaction, host factor, or pathway mechanism evidence.",fulltext_review,readable,pmc_xml,/Users/xingmeng/.openclaw/workspaces/staff-scientist-ideker/agenticWorkflow_LiteratureScreeningAndFullTextReview/runs/host_pathogen_shared_mechanisms_apms_20260826/passes/pass_002/artifacts/fulltext_import/PMC_XML/normalized/PMC5882150.json,high
pmid-29499066,29499066,PMC5851652,10.1371/journal.ppat.1006937,The interferon-stimulated gene product oligoadenylate synthetase-like protein enhances replication of Kaposi's sarcoma-associated herpesvirus (KSHV) and interacts with the KSHV ORF20 protein.,2018,selected_for_reading,"Full text centers a primary virus and provides assay-supported host interaction, host factor, or pathway mechanism evidence.",fulltext_review,readable,pmc_xml,/Users/xingmeng/.openclaw/workspaces/staff-scientist-ideker/agenticWorkflow_LiteratureScreeningAndFullTextReview/runs/host_pathogen_shared_mechanisms_apms_20260826/passes/pass_002/artifacts/fulltext_import/PMC_XML/normalized/PMC5851652.json,high
pmid-29346774,29346774,PMC5792083,10.1016/j.celrep.2017.12.085,Mannose Receptor 1 Restricts HIV Particle Release from Infected Macrophages.,2018,selected_for_reading,"Full text centers a primary virus and provides assay-supported host interaction, host factor, or pathway mechanism evidence.",fulltext_review,readable,pmc_xml,/Users/xingmeng/.openclaw/workspaces/staff-scientist-ideker/agenticWorkflow_LiteratureScreeningAndFullTextReview/runs/host_pathogen_shared_mechanisms_apms_20260826/passes/pass_002/artifacts/fulltext_import/PMC_XML/normalized/PMC5792083.json,high
pmid-29191651,29191651,PMC5738261,10.1016/j.jmb.2017.11.007,Molecular Interactions of a DNA Modifying Enzyme APOBEC3F Catalytic Domain with a Single-Stranded DNA.,2018,selected_for_reading,"Full text contains useful host-pathogen assay or pathway evidence, but the primary-virus mechanism is less central than in direct papers.",fulltext_review,readable,pmc_xml,/Users/xingmeng/.openclaw/workspaces/staff-scientist-ideker/agenticWorkflow_LiteratureScreeningAndFullTextReview/runs/host_pathogen_shared_mechanisms_apms_20260826/passes/pass_002/artifacts/fulltext_import/PMC_XML/normalized/PMC5738261.json,medium
pmid-29359168,29359168,PMC5735641,10.1155/2017/1548905,SERINC as a Restriction Factor to Inhibit Viral Infectivity and the Interaction with HIV.,2017,selected_for_reading,"Full text centers a primary virus and provides assay-supported host interaction, host factor, or pathway mechanism evidence.",fulltext_review,readable,pmc_xml,/Users/xingmeng/.openclaw/workspaces/staff-scientist-ideker/agenticWorkflow_LiteratureScreeningAndFullTextReview/runs/host_pathogen_shared_mechanisms_apms_20260826/passes/pass_002/artifacts/fulltext_import/PMC_XML/normalized/PMC5735641.json,high
pmid-29354102,29354102,PMC5758585,10.3389/fmicb.2017.02595,Ultrastructural Localization and Molecular Associations of HCV Capsid Protein in Jurkat T Cells.,2017,selected_for_reading,"Full text centers a primary virus and provides assay-supported host interaction, host factor, or pathway mechanism evidence.",fulltext_review,readable,pmc_xml,/Users/xingmeng/.openclaw/workspaces/staff-scientist-ideker/agenticWorkflow_LiteratureScreeningAndFullTextReview/runs/host_pathogen_shared_mechanisms_apms_20260826/passes/pass_002/artifacts/fulltext_import/PMC_XML/normalized/PMC5758585.json,high
pmid-29208937,29208937,PMC5717263,10.1038/s41598-017-16793-5,Elucidating the in vivo interactome of HIV-1 RNA by hybridization capture and mass spectrometry.,2017,selected_for_reading,"Full text centers a primary virus and provides assay-supported host interaction, host factor, or pathway mechanism evidence.",fulltext_review,readable,pmc_xml,/Users/xingmeng/.openclaw/workspaces/staff-scientist-ideker/agenticWorkflow_LiteratureScreeningAndFullTextReview/runs/host_pathogen_shared_mechanisms_apms_20260826/passes/pass_002/artifacts/fulltext_import/PMC_XML/normalized/PMC5717263.json,high
pmid-29045829,29045829,PMC5656745,10.1016/j.celrep.2017.09.068,Escaping Host Factor PI4KB Inhibition: Enterovirus Genomic RNA Replication in the Absence of Replication Organelles.,2017,selected_for_reading,"Full text has plausible host pathway or host-factor mechanism context for a primary virus, but evidence is not strongly assay-centered.",fulltext_review,readable,pmc_xml,/Users/xingmeng/.openclaw/workspaces/staff-scientist-ideker/agenticWorkflow_LiteratureScreeningAndFullTextReview/runs/host_pathogen_shared_mechanisms_apms_20260826/passes/pass_002/artifacts/fulltext_import/PMC_XML/normalized/PMC5656745.json,low
pmid-29040738,29040738,PMC5716087,10.1093/nar/gkx931,NF90-NF45 is a selective RNA chaperone that rearranges viral and cellular riboswitches: biochemical analysis of a virus host factor activity.,2017,selected_for_reading,"Full text has plausible host pathway or host-factor mechanism context for a primary virus, but evidence is not strongly assay-centered.",fulltext_review,readable,pmc_xml,/Users/xingmeng/.openclaw/workspaces/staff-scientist-ideker/agenticWorkflow_LiteratureScreeningAndFullTextReview/runs/host_pathogen_shared_mechanisms_apms_20260826/passes/pass_002/artifacts/fulltext_import/PMC_XML/normalized/PMC5716087.json,low
pmid-29040325,29040325,PMC5667893,10.1371/journal.ppat.1006686,TRIM5α SPRY/coiled-coil interactions optimize avid retroviral capsid recognition.,2017,selected_for_reading,"Full text has plausible host pathway or host-factor mechanism context for a primary virus, but evidence is not strongly assay-centered.",fulltext_review,readable,pmc_xml,/Users/xingmeng/.openclaw/workspaces/staff-scientist-ideker/agenticWorkflow_LiteratureScreeningAndFullTextReview/runs/host_pathogen_shared_mechanisms_apms_20260826/passes/pass_002/artifacts/fulltext_import/PMC_XML/normalized/PMC5667893.json,low
pmid-29021215,29021215,PMC5666080,10.1098/rsob.170115,Dual role of the chromatin-binding factor PHF13 in the pre- and post-integration phases of HIV-1 replication.,2017,selected_for_reading,"Full text centers a primary virus and provides assay-supported host interaction, host factor, or pathway mechanism evidence.",fulltext_review,readable,pmc_xml,/Users/xingmeng/.openclaw/workspaces/staff-scientist-ideker/agenticWorkflow_LiteratureScreeningAndFullTextReview/runs/host_pathogen_shared_mechanisms_apms_20260826/passes/pass_002/artifacts/fulltext_import/PMC_XML/normalized/PMC5666080.json,high
pmid-28957419,28957419,PMC5619827,10.1371/journal.ppat.1006610,Interference with the production of infectious viral particles and bimodal inhibition of replication are broadly conserved antiviral properties of IFITMs.,2017,selected_for_reading,"Full text has plausible host pathway or host-factor mechanism context for a primary virus, but evidence is not strongly assay-centered.",fulltext_review,readable,pmc_xml,/Users/xingmeng/.openclaw/workspaces/staff-scientist-ideker/agenticWorkflow_LiteratureScreeningAndFullTextReview/runs/host_pathogen_shared_mechanisms_apms_20260826/passes/pass_002/artifacts/fulltext_import/PMC_XML/normalized/PMC5619827.json,low
pmid-28900156,28900156,PMC5595887,10.1038/s41598-017-11105-3,Dual Roles of Two Isoforms of Autophagy-related Gene ATG10 in HCV-Subgenomic replicon Mediated Autophagy Flux and Innate Immunity.,2017,selected_for_reading,Full text links a primary virus to a host factor or host pathway mechanism.,fulltext_review,readable,pmc_xml,/Users/xingmeng/.openclaw/workspaces/staff-scientist-ideker/agenticWorkflow_LiteratureScreeningAndFullTextReview/runs/host_pathogen_shared_mechanisms_apms_20260826/passes/pass_002/artifacts/fulltext_import/PMC_XML/normalized/PMC5595887.json,medium
pmid-28724915,28724915,PMC5517448,10.1038/s41598-017-06254-4,Quinolinate Phosphoribosyltransferase is an Antiviral Host Factor Against Hepatitis C Virus Infection.,2017,selected_for_reading,"Full text centers a primary virus and provides assay-supported host interaction, host factor, or pathway mechanism evidence.",fulltext_review,readable,pmc_xml,/Users/xingmeng/.openclaw/workspaces/staff-scientist-ideker/agenticWorkflow_LiteratureScreeningAndFullTextReview/runs/host_pathogen_shared_mechanisms_apms_20260826/passes/pass_002/artifacts/fulltext_import/PMC_XML/normalized/PMC5517448.json,high
pmid-28720733,28720733,PMC5516256,10.1128/mBio.00939-17,Dengue Virus Hijacks a Noncanonical Oxidoreductase Function of a Cellular Oligosaccharyltransferase Complex.,2017,selected_for_reading,"Full text centers a primary virus and provides assay-supported host interaction, host factor, or pathway mechanism evidence.",fulltext_review,readable,pmc_xml,/Users/xingmeng/.openclaw/workspaces/staff-scientist-ideker/agenticWorkflow_LiteratureScreeningAndFullTextReview/runs/host_pathogen_shared_mechanisms_apms_20260826/passes/pass_002/artifacts/fulltext_import/PMC_XML/normalized/PMC5516256.json,high
pmid-28683086,28683086,PMC5500366,10.1371/journal.ppat.1006441,Phosphorylation of the HIV-1 capsid by MELK triggers uncoating to promote viral cDNA synthesis.,2017,selected_for_reading,"Full text centers a primary virus and provides assay-supported host interaction, host factor, or pathway mechanism evidence.",fulltext_review,readable,pmc_xml,/Users/xingmeng/.openclaw/workspaces/staff-scientist-ideker/agenticWorkflow_LiteratureScreeningAndFullTextReview/runs/host_pathogen_shared_mechanisms_apms_20260826/passes/pass_002/artifacts/fulltext_import/PMC_XML/normalized/PMC5500366.json,high
pmid-28659481,28659481,PMC5571276,10.1128/JVI.00422-17,Hepatitis C Virus Strain-Dependent Usage of Apolipoprotein E Modulates Assembly Efficiency and Specific Infectivity of Secreted Virions.,2017,selected_for_reading,Full text links a primary virus to a host factor or host pathway mechanism.,fulltext_review,readable,pmc_xml,/Users/xingmeng/.openclaw/workspaces/staff-scientist-ideker/agenticWorkflow_LiteratureScreeningAndFullTextReview/runs/host_pathogen_shared_mechanisms_apms_20260826/passes/pass_002/artifacts/fulltext_import/PMC_XML/normalized/PMC5571276.json,medium
pmid-28656178,28656178,PMC5480037,10.1128/mSphereDirect.00233-17,Gene Knockout Shows That PML (TRIM19) Does Not Restrict the Early Stages of HIV-1 Infection in Human Cell Lines.,2017,selected_for_reading,Full text links a primary virus to a host factor or host pathway mechanism.,fulltext_review,readable,pmc_xml,/Users/xingmeng/.openclaw/workspaces/staff-scientist-ideker/agenticWorkflow_LiteratureScreeningAndFullTextReview/runs/host_pathogen_shared_mechanisms_apms_20260826/passes/pass_002/artifacts/fulltext_import/PMC_XML/normalized/PMC5480037.json,medium
pmid-28320822,28320822,PMC5450231,10.1242/jcs.195412,Characterization of E3 ligases involved in lysosomal sorting of the HIV-1 restriction factor BST2.,2017,selected_for_reading,Full text links a primary virus to a host factor or host pathway mechanism.,fulltext_review,readable,pmc_xml,/Users/xingmeng/.openclaw/workspaces/staff-scientist-ideker/agenticWorkflow_LiteratureScreeningAndFullTextReview/runs/host_pathogen_shared_mechanisms_apms_20260826/passes/pass_002/artifacts/fulltext_import/PMC_XML/normalized/PMC5450231.json,medium
pmid-28184007,28184007,PMC5392680,10.1074/jbc.M116.765842,Cyclin F/FBXO1 Interacts with HIV-1 Viral Infectivity Factor (Vif) and Restricts Progeny Virion Infectivity by Ubiquitination and Proteasomal Degradation of Vif Protein through SCF(cyclin F) E3 Ligase Machinery.,2017,selected_for_reading,Full text links a primary virus to a host factor or host pathway mechanism.,fulltext_review,readable,pmc_xml,/Users/xingmeng/.openclaw/workspaces/staff-scientist-ideker/agenticWorkflow_LiteratureScreeningAndFullTextReview/runs/host_pathogen_shared_mechanisms_apms_20260826/passes/pass_002/artifacts/fulltext_import/PMC_XML/normalized/PMC5392680.json,medium
pmid-28082397,28082397,PMC5416874,10.1093/nar/gkw1332,Differential hepatitis C virus RNA target site selection and host factor activities of naturally occurring miR-122 3΄ variants.,2017,selected_for_reading,Full text links a primary virus to a host factor or host pathway mechanism.,fulltext_review,readable,pmc_xml,/Users/xingmeng/.openclaw/workspaces/staff-scientist-ideker/agenticWorkflow_LiteratureScreeningAndFullTextReview/runs/host_pathogen_shared_mechanisms_apms_20260826/passes/pass_002/artifacts/fulltext_import/PMC_XML/normalized/PMC5416874.json,medium
pmid-28081143,28081143,PMC5230736,10.1371/journal.pntd.0005187,Engineered Aedes aegypti JAK/STAT Pathway-Mediated Immunity to Dengue Virus.,2017,selected_for_reading,Full text links a primary virus to a host factor or host pathway mechanism.,fulltext_review,readable,pmc_xml,/Users/xingmeng/.openclaw/workspaces/staff-scientist-ideker/agenticWorkflow_LiteratureScreeningAndFullTextReview/runs/host_pathogen_shared_mechanisms_apms_20260826/passes/pass_002/artifacts/fulltext_import/PMC_XML/normalized/PMC5230736.json,medium
pmid-27992415,27992415,PMC5511375,10.1038/ng.3741,A genome-wide CRISPR screen identifies a restricted set of HIV host dependency factors.,2017,selected_for_reading,"Full text centers a primary virus and provides assay-supported host interaction, host factor, or pathway mechanism evidence.",fulltext_review,readable,pmc_xml,/Users/xingmeng/.openclaw/workspaces/staff-scientist-ideker/agenticWorkflow_LiteratureScreeningAndFullTextReview/runs/host_pathogen_shared_mechanisms_apms_20260826/passes/pass_002/artifacts/fulltext_import/PMC_XML/normalized/PMC5511375.json,high
pmid-27659453,27659453,PMC5942362,10.1093/bioinformatics/btw610,Evolutionary conservation of Ebola virus proteins predicts important functions at residue level.,2017,selected_for_reading,"Full text centers a primary virus and provides assay-supported host interaction, host factor, or pathway mechanism evidence.",fulltext_review,readable,pmc_xml,/Users/xingmeng/.openclaw/workspaces/staff-scientist-ideker/agenticWorkflow_LiteratureScreeningAndFullTextReview/runs/host_pathogen_shared_mechanisms_apms_20260826/passes/pass_002/artifacts/fulltext_import/PMC_XML/normalized/PMC5942362.json,high
pmid-27609828,27609828,PMC5531222,10.1136/gutjnl-2015-311289,Extracellular lipid-free apolipoprotein E inhibits HCV replication and induces ABCG1-dependent cholesterol efflux.,2017,selected_for_reading,Full text links a primary virus to a host factor or host pathway mechanism.,fulltext_review,readable,pmc_xml,/Users/xingmeng/.openclaw/workspaces/staff-scientist-ideker/agenticWorkflow_LiteratureScreeningAndFullTextReview/runs/host_pathogen_shared_mechanisms_apms_20260826/passes/pass_002/artifacts/fulltext_import/PMC_XML/normalized/PMC5531222.json,medium
pmid-27853288,27853288,PMC5112552,10.1038/srep37225,Enhancing Virion Tethering by BST2 Sensitizes Productively and Latently HIV-infected T cells to ADCC Mediated by Broadly Neutralizing Antibodies.,2016,selected_for_reading,Full text links a primary virus to a host factor or host pathway mechanism.,fulltext_review,readable,pmc_xml,/Users/xingmeng/.openclaw/workspaces/staff-scientist-ideker/agenticWorkflow_LiteratureScreeningAndFullTextReview/runs/host_pathogen_shared_mechanisms_apms_20260826/passes/pass_002/artifacts/fulltext_import/PMC_XML/normalized/PMC5112552.json,medium
pmid-27783949,27783949,PMC5098118,10.1016/j.celrep.2016.09.084,Solute Carrier NTCP Regulates Innate Antiviral Immune Responses Targeting Hepatitis C Virus Infection of Hepatocytes.,2016,selected_for_reading,Full text links a primary virus to a host factor or host pathway mechanism.,fulltext_review,readable,pmc_xml,/Users/xingmeng/.openclaw/workspaces/staff-scientist-ideker/agenticWorkflow_LiteratureScreeningAndFullTextReview/runs/host_pathogen_shared_mechanisms_apms_20260826/passes/pass_002/artifacts/fulltext_import/PMC_XML/normalized/PMC5098118.json,medium
pmid-27748395,27748395,PMC5071646,10.1038/ncomms13150,Human genome-wide RNAi screen reveals host factors required for enterovirus 71 replication.,2016,selected_for_reading,"Full text contains useful host-pathogen assay or pathway evidence, but the primary-virus mechanism is less central than in direct papers.",fulltext_review,readable,pmc_xml,/Users/xingmeng/.openclaw/workspaces/staff-scientist-ideker/agenticWorkflow_LiteratureScreeningAndFullTextReview/runs/host_pathogen_shared_mechanisms_apms_20260826/passes/pass_002/artifacts/fulltext_import/PMC_XML/normalized/PMC5071646.json,medium
pmid-27655726,27655726,PMC5342076,10.18632/oncotarget.12104,"Gamma-interferon-inducible, lysosome/endosome-localized thiolreductase, GILT, has anti-retroviral activity and its expression is counteracted by HIV-1.",2016,selected_for_reading,Full text links a primary virus to a host factor or host pathway mechanism.,fulltext_review,readable,pmc_xml,/Users/xingmeng/.openclaw/workspaces/staff-scientist-ideker/agenticWorkflow_LiteratureScreeningAndFullTextReview/runs/host_pathogen_shared_mechanisms_apms_20260826/passes/pass_002/artifacts/fulltext_import/PMC_XML/normalized/PMC5342076.json,medium
pmid-27632082,27632082,PMC5025164,10.1371/journal.pcbi.1005074,Systems Biology-Based Investigation of Cellular Antiviral Drug Targets Identified by Gene-Trap Insertional Mutagenesis.,2016,selected_for_reading,"Full text contains useful host-pathogen assay or pathway evidence, but the primary-virus mechanism is less central than in direct papers.",fulltext_review,readable,pmc_xml,/Users/xingmeng/.openclaw/workspaces/staff-scientist-ideker/agenticWorkflow_LiteratureScreeningAndFullTextReview/runs/host_pathogen_shared_mechanisms_apms_20260826/passes/pass_002/artifacts/fulltext_import/PMC_XML/normalized/PMC5025164.json,medium
pmid-27624129,27624129,PMC5021806,10.1128/mBio.01433-16,Activation of the DNA Damage Response Is a Conserved Function of HIV-1 and HIV-2 Vpr That Is Independent of SLX4 Recruitment.,2016,selected_for_reading,Full text links a primary virus to a host factor or host pathway mechanism.,fulltext_review,readable,pmc_xml,/Users/xingmeng/.openclaw/workspaces/staff-scientist-ideker/agenticWorkflow_LiteratureScreeningAndFullTextReview/runs/host_pathogen_shared_mechanisms_apms_20260826/passes/pass_002/artifacts/fulltext_import/PMC_XML/normalized/PMC5021806.json,medium
pmid-27558426,27558426,PMC5068538,10.1128/JVI.00323-16,An Essential Role of INI1/hSNF5 Chromatin Remodeling Protein in HIV-1 Posttranscriptional Events and Gag/Gag-Pol Stability.,2016,selected_for_reading,Full text links a primary virus to a host factor or host pathway mechanism.,fulltext_review,readable,pmc_xml,/Users/xingmeng/.openclaw/workspaces/staff-scientist-ideker/agenticWorkflow_LiteratureScreeningAndFullTextReview/runs/host_pathogen_shared_mechanisms_apms_20260826/passes/pass_002/artifacts/fulltext_import/PMC_XML/normalized/PMC5068538.json,medium
pmid-27556644,27556644,PMC4996428,10.1371/journal.pntd.0004921,Identification of RNA Binding Proteins Associated with Dengue Virus RNA in Infected Cells Reveals Temporally Distinct Host Factor Requirements.,2016,selected_for_reading,"Full text centers a primary virus and provides assay-supported host interaction, host factor, or pathway mechanism evidence.",fulltext_review,readable,pmc_xml,/Users/xingmeng/.openclaw/workspaces/staff-scientist-ideker/agenticWorkflow_LiteratureScreeningAndFullTextReview/runs/host_pathogen_shared_mechanisms_apms_20260826/passes/pass_002/artifacts/fulltext_import/PMC_XML/normalized/PMC4996428.json,high
pmid-27512077,27512077,PMC5044832,10.1128/JVI.03262-15,ARID3B: a Novel Regulator of the Kaposi's Sarcoma-Associated Herpesvirus Lytic Cycle.,2016,selected_for_reading,"Full text centers a primary virus and provides assay-supported host interaction, host factor, or pathway mechanism evidence.",fulltext_review,readable,pmc_xml,/Users/xingmeng/.openclaw/workspaces/staff-scientist-ideker/agenticWorkflow_LiteratureScreeningAndFullTextReview/runs/host_pathogen_shared_mechanisms_apms_20260826/passes/pass_002/artifacts/fulltext_import/PMC_XML/normalized/PMC5044832.json,high
pmid-27510840,27510840,PMC4980658,10.1038/srep31340,Copy number variation of genes involved in the hepatitis C virus-human interactome.,2016,selected_for_reading,"Full text centers a primary virus and provides assay-supported host interaction, host factor, or pathway mechanism evidence.",fulltext_review,readable,pmc_xml,/Users/xingmeng/.openclaw/workspaces/staff-scientist-ideker/agenticWorkflow_LiteratureScreeningAndFullTextReview/runs/host_pathogen_shared_mechanisms_apms_20260826/passes/pass_002/artifacts/fulltext_import/PMC_XML/normalized/PMC4980658.json,high
pmid-27489281,27489281,PMC5044849,10.1128/JVI.00960-16,Human Choline Kinase-α Promotes Hepatitis C Virus RNA Replication through Modulation of Membranous Viral Replication Complex Formation.,2016,selected_for_reading,Full text links a primary virus to a host factor or host pathway mechanism.,fulltext_review,readable,pmc_xml,/Users/xingmeng/.openclaw/workspaces/staff-scientist-ideker/agenticWorkflow_LiteratureScreeningAndFullTextReview/runs/host_pathogen_shared_mechanisms_apms_20260826/passes/pass_002/artifacts/fulltext_import/PMC_XML/normalized/PMC5044849.json,medium
pmid-27480941,27480941,PMC4974639,10.1038/ncomms12193,Crystal structures of APOBEC3G N-domain alone and its complex with DNA.,2016,selected_for_reading,"Full text has plausible host pathway or host-factor mechanism context for a primary virus, but evidence is not strongly assay-centered.",fulltext_review,readable,pmc_xml,/Users/xingmeng/.openclaw/workspaces/staff-scientist-ideker/agenticWorkflow_LiteratureScreeningAndFullTextReview/runs/host_pathogen_shared_mechanisms_apms_20260826/passes/pass_002/artifacts/fulltext_import/PMC_XML/normalized/PMC4974639.json,low
pmid-27454254,27454254,PMC4959372,10.1186/s12864-016-2858-0,"Abstracts from the 3rd International Genomic Medicine Conference (3rd IGMC 2015) : Jeddah, Kingdom of Saudi Arabia. 30 November - 3 December 2015.",2016,selected_for_reading,"Full text contains useful host-pathogen assay or pathway evidence, but the primary-virus mechanism is less central than in direct papers.",fulltext_review,readable,pmc_xml,/Users/xingmeng/.openclaw/workspaces/staff-scientist-ideker/agenticWorkflow_LiteratureScreeningAndFullTextReview/runs/host_pathogen_shared_mechanisms_apms_20260826/passes/pass_002/artifacts/fulltext_import/PMC_XML/normalized/PMC4959372.json,medium
pmid-27441239,27441239,PMC4945854,10.1016/j.heliyon.2015.e00056,A putative SUMO interacting motif in the B30.2/SPRY domain of rhesus macaque TRIM5α important for NF-κB/AP-1 signaling and HIV-1 restriction.,2016,selected_for_reading,Full text links a primary virus to a host factor or host pathway mechanism.,fulltext_review,readable,pmc_xml,/Users/xingmeng/.openclaw/workspaces/staff-scientist-ideker/agenticWorkflow_LiteratureScreeningAndFullTextReview/runs/host_pathogen_shared_mechanisms_apms_20260826/passes/pass_002/artifacts/fulltext_import/PMC_XML/normalized/PMC4945854.json,medium
pmid-27379031,27379031,PMC4904303,10.3389/fmicb.2016.00883,H11/HSPB8 Restricts HIV-2 Vpx to Restore the Anti-Viral Activity of SAMHD1.,2016,selected_for_reading,"Full text centers a primary virus and provides assay-supported host interaction, host factor, or pathway mechanism evidence.",fulltext_review,readable,pmc_xml,/Users/xingmeng/.openclaw/workspaces/staff-scientist-ideker/agenticWorkflow_LiteratureScreeningAndFullTextReview/runs/host_pathogen_shared_mechanisms_apms_20260826/passes/pass_002/artifacts/fulltext_import/PMC_XML/normalized/PMC4904303.json,high
pmid-27375898,27375898,PMC4928716,10.1038/nmicrobiol.2016.68,HIV-host interactome revealed directly from infected cells.,2016,selected_for_reading,"Full text centers a primary virus and provides assay-supported host interaction, host factor, or pathway mechanism evidence.",fulltext_review,readable,pmc_xml,/Users/xingmeng/.openclaw/workspaces/staff-scientist-ideker/agenticWorkflow_LiteratureScreeningAndFullTextReview/runs/host_pathogen_shared_mechanisms_apms_20260826/passes/pass_002/artifacts/fulltext_import/PMC_XML/normalized/PMC4928716.json,high
pmid-27282740,27282740,PMC4901263,10.1038/srep27778,Cell-death-inducing DFFA-like Effector B Contributes to the Assembly of Hepatitis C Virus (HCV) Particles and Interacts with HCV NS5A.,2016,selected_for_reading,Full text links a primary virus to a host factor or host pathway mechanism.,fulltext_review,readable,pmc_xml,/Users/xingmeng/.openclaw/workspaces/staff-scientist-ideker/agenticWorkflow_LiteratureScreeningAndFullTextReview/runs/host_pathogen_shared_mechanisms_apms_20260826/passes/pass_002/artifacts/fulltext_import/PMC_XML/normalized/PMC4901263.json,medium
pmid-27253379,27253379,PMC4890776,10.1371/journal.ppat.1005677,Human Galectin-9 Is a Potent Mediator of HIV Transcription and Reactivation.,2016,selected_for_reading,Full text links a primary virus to a host factor or host pathway mechanism.,fulltext_review,readable,pmc_xml,/Users/xingmeng/.openclaw/workspaces/staff-scientist-ideker/agenticWorkflow_LiteratureScreeningAndFullTextReview/runs/host_pathogen_shared_mechanisms_apms_20260826/passes/pass_002/artifacts/fulltext_import/PMC_XML/normalized/PMC4890776.json,medium
pmid-27149839,27149839,PMC4850421,10.1016/j.celrep.2016.03.074,Nuclear Envelope Protein SUN2 Promotes Cyclophilin-A-Dependent Steps of HIV Replication.,2016,selected_for_reading,Full text links a primary virus to a host factor or host pathway mechanism.,fulltext_review,readable,pmc_xml,/Users/xingmeng/.openclaw/workspaces/staff-scientist-ideker/agenticWorkflow_LiteratureScreeningAndFullTextReview/runs/host_pathogen_shared_mechanisms_apms_20260826/passes/pass_002/artifacts/fulltext_import/PMC_XML/normalized/PMC4850421.json,medium
pmid-26929078,26929078,PMC5026123,10.1002/wrna.1342,A structurally plastic ribonucleoprotein complex mediates post-transcriptional gene regulation in HIV-1.,2016,selected_for_reading,Full text links a primary virus to a host factor or host pathway mechanism.,fulltext_review,readable,pmc_xml,/Users/xingmeng/.openclaw/workspaces/staff-scientist-ideker/agenticWorkflow_LiteratureScreeningAndFullTextReview/runs/host_pathogen_shared_mechanisms_apms_20260826/passes/pass_002/artifacts/fulltext_import/PMC_XML/normalized/PMC5026123.json,medium
pmid-26784321,26784321,PMC4718513,10.1371/journal.pone.0147278,C-Terminal Auto-Regulatory Motif of Hepatitis C Virus NS5B Interacts with Human VAPB-MSP to Form a Dynamic Replication Complex.,2016,selected_for_reading,Full text links a primary virus to a host factor or host pathway mechanism.,fulltext_review,readable,pmc_xml,/Users/xingmeng/.openclaw/workspaces/staff-scientist-ideker/agenticWorkflow_LiteratureScreeningAndFullTextReview/runs/host_pathogen_shared_mechanisms_apms_20260826/passes/pass_002/artifacts/fulltext_import/PMC_XML/normalized/PMC4718513.json,medium
pmid-26758180,26758180,PMC4725006,10.1128/mBio.01862-15,Analysis of the Protein Kinase A-Regulated Proteome of Cryptococcus neoformans Identifies a Role for the Ubiquitin-Proteasome Pathway in Capsule Formation.,2016,selected_for_reading,"Full text contains useful host-pathogen assay or pathway evidence, but the primary-virus mechanism is less central than in direct papers.",fulltext_review,readable,pmc_xml,/Users/xingmeng/.openclaw/workspaces/staff-scientist-ideker/agenticWorkflow_LiteratureScreeningAndFullTextReview/runs/host_pathogen_shared_mechanisms_apms_20260826/passes/pass_002/artifacts/fulltext_import/PMC_XML/normalized/PMC4725006.json,medium
pmid-26735137,26735137,PMC4703206,10.1371/journal.ppat.1005357,Characterization of RyDEN (C19orf66) as an Interferon-Stimulated Cellular Inhibitor against Dengue Virus Replication.,2016,selected_for_reading,"Full text centers a primary virus and provides assay-supported host interaction, host factor, or pathway mechanism evidence.",fulltext_review,readable,pmc_xml,/Users/xingmeng/.openclaw/workspaces/staff-scientist-ideker/agenticWorkflow_LiteratureScreeningAndFullTextReview/runs/host_pathogen_shared_mechanisms_apms_20260826/passes/pass_002/artifacts/fulltext_import/PMC_XML/normalized/PMC4703206.json,high
pmid-26733158,26733158,PMC4939630,10.1515/hsz-2015-0260,Functional organization of human SAMHD1 and mechanisms of HIV-1 restriction.,2016,selected_for_reading,"Full text centers a primary virus and provides assay-supported host interaction, host factor, or pathway mechanism evidence.",fulltext_review,readable,pmc_xml,/Users/xingmeng/.openclaw/workspaces/staff-scientist-ideker/agenticWorkflow_LiteratureScreeningAndFullTextReview/runs/host_pathogen_shared_mechanisms_apms_20260826/passes/pass_002/artifacts/fulltext_import/PMC_XML/normalized/PMC4939630.json,high
pmid-26360636,26360636,PMC4738181,10.1002/prca.201400189,Investigation of the HIV-1 matrix interactome during virus replication.,2016,selected_for_reading,"Full text centers a primary virus and provides assay-supported host interaction, host factor, or pathway mechanism evidence.",fulltext_review,readable,pmc_xml,/Users/xingmeng/.openclaw/workspaces/staff-scientist-ideker/agenticWorkflow_LiteratureScreeningAndFullTextReview/runs/host_pathogen_shared_mechanisms_apms_20260826/passes/pass_002/artifacts/fulltext_import/PMC_XML/normalized/PMC4738181.json,high
pmid-26646010,26646010,PMC4676281,10.1128/mBio.01499-15,Kaposi's Sarcoma-Associated Herpesvirus Interleukin-6 Modulates Endothelial Cell Movement by Upregulating Cellular Genes Involved in Migration.,2015,selected_for_reading,Full text links a primary virus to a host factor or host pathway mechanism.,fulltext_review,readable,pmc_xml,/Users/xingmeng/.openclaw/workspaces/staff-scientist-ideker/agenticWorkflow_LiteratureScreeningAndFullTextReview/runs/host_pathogen_shared_mechanisms_apms_20260826/passes/pass_002/artifacts/fulltext_import/PMC_XML/normalized/PMC4676281.json,medium
pmid-26483545,26483545,PMC4705996,10.1074/jbc.M115.691576,Mechanistic and Kinetic Differences between Reverse Transcriptases of Vpx Coding and Non-coding Lentiviruses.,2015,selected_for_reading,"Full text has plausible host pathway or host-factor mechanism context for a primary virus, but evidence is not strongly assay-centered.",fulltext_review,readable,pmc_xml,/Users/xingmeng/.openclaw/workspaces/staff-scientist-ideker/agenticWorkflow_LiteratureScreeningAndFullTextReview/runs/host_pathogen_shared_mechanisms_apms_20260826/passes/pass_002/artifacts/fulltext_import/PMC_XML/normalized/PMC4705996.json,low
pmid-26406250,26406250,PMC4583462,10.1371/journal.ppat.1005185,Modulation of the Host Lipid Landscape to Promote RNA Virus Replication: The Picornavirus Encephalomyocarditis Virus Converges on the Pathway Used by Hepatitis C Virus.,2015,selected_for_reading,"Full text centers a primary virus and provides assay-supported host interaction, host factor, or pathway mechanism evidence.",fulltext_review,readable,pmc_xml,/Users/xingmeng/.openclaw/workspaces/staff-scientist-ideker/agenticWorkflow_LiteratureScreeningAndFullTextReview/runs/host_pathogen_shared_mechanisms_apms_20260826/passes/pass_002/artifacts/fulltext_import/PMC_XML/normalized/PMC4583462.json,high
pmid-26385832,26385832,PMC4685255,10.1016/j.jtbi.2015.08.032,A multi-scale mathematical modeling framework to investigate anti-viral therapeutic opportunities in targeting HIV-1 accessory proteins.,2015,selected_for_reading,Full text links a primary virus to a host factor or host pathway mechanism.,fulltext_review,readable,pmc_xml,/Users/xingmeng/.openclaw/workspaces/staff-scientist-ideker/agenticWorkflow_LiteratureScreeningAndFullTextReview/runs/host_pathogen_shared_mechanisms_apms_20260826/passes/pass_002/artifacts/fulltext_import/PMC_XML/normalized/PMC4685255.json,medium
pmid-26362536,26362536,PMC4566291,10.1186/s12985-015-0365-6,Proteomic analysis of HIV-1 Gag interacting partners using proximity-dependent biotinylation.,2015,selected_for_reading,"Full text centers a primary virus and provides assay-supported host interaction, host factor, or pathway mechanism evidence.",fulltext_review,readable,pmc_xml,/Users/xingmeng/.openclaw/workspaces/staff-scientist-ideker/agenticWorkflow_LiteratureScreeningAndFullTextReview/runs/host_pathogen_shared_mechanisms_apms_20260826/passes/pass_002/artifacts/fulltext_import/PMC_XML/normalized/PMC4566291.json,high
pmid-26323588,26323588,PMC4555030,10.1038/srep13344,PI4K-beta and MKNK1 are regulators of hepatitis C virus IRES-dependent translation.,2015,selected_for_reading,Full text links a primary virus to a host factor or host pathway mechanism.,fulltext_review,readable,pmc_xml,/Users/xingmeng/.openclaw/workspaces/staff-scientist-ideker/agenticWorkflow_LiteratureScreeningAndFullTextReview/runs/host_pathogen_shared_mechanisms_apms_20260826/passes/pass_002/artifacts/fulltext_import/PMC_XML/normalized/PMC4555030.json,medium
pmid-26215564,26215564,PMC4517359,10.1186/s12977-015-0192-2,HIV-1 Vpu utilizes both cullin-RING ligase (CRL) dependent and independent mechanisms to downmodulate host proteins.,2015,selected_for_reading,Full text links a primary virus to a host factor or host pathway mechanism.,fulltext_review,readable,pmc_xml,/Users/xingmeng/.openclaw/workspaces/staff-scientist-ideker/agenticWorkflow_LiteratureScreeningAndFullTextReview/runs/host_pathogen_shared_mechanisms_apms_20260826/passes/pass_002/artifacts/fulltext_import/PMC_XML/normalized/PMC4517359.json,medium
pmid-26212323,26212323,PMC4836839,10.1016/j.celrep.2015.06.063,Quantitative Proteomics Identifies Serum Response Factor Binding Protein 1 as a Host Factor for Hepatitis C Virus Entry.,2015,selected_for_reading,"Full text centers a primary virus and provides assay-supported host interaction, host factor, or pathway mechanism evidence.",fulltext_review,readable,pmc_xml,/Users/xingmeng/.openclaw/workspaces/staff-scientist-ideker/agenticWorkflow_LiteratureScreeningAndFullTextReview/runs/host_pathogen_shared_mechanisms_apms_20260826/passes/pass_002/artifacts/fulltext_import/PMC_XML/normalized/PMC4836839.json,high
pmid-26181333,26181333,PMC4504712,10.1371/journal.ppat.1005050,Lv4 Is a Capsid-Specific Antiviral Activity in Human Blood Cells That Restricts Viruses of the SIVMAC/SIVSM/HIV-2 Lineage Prior to Integration.,2015,selected_for_reading,Full text links a primary virus to a host factor or host pathway mechanism.,fulltext_review,readable,pmc_xml,/Users/xingmeng/.openclaw/workspaces/staff-scientist-ideker/agenticWorkflow_LiteratureScreeningAndFullTextReview/runs/host_pathogen_shared_mechanisms_apms_20260826/passes/pass_002/artifacts/fulltext_import/PMC_XML/normalized/PMC4504712.json,medium
pmid-26172439,26172439,PMC4501562,10.1371/journal.ppat.1005024,Vpu Exploits the Cross-Talk between BST2 and the ILT7 Receptor to Suppress Anti-HIV-1 Responses by Plasmacytoid Dendritic Cells.,2015,selected_for_reading,Full text links a primary virus to a host factor or host pathway mechanism.,fulltext_review,readable,pmc_xml,/Users/xingmeng/.openclaw/workspaces/staff-scientist-ideker/agenticWorkflow_LiteratureScreeningAndFullTextReview/runs/host_pathogen_shared_mechanisms_apms_20260826/passes/pass_002/artifacts/fulltext_import/PMC_XML/normalized/PMC4501562.json,medium
pmid-26129669,26129669,PMC4487854,10.1186/s12977-015-0182-4,Nuclear matrix protein Matrin 3 is a regulator of ZAP-mediated retroviral restriction.,2015,selected_for_reading,"Full text contains useful host-pathogen assay or pathway evidence, but the primary-virus mechanism is less central than in direct papers.",fulltext_review,readable,pmc_xml,/Users/xingmeng/.openclaw/workspaces/staff-scientist-ideker/agenticWorkflow_LiteratureScreeningAndFullTextReview/runs/host_pathogen_shared_mechanisms_apms_20260826/passes/pass_002/artifacts/fulltext_import/PMC_XML/normalized/PMC4487854.json,medium
pmid-26101257,26101257,PMC4513882,10.1093/nar/gkv633,SAMHD1 is a single-stranded nucleic acid binding protein with no active site-associated nuclease activity.,2015,selected_for_reading,"Full text contains useful host-pathogen assay or pathway evidence, but the primary-virus mechanism is less central than in direct papers.",fulltext_review,readable,pmc_xml,/Users/xingmeng/.openclaw/workspaces/staff-scientist-ideker/agenticWorkflow_LiteratureScreeningAndFullTextReview/runs/host_pathogen_shared_mechanisms_apms_20260826/passes/pass_002/artifacts/fulltext_import/PMC_XML/normalized/PMC4513882.json,medium
pmid-26001115,26001115,PMC4441479,10.1371/journal.pgen.1005252,The Broad-Spectrum Antiviral Protein ZAP Restricts Human Retrotransposition.,2015,selected_for_reading,"Full text contains useful host-pathogen assay or pathway evidence, but the primary-virus mechanism is less central than in direct papers.",fulltext_review,readable,pmc_xml,/Users/xingmeng/.openclaw/workspaces/staff-scientist-ideker/agenticWorkflow_LiteratureScreeningAndFullTextReview/runs/host_pathogen_shared_mechanisms_apms_20260826/passes/pass_002/artifacts/fulltext_import/PMC_XML/normalized/PMC4441479.json,medium
pmid-25915421,25915421,PMC4411168,10.1371/journal.pone.0125563,Toll-Interacting Protein Suppresses HIV-1 Long-Terminal-Repeat-Driven Gene Expression and Silences the Post-Integrational Transcription of Viral Proviral DNA.,2015,selected_for_reading,Full text links a primary virus to a host factor or host pathway mechanism.,fulltext_review,readable,pmc_xml,/Users/xingmeng/.openclaw/workspaces/staff-scientist-ideker/agenticWorkflow_LiteratureScreeningAndFullTextReview/runs/host_pathogen_shared_mechanisms_apms_20260826/passes/pass_002/artifacts/fulltext_import/PMC_XML/normalized/PMC4411168.json,medium
pmid-25901786,25901786,PMC4423214,10.1038/ncomms7945,ASK1 restores the antiviral activity of APOBEC3G by disrupting HIV-1 Vif-mediated counteraction.,2015,selected_for_reading,Full text links a primary virus to a host factor or host pathway mechanism.,fulltext_review,readable,pmc_xml,/Users/xingmeng/.openclaw/workspaces/staff-scientist-ideker/agenticWorkflow_LiteratureScreeningAndFullTextReview/runs/host_pathogen_shared_mechanisms_apms_20260826/passes/pass_002/artifacts/fulltext_import/PMC_XML/normalized/PMC4423214.json,medium
pmid-25874870,25874870,PMC4395413,10.1371/journal.pone.0122994,Proteomic profiling of SupT1 cells reveal modulation of host proteins by HIV-1 Nef variants.,2015,selected_for_reading,"Full text centers a primary virus and provides assay-supported host interaction, host factor, or pathway mechanism evidence.",fulltext_review,readable,pmc_xml,/Users/xingmeng/.openclaw/workspaces/staff-scientist-ideker/agenticWorkflow_LiteratureScreeningAndFullTextReview/runs/host_pathogen_shared_mechanisms_apms_20260826/passes/pass_002/artifacts/fulltext_import/PMC_XML/normalized/PMC4395413.json,high
pmid-25811715,25811715,PMC4374698,10.1371/journal.pone.0121608,Host APOBEC3G protein inhibits HCV replication through direct binding at NS3.,2015,selected_for_reading,"Full text centers a primary virus and provides assay-supported host interaction, host factor, or pathway mechanism evidence.",fulltext_review,readable,pmc_xml,/Users/xingmeng/.openclaw/workspaces/staff-scientist-ideker/agenticWorkflow_LiteratureScreeningAndFullTextReview/runs/host_pathogen_shared_mechanisms_apms_20260826/passes/pass_002/artifacts/fulltext_import/PMC_XML/normalized/PMC4374698.json,high
pmid-25809198,25809198,PMC4357141,10.1186/s12977-014-0134-4,HIV-1 IN/Pol recruits LEDGF/p75 into viral particles.,2015,selected_for_reading,"Full text centers a primary virus and provides assay-supported host interaction, host factor, or pathway mechanism evidence.",fulltext_review,readable,pmc_xml,/Users/xingmeng/.openclaw/workspaces/staff-scientist-ideker/agenticWorkflow_LiteratureScreeningAndFullTextReview/runs/host_pathogen_shared_mechanisms_apms_20260826/passes/pass_002/artifacts/fulltext_import/PMC_XML/normalized/PMC4357141.json,high
pmid-25699517,25699517,PMC4336140,10.1371/journal.pone.0118313,Establishment of hepatitis C virus RNA-replicating cell lines possessing ribavirin-resistant phenotype.,2015,selected_for_reading,Full text links a primary virus to a host factor or host pathway mechanism.,fulltext_review,readable,pmc_xml,/Users/xingmeng/.openclaw/workspaces/staff-scientist-ideker/agenticWorkflow_LiteratureScreeningAndFullTextReview/runs/host_pathogen_shared_mechanisms_apms_20260826/passes/pass_002/artifacts/fulltext_import/PMC_XML/normalized/PMC4336140.json,medium
pmid-25582927,25582927,PMC4307230,10.1186/s12977-014-0131-7,HIV-2 infects resting CD4+ T cells but not monocyte-derived dendritic cells.,2015,selected_for_reading,Full text links a primary virus to a host factor or host pathway mechanism.,fulltext_review,readable,pmc_xml,/Users/xingmeng/.openclaw/workspaces/staff-scientist-ideker/agenticWorkflow_LiteratureScreeningAndFullTextReview/runs/host_pathogen_shared_mechanisms_apms_20260826/passes/pass_002/artifacts/fulltext_import/PMC_XML/normalized/PMC4307230.json,medium
pmid-25461596,25461596,PMC4251971,10.1371/journal.pone.0113660,Diffusion of information throughout the host interactome reveals gene expression variations in network proximity to target proteins of hepatitis C virus.,2014,selected_for_reading,"Full text centers a primary virus and provides assay-supported host interaction, host factor, or pathway mechanism evidence.",fulltext_review,readable,pmc_xml,/Users/xingmeng/.openclaw/workspaces/staff-scientist-ideker/agenticWorkflow_LiteratureScreeningAndFullTextReview/runs/host_pathogen_shared_mechanisms_apms_20260826/passes/pass_002/artifacts/fulltext_import/PMC_XML/normalized/PMC4251971.json,high
pmid-25310711,25310711,PMC4195675,10.1371/journal.pone.0109640,Suppressor of cytokine signaling 1 counteracts rhesus macaque TRIM5α-induced inhibition of human immunodeficiency virus type-1 production.,2014,selected_for_reading,Full text links a primary virus to a host factor or host pathway mechanism.,fulltext_review,readable,pmc_xml,/Users/xingmeng/.openclaw/workspaces/staff-scientist-ideker/agenticWorkflow_LiteratureScreeningAndFullTextReview/runs/host_pathogen_shared_mechanisms_apms_20260826/passes/pass_002/artifacts/fulltext_import/PMC_XML/normalized/PMC4195675.json,medium
pmid-25275557,25275557,PMC4183579,10.1371/journal.pone.0109220,Role of microRNA modulation in the interferon-α/ribavirin suppression of HIV-1 in vivo.,2014,selected_for_reading,"Full text centers a primary virus and provides assay-supported host interaction, host factor, or pathway mechanism evidence.",fulltext_review,readable,pmc_xml,/Users/xingmeng/.openclaw/workspaces/staff-scientist-ideker/agenticWorkflow_LiteratureScreeningAndFullTextReview/runs/host_pathogen_shared_mechanisms_apms_20260826/passes/pass_002/artifacts/fulltext_import/PMC_XML/normalized/PMC4183579.json,high
pmid-25123063,25123063,PMC4145229,10.1186/s12977-014-0068-x,MxB binds to the HIV-1 core and prevents the uncoating process of HIV-1.,2014,selected_for_reading,Full text links a primary virus to a host factor or host pathway mechanism.,fulltext_review,readable,pmc_xml,/Users/xingmeng/.openclaw/workspaces/staff-scientist-ideker/agenticWorkflow_LiteratureScreeningAndFullTextReview/runs/host_pathogen_shared_mechanisms_apms_20260826/passes/pass_002/artifacts/fulltext_import/PMC_XML/normalized/PMC4145229.json,medium
pmid-25106478,25106478,PMC4147158,10.1186/1471-2164-15-668,A systems biology approach identified different regulatory networks targeted by KSHV miR-K12-11 in B cells and endothelial cells.,2014,selected_for_reading,"Full text centers a primary virus and provides assay-supported host interaction, host factor, or pathway mechanism evidence.",fulltext_review,readable,pmc_xml,/Users/xingmeng/.openclaw/workspaces/staff-scientist-ideker/agenticWorkflow_LiteratureScreeningAndFullTextReview/runs/host_pathogen_shared_mechanisms_apms_20260826/passes/pass_002/artifacts/fulltext_import/PMC_XML/normalized/PMC4147158.json,high
pmid-25038827,25038827,PMC4318684,10.1038/nm.3626,The ribonuclease activity of SAMHD1 is required for HIV-1 restriction.,2014,selected_for_reading,Full text links a primary virus to a host factor or host pathway mechanism.,fulltext_review,readable,pmc_xml,/Users/xingmeng/.openclaw/workspaces/staff-scientist-ideker/agenticWorkflow_LiteratureScreeningAndFullTextReview/runs/host_pathogen_shared_mechanisms_apms_20260826/passes/pass_002/artifacts/fulltext_import/PMC_XML/normalized/PMC4318684.json,medium
pmid-25008545,25008545,PMC4091094,10.1038/srep04549,Stearoyl-CoA desaturase inhibition blocks formation of hepatitis C virus-induced specialized membranes.,2014,selected_for_reading,Full text links a primary virus to a host factor or host pathway mechanism.,fulltext_review,readable,pmc_xml,/Users/xingmeng/.openclaw/workspaces/staff-scientist-ideker/agenticWorkflow_LiteratureScreeningAndFullTextReview/runs/host_pathogen_shared_mechanisms_apms_20260826/passes/pass_002/artifacts/fulltext_import/PMC_XML/normalized/PMC4091094.json,medium
pmid-24985203,24985203,PMC4227133,10.1186/1742-4690-11-50,A Cyclin T1 point mutation that abolishes positive transcription elongation factor (P-TEFb) binding to Hexim1 and HIV tat.,2014,selected_for_reading,Full text links a primary virus to a host factor or host pathway mechanism.,fulltext_review,readable,pmc_xml,/Users/xingmeng/.openclaw/workspaces/staff-scientist-ideker/agenticWorkflow_LiteratureScreeningAndFullTextReview/runs/host_pathogen_shared_mechanisms_apms_20260826/passes/pass_002/artifacts/fulltext_import/PMC_XML/normalized/PMC4227133.json,medium
pmid-24852294,24852294,PMC4095987,10.1371/journal.ppat.1004163,Integrative functional genomics of hepatitis C virus infection identifies host dependencies in complete viral replication cycle.,2014,selected_for_reading,"Full text centers a primary virus and provides assay-supported host interaction, host factor, or pathway mechanism evidence.",fulltext_review,readable,pmc_xml,/Users/xingmeng/.openclaw/workspaces/staff-scientist-ideker/agenticWorkflow_LiteratureScreeningAndFullTextReview/runs/host_pathogen_shared_mechanisms_apms_20260826/passes/pass_002/artifacts/fulltext_import/PMC_XML/normalized/PMC4095987.json,high
pmid-24843023,24843023,PMC4018625,10.7554/eLife.02362,Structural basis of HIV-1 Vpu-mediated BST2 antagonism via hijacking of the clathrin adaptor protein complex 1.,2014,selected_for_reading,"Full text centers a primary virus and provides assay-supported host interaction, host factor, or pathway mechanism evidence.",fulltext_review,readable,pmc_xml,/Users/xingmeng/.openclaw/workspaces/staff-scientist-ideker/agenticWorkflow_LiteratureScreeningAndFullTextReview/runs/host_pathogen_shared_mechanisms_apms_20260826/passes/pass_002/artifacts/fulltext_import/PMC_XML/normalized/PMC4018625.json,high
pmid-24822052,24822052,PMC4013480,10.3389/fmicb.2014.00177,Mechanisms underlying HIV-1 Vpu-mediated viral egress.,2014,selected_for_reading,Full text links a primary virus to a host factor or host pathway mechanism.,fulltext_review,readable,pmc_xml,/Users/xingmeng/.openclaw/workspaces/staff-scientist-ideker/agenticWorkflow_LiteratureScreeningAndFullTextReview/runs/host_pathogen_shared_mechanisms_apms_20260826/passes/pass_002/artifacts/fulltext_import/PMC_XML/normalized/PMC4013480.json,medium
pmid-24722756,24722756,PMC3983060,10.1371/journal.ppat.1004039,Binding of glutathione to enterovirus capsids is essential for virion morphogenesis.,2014,selected_for_reading,"Full text contains useful host-pathogen assay or pathway evidence, but the primary-virus mechanism is less central than in direct papers.",fulltext_review,readable,pmc_xml,/Users/xingmeng/.openclaw/workspaces/staff-scientist-ideker/agenticWorkflow_LiteratureScreeningAndFullTextReview/runs/host_pathogen_shared_mechanisms_apms_20260826/passes/pass_002/artifacts/fulltext_import/PMC_XML/normalized/PMC3983060.json,medium
pmid-24696344,24696344,PMC4075997,10.1007/978-1-4939-0348-1_18,Functional genomics approach for the identification of human host factors supporting dengue viral propagation.,2014,selected_for_reading,"Full text centers a primary virus and provides assay-supported host interaction, host factor, or pathway mechanism evidence.",fulltext_review,readable,pmc_xml,/Users/xingmeng/.openclaw/workspaces/staff-scientist-ideker/agenticWorkflow_LiteratureScreeningAndFullTextReview/runs/host_pathogen_shared_mechanisms_apms_20260826/passes/pass_002/artifacts/fulltext_import/PMC_XML/normalized/PMC4075997.json,high
pmid-24693865,24693865,PMC4021598,10.1186/1742-4690-11-27,Interferon-induced HERC5 is evolving under positive selection and inhibits HIV-1 particle production by a novel mechanism targeting Rev/RRE-dependent RNA nuclear export.,2014,selected_for_reading,Full text links a primary virus to a host factor or host pathway mechanism.,fulltext_review,readable,pmc_xml,/Users/xingmeng/.openclaw/workspaces/staff-scientist-ideker/agenticWorkflow_LiteratureScreeningAndFullTextReview/runs/host_pathogen_shared_mechanisms_apms_20260826/passes/pass_002/artifacts/fulltext_import/PMC_XML/normalized/PMC4021598.json,medium
pmid-24663101,24663101,PMC3963944,10.1371/journal.pone.0092724,Gene expression analysis of a panel of cell lines that differentially restrict HIV-1 CA mutants infection in a cyclophilin a-dependent manner.,2014,selected_for_reading,Full text links a primary virus to a host factor or host pathway mechanism.,fulltext_review,readable,pmc_xml,/Users/xingmeng/.openclaw/workspaces/staff-scientist-ideker/agenticWorkflow_LiteratureScreeningAndFullTextReview/runs/host_pathogen_shared_mechanisms_apms_20260826/passes/pass_002/artifacts/fulltext_import/PMC_XML/normalized/PMC3963944.json,medium
pmid-24520823,24520823,PMC4016256,10.1186/1742-4690-11-18,Human protein Staufen-2 promotes HIV-1 proliferation by positively regulating RNA export activity of viral protein Rev.,2014,selected_for_reading,"Full text centers a primary virus and provides assay-supported host interaction, host factor, or pathway mechanism evidence.",fulltext_review,readable,pmc_xml,/Users/xingmeng/.openclaw/workspaces/staff-scientist-ideker/agenticWorkflow_LiteratureScreeningAndFullTextReview/runs/host_pathogen_shared_mechanisms_apms_20260826/passes/pass_002/artifacts/fulltext_import/PMC_XML/normalized/PMC4016256.json,high
pmid-24506064,24506064,PMC4119003,10.1021/bi4014962,Recognition of the HIV capsid by the TRIM5α restriction factor is mediated by a subset of pre-existing conformations of the TRIM5α SPRY domain.,2014,selected_for_reading,Full text links a primary virus to a host factor or host pathway mechanism.,fulltext_review,readable,pmc_xml,/Users/xingmeng/.openclaw/workspaces/staff-scientist-ideker/agenticWorkflow_LiteratureScreeningAndFullTextReview/runs/host_pathogen_shared_mechanisms_apms_20260826/passes/pass_002/artifacts/fulltext_import/PMC_XML/normalized/PMC4119003.json,medium
pmid-24479545,24479545,PMC3916700,10.1186/1742-4690-11-11,Cyclophilin A promotes HIV-1 reverse transcription but its effect on transduction correlates best with its effect on nuclear entry of viral cDNA.,2014,selected_for_reading,Full text links a primary virus to a host factor or host pathway mechanism.,fulltext_review,readable,pmc_xml,/Users/xingmeng/.openclaw/workspaces/staff-scientist-ideker/agenticWorkflow_LiteratureScreeningAndFullTextReview/runs/host_pathogen_shared_mechanisms_apms_20260826/passes/pass_002/artifacts/fulltext_import/PMC_XML/normalized/PMC3916700.json,medium
pmid-24336198,24336198,PMC3886899,10.1038/nature12815,Structural basis of lentiviral subversion of a cellular protein degradation pathway.,2014,selected_for_reading,"Full text has plausible host pathway or host-factor mechanism context for a primary virus, but evidence is not strongly assay-centered.",fulltext_review,readable,pmc_xml,/Users/xingmeng/.openclaw/workspaces/staff-scientist-ideker/agenticWorkflow_LiteratureScreeningAndFullTextReview/runs/host_pathogen_shared_mechanisms_apms_20260826/passes/pass_002/artifacts/fulltext_import/PMC_XML/normalized/PMC3886899.json,low
pmid-24158820,24158820,PMC4151329,10.1007/978-1-62703-670-2_12,HIV-1 accessory proteins: Vpu and Vif.,2014,selected_for_reading,Full text links a primary virus to a host factor or host pathway mechanism.,fulltext_review,readable,pmc_xml,/Users/xingmeng/.openclaw/workspaces/staff-scientist-ideker/agenticWorkflow_LiteratureScreeningAndFullTextReview/runs/host_pathogen_shared_mechanisms_apms_20260826/passes/pass_002/artifacts/fulltext_import/PMC_XML/normalized/PMC4151329.json,medium
pmid-24158812,24158812,PMC4084958,10.1007/978-1-62703-670-2_4,The cyclosporin A washout assay to detect HIV-1 uncoating in infected cells.,2014,selected_for_reading,Full text links a primary virus to a host factor or host pathway mechanism.,fulltext_review,readable,pmc_xml,/Users/xingmeng/.openclaw/workspaces/staff-scientist-ideker/agenticWorkflow_LiteratureScreeningAndFullTextReview/runs/host_pathogen_shared_mechanisms_apms_20260826/passes/pass_002/artifacts/fulltext_import/PMC_XML/normalized/PMC4084958.json,medium
pmid-24158810,24158810,PMC4506781,10.1007/978-1-62703-670-2_2,"CryoEM analysis of capsid assembly and structural changes upon interactions with a host restriction factor, TRIM5α.",2014,selected_for_reading,"Full text has plausible host pathway or host-factor mechanism context for a primary virus, but evidence is not strongly assay-centered.",fulltext_review,readable,pmc_xml,/Users/xingmeng/.openclaw/workspaces/staff-scientist-ideker/agenticWorkflow_LiteratureScreeningAndFullTextReview/runs/host_pathogen_shared_mechanisms_apms_20260826/passes/pass_002/artifacts/fulltext_import/PMC_XML/normalized/PMC4506781.json,low
pmid-24564909,24564909,PMC4029569,10.1186/1752-0509-7-S5-S2,Dynamic protein interaction modules in human hepatocellular carcinoma progression.,2013,selected_for_reading,"Full text contains useful host-pathogen assay or pathway evidence, but the primary-virus mechanism is less central than in direct papers.",fulltext_review,readable,pmc_xml,/Users/xingmeng/.openclaw/workspaces/staff-scientist-ideker/agenticWorkflow_LiteratureScreeningAndFullTextReview/runs/host_pathogen_shared_mechanisms_apms_20260826/passes/pass_002/artifacts/fulltext_import/PMC_XML/normalized/PMC4029569.json,medium
pmid-24523981,24523981,PMC3918895,10.1155/2013/728392,Cellular and Biochemical Mechanisms of the Retroviral Restriction Factor SAMHD1.,2013,selected_for_reading,"Full text contains useful host-pathogen assay or pathway evidence, but the primary-virus mechanism is less central than in direct papers.",fulltext_review,readable,pmc_xml,/Users/xingmeng/.openclaw/workspaces/staff-scientist-ideker/agenticWorkflow_LiteratureScreeningAndFullTextReview/runs/host_pathogen_shared_mechanisms_apms_20260826/passes/pass_002/artifacts/fulltext_import/PMC_XML/normalized/PMC3918895.json,medium
pmid-24367265,24367265,PMC3868536,10.1371/journal.ppat.1003835,Genome-wide RNAi screen identifies novel host proteins required for alphavirus entry.,2013,selected_for_reading,"Full text contains useful host-pathogen assay or pathway evidence, but the primary-virus mechanism is less central than in direct papers.",fulltext_review,readable,pmc_xml,/Users/xingmeng/.openclaw/workspaces/staff-scientist-ideker/agenticWorkflow_LiteratureScreeningAndFullTextReview/runs/host_pathogen_shared_mechanisms_apms_20260826/passes/pass_002/artifacts/fulltext_import/PMC_XML/normalized/PMC3868536.json,medium
pmid-24227937,24227937,PMC3823949,10.4196/kjpp.2013.17.5.375,Cyclophilin A as a New Therapeutic Target for Hepatitis C Virus-induced Hepatocellular Carcinoma.,2013,selected_for_reading,"Full text centers a primary virus and provides assay-supported host interaction, host factor, or pathway mechanism evidence.",fulltext_review,readable,pmc_xml,/Users/xingmeng/.openclaw/workspaces/staff-scientist-ideker/agenticWorkflow_LiteratureScreeningAndFullTextReview/runs/host_pathogen_shared_mechanisms_apms_20260826/passes/pass_002/artifacts/fulltext_import/PMC_XML/normalized/PMC3823949.json,high
pmid-24136289,24136289,PMC4171131,10.1039/c3mb70343f,Identification and comparative analysis of hepatitis C virus-host cell protein interactions.,2013,selected_for_reading,"Full text centers a primary virus and provides assay-supported host interaction, host factor, or pathway mechanism evidence.",fulltext_review,readable,pmc_xml,/Users/xingmeng/.openclaw/workspaces/staff-scientist-ideker/agenticWorkflow_LiteratureScreeningAndFullTextReview/runs/host_pathogen_shared_mechanisms_apms_20260826/passes/pass_002/artifacts/fulltext_import/PMC_XML/normalized/PMC4171131.json,high
pmid-24130490,24130490,PMC3795039,10.1371/journal.ppat.1003693,Nucleoporin NUP153 phenylalanine-glycine motifs engage a common binding pocket within the HIV-1 capsid protein to mediate lentiviral infectivity.,2013,selected_for_reading,Full text links a primary virus to a host factor or host pathway mechanism.,fulltext_review,readable,pmc_xml,/Users/xingmeng/.openclaw/workspaces/staff-scientist-ideker/agenticWorkflow_LiteratureScreeningAndFullTextReview/runs/host_pathogen_shared_mechanisms_apms_20260826/passes/pass_002/artifacts/fulltext_import/PMC_XML/normalized/PMC3795039.json,medium
pmid-24086611,24086611,PMC3782430,10.1371/journal.pone.0075680,Expression of HIV-1 Vpu leads to loss of the viral restriction factor CD317/Tetherin from lipid rafts and its enhanced lysosomal degradation.,2013,selected_for_reading,"Full text centers a primary virus and provides assay-supported host interaction, host factor, or pathway mechanism evidence.",fulltext_review,readable,pmc_xml,/Users/xingmeng/.openclaw/workspaces/staff-scientist-ideker/agenticWorkflow_LiteratureScreeningAndFullTextReview/runs/host_pathogen_shared_mechanisms_apms_20260826/passes/pass_002/artifacts/fulltext_import/PMC_XML/normalized/PMC3782430.json,high
pmid-23935497,23935497,PMC3731246,10.1371/journal.ppat.1003513,Rab18 binds to hepatitis C virus NS5A and promotes interaction between sites of viral replication and lipid droplets.,2013,selected_for_reading,"Full text centers a primary virus and provides assay-supported host interaction, host factor, or pathway mechanism evidence.",fulltext_review,readable,pmc_xml,/Users/xingmeng/.openclaw/workspaces/staff-scientist-ideker/agenticWorkflow_LiteratureScreeningAndFullTextReview/runs/host_pathogen_shared_mechanisms_apms_20260826/passes/pass_002/artifacts/fulltext_import/PMC_XML/normalized/PMC3731246.json,high
pmid-23886867,23886867,PMC4116666,10.1016/j.jmb.2013.07.025,Rhesus monkey TRIM5α SPRY domain recognizes multiple epitopes that span several capsid monomers on the surface of the HIV-1 mature viral core.,2013,selected_for_reading,Full text links a primary virus to a host factor or host pathway mechanism.,fulltext_review,readable,pmc_xml,/Users/xingmeng/.openclaw/workspaces/staff-scientist-ideker/agenticWorkflow_LiteratureScreeningAndFullTextReview/runs/host_pathogen_shared_mechanisms_apms_20260826/passes/pass_002/artifacts/fulltext_import/PMC_XML/normalized/PMC4116666.json,medium
pmid-23861745,23861745,PMC3701577,10.1371/journal.pone.0066581,Characterization of DNA binding property of the HIV-1 host factor and tumor suppressor protein Integrase Interactor 1 (INI1/hSNF5).,2013,selected_for_reading,"Full text centers a primary virus and provides assay-supported host interaction, host factor, or pathway mechanism evidence.",fulltext_review,readable,pmc_xml,/Users/xingmeng/.openclaw/workspaces/staff-scientist-ideker/agenticWorkflow_LiteratureScreeningAndFullTextReview/runs/host_pathogen_shared_mechanisms_apms_20260826/passes/pass_002/artifacts/fulltext_import/PMC_XML/normalized/PMC3701577.json,high
pmid-23799881,23799881,PMC3708822,10.1186/1742-4690-10-66,"INI1/hSNF5-interaction defective HIV-1 IN mutants exhibit impaired particle morphology, reverse transcription and integration in vivo.",2013,selected_for_reading,"Full text centers a primary virus and provides assay-supported host interaction, host factor, or pathway mechanism evidence.",fulltext_review,readable,pmc_xml,/Users/xingmeng/.openclaw/workspaces/staff-scientist-ideker/agenticWorkflow_LiteratureScreeningAndFullTextReview/runs/host_pathogen_shared_mechanisms_apms_20260826/passes/pass_002/artifacts/fulltext_import/PMC_XML/normalized/PMC3708822.json,high
pmid-23749060,23749060,PMC3753637,10.1093/nar/gkt512,Mapping the LINE1 ORF1 protein interactome reveals associated inhibitors of human retrotransposition.,2013,selected_for_reading,"Full text contains useful host-pathogen assay or pathway evidence, but the primary-virus mechanism is less central than in direct papers.",fulltext_review,readable,pmc_xml,/Users/xingmeng/.openclaw/workspaces/staff-scientist-ideker/agenticWorkflow_LiteratureScreeningAndFullTextReview/runs/host_pathogen_shared_mechanisms_apms_20260826/passes/pass_002/artifacts/fulltext_import/PMC_XML/normalized/PMC3753637.json,medium
pmid-23741527,23741527,PMC3669275,10.1371/journal.pone.0066156,Identification of a human protein-derived HIV-1 fusion inhibitor targeting the gp41 fusion core structure.,2013,selected_for_reading,Full text links a primary virus to a host factor or host pathway mechanism.,fulltext_review,readable,pmc_xml,/Users/xingmeng/.openclaw/workspaces/staff-scientist-ideker/agenticWorkflow_LiteratureScreeningAndFullTextReview/runs/host_pathogen_shared_mechanisms_apms_20260826/passes/pass_002/artifacts/fulltext_import/PMC_XML/normalized/PMC3669275.json,medium
pmid-23717565,23717565,PMC3662766,10.1371/journal.pone.0064196,Retroviral restriction factor APOBEC3G delays the initiation of DNA synthesis by HIV-1 reverse transcriptase.,2013,selected_for_reading,"Full text centers a primary virus and provides assay-supported host interaction, host factor, or pathway mechanism evidence.",fulltext_review,readable,pmc_xml,/Users/xingmeng/.openclaw/workspaces/staff-scientist-ideker/agenticWorkflow_LiteratureScreeningAndFullTextReview/runs/host_pathogen_shared_mechanisms_apms_20260826/passes/pass_002/artifacts/fulltext_import/PMC_XML/normalized/PMC3662766.json,high
pmid-23708292,23708292,PMC3676727,10.1038/nm.3190,Hepatitis C virus infection activates an innate pathway involving IKK-α in lipogenesis and viral assembly.,2013,selected_for_reading,Full text links a primary virus to a host factor or host pathway mechanism.,fulltext_review,readable,pmc_xml,/Users/xingmeng/.openclaw/workspaces/staff-scientist-ideker/agenticWorkflow_LiteratureScreeningAndFullTextReview/runs/host_pathogen_shared_mechanisms_apms_20260826/passes/pass_002/artifacts/fulltext_import/PMC_XML/normalized/PMC3676727.json,medium
pmid-23696811,23696811,PMC3655974,10.1371/journal.pone.0063300,"A ""candidate-interactome"" aggregate analysis of genome-wide association data in multiple sclerosis.",2013,selected_for_reading,"Full text contains useful host-pathogen assay or pathway evidence, but the primary-virus mechanism is less central than in direct papers.",fulltext_review,readable,pmc_xml,/Users/xingmeng/.openclaw/workspaces/staff-scientist-ideker/agenticWorkflow_LiteratureScreeningAndFullTextReview/runs/host_pathogen_shared_mechanisms_apms_20260826/passes/pass_002/artifacts/fulltext_import/PMC_XML/normalized/PMC3655974.json,medium
pmid-23516533,23516533,PMC3597726,10.1371/journal.pone.0058675,N-substituted benzyl matrinic acid derivatives inhibit hepatitis C virus (HCV) replication through down-regulating host heat-stress cognate 70 (Hsc70) expression.,2013,selected_for_reading,Full text links a primary virus to a host factor or host pathway mechanism.,fulltext_review,readable,pmc_xml,/Users/xingmeng/.openclaw/workspaces/staff-scientist-ideker/agenticWorkflow_LiteratureScreeningAndFullTextReview/runs/host_pathogen_shared_mechanisms_apms_20260826/passes/pass_002/artifacts/fulltext_import/PMC_XML/normalized/PMC3597726.json,medium
pmid-23497283,23497283,PMC3599662,10.1186/1742-4690-10-27,The efficiency of Vpx-mediated SAMHD1 antagonism does not correlate with the potency of viral control in HIV-2-infected individuals.,2013,selected_for_reading,Full text links a primary virus to a host factor or host pathway mechanism.,fulltext_review,readable,pmc_xml,/Users/xingmeng/.openclaw/workspaces/staff-scientist-ideker/agenticWorkflow_LiteratureScreeningAndFullTextReview/runs/host_pathogen_shared_mechanisms_apms_20260826/passes/pass_002/artifacts/fulltext_import/PMC_XML/normalized/PMC3599662.json,medium
pmid-23460728,23460728,PMC3600911,10.1084/jem.20120572,IL-27 inhibits HIV-1 infection in human macrophages by down-regulating host factor SPTBN1 during monocyte to macrophage differentiation.,2013,selected_for_reading,"Full text centers a primary virus and provides assay-supported host interaction, host factor, or pathway mechanism evidence.",fulltext_review,readable,pmc_xml,/Users/xingmeng/.openclaw/workspaces/staff-scientist-ideker/agenticWorkflow_LiteratureScreeningAndFullTextReview/runs/host_pathogen_shared_mechanisms_apms_20260826/passes/pass_002/artifacts/fulltext_import/PMC_XML/normalized/PMC3600911.json,high
pmid-23432411,23432411,PMC4065613,10.1021/pr300918r,The conserved set of host proteins incorporated into HIV-1 virions suggests a common egress pathway in multiple cell types.,2013,selected_for_reading,"Full text centers a primary virus and provides assay-supported host interaction, host factor, or pathway mechanism evidence.",fulltext_review,readable,pmc_xml,/Users/xingmeng/.openclaw/workspaces/staff-scientist-ideker/agenticWorkflow_LiteratureScreeningAndFullTextReview/runs/host_pathogen_shared_mechanisms_apms_20260826/passes/pass_002/artifacts/fulltext_import/PMC_XML/normalized/PMC4065613.json,high
pmid-23326450,23326450,PMC3543448,10.1371/journal.pone.0053535,"Identification of new protein interactions between dengue fever virus and its hosts, human and mosquito.",2013,selected_for_reading,"Full text centers a primary virus and provides assay-supported host interaction, host factor, or pathway mechanism evidence.",fulltext_review,readable,pmc_xml,/Users/xingmeng/.openclaw/workspaces/staff-scientist-ideker/agenticWorkflow_LiteratureScreeningAndFullTextReview/runs/host_pathogen_shared_mechanisms_apms_20260826/passes/pass_002/artifacts/fulltext_import/PMC_XML/normalized/PMC3543448.json,high
pmid-23316055,23316055,PMC3585047,10.1074/jbc.M112.421875,HIV-1 viral infectivity factor (Vif) alters processive single-stranded DNA scanning of the retroviral restriction factor APOBEC3G.,2013,selected_for_reading,"Full text centers a primary virus and provides assay-supported host interaction, host factor, or pathway mechanism evidence.",fulltext_review,readable,pmc_xml,/Users/xingmeng/.openclaw/workspaces/staff-scientist-ideker/agenticWorkflow_LiteratureScreeningAndFullTextReview/runs/host_pathogen_shared_mechanisms_apms_20260826/passes/pass_002/artifacts/fulltext_import/PMC_XML/normalized/PMC3585047.json,high
pmid-23311681,23311681,PMC3561259,10.1186/1742-4690-10-6,TLR-4 engagement of dendritic cells confers a BST-2/tetherin-mediated restriction of HIV-1 infection to CD4+ T cells across the virological synapse.,2013,selected_for_reading,Full text links a primary virus to a host factor or host pathway mechanism.,fulltext_review,readable,pmc_xml,/Users/xingmeng/.openclaw/workspaces/staff-scientist-ideker/agenticWorkflow_LiteratureScreeningAndFullTextReview/runs/host_pathogen_shared_mechanisms_apms_20260826/passes/pass_002/artifacts/fulltext_import/PMC_XML/normalized/PMC3561259.json,medium
pmid-23231760,23231760,PMC3527137,10.1186/1742-4690-9-105,"SAMHD1 restricts HIV-1 infection in dendritic cells (DCs) by dNTP depletion, but its expression in DCs and primary CD4+ T-lymphocytes cannot be upregulated by interferons.",2012,selected_for_reading,Full text links a primary virus to a host factor or host pathway mechanism.,fulltext_review,readable,pmc_xml,/Users/xingmeng/.openclaw/workspaces/staff-scientist-ideker/agenticWorkflow_LiteratureScreeningAndFullTextReview/runs/host_pathogen_shared_mechanisms_apms_20260826/passes/pass_002/artifacts/fulltext_import/PMC_XML/normalized/PMC3527137.json,medium
pmid-23092512,23092512,PMC3503569,10.1186/1742-4690-9-86,Identification and characterization of naturally occurring splice variants of SAMHD1.,2012,selected_for_reading,"Full text contains useful host-pathogen assay or pathway evidence, but the primary-virus mechanism is less central than in direct papers.",fulltext_review,readable,pmc_xml,/Users/xingmeng/.openclaw/workspaces/staff-scientist-ideker/agenticWorkflow_LiteratureScreeningAndFullTextReview/runs/host_pathogen_shared_mechanisms_apms_20260826/passes/pass_002/artifacts/fulltext_import/PMC_XML/normalized/PMC3503569.json,medium
pmid-23092163,23092163,PMC3492151,10.1186/1742-4690-9-88,SAMHD1: a new contributor to HIV-1 restriction in resting CD4+ T-cells.,2012,selected_for_reading,Full text links a primary virus to a host factor or host pathway mechanism.,fulltext_review,readable,pmc_xml,/Users/xingmeng/.openclaw/workspaces/staff-scientist-ideker/agenticWorkflow_LiteratureScreeningAndFullTextReview/runs/host_pathogen_shared_mechanisms_apms_20260826/passes/pass_002/artifacts/fulltext_import/PMC_XML/normalized/PMC3492151.json,medium
pmid-23042676,23042676,PMC3526291,10.1093/nar/gks913,HRP2 determines the efficiency and specificity of HIV-1 integration in LEDGF/p75 knockout cells but does not contribute to the antiviral activity of a potent LEDGF/p75-binding site integrase inhibitor.,2012,selected_for_reading,Full text links a primary virus to a host factor or host pathway mechanism.,fulltext_review,readable,pmc_xml,/Users/xingmeng/.openclaw/workspaces/staff-scientist-ideker/agenticWorkflow_LiteratureScreeningAndFullTextReview/runs/host_pathogen_shared_mechanisms_apms_20260826/passes/pass_002/artifacts/fulltext_import/PMC_XML/normalized/PMC3526291.json,medium
pmid-22988032,22988032,PMC3466370,10.4049/jimmunol.1201431,Kruppel-like factor 2 modulates CCR5 expression and susceptibility to HIV-1 infection.,2012,selected_for_reading,Full text links a primary virus to a host factor or host pathway mechanism.,fulltext_review,readable,pmc_xml,/Users/xingmeng/.openclaw/workspaces/staff-scientist-ideker/agenticWorkflow_LiteratureScreeningAndFullTextReview/runs/host_pathogen_shared_mechanisms_apms_20260826/passes/pass_002/artifacts/fulltext_import/PMC_XML/normalized/PMC3466370.json,medium
pmid-22908011,22908011,PMC3415948,10.3389/fmicb.2012.00297,SAMHD1-Dependent and -Independent Functions of HIV-2/SIV Vpx Protein.,2012,selected_for_reading,Full text links a primary virus to a host factor or host pathway mechanism.,fulltext_review,readable,pmc_xml,/Users/xingmeng/.openclaw/workspaces/staff-scientist-ideker/agenticWorkflow_LiteratureScreeningAndFullTextReview/runs/host_pathogen_shared_mechanisms_apms_20260826/passes/pass_002/artifacts/fulltext_import/PMC_XML/normalized/PMC3415948.json,medium
pmid-22904091,22904091,PMC3505963,10.1093/nar/gks733,Unbiased proteomic analysis of proteins interacting with the HIV-1 5'LTR sequence: role of the transcription factor Meis.,2012,selected_for_reading,"Full text centers a primary virus and provides assay-supported host interaction, host factor, or pathway mechanism evidence.",fulltext_review,readable,pmc_xml,/Users/xingmeng/.openclaw/workspaces/staff-scientist-ideker/agenticWorkflow_LiteratureScreeningAndFullTextReview/runs/host_pathogen_shared_mechanisms_apms_20260826/passes/pass_002/artifacts/fulltext_import/PMC_XML/normalized/PMC3505963.json,high
pmid-22875803,22875803,PMC3436993,10.4049/jimmunol.1103129,Host factor transcriptional regulation contributes to preferential expression of HIV type 1 in IL-4-producing CD4 T cells.,2012,selected_for_reading,Full text links a primary virus to a host factor or host pathway mechanism.,fulltext_review,readable,pmc_xml,/Users/xingmeng/.openclaw/workspaces/staff-scientist-ideker/agenticWorkflow_LiteratureScreeningAndFullTextReview/runs/host_pathogen_shared_mechanisms_apms_20260826/passes/pass_002/artifacts/fulltext_import/PMC_XML/normalized/PMC3436993.json,medium
pmid-22574228,22574228,PMC3345027,10.1371/journal.pone.0037477,Co-evolution of primate SAMHD1 and lentivirus Vpx leads to the loss of the vpx gene in HIV-1 ancestor.,2012,selected_for_reading,Full text links a primary virus to a host factor or host pathway mechanism.,fulltext_review,readable,pmc_xml,/Users/xingmeng/.openclaw/workspaces/staff-scientist-ideker/agenticWorkflow_LiteratureScreeningAndFullTextReview/runs/host_pathogen_shared_mechanisms_apms_20260826/passes/pass_002/artifacts/fulltext_import/PMC_XML/normalized/PMC3345027.json,medium
pmid-22539940,22539940,PMC3335119,10.1371/journal.pone.0032289,A novel biclustering approach to association rule mining for predicting HIV-1-human protein interactions.,2012,selected_for_reading,"Full text centers a primary virus and provides assay-supported host interaction, host factor, or pathway mechanism evidence.",fulltext_review,readable,pmc_xml,/Users/xingmeng/.openclaw/workspaces/staff-scientist-ideker/agenticWorkflow_LiteratureScreeningAndFullTextReview/runs/host_pathogen_shared_mechanisms_apms_20260826/passes/pass_002/artifacts/fulltext_import/PMC_XML/normalized/PMC3335119.json,high
pmid-22479575,22479575,PMC3313983,10.1371/journal.pone.0034240,Associations between HIV and human pathways revealed by protein-protein interactions and correlated gene expression profiles.,2012,selected_for_reading,"Full text centers a primary virus and provides assay-supported host interaction, host factor, or pathway mechanism evidence.",fulltext_review,readable,pmc_xml,/Users/xingmeng/.openclaw/workspaces/staff-scientist-ideker/agenticWorkflow_LiteratureScreeningAndFullTextReview/runs/host_pathogen_shared_mechanisms_apms_20260826/passes/pass_002/artifacts/fulltext_import/PMC_XML/normalized/PMC3313983.json,high
pmid-22371486,22371486,PMC3394946,10.1074/mcp.M111.014738,Viruses and interactomes in translation.,2012,selected_for_reading,"Full text contains useful host-pathogen assay or pathway evidence, but the primary-virus mechanism is less central than in direct papers.",fulltext_review,readable,pmc_xml,/Users/xingmeng/.openclaw/workspaces/staff-scientist-ideker/agenticWorkflow_LiteratureScreeningAndFullTextReview/runs/host_pathogen_shared_mechanisms_apms_20260826/passes/pass_002/artifacts/fulltext_import/PMC_XML/normalized/PMC3394946.json,medium
pmid-22369580,22369580,PMC3302947,10.1021/bi201738a,Hydrodynamic and functional analysis of HIV-1 Vif oligomerization.,2012,selected_for_reading,"Full text centers a primary virus and provides assay-supported host interaction, host factor, or pathway mechanism evidence.",fulltext_review,readable,pmc_xml,/Users/xingmeng/.openclaw/workspaces/staff-scientist-ideker/agenticWorkflow_LiteratureScreeningAndFullTextReview/runs/host_pathogen_shared_mechanisms_apms_20260826/passes/pass_002/artifacts/fulltext_import/PMC_XML/normalized/PMC3302947.json,high
pmid-22362772,22362772,PMC3321004,10.1074/jbc.M112.340711,HIV/simian immunodeficiency virus (SIV) accessory virulence factor Vpx loads the host cell restriction factor SAMHD1 onto the E3 ubiquitin ligase complex CRL4DCAF1.,2012,selected_for_reading,"Full text centers a primary virus and provides assay-supported host interaction, host factor, or pathway mechanism evidence.",fulltext_review,readable,pmc_xml,/Users/xingmeng/.openclaw/workspaces/staff-scientist-ideker/agenticWorkflow_LiteratureScreeningAndFullTextReview/runs/host_pathogen_shared_mechanisms_apms_20260826/passes/pass_002/artifacts/fulltext_import/PMC_XML/normalized/PMC3321004.json,high
pmid-22346743,22346743,PMC3276540,10.1371/journal.pcbi.1002371,Multi-scale modeling of HIV infection in vitro and APOBEC3G-based anti-retroviral therapy.,2012,selected_for_reading,Full text links a primary virus to a host factor or host pathway mechanism.,fulltext_review,readable,pmc_xml,/Users/xingmeng/.openclaw/workspaces/staff-scientist-ideker/agenticWorkflow_LiteratureScreeningAndFullTextReview/runs/host_pathogen_shared_mechanisms_apms_20260826/passes/pass_002/artifacts/fulltext_import/PMC_XML/normalized/PMC3276540.json,medium
pmid-22241994,22241994,PMC3252376,10.1371/journal.ppat.1002468,Human subtilase SKI-1/S1P is a master regulator of the HCV Lifecycle and a potential host cell target for developing indirect-acting antiviral agents.,2012,selected_for_reading,Full text links a primary virus to a host factor or host pathway mechanism.,fulltext_review,readable,pmc_xml,/Users/xingmeng/.openclaw/workspaces/staff-scientist-ideker/agenticWorkflow_LiteratureScreeningAndFullTextReview/runs/host_pathogen_shared_mechanisms_apms_20260826/passes/pass_002/artifacts/fulltext_import/PMC_XML/normalized/PMC3252376.json,medium
pmid-22194693,22194693,PMC3240612,10.1371/journal.ppat.1002456,Quantitative multicolor super-resolution microscopy reveals tetherin HIV-1 interaction.,2011,selected_for_reading,Full text links a primary virus to a host factor or host pathway mechanism.,fulltext_review,readable,pmc_xml,/Users/xingmeng/.openclaw/workspaces/staff-scientist-ideker/agenticWorkflow_LiteratureScreeningAndFullTextReview/runs/host_pathogen_shared_mechanisms_apms_20260826/passes/pass_002/artifacts/fulltext_import/PMC_XML/normalized/PMC3240612.json,medium
pmid-22152111,22152111,PMC3268770,10.1186/1743-422X-8-531,Downregulation of APOBEC3G by xenotropic murine leukemia-virus related virus (XMRV) in prostate cancer cells.,2011,selected_for_reading,"Full text contains useful host-pathogen assay or pathway evidence, but the primary-virus mechanism is less central than in direct papers.",fulltext_review,readable,pmc_xml,/Users/xingmeng/.openclaw/workspaces/staff-scientist-ideker/agenticWorkflow_LiteratureScreeningAndFullTextReview/runs/host_pathogen_shared_mechanisms_apms_20260826/passes/pass_002/artifacts/fulltext_import/PMC_XML/normalized/PMC3268770.json,medium
pmid-22110710,22110710,PMC3215742,10.1371/journal.pone.0027660,The HIV-1 Vpu viroporin inhibitor BIT225 does not affect Vpu-mediated tetherin antagonism.,2011,selected_for_reading,Full text links a primary virus to a host factor or host pathway mechanism.,fulltext_review,readable,pmc_xml,/Users/xingmeng/.openclaw/workspaces/staff-scientist-ideker/agenticWorkflow_LiteratureScreeningAndFullTextReview/runs/host_pathogen_shared_mechanisms_apms_20260826/passes/pass_002/artifacts/fulltext_import/PMC_XML/normalized/PMC3215742.json,medium
pmid-22093708,22093708,PMC3228677,10.1186/1742-4690-8-95,Human HERC5 restricts an early stage of HIV-1 assembly by a mechanism correlating with the ISGylation of Gag.,2011,selected_for_reading,"Full text centers a primary virus and provides assay-supported host interaction, host factor, or pathway mechanism evidence.",fulltext_review,readable,pmc_xml,/Users/xingmeng/.openclaw/workspaces/staff-scientist-ideker/agenticWorkflow_LiteratureScreeningAndFullTextReview/runs/host_pathogen_shared_mechanisms_apms_20260826/passes/pass_002/artifacts/fulltext_import/PMC_XML/normalized/PMC3228677.json,high
pmid-22072966,22072966,PMC3207927,10.1371/journal.ppat.1002347,Rab7A is required for efficient production of infectious HIV-1.,2011,selected_for_reading,Full text links a primary virus to a host factor or host pathway mechanism.,fulltext_review,readable,pmc_xml,/Users/xingmeng/.openclaw/workspaces/staff-scientist-ideker/agenticWorkflow_LiteratureScreeningAndFullTextReview/runs/host_pathogen_shared_mechanisms_apms_20260826/passes/pass_002/artifacts/fulltext_import/PMC_XML/normalized/PMC3207927.json,medium
pmid-22069525,22069525,PMC3205391,10.3390/v3101986,Cellular restriction factors of feline immunodeficiency virus.,2011,selected_for_reading,"Full text has plausible host pathway or host-factor mechanism context for a primary virus, but evidence is not strongly assay-centered.",fulltext_review,readable,pmc_xml,/Users/xingmeng/.openclaw/workspaces/staff-scientist-ideker/agenticWorkflow_LiteratureScreeningAndFullTextReview/runs/host_pathogen_shared_mechanisms_apms_20260826/passes/pass_002/artifacts/fulltext_import/PMC_XML/normalized/PMC3205391.json,low
pmid-22045669,22045669,PMC3207276,10.1002/hep.24542,The antiviral protein viperin inhibits hepatitis C virus replication via interaction with nonstructural protein 5A.,2011,selected_for_reading,Full text links a primary virus to a host factor or host pathway mechanism.,fulltext_review,readable,pmc_xml,/Users/xingmeng/.openclaw/workspaces/staff-scientist-ideker/agenticWorkflow_LiteratureScreeningAndFullTextReview/runs/host_pathogen_shared_mechanisms_apms_20260826/passes/pass_002/artifacts/fulltext_import/PMC_XML/normalized/PMC3207276.json,medium
pmid-21931866,21931866,PMC3172305,10.1371/journal.pone.0024887,Analysis of VEGF--a regulated gene expression in endothelial cells to identify genes linked to angiogenesis.,2011,selected_for_reading,"Full text contains useful host-pathogen assay or pathway evidence, but the primary-virus mechanism is less central than in direct papers.",fulltext_review,readable,pmc_xml,/Users/xingmeng/.openclaw/workspaces/staff-scientist-ideker/agenticWorkflow_LiteratureScreeningAndFullTextReview/runs/host_pathogen_shared_mechanisms_apms_20260826/passes/pass_002/artifacts/fulltext_import/PMC_XML/normalized/PMC3172305.json,medium
pmid-21866272,21866272,PMC3159411,10.3390/v3071204,TRIM5 acts as more than a retroviral restriction factor.,2011,selected_for_reading,"Full text has plausible host pathway or host-factor mechanism context for a primary virus, but evidence is not strongly assay-centered.",fulltext_review,readable,pmc_xml,/Users/xingmeng/.openclaw/workspaces/staff-scientist-ideker/agenticWorkflow_LiteratureScreeningAndFullTextReview/runs/host_pathogen_shared_mechanisms_apms_20260826/passes/pass_002/artifacts/fulltext_import/PMC_XML/normalized/PMC3159411.json,low
pmid-21858059,21858059,PMC3156123,10.1371/journal.pone.0023293,HIV protein sequence hotspots for crosstalk with host hub proteins.,2011,selected_for_reading,"Full text centers a primary virus and provides assay-supported host interaction, host factor, or pathway mechanism evidence.",fulltext_review,readable,pmc_xml,/Users/xingmeng/.openclaw/workspaces/staff-scientist-ideker/agenticWorkflow_LiteratureScreeningAndFullTextReview/runs/host_pathogen_shared_mechanisms_apms_20260826/passes/pass_002/artifacts/fulltext_import/PMC_XML/normalized/PMC3156123.json,high
pmid-21738584,21738584,PMC3125164,10.1371/journal.pone.0020735,Sequence- and interactome-based prediction of viral protein hotspots targeting host proteins: a case study for HIV Nef.,2011,selected_for_reading,"Full text centers a primary virus and provides assay-supported host interaction, host factor, or pathway mechanism evidence.",fulltext_review,readable,pmc_xml,/Users/xingmeng/.openclaw/workspaces/staff-scientist-ideker/agenticWorkflow_LiteratureScreeningAndFullTextReview/runs/host_pathogen_shared_mechanisms_apms_20260826/passes/pass_002/artifacts/fulltext_import/PMC_XML/normalized/PMC3125164.json,high
pmid-21610122,21610122,PMC3101777,10.1128/mBio.00036-11,HIV-1 Vpu blocks recycling and biosynthetic transport of the intrinsic immunity factor CD317/tetherin to overcome the virion release restriction.,2011,selected_for_reading,Full text links a primary virus to a host factor or host pathway mechanism.,fulltext_review,readable,pmc_xml,/Users/xingmeng/.openclaw/workspaces/staff-scientist-ideker/agenticWorkflow_LiteratureScreeningAndFullTextReview/runs/host_pathogen_shared_mechanisms_apms_20260826/passes/pass_002/artifacts/fulltext_import/PMC_XML/normalized/PMC3101777.json,medium
pmid-21512573,21512573,PMC3081621,10.1038/nature09976,TRIM5 is an innate immune sensor for the retrovirus capsid lattice.,2011,selected_for_reading,"Full text contains useful host-pathogen assay or pathway evidence, but the primary-virus mechanism is less central than in direct papers.",fulltext_review,readable,pmc_xml,/Users/xingmeng/.openclaw/workspaces/staff-scientist-ideker/agenticWorkflow_LiteratureScreeningAndFullTextReview/runs/host_pathogen_shared_mechanisms_apms_20260826/passes/pass_002/artifacts/fulltext_import/PMC_XML/normalized/PMC3081621.json,medium
pmid-21504576,21504576,PMC3108291,10.1186/1742-4690-8-26,Tetherin does not significantly restrict dendritic cell-mediated HIV-1 transmission and its expression is upregulated by newly synthesized HIV-1 Nef.,2011,selected_for_reading,Full text links a primary virus to a host factor or host pathway mechanism.,fulltext_review,readable,pmc_xml,/Users/xingmeng/.openclaw/workspaces/staff-scientist-ideker/agenticWorkflow_LiteratureScreeningAndFullTextReview/runs/host_pathogen_shared_mechanisms_apms_20260826/passes/pass_002/artifacts/fulltext_import/PMC_XML/normalized/PMC3108291.json,medium
pmid-21310048,21310048,PMC3049139,10.1186/1742-4690-8-9,β-TrCP is dispensable for Vpu's ability to overcome the CD317/Tetherin-imposed restriction to HIV-1 release.,2011,selected_for_reading,"Full text centers a primary virus and provides assay-supported host interaction, host factor, or pathway mechanism evidence.",fulltext_review,readable,pmc_xml,/Users/xingmeng/.openclaw/workspaces/staff-scientist-ideker/agenticWorkflow_LiteratureScreeningAndFullTextReview/runs/host_pathogen_shared_mechanisms_apms_20260826/passes/pass_002/artifacts/fulltext_import/PMC_XML/normalized/PMC3049139.json,high
pmid-21304933,21304933,PMC3033365,10.1371/journal.ppat.1001265,The ESCRT-0 component HRS is required for HIV-1 Vpu-mediated BST-2/tetherin down-regulation.,2011,selected_for_reading,Full text links a primary virus to a host factor or host pathway mechanism.,fulltext_review,readable,pmc_xml,/Users/xingmeng/.openclaw/workspaces/staff-scientist-ideker/agenticWorkflow_LiteratureScreeningAndFullTextReview/runs/host_pathogen_shared_mechanisms_apms_20260826/passes/pass_002/artifacts/fulltext_import/PMC_XML/normalized/PMC3033365.json,medium
pmid-21281507,21281507,PMC3037883,10.1186/1471-2334-11-34,Dengue-2 structural proteins associate with human proteins to produce a coagulation and innate immune response biased interactome.,2011,selected_for_reading,"Full text centers a primary virus and provides assay-supported host interaction, host factor, or pathway mechanism evidence.",fulltext_review,readable,pmc_xml,/Users/xingmeng/.openclaw/workspaces/staff-scientist-ideker/agenticWorkflow_LiteratureScreeningAndFullTextReview/runs/host_pathogen_shared_mechanisms_apms_20260826/passes/pass_002/artifacts/fulltext_import/PMC_XML/normalized/PMC3037883.json,high
pmid-21255393,21255393,PMC3037315,10.1186/1752-0509-5-13,When the human viral infectome and diseasome networks collide: towards a systems biology platform for the aetiology of human diseases.,2011,selected_for_reading,"Full text contains useful host-pathogen assay or pathway evidence, but the primary-virus mechanism is less central than in direct papers.",fulltext_review,readable,pmc_xml,/Users/xingmeng/.openclaw/workspaces/staff-scientist-ideker/agenticWorkflow_LiteratureScreeningAndFullTextReview/runs/host_pathogen_shared_mechanisms_apms_20260826/passes/pass_002/artifacts/fulltext_import/PMC_XML/normalized/PMC3037315.json,medium
pmid-21237475,21237475,PMC3086044,10.1016/j.virol.2010.12.038,BST-2 is rapidly down-regulated from the cell surface by the HIV-1 protein Vpu: evidence for a post-ER mechanism of Vpu-action.,2011,selected_for_reading,Full text links a primary virus to a host factor or host pathway mechanism.,fulltext_review,readable,pmc_xml,/Users/xingmeng/.openclaw/workspaces/staff-scientist-ideker/agenticWorkflow_LiteratureScreeningAndFullTextReview/runs/host_pathogen_shared_mechanisms_apms_20260826/passes/pass_002/artifacts/fulltext_import/PMC_XML/normalized/PMC3086044.json,medium
pmid-21123176,21123176,PMC3030345,10.1074/jbc.M110.195685,Atomic force microscopy studies provide direct evidence for dimerization of the HIV restriction factor APOBEC3G.,2011,selected_for_reading,Full text links a primary virus to a host factor or host pathway mechanism.,fulltext_review,readable,pmc_xml,/Users/xingmeng/.openclaw/workspaces/staff-scientist-ideker/agenticWorkflow_LiteratureScreeningAndFullTextReview/runs/host_pathogen_shared_mechanisms_apms_20260826/passes/pass_002/artifacts/fulltext_import/PMC_XML/normalized/PMC3030345.json,medium
pmid-20708689,20708689,PMC3076283,10.1016/j.ymeth.2010.08.007,Purification and characterization of HIV-human protein complexes.,2011,selected_for_reading,"Full text centers a primary virus and provides assay-supported host interaction, host factor, or pathway mechanism evidence.",fulltext_review,readable,pmc_xml,/Users/xingmeng/.openclaw/workspaces/staff-scientist-ideker/agenticWorkflow_LiteratureScreeningAndFullTextReview/runs/host_pathogen_shared_mechanisms_apms_20260826/passes/pass_002/artifacts/fulltext_import/PMC_XML/normalized/PMC3076283.json,high
pmid-21994685,21994685,PMC3185717,10.3390/v2071382,Targeting microRNA-122 to Treat Hepatitis C Virus Infection.,2010,selected_for_reading,Full text links a primary virus to a host factor or host pathway mechanism.,fulltext_review,readable,pmc_xml,/Users/xingmeng/.openclaw/workspaces/staff-scientist-ideker/agenticWorkflow_LiteratureScreeningAndFullTextReview/runs/host_pathogen_shared_mechanisms_apms_20260826/passes/pass_002/artifacts/fulltext_import/PMC_XML/normalized/PMC3185717.json,medium
pmid-20935628,20935628,PMC3431199,10.1038/nm.2238,Efficient hepatitis C virus particle formation requires diacylglycerol acyltransferase-1.,2010,selected_for_reading,"Full text centers a primary virus and provides assay-supported host interaction, host factor, or pathway mechanism evidence.",fulltext_review,readable,pmc_xml,/Users/xingmeng/.openclaw/workspaces/staff-scientist-ideker/agenticWorkflow_LiteratureScreeningAndFullTextReview/runs/host_pathogen_shared_mechanisms_apms_20260826/passes/pass_002/artifacts/fulltext_import/PMC_XML/normalized/PMC3431199.json,high
pmid-20880565,20880565,PMC4104719,10.1016/j.virol.2010.08.031,Membrane raft association of the Vpu protein of human immunodeficiency virus type 1 correlates with enhanced virus release.,2010,selected_for_reading,Full text links a primary virus to a host factor or host pathway mechanism.,fulltext_review,readable,pmc_xml,/Users/xingmeng/.openclaw/workspaces/staff-scientist-ideker/agenticWorkflow_LiteratureScreeningAndFullTextReview/runs/host_pathogen_shared_mechanisms_apms_20260826/passes/pass_002/artifacts/fulltext_import/PMC_XML/normalized/PMC4104719.json,medium
pmid-20865167,20865167,PMC2928791,10.1371/journal.ppat.1001066,"Direct interaction between two viral proteins, the nonstructural protein 2C and the capsid protein VP3, is required for enterovirus morphogenesis.",2010,selected_for_reading,"Full text contains useful host-pathogen assay or pathway evidence, but the primary-virus mechanism is less central than in direct papers.",fulltext_review,readable,pmc_xml,/Users/xingmeng/.openclaw/workspaces/staff-scientist-ideker/agenticWorkflow_LiteratureScreeningAndFullTextReview/runs/host_pathogen_shared_mechanisms_apms_20260826/passes/pass_002/artifacts/fulltext_import/PMC_XML/normalized/PMC2928791.json,medium
pmid-20858517,20858517,PMC2967615,10.1016/j.mam.2010.08.002,HIV-1 Vpu targets cell surface markers CD4 and BST-2 through distinct mechanisms.,2010,selected_for_reading,"Full text centers a primary virus and provides assay-supported host interaction, host factor, or pathway mechanism evidence.",fulltext_review,readable,pmc_xml,/Users/xingmeng/.openclaw/workspaces/staff-scientist-ideker/agenticWorkflow_LiteratureScreeningAndFullTextReview/runs/host_pathogen_shared_mechanisms_apms_20260826/passes/pass_002/artifacts/fulltext_import/PMC_XML/normalized/PMC2967615.json,high
pmid-20689591,20689591,PMC2912774,10.1371/journal.pone.0011904,Molecular evolution of the primate antiviral restriction factor tetherin.,2010,selected_for_reading,"Full text has plausible host pathway or host-factor mechanism context for a primary virus, but evidence is not strongly assay-centered.",fulltext_review,readable,pmc_xml,/Users/xingmeng/.openclaw/workspaces/staff-scientist-ideker/agenticWorkflow_LiteratureScreeningAndFullTextReview/runs/host_pathogen_shared_mechanisms_apms_20260826/passes/pass_002/artifacts/fulltext_import/PMC_XML/normalized/PMC2912774.json,low
pmid-20683944,20683944,PMC3427885,10.1002/hep.23733,"Transcriptome sequencing, microarray, and proteomic analyses reveal cellular and metabolic impact of hepatitis C virus infection in vitro.",2010,selected_for_reading,"Full text centers a primary virus and provides assay-supported host interaction, host factor, or pathway mechanism evidence.",fulltext_review,readable,pmc_xml,/Users/xingmeng/.openclaw/workspaces/staff-scientist-ideker/agenticWorkflow_LiteratureScreeningAndFullTextReview/runs/host_pathogen_shared_mechanisms_apms_20260826/passes/pass_002/artifacts/fulltext_import/PMC_XML/normalized/PMC3427885.json,high
pmid-20614012,20614012,PMC2894085,10.1371/journal.pone.0011371,HIV-1 replication through hHR23A-mediated interaction of Vpr with 26S proteasome.,2010,selected_for_reading,Full text links a primary virus to a host factor or host pathway mechanism.,fulltext_review,readable,pmc_xml,/Users/xingmeng/.openclaw/workspaces/staff-scientist-ideker/agenticWorkflow_LiteratureScreeningAndFullTextReview/runs/host_pathogen_shared_mechanisms_apms_20260826/passes/pass_002/artifacts/fulltext_import/PMC_XML/normalized/PMC2894085.json,medium
pmid-20585562,20585562,PMC2887479,10.1371/journal.ppat.1000955,Tetherin restricts productive HIV-1 cell-to-cell transmission.,2010,selected_for_reading,Full text links a primary virus to a host factor or host pathway mechanism.,fulltext_review,readable,pmc_xml,/Users/xingmeng/.openclaw/workspaces/staff-scientist-ideker/agenticWorkflow_LiteratureScreeningAndFullTextReview/runs/host_pathogen_shared_mechanisms_apms_20260826/passes/pass_002/artifacts/fulltext_import/PMC_XML/normalized/PMC2887479.json,medium
pmid-20529266,20529266,PMC2890665,10.1186/1742-4690-7-51,HIV-1 Vpu and HIV-2 Env counteract BST-2/tetherin by sequestration in a perinuclear compartment.,2010,selected_for_reading,Full text links a primary virus to a host factor or host pathway mechanism.,fulltext_review,readable,pmc_xml,/Users/xingmeng/.openclaw/workspaces/staff-scientist-ideker/agenticWorkflow_LiteratureScreeningAndFullTextReview/runs/host_pathogen_shared_mechanisms_apms_20260826/passes/pass_002/artifacts/fulltext_import/PMC_XML/normalized/PMC2890665.json,medium
pmid-20459747,20459747,PMC2887380,10.1186/1742-4690-7-41,Live cell visualization of the interactions between HIV-1 Gag and the cellular RNA-binding protein Staufen1.,2010,selected_for_reading,"Full text centers a primary virus and provides assay-supported host interaction, host factor, or pathway mechanism evidence.",fulltext_review,readable,pmc_xml,/Users/xingmeng/.openclaw/workspaces/staff-scientist-ideker/agenticWorkflow_LiteratureScreeningAndFullTextReview/runs/host_pathogen_shared_mechanisms_apms_20260826/passes/pass_002/artifacts/fulltext_import/PMC_XML/normalized/PMC2887380.json,high
pmid-20386718,20386718,PMC2851737,10.1371/journal.ppat.1000856,Antagonism of tetherin restriction of HIV-1 release by Vpu involves binding and sequestration of the restriction factor in a perinuclear compartment.,2010,selected_for_reading,Full text links a primary virus to a host factor or host pathway mechanism.,fulltext_review,readable,pmc_xml,/Users/xingmeng/.openclaw/workspaces/staff-scientist-ideker/agenticWorkflow_LiteratureScreeningAndFullTextReview/runs/host_pathogen_shared_mechanisms_apms_20260826/passes/pass_002/artifacts/fulltext_import/PMC_XML/normalized/PMC2851737.json,medium
pmid-20126395,20126395,PMC2814849,10.1371/journal.pone.0009005,CAML does not modulate tetherin-mediated restriction of HIV-1 particle release.,2010,selected_for_reading,"Full text centers a primary virus and provides assay-supported host interaction, host factor, or pathway mechanism evidence.",fulltext_review,readable,pmc_xml,/Users/xingmeng/.openclaw/workspaces/staff-scientist-ideker/agenticWorkflow_LiteratureScreeningAndFullTextReview/runs/host_pathogen_shared_mechanisms_apms_20260826/passes/pass_002/artifacts/fulltext_import/PMC_XML/normalized/PMC2814849.json,high
pmid-20078884,20078884,PMC2823648,10.1186/1742-4690-7-1,"Vpu serine 52 dependent counteraction of tetherin is required for HIV-1 replication in macrophages, but not in ex vivo human lymphoid tissue.",2010,selected_for_reading,Full text links a primary virus to a host factor or host pathway mechanism.,fulltext_review,readable,pmc_xml,/Users/xingmeng/.openclaw/workspaces/staff-scientist-ideker/agenticWorkflow_LiteratureScreeningAndFullTextReview/runs/host_pathogen_shared_mechanisms_apms_20260826/passes/pass_002/artifacts/fulltext_import/PMC_XML/normalized/PMC2823648.json,medium
pmid-20015971,20015971,PMC2847223,10.1093/nar/gkp1154,Definition of the interacting interfaces of Apobec3G and HIV-1 Vif using MAPPIT mutagenesis analysis.,2010,selected_for_reading,Full text links a primary virus to a host factor or host pathway mechanism.,fulltext_review,readable,pmc_xml,/Users/xingmeng/.openclaw/workspaces/staff-scientist-ideker/agenticWorkflow_LiteratureScreeningAndFullTextReview/runs/host_pathogen_shared_mechanisms_apms_20260826/passes/pass_002/artifacts/fulltext_import/PMC_XML/normalized/PMC2847223.json,medium
pmid-20007598,20007598,PMC2836548,10.1093/nar/gkp1075,RNA helicase A modulates translation of HIV-1 and infectivity of progeny virions.,2010,selected_for_reading,Full text links a primary virus to a host factor or host pathway mechanism.,fulltext_review,readable,pmc_xml,/Users/xingmeng/.openclaw/workspaces/staff-scientist-ideker/agenticWorkflow_LiteratureScreeningAndFullTextReview/runs/host_pathogen_shared_mechanisms_apms_20260826/passes/pass_002/artifacts/fulltext_import/PMC_XML/normalized/PMC2836548.json,medium
pmid-19793905,19793905,PMC2885062,10.1099/vir.0.015909-0,Requirement of cellular DDX3 for hepatitis C virus replication is unrelated to its interaction with the viral core protein.,2010,selected_for_reading,Full text links a primary virus to a host factor or host pathway mechanism.,fulltext_review,readable,pmc_xml,/Users/xingmeng/.openclaw/workspaces/staff-scientist-ideker/agenticWorkflow_LiteratureScreeningAndFullTextReview/runs/host_pathogen_shared_mechanisms_apms_20260826/passes/pass_002/artifacts/fulltext_import/PMC_XML/normalized/PMC2885062.json,medium
pmid-20019814,20019814,PMC2788703,10.1371/journal.ppat.1000700,BCA2/Rabring7 promotes tetherin-dependent HIV-1 restriction.,2009,selected_for_reading,Full text links a primary virus to a host factor or host pathway mechanism.,fulltext_review,readable,pmc_xml,/Users/xingmeng/.openclaw/workspaces/staff-scientist-ideker/agenticWorkflow_LiteratureScreeningAndFullTextReview/runs/host_pathogen_shared_mechanisms_apms_20260826/passes/pass_002/artifacts/fulltext_import/PMC_XML/normalized/PMC2788703.json,medium
pmid-19915660,19915660,PMC2771899,10.1371/journal.pone.0007825,"Augmentation of reverse transcription by integrase through an interaction with host factor, SIP1/Gemin2 Is critical for HIV-1 infection.",2009,selected_for_reading,Full text links a primary virus to a host factor or host pathway mechanism.,fulltext_review,readable,pmc_xml,/Users/xingmeng/.openclaw/workspaces/staff-scientist-ideker/agenticWorkflow_LiteratureScreeningAndFullTextReview/runs/host_pathogen_shared_mechanisms_apms_20260826/passes/pass_002/artifacts/fulltext_import/PMC_XML/normalized/PMC2771899.json,medium
pmid-19833003,19833003,PMC2776905,10.1186/jbiol183,Decoding the multifaceted HIV-1 virus-host interactome.,2009,selected_for_reading,"Full text centers a primary virus and provides assay-supported host interaction, host factor, or pathway mechanism evidence.",fulltext_review,readable,pmc_xml,/Users/xingmeng/.openclaw/workspaces/staff-scientist-ideker/agenticWorkflow_LiteratureScreeningAndFullTextReview/runs/host_pathogen_shared_mechanisms_apms_20260826/passes/pass_002/artifacts/fulltext_import/PMC_XML/normalized/PMC2776905.json,high
pmid-19535902,19535902,PMC2792590,10.4161/rna.6.4.8920,Sam68 functions in nuclear export and translation of HIV-1 RNA.,2009,selected_for_reading,"Full text centers a primary virus and provides assay-supported host interaction, host factor, or pathway mechanism evidence.",fulltext_review,readable,pmc_xml,/Users/xingmeng/.openclaw/workspaces/staff-scientist-ideker/agenticWorkflow_LiteratureScreeningAndFullTextReview/runs/host_pathogen_shared_mechanisms_apms_20260826/passes/pass_002/artifacts/fulltext_import/PMC_XML/normalized/PMC2792590.json,high
pmid-19461879,19461879,PMC2678251,10.1371/journal.ppat.1000443,Mutation of a single residue renders human tetherin resistant to HIV-1 Vpu-mediated depletion.,2009,selected_for_reading,Full text links a primary virus to a host factor or host pathway mechanism.,fulltext_review,readable,pmc_xml,/Users/xingmeng/.openclaw/workspaces/staff-scientist-ideker/agenticWorkflow_LiteratureScreeningAndFullTextReview/runs/host_pathogen_shared_mechanisms_apms_20260826/passes/pass_002/artifacts/fulltext_import/PMC_XML/normalized/PMC2678251.json,medium
pmid-19454010,19454010,PMC2702331,10.1186/1742-4690-6-47,In vitro nuclear interactome of the HIV-1 Tat protein.,2009,selected_for_reading,"Full text centers a primary virus and provides assay-supported host interaction, host factor, or pathway mechanism evidence.",fulltext_review,readable,pmc_xml,/Users/xingmeng/.openclaw/workspaces/staff-scientist-ideker/agenticWorkflow_LiteratureScreeningAndFullTextReview/runs/host_pathogen_shared_mechanisms_apms_20260826/passes/pass_002/artifacts/fulltext_import/PMC_XML/normalized/PMC2702331.json,high
pmid-19341465,19341465,PMC2679739,10.1186/1743-422X-6-39,Analysis of hemagglutinin-mediated entry tropism of H5N1 avian influenza.,2009,selected_for_reading,"Full text has plausible host pathway or host-factor mechanism context for a primary virus, but evidence is not strongly assay-centered.",fulltext_review,readable,pmc_xml,/Users/xingmeng/.openclaw/workspaces/staff-scientist-ideker/agenticWorkflow_LiteratureScreeningAndFullTextReview/runs/host_pathogen_shared_mechanisms_apms_20260826/passes/pass_002/artifacts/fulltext_import/PMC_XML/normalized/PMC2679739.json,low
pmid-19300495,19300495,PMC2652112,10.1371/journal.ppat.1000342,Reassessing the role of APOBEC3G in human immunodeficiency virus type 1 infection of quiescent CD4+ T-cells.,2009,selected_for_reading,Full text links a primary virus to a host factor or host pathway mechanism.,fulltext_review,readable,pmc_xml,/Users/xingmeng/.openclaw/workspaces/staff-scientist-ideker/agenticWorkflow_LiteratureScreeningAndFullTextReview/runs/host_pathogen_shared_mechanisms_apms_20260826/passes/pass_002/artifacts/fulltext_import/PMC_XML/normalized/PMC2652112.json,medium
pmid-19216784,19216784,PMC2657108,10.1186/1742-4690-6-16,"APOBEC3G induces a hypermutation gradient: purifying selection at multiple steps during HIV-1 replication results in levels of G-to-A mutations that are high in DNA, intermediate in cellular viral RNA, and low in virion RNA.",2009,selected_for_reading,Full text links a primary virus to a host factor or host pathway mechanism.,fulltext_review,readable,pmc_xml,/Users/xingmeng/.openclaw/workspaces/staff-scientist-ideker/agenticWorkflow_LiteratureScreeningAndFullTextReview/runs/host_pathogen_shared_mechanisms_apms_20260826/passes/pass_002/artifacts/fulltext_import/PMC_XML/normalized/PMC2657108.json,medium
pmid-19150103,19150103,PMC3124558,10.1016/j.virol.2008.11.051,Enhanced replication and pathogenesis of Moloney murine leukemia virus in mice defective in the murine APOBEC3 gene.,2009,selected_for_reading,"Full text has plausible host pathway or host-factor mechanism context for a primary virus, but evidence is not strongly assay-centered.",fulltext_review,readable,pmc_xml,/Users/xingmeng/.openclaw/workspaces/staff-scientist-ideker/agenticWorkflow_LiteratureScreeningAndFullTextReview/runs/host_pathogen_shared_mechanisms_apms_20260826/passes/pass_002/artifacts/fulltext_import/PMC_XML/normalized/PMC3124558.json,low
pmid-19128510,19128510,PMC2629459,10.1186/1742-4690-6-1,MDM2 is a novel E3 ligase for HIV-1 Vif.,2009,selected_for_reading,"Full text centers a primary virus and provides assay-supported host interaction, host factor, or pathway mechanism evidence.",fulltext_review,readable,pmc_xml,/Users/xingmeng/.openclaw/workspaces/staff-scientist-ideker/agenticWorkflow_LiteratureScreeningAndFullTextReview/runs/host_pathogen_shared_mechanisms_apms_20260826/passes/pass_002/artifacts/fulltext_import/PMC_XML/normalized/PMC2629459.json,high
pmid-18974184,18974184,PMC2686573,10.1093/nar/gkn739,VirusMINT: a viral protein interaction database.,2009,selected_for_reading,"Full text contains useful host-pathogen assay or pathway evidence, but the primary-virus mechanism is less central than in direct papers.",fulltext_review,readable,pmc_xml,/Users/xingmeng/.openclaw/workspaces/staff-scientist-ideker/agenticWorkflow_LiteratureScreeningAndFullTextReview/runs/host_pathogen_shared_mechanisms_apms_20260826/passes/pass_002/artifacts/fulltext_import/PMC_XML/normalized/PMC2686573.json,medium
pmid-18854154,18854154,PMC2628946,10.1016/j.cell.2008.07.032,Global analysis of host-pathogen interactions that regulate early-stage HIV-1 replication.,2008,selected_for_reading,"Full text centers a primary virus and provides assay-supported host interaction, host factor, or pathway mechanism evidence.",fulltext_review,readable,pmc_xml,/Users/xingmeng/.openclaw/workspaces/staff-scientist-ideker/agenticWorkflow_LiteratureScreeningAndFullTextReview/runs/host_pathogen_shared_mechanisms_apms_20260826/passes/pass_002/artifacts/fulltext_import/PMC_XML/normalized/PMC2628946.json,high
pmid-18498651,18498651,PMC2409373,10.1186/1742-4690-5-41,The host protein Staufen1 interacts with the Pr55Gag zinc fingers and regulates HIV-1 assembly via its N-terminus.,2008,selected_for_reading,"Full text centers a primary virus and provides assay-supported host interaction, host factor, or pathway mechanism evidence.",fulltext_review,readable,pmc_xml,/Users/xingmeng/.openclaw/workspaces/staff-scientist-ideker/agenticWorkflow_LiteratureScreeningAndFullTextReview/runs/host_pathogen_shared_mechanisms_apms_20260826/passes/pass_002/artifacts/fulltext_import/PMC_XML/normalized/PMC2409373.json,high
pmid-18497858,18497858,PMC2374908,10.1371/journal.ppat.1000074,Proteasomal degradation of TRIM5alpha during retrovirus restriction.,2008,selected_for_reading,"Full text has plausible host pathway or host-factor mechanism context for a primary virus, but evidence is not strongly assay-centered.",fulltext_review,readable,pmc_xml,/Users/xingmeng/.openclaw/workspaces/staff-scientist-ideker/agenticWorkflow_LiteratureScreeningAndFullTextReview/runs/host_pathogen_shared_mechanisms_apms_20260826/passes/pass_002/artifacts/fulltext_import/PMC_XML/normalized/PMC2374908.json,low
pmid-17892575,17892575,PMC2064933,10.1186/1742-4690-4-68,Both TRIM5alpha and TRIMCyp have only weak antiviral activity in canine D17 cells.,2007,selected_for_reading,"Full text has plausible host pathway or host-factor mechanism context for a primary virus, but evidence is not strongly assay-centered.",fulltext_review,readable,pmc_xml,/Users/xingmeng/.openclaw/workspaces/staff-scientist-ideker/agenticWorkflow_LiteratureScreeningAndFullTextReview/runs/host_pathogen_shared_mechanisms_apms_20260826/passes/pass_002/artifacts/fulltext_import/PMC_XML/normalized/PMC2064933.json,low
pmid-17173480,17173480,PMC1698943,10.1371/journal.ppat.0020130,NFAT5 regulates HIV-1 in primary monocytes via a highly conserved long terminal repeat site.,2006,selected_for_reading,Full text links a primary virus to a host factor or host pathway mechanism.,fulltext_review,readable,pmc_xml,/Users/xingmeng/.openclaw/workspaces/staff-scientist-ideker/agenticWorkflow_LiteratureScreeningAndFullTextReview/runs/host_pathogen_shared_mechanisms_apms_20260826/passes/pass_002/artifacts/fulltext_import/PMC_XML/normalized/PMC1698943.json,medium
pmid-17090598,17090598,PMC1693895,10.1093/nar/gkl843,Chromosomal integration of LTR-flanked DNA in yeast expressing HIV-1 integrase: down regulation by RAD51.,2006,selected_for_reading,Full text links a primary virus to a host factor or host pathway mechanism.,fulltext_review,readable,pmc_xml,/Users/xingmeng/.openclaw/workspaces/staff-scientist-ideker/agenticWorkflow_LiteratureScreeningAndFullTextReview/runs/host_pathogen_shared_mechanisms_apms_20260826/passes/pass_002/artifacts/fulltext_import/PMC_XML/normalized/PMC1693895.json,medium
pmid-16945155,16945155,PMC1592304,10.1186/1742-4690-3-56,HIV-1 replication in cell lines harboring INI1/hSNF5 mutations.,2006,selected_for_reading,Full text links a primary virus to a host factor or host pathway mechanism.,fulltext_review,readable,pmc_xml,/Users/xingmeng/.openclaw/workspaces/staff-scientist-ideker/agenticWorkflow_LiteratureScreeningAndFullTextReview/runs/host_pathogen_shared_mechanisms_apms_20260826/passes/pass_002/artifacts/fulltext_import/PMC_XML/normalized/PMC1592304.json,medium
pmid-16699599,16699599,PMC1458959,10.1371/journal.ppat.0020041,Human retroviral host restriction factors APOBEC3G and APOBEC3F localize to mRNA processing bodies.,2006,selected_for_reading,"Full text has plausible host pathway or host-factor mechanism context for a primary virus, but evidence is not strongly assay-centered.",fulltext_review,readable,pmc_xml,/Users/xingmeng/.openclaw/workspaces/staff-scientist-ideker/agenticWorkflow_LiteratureScreeningAndFullTextReview/runs/host_pathogen_shared_mechanisms_apms_20260826/passes/pass_002/artifacts/fulltext_import/PMC_XML/normalized/PMC1458959.json,low
pmid-9024688,9024688,PMC2134302,10.1083/jcb.136.3.567,"A multistep, ATP-dependent pathway for assembly of human immunodeficiency virus capsids in a cell-free system.",1997,selected_for_reading,Full text links a primary virus to a host factor or host pathway mechanism.,fulltext_review,readable,pmc_xml,/Users/xingmeng/.openclaw/workspaces/staff-scientist-ideker/agenticWorkflow_LiteratureScreeningAndFullTextReview/runs/host_pathogen_shared_mechanisms_apms_20260826/passes/pass_002/artifacts/fulltext_import/PMC_XML/normalized/PMC2134302.json,medium
pmid-42619998,42619998,PMC13484650,10.64898/2026.08.03.742570,SAMHD1 enhances HIV-1-induced glycolysis in monocytic cells through hexokinase 2 upregulation.,2026,abstract_relevant_fulltext_unavailable,Independent reread finds plausible host-pathogen mechanism or comparative pathway evidence; keep for full-text import. Full text was not readable through PMC or PDF import at the time of review.,abstract_review_only,unavailable,missing,,medium
pmid-42580411,42580411,,10.1016/j.virs.2026.08.003,Enteroviruses antagonize the host restriction factor ABL2 via proteasomal degradation to facilitate viral replication.,2026,abstract_relevant_fulltext_unavailable,Independent reread finds plausible host-pathogen mechanism or comparative pathway evidence; keep for full-text import. Full text was not readable through PMC or PDF import at the time of review.,abstract_review_only,unavailable,missing,,medium
pmid-42562331,42562331,,10.1016/j.bcp.2026.118321,The L-type calcium channel Ca(v)1.2 mediates influenza A virus infection by regulating viral internalization and endoplasmic reticulum homeostasis.,2026,abstract_relevant_fulltext_unavailable,Independent reread finds plausible host-pathogen mechanism or comparative pathway evidence; keep for full-text import. Full text was not readable through PMC or PDF import at the time of review.,abstract_review_only,unavailable,missing,,medium
pmid-42525534,42525534,,10.1016/j.celrep.2026.117773,MITD1 restricts HIV-1 release by targeting ESCRT-III proteins.,2026,abstract_relevant_fulltext_unavailable,Independent reread finds plausible host-pathogen mechanism or comparative pathway evidence; keep for full-text import. Full text was not readable through PMC or PDF import at the time of review.,abstract_review_only,unavailable,missing,,medium
pmid-42520937,42520937,,10.1016/j.jbc.2026.113369,FOXA2 potently represses NF-κB-dependent transcription from viral promoters in liver cells.,2026,abstract_relevant_fulltext_unavailable,Independent reread finds plausible host-pathogen mechanism or comparative pathway evidence; keep for full-text import. Full text was not readable through PMC or PDF import at the time of review.,abstract_review_only,unavailable,missing,,medium
pmid-42403244,42403244,PMC13349425,10.1002/jmv.71043,JQKD82 Inhibits HIV Infection of Macrophages Through Blocking Viral Entry and Enhancing Antiviral ISG Responses.,2026,abstract_relevant_fulltext_unavailable,Independent reread finds plausible host-pathogen mechanism or comparative pathway evidence; keep for full-text import. Full text was not readable through PMC or PDF import at the time of review.,abstract_review_only,unavailable,missing,,medium
pmid-42336219,42336219,,10.1016/j.antiviral.2026.106471,ITGA4 drives pathogenesis of flavivirus and inhibition of it protects mice against Japanese encephalitis virus infection.,2026,abstract_relevant_fulltext_unavailable,Independent reread finds plausible host-pathogen mechanism or comparative pathway evidence; keep for full-text import. Full text was not readable through PMC or PDF import at the time of review.,abstract_review_only,unavailable,missing,,medium
pmid-42327289,42327289,PMC13278084,10.64898/2026.06.11.731520,Gene duplication and retrotransposition diversify the antiviral repertoire of macaque IFITM proteins.,2026,abstract_relevant_fulltext_unavailable,Independent reread finds plausible host-pathogen mechanism or comparative pathway evidence; keep for full-text import. Full text was not readable through PMC or PDF import at the time of review.,abstract_review_only,unavailable,missing,,medium
pmid-42173436,42173436,,10.1016/j.jmb.2026.169875,Biophysical Characterization of Ebola VP35 Protein Binding to Host Mindbomb Protein 2.,2026,abstract_relevant_fulltext_unavailable,Independent reread finds plausible host-pathogen mechanism or comparative pathway evidence; keep for full-text import. Full text was not readable through PMC or PDF import at the time of review.,abstract_review_only,unavailable,missing,,medium
pmid-42161262,42161262,,10.1016/j.chom.2026.04.018,A CRISPR activation screen identifies SPART as a pan-orthoflavivirus restriction factor.,2026,abstract_relevant_fulltext_unavailable,Independent reread finds plausible host-pathogen mechanism or comparative pathway evidence; keep for full-text import. Full text was not readable through PMC or PDF import at the time of review.,abstract_review_only,unavailable,missing,,medium
pmid-42152487,42152487,,10.1080/15548627.2026.2677196,USF2 restricts enterovirus replication and transmission by inhibiting autophagy and vesicle-mediated viral spread.,2026,abstract_relevant_fulltext_unavailable,Independent reread finds plausible host-pathogen mechanism or comparative pathway evidence; keep for full-text import. Full text was not readable through PMC or PDF import at the time of review.,abstract_review_only,unavailable,missing,,medium
pmid-41779781,41779781,PMC12974410,10.1073/pnas.2529289123,EIF4H and YBX1 are essential host factors for hepatitis E virus replication and pathogenesis.,2026,abstract_relevant_fulltext_unavailable,Independent reread finds plausible host-pathogen mechanism or comparative pathway evidence; keep for full-text import. Full text was not readable through PMC or PDF import at the time of review.,abstract_review_only,unavailable,missing,,medium
pmid-41197812,41197812,,10.1016/j.antiviral.2025.106307,Repurposed doxepin targeting host AXL kinase to disrupt viral 2C-mediated immune evasion in Coxsackievirus B infection.,2025,abstract_relevant_fulltext_unavailable,Independent reread finds plausible host-pathogen mechanism or comparative pathway evidence; keep for full-text import. Full text was not readable through PMC or PDF import at the time of review.,abstract_review_only,unavailable,missing,,medium
pmid-40791337,40791337,PMC12338750,10.1101/2025.07.18.665639,Abnormal Vaginal Microbiota Associated with miRNA Targeting the HIV-Host Interactome.,2025,abstract_relevant_fulltext_unavailable,Independent reread confirms direct primary-virus host mechanism or interaction evidence; advance for full-text import. Full text was not readable through PMC or PDF import at the time of review.,abstract_review_only,unavailable,missing,,high
pmid-40777346,40777346,PMC12330720,10.1101/2025.07.21.665982,MICRORNAS REGULATED BY PREGNANCY TARGET THE HIV INTERACTOME.,2025,abstract_relevant_fulltext_unavailable,Independent reread confirms direct primary-virus host mechanism or interaction evidence; advance for full-text import. Full text was not readable through PMC or PDF import at the time of review.,abstract_review_only,unavailable,missing,,high
pmid-40766577,40766577,PMC12324263,10.1101/2025.07.28.667227,Arf GTPases Define BST-2-Independent Pathways for HIV-1 Assembly and Release.,2025,abstract_relevant_fulltext_unavailable,Independent reread finds plausible host-pathogen mechanism or comparative pathway evidence; keep for full-text import. Full text was not readable through PMC or PDF import at the time of review.,abstract_review_only,unavailable,missing,,medium
pmid-40689623,40689623,PMC12345215,10.1128/mbio.01465-25,ASCT2 inhibits HIV-1 infectivity by promoting the incorporation of a gp160/ASCT2 complex into virions.,2025,abstract_relevant_fulltext_unavailable,Independent reread finds plausible host-pathogen mechanism or comparative pathway evidence; keep for full-text import. Full text was not readable through PMC or PDF import at the time of review.,abstract_review_only,unavailable,missing,,medium
pmid-40672252,40672252,PMC12265676,10.1101/2025.07.07.663519,BST-2 inhibits SARS-CoV-2 egress at intracellular membranes and is neutralized by ORF7a.,2025,abstract_relevant_fulltext_unavailable,Independent reread finds plausible host-pathogen mechanism or comparative pathway evidence; keep for full-text import. Full text was not readable through PMC or PDF import at the time of review.,abstract_review_only,unavailable,missing,,medium
pmid-40250655,40250655,,10.1016/j.ijbiomac.2025.143217,Decoding potential host protein targets against Flaviviridae using protein-protein interaction network.,2025,abstract_relevant_fulltext_unavailable,Independent reread finds plausible host-pathogen mechanism or comparative pathway evidence; keep for full-text import. Full text was not readable through PMC or PDF import at the time of review.,abstract_review_only,unavailable,missing,,medium
pmid-40199068,40199068,PMC13095474,10.1016/j.molpha.2025.100020,Traffic control: Mechanisms of ligand-specific internalization and intracellular distribution of CCR5.,2025,abstract_relevant_fulltext_unavailable,Independent reread finds plausible host-pathogen mechanism or comparative pathway evidence; keep for full-text import. Full text was not readable through PMC or PDF import at the time of review.,abstract_review_only,unavailable,missing,,medium
pmid-39900759,39900759,,10.1007/978-1-0716-4276-4_8,RNA-Seq and Gene Set Enrichment Analysis (GSEA) in Peripheral Blood Mononuclear Cells (PBMCs).,2025,abstract_relevant_fulltext_unavailable,Independent reread finds plausible host-pathogen mechanism or comparative pathway evidence; keep for full-text import. Full text was not readable through PMC or PDF import at the time of review.,abstract_review_only,unavailable,missing,,medium
pmid-39585616,39585616,,10.1007/978-1-0716-4256-6_7,Proximity Proteomics to Profile Ebola Virus Protein Interactome in Its Functional Context.,2025,abstract_relevant_fulltext_unavailable,Independent reread confirms direct primary-virus host mechanism or interaction evidence; advance for full-text import. Full text was not readable through PMC or PDF import at the time of review.,abstract_review_only,unavailable,missing,,high
pmid-39480090,39480090,PMC11575316,10.1128/jvi.00947-24,Cyclophilin A facilitates HIV-1 integration.,2024,abstract_relevant_fulltext_unavailable,Independent reread finds plausible host-pathogen mechanism or comparative pathway evidence; keep for full-text import. Full text was not readable through PMC or PDF import at the time of review.,abstract_review_only,unavailable,missing,,medium
pmid-39389033,39389033,,10.1016/j.chom.2024.09.002,MX2 forms nucleoporin-comprising cytoplasmic biomolecular condensates that lure viral capsids.,2024,abstract_relevant_fulltext_unavailable,Independent reread finds plausible host-pathogen mechanism or comparative pathway evidence; keep for full-text import. Full text was not readable through PMC or PDF import at the time of review.,abstract_review_only,unavailable,missing,,medium
pmid-39128851,39128851,PMC11587837,10.1080/15548627.2024.2390814,AP3B1 facilitates PDIA3/ERP57 function to regulate rabies virus glycoprotein selective degradation and viral entry.,2024,abstract_relevant_fulltext_unavailable,Independent reread finds plausible host-pathogen mechanism or comparative pathway evidence; keep for full-text import. Full text was not readable through PMC or PDF import at the time of review.,abstract_review_only,unavailable,missing,,medium
pmid-38948800,38948800,PMC11212919,10.1101/2024.06.15.599180,Cyclophilin A Facilitates HIV-1 DNA Integration.,2024,abstract_relevant_fulltext_unavailable,Independent reread finds plausible host-pathogen mechanism or comparative pathway evidence; keep for full-text import. Full text was not readable through PMC or PDF import at the time of review.,abstract_review_only,unavailable,missing,,medium
pmid-38899932,38899932,PMC11265465,10.1128/jvi.00534-24,"The interferon-regulated host factor hnRNPA0 modulates HIV-1 production by interference with LTR activity, mRNA trafficking, and programmed ribosomal frameshifting.",2024,abstract_relevant_fulltext_unavailable,Independent reread confirms direct primary-virus host mechanism or interaction evidence; advance for full-text import. Full text was not readable through PMC or PDF import at the time of review.,abstract_review_only,unavailable,missing,,high
pmid-38888347,38888347,PMC11265353,10.1128/jvi.00556-24,Transcription factor EB (TFEB) interaction with RagC is disrupted during enterovirus D68 infection.,2024,abstract_relevant_fulltext_unavailable,Independent reread finds plausible host-pathogen mechanism or comparative pathway evidence; keep for full-text import. Full text was not readable through PMC or PDF import at the time of review.,abstract_review_only,unavailable,missing,,medium
pmid-38742902,38742902,PMC11237476,10.1128/jvi.01705-23,LINC08148 promotes the caveola-mediated endocytosis of Zika virus through upregulating transcription of Src.,2024,abstract_relevant_fulltext_unavailable,Independent reread finds plausible host-pathogen mechanism or comparative pathway evidence; keep for full-text import. Full text was not readable through PMC or PDF import at the time of review.,abstract_review_only,unavailable,missing,,medium
pmid-38417690,38417690,,10.1016/j.abb.2024.109947,Cellular HSF1 expression is induced during HIV-1 infection by activation of its promoter mediated through the cooperative interaction of HSF1 and viral Nef protein.,2024,abstract_relevant_fulltext_unavailable,Independent reread confirms direct primary-virus host mechanism or interaction evidence; advance for full-text import. Full text was not readable through PMC or PDF import at the time of review.,abstract_review_only,unavailable,missing,,high
pmid-38352529,38352529,PMC10862950,10.21203/rs.3.rs-3838220/v1,A protein-proximity screen reveals Ebola virus co-opts the mRNA decapping complex through the scaffold protein EDC4.,2024,abstract_relevant_fulltext_unavailable,Independent reread finds plausible host-pathogen mechanism or comparative pathway evidence; keep for full-text import. Full text was not readable through PMC or PDF import at the time of review.,abstract_review_only,unavailable,missing,,medium
pmid-38197631,38197631,PMC10878072,10.1128/jvi.01567-23,RUNX3 inhibits KSHV lytic replication by binding to the viral genome and repressing transcription.,2024,abstract_relevant_fulltext_unavailable,Independent reread finds plausible host-pathogen mechanism or comparative pathway evidence; keep for full-text import. Full text was not readable through PMC or PDF import at the time of review.,abstract_review_only,unavailable,missing,,medium
pmid-38189249,38189249,PMC10878262,10.1128/jvi.01749-23,N-terminal acetyltransferase 6 facilitates enterovirus 71 replication by regulating PI4KB expression and replication organelle biogenesis.,2024,abstract_relevant_fulltext_unavailable,Independent reread finds plausible host-pathogen mechanism or comparative pathway evidence; keep for full-text import. Full text was not readable through PMC or PDF import at the time of review.,abstract_review_only,unavailable,missing,,medium
pmid-37961097,37961097,PMC10635066,10.1101/2023.11.01.565224,Ligand-Dependent Mechanisms of CC Chemokine Receptor 5 (CCR5) Trafficking Revealed by APEX2 Proximity Labeling Proteomics.,2024,abstract_relevant_fulltext_unavailable,Independent reread finds plausible host-pathogen mechanism or comparative pathway evidence; keep for full-text import. Full text was not readable through PMC or PDF import at the time of review.,abstract_review_only,unavailable,missing,,medium
pmid-37905837,37905837,PMC10688328,10.1128/jvi.01044-23,HIV-1 Tat commandeers nuclear export of Rev-viral RNA complex by controlling hnRNPA2-mediated splicing.,2023,abstract_relevant_fulltext_unavailable,Independent reread finds plausible host-pathogen mechanism or comparative pathway evidence; keep for full-text import. Full text was not readable through PMC or PDF import at the time of review.,abstract_review_only,unavailable,missing,,medium
pmid-37843371,37843371,PMC10688351,10.1128/jvi.00732-23,Emerging role of cyclophilin A in HIV-1 infection: from producer cell to the target cell nucleus.,2023,abstract_relevant_fulltext_unavailable,Independent reread finds plausible host-pathogen mechanism or comparative pathway evidence; keep for full-text import. Full text was not readable through PMC or PDF import at the time of review.,abstract_review_only,unavailable,missing,,medium
pmid-37750702,37750702,PMC10732038,10.1128/mmbr.00048-22,Capsid-host interactions for HIV-1 ingress.,2023,abstract_relevant_fulltext_unavailable,Independent reread finds plausible host-pathogen mechanism or comparative pathway evidence; keep for full-text import. Full text was not readable through PMC or PDF import at the time of review.,abstract_review_only,unavailable,missing,,medium
pmid-37562033,37562033,PMC10651195,10.1093/infdis/jiad325,An Antiviral Role for TRIM14 in Ebola Virus Infection.,2023,abstract_relevant_fulltext_unavailable,Independent reread finds plausible host-pathogen mechanism or comparative pathway evidence; keep for full-text import. Full text was not readable through PMC or PDF import at the time of review.,abstract_review_only,unavailable,missing,,medium
pmid-37540094,37540094,,10.1021/acs.jproteome.3c00162,Quantitative Proteomics of the CDK9 Interactome Reveals a Function of the HSP90-CDC37-P-TEFb Complex for BETi-Induced HIV-1 Latency Reactivation.,2023,abstract_relevant_fulltext_unavailable,Independent reread confirms direct primary-virus host mechanism or interaction evidence; advance for full-text import. Full text was not readable through PMC or PDF import at the time of review.,abstract_review_only,unavailable,missing,,high
pmid-37406340,37406340,,10.1146/annurev-virology-111821-100816,Small but Highly Versatile: The Viral Accessory Protein Vpu.,2023,abstract_relevant_fulltext_unavailable,Independent reread finds plausible host-pathogen mechanism or comparative pathway evidence; keep for full-text import. Full text was not readable through PMC or PDF import at the time of review.,abstract_review_only,unavailable,missing,,medium
pmid-37358446,37358446,PMC10373548,10.1128/jvi.00255-23,KIF16B Mediates Anterograde Transport and Modulates Lysosomal Degradation of the HIV-1 Envelope Glycoprotein.,2023,abstract_relevant_fulltext_unavailable,Independent reread finds plausible host-pathogen mechanism or comparative pathway evidence; keep for full-text import. Full text was not readable through PMC or PDF import at the time of review.,abstract_review_only,unavailable,missing,,medium
pmid-37193327,37193327,PMC10182223,10.1007/s13205-023-03569-0,Prediction of human protein interactome of dengue virus non-structural protein 5 (NS5) and its downstream immunological implications.,2023,abstract_relevant_fulltext_unavailable,Independent reread confirms direct primary-virus host mechanism or interaction evidence; advance for full-text import. Full text was not readable through PMC or PDF import at the time of review.,abstract_review_only,unavailable,missing,,high
pmid-37149044,37149044,,10.1016/j.antiviral.2023.105622,Host factor DUSP5 potently inhibits dengue virus infection by modulating cytoskeleton rearrangement.,2023,abstract_relevant_fulltext_unavailable,Independent reread confirms direct primary-virus host mechanism or interaction evidence; advance for full-text import. Full text was not readable through PMC or PDF import at the time of review.,abstract_review_only,unavailable,missing,,high
pmid-36995092,36995092,PMC10062123,10.1128/jvi.01763-22,KSHV Viral Protein Kinase Interacts with USP9X to Modulate the Viral Lifecycle.,2023,abstract_relevant_fulltext_unavailable,Independent reread confirms direct primary-virus host mechanism or interaction evidence; advance for full-text import. Full text was not readable through PMC or PDF import at the time of review.,abstract_review_only,unavailable,missing,,high
pmid-36773550,36773550,,10.1016/j.ejmech.2023.115188,Various strategies for developing APOBEC3G protectors to circumvent human immunodeficiency virus type 1.,2023,abstract_relevant_fulltext_unavailable,Independent reread finds plausible host-pathogen mechanism or comparative pathway evidence; keep for full-text import. Full text was not readable through PMC or PDF import at the time of review.,abstract_review_only,unavailable,missing,,medium
pmid-36723955,36723955,,10.1096/fj.202201738R,DNAJB8 facilitates autophagic-lysosomal degradation of viral Vif protein and restricts HIV-1 virion infectivity by rescuing APOBEC3G expression in host cells.,2023,abstract_relevant_fulltext_unavailable,Independent reread finds plausible host-pathogen mechanism or comparative pathway evidence; keep for full-text import. Full text was not readable through PMC or PDF import at the time of review.,abstract_review_only,unavailable,missing,,medium
pmid-36648422,36648422,,10.1089/omi.2022.0130,Pathogenesis of Human Immunodeficiency Virus and Mycobacterium tuberculosis Infection as Revealed by Transcriptome and Interactome Data.,2023,abstract_relevant_fulltext_unavailable,Independent reread confirms direct primary-virus host mechanism or interaction evidence; advance for full-text import. Full text was not readable through PMC or PDF import at the time of review.,abstract_review_only,unavailable,missing,,high
pmid-36411658,36411658,,10.1016/j.biopha.2022.113850,Assessing the potential of repurposing ion channel inhibitors to treat emerging viral diseases and the role of this host factor in virus replication.,2022,abstract_relevant_fulltext_unavailable,Independent reread finds plausible host-pathogen mechanism or comparative pathway evidence; keep for full-text import. Full text was not readable through PMC or PDF import at the time of review.,abstract_review_only,unavailable,missing,,medium
pmid-36326276,36326276,PMC9682979,10.1128/jvi.01469-22,Shiftless Restricts Viral Gene Expression and Influences RNA Granule Formation during Kaposi's Sarcoma-Associated Herpesvirus Lytic Replication.,2022,abstract_relevant_fulltext_unavailable,Independent reread finds plausible host-pathogen mechanism or comparative pathway evidence; keep for full-text import. Full text was not readable through PMC or PDF import at the time of review.,abstract_review_only,unavailable,missing,,medium
pmid-35977432,35977432,,10.1016/j.jmgm.2022.108291,In silico study on miRNA regulation and NSs protein interactome characterization of the SFTS virus.,2022,abstract_relevant_fulltext_unavailable,Independent reread finds plausible host-pathogen mechanism or comparative pathway evidence; keep for full-text import. Full text was not readable through PMC or PDF import at the time of review.,abstract_review_only,unavailable,missing,,medium
pmid-35964311,35964311,,10.31857/S0026898422040115,[HIV Restriction Factor APOBEC3G and Prospects for Its Use in Gene Therapy for HIV].,2022,abstract_relevant_fulltext_unavailable,Independent reread confirms direct primary-virus host mechanism or interaction evidence; advance for full-text import. Full text was not readable through PMC or PDF import at the time of review.,abstract_review_only,unavailable,missing,,high
pmid-35913217,35913217,PMC9400502,10.1128/jvi.00526-22,Riplet Binds the Zinc Finger Antiviral Protein (ZAP) and Augments ZAP-Mediated Restriction of HIV-1.,2022,abstract_relevant_fulltext_unavailable,Independent reread finds plausible host-pathogen mechanism or comparative pathway evidence; keep for full-text import. Full text was not readable through PMC or PDF import at the time of review.,abstract_review_only,unavailable,missing,,medium
pmid-35862260,35862260,,10.1021/acs.jmedchem.2c00649,Targeting the RNA G-Quadruplex and Protein Interactome for Antiviral Therapy.,2022,abstract_relevant_fulltext_unavailable,Independent reread finds plausible host-pathogen mechanism or comparative pathway evidence; keep for full-text import. Full text was not readable through PMC or PDF import at the time of review.,abstract_review_only,unavailable,missing,,medium
pmid-35766490,35766490,PMC9327697,10.1128/jvi.00652-22,The Myeloid-Specific Transcription Factor PU.1 Upregulates Mannose Receptor Expression but Represses Basal Activity of the HIV-LTR Promoter.,2022,abstract_relevant_fulltext_unavailable,Independent reread finds plausible host-pathogen mechanism or comparative pathway evidence; keep for full-text import. Full text was not readable through PMC or PDF import at the time of review.,abstract_review_only,unavailable,missing,,medium
pmid-35730977,35730977,PMC9278143,10.1128/jvi.00577-22,"Inhibition of a Chromatin and Transcription Modulator, SLTM, Increases HIV-1 Reactivation Identified by a CRISPR Inhibition Screen.",2022,abstract_relevant_fulltext_unavailable,Independent reread finds plausible host-pathogen mechanism or comparative pathway evidence; keep for full-text import. Full text was not readable through PMC or PDF import at the time of review.,abstract_review_only,unavailable,missing,,medium
pmid-35652656,35652656,PMC9215245,10.1128/jvi.00704-22,The Dengue Virus Nonstructural Protein 1 (NS1) Interacts with the Putative Epigenetic Regulator DIDO1 to Promote Flavivirus Replication in Mosquito Cells.,2022,abstract_relevant_fulltext_unavailable,Independent reread confirms direct primary-virus host mechanism or interaction evidence; advance for full-text import. Full text was not readable through PMC or PDF import at the time of review.,abstract_review_only,unavailable,missing,,high
pmid-35604218,35604218,PMC9215225,10.1128/jvi.00101-22,KSHV RTA Induces Degradation of the Host Transcription Repressor ID2 To Promote the Viral Lytic Cycle.,2022,abstract_relevant_fulltext_unavailable,Independent reread finds plausible host-pathogen mechanism or comparative pathway evidence; keep for full-text import. Full text was not readable through PMC or PDF import at the time of review.,abstract_review_only,unavailable,missing,,medium
pmid-35397701,35397701,PMC11072344,10.1007/s00018-022-04245-x,Mapping of molecular interactions between human E3 ligase TRIM69 and Dengue virus NS3 protease using hydrogen-deuterium exchange mass spectrometry.,2022,abstract_relevant_fulltext_unavailable,Independent reread confirms direct primary-virus host mechanism or interaction evidence; advance for full-text import. Full text was not readable through PMC or PDF import at the time of review.,abstract_review_only,unavailable,missing,,high
pmid-35390695,35390695,,10.1016/j.virol.2022.03.007,Septin 2 interacts with dengue virus replication complex proteins and participates in virus replication in mosquito cells.,2022,abstract_relevant_fulltext_unavailable,Independent reread confirms direct primary-virus host mechanism or interaction evidence; advance for full-text import. Full text was not readable through PMC or PDF import at the time of review.,abstract_review_only,unavailable,missing,,high
pmid-35266803,35266803,PMC9006918,10.1128/jvi.01962-21,RACK1 Associates with RNA-Binding Proteins Vigilin and SERBP1 to Facilitate Dengue Virus Replication.,2022,abstract_relevant_fulltext_unavailable,Independent reread finds plausible host-pathogen mechanism or comparative pathway evidence; keep for full-text import. Full text was not readable through PMC or PDF import at the time of review.,abstract_review_only,unavailable,missing,,medium
pmid-35254825,35254825,,10.1021/acsinfecdis.1c00470,miR-383 Regulates Hepatic Lipid Homeostasis and Response to Dengue Virus Infection.,2022,abstract_relevant_fulltext_unavailable,Independent reread finds plausible host-pathogen mechanism or comparative pathway evidence; keep for full-text import. Full text was not readable through PMC or PDF import at the time of review.,abstract_review_only,unavailable,missing,,medium
pmid-34971702,34971702,,10.1016/j.virusres.2021.198668,High-mobility group box 1 protein promotes dengue virus replication by interacting with untranslated regions of viral genome.,2022,abstract_relevant_fulltext_unavailable,Independent reread finds plausible host-pathogen mechanism or comparative pathway evidence; keep for full-text import. Full text was not readable through PMC or PDF import at the time of review.,abstract_review_only,unavailable,missing,,medium
pmid-34954236,34954236,,10.1016/j.jmb.2021.167421,Feline Leukemia Virus-B Envelope Together With its GlycoGag and Human Immunodeficiency Virus-1 Nef Mediate Resistance to Feline SERINC5.,2022,abstract_relevant_fulltext_unavailable,Independent reread finds plausible host-pathogen mechanism or comparative pathway evidence; keep for full-text import. Full text was not readable through PMC or PDF import at the time of review.,abstract_review_only,unavailable,missing,,medium
pmid-34811497,34811497,PMC8752805,10.1038/s41423-021-00802-9,HIV-1 Vif suppresses antiviral immunity by targeting STING.,2022,abstract_relevant_fulltext_unavailable,Independent reread finds plausible host-pathogen mechanism or comparative pathway evidence; keep for full-text import. Full text was not readable through PMC or PDF import at the time of review.,abstract_review_only,unavailable,missing,,medium
pmid-34787459,34787459,PMC8826805,10.1128/JVI.01782-21,Protein-RNA Interactome Analysis Reveals Wide Association of Kaposi's Sarcoma-Associated Herpesvirus ORF57 with Host Noncoding RNAs and Polysomes.,2022,abstract_relevant_fulltext_unavailable,Independent reread finds plausible host-pathogen mechanism or comparative pathway evidence; keep for full-text import. Full text was not readable through PMC or PDF import at the time of review.,abstract_review_only,unavailable,missing,,medium
pmid-34757838,34757838,PMC8791308,10.1128/JVI.01597-21,MicroRNA-376b-3p Promotes Porcine Reproductive and Respiratory Syndrome Virus Replication by Targeting Viral Restriction Factor TRIM22.,2022,abstract_relevant_fulltext_unavailable,Independent reread finds plausible host-pathogen mechanism or comparative pathway evidence; keep for full-text import. Full text was not readable through PMC or PDF import at the time of review.,abstract_review_only,unavailable,missing,,medium
pmid-34730395,34730395,PMC8791300,10.1128/JVI.01708-21,Host Restriction Factor A3G Inhibits the Replication of Enterovirus D68 by Competitively Binding the 5' Untranslated Region with PCBP1.,2022,abstract_relevant_fulltext_unavailable,Independent reread finds plausible host-pathogen mechanism or comparative pathway evidence; keep for full-text import. Full text was not readable through PMC or PDF import at the time of review.,abstract_review_only,unavailable,missing,,medium
pmid-34709640,34709640,,10.1007/978-1-0716-1879-0_10,Isolation and Identification of Dengue Virus Interactome with Human Plasma Proteins by Affinity Purification-Mass Spectrometry.,2022,abstract_relevant_fulltext_unavailable,Independent reread confirms direct primary-virus host mechanism or interaction evidence; advance for full-text import. Full text was not readable through PMC or PDF import at the time of review.,abstract_review_only,unavailable,missing,,high
pmid-34818858,34818858,,10.4103/0972-9062.313961,Lipids fluctuations in mosquitoes upon arboviral infections.,2021,abstract_relevant_fulltext_unavailable,Independent reread finds plausible host-pathogen mechanism or comparative pathway evidence; keep for full-text import. Full text was not readable through PMC or PDF import at the time of review.,abstract_review_only,unavailable,missing,,medium
pmid-34550340,34550340,,10.1093/femspd/ftab046,Computational analysis of human host binding partners of chikungunya and dengue viruses during coinfection.,2021,abstract_relevant_fulltext_unavailable,Independent reread finds plausible host-pathogen mechanism or comparative pathway evidence; keep for full-text import. Full text was not readable through PMC or PDF import at the time of review.,abstract_review_only,unavailable,missing,,medium
pmid-34523960,34523960,PMC8577350,10.1128/JVI.01170-21,APOBEC3B Potently Restricts HIV-2 but Not HIV-1 in a Vif-Dependent Manner.,2021,abstract_relevant_fulltext_unavailable,Independent reread finds plausible host-pathogen mechanism or comparative pathway evidence; keep for full-text import. Full text was not readable through PMC or PDF import at the time of review.,abstract_review_only,unavailable,missing,,medium
pmid-34425283,34425283,,10.1016/j.bbrc.2021.08.031,STUB1/CHIP promotes ubiquitination and degradation of HIV-1 Vif to restore the cellular level of APOBEC3G protein.,2021,abstract_relevant_fulltext_unavailable,Independent reread finds plausible host-pathogen mechanism or comparative pathway evidence; keep for full-text import. Full text was not readable through PMC or PDF import at the time of review.,abstract_review_only,unavailable,missing,,medium
pmid-34242702,34242702,,10.1016/j.jhep.2021.06.038,Novel function of SART1 in HNF4α transcriptional regulation contributes to its antiviral role during HBV infection.,2021,abstract_relevant_fulltext_unavailable,Independent reread finds plausible host-pathogen mechanism or comparative pathway evidence; keep for full-text import. Full text was not readable through PMC or PDF import at the time of review.,abstract_review_only,unavailable,missing,,medium
pmid-34011540,34011540,PMC8274603,10.1128/JVI.00971-20,"Human Immunodeficiency Virus Type 1 Vpr Mediates Degradation of APC1, a Scaffolding Component of the Anaphase-Promoting Complex/Cyclosome.",2021,abstract_relevant_fulltext_unavailable,Independent reread finds plausible host-pathogen mechanism or comparative pathway evidence; keep for full-text import. Full text was not readable through PMC or PDF import at the time of review.,abstract_review_only,unavailable,missing,,medium
pmid-34001508,34001508,PMC8284442,10.1128/AAC.02349-20,A Novel Series of Indole Alkaloid Derivatives Inhibit Dengue and Zika Virus Infection by Interference with the Viral Replication Complex.,2021,abstract_relevant_fulltext_unavailable,Independent reread confirms direct primary-virus host mechanism or interaction evidence; advance for full-text import. Full text was not readable through PMC or PDF import at the time of review.,abstract_review_only,unavailable,missing,,high
pmid-33999509,33999509,,10.1111/febs.16025,APOBEC3G rescues cells from the deleterious effects of DNA damage.,2021,abstract_relevant_fulltext_unavailable,Independent reread finds plausible host-pathogen mechanism or comparative pathway evidence; keep for full-text import. Full text was not readable through PMC or PDF import at the time of review.,abstract_review_only,unavailable,missing,,medium
pmid-33731458,33731458,PMC8139707,10.1128/JVI.02336-20,Valosin-containing protein/p97 plays critical roles in the Japanese encephalitis virus life cycle.,2021,abstract_relevant_fulltext_unavailable,Independent reread finds plausible host-pathogen mechanism or comparative pathway evidence; keep for full-text import. Full text was not readable through PMC or PDF import at the time of review.,abstract_review_only,unavailable,missing,,medium
pmid-33691013,33691013,,,Protein sequence models for prediction and comparative analysis of the SARS-CoV-2 -human interactome.,2021,abstract_relevant_fulltext_unavailable,Independent reread finds plausible host-pathogen mechanism or comparative pathway evidence; keep for full-text import. Full text was not readable through PMC or PDF import at the time of review.,abstract_review_only,unavailable,missing,,medium
pmid-33464395,33464395,,10.1007/s00438-020-01753-y,"Saccharomyces cerevisiae RNA lariat debranching enzyme, Dbr1p, is required for completion of reverse transcription by the retrovirus-like element Ty1 and cleaves branched Ty1 RNAs.",2021,abstract_relevant_fulltext_unavailable,Independent reread finds plausible host-pathogen mechanism or comparative pathway evidence; keep for full-text import. Full text was not readable through PMC or PDF import at the time of review.,abstract_review_only,unavailable,missing,,medium
pmid-33432690,33432690,,10.1111/cmi.13302,Valosin-containing protein ATPase activity regulates the morphogenesis of Zika virus replication organelles and virus-induced cell death.,2021,abstract_relevant_fulltext_unavailable,Independent reread finds plausible host-pathogen mechanism or comparative pathway evidence; keep for full-text import. Full text was not readable through PMC or PDF import at the time of review.,abstract_review_only,unavailable,missing,,medium
pmid-36659189,36659189,,10.1016/j.scib.2019.12.028,Restriction of exogenous DNA expression by SAMHD1.,2020,abstract_relevant_fulltext_unavailable,Independent reread finds plausible host-pathogen mechanism or comparative pathway evidence; keep for full-text import. Full text was not readable through PMC or PDF import at the time of review.,abstract_review_only,unavailable,missing,,medium
pmid-33009785,33009785,,10.31857/S0026898420050031,[Retrovirus Restriction Factor TRIM5α: The Mechanism of Action and Prospects for Use in Gene Therapy of HIV Infection].,2020,abstract_relevant_fulltext_unavailable,Independent reread confirms direct primary-virus host mechanism or interaction evidence; advance for full-text import. Full text was not readable through PMC or PDF import at the time of review.,abstract_review_only,unavailable,missing,,high
pmid-32991267,32991267,,10.1146/annurev-virology-012720-094902,RNA Lariat Debranching Enzyme as a Retroviral and Long-Terminal-Repeat Retrotransposon Host Factor.,2020,abstract_relevant_fulltext_unavailable,Independent reread finds plausible host-pathogen mechanism or comparative pathway evidence; keep for full-text import. Full text was not readable through PMC or PDF import at the time of review.,abstract_review_only,unavailable,missing,,medium
pmid-32738280,32738280,,10.1016/j.virusres.2020.198087,Interferon stimulated gene 15 promotes Zika virus replication through regulating Jak/STAT and ISGylation pathways.,2020,abstract_relevant_fulltext_unavailable,Independent reread finds plausible host-pathogen mechanism or comparative pathway evidence; keep for full-text import. Full text was not readable through PMC or PDF import at the time of review.,abstract_review_only,unavailable,missing,,medium
pmid-32727880,32727880,PMC7495382,10.1128/JVI.01306-20,Cortactin Interacts with Hepatitis C Virus Core and NS5A Proteins: Implications for Virion Assembly.,2020,abstract_relevant_fulltext_unavailable,Independent reread confirms direct primary-virus host mechanism or interaction evidence; advance for full-text import. Full text was not readable through PMC or PDF import at the time of review.,abstract_review_only,unavailable,missing,,high
pmid-32727878,32727878,PMC7527057,10.1128/JVI.00532-20,ISGylation of Hepatitis C Virus NS5A Protein Promotes Viral RNA Replication via Recruitment of Cyclophilin A.,2020,abstract_relevant_fulltext_unavailable,Independent reread finds plausible host-pathogen mechanism or comparative pathway evidence; keep for full-text import. Full text was not readable through PMC or PDF import at the time of review.,abstract_review_only,unavailable,missing,,medium
pmid-32376623,32376623,PMC7343194,10.1128/JVI.00404-20,HIV-1 Exploits CLASP2 To Induce Microtubule Stabilization and Facilitate Virus Trafficking to the Nucleus.,2020,abstract_relevant_fulltext_unavailable,Independent reread confirms direct primary-virus host mechanism or interaction evidence; advance for full-text import. Full text was not readable through PMC or PDF import at the time of review.,abstract_review_only,unavailable,missing,,high
pmid-32376621,32376621,PMC7343206,10.1128/JVI.00287-20,Kaposi's Sarcoma-Associated Herpesvirus Fine-Tunes the Temporal Expression of Late Genes by Manipulating a Host RNA Quality Control Pathway.,2020,abstract_relevant_fulltext_unavailable,Independent reread finds plausible host-pathogen mechanism or comparative pathway evidence; keep for full-text import. Full text was not readable through PMC or PDF import at the time of review.,abstract_review_only,unavailable,missing,,medium
pmid-32327259,32327259,,10.1016/j.bbrc.2020.04.041,Proximity proteomics identifies novel function of Rab14 in trafficking of Ebola virus matrix protein VP40.,2020,abstract_relevant_fulltext_unavailable,Independent reread confirms direct primary-virus host mechanism or interaction evidence; advance for full-text import. Full text was not readable through PMC or PDF import at the time of review.,abstract_review_only,unavailable,missing,,high
pmid-32294532,32294532,,10.1016/j.jhep.2020.03.047,C19orf66 is an interferon-induced inhibitor of HCV replication that restricts formation of the viral replication organelle.,2020,abstract_relevant_fulltext_unavailable,Independent reread confirms direct primary-virus host mechanism or interaction evidence; advance for full-text import. Full text was not readable through PMC or PDF import at the time of review.,abstract_review_only,unavailable,missing,,high
pmid-32291285,32291285,PMC7247306,10.1074/jbc.RA120.013280,The viral protein U (Vpu)-interacting host protein ATP6V0C down-regulates cell-surface expression of tetherin and thereby contributes to HIV-1 release.,2020,abstract_relevant_fulltext_unavailable,Independent reread finds plausible host-pathogen mechanism or comparative pathway evidence; keep for full-text import. Full text was not readable through PMC or PDF import at the time of review.,abstract_review_only,unavailable,missing,,medium
pmid-32238588,32238588,PMC7307100,10.1128/JVI.00416-20,Antiviral Activity and Adaptive Evolution of Avian Tetherins.,2020,abstract_relevant_fulltext_unavailable,Independent reread finds plausible host-pathogen mechanism or comparative pathway evidence; keep for full-text import. Full text was not readable through PMC or PDF import at the time of review.,abstract_review_only,unavailable,missing,,medium
pmid-32152226,32152226,PMC7152771,10.1074/jbc.RA119.010534,The HIV-1 capsid-binding host factor CPSF6 is post-transcriptionally regulated by the cellular microRNA miR-125b.,2020,abstract_relevant_fulltext_unavailable,Independent reread confirms direct primary-virus host mechanism or interaction evidence; advance for full-text import. Full text was not readable through PMC or PDF import at the time of review.,abstract_review_only,unavailable,missing,,high
pmid-32119870,32119870,,10.1016/j.antiviral.2020.104756,"Apolipoprotein M, identified as a novel hepatitis C virus (HCV) particle associated protein, contributes to HCV assembly and interacts with E2 protein.",2020,abstract_relevant_fulltext_unavailable,Independent reread confirms direct primary-virus host mechanism or interaction evidence; advance for full-text import. Full text was not readable through PMC or PDF import at the time of review.,abstract_review_only,unavailable,missing,,high
pmid-32102874,32102874,PMC7163128,10.1128/JVI.00029-20,BPIFB3 Regulates Endoplasmic Reticulum Morphology To Facilitate Flavivirus Replication.,2020,abstract_relevant_fulltext_unavailable,Independent reread finds plausible host-pathogen mechanism or comparative pathway evidence; keep for full-text import. Full text was not readable through PMC or PDF import at the time of review.,abstract_review_only,unavailable,missing,,medium
pmid-32075911,32075911,PMC7105322,10.1074/jbc.RA120.012767,The C-terminal domain of feline and bovine SAMHD1 proteins has a crucial role in lentiviral restriction.,2020,abstract_relevant_fulltext_unavailable,Independent reread finds plausible host-pathogen mechanism or comparative pathway evidence; keep for full-text import. Full text was not readable through PMC or PDF import at the time of review.,abstract_review_only,unavailable,missing,,medium
pmid-32016635,32016635,,10.1007/s11033-020-05267-z,Human Tat-specific factor 1 binds the HIV-1 genome and selectively transports HIV-1 RNAs.,2020,abstract_relevant_fulltext_unavailable,Independent reread finds plausible host-pathogen mechanism or comparative pathway evidence; keep for full-text import. Full text was not readable through PMC or PDF import at the time of review.,abstract_review_only,unavailable,missing,,medium
pmid-31941780,31941780,PMC7081906,10.1128/JVI.01708-19,Inhibition of Vif-Mediated Degradation of APOBEC3G through Competitive Binding of Core-Binding Factor Beta.,2020,abstract_relevant_fulltext_unavailable,Independent reread finds plausible host-pathogen mechanism or comparative pathway evidence; keep for full-text import. Full text was not readable through PMC or PDF import at the time of review.,abstract_review_only,unavailable,missing,,medium
pmid-31915280,31915280,PMC7081898,10.1128/JVI.01751-19,A Genome-Wide CRISPR-Cas9 Screen Identifies the Dolichol-Phosphate Mannose Synthase Complex as a Host Dependency Factor for Dengue Virus Infection.,2020,abstract_relevant_fulltext_unavailable,Independent reread confirms direct primary-virus host mechanism or interaction evidence; advance for full-text import. Full text was not readable through PMC or PDF import at the time of review.,abstract_review_only,unavailable,missing,,high
pmid-31863794,31863794,,10.1016/j.jhep.2019.12.009,Interferon-inducible MX2 is a host restriction factor of hepatitis B virus replication.,2020,abstract_relevant_fulltext_unavailable,Independent reread finds plausible host-pathogen mechanism or comparative pathway evidence; keep for full-text import. Full text was not readable through PMC or PDF import at the time of review.,abstract_review_only,unavailable,missing,,medium
pmid-31821132,31821132,,10.1099/jgv.0.001356,mTORC1 restricts hepatitis C virus RNA replication through ULK1-mediated suppression of miR-122 and facilitates post-replication events.,2020,abstract_relevant_fulltext_unavailable,Independent reread finds plausible host-pathogen mechanism or comparative pathway evidence; keep for full-text import. Full text was not readable through PMC or PDF import at the time of review.,abstract_review_only,unavailable,missing,,medium
pmid-31792053,31792053,PMC6956528,10.1074/jbc.RA119.011617,The RNA-binding protein QKI-7 recruits the poly(A) polymerase GLD-2 for 3' adenylation and selective stabilization of microRNA-122.,2020,abstract_relevant_fulltext_unavailable,Independent reread finds plausible host-pathogen mechanism or comparative pathway evidence; keep for full-text import. Full text was not readable through PMC or PDF import at the time of review.,abstract_review_only,unavailable,missing,,medium
pmid-31645450,31645450,PMC6955281,10.1128/JVI.00858-19,Surfeit 4 Contributes to the Replication of Hepatitis C Virus Using Double-Membrane Vesicles.,2020,abstract_relevant_fulltext_unavailable,Independent reread finds plausible host-pathogen mechanism or comparative pathway evidence; keep for full-text import. Full text was not readable through PMC or PDF import at the time of review.,abstract_review_only,unavailable,missing,,medium
pmid-31556466,31556466,PMC7159099,10.1002/jmv.25599,ATP1B3 cooperates with BST-2 to promote hepatitis B virus restriction.,2020,abstract_relevant_fulltext_unavailable,Independent reread finds plausible host-pathogen mechanism or comparative pathway evidence; keep for full-text import. Full text was not readable through PMC or PDF import at the time of review.,abstract_review_only,unavailable,missing,,medium
pmid-31811051,31811051,PMC6901315,10.1074/jbc.AAC119.011798,Correction: The host-cell restriction factor SERINC5 restricts HIV-1 infectivity without altering the lipid composition and organization of viral particles.,2019,abstract_relevant_fulltext_unavailable,Independent reread confirms direct primary-virus host mechanism or interaction evidence; advance for full-text import. Full text was not readable through PMC or PDF import at the time of review.,abstract_review_only,unavailable,missing,,high
pmid-31778201,31778201,PMC6886375,10.1093/milmed/usy430,The US Military HIV Natural History Study: Informing Military HIV Care and Policy for Over 30 Years.,2019,abstract_relevant_fulltext_unavailable,Independent reread finds plausible host-pathogen mechanism or comparative pathway evidence; keep for full-text import. Full text was not readable through PMC or PDF import at the time of review.,abstract_review_only,unavailable,missing,,medium
pmid-31597760,31597760,PMC6912122,10.1128/JVI.01398-19,Multifunctional Roles of the N-Terminal Region of HIV-1(SF2)Nef Are Mediated by Three Independent Protein Interaction Sites.,2019,abstract_relevant_fulltext_unavailable,Independent reread confirms direct primary-virus host mechanism or interaction evidence; advance for full-text import. Full text was not readable through PMC or PDF import at the time of review.,abstract_review_only,unavailable,missing,,high
pmid-31578293,31578293,PMC6880156,10.1128/JVI.00666-19,HIV-2 Depletes CD4 T Cells through Pyroptosis despite Vpx-Dependent Degradation of SAMHD1.,2019,abstract_relevant_fulltext_unavailable,Independent reread finds plausible host-pathogen mechanism or comparative pathway evidence; keep for full-text import. Full text was not readable through PMC or PDF import at the time of review.,abstract_review_only,unavailable,missing,,medium
pmid-31305524,31305524,,10.3791/59329,Identification of Nucleolar Factors During HIV-1 Replication Through Rev Immunoprecipitation and Mass Spectrometry.,2019,abstract_relevant_fulltext_unavailable,Independent reread confirms direct primary-virus host mechanism or interaction evidence; advance for full-text import. Full text was not readable through PMC or PDF import at the time of review.,abstract_review_only,unavailable,missing,,high
pmid-31292246,31292246,PMC6744251,10.1128/JVI.00733-19,Replicons of a Rodent Hepatitis C Model Virus Permit Selection of Highly Permissive Cells.,2019,abstract_relevant_fulltext_unavailable,Independent reread finds plausible host-pathogen mechanism or comparative pathway evidence; keep for full-text import. Full text was not readable through PMC or PDF import at the time of review.,abstract_review_only,unavailable,missing,,medium
pmid-31234696,31234696,PMC6693535,10.1080/15476286.2019.1629208,Strand-specific affinity of host factor hnRNP C1/C2 guides positive to negative-strand ratio in Coxsackievirus B3 infection.,2019,abstract_relevant_fulltext_unavailable,Independent reread confirms direct primary-virus host mechanism or interaction evidence; advance for full-text import. Full text was not readable through PMC or PDF import at the time of review.,abstract_review_only,unavailable,missing,,high
pmid-31199160,31199160,,10.1021/acs.jproteome.9b00130,Differential Proteomics Reveals Discrete Functions of Proteins Interacting with Hypo- versus Hyper-phosphorylated NS5A of the Hepatitis C Virus.,2019,abstract_relevant_fulltext_unavailable,Independent reread finds plausible host-pathogen mechanism or comparative pathway evidence; keep for full-text import. Full text was not readable through PMC or PDF import at the time of review.,abstract_review_only,unavailable,missing,,medium
pmid-31133753,31133753,,10.1038/s41564-019-0460-3,N4BP1 restricts HIV-1 and its inactivation by MALT1 promotes viral reactivation.,2019,abstract_relevant_fulltext_unavailable,Independent reread finds plausible host-pathogen mechanism or comparative pathway evidence; keep for full-text import. Full text was not readable through PMC or PDF import at the time of review.,abstract_review_only,unavailable,missing,,medium
pmid-31118263,31118263,PMC6714797,10.1128/JVI.00715-19,Characterization of Novel Splice Variants of Zinc Finger Antiviral Protein (ZAP).,2019,abstract_relevant_fulltext_unavailable,Independent reread finds plausible host-pathogen mechanism or comparative pathway evidence; keep for full-text import. Full text was not readable through PMC or PDF import at the time of review.,abstract_review_only,unavailable,missing,,medium
pmid-31091448,31091448,,10.1016/j.celrep.2019.04.063,Guanylate-Binding Proteins 2 and 5 Exert Broad Antiviral Activity by Inhibiting Furin-Mediated Processing of Viral Envelope Proteins.,2019,abstract_relevant_fulltext_unavailable,Independent reread finds plausible host-pathogen mechanism or comparative pathway evidence; keep for full-text import. Full text was not readable through PMC or PDF import at the time of review.,abstract_review_only,unavailable,missing,,medium
pmid-31068426,31068426,PMC6600202,10.1128/JVI.00558-19,K63-Linked Ubiquitin Is Required for Restriction of HIV-1 Reverse Transcription and Capsid Destabilization by Rhesus TRIM5α.,2019,abstract_relevant_fulltext_unavailable,Independent reread confirms direct primary-virus host mechanism or interaction evidence; advance for full-text import. Full text was not readable through PMC or PDF import at the time of review.,abstract_review_only,unavailable,missing,,high
pmid-31068419,31068419,PMC6600183,10.1128/JVI.00693-19,Sam68 Promotes Hepatitis C Virus Replication by Interaction with Stem-Loop 2 of Viral 5' Untranslated Region.,2019,abstract_relevant_fulltext_unavailable,Independent reread confirms direct primary-virus host mechanism or interaction evidence; advance for full-text import. Full text was not readable through PMC or PDF import at the time of review.,abstract_review_only,unavailable,missing,,high
pmid-31043528,31043528,PMC6600204,10.1128/JVI.00544-19,CD4 Expression and Env Conformation Are Critical for HIV-1 Restriction by SERINC5.,2019,abstract_relevant_fulltext_unavailable,Independent reread finds plausible host-pathogen mechanism or comparative pathway evidence; keep for full-text import. Full text was not readable through PMC or PDF import at the time of review.,abstract_review_only,unavailable,missing,,medium
pmid-31003777,31003777,,10.1016/j.bbrc.2019.04.085,Determinants of lentiviral Vpx-CRL4 E3 ligase-mediated SAMHD1 degradation in the substrate adaptor protein DCAF1.,2019,abstract_relevant_fulltext_unavailable,Independent reread finds plausible host-pathogen mechanism or comparative pathway evidence; keep for full-text import. Full text was not readable through PMC or PDF import at the time of review.,abstract_review_only,unavailable,missing,,medium
pmid-30944177,30944177,PMC6613750,10.1128/JVI.00373-19,C19ORF66 Broadly Escapes Virus-Induced Endonuclease Cleavage and Restricts Kaposi's Sarcoma-Associated Herpesvirus.,2019,abstract_relevant_fulltext_unavailable,Independent reread finds plausible host-pathogen mechanism or comparative pathway evidence; keep for full-text import. Full text was not readable through PMC or PDF import at the time of review.,abstract_review_only,unavailable,missing,,medium
pmid-30867316,30867316,PMC6532093,10.1128/JVI.00020-19,Contribution of the Cytoplasmic Determinants of Vpu to the Expansion of Virus-Containing Compartments in HIV-1-Infected Macrophages.,2019,abstract_relevant_fulltext_unavailable,Independent reread finds plausible host-pathogen mechanism or comparative pathway evidence; keep for full-text import. Full text was not readable through PMC or PDF import at the time of review.,abstract_review_only,unavailable,missing,,medium
pmid-30862674,30862674,PMC6497950,10.1074/jbc.RA119.007662,"The retroviral accessory proteins S2, Nef, and glycoMA use similar mechanisms for antagonizing the host restriction factor SERINC5.",2019,abstract_relevant_fulltext_unavailable,Independent reread finds plausible host-pathogen mechanism or comparative pathway evidence; keep for full-text import. Full text was not readable through PMC or PDF import at the time of review.,abstract_review_only,unavailable,missing,,medium
pmid-30862444,30862444,,10.1016/j.antiviral.2019.03.005,APOBEC3G is a restriction factor of EV71 and mediator of IMB-Z antiviral activity.,2019,abstract_relevant_fulltext_unavailable,Independent reread finds plausible host-pathogen mechanism or comparative pathway evidence; keep for full-text import. Full text was not readable through PMC or PDF import at the time of review.,abstract_review_only,unavailable,missing,,medium
pmid-30859472,30859472,,10.1007/s00705-019-04194-0,Polymorphisms in the APOBEC3G gene of Chinese rhesus macaques affect resistance to ubiquitination and degradation mediated by HIV-2 Vif.,2019,abstract_relevant_fulltext_unavailable,Independent reread finds plausible host-pathogen mechanism or comparative pathway evidence; keep for full-text import. Full text was not readable through PMC or PDF import at the time of review.,abstract_review_only,unavailable,missing,,medium
pmid-30851937,30851937,,10.1016/j.bbrc.2019.02.136,Vif-CBFβ interaction is essential for Vif-induced cell cycle arrest.,2019,abstract_relevant_fulltext_unavailable,Independent reread finds plausible host-pathogen mechanism or comparative pathway evidence; keep for full-text import. Full text was not readable through PMC or PDF import at the time of review.,abstract_review_only,unavailable,missing,,medium
pmid-30833724,30833724,,10.1038/s41564-019-0372-2,Proteomic profiling of HIV-1 infection of human CD4(+) T cells identifies PSGL-1 as an HIV restriction factor.,2019,abstract_relevant_fulltext_unavailable,Independent reread confirms direct primary-virus host mechanism or interaction evidence; advance for full-text import. Full text was not readable through PMC or PDF import at the time of review.,abstract_review_only,unavailable,missing,,high
pmid-30814280,30814280,PMC6475785,10.1128/JVI.00214-19,CA Mutation N57A Has Distinct Strain-Specific HIV-1 Capsid Uncoating and Infectivity Phenotypes.,2019,abstract_relevant_fulltext_unavailable,Independent reread finds plausible host-pathogen mechanism or comparative pathway evidence; keep for full-text import. Full text was not readable through PMC or PDF import at the time of review.,abstract_review_only,unavailable,missing,,medium
pmid-30567983,30567983,PMC6401423,10.1128/JVI.01459-18,Functional and Physical Interaction between the Arf Activator GBF1 and Hepatitis C Virus NS3 Protein.,2019,abstract_relevant_fulltext_unavailable,Independent reread confirms direct primary-virus host mechanism or interaction evidence; advance for full-text import. Full text was not readable through PMC or PDF import at the time of review.,abstract_review_only,unavailable,missing,,high
pmid-30566069,30566069,,10.1099/jgv.0.001205,Role of APOBEC3 proteins in proteasome inhibitor-mediated reactivation of latent HIV-1 viruses.,2019,abstract_relevant_fulltext_unavailable,Independent reread finds plausible host-pathogen mechanism or comparative pathway evidence; keep for full-text import. Full text was not readable through PMC or PDF import at the time of review.,abstract_review_only,unavailable,missing,,medium
pmid-30502581,30502581,,10.1016/j.saa.2018.11.056,Stability of β-turn in LaR2C-N7 peptide for its translation-inhibitory activity against hepatitis C viral infection: A molecular dynamics study.,2019,abstract_relevant_fulltext_unavailable,Independent reread finds plausible host-pathogen mechanism or comparative pathway evidence; keep for full-text import. Full text was not readable through PMC or PDF import at the time of review.,abstract_review_only,unavailable,missing,,medium
pmid-30355687,30355687,PMC6321930,10.1128/JVI.01651-18,Murine Leukemia Virus Glycosylated Gag Reduces Murine SERINC5 Protein Expression at Steady-State Levels via the Endosome/Lysosome Pathway to Counteract SERINC5 Antiretroviral Activity.,2019,abstract_relevant_fulltext_unavailable,Independent reread finds plausible host-pathogen mechanism or comparative pathway evidence; keep for full-text import. Full text was not readable through PMC or PDF import at the time of review.,abstract_review_only,unavailable,missing,,medium
pmid-30044201,30044201,,10.1080/07391102.2018.1479659,Structure-based prediction of West Nile virus-human protein-protein interactions.,2019,abstract_relevant_fulltext_unavailable,Independent reread finds plausible host-pathogen mechanism or comparative pathway evidence; keep for full-text import. Full text was not readable through PMC or PDF import at the time of review.,abstract_review_only,unavailable,missing,,medium
pmid-28713027,28713027,,10.1016/j.jprot.2017.07.004,"An ""on-matrix"" digestion procedure for AP-MS experiments dissects the interplay between complex-conserved and serotype-specific reactivities in Dengue virus-human plasma interactome.",2019,abstract_relevant_fulltext_unavailable,Independent reread confirms direct primary-virus host mechanism or interaction evidence; advance for full-text import. Full text was not readable through PMC or PDF import at the time of review.,abstract_review_only,unavailable,missing,,high
pmid-33111682,33111682,,10.1684/vir.2018.0741,SAMHD1: mechanisms of regulation and viral evasion.,2018,abstract_relevant_fulltext_unavailable,Independent reread finds plausible host-pathogen mechanism or comparative pathway evidence; keep for full-text import. Full text was not readable through PMC or PDF import at the time of review.,abstract_review_only,unavailable,missing,,medium
pmid-33111680,33111680,,10.1684/vir.2018.0742,[SAMHD1: mechanisms of regulation and viral evasion].,2018,abstract_relevant_fulltext_unavailable,Independent reread finds plausible host-pathogen mechanism or comparative pathway evidence; keep for full-text import. Full text was not readable through PMC or PDF import at the time of review.,abstract_review_only,unavailable,missing,,medium
pmid-30550784,30550784,,10.1016/j.cell.2018.11.033,Deception through Mimicry: A Cellular Antiviral Strategy.,2018,abstract_relevant_fulltext_unavailable,Independent reread finds plausible host-pathogen mechanism or comparative pathway evidence; keep for full-text import. Full text was not readable through PMC or PDF import at the time of review.,abstract_review_only,unavailable,missing,,medium
pmid-30333189,30333189,PMC6233135,10.1073/pnas.1800796115,Dynamic regulation of HIV-1 capsid interaction with the restriction factor TRIM5α identified by magic-angle spinning NMR and molecular dynamics simulations.,2018,abstract_relevant_fulltext_unavailable,Independent reread confirms direct primary-virus host mechanism or interaction evidence; advance for full-text import. Full text was not readable through PMC or PDF import at the time of review.,abstract_review_only,unavailable,missing,,high
pmid-30265629,30265629,,10.1146/annurev-virology-092917-043308,SERINC5 as a New Restriction Factor for Human Immunodeficiency Virus and Murine Leukemia Virus.,2018,abstract_relevant_fulltext_unavailable,Independent reread confirms direct primary-virus host mechanism or interaction evidence; advance for full-text import. Full text was not readable through PMC or PDF import at the time of review.,abstract_review_only,unavailable,missing,,high
pmid-30133337,30133337,PMC6425983,10.1089/nat.2018.0722,Development of Locked Nucleic Acid Antisense Oligonucleotides Targeting Ebola Viral Proteins and Host Factor Niemann-Pick C1.,2018,abstract_relevant_fulltext_unavailable,Independent reread finds plausible host-pathogen mechanism or comparative pathway evidence; keep for full-text import. Full text was not readable through PMC or PDF import at the time of review.,abstract_review_only,unavailable,missing,,medium
pmid-30111563,30111563,PMC6189502,10.1128/JVI.01123-18,Neuralized E3 Ubiquitin Protein Ligase 3 Is an Inducible Antiviral Effector That Inhibits Hepatitis C Virus Assembly by Targeting Viral E1 Glycoprotein.,2018,abstract_relevant_fulltext_unavailable,Independent reread confirms direct primary-virus host mechanism or interaction evidence; advance for full-text import. Full text was not readable through PMC or PDF import at the time of review.,abstract_review_only,unavailable,missing,,high
pmid-30081309,30081309,,10.1016/j.virol.2018.07.024,Equine MX2 is a restriction factor of equine infectious anemia virus (EIAV).,2018,abstract_relevant_fulltext_unavailable,Independent reread finds plausible host-pathogen mechanism or comparative pathway evidence; keep for full-text import. Full text was not readable through PMC or PDF import at the time of review.,abstract_review_only,unavailable,missing,,medium
pmid-29997176,29997176,PMC6065015,10.1073/pnas.1803909115,Affinity switching of the LEDGF/p75 IBD interactome is governed by kinase-dependent phosphorylation.,2018,abstract_relevant_fulltext_unavailable,Independent reread finds plausible host-pathogen mechanism or comparative pathway evidence; keep for full-text import. Full text was not readable through PMC or PDF import at the time of review.,abstract_review_only,unavailable,missing,,medium
pmid-29976668,29976668,PMC6146695,10.1128/JVI.00276-18,Preadaptation of Simian Immunodeficiency Virus SIVsmm Facilitated Env-Mediated Counteraction of Human Tetherin by Human Immunodeficiency Virus Type 2.,2018,abstract_relevant_fulltext_unavailable,Independent reread finds plausible host-pathogen mechanism or comparative pathway evidence; keep for full-text import. Full text was not readable through PMC or PDF import at the time of review.,abstract_review_only,unavailable,missing,,medium
pmid-29950411,29950411,PMC6096802,10.1128/JVI.01056-18,Human MxB Protein Is a Pan-herpesvirus Restriction Factor.,2018,abstract_relevant_fulltext_unavailable,Independent reread finds plausible host-pathogen mechanism or comparative pathway evidence; keep for full-text import. Full text was not readable through PMC or PDF import at the time of review.,abstract_review_only,unavailable,missing,,medium
pmid-29923822,29923822,,10.1099/jgv.0.001099,Investigation of the role of GBF1 in the replication of positive-sense single-stranded RNA viruses.,2018,abstract_relevant_fulltext_unavailable,Independent reread finds plausible host-pathogen mechanism or comparative pathway evidence; keep for full-text import. Full text was not readable through PMC or PDF import at the time of review.,abstract_review_only,unavailable,missing,,medium
pmid-29891865,29891865,,10.1038/s41564-018-0179-6,HIV-2/SIV viral protein X counteracts HUSH repressor complex.,2018,abstract_relevant_fulltext_unavailable,Independent reread finds plausible host-pathogen mechanism or comparative pathway evidence; keep for full-text import. Full text was not readable through PMC or PDF import at the time of review.,abstract_review_only,unavailable,missing,,medium
pmid-29845529,29845529,,10.1007/978-981-10-8727-1_9,The Dengue Virus Replication Complex: From RNA Replication to Protein-Protein Interactions to Evasion of Innate Immunity.,2018,abstract_relevant_fulltext_unavailable,Independent reread confirms direct primary-virus host mechanism or interaction evidence; advance for full-text import. Full text was not readable through PMC or PDF import at the time of review.,abstract_review_only,unavailable,missing,,high
pmid-29769341,29769341,PMC6052288,10.1128/JVI.01974-17,Mutational Analysis of the Bovine Hepacivirus Internal Ribosome Entry Site.,2018,abstract_relevant_fulltext_unavailable,Independent reread finds plausible host-pathogen mechanism or comparative pathway evidence; keep for full-text import. Full text was not readable through PMC or PDF import at the time of review.,abstract_review_only,unavailable,missing,,medium
pmid-29743366,29743366,PMC6026753,10.1128/JVI.00478-18,Regulation of Virus-Associated Lymphoma Growth and Gene Expression by Bacterial Quorum-Sensing Molecules.,2018,abstract_relevant_fulltext_unavailable,Independent reread finds plausible host-pathogen mechanism or comparative pathway evidence; keep for full-text import. Full text was not readable through PMC or PDF import at the time of review.,abstract_review_only,unavailable,missing,,medium
pmid-29607934,29607934,,10.1248/bpb.b17-00991,Virion-Packaged Pyruvate Kinase Muscle Type 2 Affects Reverse Transcription Efficiency of Human Immunodeficiency Virus Type 1 by Blocking Virion Recruitment of tRNA(Lys3).,2018,abstract_relevant_fulltext_unavailable,Independent reread finds plausible host-pathogen mechanism or comparative pathway evidence; keep for full-text import. Full text was not readable through PMC or PDF import at the time of review.,abstract_review_only,unavailable,missing,,medium
pmid-29514909,29514909,PMC5952139,10.1128/JVI.00196-18,HIV-1 Nef Antagonizes SERINC5 Restriction by Downregulation of SERINC5 via the Endosome/Lysosome System.,2018,abstract_relevant_fulltext_unavailable,Independent reread finds plausible host-pathogen mechanism or comparative pathway evidence; keep for full-text import. Full text was not readable through PMC or PDF import at the time of review.,abstract_review_only,unavailable,missing,,medium
pmid-29465030,29465030,,10.1099/jgv.0.001026,Novel host restriction factors implicated in HIV-1 replication.,2018,abstract_relevant_fulltext_unavailable,Independent reread finds plausible host-pathogen mechanism or comparative pathway evidence; keep for full-text import. Full text was not readable through PMC or PDF import at the time of review.,abstract_review_only,unavailable,missing,,medium
pmid-29386121,29386121,,10.1016/j.celrep.2018.01.038,A Global Interactome Map of the Dengue Virus NS1 Identifies Virus Restriction and Dependency Host Factors.,2018,abstract_relevant_fulltext_unavailable,Independent reread confirms direct primary-virus host mechanism or interaction evidence; advance for full-text import. Full text was not readable through PMC or PDF import at the time of review.,abstract_review_only,unavailable,missing,,high
pmid-29321329,29321329,PMC5827405,10.1128/JVI.01787-17,"A Cyclin-Binding Motif in Human SAMHD1 Is Required for Its HIV-1 Restriction, dNTPase Activity, Tetramer Formation, and Efficient Phosphorylation.",2018,abstract_relevant_fulltext_unavailable,Independent reread finds plausible host-pathogen mechanism or comparative pathway evidence; keep for full-text import. Full text was not readable through PMC or PDF import at the time of review.,abstract_review_only,unavailable,missing,,medium
pmid-29263270,29263270,PMC5827384,10.1128/JVI.01697-17,Identification of a Conserved Interface of Human Immunodeficiency Virus Type 1 and Feline Immunodeficiency Virus Vifs with Cullin 5.,2018,abstract_relevant_fulltext_unavailable,Independent reread finds plausible host-pathogen mechanism or comparative pathway evidence; keep for full-text import. Full text was not readable through PMC or PDF import at the time of review.,abstract_review_only,unavailable,missing,,medium
pmid-29281836,29281836,,10.1016/j.celrep.2017.11.094,A Global Interactome Map of the Dengue Virus NS1 Identifies Virus Restriction and Dependency Host Factors.,2017,abstract_relevant_fulltext_unavailable,Independent reread confirms direct primary-virus host mechanism or interaction evidence; advance for full-text import. Full text was not readable through PMC or PDF import at the time of review.,abstract_review_only,unavailable,missing,,high
pmid-29117523,29117523,PMC5685779,10.1016/j.bpj.2017.09.010,FRET Analysis of the Promiscuous yet Specific Interactions of the HIV-1 Vpu Transmembrane Domain.,2017,abstract_relevant_fulltext_unavailable,Independent reread finds plausible host-pathogen mechanism or comparative pathway evidence; keep for full-text import. Full text was not readable through PMC or PDF import at the time of review.,abstract_review_only,unavailable,missing,,medium
pmid-29079575,29079575,PMC5743084,10.1074/jbc.M117.798801,HIV-1 Vpr protein directly loads helicase-like transcription factor (HLTF) onto the CRL4-DCAF1 E3 ubiquitin ligase.,2017,abstract_relevant_fulltext_unavailable,Independent reread confirms direct primary-virus host mechanism or interaction evidence; advance for full-text import. Full text was not readable through PMC or PDF import at the time of review.,abstract_review_only,unavailable,missing,,high
pmid-28965915,28965915,,10.1016/j.antiviral.2017.09.017,"Interplay between dengue virus and Toll-like receptors, RIG-I/MDA5 and microRNAs: Implications for pathogenesis.",2017,abstract_relevant_fulltext_unavailable,Independent reread finds plausible host-pathogen mechanism or comparative pathway evidence; keep for full-text import. Full text was not readable through PMC or PDF import at the time of review.,abstract_review_only,unavailable,missing,,medium
pmid-28956771,28956771,PMC5686720,10.1128/JVI.01264-17,NLRX1 Mediates MAVS Degradation To Attenuate the Hepatitis C Virus-Induced Innate Immune Response through PCBP2.,2017,abstract_relevant_fulltext_unavailable,Independent reread finds plausible host-pathogen mechanism or comparative pathway evidence; keep for full-text import. Full text was not readable through PMC or PDF import at the time of review.,abstract_review_only,unavailable,missing,,medium
pmid-28840565,28840565,PMC6598887,10.1007/s12250-017-4000-0,Interplay between hepatitis C virus and ARF4.,2017,abstract_relevant_fulltext_unavailable,Independent reread finds plausible host-pathogen mechanism or comparative pathway evidence; keep for full-text import. Full text was not readable through PMC or PDF import at the time of review.,abstract_review_only,unavailable,missing,,medium
pmid-28835547,28835547,PMC5623871,10.15252/embr.201744100,IFITM3 requires an amphipathic helix for antiviral activity.,2017,abstract_relevant_fulltext_unavailable,Independent reread finds plausible host-pathogen mechanism or comparative pathway evidence; keep for full-text import. Full text was not readable through PMC or PDF import at the time of review.,abstract_review_only,unavailable,missing,,medium
pmid-28679761,28679761,PMC5571272,10.1128/JVI.00833-17,The Host E3-Ubiquitin Ligase TRIM6 Ubiquitinates the Ebola Virus VP35 Protein and Promotes Virus Replication.,2017,abstract_relevant_fulltext_unavailable,Independent reread confirms direct primary-virus host mechanism or interaction evidence; advance for full-text import. Full text was not readable through PMC or PDF import at the time of review.,abstract_review_only,unavailable,missing,,high
pmid-28679754,28679754,PMC5571274,10.1128/JVI.00629-17,Sec24C-Dependent Transport of Claudin-1 Regulates Hepatitis C Virus Entry.,2017,abstract_relevant_fulltext_unavailable,Independent reread finds plausible host-pathogen mechanism or comparative pathway evidence; keep for full-text import. Full text was not readable through PMC or PDF import at the time of review.,abstract_review_only,unavailable,missing,,medium
pmid-28659343,28659343,PMC5566525,10.1074/jbc.M117.797332,The host-cell restriction factor SERINC5 restricts HIV-1 infectivity without altering the lipid composition and organization of viral particles.,2017,abstract_relevant_fulltext_unavailable,Independent reread confirms direct primary-virus host mechanism or interaction evidence; advance for full-text import. Full text was not readable through PMC or PDF import at the time of review.,abstract_review_only,unavailable,missing,,high
pmid-28424288,28424288,PMC5469257,10.1128/JVI.00051-17,Virion-Associated Vpr Alleviates a Postintegration Block to HIV-1 Infection of Dendritic Cells.,2017,abstract_relevant_fulltext_unavailable,Independent reread finds plausible host-pathogen mechanism or comparative pathway evidence; keep for full-text import. Full text was not readable through PMC or PDF import at the time of review.,abstract_review_only,unavailable,missing,,medium
pmid-28389578,28389578,PMC5392592,10.1074/jbc.H117.777714,Exposing HIV's weaknesses.,2017,abstract_relevant_fulltext_unavailable,Independent reread finds plausible host-pathogen mechanism or comparative pathway evidence; keep for full-text import. Full text was not readable through PMC or PDF import at the time of review.,abstract_review_only,unavailable,missing,,medium
pmid-28336330,28336330,,10.1016/j.bbalip.2017.03.007,Requirement of cytosolic phospholipase A2 gamma in lipid droplet formation.,2017,abstract_relevant_fulltext_unavailable,Independent reread finds plausible host-pathogen mechanism or comparative pathway evidence; keep for full-text import. Full text was not readable through PMC or PDF import at the time of review.,abstract_review_only,unavailable,missing,,medium
pmid-28202764,28202764,PMC5391446,10.1128/JVI.00088-17,TRIM25 Is Required for the Antiviral Activity of Zinc Finger Antiviral Protein.,2017,abstract_relevant_fulltext_unavailable,Independent reread finds plausible host-pathogen mechanism or comparative pathway evidence; keep for full-text import. Full text was not readable through PMC or PDF import at the time of review.,abstract_review_only,unavailable,missing,,medium
pmid-28202763,28202763,PMC5391453,10.1128/JVI.00225-17,Inhibition of Vpx-Mediated SAMHD1 and Vpr-Mediated Host Helicase Transcription Factor Degradation by Selective Disruption of Viral CRL4 (DCAF1) E3 Ubiquitin Ligase Assembly.,2017,abstract_relevant_fulltext_unavailable,Independent reread finds plausible host-pathogen mechanism or comparative pathway evidence; keep for full-text import. Full text was not readable through PMC or PDF import at the time of review.,abstract_review_only,unavailable,missing,,medium
pmid-28077643,28077643,PMC5331793,10.1128/JVI.02177-16,Efficient Vpu-Mediated Tetherin Antagonism by an HIV-1 Group O Strain.,2017,abstract_relevant_fulltext_unavailable,Independent reread finds plausible host-pathogen mechanism or comparative pathway evidence; keep for full-text import. Full text was not readable through PMC or PDF import at the time of review.,abstract_review_only,unavailable,missing,,medium
pmid-28053103,28053103,PMC5331794,10.1128/JVI.02051-16,Cytokines Elevated in HIV Elite Controllers Reduce HIV Replication In Vitro and Modulate HIV Restriction Factor Expression.,2017,abstract_relevant_fulltext_unavailable,Independent reread confirms direct primary-virus host mechanism or interaction evidence; advance for full-text import. Full text was not readable through PMC or PDF import at the time of review.,abstract_review_only,unavailable,missing,,high
pmid-27920203,27920203,PMC5247641,10.1074/jbc.M116.743740,A Highly Active Isoform of Lentivirus Restriction Factor SAMHD1 in Mouse.,2017,abstract_relevant_fulltext_unavailable,Independent reread finds plausible host-pathogen mechanism or comparative pathway evidence; keep for full-text import. Full text was not readable through PMC or PDF import at the time of review.,abstract_review_only,unavailable,missing,,medium
pmid-27665576,27665576,,10.1111/cmi.12673,Lipoprotein lipase liberates free fatty acids to inhibit HCV infection and prevent hepatic lipid accumulation.,2017,abstract_relevant_fulltext_unavailable,Independent reread finds plausible host-pathogen mechanism or comparative pathway evidence; keep for full-text import. Full text was not readable through PMC or PDF import at the time of review.,abstract_review_only,unavailable,missing,,medium
pmid-27919079,27919079,,10.1038/nature20567,Receptor usage dictates HIV-1 restriction by human TRIM5α in dendritic cell subsets.,2016,abstract_relevant_fulltext_unavailable,Independent reread finds plausible host-pathogen mechanism or comparative pathway evidence; keep for full-text import. Full text was not readable through PMC or PDF import at the time of review.,abstract_review_only,unavailable,missing,,medium
pmid-27880899,27880899,,10.1016/j.celrep.2016.10.045,LC3C Contributes to Vpu-Mediated Antagonism of BST2/Tetherin Restriction on HIV-1 Release through a Non-canonical Autophagy Pathway.,2016,abstract_relevant_fulltext_unavailable,Independent reread confirms direct primary-virus host mechanism or interaction evidence; advance for full-text import. Full text was not readable through PMC or PDF import at the time of review.,abstract_review_only,unavailable,missing,,high
pmid-27803322,27803322,PMC5135340,10.1073/pnas.1612044113,S2 from equine infectious anemia virus is an infectivity factor which counteracts the retroviral inhibitors SERINC5 and SERINC3.,2016,abstract_relevant_fulltext_unavailable,Independent reread finds plausible host-pathogen mechanism or comparative pathway evidence; keep for full-text import. Full text was not readable through PMC or PDF import at the time of review.,abstract_review_only,unavailable,missing,,medium
pmid-27786485,27786485,,10.1021/acs.jproteome.6b00337,Elucidation of the Cellular Interactome of Ebola Virus Nucleoprotein and Identification of Therapeutic Targets.,2016,abstract_relevant_fulltext_unavailable,Independent reread confirms direct primary-virus host mechanism or interaction evidence; advance for full-text import. Full text was not readable through PMC or PDF import at the time of review.,abstract_review_only,unavailable,missing,,high
pmid-27758855,27758855,PMC5122761,10.1074/jbc.M116.734673,"Core Binding Factor β Protects HIV, Type 1 Accessory Protein Viral Infectivity Factor from MDM2-mediated Degradation.",2016,abstract_relevant_fulltext_unavailable,Independent reread finds plausible host-pathogen mechanism or comparative pathway evidence; keep for full-text import. Full text was not readable through PMC or PDF import at the time of review.,abstract_review_only,unavailable,missing,,medium
pmid-27749368,27749368,,10.1097/QCO.0000000000000322,Retroviral restriction: nature's own solution.,2016,abstract_relevant_fulltext_unavailable,Independent reread finds plausible host-pathogen mechanism or comparative pathway evidence; keep for full-text import. Full text was not readable through PMC or PDF import at the time of review.,abstract_review_only,unavailable,missing,,medium
pmid-27681141,27681141,PMC5126365,10.1128/JVI.01451-16,Antagonism of BST-2/Tetherin Is a Conserved Function of the Env Glycoprotein of Primary HIV-2 Isolates.,2016,abstract_relevant_fulltext_unavailable,Independent reread finds plausible host-pathogen mechanism or comparative pathway evidence; keep for full-text import. Full text was not readable through PMC or PDF import at the time of review.,abstract_review_only,unavailable,missing,,medium
pmid-27681140,27681140,PMC5110172,10.1128/JVI.01246-16,The Antagonism of HIV-1 Nef to SERINC5 Particle Infectivity Restriction Involves the Counteraction of Virion-Associated Pools of the Restriction Factor.,2016,abstract_relevant_fulltext_unavailable,Independent reread confirms direct primary-virus host mechanism or interaction evidence; advance for full-text import. Full text was not readable through PMC or PDF import at the time of review.,abstract_review_only,unavailable,missing,,high
pmid-27676132,27676132,,10.1021/acsinfecdis.6b00143,"Interactions of the Disordered Domain II of Hepatitis C Virus NS5A with Cyclophilin A, NS5B, and Viral RNA Show Extensive Overlap.",2016,abstract_relevant_fulltext_unavailable,Independent reread finds plausible host-pathogen mechanism or comparative pathway evidence; keep for full-text import. Full text was not readable through PMC or PDF import at the time of review.,abstract_review_only,unavailable,missing,,medium
pmid-27609421,27609421,PMC5098041,10.1074/mcp.M116.060509,TNIP2 is a Hub Protein in the NF-κB Network with Both Protein and RNA Mediated Interactions.,2016,abstract_relevant_fulltext_unavailable,Independent reread finds plausible host-pathogen mechanism or comparative pathway evidence; keep for full-text import. Full text was not readable through PMC or PDF import at the time of review.,abstract_review_only,unavailable,missing,,medium
pmid-27581991,27581991,PMC5105659,10.1128/JVI.01131-16,Differential Control of BST2 Restriction and Plasmacytoid Dendritic Cell Antiviral Response by Antagonists Encoded by HIV-1 Group M and O Strains.,2016,abstract_relevant_fulltext_unavailable,Independent reread finds plausible host-pathogen mechanism or comparative pathway evidence; keep for full-text import. Full text was not readable through PMC or PDF import at the time of review.,abstract_review_only,unavailable,missing,,medium
pmid-27558430,27558430,PMC5068543,10.1128/JVI.01140-16,"Affinity Purification of the Hepatitis C Virus Replicase Identifies Valosin-Containing Protein, a Member of the ATPases Associated with Diverse Cellular Activities Family, as an Active Virus Replication Modulator.",2016,abstract_relevant_fulltext_unavailable,Independent reread finds plausible host-pathogen mechanism or comparative pathway evidence; keep for full-text import. Full text was not readable through PMC or PDF import at the time of review.,abstract_review_only,unavailable,missing,,medium
pmid-27510577,27510577,,10.1016/j.antiviral.2016.08.004,Long-term HIV-1 infection induces an antiviral state in primary macrophages.,2016,abstract_relevant_fulltext_unavailable,Independent reread finds plausible host-pathogen mechanism or comparative pathway evidence; keep for full-text import. Full text was not readable through PMC or PDF import at the time of review.,abstract_review_only,unavailable,missing,,medium
pmid-27489272,27489272,PMC5044852,10.1128/JVI.01078-16,ITCH E3 Ubiquitin Ligase Interacts with Ebola Virus VP40 To Regulate Budding.,2016,abstract_relevant_fulltext_unavailable,Independent reread confirms direct primary-virus host mechanism or interaction evidence; advance for full-text import. Full text was not readable through PMC or PDF import at the time of review.,abstract_review_only,unavailable,missing,,high
pmid-27466416,27466416,PMC5021400,10.1128/JVI.01003-16,Nuclear Innate Immune DNA Sensor IFI16 Is Degraded during Lytic Reactivation of Kaposi's Sarcoma-Associated Herpesvirus (KSHV): Role of IFI16 in Maintenance of KSHV Latency.,2016,abstract_relevant_fulltext_unavailable,Independent reread finds plausible host-pathogen mechanism or comparative pathway evidence; keep for full-text import. Full text was not readable through PMC or PDF import at the time of review.,abstract_review_only,unavailable,missing,,medium
pmid-27387229,27387229,,10.1016/j.bbrc.2016.07.013,"SAMHD1, the Aicardi-Goutières syndrome gene and retroviral restriction factor, is a phosphorolytic ribonuclease rather than a hydrolytic ribonuclease.",2016,abstract_relevant_fulltext_unavailable,Independent reread finds plausible host-pathogen mechanism or comparative pathway evidence; keep for full-text import. Full text was not readable through PMC or PDF import at the time of review.,abstract_review_only,unavailable,missing,,medium
pmid-27342126,27342126,,10.1016/j.celrep.2016.06.028,Identification of Zika Virus and Dengue Virus Dependency Factors using Functional Genomics.,2016,abstract_relevant_fulltext_unavailable,Independent reread finds plausible host-pathogen mechanism or comparative pathway evidence; keep for full-text import. Full text was not readable through PMC or PDF import at the time of review.,abstract_review_only,unavailable,missing,,medium
pmid-27307565,27307565,PMC4944271,10.1128/JVI.00019-16,Capsid-CPSF6 Interaction Is Dispensable for HIV-1 Replication in Primary Cells but Is Selected during Virus Passage In Vivo.,2016,abstract_relevant_fulltext_unavailable,Independent reread confirms direct primary-virus host mechanism or interaction evidence; advance for full-text import. Full text was not readable through PMC or PDF import at the time of review.,abstract_review_only,unavailable,missing,,high
pmid-27298373,27298373,PMC4941495,10.1073/pnas.1602701113,Hepatitis C virus depends on E-cadherin as an entry factor and regulates its expression in epithelial-to-mesenchymal transition.,2016,abstract_relevant_fulltext_unavailable,Independent reread confirms direct primary-virus host mechanism or interaction evidence; advance for full-text import. Full text was not readable through PMC or PDF import at the time of review.,abstract_review_only,unavailable,missing,,high
pmid-27252525,27252525,PMC4984627,10.1128/JVI.00326-16,Nonstructural 3 Protein of Hepatitis C Virus Modulates the Tribbles Homolog 3/Akt Signaling Pathway for Persistent Viral Infection.,2016,abstract_relevant_fulltext_unavailable,Independent reread confirms direct primary-virus host mechanism or interaction evidence; advance for full-text import. Full text was not readable through PMC or PDF import at the time of review.,abstract_review_only,unavailable,missing,,high
pmid-27219130,27219130,,10.1097/QAD.0000000000001166,Interferon-induced sterile alpha motif and histidine/aspartic acid domain-containing protein 1 expression in astrocytes and microglia is mediated by microRNA-181a.,2016,abstract_relevant_fulltext_unavailable,Independent reread finds plausible host-pathogen mechanism or comparative pathway evidence; keep for full-text import. Full text was not readable through PMC or PDF import at the time of review.,abstract_review_only,unavailable,missing,,medium
pmid-27200480,27200480,,10.1016/j.virol.2016.04.024,Equine schlafen 11 restricts the production of equine infectious anemia virus via a codon usage-dependent mechanism.,2016,abstract_relevant_fulltext_unavailable,Independent reread finds plausible host-pathogen mechanism or comparative pathway evidence; keep for full-text import. Full text was not readable through PMC or PDF import at the time of review.,abstract_review_only,unavailable,missing,,medium
pmid-27183594,27183594,,10.4049/jimmunol.1502062,Characterization of the Antigen Processing Machinery and Endogenous Peptide Presentation of a Bat MHC Class I Molecule.,2016,abstract_relevant_fulltext_unavailable,Independent reread finds plausible host-pathogen mechanism or comparative pathway evidence; keep for full-text import. Full text was not readable through PMC or PDF import at the time of review.,abstract_review_only,unavailable,missing,,medium
pmid-27170757,27170757,PMC4944280,10.1128/JVI.00504-16,HIV-1 Vpu Antagonizes CD317/Tetherin by Adaptor Protein-1-Mediated Exclusion from Virus Assembly Sites.,2016,abstract_relevant_fulltext_unavailable,Independent reread finds plausible host-pathogen mechanism or comparative pathway evidence; keep for full-text import. Full text was not readable through PMC or PDF import at the time of review.,abstract_review_only,unavailable,missing,,medium
pmid-27114546,27114546,PMC4868422,10.1073/pnas.1600485113,HIV-1 Vpr degrades the HLTF DNA translocase in T cells and macrophages.,2016,abstract_relevant_fulltext_unavailable,Independent reread finds plausible host-pathogen mechanism or comparative pathway evidence; keep for full-text import. Full text was not readable through PMC or PDF import at the time of review.,abstract_review_only,unavailable,missing,,medium
pmid-27075251,27075251,PMC5756484,10.1099/jgv.0.000482,MCPIP1/regnase-I inhibits simian immunodeficiency virus and is not counteracted by Vpx.,2016,abstract_relevant_fulltext_unavailable,Independent reread finds plausible host-pathogen mechanism or comparative pathway evidence; keep for full-text import. Full text was not readable through PMC or PDF import at the time of review.,abstract_review_only,unavailable,missing,,medium
pmid-27012366,27012366,,10.1016/j.bbagrm.2016.03.009,DEAD-box RNA helicase DDX3 connects CRM1-dependent nuclear export and translation of the HIV-1 unspliced mRNA through its N-terminal domain.,2016,abstract_relevant_fulltext_unavailable,Independent reread finds plausible host-pathogen mechanism or comparative pathway evidence; keep for full-text import. Full text was not readable through PMC or PDF import at the time of review.,abstract_review_only,unavailable,missing,,medium
pmid-26919938,26919938,,10.1016/j.apjtm.2016.01.015,Dengue virus non-structural 1 protein interacts with heterogeneous nuclear ribonucleoprotein H in human monocytic cells.,2016,abstract_relevant_fulltext_unavailable,Independent reread confirms direct primary-virus host mechanism or interaction evidence; advance for full-text import. Full text was not readable through PMC or PDF import at the time of review.,abstract_review_only,unavailable,missing,,high
pmid-26889027,26889027,PMC4836312,10.1128/JVI.03172-15,The C-Terminal Tail of TRIM56 Dictates Antiviral Restriction of Influenza A and B Viruses by Impeding Viral RNA Synthesis.,2016,abstract_relevant_fulltext_unavailable,Independent reread finds plausible host-pathogen mechanism or comparative pathway evidence; keep for full-text import. Full text was not readable through PMC or PDF import at the time of review.,abstract_review_only,unavailable,missing,,medium
pmid-26814617,26814617,,10.1111/cmi.12572,Identification of class II ADP-ribosylation factors as cellular factors required for hepatitis C virus replication.,2016,abstract_relevant_fulltext_unavailable,Independent reread finds plausible host-pathogen mechanism or comparative pathway evidence; keep for full-text import. Full text was not readable through PMC or PDF import at the time of review.,abstract_review_only,unavailable,missing,,medium
pmid-26739056,26739056,PMC4810664,10.1128/JVI.01540-15,Prolactin Regulatory Element Binding Protein Is Involved in Hepatitis C Virus Replication by Interaction with NS4B.,2016,abstract_relevant_fulltext_unavailable,Independent reread confirms direct primary-virus host mechanism or interaction evidence; advance for full-text import. Full text was not readable through PMC or PDF import at the time of review.,abstract_review_only,unavailable,missing,,high
pmid-26699451,26699451,,10.1039/c5mb00732a,A novel topological centrality measure capturing biologically important proteins.,2016,abstract_relevant_fulltext_unavailable,Independent reread finds plausible host-pathogen mechanism or comparative pathway evidence; keep for full-text import. Full text was not readable through PMC or PDF import at the time of review.,abstract_review_only,unavailable,missing,,medium
pmid-26676782,26676782,PMC4733990,10.1128/JVI.01948-15,TRIM5α-Mediated Ubiquitin Chain Conjugation Is Required for Inhibition of HIV-1 Reverse Transcription and Capsid Destabilization.,2016,abstract_relevant_fulltext_unavailable,Independent reread confirms direct primary-virus host mechanism or interaction evidence; advance for full-text import. Full text was not readable through PMC or PDF import at the time of review.,abstract_review_only,unavailable,missing,,high
pmid-26673098,26673098,,10.1016/j.virusres.2015.12.003,Interactome of the hepatitis C virus: Literature mining with ANDSystem.,2016,abstract_relevant_fulltext_unavailable,Independent reread confirms direct primary-virus host mechanism or interaction evidence; advance for full-text import. Full text was not readable through PMC or PDF import at the time of review.,abstract_review_only,unavailable,missing,,high
pmid-26582000,26582000,PMC4719611,10.1128/JVI.01880-15,Three-Dimensional Structural Characterization of HIV-1 Tethered to Human Cells.,2016,abstract_relevant_fulltext_unavailable,Independent reread finds plausible host-pathogen mechanism or comparative pathway evidence; keep for full-text import. Full text was not readable through PMC or PDF import at the time of review.,abstract_review_only,unavailable,missing,,medium
pmid-26546555,26546555,,10.1016/j.jprot.2015.11.003,Novel interactions of domain III from the envelope glycoprotein of dengue 2 virus with human plasma proteins.,2016,abstract_relevant_fulltext_unavailable,Independent reread finds plausible host-pathogen mechanism or comparative pathway evidence; keep for full-text import. Full text was not readable through PMC or PDF import at the time of review.,abstract_review_only,unavailable,missing,,medium
pmid-26923960,26923960,,10.2222/jsv.65.71,[Ebola virus host cell entry].,2015,abstract_relevant_fulltext_unavailable,Independent reread finds plausible host-pathogen mechanism or comparative pathway evidence; keep for full-text import. Full text was not readable through PMC or PDF import at the time of review.,abstract_review_only,unavailable,missing,,medium
pmid-26719253,26719253,PMC4810631,10.1128/JVI.03146-15,MxB Is Not Responsible for the Blocking of HIV-1 Infection Observed in Alpha Interferon-Treated Cells.,2015,abstract_relevant_fulltext_unavailable,Independent reread confirms direct primary-virus host mechanism or interaction evidence; advance for full-text import. Full text was not readable through PMC or PDF import at the time of review.,abstract_review_only,unavailable,missing,,high
pmid-26668372,26668372,PMC4703010,10.1073/pnas.1516305112,Specific induction of endogenous viral restriction factors using CRISPR/Cas-derived transcriptional activators.,2015,abstract_relevant_fulltext_unavailable,Independent reread finds plausible host-pathogen mechanism or comparative pathway evidence; keep for full-text import. Full text was not readable through PMC or PDF import at the time of review.,abstract_review_only,unavailable,missing,,medium
pmid-26599333,26599333,,10.1089/aid.2014.0377,Comparative Interactome of HIV-1 Tat and Human T Lymphotropic Virus Type-1 Tax and the Cellular Transcriptional Machinery.,2015,abstract_relevant_fulltext_unavailable,Independent reread confirms direct primary-virus host mechanism or interaction evidence; advance for full-text import. Full text was not readable through PMC or PDF import at the time of review.,abstract_review_only,unavailable,missing,,high
pmid-26553990,26553990,PMC4664340,10.1073/pnas.1516920112,Dynamic allostery governs cyclophilin A-HIV capsid interplay.,2015,abstract_relevant_fulltext_unavailable,Independent reread finds plausible host-pathogen mechanism or comparative pathway evidence; keep for full-text import. Full text was not readable through PMC or PDF import at the time of review.,abstract_review_only,unavailable,missing,,medium
pmid-26544088,26544088,,10.1021/acs.jcim.5b00419,Homology Model-Based Virtual Screening for the Identification of Human Helicase DDX3 Inhibitors.,2015,abstract_relevant_fulltext_unavailable,Independent reread finds plausible host-pathogen mechanism or comparative pathway evidence; keep for full-text import. Full text was not readable through PMC or PDF import at the time of review.,abstract_review_only,unavailable,missing,,medium
pmid-26396192,26396192,PMC4646388,10.1074/jbc.M115.666065,Natural Polymorphisms and Oligomerization of Human APOBEC3H Contribute to Single-stranded DNA Scanning Ability.,2015,abstract_relevant_fulltext_unavailable,Independent reread finds plausible host-pathogen mechanism or comparative pathway evidence; keep for full-text import. Full text was not readable through PMC or PDF import at the time of review.,abstract_review_only,unavailable,missing,,medium
pmid-26339049,26339049,PMC4645635,10.1128/JVI.01714-15,HuR Displaces Polypyrimidine Tract Binding Protein To Facilitate La Binding to the 3' Untranslated Region and Enhances Hepatitis C Virus Replication.,2015,abstract_relevant_fulltext_unavailable,Independent reread finds plausible host-pathogen mechanism or comparative pathway evidence; keep for full-text import. Full text was not readable through PMC or PDF import at the time of review.,abstract_review_only,unavailable,missing,,medium
pmid-26275799,26275799,,10.1016/j.antiviral.2015.08.007,Pokeweed antiviral protein restores levels of cellular APOBEC3G during HIV-1 infection by depurinating Vif mRNA.,2015,abstract_relevant_fulltext_unavailable,Independent reread finds plausible host-pathogen mechanism or comparative pathway evidence; keep for full-text import. Full text was not readable through PMC or PDF import at the time of review.,abstract_review_only,unavailable,missing,,medium
pmid-26269178,26269178,PMC4580188,10.1128/JVI.01297-15,DDX60L Is an Interferon-Stimulated Gene Product Restricting Hepatitis C Virus Replication in Cell Culture.,2015,abstract_relevant_fulltext_unavailable,Independent reread confirms direct primary-virus host mechanism or interaction evidence; advance for full-text import. Full text was not readable through PMC or PDF import at the time of review.,abstract_review_only,unavailable,missing,,high
pmid-26246577,26246577,PMC4580175,10.1128/JVI.01736-15,Suppressor of Cytokine Signaling 3 Is an Inducible Host Factor That Regulates Virus Egress during Ebola Virus Infection.,2015,abstract_relevant_fulltext_unavailable,Independent reread confirms direct primary-virus host mechanism or interaction evidence; advance for full-text import. Full text was not readable through PMC or PDF import at the time of review.,abstract_review_only,unavailable,missing,,high
pmid-26221025,26221025,,10.1042/BJ20150445,"Dengue NS3, an RNAi suppressor, modulates the human miRNA pathways through its interacting partner.",2015,abstract_relevant_fulltext_unavailable,Independent reread finds plausible host-pathogen mechanism or comparative pathway evidence; keep for full-text import. Full text was not readable through PMC or PDF import at the time of review.,abstract_review_only,unavailable,missing,,medium
pmid-26211835,26211835,,10.1016/j.chom.2015.06.018,HIV-1 Exploits the Host Factor RuvB-like 2 to Balance Viral Protein Expression.,2015,abstract_relevant_fulltext_unavailable,Independent reread confirms direct primary-virus host mechanism or interaction evidence; advance for full-text import. Full text was not readable through PMC or PDF import at the time of review.,abstract_review_only,unavailable,missing,,high
pmid-26202252,26202252,PMC4577879,10.1128/JVI.01707-15,Pim Kinase Interacts with Nonstructural 5A Protein and Regulates Hepatitis C Virus Entry.,2015,abstract_relevant_fulltext_unavailable,Independent reread confirms direct primary-virus host mechanism or interaction evidence; advance for full-text import. Full text was not readable through PMC or PDF import at the time of review.,abstract_review_only,unavailable,missing,,high
pmid-26157130,26157130,PMC4542354,10.1128/JVI.00559-15,Downregulation of Poly(ADP-Ribose) Polymerase 1 by a Viral Processivity Factor Facilitates Lytic Replication of Gammaherpesvirus.,2015,abstract_relevant_fulltext_unavailable,Independent reread finds plausible host-pathogen mechanism or comparative pathway evidence; keep for full-text import. Full text was not readable through PMC or PDF import at the time of review.,abstract_review_only,unavailable,missing,,medium
pmid-26076730,26076730,PMC4630796,10.1089/hum.2015.059,Preclinical Assessment of Mutant Human TRIM5α as an Anti-HIV-1 Transgene.,2015,abstract_relevant_fulltext_unavailable,Independent reread finds plausible host-pathogen mechanism or comparative pathway evidence; keep for full-text import. Full text was not readable through PMC or PDF import at the time of review.,abstract_review_only,unavailable,missing,,medium
pmid-26063425,26063425,PMC4524248,10.1128/JVI.00753-15,Restriction of HIV-1 Requires the N-Terminal Region of MxB as a Capsid-Binding Motif but Not as a Nuclear Localization Signal.,2015,abstract_relevant_fulltext_unavailable,Independent reread finds plausible host-pathogen mechanism or comparative pathway evidence; keep for full-text import. Full text was not readable through PMC or PDF import at the time of review.,abstract_review_only,unavailable,missing,,medium
pmid-25926641,25926641,PMC4473547,10.1128/JVI.00867-15,A Combined Genetic-Proteomic Approach Identifies Residues within Dengue Virus NS4B Critical for Interaction with NS3 and Viral Replication.,2015,abstract_relevant_fulltext_unavailable,Independent reread confirms direct primary-virus host mechanism or interaction evidence; advance for full-text import. Full text was not readable through PMC or PDF import at the time of review.,abstract_review_only,unavailable,missing,,high
pmid-25878102,25878102,PMC4468487,10.1128/JVI.00364-15,EFTUD2 Is a Novel Innate Immune Regulator Restricting Hepatitis C Virus Infection through the RIG-I/MDA5 Pathway.,2015,abstract_relevant_fulltext_unavailable,Independent reread confirms direct primary-virus host mechanism or interaction evidence; advance for full-text import. Full text was not readable through PMC or PDF import at the time of review.,abstract_review_only,unavailable,missing,,high
pmid-25821226,25821226,PMC4564538,10.1093/infdis/jiv125,Ebola Virus Glycoprotein Promotes Enhanced Viral Egress by Preventing Ebola VP40 From Associating With the Host Restriction Factor BST2/Tetherin.,2015,abstract_relevant_fulltext_unavailable,Independent reread confirms direct primary-virus host mechanism or interaction evidence; advance for full-text import. Full text was not readable through PMC or PDF import at the time of review.,abstract_review_only,unavailable,missing,,high
pmid-25759385,25759385,PMC4409254,10.1074/jbc.M114.630095,Membrane Anchoring by a C-terminal Tryptophan Enables HIV-1 Vpu to Displace Bone Marrow Stromal Antigen 2 (BST2) from Sites of Viral Assembly.,2015,abstract_relevant_fulltext_unavailable,Independent reread finds plausible host-pathogen mechanism or comparative pathway evidence; keep for full-text import. Full text was not readable through PMC or PDF import at the time of review.,abstract_review_only,unavailable,missing,,medium
pmid-25740981,25740981,PMC4442532,10.1128/JVI.03197-14,"Dynamic Interaction of Stress Granules, DDX3X, and IKK-α Mediates Multiple Functions in Hepatitis C Virus Infection.",2015,abstract_relevant_fulltext_unavailable,Independent reread confirms direct primary-virus host mechanism or interaction evidence; advance for full-text import. Full text was not readable through PMC or PDF import at the time of review.,abstract_review_only,unavailable,missing,,high
pmid-25717111,25717111,PMC4403497,10.1128/JVI.03464-14,Anti-APOBEC3G activity of HIV-1 Vif protein is attenuated in elite controllers.,2015,abstract_relevant_fulltext_unavailable,Independent reread finds plausible host-pathogen mechanism or comparative pathway evidence; keep for full-text import. Full text was not readable through PMC or PDF import at the time of review.,abstract_review_only,unavailable,missing,,medium
pmid-25694600,25694600,PMC4403494,10.1128/JVI.02925-14,"A survey of the interactome of Kaposi's sarcoma-associated herpesvirus ORF45 revealed its binding to viral ORF33 and cellular USP7, resulting in stabilization of ORF33 that is required for production of progeny viruses.",2015,abstract_relevant_fulltext_unavailable,Independent reread finds plausible host-pathogen mechanism or comparative pathway evidence; keep for full-text import. Full text was not readable through PMC or PDF import at the time of review.,abstract_review_only,unavailable,missing,,medium
pmid-25673723,25673723,PMC4403451,10.1128/JVI.03692-14,Dissecting the roles of the 5' exoribonucleases Xrn1 and Xrn2 in restricting hepatitis C virus replication.,2015,abstract_relevant_fulltext_unavailable,Independent reread finds plausible host-pathogen mechanism or comparative pathway evidence; keep for full-text import. Full text was not readable through PMC or PDF import at the time of review.,abstract_review_only,unavailable,missing,,medium
pmid-25653431,25653431,PMC4442402,10.1128/JVI.03087-14,p53-derived host restriction of HIV-1 replication by protein kinase R-mediated Tat phosphorylation and inactivation.,2015,abstract_relevant_fulltext_unavailable,Independent reread finds plausible host-pathogen mechanism or comparative pathway evidence; keep for full-text import. Full text was not readable through PMC or PDF import at the time of review.,abstract_review_only,unavailable,missing,,medium
pmid-25646359,25646359,PMC7166976,10.1189/jlb.4HI0714-338RR,SAMHD1's protein expression profile in humans.,2015,abstract_relevant_fulltext_unavailable,Independent reread finds plausible host-pathogen mechanism or comparative pathway evidence; keep for full-text import. Full text was not readable through PMC or PDF import at the time of review.,abstract_review_only,unavailable,missing,,medium
pmid-25631043,25631043,PMC4358145,10.1074/jbc.M114.627679,The viral restriction factor tetherin prevents leucine-rich pentatricopeptide repeat-containing protein (LRPPRC) from association with beclin 1 and B-cell CLL/lymphoma 2 (Bcl-2) and enhances autophagy and mitophagy.,2015,abstract_relevant_fulltext_unavailable,Independent reread finds plausible host-pathogen mechanism or comparative pathway evidence; keep for full-text import. Full text was not readable through PMC or PDF import at the time of review.,abstract_review_only,unavailable,missing,,medium
pmid-25609815,25609815,PMC4403431,10.1128/JVI.03060-14,A trans-dominant form of Gag restricts Ty1 retrotransposition and mediates copy number control.,2015,abstract_relevant_fulltext_unavailable,Independent reread finds plausible host-pathogen mechanism or comparative pathway evidence; keep for full-text import. Full text was not readable through PMC or PDF import at the time of review.,abstract_review_only,unavailable,missing,,medium
pmid-25589658,25589658,PMC4403413,10.1128/JVI.03232-14,Mining the human complexome database identifies RBM14 as an XPO1-associated protein involved in HIV-1 Rev function.,2015,abstract_relevant_fulltext_unavailable,Independent reread finds plausible host-pathogen mechanism or comparative pathway evidence; keep for full-text import. Full text was not readable through PMC or PDF import at the time of review.,abstract_review_only,unavailable,missing,,medium
pmid-25582776,25582776,,10.1016/j.bbrc.2015.01.001,Multiple lysines combined in HIV-1 Vif determines the responsiveness to CBF-β.,2015,abstract_relevant_fulltext_unavailable,Independent reread finds plausible host-pathogen mechanism or comparative pathway evidence; keep for full-text import. Full text was not readable through PMC or PDF import at the time of review.,abstract_review_only,unavailable,missing,,medium
pmid-25568212,25568212,PMC4337540,10.1128/JVI.03730-14,Contribution of MxB oligomerization to HIV-1 capsid binding and restriction.,2015,abstract_relevant_fulltext_unavailable,Independent reread finds plausible host-pathogen mechanism or comparative pathway evidence; keep for full-text import. Full text was not readable through PMC or PDF import at the time of review.,abstract_review_only,unavailable,missing,,medium
pmid-25568208,25568208,PMC4403404,10.1128/JVI.03453-14,Characterization of dengue virus NS4A and NS4B protein interaction.,2015,abstract_relevant_fulltext_unavailable,Independent reread confirms direct primary-virus host mechanism or interaction evidence; advance for full-text import. Full text was not readable through PMC or PDF import at the time of review.,abstract_review_only,unavailable,missing,,high
pmid-25526889,25526889,,10.1016/j.bbapap.2014.12.008,Structural insights into the stabilization of the human immunodeficiency virus type 1 capsid protein by the cyclophilin-binding domain and implications on the virus cycle.,2015,abstract_relevant_fulltext_unavailable,Independent reread finds plausible host-pathogen mechanism or comparative pathway evidence; keep for full-text import. Full text was not readable through PMC or PDF import at the time of review.,abstract_review_only,unavailable,missing,,medium
pmid-25520503,25520503,PMC4325709,10.1128/JVI.03105-14,COMMD1/Murr1 reinforces HIV-1 latent infection through IκB-α stabilization.,2015,abstract_relevant_fulltext_unavailable,Independent reread finds plausible host-pathogen mechanism or comparative pathway evidence; keep for full-text import. Full text was not readable through PMC or PDF import at the time of review.,abstract_review_only,unavailable,missing,,medium
pmid-25505071,25505071,PMC4338883,10.1128/JVI.02982-14,Phosphatidylserine-specific phospholipase A1 involved in hepatitis C virus assembly through NS2 complex formation.,2015,abstract_relevant_fulltext_unavailable,Independent reread finds plausible host-pathogen mechanism or comparative pathway evidence; keep for full-text import. Full text was not readable through PMC or PDF import at the time of review.,abstract_review_only,unavailable,missing,,medium
pmid-25490467,25490467,,10.1097/QAD.0000000000000554,HIV-1 viral infectivity factor interacts with microtubule-associated protein light chain 3 and inhibits autophagy.,2015,abstract_relevant_fulltext_unavailable,Independent reread confirms direct primary-virus host mechanism or interaction evidence; advance for full-text import. Full text was not readable through PMC or PDF import at the time of review.,abstract_review_only,unavailable,missing,,high
pmid-25473059,25473059,PMC4338887,10.1128/JVI.02978-14,TRIM5α restriction affects clinical outcome and disease progression in simian immunodeficiency virus-infected rhesus macaques.,2015,abstract_relevant_fulltext_unavailable,Independent reread finds plausible host-pathogen mechanism or comparative pathway evidence; keep for full-text import. Full text was not readable through PMC or PDF import at the time of review.,abstract_review_only,unavailable,missing,,medium
pmid-25462350,25462350,,10.1016/j.virol.2014.11.005,Tetherin restricts HSV-2 release and is counteracted by multiple viral glycoproteins.,2015,abstract_relevant_fulltext_unavailable,Independent reread finds plausible host-pathogen mechanism or comparative pathway evidence; keep for full-text import. Full text was not readable through PMC or PDF import at the time of review.,abstract_review_only,unavailable,missing,,medium
pmid-25253155,25253155,,10.1007/978-1-4939-1396-1_26,Effect of galectins on viral transmission.,2015,abstract_relevant_fulltext_unavailable,Independent reread finds plausible host-pathogen mechanism or comparative pathway evidence; keep for full-text import. Full text was not readable through PMC or PDF import at the time of review.,abstract_review_only,unavailable,missing,,medium
pmid-25587751,25587751,PMC4502693,10.4161/15548627.2014.984278,TRIM proteins regulate autophagy: TRIM5 is a selective autophagy receptor mediating HIV-1 restriction.,2014,abstract_relevant_fulltext_unavailable,Independent reread confirms direct primary-virus host mechanism or interaction evidence; advance for full-text import. Full text was not readable through PMC or PDF import at the time of review.,abstract_review_only,unavailable,missing,,high
pmid-25275127,25275127,PMC4249113,10.1128/JVI.02333-14,"HIV-1 Nef and Vpu are functionally redundant broad-spectrum modulators of cell surface receptors, including tetraspanins.",2014,abstract_relevant_fulltext_unavailable,Independent reread finds plausible host-pathogen mechanism or comparative pathway evidence; keep for full-text import. Full text was not readable through PMC or PDF import at the time of review.,abstract_review_only,unavailable,missing,,medium
pmid-25253338,25253338,PMC4248981,10.1128/JVI.02505-14,Overlapping and distinct molecular determinants dictating the antiviral activities of TRIM56 against flaviviruses and coronavirus.,2014,abstract_relevant_fulltext_unavailable,Independent reread finds plausible host-pathogen mechanism or comparative pathway evidence; keep for full-text import. Full text was not readable through PMC or PDF import at the time of review.,abstract_review_only,unavailable,missing,,medium
pmid-25210194,25210194,PMC4248984,10.1128/JVI.02234-14,The HERV-K human endogenous retrovirus envelope protein antagonizes Tetherin antiviral activity.,2014,abstract_relevant_fulltext_unavailable,Independent reread finds plausible host-pathogen mechanism or comparative pathway evidence; keep for full-text import. Full text was not readable through PMC or PDF import at the time of review.,abstract_review_only,unavailable,missing,,medium
pmid-25158218,25158218,,10.1021/pr500556d,Elucidation of the Ebola virus VP24 cellular interactome and disruption of virus biology through targeted inhibition of host-cell protein function.,2014,abstract_relevant_fulltext_unavailable,Independent reread confirms direct primary-virus host mechanism or interaction evidence; advance for full-text import. Full text was not readable through PMC or PDF import at the time of review.,abstract_review_only,unavailable,missing,,high
pmid-25122780,25122780,PMC4178706,10.1128/JVI.01924-14,Core-binding factor subunit beta is not required for non-primate lentiviral Vif-mediated APOBEC3 degradation.,2014,abstract_relevant_fulltext_unavailable,Independent reread finds plausible host-pathogen mechanism or comparative pathway evidence; keep for full-text import. Full text was not readable through PMC or PDF import at the time of review.,abstract_review_only,unavailable,missing,,medium
pmid-25100798,25100798,,10.1099/vir.0.068544-0,Receptor-activated human α2-macroglobulin interacts with the envelope protein of dengue virus and protects virions from temperature-induced inactivation through multivalent binding.,2014,abstract_relevant_fulltext_unavailable,Independent reread confirms direct primary-virus host mechanism or interaction evidence; advance for full-text import. Full text was not readable through PMC or PDF import at the time of review.,abstract_review_only,unavailable,missing,,high
pmid-25071319,25071319,PMC4110556,10.3748/wjg.v20.i28.9261,Cytokinome profile evaluation in patients with hepatitis C virus infection.,2014,abstract_relevant_fulltext_unavailable,Independent reread finds plausible host-pathogen mechanism or comparative pathway evidence; keep for full-text import. Full text was not readable through PMC or PDF import at the time of review.,abstract_review_only,unavailable,missing,,medium
pmid-25044019,25044019,PMC4223490,10.1074/mcp.M113.028977,A novel immuno-competitive capture mass spectrometry strategy for protein-protein interaction profiling reveals that LATS kinases regulate HCV replication through NS5A phosphorylation.,2014,abstract_relevant_fulltext_unavailable,Independent reread confirms direct primary-virus host mechanism or interaction evidence; advance for full-text import. Full text was not readable through PMC or PDF import at the time of review.,abstract_review_only,unavailable,missing,,high
pmid-25010285,25010285,,10.1016/j.virol.2014.04.038,Proteome analysis of the HIV-1 Gag interactome.,2014,abstract_relevant_fulltext_unavailable,Independent reread confirms direct primary-virus host mechanism or interaction evidence; advance for full-text import. Full text was not readable through PMC or PDF import at the time of review.,abstract_review_only,unavailable,missing,,high
pmid-24980280,24980280,,10.1111/febs.12901,Investigating the antiviral role of cell death-inducing DFF45-like effector B in HCV replication.,2014,abstract_relevant_fulltext_unavailable,Independent reread finds plausible host-pathogen mechanism or comparative pathway evidence; keep for full-text import. Full text was not readable through PMC or PDF import at the time of review.,abstract_review_only,unavailable,missing,,medium
pmid-24910013,24910013,,10.2174/1389201015666140608142728,Insight into structural organization and protein-protein interaction of non structural 3 (NS3) proteins from dengue serotypes.,2014,abstract_relevant_fulltext_unavailable,Independent reread confirms direct primary-virus host mechanism or interaction evidence; advance for full-text import. Full text was not readable through PMC or PDF import at the time of review.,abstract_review_only,unavailable,missing,,high
pmid-24898729,24898729,,10.1111/cmi.12318,Reticulon 3 interacts with NS4B of the hepatitis C virus and negatively regulates viral replication by disrupting NS4B self-interaction.,2014,abstract_relevant_fulltext_unavailable,Independent reread confirms direct primary-virus host mechanism or interaction evidence; advance for full-text import. Full text was not readable through PMC or PDF import at the time of review.,abstract_review_only,unavailable,missing,,high
pmid-24797426,24797426,PMC4083108,10.1074/mcp.M113.036301,The intraviral protein interaction network of hepatitis C virus.,2014,abstract_relevant_fulltext_unavailable,Independent reread confirms direct primary-virus host mechanism or interaction evidence; advance for full-text import. Full text was not readable through PMC or PDF import at the time of review.,abstract_review_only,unavailable,missing,,high
pmid-24735396,24735396,,10.1021/ic402907g,Comparative thermodynamic analysis of zinc binding to the His/Cys motif in virion infectivity factor.,2014,abstract_relevant_fulltext_unavailable,Independent reread finds plausible host-pathogen mechanism or comparative pathway evidence; keep for full-text import. Full text was not readable through PMC or PDF import at the time of review.,abstract_review_only,unavailable,missing,,medium
pmid-24733916,24733916,PMC4035966,10.1073/pnas.1321507111,Tetherin antagonism by Vpu protects HIV-infected cells from antibody-dependent cell-mediated cytotoxicity.,2014,abstract_relevant_fulltext_unavailable,Independent reread finds plausible host-pathogen mechanism or comparative pathway evidence; keep for full-text import. Full text was not readable through PMC or PDF import at the time of review.,abstract_review_only,unavailable,missing,,medium
pmid-24642660,24642660,,10.3851/IMP2766,MicroRNAs: role and therapeutic targets in viral hepatitis.,2014,abstract_relevant_fulltext_unavailable,Independent reread finds plausible host-pathogen mechanism or comparative pathway evidence; keep for full-text import. Full text was not readable through PMC or PDF import at the time of review.,abstract_review_only,unavailable,missing,,medium
pmid-24623438,24623438,PMC4093857,10.1128/JVI.03738-13,Hepatitis C virus NS5A hijacks ARFGAP1 to maintain a phosphatidylinositol 4-phosphate-enriched microenvironment.,2014,abstract_relevant_fulltext_unavailable,Independent reread finds plausible host-pathogen mechanism or comparative pathway evidence; keep for full-text import. Full text was not readable through PMC or PDF import at the time of review.,abstract_review_only,unavailable,missing,,medium
pmid-24623419,24623419,PMC4019113,10.1128/JVI.00155-14,Identification of cellular proteins interacting with the retroviral restriction factor SAMHD1.,2014,abstract_relevant_fulltext_unavailable,Independent reread finds plausible host-pathogen mechanism or comparative pathway evidence; keep for full-text import. Full text was not readable through PMC or PDF import at the time of review.,abstract_review_only,unavailable,missing,,medium
pmid-24600008,24600008,PMC4019117,10.1128/JVI.03717-13,Functional evidence for the involvement of microtubules and dynein motor complexes in TRIM5α-mediated restriction of retroviruses.,2014,abstract_relevant_fulltext_unavailable,Independent reread finds plausible host-pathogen mechanism or comparative pathway evidence; keep for full-text import. Full text was not readable through PMC or PDF import at the time of review.,abstract_review_only,unavailable,missing,,medium
pmid-24574390,24574390,PMC3993804,10.1128/JVI.03057-13,Dendritic cell-lymphocyte cross talk downregulates host restriction factor SAMHD1 and stimulates HIV-1 replication in dendritic cells.,2014,abstract_relevant_fulltext_unavailable,Independent reread confirms direct primary-virus host mechanism or interaction evidence; advance for full-text import. Full text was not readable through PMC or PDF import at the time of review.,abstract_review_only,unavailable,missing,,high
pmid-24554663,24554663,PMC3993838,10.1128/JVI.00324-14,CD4+ memory stem cells are infected by HIV-1 in a manner regulated in part by SAMHD1 expression.,2014,abstract_relevant_fulltext_unavailable,Independent reread finds plausible host-pathogen mechanism or comparative pathway evidence; keep for full-text import. Full text was not readable through PMC or PDF import at the time of review.,abstract_review_only,unavailable,missing,,medium
pmid-24554660,24554660,PMC3993799,10.1128/JVI.03241-13,Determining the involvement and therapeutic implications of host cellular factors in hepatitis C virus cell-to-cell spread.,2014,abstract_relevant_fulltext_unavailable,Independent reread finds plausible host-pathogen mechanism or comparative pathway evidence; keep for full-text import. Full text was not readable through PMC or PDF import at the time of review.,abstract_review_only,unavailable,missing,,medium
pmid-24554657,24554657,PMC3993830,10.1128/JVI.02945-13,Contribution of PDZD8 to stabilization of the human immunodeficiency virus type 1 capsid.,2014,abstract_relevant_fulltext_unavailable,Independent reread finds plausible host-pathogen mechanism or comparative pathway evidence; keep for full-text import. Full text was not readable through PMC or PDF import at the time of review.,abstract_review_only,unavailable,missing,,medium
pmid-24449862,24449862,PMC3918791,10.1073/pnas.1314268111,"Novel antiviral host factor, TNK1, regulates IFN signaling through serine phosphorylation of STAT1.",2014,abstract_relevant_fulltext_unavailable,Independent reread finds plausible host-pathogen mechanism or comparative pathway evidence; keep for full-text import. Full text was not readable through PMC or PDF import at the time of review.,abstract_review_only,unavailable,missing,,medium
pmid-24390335,24390335,PMC3957933,10.1128/JVI.03833-13,Evolutionarily conserved requirement for core binding factor beta in the assembly of the human immunodeficiency virus/simian immunodeficiency virus Vif-cullin 5-RING E3 ubiquitin ligase.,2014,abstract_relevant_fulltext_unavailable,Independent reread confirms direct primary-virus host mechanism or interaction evidence; advance for full-text import. Full text was not readable through PMC or PDF import at the time of review.,abstract_review_only,unavailable,missing,,high
pmid-24390322,24390322,PMC3957917,10.1128/JVI.03814-13,Feline immunodeficiency virus envelope glycoproteins antagonize tetherin through a distinctive mechanism that requires virion incorporation.,2014,abstract_relevant_fulltext_unavailable,Independent reread finds plausible host-pathogen mechanism or comparative pathway evidence; keep for full-text import. Full text was not readable through PMC or PDF import at the time of review.,abstract_review_only,unavailable,missing,,medium
pmid-24284321,24284321,PMC3911532,10.1128/JVI.01249-13,Cellular vimentin regulates construction of dengue virus replication complexes through interaction with NS4A protein.,2014,abstract_relevant_fulltext_unavailable,Independent reread confirms direct primary-virus host mechanism or interaction evidence; advance for full-text import. Full text was not readable through PMC or PDF import at the time of review.,abstract_review_only,unavailable,missing,,high
pmid-24236455,24236455,,10.2174/1566524013666131118111719,BST-2 expression in human hepatocytes is inducible by all three types of interferons and restricts production of hepatitis C virus.,2014,abstract_relevant_fulltext_unavailable,Independent reread finds plausible host-pathogen mechanism or comparative pathway evidence; keep for full-text import. Full text was not readable through PMC or PDF import at the time of review.,abstract_review_only,unavailable,missing,,medium
pmid-24227834,24227834,PMC3911658,10.1128/JVI.03148-13,Equine tetherin blocks retrovirus release and its activity is antagonized by equine infectious anemia virus envelope protein.,2014,abstract_relevant_fulltext_unavailable,Independent reread finds plausible host-pathogen mechanism or comparative pathway evidence; keep for full-text import. Full text was not readable through PMC or PDF import at the time of review.,abstract_review_only,unavailable,missing,,medium
pmid-24173214,24173214,PMC3911732,10.1128/JVI.02828-13,The innate immune factor apolipoprotein L1 restricts HIV-1 infection.,2014,abstract_relevant_fulltext_unavailable,Independent reread finds plausible host-pathogen mechanism or comparative pathway evidence; keep for full-text import. Full text was not readable through PMC or PDF import at the time of review.,abstract_review_only,unavailable,missing,,medium
pmid-24169621,24169621,PMC3879614,10.1074/mcp.M113.030155,Elucidating novel hepatitis C virus-host interactions using combined mass spectrometry and functional genomics approaches.,2014,abstract_relevant_fulltext_unavailable,Independent reread confirms direct primary-virus host mechanism or interaction evidence; advance for full-text import. Full text was not readable through PMC or PDF import at the time of review.,abstract_review_only,unavailable,missing,,high
pmid-24155399,24155399,PMC3911728,10.1128/JVI.02687-13,Effects of alpha interferon treatment on intrinsic anti-HIV-1 immunity in vivo.,2014,abstract_relevant_fulltext_unavailable,Independent reread confirms direct primary-virus host mechanism or interaction evidence; advance for full-text import. Full text was not readable through PMC or PDF import at the time of review.,abstract_review_only,unavailable,missing,,high
pmid-25366053,25366053,,10.2222/jsv.63.187,[Multifunctional HIV accessory proteins are hub proteins antagonizing host antiviral factors].,2013,abstract_relevant_fulltext_unavailable,Independent reread finds plausible host-pathogen mechanism or comparative pathway evidence; keep for full-text import. Full text was not readable through PMC or PDF import at the time of review.,abstract_review_only,unavailable,missing,,medium
pmid-24175228,24175228,PMC3785047,10.5501/wjv.v2.i2.32,Architecture and biogenesis of plus-strand RNA virus replication factories.,2013,abstract_relevant_fulltext_unavailable,Independent reread finds plausible host-pathogen mechanism or comparative pathway evidence; keep for full-text import. Full text was not readable through PMC or PDF import at the time of review.,abstract_review_only,unavailable,missing,,low
pmid-24161438,24161438,,10.1016/j.jmb.2013.10.022,SAMHD1 host restriction factor: a link with innate immune sensing of retrovirus infection.,2013,abstract_relevant_fulltext_unavailable,Independent reread finds plausible host-pathogen mechanism or comparative pathway evidence; keep for full-text import. Full text was not readable through PMC or PDF import at the time of review.,abstract_review_only,unavailable,missing,,medium
pmid-24075872,24075872,,10.1016/j.jmb.2013.09.029,Emerging role of the host restriction factor tetherin in viral immune sensing.,2013,abstract_relevant_fulltext_unavailable,Independent reread finds plausible host-pathogen mechanism or comparative pathway evidence; keep for full-text import. Full text was not readable through PMC or PDF import at the time of review.,abstract_review_only,unavailable,missing,,medium
pmid-24074594,24074594,,10.1016/j.virol.2013.08.009,The interaction between claudin-1 and dengue viral prM/M protein for its entry.,2013,abstract_relevant_fulltext_unavailable,Independent reread confirms direct primary-virus host mechanism or interaction evidence; advance for full-text import. Full text was not readable through PMC or PDF import at the time of review.,abstract_review_only,unavailable,missing,,high
pmid-23986595,23986595,PMC3807372,10.1128/JVI.01474-13,A host YB-1 ribonucleoprotein complex is hijacked by hepatitis C virus for the control of NS3-dependent particle production.,2013,abstract_relevant_fulltext_unavailable,Independent reread finds plausible host-pathogen mechanism or comparative pathway evidence; keep for full-text import. Full text was not readable through PMC or PDF import at the time of review.,abstract_review_only,unavailable,missing,,medium
pmid-23966394,23966394,PMC3807358,10.1128/JVI.02128-13,Effects of cellular activation on anti-HIV-1 restriction factor expression profile in primary cells.,2013,abstract_relevant_fulltext_unavailable,Independent reread confirms direct primary-virus host mechanism or interaction evidence; advance for full-text import. Full text was not readable through PMC or PDF import at the time of review.,abstract_review_only,unavailable,missing,,high
pmid-23943653,23943653,PMC3798998,10.1182/blood-2013-01-479972,Targeting the Hsp90-associated viral oncoproteome in gammaherpesvirus-associated malignancies.,2013,abstract_relevant_fulltext_unavailable,Independent reread finds plausible host-pathogen mechanism or comparative pathway evidence; keep for full-text import. Full text was not readable through PMC or PDF import at the time of review.,abstract_review_only,unavailable,missing,,medium
pmid-23896472,23896472,PMC3811463,10.1128/AAC.01175-13,"A novel, broad-spectrum inhibitor of enterovirus replication that targets host cell factor phosphatidylinositol 4-kinase IIIβ.",2013,abstract_relevant_fulltext_unavailable,Independent reread finds plausible host-pathogen mechanism or comparative pathway evidence; keep for full-text import. Full text was not readable through PMC or PDF import at the time of review.,abstract_review_only,unavailable,missing,,medium
pmid-23872947,23872947,PMC3770946,10.1038/emboj.2013.163,SAMHD1-dependent retroviral control and escape in mice.,2013,abstract_relevant_fulltext_unavailable,Independent reread finds plausible host-pathogen mechanism or comparative pathway evidence; keep for full-text import. Full text was not readable through PMC or PDF import at the time of review.,abstract_review_only,unavailable,missing,,medium
pmid-23817385,23817385,PMC3811413,10.1128/AAC.00985-13,Discovery of novel small-molecule HIV-1 replication inhibitors that stabilize capsid complexes.,2013,abstract_relevant_fulltext_unavailable,Independent reread finds plausible host-pathogen mechanism or comparative pathway evidence; keep for full-text import. Full text was not readable through PMC or PDF import at the time of review.,abstract_review_only,unavailable,missing,,medium
pmid-23781096,23781096,,10.1096/fj.13-229187,Hepatitis C virus/human interactome identifies SMURF2 and the viral protease as critical elements for the control of TGF-β signaling.,2013,abstract_relevant_fulltext_unavailable,Independent reread confirms direct primary-virus host mechanism or interaction evidence; advance for full-text import. Full text was not readable through PMC or PDF import at the time of review.,abstract_review_only,unavailable,missing,,high
pmid-23744077,23744077,PMC3711331,10.1074/jbc.M113.472159,Anti-HIV host factor SAMHD1 regulates viral sensitivity to nucleoside reverse transcriptase inhibitors via modulation of cellular deoxyribonucleoside triphosphate (dNTP) levels.,2013,abstract_relevant_fulltext_unavailable,Independent reread confirms direct primary-virus host mechanism or interaction evidence; advance for full-text import. Full text was not readable through PMC or PDF import at the time of review.,abstract_review_only,unavailable,missing,,high
pmid-23682656,23682656,,10.1021/pr3011217,Understanding the biological context of NS5A-host interactions in HCV infection: a network-based approach.,2013,abstract_relevant_fulltext_unavailable,Independent reread finds plausible host-pathogen mechanism or comparative pathway evidence; keep for full-text import. Full text was not readable through PMC or PDF import at the time of review.,abstract_review_only,unavailable,missing,,medium
pmid-23659500,23659500,,10.1042/CS20120594,Amiodarone inhibits the entry and assembly steps of hepatitis C virus life cycle.,2013,abstract_relevant_fulltext_unavailable,Independent reread finds plausible host-pathogen mechanism or comparative pathway evidence; keep for full-text import. Full text was not readable through PMC or PDF import at the time of review.,abstract_review_only,unavailable,missing,,medium
pmid-23640893,23640893,PMC3682580,10.1074/jbc.M113.468975,Interleukin-2 inhibits HIV-1 replication in some human T cell lymphotrophic virus-1-infected cell lines via the induction and incorporation of APOBEC3G into the virion.,2013,abstract_relevant_fulltext_unavailable,Independent reread finds plausible host-pathogen mechanism or comparative pathway evidence; keep for full-text import. Full text was not readable through PMC or PDF import at the time of review.,abstract_review_only,unavailable,missing,,medium
pmid-23478265,23478265,PMC3647972,10.1128/MCB.01603-12,Human DEAD box helicase 3 couples IκB kinase ε to interferon regulatory factor 3 activation.,2013,abstract_relevant_fulltext_unavailable,Independent reread finds plausible host-pathogen mechanism or comparative pathway evidence; keep for full-text import. Full text was not readable through PMC or PDF import at the time of review.,abstract_review_only,unavailable,missing,,medium
pmid-23365451,23365451,PMC3624358,10.1128/JVI.00954-12,Contrasting roles of mitogen-activated protein kinases in cellular entry and replication of hepatitis C virus: MKNK1 facilitates cell entry.,2013,abstract_relevant_fulltext_unavailable,Independent reread finds plausible host-pathogen mechanism or comparative pathway evidence; keep for full-text import. Full text was not readable through PMC or PDF import at the time of review.,abstract_review_only,unavailable,missing,,medium
pmid-23348195,23348195,,10.1016/j.virusres.2013.01.006,The cellular protein TIP47 restricts Respirovirus multiplication leading to decreased virus particle production.,2013,abstract_relevant_fulltext_unavailable,Independent reread finds plausible host-pathogen mechanism or comparative pathway evidence; keep for full-text import. Full text was not readable through PMC or PDF import at the time of review.,abstract_review_only,unavailable,missing,,medium
pmid-23269793,23269793,PMC3571388,10.1128/JVI.02514-12,SAMHD1 restricts HIV-1 cell-to-cell transmission and limits immune detection in monocyte-derived dendritic cells.,2013,abstract_relevant_fulltext_unavailable,Independent reread finds plausible host-pathogen mechanism or comparative pathway evidence; keep for full-text import. Full text was not readable through PMC or PDF import at the time of review.,abstract_review_only,unavailable,missing,,medium
pmid-23266878,23266878,,10.1007/s11262-012-0865-z,Kaposi's sarcoma: a computational approach through protein-protein interaction and gene regulatory networks analysis.,2013,abstract_relevant_fulltext_unavailable,Independent reread finds plausible host-pathogen mechanism or comparative pathway evidence; keep for full-text import. Full text was not readable through PMC or PDF import at the time of review.,abstract_review_only,unavailable,missing,,medium
pmid-23221546,23221546,PMC3571454,10.1128/JVI.02272-12,Stimulation of NF-κB activity by the HIV restriction factor BST2.,2013,abstract_relevant_fulltext_unavailable,Independent reread confirms direct primary-virus host mechanism or interaction evidence; advance for full-text import. Full text was not readable through PMC or PDF import at the time of review.,abstract_review_only,unavailable,missing,,high
pmid-23076149,23076149,PMC3510820,10.1074/jbc.M112.403816,Functional analysis of the relationship between Vpx and the restriction factor SAMHD1.,2012,abstract_relevant_fulltext_unavailable,Independent reread finds plausible host-pathogen mechanism or comparative pathway evidence; keep for full-text import. Full text was not readable through PMC or PDF import at the time of review.,abstract_review_only,unavailable,missing,,medium
pmid-23043100,23043100,PMC3510791,10.1074/jbc.R112.416925,The restriction factors of human immunodeficiency virus.,2012,abstract_relevant_fulltext_unavailable,Independent reread finds plausible host-pathogen mechanism or comparative pathway evidence; keep for full-text import. Full text was not readable through PMC or PDF import at the time of review.,abstract_review_only,unavailable,missing,,medium
pmid-23019037,23019037,,10.3724/SP.J.1141.2012.05537,[SAMHD1 − a HIV-1 restriction factor derived from Myeloid lineage monocytes].,2012,abstract_relevant_fulltext_unavailable,Independent reread confirms direct primary-virus host mechanism or interaction evidence; advance for full-text import. Full text was not readable through PMC or PDF import at the time of review.,abstract_review_only,unavailable,missing,,high
pmid-22722598,22722598,PMC3429549,10.4161/auto.20339,Autophagy and RNA virus interactomes reveal IRGM as a common target.,2012,abstract_relevant_fulltext_unavailable,Independent reread finds plausible host-pathogen mechanism or comparative pathway evidence; keep for full-text import. Full text was not readable through PMC or PDF import at the time of review.,abstract_review_only,unavailable,missing,,medium
pmid-22646850,22646850,,10.1021/pr300121a,Proteomic analysis of hepatitis C virus (HCV) core protein transfection and host regulator PA28γ knockout in HCV pathogenesis: a network-based study.,2012,abstract_relevant_fulltext_unavailable,Independent reread confirms direct primary-virus host mechanism or interaction evidence; advance for full-text import. Full text was not readable through PMC or PDF import at the time of review.,abstract_review_only,unavailable,missing,,high
pmid-22553322,22553322,PMC3416313,10.1128/JVI.00157-12,Evidence for a genetic and physical interaction between nonstructural proteins NS1 and NS4B that modulates replication of West Nile virus.,2012,abstract_relevant_fulltext_unavailable,Independent reread finds plausible host-pathogen mechanism or comparative pathway evidence; keep for full-text import. Full text was not readable through PMC or PDF import at the time of review.,abstract_review_only,unavailable,missing,,medium
pmid-22545703,22545703,,10.1089/nat.2011.0332,A locked nucleic acid oligonucleotide targeting microRNA 122 is well-tolerated in cynomolgus monkeys.,2012,abstract_relevant_fulltext_unavailable,Independent reread finds plausible host-pathogen mechanism or comparative pathway evidence; keep for full-text import. Full text was not readable through PMC or PDF import at the time of review.,abstract_review_only,unavailable,missing,,medium
pmid-22524176,22524176,,10.2174/157016212800792423,Sites of action of HIV-1 Vpu in BST-2/tetherin downregulation.,2012,abstract_relevant_fulltext_unavailable,Independent reread finds plausible host-pathogen mechanism or comparative pathway evidence; keep for full-text import. Full text was not readable through PMC or PDF import at the time of review.,abstract_review_only,unavailable,missing,,medium
pmid-22514281,22514281,PMC3391094,10.1074/jbc.M111.306373,Glycogen synthase kinase 3β (GSK3β) modulates antiviral activity of zinc-finger antiviral protein (ZAP).,2012,abstract_relevant_fulltext_unavailable,Independent reread finds plausible host-pathogen mechanism or comparative pathway evidence; keep for full-text import. Full text was not readable through PMC or PDF import at the time of review.,abstract_review_only,unavailable,missing,,medium
pmid-22497815,22497815,,10.1111/j.1365-2893.2011.01556.x,Nonstructural 5A protein of hepatitis C virus regulates heat shock protein 72 for its own propagation.,2012,abstract_relevant_fulltext_unavailable,Independent reread finds plausible host-pathogen mechanism or comparative pathway evidence; keep for full-text import. Full text was not readable through PMC or PDF import at the time of review.,abstract_review_only,unavailable,missing,,medium
pmid-22467683,22467683,,10.1093/jmcb/mjs011,Coexpression network analysis in chronic hepatitis B and C hepatic lesions reveals distinct patterns of disease progression to hepatocellular carcinoma.,2012,abstract_relevant_fulltext_unavailable,Independent reread finds plausible host-pathogen mechanism or comparative pathway evidence; keep for full-text import. Full text was not readable through PMC or PDF import at the time of review.,abstract_review_only,unavailable,missing,,medium
pmid-22443280,22443280,,10.1021/pr201128s,Ferritin heavy chain is the host factor responsible for HCV-induced inhibition of apoB-100 production and is required for efficient viral infection.,2012,abstract_relevant_fulltext_unavailable,Independent reread confirms direct primary-virus host mechanism or interaction evidence; advance for full-text import. Full text was not readable through PMC or PDF import at the time of review.,abstract_review_only,unavailable,missing,,high
pmid-22431021,22431021,,10.1002/jmv.23250,Hepatitis C virus promotes expression of the 3β-hydroxysterol δ24-reductase through Sp1.,2012,abstract_relevant_fulltext_unavailable,Independent reread finds plausible host-pathogen mechanism or comparative pathway evidence; keep for full-text import. Full text was not readable through PMC or PDF import at the time of review.,abstract_review_only,unavailable,missing,,medium
pmid-22407013,22407013,,10.1038/nsmb.2243,Structure of N-terminal domain of ZAP indicates how a zinc-finger protein recognizes complex RNA.,2012,abstract_relevant_fulltext_unavailable,Independent reread finds plausible host-pathogen mechanism or comparative pathway evidence; keep for full-text import. Full text was not readable through PMC or PDF import at the time of review.,abstract_review_only,unavailable,missing,,medium
pmid-22398279,22398279,PMC3347301,10.1128/JVI.06280-11,Anti-tetherin activities of HIV-1 Vpu and Ebola virus glycoprotein do not involve removal of tetherin from lipid rafts.,2012,abstract_relevant_fulltext_unavailable,Independent reread finds plausible host-pathogen mechanism or comparative pathway evidence; keep for full-text import. Full text was not readable through PMC or PDF import at the time of review.,abstract_review_only,unavailable,missing,,medium
pmid-22379090,22379090,PMC3347272,10.1128/JVI.00114-12,Valosin-containing protein (VCP/p97) is required for poliovirus replication and is involved in cellular protein secretion pathway in poliovirus infection.,2012,abstract_relevant_fulltext_unavailable,Independent reread finds plausible host-pathogen mechanism or comparative pathway evidence; keep for full-text import. Full text was not readable through PMC or PDF import at the time of review.,abstract_review_only,unavailable,missing,,medium
pmid-22350260,22350260,,10.1007/s00253-012-3933-3,Intracellular interactome of secreted antibody Fab fragment in Pichia pastoris reveals its routes of secretion and degradation.,2012,abstract_relevant_fulltext_unavailable,Independent reread finds plausible host-pathogen mechanism or comparative pathway evidence; keep for full-text import. Full text was not readable through PMC or PDF import at the time of review.,abstract_review_only,unavailable,missing,,medium
pmid-22318991,22318991,,10.1002/hep.25642,Major vault protein: a virus-induced host factor against viral replication through the induction of type-I interferon.,2012,abstract_relevant_fulltext_unavailable,Independent reread finds plausible host-pathogen mechanism or comparative pathway evidence; keep for full-text import. Full text was not readable through PMC or PDF import at the time of review.,abstract_review_only,unavailable,missing,,medium
pmid-22215596,22215596,PMC3271899,10.1073/pnas.1112263109,Stabilization of hepatitis C virus RNA by an Ago2-miR-122 complex.,2012,abstract_relevant_fulltext_unavailable,Independent reread finds plausible host-pathogen mechanism or comparative pathway evidence; keep for full-text import. Full text was not readable through PMC or PDF import at the time of review.,abstract_review_only,unavailable,missing,,medium
pmid-22174317,22174317,PMC3322577,10.1074/mcp.M111.015313,Host cell interactome of HIV-1 Rev includes RNA helicases involved in multiple facets of virus production.,2012,abstract_relevant_fulltext_unavailable,Independent reread confirms direct primary-virus host mechanism or interaction evidence; advance for full-text import. Full text was not readable through PMC or PDF import at the time of review.,abstract_review_only,unavailable,missing,,high
pmid-22171279,22171279,PMC3302389,10.1128/JVI.06035-11,Productive replication and evolution of HIV-1 in ferret cells.,2012,abstract_relevant_fulltext_unavailable,Independent reread finds plausible host-pathogen mechanism or comparative pathway evidence; keep for full-text import. Full text was not readable through PMC or PDF import at the time of review.,abstract_review_only,unavailable,missing,,medium
pmid-22154809,22154809,,10.1016/j.jmb.2011.11.034,Solution structure of the HIV-1 exon splicing silencer 3.,2012,abstract_relevant_fulltext_unavailable,Independent reread finds plausible host-pathogen mechanism or comparative pathway evidence; keep for full-text import. Full text was not readable through PMC or PDF import at the time of review.,abstract_review_only,unavailable,missing,,medium
pmid-22072710,22072710,PMC3249111,10.1074/jbc.M111.296772,HIV-1 Vpu protein antagonizes innate restriction factor BST-2 via lipid-embedded helix-helix interactions.,2012,abstract_relevant_fulltext_unavailable,Independent reread confirms direct primary-virus host mechanism or interaction evidence; advance for full-text import. Full text was not readable through PMC or PDF import at the time of review.,abstract_review_only,unavailable,missing,,high
pmid-22077229,22077229,,10.1111/j.1574-695X.2011.00848.x,Extensive viral mimicry of 22 AIDS-related autoantigens by HIV-1 proteins and pathway analysis of 561 viral/human homologues suggest an initial treatable autoimmune component of AIDS.,2011,abstract_relevant_fulltext_unavailable,Independent reread confirms direct primary-virus host mechanism or interaction evidence; advance for full-text import. Full text was not readable through PMC or PDF import at the time of review.,abstract_review_only,unavailable,missing,,high
pmid-22056990,22056990,,10.1038/nature10623,HIV-1 restriction factor SAMHD1 is a deoxynucleoside triphosphate triphosphohydrolase.,2011,abstract_relevant_fulltext_unavailable,Independent reread confirms direct primary-virus host mechanism or interaction evidence; advance for full-text import. Full text was not readable through PMC or PDF import at the time of review.,abstract_review_only,unavailable,missing,,high
pmid-21957497,21957497,PMC3256426,10.4161/rna.8.6.17836,Quantitative mass spectrometry of DENV-2 RNA-interacting proteins reveals that the DEAD-box RNA helicase DDX6 binds the DB1 and DB2 3' UTR structures.,2011,abstract_relevant_fulltext_unavailable,Independent reread confirms direct primary-virus host mechanism or interaction evidence; advance for full-text import. Full text was not readable through PMC or PDF import at the time of review.,abstract_review_only,unavailable,missing,,high
pmid-21918865,21918865,,10.1007/s00705-011-1097-6,Rhesus monkey TRIM5α represses HIV-1 LTR promoter activity by negatively regulating TAK1/TAB1/TAB2/TAB3-complex-mediated NF-κB activation.,2011,abstract_relevant_fulltext_unavailable,Independent reread finds plausible host-pathogen mechanism or comparative pathway evidence; keep for full-text import. Full text was not readable through PMC or PDF import at the time of review.,abstract_review_only,unavailable,missing,,medium
pmid-21876179,21876179,PMC3179061,10.1073/pnas.1101676108,Zinc-finger antiviral protein inhibits HIV-1 infection by selectively targeting multiply spliced viral mRNAs for degradation.,2011,abstract_relevant_fulltext_unavailable,Independent reread finds plausible host-pathogen mechanism or comparative pathway evidence; keep for full-text import. Full text was not readable through PMC or PDF import at the time of review.,abstract_review_only,unavailable,missing,,medium
pmid-21849455,21849455,PMC3194978,10.1128/JVI.00719-11,Y-box-binding protein 1 interacts with hepatitis C virus NS3/4A and influences the equilibrium between viral RNA replication and infectious particle production.,2011,abstract_relevant_fulltext_unavailable,Independent reread confirms direct primary-virus host mechanism or interaction evidence; advance for full-text import. Full text was not readable through PMC or PDF import at the time of review.,abstract_review_only,unavailable,missing,,high
pmid-21835787,21835787,PMC3194973,10.1128/JVI.05238-11,"Human and rhesus APOBEC3D, APOBEC3F, APOBEC3G, and APOBEC3H demonstrate a conserved capacity to restrict Vif-deficient HIV-1.",2011,abstract_relevant_fulltext_unavailable,Independent reread finds plausible host-pathogen mechanism or comparative pathway evidence; keep for full-text import. Full text was not readable through PMC or PDF import at the time of review.,abstract_review_only,unavailable,missing,,medium
pmid-21825869,21825869,,10.1097/COH.0b013e3283499e11,Innate immune factors associated with HIV-1 transmission.,2011,abstract_relevant_fulltext_unavailable,Independent reread finds plausible host-pathogen mechanism or comparative pathway evidence; keep for full-text import. Full text was not readable through PMC or PDF import at the time of review.,abstract_review_only,unavailable,missing,,medium
pmid-21808013,21808013,PMC3158195,10.1073/pnas.1101684108,In vivo expression profile of the antiviral restriction factor and tumor-targeting antigen CD317/BST-2/HM1.24/tetherin in humans.,2011,abstract_relevant_fulltext_unavailable,Independent reread finds plausible host-pathogen mechanism or comparative pathway evidence; keep for full-text import. Full text was not readable through PMC or PDF import at the time of review.,abstract_review_only,unavailable,missing,,medium
pmid-21806988,21806988,,10.1016/j.febslet.2011.07.019,Phospholipid scramblase 1 mediates hepatitis C virus entry into host cells.,2011,abstract_relevant_fulltext_unavailable,Independent reread finds plausible host-pathogen mechanism or comparative pathway evidence; keep for full-text import. Full text was not readable through PMC or PDF import at the time of review.,abstract_review_only,unavailable,missing,,medium
pmid-21795330,21795330,PMC3196437,10.1128/JVI.00097-11,Variable prevalence and functional diversity of the antiretroviral restriction factor TRIMCyp in Macaca fascicularis.,2011,abstract_relevant_fulltext_unavailable,Independent reread finds plausible host-pathogen mechanism or comparative pathway evidence; keep for full-text import. Full text was not readable through PMC or PDF import at the time of review.,abstract_review_only,unavailable,missing,,medium
pmid-21680743,21680743,PMC3151041,10.1074/jbc.M111.260406,Determinants of the higher order association of the restriction factor TRIM5alpha and other tripartite motif (TRIM) proteins.,2011,abstract_relevant_fulltext_unavailable,Independent reread finds plausible host-pathogen mechanism or comparative pathway evidence; keep for full-text import. Full text was not readable through PMC or PDF import at the time of review.,abstract_review_only,unavailable,missing,,medium
pmid-21680504,21680504,PMC3165832,10.1128/JVI.02533-10,Peptidyl-prolyl isomerase Pin1 is a cellular factor required for hepatitis C virus propagation.,2011,abstract_relevant_fulltext_unavailable,Independent reread finds plausible host-pathogen mechanism or comparative pathway evidence; keep for full-text import. Full text was not readable through PMC or PDF import at the time of review.,abstract_review_only,unavailable,missing,,medium
pmid-21480319,21480319,,10.1002/hep.24214,c-Src is required for complex formation between the hepatitis C virus-encoded proteins NS5A and NS5B: a prerequisite for replication.,2011,abstract_relevant_fulltext_unavailable,Independent reread finds plausible host-pathogen mechanism or comparative pathway evidence; keep for full-text import. Full text was not readable through PMC or PDF import at the time of review.,abstract_review_only,unavailable,missing,,medium
pmid-21341383,21341383,,10.3724/SP.J.1141.2011.01040,[Identification of the TRIM5/TRIMCyp heterozygous genotype in Macaca assamensis].,2011,abstract_relevant_fulltext_unavailable,Independent reread finds plausible host-pathogen mechanism or comparative pathway evidence; keep for full-text import. Full text was not readable through PMC or PDF import at the time of review.,abstract_review_only,unavailable,missing,,medium
pmid-21300806,21300806,PMC3064197,10.1074/jbc.M110.199604,Intensity of deoxycytidine deamination of HIV-1 proviral DNA by the retroviral restriction factor APOBEC3G is mediated by the noncatalytic domain.,2011,abstract_relevant_fulltext_unavailable,Independent reread confirms direct primary-virus host mechanism or interaction evidence; advance for full-text import. Full text was not readable through PMC or PDF import at the time of review.,abstract_review_only,unavailable,missing,,high
pmid-21297162,21297162,PMC3064185,10.1074/jbc.M110.194472,Hepatitis C virus NS5A protein interacts with phosphatidylinositol 4-kinase type IIIalpha and regulates viral propagation.,2011,abstract_relevant_fulltext_unavailable,Independent reread confirms direct primary-virus host mechanism or interaction evidence; advance for full-text import. Full text was not readable through PMC or PDF import at the time of review.,abstract_review_only,unavailable,missing,,high
pmid-21289118,21289118,PMC3126137,10.1128/JVI.02546-10,TRIM56 is a virus- and interferon-inducible E3 ubiquitin ligase that restricts pestivirus infection.,2011,abstract_relevant_fulltext_unavailable,Independent reread finds plausible host-pathogen mechanism or comparative pathway evidence; keep for full-text import. Full text was not readable through PMC or PDF import at the time of review.,abstract_review_only,unavailable,missing,,medium
pmid-21282347,21282347,PMC3062177,10.1261/rna.2462011,Identification of Tat-SF1 cellular targets by exon array analysis reveals dual roles in transcription and splicing.,2011,abstract_relevant_fulltext_unavailable,Independent reread finds plausible host-pathogen mechanism or comparative pathway evidence; keep for full-text import. Full text was not readable through PMC or PDF import at the time of review.,abstract_review_only,unavailable,missing,,medium
pmid-21217078,21217078,,10.1182/blood-2010-05-287193,The nerve growth factor reduces APOBEC3G synthesis and enhances HIV-1 transcription and replication in human primary macrophages.,2011,abstract_relevant_fulltext_unavailable,Independent reread finds plausible host-pathogen mechanism or comparative pathway evidence; keep for full-text import. Full text was not readable through PMC or PDF import at the time of review.,abstract_review_only,unavailable,missing,,medium
pmid-21191020,21191020,PMC3067951,10.1128/JVI.02080-10,Differential effects of human immunodeficiency virus type 1 Vpu on the stability of BST-2/tetherin.,2011,abstract_relevant_fulltext_unavailable,Independent reread finds plausible host-pathogen mechanism or comparative pathway evidence; keep for full-text import. Full text was not readable through PMC or PDF import at the time of review.,abstract_review_only,unavailable,missing,,medium
pmid-21177810,21177810,PMC3067798,10.1128/JVI.02249-10,Phosphatidylinositol 4-kinase III beta is a target of enviroxime-like compounds for antipoliovirus activity.,2011,abstract_relevant_fulltext_unavailable,Independent reread finds plausible host-pathogen mechanism or comparative pathway evidence; keep for full-text import. Full text was not readable through PMC or PDF import at the time of review.,abstract_review_only,unavailable,missing,,medium
pmid-21166593,21166593,PMC3021358,10.1089/jir.2010.0108,"The interferon-inducible host factor bone marrow stromal antigen 2/tetherin restricts virion release, but is it actually a viral restriction factor?",2011,abstract_relevant_fulltext_unavailable,Independent reread finds plausible host-pathogen mechanism or comparative pathway evidence; keep for full-text import. Full text was not readable through PMC or PDF import at the time of review.,abstract_review_only,unavailable,missing,,medium
pmid-21148275,21148275,,10.1099/vir.0.028597-0,Functional interaction between cellular p100 and the dengue virus 3' UTR.,2011,abstract_relevant_fulltext_unavailable,Independent reread confirms direct primary-virus host mechanism or interaction evidence; advance for full-text import. Full text was not readable through PMC or PDF import at the time of review.,abstract_review_only,unavailable,missing,,high
pmid-21078663,21078663,PMC3024752,10.1074/jbc.M110.154377,"NFAT and IRF proteins regulate transcription of the anti-HIV gene, APOBEC3G.",2011,abstract_relevant_fulltext_unavailable,Independent reread finds plausible host-pathogen mechanism or comparative pathway evidence; keep for full-text import. Full text was not readable through PMC or PDF import at the time of review.,abstract_review_only,unavailable,missing,,medium
pmid-20980512,20980512,PMC3014196,10.1128/JVI.01795-10,Serine-threonine ubiquitination mediates downregulation of BST-2/tetherin and relief of restricted virion release by HIV-1 Vpu.,2011,abstract_relevant_fulltext_unavailable,Independent reread finds plausible host-pathogen mechanism or comparative pathway evidence; keep for full-text import. Full text was not readable through PMC or PDF import at the time of review.,abstract_review_only,unavailable,missing,,medium
pmid-20962083,20962083,PMC3014163,10.1128/JVI.01406-10,Small-molecule inhibition of human immunodeficiency virus type 1 infection by virus capsid destabilization.,2011,abstract_relevant_fulltext_unavailable,Independent reread finds plausible host-pathogen mechanism or comparative pathway evidence; keep for full-text import. Full text was not readable through PMC or PDF import at the time of review.,abstract_review_only,unavailable,missing,,medium
pmid-21203916,21203916,PMC4875198,10.1007/s13238-010-0096-9,Analyses of SELEX-derived ZAP-binding RNA aptamers suggest that the binding specificity is determined by both structure and sequence of the RNA.,2010,abstract_relevant_fulltext_unavailable,Independent reread finds plausible host-pathogen mechanism or comparative pathway evidence; keep for full-text import. Full text was not readable through PMC or PDF import at the time of review.,abstract_review_only,unavailable,missing,,medium
pmid-20940320,20940320,PMC2972963,10.1073/pnas.1011485107,Structural insight into the mechanisms of enveloped virus tethering by tetherin.,2010,abstract_relevant_fulltext_unavailable,Independent reread finds plausible host-pathogen mechanism or comparative pathway evidence; keep for full-text import. Full text was not readable through PMC or PDF import at the time of review.,abstract_review_only,unavailable,missing,,medium
pmid-20861257,20861257,PMC2976402,10.1128/JVI.01447-10,Cell-cell spread of human immunodeficiency virus type 1 overcomes tetherin/BST-2-mediated restriction in T cells.,2010,abstract_relevant_fulltext_unavailable,Independent reread finds plausible host-pathogen mechanism or comparative pathway evidence; keep for full-text import. Full text was not readable through PMC or PDF import at the time of review.,abstract_review_only,unavailable,missing,,medium
pmid-20807705,20807705,,10.1189/jlb.0310176,Arsenic modulates APOBEC3G-mediated restriction to HIV-1 infection in myeloid dendritic cells.,2010,abstract_relevant_fulltext_unavailable,Independent reread finds plausible host-pathogen mechanism or comparative pathway evidence; keep for full-text import. Full text was not readable through PMC or PDF import at the time of review.,abstract_review_only,unavailable,missing,,medium
pmid-20702783,20702783,PMC3101857,10.1074/mcp.M110.003418,Identification of essential filovirion-associated host factors by serial proteomic analysis and RNAi screen.,2010,abstract_relevant_fulltext_unavailable,Independent reread finds plausible host-pathogen mechanism or comparative pathway evidence; keep for full-text import. Full text was not readable through PMC or PDF import at the time of review.,abstract_review_only,unavailable,missing,,medium
pmid-20601427,20601427,PMC2934683,10.1074/jbc.M110.118323,Heat shock protein 72 is associated with the hepatitis C virus replicase complex and enhances viral RNA replication.,2010,abstract_relevant_fulltext_unavailable,Independent reread finds plausible host-pathogen mechanism or comparative pathway evidence; keep for full-text import. Full text was not readable through PMC or PDF import at the time of review.,abstract_review_only,unavailable,missing,,medium
pmid-20473303,20473303,,10.1038/nchembio.370,Rational design of small-molecule inhibitors of the LEDGF/p75-integrase interaction and HIV replication.,2010,abstract_relevant_fulltext_unavailable,Independent reread confirms direct primary-virus host mechanism or interaction evidence; advance for full-text import. Full text was not readable through PMC or PDF import at the time of review.,abstract_review_only,unavailable,missing,,high
pmid-20410272,20410272,PMC2903270,10.1128/JVI.00210-10,TRIM5alpha disrupts the structure of assembled HIV-1 capsid complexes in vitro.,2010,abstract_relevant_fulltext_unavailable,Independent reread finds plausible host-pathogen mechanism or comparative pathway evidence; keep for full-text import. Full text was not readable through PMC or PDF import at the time of review.,abstract_review_only,unavailable,missing,,medium
pmid-20335258,20335258,PMC2876593,10.1128/JVI.02343-09,Role of annexin A2 in the production of infectious hepatitis C virus particles.,2010,abstract_relevant_fulltext_unavailable,Independent reread finds plausible host-pathogen mechanism or comparative pathway evidence; keep for full-text import. Full text was not readable through PMC or PDF import at the time of review.,abstract_review_only,unavailable,missing,,medium
pmid-20147395,20147395,PMC2849503,10.1128/JVI.01549-09,Antagonism of CD317 restriction of human immunodeficiency virus type 1 (HIV-1) particle release and depletion of CD317 are separable activities of HIV-1 Vpu.,2010,abstract_relevant_fulltext_unavailable,Independent reread finds plausible host-pathogen mechanism or comparative pathway evidence; keep for full-text import. Full text was not readable through PMC or PDF import at the time of review.,abstract_review_only,unavailable,missing,,medium
pmid-20147389,20147389,PMC2863769,10.1128/JVI.02421-09,CD317/tetherin is enriched in the HIV-1 envelope and downregulated from the plasma membrane upon virus infection.,2010,abstract_relevant_fulltext_unavailable,Independent reread finds plausible host-pathogen mechanism or comparative pathway evidence; keep for full-text import. Full text was not readable through PMC or PDF import at the time of review.,abstract_review_only,unavailable,missing,,medium
pmid-20110098,20110098,,10.1016/j.virol.2010.01.003,Contribution of RING domain to retrovirus restriction by TRIM5alpha depends on combination of host and virus.,2010,abstract_relevant_fulltext_unavailable,Independent reread finds plausible host-pathogen mechanism or comparative pathway evidence; keep for full-text import. Full text was not readable through PMC or PDF import at the time of review.,abstract_review_only,unavailable,missing,,medium
pmid-20089662,20089662,PMC2838092,10.1128/JVI.02590-09,HIV-1 Vpr induces the K48-linked polyubiquitination and proteasomal degradation of target cellular proteins to activate ATR and promote G2 arrest.,2010,abstract_relevant_fulltext_unavailable,Independent reread finds plausible host-pathogen mechanism or comparative pathway evidence; keep for full-text import. Full text was not readable through PMC or PDF import at the time of review.,abstract_review_only,unavailable,missing,,medium
pmid-20053985,20053985,PMC2844226,10.1074/jbc.M109.040618,Hsp70 interacts with the retroviral restriction factor TRIM5alpha and assists the folding of TRIM5alpha.,2010,abstract_relevant_fulltext_unavailable,Independent reread finds plausible host-pathogen mechanism or comparative pathway evidence; keep for full-text import. Full text was not readable through PMC or PDF import at the time of review.,abstract_review_only,unavailable,missing,,medium
pmid-20023216,20023216,PMC2830761,10.1182/blood-2009-06-226423,CCR6 ligands inhibit HIV by inducing APOBEC3G.,2010,abstract_relevant_fulltext_unavailable,Independent reread finds plausible host-pathogen mechanism or comparative pathway evidence; keep for full-text import. Full text was not readable through PMC or PDF import at the time of review.,abstract_review_only,unavailable,missing,,medium
pmid-20014138,20014138,,10.1002/hep.23278,Apolipoprotein E interacts with hepatitis C virus nonstructural protein 5A and determines assembly of infectious particles.,2010,abstract_relevant_fulltext_unavailable,Independent reread confirms direct primary-virus host mechanism or interaction evidence; advance for full-text import. Full text was not readable through PMC or PDF import at the time of review.,abstract_review_only,unavailable,missing,,high
pmid-19906930,19906930,PMC2798365,10.1128/JVI.01190-09,Identification of GBF1 as a cellular factor required for hepatitis C virus RNA replication.,2010,abstract_relevant_fulltext_unavailable,Independent reread finds plausible host-pathogen mechanism or comparative pathway evidence; keep for full-text import. Full text was not readable through PMC or PDF import at the time of review.,abstract_review_only,unavailable,missing,,medium
pmid-19899129,19899129,,10.1002/cyto.a.20818,A quantitative measure for alterations in the actin cytoskeleton investigated with automated high-throughput microscopy.,2010,abstract_relevant_fulltext_unavailable,Independent reread finds plausible host-pathogen mechanism or comparative pathway evidence; keep for full-text import. Full text was not readable through PMC or PDF import at the time of review.,abstract_review_only,unavailable,missing,,medium
pmid-19837671,19837671,PMC2787367,10.1074/jbc.M109.058305,HIV-1 accessory protein Vpu internalizes cell-surface BST-2/tetherin through transmembrane interactions leading to lysosomes.,2009,abstract_relevant_fulltext_unavailable,Independent reread finds plausible host-pathogen mechanism or comparative pathway evidence; keep for full-text import. Full text was not readable through PMC or PDF import at the time of review.,abstract_review_only,unavailable,missing,,medium
pmid-19811073,19811073,,10.1586/epr.09.73,Cell-type-specific proteome and interactome: using HIV-1 Tat as a test case.,2009,abstract_relevant_fulltext_unavailable,Independent reread confirms direct primary-virus host mechanism or interaction evidence; advance for full-text import. Full text was not readable through PMC or PDF import at the time of review.,abstract_review_only,unavailable,missing,,high
pmid-19793820,19793820,PMC2786830,10.1128/JVI.01786-09,Effect of calcium-modulating cyclophilin ligand on human immunodeficiency virus type 1 particle release and cell surface expression of tetherin.,2009,abstract_relevant_fulltext_unavailable,Independent reread finds plausible host-pathogen mechanism or comparative pathway evidence; keep for full-text import. Full text was not readable through PMC or PDF import at the time of review.,abstract_review_only,unavailable,missing,,medium
pmid-19539482,19539482,,10.1016/j.bmc.2009.05.045,Proteochemometrics mapping of the interaction space for retroviral proteases and their substrates.,2009,abstract_relevant_fulltext_unavailable,Independent reread finds plausible host-pathogen mechanism or comparative pathway evidence; keep for full-text import. Full text was not readable through PMC or PDF import at the time of review.,abstract_review_only,unavailable,missing,,medium
pmid-19515779,19515779,PMC2715753,10.1128/JVI.00242-09,Vpu directs the degradation of the human immunodeficiency virus restriction factor BST-2/Tetherin via a {beta}TrCP-dependent mechanism.,2009,abstract_relevant_fulltext_unavailable,Independent reread confirms direct primary-virus host mechanism or interaction evidence; advance for full-text import. Full text was not readable through PMC or PDF import at the time of review.,abstract_review_only,unavailable,missing,,high
pmid-19451286,19451286,PMC2715601,10.1128/AAC.00189-09,Cyclosporine inhibits flavivirus replication through blocking the interaction between host cyclophilins and viral NS5 protein.,2009,abstract_relevant_fulltext_unavailable,Independent reread finds plausible host-pathogen mechanism or comparative pathway evidence; keep for full-text import. Full text was not readable through PMC or PDF import at the time of review.,abstract_review_only,unavailable,missing,,medium
pmid-19327355,19327355,,10.1016/j.febslet.2009.03.041,Requirement for microtubule integrity in the SOCS1-mediated intracellular dynamics of HIV-1 Gag.,2009,abstract_relevant_fulltext_unavailable,Independent reread finds plausible host-pathogen mechanism or comparative pathway evidence; keep for full-text import. Full text was not readable through PMC or PDF import at the time of review.,abstract_review_only,unavailable,missing,,medium
pmid-19278657,19278657,,10.1016/j.str.2008.12.020,Three-dimensional structure of AAA ATPase Vps4: advancing structural insights into the mechanisms of endosomal sorting and enveloped virus budding.,2009,abstract_relevant_fulltext_unavailable,Independent reread finds plausible host-pathogen mechanism or comparative pathway evidence; keep for full-text import. Full text was not readable through PMC or PDF import at the time of review.,abstract_review_only,unavailable,missing,,medium
pmid-19244337,19244337,PMC2668474,10.1128/JVI.01800-08,Suppression of Tetherin-restricting activity upon human immunodeficiency virus type 1 particle release correlates with localization of Vpu in the trans-Golgi network.,2009,abstract_relevant_fulltext_unavailable,Independent reread finds plausible host-pathogen mechanism or comparative pathway evidence; keep for full-text import. Full text was not readable through PMC or PDF import at the time of review.,abstract_review_only,unavailable,missing,,medium
pmid-19244240,19244240,PMC2670152,10.1074/jbc.M807781200,Lens epithelium-derived growth factor/p75 interacts with the transposase-derived DDE domain of PogZ.,2009,abstract_relevant_fulltext_unavailable,Independent reread finds plausible host-pathogen mechanism or comparative pathway evidence; keep for full-text import. Full text was not readable through PMC or PDF import at the time of review.,abstract_review_only,unavailable,missing,,medium
pmid-19153238,19153238,PMC2663286,10.1128/JVI.02347-08,Induction of APOBEC3 in vivo causes increased restriction of retrovirus infection.,2009,abstract_relevant_fulltext_unavailable,Independent reread finds plausible host-pathogen mechanism or comparative pathway evidence; keep for full-text import. Full text was not readable through PMC or PDF import at the time of review.,abstract_review_only,unavailable,missing,,medium
pmid-19374199,19374199,,10.2222/jsv.58.207,[Suppression of hepatitis C virus with the reagent targetting host factors].,2008,abstract_relevant_fulltext_unavailable,Independent reread finds plausible host-pathogen mechanism or comparative pathway evidence; keep for full-text import. Full text was not readable through PMC or PDF import at the time of review.,abstract_review_only,unavailable,missing,,medium
pmid-18976975,18976975,,10.1016/j.chom.2008.10.004,Genome-scale RNAi screen for host factors required for HIV replication.,2008,abstract_relevant_fulltext_unavailable,Independent reread finds plausible host-pathogen mechanism or comparative pathway evidence; keep for full-text import. Full text was not readable through PMC or PDF import at the time of review.,abstract_review_only,unavailable,missing,,medium
pmid-18854243,18854243,,10.1016/j.chom.2008.08.013,HIV Nef enhances Tat-mediated viral transcription through a hnRNP-K-nucleated signaling complex.,2008,abstract_relevant_fulltext_unavailable,Independent reread finds plausible host-pathogen mechanism or comparative pathway evidence; keep for full-text import. Full text was not readable through PMC or PDF import at the time of review.,abstract_review_only,unavailable,missing,,medium
pmid-18851679,18851679,PMC2928122,10.1089/aid.2008.0072,The level of APOBEC3G (hA3G)-related G-to-A mutations does not correlate with viral load in HIV type 1-infected individuals.,2008,abstract_relevant_fulltext_unavailable,Independent reread finds plausible host-pathogen mechanism or comparative pathway evidence; keep for full-text import. Full text was not readable through PMC or PDF import at the time of review.,abstract_review_only,unavailable,missing,,medium
pmid-18836454,18836454,,10.1038/nsmb.1497,Phosphorylation of APOBEC3G by protein kinase A regulates its interaction with HIV-1 Vif.,2008,abstract_relevant_fulltext_unavailable,Independent reread confirms direct primary-virus host mechanism or interaction evidence; advance for full-text import. Full text was not readable through PMC or PDF import at the time of review.,abstract_review_only,unavailable,missing,,high
pmid-18819912,18819912,PMC2662242,10.1074/jbc.M804587200,Role of HRB in clathrin-dependent endocytosis.,2008,abstract_relevant_fulltext_unavailable,Independent reread finds plausible host-pathogen mechanism or comparative pathway evidence; keep for full-text import. Full text was not readable through PMC or PDF import at the time of review.,abstract_review_only,unavailable,missing,,medium
pmid-18799572,18799572,PMC2583655,10.1128/JVI.01559-08,Biochemical and biophysical characterization of a chimeric TRIM21-TRIM5alpha protein.,2008,abstract_relevant_fulltext_unavailable,Independent reread finds plausible host-pathogen mechanism or comparative pathway evidence; keep for full-text import. Full text was not readable through PMC or PDF import at the time of review.,abstract_review_only,unavailable,missing,,medium
pmid-18500349,18500349,PMC2652483,10.1038/nm1778,Identification of calcium-modulating cyclophilin ligand as a human host restriction to HIV-1 release overcome by Vpu.,2008,abstract_relevant_fulltext_unavailable,Independent reread finds plausible host-pathogen mechanism or comparative pathway evidence; keep for full-text import. Full text was not readable through PMC or PDF import at the time of review.,abstract_review_only,unavailable,missing,,medium
pmid-18480452,18480452,PMC2446983,10.1128/JVI.02543-07,"CDK13, a new potential human immunodeficiency virus type 1 inhibitory factor regulating viral mRNA splicing.",2008,abstract_relevant_fulltext_unavailable,Independent reread finds plausible host-pathogen mechanism or comparative pathway evidence; keep for full-text import. Full text was not readable through PMC or PDF import at the time of review.,abstract_review_only,unavailable,missing,,medium
pmid-18462673,18462673,PMC2697820,10.1016/j.str.2008.01.020,Crystal structure of NFAT bound to the HIV-1 LTR tandem kappaB enhancer element.,2008,abstract_relevant_fulltext_unavailable,Independent reread finds plausible host-pathogen mechanism or comparative pathway evidence; keep for full-text import. Full text was not readable through PMC or PDF import at the time of review.,abstract_review_only,unavailable,missing,,medium
pmid-18385767,18385767,,10.1038/gt.2008.50,Tissue-specific restriction of cyclophilin A-independent HIV-1- and SIV-derived lentiviral vectors.,2008,abstract_relevant_fulltext_unavailable,Independent reread finds plausible host-pathogen mechanism or comparative pathway evidence; keep for full-text import. Full text was not readable through PMC or PDF import at the time of review.,abstract_review_only,unavailable,missing,,medium
pmid-18342597,18342597,PMC2474773,10.1016/j.chom.2008.03.001,The interferon-induced protein BST-2 restricts HIV-1 release and is downregulated from the cell surface by the viral Vpu protein.,2008,abstract_relevant_fulltext_unavailable,Independent reread confirms direct primary-virus host mechanism or interaction evidence; advance for full-text import. Full text was not readable through PMC or PDF import at the time of review.,abstract_review_only,unavailable,missing,,high
pmid-18287035,18287035,PMC2265179,10.1073/pnas.0709003105,Independent evolution of an antiviral TRIMCyp in rhesus macaques.,2008,abstract_relevant_fulltext_unavailable,Independent reread finds plausible host-pathogen mechanism or comparative pathway evidence; keep for full-text import. Full text was not readable through PMC or PDF import at the time of review.,abstract_review_only,unavailable,missing,,medium
pmid-18287034,18287034,PMC2265128,10.1073/pnas.0709258105,Independent genesis of chimeric TRIM5-cyclophilin proteins in two primate species.,2008,abstract_relevant_fulltext_unavailable,Independent reread finds plausible host-pathogen mechanism or comparative pathway evidence; keep for full-text import. Full text was not readable through PMC or PDF import at the time of review.,abstract_review_only,unavailable,missing,,medium
pmid-18172216,18172216,PMC2224204,10.1073/pnas.0704831105,SOCS1 is an inducible host factor during HIV-1 infection and regulates the intracellular trafficking and stability of HIV-1 Gag.,2008,abstract_relevant_fulltext_unavailable,Independent reread confirms direct primary-virus host mechanism or interaction evidence; advance for full-text import. Full text was not readable through PMC or PDF import at the time of review.,abstract_review_only,unavailable,missing,,high
pmid-18165230,18165230,,10.1074/jbc.M708567200,Nuclear Exclusion of the HIV-1 host defense factor APOBEC3G requires a novel cytoplasmic retention signal and is not dependent on RNA binding.,2008,abstract_relevant_fulltext_unavailable,Independent reread finds plausible host-pathogen mechanism or comparative pathway evidence; keep for full-text import. Full text was not readable through PMC or PDF import at the time of review.,abstract_review_only,unavailable,missing,,medium
pmid-17715216,17715216,PMC2168785,10.1128/JVI.00620-07,Analysis of human cell heterokaryons demonstrates that target cell restriction of cyclosporine-resistant human immunodeficiency virus type 1 mutants is genetically dominant.,2007,abstract_relevant_fulltext_unavailable,Independent reread finds plausible host-pathogen mechanism or comparative pathway evidence; keep for full-text import. Full text was not readable through PMC or PDF import at the time of review.,abstract_review_only,unavailable,missing,,medium
pmid-17643463,17643463,,10.1016/j.virol.2007.06.028,The RING finger ubiquitin ligase RNF125/TRAC-1 down-modulates HIV-1 replication in primary human peripheral blood mononuclear cells.,2007,abstract_relevant_fulltext_unavailable,Independent reread confirms direct primary-virus host mechanism or interaction evidence; advance for full-text import. Full text was not readable through PMC or PDF import at the time of review.,abstract_review_only,unavailable,missing,,high
pmid-17609268,17609268,PMC2045386,10.1128/JVI.00616-07,Fusion of cyclophilin A to Fv1 enables cyclosporine-sensitive restriction of human and feline immunodeficiency viruses.,2007,abstract_relevant_fulltext_unavailable,Independent reread finds plausible host-pathogen mechanism or comparative pathway evidence; keep for full-text import. Full text was not readable through PMC or PDF import at the time of review.,abstract_review_only,unavailable,missing,,medium
pmid-17574642,17574642,PMC2065756,10.1016/j.virol.2007.04.034,The ability of multimerized cyclophilin A to restrict retrovirus infection.,2007,abstract_relevant_fulltext_unavailable,Independent reread finds plausible host-pathogen mechanism or comparative pathway evidence; keep for full-text import. Full text was not readable through PMC or PDF import at the time of review.,abstract_review_only,unavailable,missing,,medium
pmid-17569707,17569707,,10.1093/jb/mvm102,Functional interaction of hepatitis C Virus NS5B with Nucleolin GAR domain.,2007,abstract_relevant_fulltext_unavailable,Independent reread confirms direct primary-virus host mechanism or interaction evidence; advance for full-text import. Full text was not readable through PMC or PDF import at the time of review.,abstract_review_only,unavailable,missing,,high
pmid-17428871,17428871,PMC1933301,10.1128/JVI.00272-07,Human immunodeficiency virus type 1 cDNAs produced in the presence of APOBEC3G exhibit defects in plus-strand DNA transfer and integration.,2007,abstract_relevant_fulltext_unavailable,Independent reread finds plausible host-pathogen mechanism or comparative pathway evidence; keep for full-text import. Full text was not readable through PMC or PDF import at the time of review.,abstract_review_only,unavailable,missing,,medium
pmid-17427231,17427231,,10.1002/prot.21415,Computational proteomics analysis of HIV-1 protease interactome.,2007,abstract_relevant_fulltext_unavailable,Independent reread confirms direct primary-virus host mechanism or interaction evidence; advance for full-text import. Full text was not readable through PMC or PDF import at the time of review.,abstract_review_only,unavailable,missing,,high
pmid-17400754,17400754,PMC1851072,10.1073/pnas.0609174104,Structural basis for PRYSPRY-mediated tripartite motif (TRIM) protein function.,2007,abstract_relevant_fulltext_unavailable,Independent reread finds plausible host-pathogen mechanism or comparative pathway evidence; keep for full-text import. Full text was not readable through PMC or PDF import at the time of review.,abstract_review_only,unavailable,missing,,medium
pmid-17344295,17344295,PMC1900209,10.1128/JVI.02237-06,APOBEC3G multimers are recruited to the plasma membrane for packaging into human immunodeficiency virus type 1 virus-like particles in an RNA-dependent process requiring the NC basic linker.,2007,abstract_relevant_fulltext_unavailable,Independent reread finds plausible host-pathogen mechanism or comparative pathway evidence; keep for full-text import. Full text was not readable through PMC or PDF import at the time of review.,abstract_review_only,unavailable,missing,,medium
pmid-17314519,17314519,,10.1097/QAD.0b013e32801424a5,"Inhibiting lentiviral replication by HEXIM1, a cellular negative regulator of the CDK9/cyclin T complex.",2007,abstract_relevant_fulltext_unavailable,Independent reread finds plausible host-pathogen mechanism or comparative pathway evidence; keep for full-text import. Full text was not readable through PMC or PDF import at the time of review.,abstract_review_only,unavailable,missing,,medium
pmid-17267486,17267486,PMC1866116,10.1128/JVI.02322-06,Transcriptional coactivator LEDGF/p75 modulates human immunodeficiency virus type 1 integrase-mediated concerted integration.,2007,abstract_relevant_fulltext_unavailable,Independent reread finds plausible host-pathogen mechanism or comparative pathway evidence; keep for full-text import. Full text was not readable through PMC or PDF import at the time of review.,abstract_review_only,unavailable,missing,,medium
pmid-17090531,17090531,,10.1074/jbc.M607439200,Requirement of non-canonical activity of uracil DNA glycosylase for class switch recombination.,2007,abstract_relevant_fulltext_unavailable,Independent reread finds plausible host-pathogen mechanism or comparative pathway evidence; keep for full-text import. Full text was not readable through PMC or PDF import at the time of review.,abstract_review_only,unavailable,missing,,medium
pmid-17172832,17172832,,10.4161/cc.5.22.3442,The role of Vpr in the regulation of HIV-1 gene expression.,2006,abstract_relevant_fulltext_unavailable,Independent reread finds plausible host-pathogen mechanism or comparative pathway evidence; keep for full-text import. Full text was not readable through PMC or PDF import at the time of review.,abstract_review_only,unavailable,missing,,medium
pmid-17030807,17030807,PMC1592537,10.1073/pnas.0604524103,High-molecular-mass APOBEC3G complexes restrict Alu retrotransposition.,2006,abstract_relevant_fulltext_unavailable,Independent reread finds plausible host-pathogen mechanism or comparative pathway evidence; keep for full-text import. Full text was not readable through PMC or PDF import at the time of review.,abstract_review_only,unavailable,missing,,medium
pmid-16923810,16923810,,10.1074/jbc.M604220200,SerpinB2 is an inducible host factor involved in enhancing HIV-1 transcription and replication.,2006,abstract_relevant_fulltext_unavailable,Independent reread confirms direct primary-virus host mechanism or interaction evidence; advance for full-text import. Full text was not readable through PMC or PDF import at the time of review.,abstract_review_only,unavailable,missing,,high
pmid-16890533,16890533,,10.1016/j.cub.2006.06.055,Murine retrovirus escapes from murine APOBEC3 via two distinct novel mechanisms.,2006,abstract_relevant_fulltext_unavailable,Independent reread finds plausible host-pathogen mechanism or comparative pathway evidence; keep for full-text import. Full text was not readable through PMC or PDF import at the time of review.,abstract_review_only,unavailable,missing,,medium
pmid-16650449,16650449,,10.1016/j.virol.2006.03.023,Requirements for capsid-binding and an effector function in TRIMCyp-mediated restriction of HIV-1.,2006,abstract_relevant_fulltext_unavailable,Independent reread finds plausible host-pathogen mechanism or comparative pathway evidence; keep for full-text import. Full text was not readable through PMC or PDF import at the time of review.,abstract_review_only,unavailable,missing,,medium
pmid-16643975,16643975,,10.1016/j.virol.2006.03.015,Cyclophilin A: an auxiliary but not necessary cofactor for TRIM5alpha restriction of HIV-1.,2006,abstract_relevant_fulltext_unavailable,Independent reread finds plausible host-pathogen mechanism or comparative pathway evidence; keep for full-text import. Full text was not readable through PMC or PDF import at the time of review.,abstract_review_only,unavailable,missing,,medium
pmid-16629470,16629470,,10.5357/koubyou.73.47,[Identification of the novel host factor that interacts with HIV-1 integrase and analysis of the expression profile of the interactor in vivo].,2006,abstract_relevant_fulltext_unavailable,Independent reread confirms direct primary-virus host mechanism or interaction evidence; advance for full-text import. Full text was not readable through PMC or PDF import at the time of review.,abstract_review_only,unavailable,missing,,high
pmid-16571822,16571822,PMC1440439,10.1128/JVI.80.8.4061-4067.2006,Trim-cyclophilin A fusion proteins can restrict human immunodeficiency virus type 1 infection at two distinct phases in the viral life cycle.,2006,abstract_relevant_fulltext_unavailable,Independent reread finds plausible host-pathogen mechanism or comparative pathway evidence; keep for full-text import. Full text was not readable through PMC or PDF import at the time of review.,abstract_review_only,unavailable,missing,,medium
pmid-16540544,16540544,PMC1459386,10.1073/pnas.0509996103,Specific recognition and accelerated uncoating of retroviral capsids by the TRIM5alpha restriction factor.,2006,abstract_relevant_fulltext_unavailable,Independent reread finds plausible host-pathogen mechanism or comparative pathway evidence; keep for full-text import. Full text was not readable through PMC or PDF import at the time of review.,abstract_review_only,unavailable,missing,,medium
pmid-16474153,16474153,PMC1395369,10.1128/JVI.80.5.2463-2471.2006,Genetic association of the antiviral restriction factor TRIM5alpha with human immunodeficiency virus type 1 infection.,2006,abstract_relevant_fulltext_unavailable,Independent reread confirms direct primary-virus host mechanism or interaction evidence; advance for full-text import. Full text was not readable through PMC or PDF import at the time of review.,abstract_review_only,unavailable,missing,,high
pmid-16339411,16339411,,10.1126/science.1116804,Herpesviral protein networks and their interaction with the human proteome.,2006,abstract_relevant_fulltext_unavailable,Independent reread finds plausible host-pathogen mechanism or comparative pathway evidence; keep for full-text import. Full text was not readable through PMC or PDF import at the time of review.,abstract_review_only,unavailable,missing,,medium
pmid-16306627,16306627,PMC1316013,10.1128/JVI.79.24.15567-15572.2005,"Restriction of human immunodeficiency virus type 1 by TRIM-CypA occurs with rapid kinetics and independently of cytoplasmic bodies, ubiquitin, and proteasome activity.",2005,abstract_relevant_fulltext_unavailable,Independent reread confirms direct primary-virus host mechanism or interaction evidence; advance for full-text import. Full text was not readable through PMC or PDF import at the time of review.,abstract_review_only,unavailable,missing,,high
pmid-16227268,16227268,PMC1262604,10.1128/JVI.79.21.13473-13482.2005,Human VAP-B is involved in hepatitis C virus replication through interaction with NS5A and NS5B.,2005,abstract_relevant_fulltext_unavailable,Independent reread confirms direct primary-virus host mechanism or interaction evidence; advance for full-text import. Full text was not readable through PMC or PDF import at the time of review.,abstract_review_only,unavailable,missing,,high
pmid-16081321,16081321,,10.1016/j.ymthe.2005.07.291,TRIM5alpharh expression restricts HIV-1 infection in lentiviral vector-transduced CD34+-cell-derived macrophages.,2005,abstract_relevant_fulltext_unavailable,Independent reread finds plausible host-pathogen mechanism or comparative pathway evidence; keep for full-text import. Full text was not readable through PMC or PDF import at the time of review.,abstract_review_only,unavailable,missing,,medium
pmid-15994766,15994766,PMC1168746,10.1128/JVI.79.14.8724-8731.2005,Foamy virus Bet proteins function as novel inhibitors of the APOBEC3 family of innate antiretroviral defense factors.,2005,abstract_relevant_fulltext_unavailable,Independent reread finds plausible host-pathogen mechanism or comparative pathway evidence; keep for full-text import. Full text was not readable through PMC or PDF import at the time of review.,abstract_review_only,unavailable,missing,,medium
pmid-15829920,15829920,,10.1038/nature03493,Cellular APOBEC3G restricts HIV-1 infection in resting CD4+ T cells.,2005,abstract_relevant_fulltext_unavailable,Independent reread finds plausible host-pathogen mechanism or comparative pathway evidence; keep for full-text import. Full text was not readable through PMC or PDF import at the time of review.,abstract_review_only,unavailable,missing,,medium
pmid-15778371,15778371,,10.4049/jimmunol.174.7.4120,Galectin-1 acts as a soluble host factor that promotes HIV-1 infectivity through stabilization of virus attachment to host cells.,2005,abstract_relevant_fulltext_unavailable,Independent reread confirms direct primary-virus host mechanism or interaction evidence; advance for full-text import. Full text was not readable through PMC or PDF import at the time of review.,abstract_review_only,unavailable,missing,,high
pmid-15713840,15713840,PMC548945,10.1101/gad.1267905,Genome-wide RNAi screen reveals a specific sensitivity of IRES-containing RNA viruses to host translation inhibition.,2005,abstract_relevant_fulltext_unavailable,Independent reread finds plausible host-pathogen mechanism or comparative pathway evidence; keep for full-text import. Full text was not readable through PMC or PDF import at the time of review.,abstract_review_only,unavailable,missing,,medium
pmid-15596813,15596813,PMC538701,10.1128/JVI.79.1.176-183.2005,Cyclophilin interactions with incoming human immunodeficiency virus type 1 capsids with opposing effects on infectivity in human cells.,2005,abstract_relevant_fulltext_unavailable,Independent reread finds plausible host-pathogen mechanism or comparative pathway evidence; keep for full-text import. Full text was not readable through PMC or PDF import at the time of review.,abstract_review_only,unavailable,missing,,medium
pmid-15581898,15581898,,10.1016/j.jmb.2004.10.067,APOBEC3G ubiquitination by Nedd4-1 favors its packaging into HIV-1 particles.,2005,abstract_relevant_fulltext_unavailable,Independent reread finds plausible host-pathogen mechanism or comparative pathway evidence; keep for full-text import. Full text was not readable through PMC or PDF import at the time of review.,abstract_review_only,unavailable,missing,,medium
pmid-15479848,15479848,PMC523284,10.1128/JVI.78.21.12066-12070.2004,Selection for loss of Ref1 activity in human cells releases human immunodeficiency virus type 1 from cyclophilin A dependence during infection.,2004,abstract_relevant_fulltext_unavailable,Independent reread finds plausible host-pathogen mechanism or comparative pathway evidence; keep for full-text import. Full text was not readable through PMC or PDF import at the time of review.,abstract_review_only,unavailable,missing,,medium
pmid-15249690,15249690,PMC490012,10.1073/pnas.0402876101,Trim5alpha protein restricts both HIV-1 and murine leukemia virus.,2004,abstract_relevant_fulltext_unavailable,Independent reread finds plausible host-pathogen mechanism or comparative pathway evidence; keep for full-text import. Full text was not readable through PMC or PDF import at the time of review.,abstract_review_only,unavailable,missing,,medium
pmid-15249687,15249687,PMC490011,10.1073/pnas.0402474101,The human and African green monkey TRIM5alpha genes encode Ref1 and Lv1 retroviral restriction factor activities.,2004,abstract_relevant_fulltext_unavailable,Independent reread finds plausible host-pathogen mechanism or comparative pathway evidence; keep for full-text import. Full text was not readable through PMC or PDF import at the time of review.,abstract_review_only,unavailable,missing,,medium
pmid-15208447,15208447,PMC1370602,10.1261/rna.5263904,A novel function for Sam68: enhancement of HIV-1 RNA 3' end processing.,2004,abstract_relevant_fulltext_unavailable,Independent reread finds plausible host-pathogen mechanism or comparative pathway evidence; keep for full-text import. Full text was not readable through PMC or PDF import at the time of review.,abstract_review_only,unavailable,missing,,medium
pmid-15141007,15141007,PMC415831,10.1128/JVI.78.11.6073-6076.2004,Human APOBEC3F is another host factor that blocks human immunodeficiency virus type 1 replication.,2004,abstract_relevant_fulltext_unavailable,Independent reread confirms direct primary-virus host mechanism or interaction evidence; advance for full-text import. Full text was not readable through PMC or PDF import at the time of review.,abstract_review_only,unavailable,missing,,high
pmid-15064363,15064363,PMC390370,10.1093/nar/gkh519,"Ded1p, a conserved DExD/H-box translation factor, can promote yeast L-A virus negative-strand RNA synthesis in vitro.",2004,abstract_relevant_fulltext_unavailable,Independent reread finds plausible host-pathogen mechanism or comparative pathway evidence; keep for full-text import. Full text was not readable through PMC or PDF import at the time of review.,abstract_review_only,unavailable,missing,,medium
pmid-15057887,15057887,,10.1002/hep.20139,Host factors and failure of interferon-alpha treatment in hepatitis C virus.,2004,abstract_relevant_fulltext_unavailable,Independent reread confirms direct primary-virus host mechanism or interaction evidence; advance for full-text import. Full text was not readable through PMC or PDF import at the time of review.,abstract_review_only,unavailable,missing,,high
pmid-15013426,15013426,,10.1016/j.bbrc.2004.01.023,The Vif protein of human immunodeficiency virus type 1 is posttranslationally modified by ubiquitin.,2004,abstract_relevant_fulltext_unavailable,Independent reread confirms direct primary-virus host mechanism or interaction evidence; advance for full-text import. Full text was not readable through PMC or PDF import at the time of review.,abstract_review_only,unavailable,missing,,high
pmid-14963118,14963118,PMC369229,10.1128/jvi.78.5.2222-2231.2004,Specificity of interaction of INI1/hSNF5 with retroviral integrases and its functional significance.,2004,abstract_relevant_fulltext_unavailable,Independent reread finds plausible host-pathogen mechanism or comparative pathway evidence; keep for full-text import. Full text was not readable through PMC or PDF import at the time of review.,abstract_review_only,unavailable,missing,,medium
pmid-14685242,14685242,,10.1038/nature02171,The gene product Murr1 restricts HIV-1 replication in resting CD4+ lymphocytes.,2003,abstract_relevant_fulltext_unavailable,Independent reread finds plausible host-pathogen mechanism or comparative pathway evidence; keep for full-text import. Full text was not readable through PMC or PDF import at the time of review.,abstract_review_only,unavailable,missing,,medium
pmid-14671320,14671320,PMC307642,10.1073/pnas.2536857100,"Systematic, genome-wide identification of host genes affecting replication of a positive-strand RNA virus.",2003,abstract_relevant_fulltext_unavailable,Independent reread finds plausible host-pathogen mechanism or comparative pathway evidence; keep for full-text import. Full text was not readable through PMC or PDF import at the time of review.,abstract_review_only,unavailable,missing,,medium
pmid-14517076,14517076,,10.1016/s0042-6822(03)00400-8,Control of HIV-1 env RNA splicing and transport: investigating the role of hnRNP A1 in exon splicing silencer (ESS3a) function.,2003,abstract_relevant_fulltext_unavailable,Independent reread finds plausible host-pathogen mechanism or comparative pathway evidence; keep for full-text import. Full text was not readable through PMC or PDF import at the time of review.,abstract_review_only,unavailable,missing,,medium
pmid-12897779,12897779,,10.1038/nm910,Cyclophilin A modulates the sensitivity of HIV-1 to host restriction factors.,2003,abstract_relevant_fulltext_unavailable,Independent reread finds plausible host-pathogen mechanism or comparative pathway evidence; keep for full-text import. Full text was not readable through PMC or PDF import at the time of review.,abstract_review_only,unavailable,missing,,medium
pmid-12154231,12154231,PMC129369,10.1073/pnas.172384599,Restriction of lentivirus in monkeys.,2002,abstract_relevant_fulltext_unavailable,Independent reread finds plausible host-pathogen mechanism or comparative pathway evidence; keep for full-text import. Full text was not readable through PMC or PDF import at the time of review.,abstract_review_only,unavailable,missing,,medium
pmid-11861846,11861846,PMC135952,10.1128/jvi.76.6.2789-2795.2002,In vivo interference of Rous sarcoma virus budding by cis expression of a WW domain.,2002,abstract_relevant_fulltext_unavailable,Independent reread finds plausible host-pathogen mechanism or comparative pathway evidence; keep for full-text import. Full text was not readable through PMC or PDF import at the time of review.,abstract_review_only,unavailable,missing,,medium
pmid-11544326,11544326,,10.4049/jimmunol.167.6.3360,Synergistic induction of apoptosis in primary CD4(+) T cells by macrophage-tropic HIV-1 and TGF-beta1.,2001,abstract_relevant_fulltext_unavailable,Independent reread finds plausible host-pathogen mechanism or comparative pathway evidence; keep for full-text import. Full text was not readable through PMC or PDF import at the time of review.,abstract_review_only,unavailable,missing,,medium
pmid-9581891,9581891,,,The HIV type 1 coreceptor CCR5 and its role in viral transmission and disease progression.,1998,abstract_relevant_fulltext_unavailable,Independent reread finds plausible host-pathogen mechanism or comparative pathway evidence; keep for full-text import. Full text was not readable through PMC or PDF import at the time of review.,abstract_review_only,unavailable,missing,,medium
pmid-9294203,9294203,PMC23355,10.1073/pnas.94.19.10289,Severe genital herpes infections in HIV-infected individuals with impaired herpes simplex virus-specific CD8+ cytotoxic T lymphocyte responses.,1997,abstract_relevant_fulltext_unavailable,Independent reread finds plausible host-pathogen mechanism or comparative pathway evidence; keep for full-text import. Full text was not readable through PMC or PDF import at the time of review.,abstract_review_only,unavailable,missing,,medium
pmid-8875615,8875615,,,Mechanism of translation initiation on hepatitis C virus RNA.,1995,abstract_relevant_fulltext_unavailable,Independent reread finds plausible host-pathogen mechanism or comparative pathway evidence; keep for full-text import. Full text was not readable through PMC or PDF import at the time of review.,abstract_review_only,unavailable,missing,,medium
