paper_id,pmid,pmcid,doi,title,fulltext_access_route,fulltext_xml_url,fulltext_pdf_url,pmc_access_status,pmc_parse_status,pdf_needed,pdf_import_status,normalized_path,notes
pmid-42653655,42653655,PMC13516239,10.3390/ph19081154,Thymoquinone Potentiates Docetaxel-Induced Antitumor Activity with the Involvement of ROS and PI3K/AKT Pathway Modulation in Triple-Negative Breast Cancer Cells.,ncbi_pmc_xml,,,available,usable,no,not_attempted,/Users/xingmeng/.openclaw/workspaces/staff-scientist-ideker/agent_LiteratureDueDiligence/runs/pi3k_alpha_inhibition_resistance_review_20260830/Phase1_PubmedCollection/passes/pass_001/artifacts/fulltext_import/PMC_XML/normalized/PMC13516239.json,PMCID resolved from NCBI idconv. NCBI PMC XML downloaded and normalized.
pmid-42640608,42640608,,10.1080/1354750X.2026.2715050,"Integrated molecular, epigenetic, microbial and liquid biopsy biomarkers in colorectal cancer: implications for prognosis and precision therapy.",none,,,missing,not_attempted,yes,missing,,No NCBI PMCID found. Alternate open-access lookup is deferred during PMC-learning to keep early full-text import focused and fast.
pmid-42635598,42635598,,10.1158/1078-0432.CCR-26-1816,"Elacestrant in Combination with Everolimus for Estrogen Receptor-Positive, HER2-Negative Previously Treated Advanced Breast Cancer: Results from ELEVATE.",none,,,missing,not_attempted,yes,missing,,No NCBI PMCID found. Alternate open-access lookup is deferred during PMC-learning to keep early full-text import focused and fast.
pmid-42575435,42575435,,10.1016/j.jbc.2026.113426,Insulin receptor substrate 2 (IRS2) confers resistance to PI3K pathway inhibition in PIK3CA mutant breast cancer.,none,,,missing,not_attempted,yes,missing,,No NCBI PMCID found. Alternate open-access lookup is deferred during PMC-learning to keep early full-text import focused and fast.
pmid-42513228,42513228,PMC13415029,10.3390/molecules31142551,"Breast Cancer: Epidemiology, Molecular Classification, Diagnostics and Evolving Treatment Paradigms.",ncbi_pmc_xml,,,available,usable,no,not_attempted,/Users/xingmeng/.openclaw/workspaces/staff-scientist-ideker/agent_LiteratureDueDiligence/runs/pi3k_alpha_inhibition_resistance_review_20260830/Phase1_PubmedCollection/passes/pass_001/artifacts/fulltext_import/PMC_XML/normalized/PMC13415029.json,PMCID resolved from NCBI idconv. NCBI PMC XML downloaded and normalized.
pmid-42509693,42509693,,10.2174/0115748928444498260516065557,Innovative Therapeutic Strategies for Hormone-sensitive Breast Cancer: A Patent Landscape Review.,none,,,missing,not_attempted,yes,missing,,No NCBI PMCID found. Alternate open-access lookup is deferred during PMC-learning to keep early full-text import focused and fast.
pmid-42505223,42505223,PMC13409238,10.3390/curroncol33070421,"Evolving First-Line Endocrine Therapy in HR+/HER2- Metastatic Breast Cancer: CDK4/6 Inhibition, Biomarker-Guided Strategies and Emerging Therapeutic Paradigms.",ncbi_pmc_xml,,,available,usable,no,not_attempted,/Users/xingmeng/.openclaw/workspaces/staff-scientist-ideker/agent_LiteratureDueDiligence/runs/pi3k_alpha_inhibition_resistance_review_20260830/Phase1_PubmedCollection/passes/pass_001/artifacts/fulltext_import/PMC_XML/normalized/PMC13409238.json,PMCID resolved from NCBI idconv. NCBI PMC XML downloaded and normalized.
pmid-42500590,42500590,PMC13397341,10.32604/or.2026.085387,Research Advances in Drug Resistance Mechanisms to Anti-HER2 Therapy in HER2-Positive Breast Cancer.,ncbi_pmc_xml,,,available,usable,no,not_attempted,/Users/xingmeng/.openclaw/workspaces/staff-scientist-ideker/agent_LiteratureDueDiligence/runs/pi3k_alpha_inhibition_resistance_review_20260830/Phase1_PubmedCollection/passes/pass_001/artifacts/fulltext_import/PMC_XML/normalized/PMC13397341.json,PMCID resolved from NCBI idconv. NCBI PMC XML downloaded and normalized.
pmid-42499691,42499691,PMC13399991,10.1159/000552643,Comprehensive Liquid Biopsy Testing in Metastatic Hormone Receptor-Positive HER2-Negative Breast Cancer Patients: First Results from Routine Clinical Practice.,ncbi_pmc_xml,,,missing,unusable,yes,missing,,PMCID resolved from NCBI idconv. PMC XML body element is missing. Unusable XML deleted from run artifacts.
pmid-42494592,42494592,PMC13391319,10.3389/fonc.2026.1781401,Clinical features and treatment challenges of HER2-positive primary breast squamous cell carcinoma: a case report and literature review.,ncbi_pmc_xml,,,available,usable,no,not_attempted,/Users/xingmeng/.openclaw/workspaces/staff-scientist-ideker/agent_LiteratureDueDiligence/runs/pi3k_alpha_inhibition_resistance_review_20260830/Phase1_PubmedCollection/passes/pass_001/artifacts/fulltext_import/PMC_XML/normalized/PMC13391319.json,PMCID resolved from NCBI idconv. NCBI PMC XML downloaded and normalized.
pmid-42461627,42461627,PMC13377389,10.1001/jamanetworkopen.2026.23522,Novel Immunotherapy Agents in Early-Phase Trials for Head and Neck Cancer.,ncbi_pmc_xml,,,available,usable,no,not_attempted,/Users/xingmeng/.openclaw/workspaces/staff-scientist-ideker/agent_LiteratureDueDiligence/runs/pi3k_alpha_inhibition_resistance_review_20260830/Phase1_PubmedCollection/passes/pass_001/artifacts/fulltext_import/PMC_XML/normalized/PMC13377389.json,PMCID resolved from NCBI idconv. NCBI PMC XML downloaded and normalized.
pmid-42456830,42456830,,10.1016/j.bcp.2026.118262,"Core genes drive treatment resistance in triple-negative breast cancer: characteristics, mechanisms, intervention strategies.",none,,,missing,not_attempted,yes,missing,,No NCBI PMCID found. Alternate open-access lookup is deferred during PMC-learning to keep early full-text import focused and fast.
pmid-42456541,42456541,,10.1016/j.ejca.2026.116936,"Coexisting driver alterations in non-small cell lung cancer: Prevalence, clonal architecture, and impact on survival and progression.",none,,,missing,not_attempted,yes,missing,,No NCBI PMCID found. Alternate open-access lookup is deferred during PMC-learning to keep early full-text import focused and fast.
pmid-42449589,42449589,PMC13360249,10.3390/cancers18132042,A Real-World Study on the Effectiveness and Safety of Elacestrant in Patients with ESR1-Mutated Metastatic Breast Cancer Progressing After CDK4/6 Inhibitors and Endocrine Therapy.,ncbi_pmc_xml,,,available,usable,no,not_attempted,/Users/xingmeng/.openclaw/workspaces/staff-scientist-ideker/agent_LiteratureDueDiligence/runs/pi3k_alpha_inhibition_resistance_review_20260830/Phase1_PubmedCollection/passes/pass_001/artifacts/fulltext_import/PMC_XML/normalized/PMC13360249.json,PMCID resolved from NCBI idconv. NCBI PMC XML downloaded and normalized.
pmid-42445743,42445743,PMC13361340,10.2147/DDDT.S611371,Precision Endocrine-Based Combinations After CDK4/6 Inhibitor Progression in HR-Positive Metastatic Breast Cancer.,ncbi_pmc_xml,,,available,usable,no,not_attempted,/Users/xingmeng/.openclaw/workspaces/staff-scientist-ideker/agent_LiteratureDueDiligence/runs/pi3k_alpha_inhibition_resistance_review_20260830/Phase1_PubmedCollection/passes/pass_001/artifacts/fulltext_import/PMC_XML/normalized/PMC13361340.json,PMCID resolved from NCBI idconv. NCBI PMC XML downloaded and normalized.
pmid-42421540,42421540,,10.1080/07357907.2026.2696797,"Systematic Investigation of Key Drivers of Lung Adenocarcinoma: A Focus on Genes, Pathways, and miRNAs.",none,,,missing,not_attempted,yes,missing,,No NCBI PMCID found. Alternate open-access lookup is deferred during PMC-learning to keep early full-text import focused and fast.
pmid-42405409,42405409,,10.2174/0113895575463121260609115219,Medicinal Chemistry Perspectives on Molecular Targets and Targeted Therapeutic Strategies in Breast Cancer.,none,,,missing,not_attempted,yes,missing,,No NCBI PMCID found. Alternate open-access lookup is deferred during PMC-learning to keep early full-text import focused and fast.
pmid-42396524,42396524,PMC13321338,10.21203/rs.3.rs-10011569/v1,Alirocumab Plus Cemiplimab in Immunorefractory NSCLC: A Single Arm Phase 2 Study.,ncbi_pmc_xml,,,available,usable,no,not_attempted,/Users/xingmeng/.openclaw/workspaces/staff-scientist-ideker/agent_LiteratureDueDiligence/runs/pi3k_alpha_inhibition_resistance_review_20260830/Phase1_PubmedCollection/passes/pass_001/artifacts/fulltext_import/PMC_XML/normalized/PMC13321338.json,PMCID resolved from NCBI idconv. NCBI PMC XML downloaded and normalized.
pmid-42391607,42391607,PMC13451091,10.1093/oncolo/oyag242,Molecular tumor board-guided osimertinib therapy in EGFR L858R/Q701L-mutant lung adenocarcinoma supported by functional validation.,ncbi_pmc_xml,,,available,usable,no,not_attempted,/Users/xingmeng/.openclaw/workspaces/staff-scientist-ideker/agent_LiteratureDueDiligence/runs/pi3k_alpha_inhibition_resistance_review_20260830/Phase1_PubmedCollection/passes/pass_001/artifacts/fulltext_import/PMC_XML/normalized/PMC13451091.json,PMCID resolved from NCBI idconv. NCBI PMC XML downloaded and normalized.
pmid-42388639,42388639,PMC13318736,10.3389/fonc.2026.1844982,Case Report: Neoadjuvant chemoimmunotherapy achieving pathological complete response in two cases of stage III EGFR-mutant NSCLC with high PD-L1 expression.,ncbi_pmc_xml,,,available,usable,no,not_attempted,/Users/xingmeng/.openclaw/workspaces/staff-scientist-ideker/agent_LiteratureDueDiligence/runs/pi3k_alpha_inhibition_resistance_review_20260830/Phase1_PubmedCollection/passes/pass_001/artifacts/fulltext_import/PMC_XML/normalized/PMC13318736.json,PMCID resolved from NCBI idconv. NCBI PMC XML downloaded and normalized.
pmid-42351448,42351448,PMC13298351,10.3390/diagnostics16121790,"Post-CDK4/6 Inhibitor Therapeutic Approaches in Hormone Receptor-Positive, HER2-Negative Metastatic Breast Cancer: Current Evidence and Emerging Strategies-A Narrative Review.",ncbi_pmc_xml,,,available,usable,no,not_attempted,/Users/xingmeng/.openclaw/workspaces/staff-scientist-ideker/agent_LiteratureDueDiligence/runs/pi3k_alpha_inhibition_resistance_review_20260830/Phase1_PubmedCollection/passes/pass_001/artifacts/fulltext_import/PMC_XML/normalized/PMC13298351.json,PMCID resolved from NCBI idconv. NCBI PMC XML downloaded and normalized.
pmid-42341421,42341421,,10.1016/j.bbrc.2026.154189,Functional characterization of PIK3CA E545A mutation in MCF-7 breast cancer cells reveals enhanced proliferation and resistance to Alpelisib.,none,,,missing,not_attempted,yes,missing,,No NCBI PMCID found. Alternate open-access lookup is deferred during PMC-learning to keep early full-text import focused and fast.
pmid-42339469,42339469,PMC13286564,10.1159/000552044,Use of Next-Generation Sequencing for Highly Endocrine-Sensitive Metastatic Breast Cancer to Inform Late-Phase Treatments with Sustained Response: A Case Report.,ncbi_pmc_xml,,,available,usable,no,not_attempted,/Users/xingmeng/.openclaw/workspaces/staff-scientist-ideker/agent_LiteratureDueDiligence/runs/pi3k_alpha_inhibition_resistance_review_20260830/Phase1_PubmedCollection/passes/pass_001/artifacts/fulltext_import/PMC_XML/normalized/PMC13286564.json,PMCID resolved from NCBI idconv. NCBI PMC XML downloaded and normalized.
pmid-42323696,42323696,,10.1186/s13058-026-02324-6,Impact of somatic PIK3CA mutations on clinical outcomes in HER2-positive breast cancer.,none,,,missing,not_attempted,yes,missing,,No NCBI PMCID found. Alternate open-access lookup is deferred during PMC-learning to keep early full-text import focused and fast.
pmid-42312509,42312509,,10.2174/0113816128473617260609100900,Glycycoumarin Induces G2/M Cell Cycle Arrest and Apoptosis in Non-Small-Cell Lung Cancer Cells via Suppressing the PI3K/AKT/mTOR/HIF-1α Pathway.,none,,,missing,not_attempted,yes,missing,,No NCBI PMCID found. Alternate open-access lookup is deferred during PMC-learning to keep early full-text import focused and fast.
pmid-42310133,42310133,,10.1038/s41598-026-57604-0,"Multitargeted comparative evaluation suggests 2-Aoeobenoxmide shows favourable in silico binding compared to Tucatinib against ERα, HER2, AKT1, EGFR, and PIK3CA in breast cancer.",none,,,missing,not_attempted,yes,missing,,No NCBI PMCID found. Alternate open-access lookup is deferred during PMC-learning to keep early full-text import focused and fast.
pmid-42307901,42307901,,10.1097/CAD.0000000000001831,Inavolisib and lenvatinib for PIK3CA-mutated refractory splenic angiosarcoma: a case report.,none,,,missing,not_attempted,yes,missing,,No NCBI PMCID found. Alternate open-access lookup is deferred during PMC-learning to keep early full-text import focused and fast.
pmid-42286162,42286162,PMC13338215,10.1038/s41598-026-57722-9,"Identification of PI3K alpha inhibitors through large-scale virtual screening and integrated molecular modeling, biophysical characterization, and ADMET profiling.",ncbi_pmc_xml,,,available,usable,no,not_attempted,/Users/xingmeng/.openclaw/workspaces/staff-scientist-ideker/agent_LiteratureDueDiligence/runs/pi3k_alpha_inhibition_resistance_review_20260830/Phase1_PubmedCollection/passes/pass_001/artifacts/fulltext_import/PMC_XML/normalized/PMC13338215.json,PMCID resolved from NCBI idconv. NCBI PMC XML downloaded and normalized.
pmid-42237450,42237450,PMC13397232,10.1002/ijc.70545,Landscape of Chinese Lung Cancer Patients With Compound Mutations and Acquired Resistance Alterations: A Retrospective Study.,ncbi_pmc_xml,,,missing,unusable,yes,missing,,PMCID resolved from NCBI idconv. PMC XML body element is missing. Unusable XML deleted from run artifacts.
pmid-42227554,42227554,,10.2174/0115665240410323260312134205,The Mutational Landscape of Angiosarcoma: Challenges and Opportunities to Design Management Strategies.,none,,,missing,not_attempted,yes,missing,,No NCBI PMCID found. Alternate open-access lookup is deferred during PMC-learning to keep early full-text import focused and fast.
pmid-42194764,42194764,PMC13207011,10.3390/jcm15103803,Capivasertib as a Therapeutic Agent for Breast Cancer: Targeting AKT to Overcome Endocrine Resistance.,ncbi_pmc_xml,,,available,usable,no,not_attempted,/Users/xingmeng/.openclaw/workspaces/staff-scientist-ideker/agent_LiteratureDueDiligence/runs/pi3k_alpha_inhibition_resistance_review_20260830/Phase1_PubmedCollection/passes/pass_001/artifacts/fulltext_import/PMC_XML/normalized/PMC13207011.json,PMCID resolved from NCBI idconv. NCBI PMC XML downloaded and normalized.
pmid-42192452,42192452,PMC13214152,10.1186/s13058-026-02311-x,CDK4/6 inhibitors rechallenge post-progression in HR-positive HER2-negative advanced/metastatic breast cancer patients: a meta-analysis of Kaplan-Meier-reconstructed individual-level data.,ncbi_pmc_xml,,,available,usable,no,not_attempted,/Users/xingmeng/.openclaw/workspaces/staff-scientist-ideker/agent_LiteratureDueDiligence/runs/pi3k_alpha_inhibition_resistance_review_20260830/Phase1_PubmedCollection/passes/pass_001/artifacts/fulltext_import/PMC_XML/normalized/PMC13214152.json,PMCID resolved from NCBI idconv. NCBI PMC XML downloaded and normalized.
pmid-42180974,42180974,PMC13190948,10.21037/tcr-2025-1-2681,Identifying research gaps in PIK3CA-mutant breast cancer: a bibliometric analysis of evolving trends and clinical applications.,ncbi_pmc_xml,,,available,usable,no,not_attempted,/Users/xingmeng/.openclaw/workspaces/staff-scientist-ideker/agent_LiteratureDueDiligence/runs/pi3k_alpha_inhibition_resistance_review_20260830/Phase1_PubmedCollection/passes/pass_001/artifacts/fulltext_import/PMC_XML/normalized/PMC13190948.json,PMCID resolved from NCBI idconv. NCBI PMC XML downloaded and normalized.
pmid-42176127,42176127,,10.1007/s11033-026-11971-z,"Somatic mutation profiling by NGS-based liquid biopsy in advanced non-small cell lung cancer: frequency, clinical correlates, and prognostic significance.",none,,,missing,not_attempted,yes,missing,,No NCBI PMCID found. Alternate open-access lookup is deferred during PMC-learning to keep early full-text import focused and fast.
pmid-42164355,42164355,PMC13184214,10.21037/tau-2026-1-0010,Variant allele frequency as a potential marker in response to frontline systemic therapy for patients with locally advanced and metastatic urothelial carcinoma.,ncbi_pmc_xml,,,available,usable,no,not_attempted,/Users/xingmeng/.openclaw/workspaces/staff-scientist-ideker/agent_LiteratureDueDiligence/runs/pi3k_alpha_inhibition_resistance_review_20260830/Phase1_PubmedCollection/passes/pass_001/artifacts/fulltext_import/PMC_XML/normalized/PMC13184214.json,PMCID resolved from NCBI idconv. NCBI PMC XML downloaded and normalized.
pmid-42152370,42152370,PMC13183117,10.1097/MD.0000000000048622,PIK3CA mutation detection by circulating tumor cell sequencing guides the effective PI3K inhibitor treatment of a patient with hormone receptor-positive breast cancer transformed into triple-negative breast cancer: A case report.,ncbi_pmc_xml,,,available,usable,no,not_attempted,/Users/xingmeng/.openclaw/workspaces/staff-scientist-ideker/agent_LiteratureDueDiligence/runs/pi3k_alpha_inhibition_resistance_review_20260830/Phase1_PubmedCollection/passes/pass_001/artifacts/fulltext_import/PMC_XML/normalized/PMC13183117.json,PMCID resolved from NCBI idconv. NCBI PMC XML downloaded and normalized.
pmid-42151561,42151561,PMC13427743,10.1038/s41416-026-03438-6,Clinico-molecular predictors of durable response to immune checkpoint inhibitors (ICI) in metastatic cervical cancer (mCC).,ncbi_pmc_xml,,,available,usable,no,not_attempted,/Users/xingmeng/.openclaw/workspaces/staff-scientist-ideker/agent_LiteratureDueDiligence/runs/pi3k_alpha_inhibition_resistance_review_20260830/Phase1_PubmedCollection/passes/pass_001/artifacts/fulltext_import/PMC_XML/normalized/PMC13427743.json,PMCID resolved from NCBI idconv. NCBI PMC XML downloaded and normalized.
pmid-42147347,42147347,PMC13171783,10.3389/fphar.2026.1807304,Common oncogenic mutations in colorectal cancer: drivers of carcinogenesis and potential therapeutic targets.,ncbi_pmc_xml,,,available,usable,no,not_attempted,/Users/xingmeng/.openclaw/workspaces/staff-scientist-ideker/agent_LiteratureDueDiligence/runs/pi3k_alpha_inhibition_resistance_review_20260830/Phase1_PubmedCollection/passes/pass_001/artifacts/fulltext_import/PMC_XML/normalized/PMC13171783.json,PMCID resolved from NCBI idconv. NCBI PMC XML downloaded and normalized.
pmid-42137335,42137335,PMC13168110,10.3389/fphar.2026.1779073,Modulation of the PI3K/Akt signaling pathway by steroidal saponins: therapeutic implications in cancer.,ncbi_pmc_xml,,,available,usable,no,not_attempted,/Users/xingmeng/.openclaw/workspaces/staff-scientist-ideker/agent_LiteratureDueDiligence/runs/pi3k_alpha_inhibition_resistance_review_20260830/Phase1_PubmedCollection/passes/pass_001/artifacts/fulltext_import/PMC_XML/normalized/PMC13168110.json,PMCID resolved from NCBI idconv. NCBI PMC XML downloaded and normalized.
pmid-42127863,42127863,,10.1016/j.oraloncology.2026.108004,Efficacy of buparlisib according to PIK3CA mutation status in recurrent or metastatic head and neck squamous cell carcinoma: A multicenter phase II trial.,none,,,missing,not_attempted,yes,missing,,No NCBI PMCID found. Alternate open-access lookup is deferred during PMC-learning to keep early full-text import focused and fast.
pmid-42122186,42122186,PMC13163086,10.3390/cancers18091390,Genomic Predictors of Platinum Resistance and Survival in High-Grade Serous Ovarian Carcinoma: Insights from an Explorative Targeted Next-Generation Sequencing Analysis.,ncbi_pmc_xml,,,available,usable,no,not_attempted,/Users/xingmeng/.openclaw/workspaces/staff-scientist-ideker/agent_LiteratureDueDiligence/runs/pi3k_alpha_inhibition_resistance_review_20260830/Phase1_PubmedCollection/passes/pass_001/artifacts/fulltext_import/PMC_XML/normalized/PMC13163086.json,PMCID resolved from NCBI idconv. NCBI PMC XML downloaded and normalized.
pmid-42108204,42108204,PMC13264505,10.1097/CMR.0000000000001103,Novel uveal melanoma patient-derived cell line and organoid models show increased treatment resistance compared with commercially available cell lines.,ncbi_pmc_xml,,,available,usable,no,not_attempted,/Users/xingmeng/.openclaw/workspaces/staff-scientist-ideker/agent_LiteratureDueDiligence/runs/pi3k_alpha_inhibition_resistance_review_20260830/Phase1_PubmedCollection/passes/pass_001/artifacts/fulltext_import/PMC_XML/normalized/PMC13264505.json,PMCID resolved from NCBI idconv. NCBI PMC XML downloaded and normalized.
pmid-42099435,42099435,PMC13148109,10.64898/2026.04.24.720709,Insulin receptor substrate 2 (IRS2) confers resistance to PI3K pathway inhibition in PIK3CA mutant breast cancer.,ncbi_pmc_xml,,,missing,unusable,yes,missing,,PMCID resolved from NCBI idconv. PMC XML body element is missing. Unusable XML deleted from run artifacts.
pmid-42082487,42082487,PMC13347040,10.1038/s41467-026-72544-z,Targeting FGFR signaling overcomes therapeutic resistance and immune evasion in oncogenic PIK3CA-driven serous-like endometrial cancer.,ncbi_pmc_xml,,,available,usable,no,not_attempted,/Users/xingmeng/.openclaw/workspaces/staff-scientist-ideker/agent_LiteratureDueDiligence/runs/pi3k_alpha_inhibition_resistance_review_20260830/Phase1_PubmedCollection/passes/pass_001/artifacts/fulltext_import/PMC_XML/normalized/PMC13347040.json,PMCID resolved from NCBI idconv. NCBI PMC XML downloaded and normalized.
pmid-42061572,42061572,,10.1016/j.jtho.2026.103894,Long-Term Impact of First-Line Amivantamab Plus Lazertinib Versus Osimertinib on Mechanisms of Acquired Resistance in MARIPOSA: A Brief Report.,none,,,missing,not_attempted,yes,missing,,No NCBI PMCID found. Alternate open-access lookup is deferred during PMC-learning to keep early full-text import focused and fast.
pmid-41999452,41999452,PMC13091897,10.1007/s11864-026-01391-3,Beyond CDK4/6 Inhibition: Current Strategies in Hormone Receptor-Positive Metastatic Breast Cancer.,ncbi_pmc_xml,,,available,usable,no,not_attempted,/Users/xingmeng/.openclaw/workspaces/staff-scientist-ideker/agent_LiteratureDueDiligence/runs/pi3k_alpha_inhibition_resistance_review_20260830/Phase1_PubmedCollection/passes/pass_001/artifacts/fulltext_import/PMC_XML/normalized/PMC13091897.json,PMCID resolved from NCBI idconv. NCBI PMC XML downloaded and normalized.
pmid-41989051,41989051,PMC13091980,10.1177/15330338261444965,"Economic Evaluation of Inavolisib Combined With Palbociclib-Fulvestrant for PIK3CA-Mutated, HR+/HER2- Advanced Breast Cancer in USA.",ncbi_pmc_xml,,,available,usable,no,not_attempted,/Users/xingmeng/.openclaw/workspaces/staff-scientist-ideker/agent_LiteratureDueDiligence/runs/pi3k_alpha_inhibition_resistance_review_20260830/Phase1_PubmedCollection/passes/pass_001/artifacts/fulltext_import/PMC_XML/normalized/PMC13091980.json,PMCID resolved from NCBI idconv. NCBI PMC XML downloaded and normalized.
pmid-41975188,41975188,PMC13183909,10.1038/s41419-026-08735-9,Annexin A3 potentiates lenvatinib resistance in hepatocellular carcinoma through multiple approaches amplified by a positive feedback loop.,ncbi_pmc_xml,,,available,usable,no,not_attempted,/Users/xingmeng/.openclaw/workspaces/staff-scientist-ideker/agent_LiteratureDueDiligence/runs/pi3k_alpha_inhibition_resistance_review_20260830/Phase1_PubmedCollection/passes/pass_001/artifacts/fulltext_import/PMC_XML/normalized/PMC13183909.json,PMCID resolved from NCBI idconv. NCBI PMC XML downloaded and normalized.
pmid-41934916,41934916,PMC13085011,10.1016/j.tranon.2026.102753,Synergistic effects through targeting the PI3K and IGFR pathways in treating lung cancer carrying activation alterations along the PI3K pathway.,ncbi_pmc_xml,,,available,usable,no,not_attempted,/Users/xingmeng/.openclaw/workspaces/staff-scientist-ideker/agent_LiteratureDueDiligence/runs/pi3k_alpha_inhibition_resistance_review_20260830/Phase1_PubmedCollection/passes/pass_001/artifacts/fulltext_import/PMC_XML/normalized/PMC13085011.json,PMCID resolved from NCBI idconv. NCBI PMC XML downloaded and normalized.
pmid-41932195,41932195,,10.1016/j.compbiolchem.2026.109028,Synergistic action of Yinyanghuo A and Magnograndiolide against ovarian cancer: A computational prediction of targets and mechanism via network pharmacology and molecular simulations.,none,,,missing,not_attempted,yes,missing,,No NCBI PMCID found. Alternate open-access lookup is deferred during PMC-learning to keep early full-text import focused and fast.
pmid-41925922,41925922,PMC13046609,10.1007/s10549-026-07939-z,Alpelisib and Fulvestrant in PIK3CA-mutated hormone receptor-positive HER2-negative advanced breast cancer included in the German PRAEGNANT trial.,ncbi_pmc_xml,,,available,usable,no,not_attempted,/Users/xingmeng/.openclaw/workspaces/staff-scientist-ideker/agent_LiteratureDueDiligence/runs/pi3k_alpha_inhibition_resistance_review_20260830/Phase1_PubmedCollection/passes/pass_001/artifacts/fulltext_import/PMC_XML/normalized/PMC13046609.json,PMCID resolved from NCBI idconv. NCBI PMC XML downloaded and normalized.
pmid-41902997,41902997,,10.1007/s12094-026-04314-8,The logarithmic phase as a therapeutic direction: evaluating pharmacological strategies against cancer progression.,none,,,missing,not_attempted,yes,missing,,No NCBI PMCID found. Alternate open-access lookup is deferred during PMC-learning to keep early full-text import focused and fast.
pmid-41862468,41862468,PMC13254248,10.1038/s41467-026-70650-6,Dalpiciclib plus chidamide in HR + /HER2-advanced breast cancer after CDK4/6 inhibitor failure: a phase Ib trial.,ncbi_pmc_xml,,,available,usable,no,not_attempted,/Users/xingmeng/.openclaw/workspaces/staff-scientist-ideker/agent_LiteratureDueDiligence/runs/pi3k_alpha_inhibition_resistance_review_20260830/Phase1_PubmedCollection/passes/pass_001/artifacts/fulltext_import/PMC_XML/normalized/PMC13254248.json,PMCID resolved from NCBI idconv. NCBI PMC XML downloaded and normalized.
pmid-41832434,41832434,PMC13104295,10.1186/s11658-026-00889-w,Persistent PI3K-AKT signaling fortifies cellular defense against oxidative stress and ferroptosis through augmented mitochondrial fitness.,ncbi_pmc_xml,,,available,usable,no,not_attempted,/Users/xingmeng/.openclaw/workspaces/staff-scientist-ideker/agent_LiteratureDueDiligence/runs/pi3k_alpha_inhibition_resistance_review_20260830/Phase1_PubmedCollection/passes/pass_001/artifacts/fulltext_import/PMC_XML/normalized/PMC13104295.json,PMCID resolved from NCBI idconv. NCBI PMC XML downloaded and normalized.
pmid-41806134,41806134,PMC13087067,10.1007/s12672-026-04796-6,Advancements and innovations in the molecular mechanisms and treatment of colorectal cancer.,ncbi_pmc_xml,,,available,usable,no,not_attempted,/Users/xingmeng/.openclaw/workspaces/staff-scientist-ideker/agent_LiteratureDueDiligence/runs/pi3k_alpha_inhibition_resistance_review_20260830/Phase1_PubmedCollection/passes/pass_001/artifacts/fulltext_import/PMC_XML/normalized/PMC13087067.json,PMCID resolved from NCBI idconv. NCBI PMC XML downloaded and normalized.
pmid-41802242,41802242,PMC13075786,10.1200/JCO-25-02643,VIKTORIA-1 Trial of Gedatolisib Plus Fulvestrant With or Without Palbociclib in Hormone Receptor-Positive/HER2-/PIK3CA Wild-Type Advanced Breast Cancer.,ncbi_pmc_xml,,,available,usable,no,not_attempted,/Users/xingmeng/.openclaw/workspaces/staff-scientist-ideker/agent_LiteratureDueDiligence/runs/pi3k_alpha_inhibition_resistance_review_20260830/Phase1_PubmedCollection/passes/pass_001/artifacts/fulltext_import/PMC_XML/normalized/PMC13075786.json,PMCID resolved from NCBI idconv. NCBI PMC XML downloaded and normalized.
pmid-41801973,41801973,PMC12970912,10.1371/journal.pone.0344393,Context-dependent dysregulation of store-operated calcium channels in head and neck squamous cell carcinoma.,ncbi_pmc_xml,,,available,usable,no,not_attempted,/Users/xingmeng/.openclaw/workspaces/staff-scientist-ideker/agent_LiteratureDueDiligence/runs/pi3k_alpha_inhibition_resistance_review_20260830/Phase1_PubmedCollection/passes/pass_001/artifacts/fulltext_import/PMC_XML/normalized/PMC12970912.json,PMCID resolved from NCBI idconv. NCBI PMC XML downloaded and normalized.
pmid-41799769,41799769,PMC12964585,10.7150/ijms.123727,Gene Mutations and Related Molecular Events in Distant Metastasis of Cervical Cancer: A Review.,ncbi_pmc_xml,,,available,usable,no,not_attempted,/Users/xingmeng/.openclaw/workspaces/staff-scientist-ideker/agent_LiteratureDueDiligence/runs/pi3k_alpha_inhibition_resistance_review_20260830/Phase1_PubmedCollection/passes/pass_001/artifacts/fulltext_import/PMC_XML/normalized/PMC12964585.json,PMCID resolved from NCBI idconv. NCBI PMC XML downloaded and normalized.
pmid-41794007,41794007,PMC12988422,10.1016/j.tranon.2026.102723,Molecular mechanisms and therapeutic targeting implications of ER/mTOR signaling axis-driven tumor progression in aggressive meningiomas.,ncbi_pmc_xml,,,available,usable,no,not_attempted,/Users/xingmeng/.openclaw/workspaces/staff-scientist-ideker/agent_LiteratureDueDiligence/runs/pi3k_alpha_inhibition_resistance_review_20260830/Phase1_PubmedCollection/passes/pass_001/artifacts/fulltext_import/PMC_XML/normalized/PMC12988422.json,PMCID resolved from NCBI idconv. NCBI PMC XML downloaded and normalized.
pmid-41785530,41785530,,10.1016/j.ygyno.2026.01.770,"Demographics, clinicopathological features, and survival outcomes of women with endometrial neuroendocrine tumors.",none,,,missing,not_attempted,yes,missing,,No NCBI PMCID found. Alternate open-access lookup is deferred during PMC-learning to keep early full-text import focused and fast.
pmid-41764610,41764610,,10.2174/0113895575418114251210151424,Inavolisib-based Combination Therapy for the Treatment of PIK3CAMutated HR+/HER2- Breast Cancer: An Overview.,none,,,missing,not_attempted,yes,missing,,No NCBI PMCID found. Alternate open-access lookup is deferred during PMC-learning to keep early full-text import focused and fast.
pmid-41756964,41756964,PMC12934813,10.64898/2026.02.16.706009,Targeting FGFR signaling overcomes therapeutic resistance and immune evasion in oncogenic PIK3CA-driven serous-like endometrial cancer.,ncbi_pmc_xml,,,missing,unusable,yes,missing,,PMCID resolved from NCBI idconv. PMC XML body element is missing. Unusable XML deleted from run artifacts.
pmid-41752918,41752918,PMC12941683,10.3390/life16020282,Deciphering the Genomic Landscape of Oropharyngeal Squamous Cell Carcinoma: Distinct Mutation Patterns in Disease.,ncbi_pmc_xml,,,available,usable,no,not_attempted,/Users/xingmeng/.openclaw/workspaces/staff-scientist-ideker/agent_LiteratureDueDiligence/runs/pi3k_alpha_inhibition_resistance_review_20260830/Phase1_PubmedCollection/passes/pass_001/artifacts/fulltext_import/PMC_XML/normalized/PMC12941683.json,PMCID resolved from NCBI idconv. NCBI PMC XML downloaded and normalized.
pmid-41690534,41690534,,10.1016/j.critrevonc.2026.105207,Beyond EGFR inhibition in head and neck squamous cell carcinoma: Overcoming resistance mechanisms and novel therapeutic frontiers.,none,,,missing,not_attempted,yes,missing,,No NCBI PMCID found. Alternate open-access lookup is deferred during PMC-learning to keep early full-text import focused and fast.
pmid-41681940,41681940,PMC12896634,10.3390/cancers18030468,Comparison Between Alpelisib Plus Endocrine Therapy and Everolimus Plus Endocrine Therapy After CDK4/6 Inhibitors Progression in Patients with PIK3CA-Mutant Metastatic Breast Cancer: A Single-Center Retrospective Study.,ncbi_pmc_xml,,,available,usable,no,not_attempted,/Users/xingmeng/.openclaw/workspaces/staff-scientist-ideker/agent_LiteratureDueDiligence/runs/pi3k_alpha_inhibition_resistance_review_20260830/Phase1_PubmedCollection/passes/pass_001/artifacts/fulltext_import/PMC_XML/normalized/PMC12896634.json,PMCID resolved from NCBI idconv. NCBI PMC XML downloaded and normalized.
pmid-41669566,41669566,PMC12885026,10.1080/19768354.2026.2625524,Proteomics and phosphoproteomics of human colorectal cancer cells lacking a specific kinase activity reveal kinase-specific compensatory responses.,ncbi_pmc_xml,,,available,usable,no,not_attempted,/Users/xingmeng/.openclaw/workspaces/staff-scientist-ideker/agent_LiteratureDueDiligence/runs/pi3k_alpha_inhibition_resistance_review_20260830/Phase1_PubmedCollection/passes/pass_001/artifacts/fulltext_import/PMC_XML/normalized/PMC12885026.json,PMCID resolved from NCBI idconv. NCBI PMC XML downloaded and normalized.
pmid-41664643,41664643,,10.1111/his.70115,Genomic and clinicopathological characteristics of low oncotype recurrent score breast cancers with subsequent metastasis.,none,,,missing,not_attempted,yes,missing,,No NCBI PMCID found. Alternate open-access lookup is deferred during PMC-learning to keep early full-text import focused and fast.
pmid-41620612,41620612,PMC12964663,10.1186/s13058-025-02152-0,Sequential use of PI3K/AKT/mTOR pathway inhibitors alpelisib and everolimus in patients with hormone receptor-positive metastatic breast cancer.,ncbi_pmc_xml,,,available,usable,no,not_attempted,/Users/xingmeng/.openclaw/workspaces/staff-scientist-ideker/agent_LiteratureDueDiligence/runs/pi3k_alpha_inhibition_resistance_review_20260830/Phase1_PubmedCollection/passes/pass_001/artifacts/fulltext_import/PMC_XML/normalized/PMC12964663.json,PMCID resolved from NCBI idconv. NCBI PMC XML downloaded and normalized.
pmid-41604817,41604817,PMC12865632,10.1016/j.esmoop.2025.105936,Clinical management of common toxicities with inhibitors targeting the PI3K/AKT/mTOR pathway in breast cancer.,ncbi_pmc_xml,,,available,usable,no,not_attempted,/Users/xingmeng/.openclaw/workspaces/staff-scientist-ideker/agent_LiteratureDueDiligence/runs/pi3k_alpha_inhibition_resistance_review_20260830/Phase1_PubmedCollection/passes/pass_001/artifacts/fulltext_import/PMC_XML/normalized/PMC12865632.json,PMCID resolved from NCBI idconv. NCBI PMC XML downloaded and normalized.
pmid-41587113,41587113,PMC13266340,10.1158/1078-0432.CCR-25-0650,"Role of ctDNA in Predicting the Outcome of Patients with Hormone Receptor-Positive, HER2-Negative Advanced Breast Cancer Treated with First-line Ribociclib and Letrozole: BioItaLEE Trial.",ncbi_pmc_xml,,,available,usable,no,not_attempted,/Users/xingmeng/.openclaw/workspaces/staff-scientist-ideker/agent_LiteratureDueDiligence/runs/pi3k_alpha_inhibition_resistance_review_20260830/Phase1_PubmedCollection/passes/pass_001/artifacts/fulltext_import/PMC_XML/normalized/PMC13266340.json,PMCID resolved from NCBI idconv. NCBI PMC XML downloaded and normalized.
pmid-41562186,41562186,PMC12820914,10.1002/gcc.70100,Molecular Landscape of TP53/RB1 Co-Altered Tumors Uncovers Emerging Therapeutic Vulnerabilities.,ncbi_pmc_xml,,,available,usable,no,not_attempted,/Users/xingmeng/.openclaw/workspaces/staff-scientist-ideker/agent_LiteratureDueDiligence/runs/pi3k_alpha_inhibition_resistance_review_20260830/Phase1_PubmedCollection/passes/pass_001/artifacts/fulltext_import/PMC_XML/normalized/PMC12820914.json,PMCID resolved from NCBI idconv. NCBI PMC XML downloaded and normalized.
pmid-41519649,41519649,,10.1016/j.euf.2025.12.016,"Subsequent-line Systemic Therapy for Metastatic or Recurrent Penile Cancer: A Systematic Review of Efficacy, Toxicity, and Outcomes.",none,,,missing,not_attempted,yes,missing,,No NCBI PMCID found. Alternate open-access lookup is deferred during PMC-learning to keep early full-text import focused and fast.
pmid-41483371,41483371,,10.1007/s12094-025-04168-6,Clinical utility of longitudinal circulating tumor DNA analysis in metastatic colorectal cancer patients receiving palliative chemotherapy.,none,,,missing,not_attempted,yes,missing,,No NCBI PMCID found. Alternate open-access lookup is deferred during PMC-learning to keep early full-text import focused and fast.
pmid-41455323,41455323,,10.1016/j.oraloncology.2025.107827,"Head and neck squamous cell carcinoma following allogeneic bone marrow transplantation: Clinical features, genomic Alterations, and limited efficacy of palliative chemotherapy.",none,,,missing,not_attempted,yes,missing,,No NCBI PMCID found. Alternate open-access lookup is deferred during PMC-learning to keep early full-text import focused and fast.
pmid-41435752,41435752,,10.1016/j.ejca.2025.116194,PIK3CA mutations and first-line outcomes in endocrine-resistant HR+/HER2- metastatic breast cancer: A multicentric real-world study.,none,,,missing,not_attempted,yes,missing,,No NCBI PMCID found. Alternate open-access lookup is deferred during PMC-learning to keep early full-text import focused and fast.
pmid-41420845,41420845,,10.1002/cbdv.202502558,Bioactivity-Guided Isolation of Cytotoxic Compounds From Curcuma caesia: In Vitro and In Silico Investigation for Oral Cancer.,none,,,missing,not_attempted,yes,missing,,No NCBI PMCID found. Alternate open-access lookup is deferred during PMC-learning to keep early full-text import focused and fast.
pmid-41384708,41384708,,10.1111/his.15555,Molecular pathology of bladder cancer.,none,,,missing,not_attempted,yes,missing,,No NCBI PMCID found. Alternate open-access lookup is deferred during PMC-learning to keep early full-text import focused and fast.
pmid-41361165,41361165,,10.1097/CJI.0000000000000587,Identification of 2 Ubiquitin-Proteasome System-Related Subtypes in Esophageal Squamous Cell Carcinoma for Prognostic and Immunotherapeutic Response Prediction.,none,,,missing,not_attempted,yes,missing,,No NCBI PMCID found. Alternate open-access lookup is deferred during PMC-learning to keep early full-text import focused and fast.
pmid-41344057,41344057,PMC12719973,10.1016/j.tranon.2025.102629,The PI3K pathway is a downstream effector of NRF2 activation in the esophagus.,ncbi_pmc_xml,,,available,usable,no,not_attempted,/Users/xingmeng/.openclaw/workspaces/staff-scientist-ideker/agent_LiteratureDueDiligence/runs/pi3k_alpha_inhibition_resistance_review_20260830/Phase1_PubmedCollection/passes/pass_001/artifacts/fulltext_import/PMC_XML/normalized/PMC12719973.json,PMCID resolved from NCBI idconv. NCBI PMC XML downloaded and normalized.
pmid-41324568,41324568,PMC12869161,10.1158/1078-0432.CCR-25-2298,Addition of Ipatasertib to Dual Anti-HER2 Maintenance Therapy in HER2-Positive Metastatic Breast Tumors with PIK3CA Mutations: The Phase Ib SOLTI-1507 IPATHER Trial.,ncbi_pmc_xml,,,available,usable,no,not_attempted,/Users/xingmeng/.openclaw/workspaces/staff-scientist-ideker/agent_LiteratureDueDiligence/runs/pi3k_alpha_inhibition_resistance_review_20260830/Phase1_PubmedCollection/passes/pass_001/artifacts/fulltext_import/PMC_XML/normalized/PMC12869161.json,PMCID resolved from NCBI idconv. NCBI PMC XML downloaded and normalized.
pmid-41207908,41207908,,10.1007/s10620-025-09471-4,Deciphering Cancer Evolution Through Genomic Profiling of Patient-Derived Xenograft Together with Matched Primary Gallbladder Cancer.,none,,,missing,not_attempted,yes,missing,,No NCBI PMCID found. Alternate open-access lookup is deferred during PMC-learning to keep early full-text import focused and fast.
pmid-40804585,40804585,,10.1007/s00428-025-04218-y,"Characterizing neurofibromin 1-altered breast cancer through genomic, functional, and clinical analyses.",none,,,missing,not_attempted,yes,missing,,No NCBI PMCID found. Alternate open-access lookup is deferred during PMC-learning to keep early full-text import focused and fast.
pmid-41503337,41503337,PMC12772933,10.7759/cureus.98637,Unveiling Novel Genetic Mutations and Prognostic Indicators in Breast Carcinoma: An Analysis of The Cancer Genome Atlas (TCGA) Data.,ncbi_pmc_xml,,,available,usable,no,not_attempted,/Users/xingmeng/.openclaw/workspaces/staff-scientist-ideker/agent_LiteratureDueDiligence/runs/pi3k_alpha_inhibition_resistance_review_20260830/Phase1_PubmedCollection/passes/pass_001/artifacts/fulltext_import/PMC_XML/normalized/PMC12772933.json,PMCID resolved from NCBI idconv. NCBI PMC XML downloaded and normalized.
pmid-41465766,41465766,PMC12734118,10.3390/life15121828,Computational Investigation Identifies mTOR as a Primary Binding Target of Medicarpin in Cholangiocarcinoma: Insights from Network Pharmacology and Molecular Docking.,ncbi_pmc_xml,,,available,usable,no,not_attempted,/Users/xingmeng/.openclaw/workspaces/staff-scientist-ideker/agent_LiteratureDueDiligence/runs/pi3k_alpha_inhibition_resistance_review_20260830/Phase1_PubmedCollection/passes/pass_001/artifacts/fulltext_import/PMC_XML/normalized/PMC12734118.json,PMCID resolved from NCBI idconv. NCBI PMC XML downloaded and normalized.
pmid-41459869,41459869,PMC13246316,10.31557/APJCP.2025.26.12.4549,Innovations in Oncology Diagnostics: Genetic Research and Liquid Biopsy as Tools of Personalised Medicine.,ncbi_pmc_xml,,,available,usable,no,not_attempted,/Users/xingmeng/.openclaw/workspaces/staff-scientist-ideker/agent_LiteratureDueDiligence/runs/pi3k_alpha_inhibition_resistance_review_20260830/Phase1_PubmedCollection/passes/pass_001/artifacts/fulltext_import/PMC_XML/normalized/PMC13246316.json,PMCID resolved from NCBI idconv. NCBI PMC XML downloaded and normalized.
pmid-41423595,41423595,PMC12829183,10.1186/s13058-025-02168-6,"Imlunestrant, an oral selective estrogen receptor degrader, in combination with HER2 directed therapy, with or without abemaciclib, in ER-positive, HER2-positive advanced breast cancer: results from the phase 1a/1b EMBER study.",ncbi_pmc_xml,,,available,usable,no,not_attempted,/Users/xingmeng/.openclaw/workspaces/staff-scientist-ideker/agent_LiteratureDueDiligence/runs/pi3k_alpha_inhibition_resistance_review_20260830/Phase1_PubmedCollection/passes/pass_001/artifacts/fulltext_import/PMC_XML/normalized/PMC12829183.json,PMCID resolved from NCBI idconv. NCBI PMC XML downloaded and normalized.
pmid-41399494,41399494,PMC12702183,10.1016/j.isci.2025.113999,Organoid platinum-resistance model identifies KRT17 as a biomarker of targeted therapy in ovarian cancer.,ncbi_pmc_xml,,,available,usable,no,not_attempted,/Users/xingmeng/.openclaw/workspaces/staff-scientist-ideker/agent_LiteratureDueDiligence/runs/pi3k_alpha_inhibition_resistance_review_20260830/Phase1_PubmedCollection/passes/pass_001/artifacts/fulltext_import/PMC_XML/normalized/PMC12702183.json,PMCID resolved from NCBI idconv. NCBI PMC XML downloaded and normalized.
pmid-41373618,41373618,PMC12692115,10.3390/ijms262311463,Targeted DNA Sequencing for Tailored Therapies in Children with Extracranial Solid Tumors.,ncbi_pmc_xml,,,available,usable,no,not_attempted,/Users/xingmeng/.openclaw/workspaces/staff-scientist-ideker/agent_LiteratureDueDiligence/runs/pi3k_alpha_inhibition_resistance_review_20260830/Phase1_PubmedCollection/passes/pass_001/artifacts/fulltext_import/PMC_XML/normalized/PMC12692115.json,PMCID resolved from NCBI idconv. NCBI PMC XML downloaded and normalized.
pmid-41372771,41372771,PMC12802272,10.1186/s13058-025-02162-y,Retrospective review of metastatic hormone receptor-positive inflammatory breast cancer patients reveals poor responses to cyclin dependent kinase 4/6 inhibition.,ncbi_pmc_xml,,,available,usable,no,not_attempted,/Users/xingmeng/.openclaw/workspaces/staff-scientist-ideker/agent_LiteratureDueDiligence/runs/pi3k_alpha_inhibition_resistance_review_20260830/Phase1_PubmedCollection/passes/pass_001/artifacts/fulltext_import/PMC_XML/normalized/PMC12802272.json,PMCID resolved from NCBI idconv. NCBI PMC XML downloaded and normalized.
pmid-41372143,41372143,PMC12770561,10.1038/s41467-025-66632-9,The PIK3CA/AKT pathway drives therapy resistance in rhabdomyosarcoma.,ncbi_pmc_xml,,,available,usable,no,not_attempted,/Users/xingmeng/.openclaw/workspaces/staff-scientist-ideker/agent_LiteratureDueDiligence/runs/pi3k_alpha_inhibition_resistance_review_20260830/Phase1_PubmedCollection/passes/pass_001/artifacts/fulltext_import/PMC_XML/normalized/PMC12770561.json,PMCID resolved from NCBI idconv. NCBI PMC XML downloaded and normalized.
pmid-41367952,41367952,PMC12682999,10.1177/17588359251396651,Genomics of ovarian cancers and the potential of precision medicine.,ncbi_pmc_xml,,,available,usable,no,not_attempted,/Users/xingmeng/.openclaw/workspaces/staff-scientist-ideker/agent_LiteratureDueDiligence/runs/pi3k_alpha_inhibition_resistance_review_20260830/Phase1_PubmedCollection/passes/pass_001/artifacts/fulltext_import/PMC_XML/normalized/PMC12682999.json,PMCID resolved from NCBI idconv. NCBI PMC XML downloaded and normalized.
pmid-41367877,41367877,PMC12682693,10.3389/fonc.2025.1676296,Caprine herpes virus-1 reduces cell viability and enhances chemosensitivity in breast cancer cells.,ncbi_pmc_xml,,,available,usable,no,not_attempted,/Users/xingmeng/.openclaw/workspaces/staff-scientist-ideker/agent_LiteratureDueDiligence/runs/pi3k_alpha_inhibition_resistance_review_20260830/Phase1_PubmedCollection/passes/pass_001/artifacts/fulltext_import/PMC_XML/normalized/PMC12682693.json,PMCID resolved from NCBI idconv. NCBI PMC XML downloaded and normalized.
pmid-41315778,41315778,PMC12663446,10.1038/s41598-025-26858-5,PIK75 effectively reverses PI3K‒AKT activation caused by palbociclib resistance and synergistically inhibits the progression of esophageal squamous cell carcinoma.,ncbi_pmc_xml,,,available,usable,no,not_attempted,/Users/xingmeng/.openclaw/workspaces/staff-scientist-ideker/agent_LiteratureDueDiligence/runs/pi3k_alpha_inhibition_resistance_review_20260830/Phase1_PubmedCollection/passes/pass_001/artifacts/fulltext_import/PMC_XML/normalized/PMC12663446.json,PMCID resolved from NCBI idconv. NCBI PMC XML downloaded and normalized.
pmid-41294853,41294853,PMC12650966,10.3390/cells14221800,"Ferroptosis in Anaplastic Thyroid Cancer: Molecular Mechanisms, Preclinical Evidence, and Therapeutic Prospects.",ncbi_pmc_xml,,,available,usable,no,not_attempted,/Users/xingmeng/.openclaw/workspaces/staff-scientist-ideker/agent_LiteratureDueDiligence/runs/pi3k_alpha_inhibition_resistance_review_20260830/Phase1_PubmedCollection/passes/pass_001/artifacts/fulltext_import/PMC_XML/normalized/PMC12650966.json,PMCID resolved from NCBI idconv. NCBI PMC XML downloaded and normalized.
pmid-41280894,41280894,PMC12631382,10.3389/fimmu.2025.1693927,Mechanistic optimization of inavolisib combined with CDK4/6 inhibitors in the treatment of PIK3CA-mutated breast tumors.,ncbi_pmc_xml,,,available,usable,no,not_attempted,/Users/xingmeng/.openclaw/workspaces/staff-scientist-ideker/agent_LiteratureDueDiligence/runs/pi3k_alpha_inhibition_resistance_review_20260830/Phase1_PubmedCollection/passes/pass_001/artifacts/fulltext_import/PMC_XML/normalized/PMC12631382.json,PMCID resolved from NCBI idconv. NCBI PMC XML downloaded and normalized.
pmid-41258151,41258151,PMC12630906,10.1038/s41598-025-24625-0,Network centric identification of PI3K/Akt hub proteins as key oncogenic drivers and therapeutic targets.,ncbi_pmc_xml,,,available,usable,no,not_attempted,/Users/xingmeng/.openclaw/workspaces/staff-scientist-ideker/agent_LiteratureDueDiligence/runs/pi3k_alpha_inhibition_resistance_review_20260830/Phase1_PubmedCollection/passes/pass_001/artifacts/fulltext_import/PMC_XML/normalized/PMC12630906.json,PMCID resolved from NCBI idconv. NCBI PMC XML downloaded and normalized.
pmid-41232383,41232383,,10.1016/j.bbrc.2025.152953,Cheminformatics-based analysis identified Novel compounds from Nelumbo nucifera as potential inhibitors targeting PI3k/Akt/mTOR Pathway of HR+/HER2- subtype for Breast Cancer.,none,,,missing,not_attempted,yes,missing,,No NCBI PMCID found. Alternate open-access lookup is deferred during PMC-learning to keep early full-text import focused and fast.
pmid-41203797,41203797,PMC12594994,10.1038/s41698-025-01106-1,"Co-clinical trial targeting ER, FGFR and CDK4/6 in resistant hormone-positive breast cancer with FGFR alterations.",ncbi_pmc_xml,,,available,usable,no,not_attempted,/Users/xingmeng/.openclaw/workspaces/staff-scientist-ideker/agent_LiteratureDueDiligence/runs/pi3k_alpha_inhibition_resistance_review_20260830/Phase1_PubmedCollection/passes/pass_001/artifacts/fulltext_import/PMC_XML/normalized/PMC12594994.json,PMCID resolved from NCBI idconv. NCBI PMC XML downloaded and normalized.
pmid-41203598,41203598,PMC12594950,10.1038/s41419-025-08045-6,The RNA N(6)-methyladenosine methylome coordinates long non-coding RNAs to mediate cancer drug resistance by activating PI3K signaling.,ncbi_pmc_xml,,,available,usable,no,not_attempted,/Users/xingmeng/.openclaw/workspaces/staff-scientist-ideker/agent_LiteratureDueDiligence/runs/pi3k_alpha_inhibition_resistance_review_20260830/Phase1_PubmedCollection/passes/pass_001/artifacts/fulltext_import/PMC_XML/normalized/PMC12594950.json,PMCID resolved from NCBI idconv. NCBI PMC XML downloaded and normalized.
pmid-41182553,41182553,PMC12583257,10.1007/s44313-025-00107-0,"Unveiling the role of microRNAs, the PI3K/AKT pathway, and their associations in various types of leukemia: a comprehensive review.",ncbi_pmc_xml,,,available,usable,no,not_attempted,/Users/xingmeng/.openclaw/workspaces/staff-scientist-ideker/agent_LiteratureDueDiligence/runs/pi3k_alpha_inhibition_resistance_review_20260830/Phase1_PubmedCollection/passes/pass_001/artifacts/fulltext_import/PMC_XML/normalized/PMC12583257.json,PMCID resolved from NCBI idconv. NCBI PMC XML downloaded and normalized.
pmid-41162674,41162674,PMC12572245,10.1038/s42003-025-08788-0,scGSDR: Harnessing gene semantics for single-cell pharmacological profiling.,ncbi_pmc_xml,,,available,usable,no,not_attempted,/Users/xingmeng/.openclaw/workspaces/staff-scientist-ideker/agent_LiteratureDueDiligence/runs/pi3k_alpha_inhibition_resistance_review_20260830/Phase1_PubmedCollection/passes/pass_001/artifacts/fulltext_import/PMC_XML/normalized/PMC12572245.json,PMCID resolved from NCBI idconv. NCBI PMC XML downloaded and normalized.
pmid-41152656,41152656,PMC12568875,10.1007/s10238-025-01889-4,FLT3LG as an inflammatory hub bridging tumor immune surveillance to therapy response in breast cancer.,ncbi_pmc_xml,,,available,usable,no,not_attempted,/Users/xingmeng/.openclaw/workspaces/staff-scientist-ideker/agent_LiteratureDueDiligence/runs/pi3k_alpha_inhibition_resistance_review_20260830/Phase1_PubmedCollection/passes/pass_001/artifacts/fulltext_import/PMC_XML/normalized/PMC12568875.json,PMCID resolved from NCBI idconv. NCBI PMC XML downloaded and normalized.
pmid-41142476,41142476,PMC12547099,10.1177/17588359251376858,SMARCA4-deficient dedifferentiated ovarian carcinoma with rapid progression during adjuvant platinum-based chemotherapy: a case report and implications for molecular-driven treatment strategies.,ncbi_pmc_xml,,,available,usable,no,not_attempted,/Users/xingmeng/.openclaw/workspaces/staff-scientist-ideker/agent_LiteratureDueDiligence/runs/pi3k_alpha_inhibition_resistance_review_20260830/Phase1_PubmedCollection/passes/pass_001/artifacts/fulltext_import/PMC_XML/normalized/PMC12547099.json,PMCID resolved from NCBI idconv. NCBI PMC XML downloaded and normalized.
pmid-41128012,41128012,PMC12547478,10.1002/cam4.71215,Molecular Characteristics and Treatment Implications of TP53 Gain-of-Function Mutations in Non-Small Cell Lung Cancer.,ncbi_pmc_xml,,,available,usable,no,not_attempted,/Users/xingmeng/.openclaw/workspaces/staff-scientist-ideker/agent_LiteratureDueDiligence/runs/pi3k_alpha_inhibition_resistance_review_20260830/Phase1_PubmedCollection/passes/pass_001/artifacts/fulltext_import/PMC_XML/normalized/PMC12547478.json,PMCID resolved from NCBI idconv. NCBI PMC XML downloaded and normalized.
pmid-41107466,41107466,PMC12534536,10.1038/s43856-025-01150-9,Discovering anticancer drug target combinations via network-informed signaling-based approach.,ncbi_pmc_xml,,,available,usable,no,not_attempted,/Users/xingmeng/.openclaw/workspaces/staff-scientist-ideker/agent_LiteratureDueDiligence/runs/pi3k_alpha_inhibition_resistance_review_20260830/Phase1_PubmedCollection/passes/pass_001/artifacts/fulltext_import/PMC_XML/normalized/PMC12534536.json,PMCID resolved from NCBI idconv. NCBI PMC XML downloaded and normalized.
pmid-41079023,41079023,PMC12514518,10.1016/j.eclinm.2025.103535,Efficacy and safety of systemic therapies following progression on CDK4/6 inhibitors in patients with HR+/HER2- metastatic breast cancer: a systematic review and network meta-analysis.,ncbi_pmc_xml,,,available,usable,no,not_attempted,/Users/xingmeng/.openclaw/workspaces/staff-scientist-ideker/agent_LiteratureDueDiligence/runs/pi3k_alpha_inhibition_resistance_review_20260830/Phase1_PubmedCollection/passes/pass_001/artifacts/fulltext_import/PMC_XML/normalized/PMC12514518.json,PMCID resolved from NCBI idconv. NCBI PMC XML downloaded and normalized.
pmid-41053651,41053651,PMC12502568,10.1186/s12885-025-15012-z,Novel anticancer effect of substituted imidazole derivatives against urothelial carcinoma: integrating In vitro screening and molecular docking for target kinases.,ncbi_pmc_xml,,,available,usable,no,not_attempted,/Users/xingmeng/.openclaw/workspaces/staff-scientist-ideker/agent_LiteratureDueDiligence/runs/pi3k_alpha_inhibition_resistance_review_20260830/Phase1_PubmedCollection/passes/pass_001/artifacts/fulltext_import/PMC_XML/normalized/PMC12502568.json,PMCID resolved from NCBI idconv. NCBI PMC XML downloaded and normalized.
pmid-41037898,41037898,PMC12523064,10.1016/j.esmoop.2025.105808,"Cyclin-dependent kinase 4/6 inhibitors beyond progression in hormone receptor-positive, HER2-negative advanced breast cancer: a systematic review and meta-analysis (REIGNITE study).",ncbi_pmc_xml,,,available,usable,no,not_attempted,/Users/xingmeng/.openclaw/workspaces/staff-scientist-ideker/agent_LiteratureDueDiligence/runs/pi3k_alpha_inhibition_resistance_review_20260830/Phase1_PubmedCollection/passes/pass_001/artifacts/fulltext_import/PMC_XML/normalized/PMC12523064.json,PMCID resolved from NCBI idconv. NCBI PMC XML downloaded and normalized.
pmid-41024108,41024108,PMC12482239,10.1186/s40164-025-00706-8,Precise regulation of RAS-Mediated PI3Kα activation: therapeutic potential of BBO-10203 in cancer treatment.,ncbi_pmc_xml,,,available,usable,no,not_attempted,/Users/xingmeng/.openclaw/workspaces/staff-scientist-ideker/agent_LiteratureDueDiligence/runs/pi3k_alpha_inhibition_resistance_review_20260830/Phase1_PubmedCollection/passes/pass_001/artifacts/fulltext_import/PMC_XML/normalized/PMC12482239.json,PMCID resolved from NCBI idconv. NCBI PMC XML downloaded and normalized.
pmid-41020523,41020523,PMC12477610,10.1093/bib/bbaf510,AdaSemb: an adaptive knowledge-driven deep learning framework integrating cancer protein assemblies for predicting PI3Kα inhibitor response and resistance.,ncbi_pmc_xml,,,available,usable,no,not_attempted,/Users/xingmeng/.openclaw/workspaces/staff-scientist-ideker/agent_LiteratureDueDiligence/runs/pi3k_alpha_inhibition_resistance_review_20260830/Phase1_PubmedCollection/passes/pass_001/artifacts/fulltext_import/PMC_XML/normalized/PMC12477610.json,PMCID resolved from NCBI idconv. NCBI PMC XML downloaded and normalized.
pmid-40991650,40991650,PMC12618074,10.1172/JCI180927,USP10/GSK3β-mediated inhibition of PTEN drives resistance to PI3K inhibitors in breast cancer.,ncbi_pmc_xml,,,available,usable,no,not_attempted,/Users/xingmeng/.openclaw/workspaces/staff-scientist-ideker/agent_LiteratureDueDiligence/runs/pi3k_alpha_inhibition_resistance_review_20260830/Phase1_PubmedCollection/passes/pass_001/artifacts/fulltext_import/PMC_XML/normalized/PMC12618074.json,PMCID resolved from NCBI idconv. NCBI PMC XML downloaded and normalized.
pmid-40930104,40930104,PMC12802574,10.1016/j.xgen.2025.100987,Detection of heterogeneous resistance mechanisms to tyrosine kinase inhibitors from cell-free DNA.,ncbi_pmc_xml,,,available,usable,no,not_attempted,/Users/xingmeng/.openclaw/workspaces/staff-scientist-ideker/agent_LiteratureDueDiligence/runs/pi3k_alpha_inhibition_resistance_review_20260830/Phase1_PubmedCollection/passes/pass_001/artifacts/fulltext_import/PMC_XML/normalized/PMC12802574.json,PMCID resolved from NCBI idconv. NCBI PMC XML downloaded and normalized.
pmid-40909965,40909965,PMC12405409,10.3389/fonc.2025.1595513,"Double trouble, managing bilateral inflammatory breast cancer: a case report.",ncbi_pmc_xml,,,available,usable,no,not_attempted,/Users/xingmeng/.openclaw/workspaces/staff-scientist-ideker/agent_LiteratureDueDiligence/runs/pi3k_alpha_inhibition_resistance_review_20260830/Phase1_PubmedCollection/passes/pass_001/artifacts/fulltext_import/PMC_XML/normalized/PMC12405409.json,PMCID resolved from NCBI idconv. NCBI PMC XML downloaded and normalized.
pmid-40819062,40819062,PMC12357851,10.1038/s41523-025-00802-2,Circulating genomic landscape following cyclin-dependent kinase 4/6 inhibitors exposure in HR + /HER2- metastatic breast cancer: a retrospective multi-institutional Consortium analysis.,ncbi_pmc_xml,,,available,usable,no,not_attempted,/Users/xingmeng/.openclaw/workspaces/staff-scientist-ideker/agent_LiteratureDueDiligence/runs/pi3k_alpha_inhibition_resistance_review_20260830/Phase1_PubmedCollection/passes/pass_001/artifacts/fulltext_import/PMC_XML/normalized/PMC12357851.json,PMCID resolved from NCBI idconv. NCBI PMC XML downloaded and normalized.
pmid-40791422,40791422,PMC12338597,10.1101/2025.07.11.664189,Tumor-initiating genetics and therapy drive divergent molecular evolution in IDH-mutant gliomas.,ncbi_pmc_xml,,,missing,unusable,yes,missing,,PMCID resolved from NCBI idconv. PMC XML body element is missing. Unusable XML deleted from run artifacts.
pmid-40761208,40761208,PMC12319610,10.21037/acr-24-67,Heterogeneity and co-occurrence of resistance mechanisms in EGFR-TKI-induced NSCLC to SCLC transformation: a case report.,ncbi_pmc_xml,,,available,usable,no,not_attempted,/Users/xingmeng/.openclaw/workspaces/staff-scientist-ideker/agent_LiteratureDueDiligence/runs/pi3k_alpha_inhibition_resistance_review_20260830/Phase1_PubmedCollection/passes/pass_001/artifacts/fulltext_import/PMC_XML/normalized/PMC12319610.json,PMCID resolved from NCBI idconv. NCBI PMC XML downloaded and normalized.
pmid-40723270,40723270,PMC12293187,10.3390/cancers17142388,Co-Occurring Genomic Alterations in NSCLC: Making Order into a Crowded List.,ncbi_pmc_xml,,,available,usable,no,not_attempted,/Users/xingmeng/.openclaw/workspaces/staff-scientist-ideker/agent_LiteratureDueDiligence/runs/pi3k_alpha_inhibition_resistance_review_20260830/Phase1_PubmedCollection/passes/pass_001/artifacts/fulltext_import/PMC_XML/normalized/PMC12293187.json,PMCID resolved from NCBI idconv. NCBI PMC XML downloaded and normalized.
pmid-40722937,40722937,PMC12291976,10.3390/antiox14070833,Serine-Driven Metabolic Plasticity Drives Adaptive Resilience in Pancreatic Cancer Cells.,ncbi_pmc_xml,,,available,usable,no,not_attempted,/Users/xingmeng/.openclaw/workspaces/staff-scientist-ideker/agent_LiteratureDueDiligence/runs/pi3k_alpha_inhibition_resistance_review_20260830/Phase1_PubmedCollection/passes/pass_001/artifacts/fulltext_import/PMC_XML/normalized/PMC12291976.json,PMCID resolved from NCBI idconv. NCBI PMC XML downloaded and normalized.
pmid-40714513,40714513,PMC12314381,10.1016/j.esmoop.2025.105506,Circulating tumor DNA mutational landscape and dynamics after progression on a CDK4/6 inhibitor in the PACE phase II trial for metastatic HR-positive/HER2-negative breast cancer.,ncbi_pmc_xml,,,available,usable,no,not_attempted,/Users/xingmeng/.openclaw/workspaces/staff-scientist-ideker/agent_LiteratureDueDiligence/runs/pi3k_alpha_inhibition_resistance_review_20260830/Phase1_PubmedCollection/passes/pass_001/artifacts/fulltext_import/PMC_XML/normalized/PMC12314381.json,PMCID resolved from NCBI idconv. NCBI PMC XML downloaded and normalized.
pmid-40705396,40705396,PMC12440240,10.1158/1078-0432.CCR-25-0201,"Durvalumab versus Physician's Choice Chemotherapy in Recurrent Ovarian Clear Cell Adenocarcinoma (MOCCA/APGOT-OV2/GCGS-OV3): A Multicenter, Randomized, Phase 2 Trial.",ncbi_pmc_xml,,,available,usable,no,not_attempted,/Users/xingmeng/.openclaw/workspaces/staff-scientist-ideker/agent_LiteratureDueDiligence/runs/pi3k_alpha_inhibition_resistance_review_20260830/Phase1_PubmedCollection/passes/pass_001/artifacts/fulltext_import/PMC_XML/normalized/PMC12440240.json,PMCID resolved from NCBI idconv. NCBI PMC XML downloaded and normalized.
pmid-40702584,40702584,PMC12288196,10.1186/s40364-025-00809-8,Multiple ctDNA- based biomarkers predict benefit from selective RET Inhibition in non-small cell lung cancer patients: exploratory analysis of a prospective study.,ncbi_pmc_xml,,,available,usable,no,not_attempted,/Users/xingmeng/.openclaw/workspaces/staff-scientist-ideker/agent_LiteratureDueDiligence/runs/pi3k_alpha_inhibition_resistance_review_20260830/Phase1_PubmedCollection/passes/pass_001/artifacts/fulltext_import/PMC_XML/normalized/PMC12288196.json,PMCID resolved from NCBI idconv. NCBI PMC XML downloaded and normalized.
pmid-40697693,40697693,PMC12278399,10.1016/j.mjafi.2024.01.006,"Heterogeneous ERBB gene pathways, their targeted treatment and possible molecular mechanisms of resistance in metastatic gallbladder cancer.",ncbi_pmc_xml,,,missing,unusable,yes,missing,,PMCID resolved from NCBI idconv. PMC XML body element is missing. Unusable XML deleted from run artifacts.
pmid-40686734,40686734,PMC12276056,10.1155/crog/1319978,Treatment of Ovarian Clear Cell Carcinoma: A Case of Successful Management With Targeted Therapies.,ncbi_pmc_xml,,,available,usable,no,not_attempted,/Users/xingmeng/.openclaw/workspaces/staff-scientist-ideker/agent_LiteratureDueDiligence/runs/pi3k_alpha_inhibition_resistance_review_20260830/Phase1_PubmedCollection/passes/pass_001/artifacts/fulltext_import/PMC_XML/normalized/PMC12276056.json,PMCID resolved from NCBI idconv. NCBI PMC XML downloaded and normalized.
pmid-40665666,40665666,,10.1177/03008916251353357,Breast cancer and large-cell neuroendocrine carcinoma harboring the same PIK3CA mutation: A case report.,none,,,missing,not_attempted,yes,missing,,No NCBI PMCID found. Alternate open-access lookup is deferred during PMC-learning to keep early full-text import focused and fast.
pmid-40657993,40657993,,10.1097/CCO.0000000000001168,Liquid biopsy in breast cancer: promises and challenges.,none,,,missing,not_attempted,yes,missing,,No NCBI PMCID found. Alternate open-access lookup is deferred during PMC-learning to keep early full-text import focused and fast.
pmid-40656600,40656600,PMC12254669,10.1177/17588359251353623,Understanding and overcoming CDK4/6 inhibitor resistance in HR+/HER2- metastatic breast cancer: clinical and molecular perspectives.,ncbi_pmc_xml,,,available,usable,no,not_attempted,/Users/xingmeng/.openclaw/workspaces/staff-scientist-ideker/agent_LiteratureDueDiligence/runs/pi3k_alpha_inhibition_resistance_review_20260830/Phase1_PubmedCollection/passes/pass_001/artifacts/fulltext_import/PMC_XML/normalized/PMC12254669.json,PMCID resolved from NCBI idconv. NCBI PMC XML downloaded and normalized.
pmid-40652157,40652157,PMC12331804,10.1007/s10549-025-07759-7,"Genomic landscape of hormone therapy-resistant HR-positive, HER2-negative breast cancer.",ncbi_pmc_xml,,,available,usable,no,not_attempted,/Users/xingmeng/.openclaw/workspaces/staff-scientist-ideker/agent_LiteratureDueDiligence/runs/pi3k_alpha_inhibition_resistance_review_20260830/Phase1_PubmedCollection/passes/pass_001/artifacts/fulltext_import/PMC_XML/normalized/PMC12331804.json,PMCID resolved from NCBI idconv. NCBI PMC XML downloaded and normalized.
pmid-40629431,40629431,PMC12236047,10.1186/s13058-025-02080-z,Mutational landscape of pure ductal carcinoma in situ and associations with disease prognosis and response to radiotherapy.,ncbi_pmc_xml,,,available,usable,no,not_attempted,/Users/xingmeng/.openclaw/workspaces/staff-scientist-ideker/agent_LiteratureDueDiligence/runs/pi3k_alpha_inhibition_resistance_review_20260830/Phase1_PubmedCollection/passes/pass_001/artifacts/fulltext_import/PMC_XML/normalized/PMC12236047.json,PMCID resolved from NCBI idconv. NCBI PMC XML downloaded and normalized.
pmid-40597137,40597137,PMC12220564,10.1186/s12916-025-04198-5,Long-term efficacy and updated survival outcomes of sintilimab plus anlotinib in patients with PD-L1-positive recurrent or metastatic cervical cancer.,ncbi_pmc_xml,,,available,usable,no,not_attempted,/Users/xingmeng/.openclaw/workspaces/staff-scientist-ideker/agent_LiteratureDueDiligence/runs/pi3k_alpha_inhibition_resistance_review_20260830/Phase1_PubmedCollection/passes/pass_001/artifacts/fulltext_import/PMC_XML/normalized/PMC12220564.json,PMCID resolved from NCBI idconv. NCBI PMC XML downloaded and normalized.
pmid-40575161,40575161,PMC12197955,10.3389/fonc.2025.1557609,"Navigating beyond the surface - prognostic significance of KRAS, NRAS, BRAF, PIK3CA, and TP53 mutations examined by exons.",ncbi_pmc_xml,,,available,usable,no,not_attempted,/Users/xingmeng/.openclaw/workspaces/staff-scientist-ideker/agent_LiteratureDueDiligence/runs/pi3k_alpha_inhibition_resistance_review_20260830/Phase1_PubmedCollection/passes/pass_001/artifacts/fulltext_import/PMC_XML/normalized/PMC12197955.json,PMCID resolved from NCBI idconv. NCBI PMC XML downloaded and normalized.
pmid-40547649,40547649,PMC12177749,10.1021/acsomega.5c00914,Evaluation of Bioactivity Effects of Paramignya trimera in the Treatment of Lung Cancer through In Silico Approaches.,ncbi_pmc_xml,,,available,usable,no,not_attempted,/Users/xingmeng/.openclaw/workspaces/staff-scientist-ideker/agent_LiteratureDueDiligence/runs/pi3k_alpha_inhibition_resistance_review_20260830/Phase1_PubmedCollection/passes/pass_001/artifacts/fulltext_import/PMC_XML/normalized/PMC12177749.json,PMCID resolved from NCBI idconv. NCBI PMC XML downloaded and normalized.
pmid-40536266,40536266,PMC12204390,10.1093/oncolo/oyaf126,Prolonged response to PIK3CA inhibition in an advanced hormone-positive breast cancer patient with 3 mutations in the alpha subunit of PI-3 kinase.,ncbi_pmc_xml,,,available,usable,no,not_attempted,/Users/xingmeng/.openclaw/workspaces/staff-scientist-ideker/agent_LiteratureDueDiligence/runs/pi3k_alpha_inhibition_resistance_review_20260830/Phase1_PubmedCollection/passes/pass_001/artifacts/fulltext_import/PMC_XML/normalized/PMC12204390.json,PMCID resolved from NCBI idconv. NCBI PMC XML downloaded and normalized.
pmid-40512191,40512191,PMC7618057,10.1158/1078-0432.CCR-24-2763,ctDNA Analysis in ERBB2-Amplified Colorectal Cancer: Biomarker Analysis of the MyPathway Trial.,ncbi_pmc_xml,,,available,usable,no,not_attempted,/Users/xingmeng/.openclaw/workspaces/staff-scientist-ideker/agent_LiteratureDueDiligence/runs/pi3k_alpha_inhibition_resistance_review_20260830/Phase1_PubmedCollection/passes/pass_001/artifacts/fulltext_import/PMC_XML/normalized/PMC7618057.json,PMCID resolved from NCBI idconv. NCBI PMC XML downloaded and normalized.
pmid-40481231,40481231,PMC12322174,10.1038/s41431-025-01885-y,First report of successful pregnancies after treatment with alpelisib for PIK3CA-related overgrowth spectrum.,ncbi_pmc_xml,,,available,usable,no,not_attempted,/Users/xingmeng/.openclaw/workspaces/staff-scientist-ideker/agent_LiteratureDueDiligence/runs/pi3k_alpha_inhibition_resistance_review_20260830/Phase1_PubmedCollection/passes/pass_001/artifacts/fulltext_import/PMC_XML/normalized/PMC12322174.json,PMCID resolved from NCBI idconv. NCBI PMC XML downloaded and normalized.
pmid-40463905,40463905,PMC12129891,10.3389/fphar.2025.1582005,ARID1A deficiency attenuates the response to EGFR-TKI treatment in lung adenocarcinoma.,ncbi_pmc_xml,,,available,usable,no,not_attempted,/Users/xingmeng/.openclaw/workspaces/staff-scientist-ideker/agent_LiteratureDueDiligence/runs/pi3k_alpha_inhibition_resistance_review_20260830/Phase1_PubmedCollection/passes/pass_001/artifacts/fulltext_import/PMC_XML/normalized/PMC12129891.json,PMCID resolved from NCBI idconv. NCBI PMC XML downloaded and normalized.
pmid-40456875,40456875,PMC12130495,10.1038/s41598-025-99541-4,MET exon 14 skipping mutations in non-small-cell lung cancer a 3 years screening experience.,ncbi_pmc_xml,,,available,usable,no,not_attempted,/Users/xingmeng/.openclaw/workspaces/staff-scientist-ideker/agent_LiteratureDueDiligence/runs/pi3k_alpha_inhibition_resistance_review_20260830/Phase1_PubmedCollection/passes/pass_001/artifacts/fulltext_import/PMC_XML/normalized/PMC12130495.json,PMCID resolved from NCBI idconv. NCBI PMC XML downloaded and normalized.
pmid-40454641,40454641,PMC13496148,10.1056/NEJMoa2501796,Overall Survival with Inavolisib in PIK3CA-Mutated Advanced Breast Cancer.,ncbi_pmc_xml,,,available,usable,no,not_attempted,/Users/xingmeng/.openclaw/workspaces/staff-scientist-ideker/agent_LiteratureDueDiligence/runs/pi3k_alpha_inhibition_resistance_review_20260830/Phase1_PubmedCollection/passes/pass_001/artifacts/fulltext_import/PMC_XML/normalized/PMC13496148.json,PMCID resolved from NCBI idconv. NCBI PMC XML downloaded and normalized.
pmid-40452844,40452844,PMC12123358,10.3389/fonc.2025.1477910,RET fusion driven (RETfus+) non-small cell lung cancer: a comprehensive genomic profiling study with histologic correlation.,ncbi_pmc_xml,,,available,usable,no,not_attempted,/Users/xingmeng/.openclaw/workspaces/staff-scientist-ideker/agent_LiteratureDueDiligence/runs/pi3k_alpha_inhibition_resistance_review_20260830/Phase1_PubmedCollection/passes/pass_001/artifacts/fulltext_import/PMC_XML/normalized/PMC12123358.json,PMCID resolved from NCBI idconv. NCBI PMC XML downloaded and normalized.
pmid-40382983,40382983,,10.1016/j.drup.2025.101251,MicroRNA-mediated PTEN downregulation as a novel non-genetic mechanism of acquired resistance to PI3Kα inhibitors of head & neck squamous cell carcinoma.,none,,,missing,not_attempted,yes,missing,,No NCBI PMCID found. Alternate open-access lookup is deferred during PMC-learning to keep early full-text import focused and fast.
pmid-40369610,40369610,PMC12079830,10.1186/s13058-025-02020-x,ESR1 testing on FFPE samples from metastatic lesions in HR + /HER2- breast cancer after progression on CDK4/6 inhibitor therapy.,ncbi_pmc_xml,,,available,usable,no,not_attempted,/Users/xingmeng/.openclaw/workspaces/staff-scientist-ideker/agent_LiteratureDueDiligence/runs/pi3k_alpha_inhibition_resistance_review_20260830/Phase1_PubmedCollection/passes/pass_001/artifacts/fulltext_import/PMC_XML/normalized/PMC12079830.json,PMCID resolved from NCBI idconv. NCBI PMC XML downloaded and normalized.
pmid-40360478,40360478,PMC12075687,10.1038/s41467-025-59397-8,DiffInvex identifies evolutionary shifts in driver gene repertoires during tumorigenesis and chemotherapy.,ncbi_pmc_xml,,,available,usable,no,not_attempted,/Users/xingmeng/.openclaw/workspaces/staff-scientist-ideker/agent_LiteratureDueDiligence/runs/pi3k_alpha_inhibition_resistance_review_20260830/Phase1_PubmedCollection/passes/pass_001/artifacts/fulltext_import/PMC_XML/normalized/PMC12075687.json,PMCID resolved from NCBI idconv. NCBI PMC XML downloaded and normalized.
pmid-40339228,40339228,,10.1016/j.biopha.2025.118147,Berberine promotes apoptosis and inhibits the migration of oral squamous carcinoma cells through inhibition of the RAGE/PI3K/AKT/mTOR pathway.,none,,,missing,not_attempted,yes,missing,,No NCBI PMCID found. Alternate open-access lookup is deferred during PMC-learning to keep early full-text import focused and fast.
pmid-40327992,40327992,,10.1016/j.biopha.2025.118121,Alpha lipoic acid modulates metabolic reprogramming in breast cancer stem cells enriched 3D spheroids by targeting phosphoinositide 3-kinase: In silico and in vitro insights.,none,,,missing,not_attempted,yes,missing,,No NCBI PMCID found. Alternate open-access lookup is deferred during PMC-learning to keep early full-text import focused and fast.
pmid-40323930,40323930,PMC12052133,10.1371/journal.pone.0322154,High frequency of the PIK3CA H1047L mutation in Indonesian breast cancer across molecular subtypes.,ncbi_pmc_xml,,,available,usable,no,not_attempted,/Users/xingmeng/.openclaw/workspaces/staff-scientist-ideker/agent_LiteratureDueDiligence/runs/pi3k_alpha_inhibition_resistance_review_20260830/Phase1_PubmedCollection/passes/pass_001/artifacts/fulltext_import/PMC_XML/normalized/PMC12052133.json,PMCID resolved from NCBI idconv. NCBI PMC XML downloaded and normalized.
pmid-40303291,40303291,PMC12035905,10.7150/ijbs.104850,The SGK3/GSK3β/β-catenin signaling promotes breast cancer stemness and confers resistance to alpelisib therapy.,ncbi_pmc_xml,,,available,usable,no,not_attempted,/Users/xingmeng/.openclaw/workspaces/staff-scientist-ideker/agent_LiteratureDueDiligence/runs/pi3k_alpha_inhibition_resistance_review_20260830/Phase1_PubmedCollection/passes/pass_001/artifacts/fulltext_import/PMC_XML/normalized/PMC12035905.json,PMCID resolved from NCBI idconv. NCBI PMC XML downloaded and normalized.
pmid-40301895,40301895,PMC12042384,10.1186/s12916-025-04075-1,Molecular characteristics and responses to EGFR tyrosine kinase inhibitors in non-small cell lung cancer patients with EGFR exon 19 insertions.,ncbi_pmc_xml,,,available,usable,no,not_attempted,/Users/xingmeng/.openclaw/workspaces/staff-scientist-ideker/agent_LiteratureDueDiligence/runs/pi3k_alpha_inhibition_resistance_review_20260830/Phase1_PubmedCollection/passes/pass_001/artifacts/fulltext_import/PMC_XML/normalized/PMC12042384.json,PMCID resolved from NCBI idconv. NCBI PMC XML downloaded and normalized.
pmid-40295072,40295072,,10.21873/anticanres.17567,Development of Acquired Resistance in Alpelisib-treated Gastric Cancer Cells With PIK3CA Mutations and Overcoming Strategies.,none,,,missing,not_attempted,yes,missing,,No NCBI PMCID found. Alternate open-access lookup is deferred during PMC-learning to keep early full-text import focused and fast.
pmid-40277762,40277762,PMC12026433,10.3390/curroncol32040205,Neuroendocrine Breast Cancer-Associated Ectopic Adrenocorticotropic Hormone Syndrome Requiring Bilateral Adrenalectomy.,ncbi_pmc_xml,,,available,usable,no,not_attempted,/Users/xingmeng/.openclaw/workspaces/staff-scientist-ideker/agent_LiteratureDueDiligence/runs/pi3k_alpha_inhibition_resistance_review_20260830/Phase1_PubmedCollection/passes/pass_001/artifacts/fulltext_import/PMC_XML/normalized/PMC12026433.json,PMCID resolved from NCBI idconv. NCBI PMC XML downloaded and normalized.
pmid-40260297,40260297,PMC12009697,10.3389/fonc.2025.1527484,Case Report: FGFR2 inhibitor resistance via PIK3CA and CDKN2A/B in an intrahepatic cholangiocarcinoma patient with FGFR2-SH3GLB1 fusion.,ncbi_pmc_xml,,,available,usable,no,not_attempted,/Users/xingmeng/.openclaw/workspaces/staff-scientist-ideker/agent_LiteratureDueDiligence/runs/pi3k_alpha_inhibition_resistance_review_20260830/Phase1_PubmedCollection/passes/pass_001/artifacts/fulltext_import/PMC_XML/normalized/PMC12009697.json,PMCID resolved from NCBI idconv. NCBI PMC XML downloaded and normalized.
pmid-40257522,40257522,,10.1007/s11033-025-10523-1,Role of signaling pathways in endometrial cancer.,none,,,missing,not_attempted,yes,missing,,No NCBI PMCID found. Alternate open-access lookup is deferred during PMC-learning to keep early full-text import focused and fast.
pmid-40224173,40224173,PMC11985432,10.3389/fonc.2025.1558470,TAS-102 in combination with bevacizumab for second-line treatment of metastatic colorectal cancer with a hypertensive elderly patient: a case report.,ncbi_pmc_xml,,,available,usable,no,not_attempted,/Users/xingmeng/.openclaw/workspaces/staff-scientist-ideker/agent_LiteratureDueDiligence/runs/pi3k_alpha_inhibition_resistance_review_20260830/Phase1_PubmedCollection/passes/pass_001/artifacts/fulltext_import/PMC_XML/normalized/PMC11985432.json,PMCID resolved from NCBI idconv. NCBI PMC XML downloaded and normalized.
pmid-40203765,40203765,,10.1016/j.ejca.2025.115397,"Inavolisib plus letrozole or fulvestrant in PIK3CA-mutated, hormone receptor-positive, HER2-negative advanced or metastatic breast cancer (GO39374): An open-label, multicentre, dose-escalation and dose-expansion phase 1/1b study.",none,,,missing,not_attempted,yes,missing,,No NCBI PMCID found. Alternate open-access lookup is deferred during PMC-learning to keep early full-text import focused and fast.
pmid-40192953,40192953,PMC12062054,10.1007/s40291-025-00777-7,Clinical Actionability of Molecular Targets in Multi-Ethnic Breast Cancer Patients: A Retrospective Single-Institutional Study.,ncbi_pmc_xml,,,available,usable,no,not_attempted,/Users/xingmeng/.openclaw/workspaces/staff-scientist-ideker/agent_LiteratureDueDiligence/runs/pi3k_alpha_inhibition_resistance_review_20260830/Phase1_PubmedCollection/passes/pass_001/artifacts/fulltext_import/PMC_XML/normalized/PMC12062054.json,PMCID resolved from NCBI idconv. NCBI PMC XML downloaded and normalized.
pmid-40177613,40177613,PMC11963819,10.2147/OTT.S510988,Genomic Insights Into Early Relapsed Breast Cancer: Prognostic Challenges and Mutation Landscape.,ncbi_pmc_xml,,,available,usable,no,not_attempted,/Users/xingmeng/.openclaw/workspaces/staff-scientist-ideker/agent_LiteratureDueDiligence/runs/pi3k_alpha_inhibition_resistance_review_20260830/Phase1_PubmedCollection/passes/pass_001/artifacts/fulltext_import/PMC_XML/normalized/PMC11963819.json,PMCID resolved from NCBI idconv. NCBI PMC XML downloaded and normalized.
pmid-40163189,40163189,,10.1007/s11864-025-01310-y,Novel Estrogen Receptor - Targeted Therapies in Hormone-Receptor Positive Breast Cancer.,none,,,missing,not_attempted,yes,missing,,No NCBI PMCID found. Alternate open-access lookup is deferred during PMC-learning to keep early full-text import focused and fast.
pmid-40121890,40121890,,10.1016/j.ctrv.2025.102924,"Post-progression treatment options after CDK4/6 inhibitors in hormone receptor-positive, HER2-negative metastatic breast cancer.",none,,,missing,not_attempted,yes,missing,,No NCBI PMCID found. Alternate open-access lookup is deferred during PMC-learning to keep early full-text import focused and fast.
pmid-40113784,40113784,PMC11926384,10.1038/s41392-025-02180-4,Targeting PI3K inhibitor resistance in breast cancer with metabolic drugs.,ncbi_pmc_xml,,,available,usable,no,not_attempted,/Users/xingmeng/.openclaw/workspaces/staff-scientist-ideker/agent_LiteratureDueDiligence/runs/pi3k_alpha_inhibition_resistance_review_20260830/Phase1_PubmedCollection/passes/pass_001/artifacts/fulltext_import/PMC_XML/normalized/PMC11926384.json,PMCID resolved from NCBI idconv. NCBI PMC XML downloaded and normalized.
pmid-40109859,40109859,PMC11915050,10.32604/or.2024.056282,Exploring the utility of a NGS multigene panel to predict BCG response in patients with non-muscle invasive bladder cancer.,ncbi_pmc_xml,,,available,usable,no,not_attempted,/Users/xingmeng/.openclaw/workspaces/staff-scientist-ideker/agent_LiteratureDueDiligence/runs/pi3k_alpha_inhibition_resistance_review_20260830/Phase1_PubmedCollection/passes/pass_001/artifacts/fulltext_import/PMC_XML/normalized/PMC11915050.json,PMCID resolved from NCBI idconv. NCBI PMC XML downloaded and normalized.
pmid-40049296,40049296,,10.1016/j.bcp.2025.116850,Strategic advancements in targeting the PI3K/AKT/mTOR pathway for Breast cancer therapy.,none,,,missing,not_attempted,yes,missing,,No NCBI PMCID found. Alternate open-access lookup is deferred during PMC-learning to keep early full-text import focused and fast.
pmid-40020984,40020984,,10.1016/j.ejphar.2025.177432,Targeting PI3K in cancer treatment: A comprehensive review with insights from clinical outcomes.,none,,,missing,not_attempted,yes,missing,,No NCBI PMCID found. Alternate open-access lookup is deferred during PMC-learning to keep early full-text import focused and fast.
pmid-40020834,40020834,,10.1016/j.ijbiomac.2025.141524,"COL1A1 promotes cell proliferation, cell cycle progression, and anoikis resistance in granulosa cells of chicken pre-ovulatory follicles.",none,,,missing,not_attempted,yes,missing,,No NCBI PMCID found. Alternate open-access lookup is deferred during PMC-learning to keep early full-text import focused and fast.
pmid-40009285,40009285,PMC11865409,10.1007/s12672-025-01976-8,Genomic and micro-environmental insights into drug resistance in colorectal cancer liver metastases.,ncbi_pmc_xml,,,available,usable,no,not_attempted,/Users/xingmeng/.openclaw/workspaces/staff-scientist-ideker/agent_LiteratureDueDiligence/runs/pi3k_alpha_inhibition_resistance_review_20260830/Phase1_PubmedCollection/passes/pass_001/artifacts/fulltext_import/PMC_XML/normalized/PMC11865409.json,PMCID resolved from NCBI idconv. NCBI PMC XML downloaded and normalized.
pmid-39979449,39979449,PMC11842864,10.1038/s41598-025-90714-9,PI3Kα-specific inhibitor BYL-719 synergizes with cisplatin in vitro in PIK3CA-mutated ovarian cancer cells.,ncbi_pmc_xml,,,available,usable,no,not_attempted,/Users/xingmeng/.openclaw/workspaces/staff-scientist-ideker/agent_LiteratureDueDiligence/runs/pi3k_alpha_inhibition_resistance_review_20260830/Phase1_PubmedCollection/passes/pass_001/artifacts/fulltext_import/PMC_XML/normalized/PMC11842864.json,PMCID resolved from NCBI idconv. NCBI PMC XML downloaded and normalized.
pmid-39971438,39971438,,10.1016/j.ijgc.2024.100054,Molecular tumor board for gynecologic malignancies: the real-world experience from the Department for Gynecology and Gynecologic Oncology of Kliniken Essen-Mitte.,none,,,missing,not_attempted,yes,missing,,No NCBI PMCID found. Alternate open-access lookup is deferred during PMC-learning to keep early full-text import focused and fast.
pmid-39935426,39935426,PMC11810462,10.20517/cdr.2024.169,Optimizing therapeutic approaches for HR+/HER2- advanced breast cancer: clinical perspectives on biomarkers and treatment strategies post-CDK4/6 inhibitor progression.,ncbi_pmc_xml,,,available,usable,no,not_attempted,/Users/xingmeng/.openclaw/workspaces/staff-scientist-ideker/agent_LiteratureDueDiligence/runs/pi3k_alpha_inhibition_resistance_review_20260830/Phase1_PubmedCollection/passes/pass_001/artifacts/fulltext_import/PMC_XML/normalized/PMC11810462.json,PMCID resolved from NCBI idconv. NCBI PMC XML downloaded and normalized.
pmid-39920872,39920872,PMC11806886,10.1186/s40170-025-00375-5,CD36 inhibition enhances the anti-proliferative effects of PI3K inhibitors in PTEN-loss anti-HER2 resistant breast cancer cells.,ncbi_pmc_xml,,,available,usable,no,not_attempted,/Users/xingmeng/.openclaw/workspaces/staff-scientist-ideker/agent_LiteratureDueDiligence/runs/pi3k_alpha_inhibition_resistance_review_20260830/Phase1_PubmedCollection/passes/pass_001/artifacts/fulltext_import/PMC_XML/normalized/PMC11806886.json,PMCID resolved from NCBI idconv. NCBI PMC XML downloaded and normalized.
pmid-39913886,39913886,PMC12002398,10.1200/PO-24-00451,Phase II Study of Copanlisib in Patients With PTEN Loss: Results From NCI-MATCH ECOG-ACRIN Trial (EAY131) Subprotocols Z1G and Z1H.,ncbi_pmc_xml,,,available,usable,no,not_attempted,/Users/xingmeng/.openclaw/workspaces/staff-scientist-ideker/agent_LiteratureDueDiligence/runs/pi3k_alpha_inhibition_resistance_review_20260830/Phase1_PubmedCollection/passes/pass_001/artifacts/fulltext_import/PMC_XML/normalized/PMC12002398.json,PMCID resolved from NCBI idconv. NCBI PMC XML downloaded and normalized.
pmid-39883146,39883146,,10.14423/SMJ.0000000000001791,Alpelisib-Induced Hyperglycemia in PIK3CA(+) Breast Cancer Patients.,none,,,missing,not_attempted,yes,missing,,No NCBI PMCID found. Alternate open-access lookup is deferred during PMC-learning to keep early full-text import focused and fast.
pmid-39851969,39851969,PMC11763720,10.3390/curroncol32010053,Systematic Review and Network Meta-Analysis on Treating Hormone Receptor-Positive Metastatic Breast Cancer After CDK4/6 Inhibitors.,ncbi_pmc_xml,,,available,usable,no,not_attempted,/Users/xingmeng/.openclaw/workspaces/staff-scientist-ideker/agent_LiteratureDueDiligence/runs/pi3k_alpha_inhibition_resistance_review_20260830/Phase1_PubmedCollection/passes/pass_001/artifacts/fulltext_import/PMC_XML/normalized/PMC11763720.json,PMCID resolved from NCBI idconv. NCBI PMC XML downloaded and normalized.
pmid-39847172,39847172,,10.1007/s10637-025-01505-y,Efficacy of ramucirumab combined with erlotinib or osimertinib in untreated EGFR-mutated NSCLC patients with asymptomatic brain metastases: insights from molecular biomarkers in the RELAY-brain trial.,none,,,missing,not_attempted,yes,missing,,No NCBI PMCID found. Alternate open-access lookup is deferred during PMC-learning to keep early full-text import focused and fast.
pmid-39805880,39805880,PMC11729857,10.1038/s41598-024-83030-1,Exploring target selectivity in designing and identifying PI3Kα inhibitors for triple negative breast cancer with fragment-based and bioisosteric replacement approach.,ncbi_pmc_xml,,,available,usable,no,not_attempted,/Users/xingmeng/.openclaw/workspaces/staff-scientist-ideker/agent_LiteratureDueDiligence/runs/pi3k_alpha_inhibition_resistance_review_20260830/Phase1_PubmedCollection/passes/pass_001/artifacts/fulltext_import/PMC_XML/normalized/PMC11729857.json,PMCID resolved from NCBI idconv. NCBI PMC XML downloaded and normalized.
pmid-39762482,39762482,PMC11704227,10.1038/s41698-024-00793-6,Mechanisms of KRAS inhibitor resistance in KRAS-mutant colorectal cancer harboring Her2 amplification and aberrant KRAS localization.,ncbi_pmc_xml,,,available,usable,no,not_attempted,/Users/xingmeng/.openclaw/workspaces/staff-scientist-ideker/agent_LiteratureDueDiligence/runs/pi3k_alpha_inhibition_resistance_review_20260830/Phase1_PubmedCollection/passes/pass_001/artifacts/fulltext_import/PMC_XML/normalized/PMC11704227.json,PMCID resolved from NCBI idconv. NCBI PMC XML downloaded and normalized.
pmid-39709507,39709507,PMC11839470,10.1038/s41417-024-00867-4,PIK3CA mutation fortifies molecular determinants for immune signaling in vascular cancers.,ncbi_pmc_xml,,,available,usable,no,not_attempted,/Users/xingmeng/.openclaw/workspaces/staff-scientist-ideker/agent_LiteratureDueDiligence/runs/pi3k_alpha_inhibition_resistance_review_20260830/Phase1_PubmedCollection/passes/pass_001/artifacts/fulltext_import/PMC_XML/normalized/PMC11839470.json,PMCID resolved from NCBI idconv. NCBI PMC XML downloaded and normalized.
pmid-39693591,39693591,PMC11936477,10.1200/JCO-24-02086,Abemaciclib Plus Fulvestrant in Advanced Breast Cancer After Progression on CDK4/6 Inhibition: Results From the Phase III postMONARCH Trial.,ncbi_pmc_xml,,,available,usable,no,not_attempted,/Users/xingmeng/.openclaw/workspaces/staff-scientist-ideker/agent_LiteratureDueDiligence/runs/pi3k_alpha_inhibition_resistance_review_20260830/Phase1_PubmedCollection/passes/pass_001/artifacts/fulltext_import/PMC_XML/normalized/PMC11936477.json,PMCID resolved from NCBI idconv. NCBI PMC XML downloaded and normalized.
pmid-39687977,39687977,,10.1111/his.15395,Recent advancements in biomarkers and molecular diagnostics in hormonal receptor-positive breast cancer.,none,,,missing,not_attempted,yes,missing,,No NCBI PMCID found. Alternate open-access lookup is deferred during PMC-learning to keep early full-text import focused and fast.
pmid-39662202,39662202,,10.1016/j.ctrv.2024.102861,PI3K/AKT/mTOR inhibitors for hormone receptor-positive advanced breast cancer.,none,,,missing,not_attempted,yes,missing,,No NCBI PMCID found. Alternate open-access lookup is deferred during PMC-learning to keep early full-text import focused and fast.
pmid-39652577,39652577,PMC11831106,10.1158/0008-5472.CAN-24-2608,"Imlunestrant Is an Oral, Brain-Penetrant Selective Estrogen Receptor Degrader with Potent Antitumor Activity in ESR1 Wild-Type and Mutant Breast Cancer.",ncbi_pmc_xml,,,available,usable,no,not_attempted,/Users/xingmeng/.openclaw/workspaces/staff-scientist-ideker/agent_LiteratureDueDiligence/runs/pi3k_alpha_inhibition_resistance_review_20260830/Phase1_PubmedCollection/passes/pass_001/artifacts/fulltext_import/PMC_XML/normalized/PMC11831106.json,PMCID resolved from NCBI idconv. NCBI PMC XML downloaded and normalized.
pmid-39313156,39313156,,10.1016/j.annonc.2024.09.010,"Acquired gene alterations in patients treated with ribociclib plus endocrine therapy or endocrine therapy alone using baseline and end-of-treatment circulating tumor DNA samples in the MONALEESA-2, -3, and -7 trials.",none,,,missing,not_attempted,yes,missing,,No NCBI PMCID found. Alternate open-access lookup is deferred during PMC-learning to keep early full-text import focused and fast.
pmid-39302579,39302579,,10.1007/s10549-024-07495-4,Genomic and transcriptomic landscape of HER2-low breast cancer.,none,,,missing,not_attempted,yes,missing,,No NCBI PMCID found. Alternate open-access lookup is deferred during PMC-learning to keep early full-text import focused and fast.
pmid-39213667,39213667,,10.3171/2024.5.JNS24393,"Long-term survivors in 976 supratentorial glioblastoma, IDH-wildtype patients.",none,,,missing,not_attempted,yes,missing,,No NCBI PMCID found. Alternate open-access lookup is deferred during PMC-learning to keep early full-text import focused and fast.
pmid-39171586,39171586,,10.2174/0109298673327425240815065221,A Perspective of PI3K/AKT/mTOR Pathway Inhibitors to Overcome Drug-resistance in Breast Cancer Therapy.,none,,,missing,not_attempted,yes,missing,,No NCBI PMCID found. Alternate open-access lookup is deferred during PMC-learning to keep early full-text import focused and fast.
pmid-39092562,39092562,PMC11705819,10.1002/1878-0261.13703,"Assessments of prostate cancer cell functions highlight differences between a pan-PI3K/mTOR inhibitor, gedatolisib, and single-node inhibitors of the PI3K/AKT/mTOR pathway.",ncbi_pmc_xml,,,available,usable,no,not_attempted,/Users/xingmeng/.openclaw/workspaces/staff-scientist-ideker/agent_LiteratureDueDiligence/runs/pi3k_alpha_inhibition_resistance_review_20260830/Phase1_PubmedCollection/passes/pass_001/artifacts/fulltext_import/PMC_XML/normalized/PMC11705819.json,PMCID resolved from NCBI idconv. NCBI PMC XML downloaded and normalized.
pmid-41306515,41306515,PMC12646283,10.1101/2024.10.11.617918,Anticancer Target Combinations: Network-Informed Signaling-Based Approach to Discovery.,ncbi_pmc_xml,,,available,usable,no,not_attempted,/Users/xingmeng/.openclaw/workspaces/staff-scientist-ideker/agent_LiteratureDueDiligence/runs/pi3k_alpha_inhibition_resistance_review_20260830/Phase1_PubmedCollection/passes/pass_001/artifacts/fulltext_import/PMC_XML/normalized/PMC12646283.json,PMCID resolved from NCBI idconv. NCBI PMC XML downloaded and normalized.
pmid-39796647,39796647,PMC11718791,10.3390/cancers17010016,New Emerging Therapies Targeting PI3K/AKT/mTOR/PTEN Pathway in Hormonal Receptor-Positive and HER2-Negative Breast Cancer-Current State and Molecular Pathology Perspective.,ncbi_pmc_xml,,,available,usable,no,not_attempted,/Users/xingmeng/.openclaw/workspaces/staff-scientist-ideker/agent_LiteratureDueDiligence/runs/pi3k_alpha_inhibition_resistance_review_20260830/Phase1_PubmedCollection/passes/pass_001/artifacts/fulltext_import/PMC_XML/normalized/PMC11718791.json,PMCID resolved from NCBI idconv. NCBI PMC XML downloaded and normalized.
pmid-39796090,39796090,PMC11719933,10.3390/ijms26010235,Dynamic Changes in Circulating Tumor DNA During Immunotherapy for Head and Neck Cancer: SHIZUKU-HN Study.,ncbi_pmc_xml,,,available,usable,no,not_attempted,/Users/xingmeng/.openclaw/workspaces/staff-scientist-ideker/agent_LiteratureDueDiligence/runs/pi3k_alpha_inhibition_resistance_review_20260830/Phase1_PubmedCollection/passes/pass_001/artifacts/fulltext_import/PMC_XML/normalized/PMC11719933.json,PMCID resolved from NCBI idconv. NCBI PMC XML downloaded and normalized.
pmid-39768828,39768828,PMC11676099,10.3390/medicina60121946,Successful Treatment of Abdominal Wall Advanced Endometriosis-Associated Clear Cell Carcinoma with AKT Pathway Inhibitor: Case Report.,ncbi_pmc_xml,,,available,usable,no,not_attempted,/Users/xingmeng/.openclaw/workspaces/staff-scientist-ideker/agent_LiteratureDueDiligence/runs/pi3k_alpha_inhibition_resistance_review_20260830/Phase1_PubmedCollection/passes/pass_001/artifacts/fulltext_import/PMC_XML/normalized/PMC11676099.json,PMCID resolved from NCBI idconv. NCBI PMC XML downloaded and normalized.
pmid-39764125,39764125,PMC11702776,10.21203/rs.3.rs-5663230/v1,The RNA N(6)-Methyladenosine MethylomeCoordinates Long Non-Coding RNAs to MediateCancer Drug Resistance by Activating PI3KSignaling.,ncbi_pmc_xml,,,available,usable,no,not_attempted,/Users/xingmeng/.openclaw/workspaces/staff-scientist-ideker/agent_LiteratureDueDiligence/runs/pi3k_alpha_inhibition_resistance_review_20260830/Phase1_PubmedCollection/passes/pass_001/artifacts/fulltext_import/PMC_XML/normalized/PMC11702776.json,PMCID resolved from NCBI idconv. NCBI PMC XML downloaded and normalized.
pmid-39743996,39743996,PMC11688600,10.3389/fonc.2024.1467722,A good response to furmonertinib fourth-line treatment of an advanced lung adenocarcinoma patient with EGFR exon20in and PIK3CA mutation: a case report and literature review.,ncbi_pmc_xml,,,available,usable,no,not_attempted,/Users/xingmeng/.openclaw/workspaces/staff-scientist-ideker/agent_LiteratureDueDiligence/runs/pi3k_alpha_inhibition_resistance_review_20260830/Phase1_PubmedCollection/passes/pass_001/artifacts/fulltext_import/PMC_XML/normalized/PMC11688600.json,PMCID resolved from NCBI idconv. NCBI PMC XML downloaded and normalized.
pmid-39695129,39695129,PMC11655652,10.1038/s41420-024-02223-9,Oleanolic acid combined with aspirin plays antitumor roles in colorectal cancer via the Akt/NFκB/IκBα/COX2 pathway.,ncbi_pmc_xml,,,available,usable,no,not_attempted,/Users/xingmeng/.openclaw/workspaces/staff-scientist-ideker/agent_LiteratureDueDiligence/runs/pi3k_alpha_inhibition_resistance_review_20260830/Phase1_PubmedCollection/passes/pass_001/artifacts/fulltext_import/PMC_XML/normalized/PMC11655652.json,PMCID resolved from NCBI idconv. NCBI PMC XML downloaded and normalized.
pmid-39637900,39637900,,10.1016/S1470-2045(24)00673-9,"Alpelisib plus fulvestrant in PIK3CA-mutated, hormone receptor-positive advanced breast cancer after a CDK4/6 inhibitor (BYLieve): one cohort of a phase 2, multicentre, open-label, non-comparative study.",none,,,missing,not_attempted,yes,missing,,No NCBI PMCID found. Alternate open-access lookup is deferred during PMC-learning to keep early full-text import focused and fast.
pmid-39555098,39555098,PMC11565213,10.3389/fphar.2024.1494802,The role of PIK3CA gene mutations in colorectal cancer and the selection of treatment strategies.,ncbi_pmc_xml,,,available,usable,no,not_attempted,/Users/xingmeng/.openclaw/workspaces/staff-scientist-ideker/agent_LiteratureDueDiligence/runs/pi3k_alpha_inhibition_resistance_review_20260830/Phase1_PubmedCollection/passes/pass_001/artifacts/fulltext_import/PMC_XML/normalized/PMC11565213.json,PMCID resolved from NCBI idconv. NCBI PMC XML downloaded and normalized.
pmid-39543535,39543535,PMC11566382,10.1186/s12885-024-13125-5,Molecular profiling reveals novel therapeutic targets and clonal evolution in ovarian clear cell carcinoma.,ncbi_pmc_xml,,,available,usable,no,not_attempted,/Users/xingmeng/.openclaw/workspaces/staff-scientist-ideker/agent_LiteratureDueDiligence/runs/pi3k_alpha_inhibition_resistance_review_20260830/Phase1_PubmedCollection/passes/pass_001/artifacts/fulltext_import/PMC_XML/normalized/PMC11566382.json,PMCID resolved from NCBI idconv. NCBI PMC XML downloaded and normalized.
pmid-39497720,39497720,PMC11532092,10.3389/fonc.2024.1470827,The potential role of next-generation sequencing in identifying MET amplification and disclosing resistance mechanisms in NSCLC patients with osimertinib resistance.,ncbi_pmc_xml,,,available,usable,no,not_attempted,/Users/xingmeng/.openclaw/workspaces/staff-scientist-ideker/agent_LiteratureDueDiligence/runs/pi3k_alpha_inhibition_resistance_review_20260830/Phase1_PubmedCollection/passes/pass_001/artifacts/fulltext_import/PMC_XML/normalized/PMC11532092.json,PMCID resolved from NCBI idconv. NCBI PMC XML downloaded and normalized.
pmid-39497713,39497713,PMC11532185,10.3389/fonc.2024.1435537,Comprehensive liquid biopsy analysis for monitoring NSCLC patients under second-line osimertinib treatment.,ncbi_pmc_xml,,,available,usable,no,not_attempted,/Users/xingmeng/.openclaw/workspaces/staff-scientist-ideker/agent_LiteratureDueDiligence/runs/pi3k_alpha_inhibition_resistance_review_20260830/Phase1_PubmedCollection/passes/pass_001/artifacts/fulltext_import/PMC_XML/normalized/PMC11532185.json,PMCID resolved from NCBI idconv. NCBI PMC XML downloaded and normalized.
pmid-39476340,39476340,,10.1056/NEJMoa2404625,Inavolisib-Based Therapy in PIK3CA-Mutated Advanced Breast Cancer.,none,,,missing,not_attempted,yes,missing,,No NCBI PMCID found. Alternate open-access lookup is deferred during PMC-learning to keep early full-text import focused and fast.
pmid-39469631,39469631,PMC11514072,10.3389/fphar.2024.1443422,Effects of BYL-719 (alpelisib) on human breast cancer stem cells to overcome drug resistance in human breast cancer.,ncbi_pmc_xml,,,available,usable,no,not_attempted,/Users/xingmeng/.openclaw/workspaces/staff-scientist-ideker/agent_LiteratureDueDiligence/runs/pi3k_alpha_inhibition_resistance_review_20260830/Phase1_PubmedCollection/passes/pass_001/artifacts/fulltext_import/PMC_XML/normalized/PMC11514072.json,PMCID resolved from NCBI idconv. NCBI PMC XML downloaded and normalized.
pmid-39457497,39457497,PMC11505462,10.3390/biomedicines12102183,"A Novel AKT1, ERBB2, ESR1, KRAS, PIK3CA, and TP53 NGS Assay: A Non-Invasive Tool to Monitor Resistance Mechanisms to Hormonal Therapy and CDK4/6 Inhibitors.",ncbi_pmc_xml,,,available,usable,no,not_attempted,/Users/xingmeng/.openclaw/workspaces/staff-scientist-ideker/agent_LiteratureDueDiligence/runs/pi3k_alpha_inhibition_resistance_review_20260830/Phase1_PubmedCollection/passes/pass_001/artifacts/fulltext_import/PMC_XML/normalized/PMC11505462.json,PMCID resolved from NCBI idconv. NCBI PMC XML downloaded and normalized.
pmid-39456616,39456616,PMC11505998,10.3390/cancers16203520,"Functional Assessments of Gynecologic Cancer Models Highlight Differences Between Single-Node Inhibitors of the PI3K/AKT/mTOR Pathway and a Pan-PI3K/mTOR Inhibitor, Gedatolisib.",ncbi_pmc_xml,,,available,usable,no,not_attempted,/Users/xingmeng/.openclaw/workspaces/staff-scientist-ideker/agent_LiteratureDueDiligence/runs/pi3k_alpha_inhibition_resistance_review_20260830/Phase1_PubmedCollection/passes/pass_001/artifacts/fulltext_import/PMC_XML/normalized/PMC11505998.json,PMCID resolved from NCBI idconv. NCBI PMC XML downloaded and normalized.
pmid-39452555,39452555,PMC11508418,10.3390/jpm14101048,Personalized Treatment Strategies via Integration of Gene Expression Biomarkers in Molecular Profiling of Laryngeal Cancer.,ncbi_pmc_xml,,,available,usable,no,not_attempted,/Users/xingmeng/.openclaw/workspaces/staff-scientist-ideker/agent_LiteratureDueDiligence/runs/pi3k_alpha_inhibition_resistance_review_20260830/Phase1_PubmedCollection/passes/pass_001/artifacts/fulltext_import/PMC_XML/normalized/PMC11508418.json,PMCID resolved from NCBI idconv. NCBI PMC XML downloaded and normalized.
pmid-39409880,39409880,PMC11476299,10.3390/cancers16193259,PLK1 Inhibitor Onvansertib Enhances the Efficacy of Alpelisib in PIK3CA-Mutated HR-Positive Breast Cancer Resistant to Palbociclib and Endocrine Therapy: Preclinical Insights.,ncbi_pmc_xml,,,available,usable,no,not_attempted,/Users/xingmeng/.openclaw/workspaces/staff-scientist-ideker/agent_LiteratureDueDiligence/runs/pi3k_alpha_inhibition_resistance_review_20260830/Phase1_PubmedCollection/passes/pass_001/artifacts/fulltext_import/PMC_XML/normalized/PMC11476299.json,PMCID resolved from NCBI idconv. NCBI PMC XML downloaded and normalized.
pmid-39386783,39386783,PMC11462463,10.1016/j.heliyon.2024.e37873,Development and validation of a multi-marker liquid bead array assay for the simultaneous detection of PIK3CA and ESR1 hotspot mutations in single circulating tumor cells (CTCs).,ncbi_pmc_xml,,,available,usable,no,not_attempted,/Users/xingmeng/.openclaw/workspaces/staff-scientist-ideker/agent_LiteratureDueDiligence/runs/pi3k_alpha_inhibition_resistance_review_20260830/Phase1_PubmedCollection/passes/pass_001/artifacts/fulltext_import/PMC_XML/normalized/PMC11462463.json,PMCID resolved from NCBI idconv. NCBI PMC XML downloaded and normalized.
pmid-39376013,39376013,PMC11458888,10.1002/cnr2.70023,Alpelisib and Immunotherapy: A Promising Combination for Recurrent and Metastatic Squamous Cell Carcinoma of the Head and Neck.,ncbi_pmc_xml,,,available,usable,no,not_attempted,/Users/xingmeng/.openclaw/workspaces/staff-scientist-ideker/agent_LiteratureDueDiligence/runs/pi3k_alpha_inhibition_resistance_review_20260830/Phase1_PubmedCollection/passes/pass_001/artifacts/fulltext_import/PMC_XML/normalized/PMC11458888.json,PMCID resolved from NCBI idconv. NCBI PMC XML downloaded and normalized.
pmid-39363320,39363320,PMC11451117,10.1186/s12943-024-02134-4,Deciphering resistance mechanisms in cancer: final report of MATCH-R study with a focus on molecular drivers and PDX development.,ncbi_pmc_xml,,,available,usable,no,not_attempted,/Users/xingmeng/.openclaw/workspaces/staff-scientist-ideker/agent_LiteratureDueDiligence/runs/pi3k_alpha_inhibition_resistance_review_20260830/Phase1_PubmedCollection/passes/pass_001/artifacts/fulltext_import/PMC_XML/normalized/PMC11451117.json,PMCID resolved from NCBI idconv. NCBI PMC XML downloaded and normalized.
pmid-39298693,39298693,PMC11581706,10.1200/PO.24.00258,Phase II Study of Samotolisib in Children and Young Adults With Tumors Harboring Phosphoinositide 3-Kinase/Mammalian Target of Rapamycin Pathway Alterations: Pediatric MATCH APEC1621D.,ncbi_pmc_xml,,,available,usable,no,not_attempted,/Users/xingmeng/.openclaw/workspaces/staff-scientist-ideker/agent_LiteratureDueDiligence/runs/pi3k_alpha_inhibition_resistance_review_20260830/Phase1_PubmedCollection/passes/pass_001/artifacts/fulltext_import/PMC_XML/normalized/PMC11581706.json,PMCID resolved from NCBI idconv. NCBI PMC XML downloaded and normalized.
pmid-39290454,39290454,PMC11405990,10.1016/j.ctro.2024.100853,Prognostic implications of HIF-1α expression in anal squamous cell carcinoma treated with intensity-modulated radiotherapy (IMRT).,ncbi_pmc_xml,,,available,usable,no,not_attempted,/Users/xingmeng/.openclaw/workspaces/staff-scientist-ideker/agent_LiteratureDueDiligence/runs/pi3k_alpha_inhibition_resistance_review_20260830/Phase1_PubmedCollection/passes/pass_001/artifacts/fulltext_import/PMC_XML/normalized/PMC11405990.json,PMCID resolved from NCBI idconv. NCBI PMC XML downloaded and normalized.
pmid-39269823,39269823,PMC11491993,10.3233/CBM-230431,Circulating tumor DNA (ctDNA) as a biomarker of response to therapy in advanced Hepatocellular carcinoma treated with Nivolumab.,ncbi_pmc_xml,,,available,usable,no,not_attempted,/Users/xingmeng/.openclaw/workspaces/staff-scientist-ideker/agent_LiteratureDueDiligence/runs/pi3k_alpha_inhibition_resistance_review_20260830/Phase1_PubmedCollection/passes/pass_001/artifacts/fulltext_import/PMC_XML/normalized/PMC11491993.json,PMCID resolved from NCBI idconv. NCBI PMC XML downloaded and normalized.
pmid-39236276,39236276,PMC11575912,10.1200/JCO.24.00110,"Phase I/Ib Trial of Inavolisib Plus Palbociclib and Endocrine Therapy for PIK3CA-Mutated, Hormone Receptor-Positive, Human Epidermal Growth Factor Receptor 2-Negative Advanced or Metastatic Breast Cancer.",ncbi_pmc_xml,,,available,usable,no,not_attempted,/Users/xingmeng/.openclaw/workspaces/staff-scientist-ideker/agent_LiteratureDueDiligence/runs/pi3k_alpha_inhibition_resistance_review_20260830/Phase1_PubmedCollection/passes/pass_001/artifacts/fulltext_import/PMC_XML/normalized/PMC11575912.json,PMCID resolved from NCBI idconv. NCBI PMC XML downloaded and normalized.
pmid-39214106,39214106,,10.1016/S1470-2045(24)00373-5,"Capivasertib and fulvestrant for patients with hormone receptor-positive, HER2-negative advanced breast cancer (CAPItello-291): patient-reported outcomes from a phase 3, randomised, double-blind, placebo-controlled trial.",none,,,missing,not_attempted,yes,missing,,No NCBI PMCID found. Alternate open-access lookup is deferred during PMC-learning to keep early full-text import focused and fast.
pmid-39128978,39128978,,10.1002/ijc.35126,Genomic alterations associated with resistance and circulating tumor DNA dynamics for early detection of progression on CDK4/6 inhibitor in advanced breast cancer.,none,,,missing,not_attempted,yes,missing,,No NCBI PMCID found. Alternate open-access lookup is deferred during PMC-learning to keep early full-text import focused and fast.
pmid-39118880,39118880,PMC11304159,10.21037/tlcr-23-769,Intracranial response to capmatinib after progression on crizotinib in a patient with MET exon 14 skipping non-small cell lung cancer-a case report.,ncbi_pmc_xml,,,available,usable,no,not_attempted,/Users/xingmeng/.openclaw/workspaces/staff-scientist-ideker/agent_LiteratureDueDiligence/runs/pi3k_alpha_inhibition_resistance_review_20260830/Phase1_PubmedCollection/passes/pass_001/artifacts/fulltext_import/PMC_XML/normalized/PMC11304159.json,PMCID resolved from NCBI idconv. NCBI PMC XML downloaded and normalized.
pmid-39098137,39098137,,10.1016/j.compbiolchem.2024.108164,Exploring SALL4 as a significant prognostic marker in breast cancer and its association with progression pathways involved in cancer genesis.,none,,,missing,not_attempted,yes,missing,,No NCBI PMCID found. Alternate open-access lookup is deferred during PMC-learning to keep early full-text import focused and fast.
pmid-39020533,39020533,PMC11384855,10.47162/RJME.65.2.05,"NGS mutational status on first diagnostic tissue, liquid biopsy and mastectomy in G2-G3 breast cancer.",ncbi_pmc_xml,,,available,usable,no,not_attempted,/Users/xingmeng/.openclaw/workspaces/staff-scientist-ideker/agent_LiteratureDueDiligence/runs/pi3k_alpha_inhibition_resistance_review_20260830/Phase1_PubmedCollection/passes/pass_001/artifacts/fulltext_import/PMC_XML/normalized/PMC11384855.json,PMCID resolved from NCBI idconv. NCBI PMC XML downloaded and normalized.
pmid-38975874,38975874,PMC11528210,10.1158/2159-8290.CD-24-0177,Mechanisms of Resistance to Oncogenic KRAS Inhibition in Pancreatic Cancer.,ncbi_pmc_xml,,,available,usable,no,not_attempted,/Users/xingmeng/.openclaw/workspaces/staff-scientist-ideker/agent_LiteratureDueDiligence/runs/pi3k_alpha_inhibition_resistance_review_20260830/Phase1_PubmedCollection/passes/pass_001/artifacts/fulltext_import/PMC_XML/normalized/PMC11528210.json,PMCID resolved from NCBI idconv. NCBI PMC XML downloaded and normalized.
pmid-38927964,38927964,PMC11201395,10.3390/cancers16122259,Resistance to Targeted Inhibitors of the PI3K/AKT/mTOR Pathway in Advanced Oestrogen-Receptor-Positive Breast Cancer.,ncbi_pmc_xml,,,available,usable,no,not_attempted,/Users/xingmeng/.openclaw/workspaces/staff-scientist-ideker/agent_LiteratureDueDiligence/runs/pi3k_alpha_inhibition_resistance_review_20260830/Phase1_PubmedCollection/passes/pass_001/artifacts/fulltext_import/PMC_XML/normalized/PMC11201395.json,PMCID resolved from NCBI idconv. NCBI PMC XML downloaded and normalized.
pmid-38920692,38920692,PMC11201409,10.3390/cells13121064,Combination Therapy Approach to Overcome the Resistance to PI3K Pathway Inhibitors in Gynecological Cancers.,ncbi_pmc_xml,,,available,usable,no,not_attempted,/Users/xingmeng/.openclaw/workspaces/staff-scientist-ideker/agent_LiteratureDueDiligence/runs/pi3k_alpha_inhibition_resistance_review_20260830/Phase1_PubmedCollection/passes/pass_001/artifacts/fulltext_import/PMC_XML/normalized/PMC11201409.json,PMCID resolved from NCBI idconv. NCBI PMC XML downloaded and normalized.
pmid-38912058,38912058,PMC11190075,10.3389/fonc.2024.1408664,Tailoring advanced breast cancer treatment after cyclin-dependent kinase 4/6 inhibitors progression - real-world data analysis.,ncbi_pmc_xml,,,available,usable,no,not_attempted,/Users/xingmeng/.openclaw/workspaces/staff-scientist-ideker/agent_LiteratureDueDiligence/runs/pi3k_alpha_inhibition_resistance_review_20260830/Phase1_PubmedCollection/passes/pass_001/artifacts/fulltext_import/PMC_XML/normalized/PMC11190075.json,PMCID resolved from NCBI idconv. NCBI PMC XML downloaded and normalized.
pmid-38873617,38873617,PMC11170471,10.1016/j.sjbs.2024.104029,Prevalence and effect of PIK3CA H1047R somatic mutation among Indian head and neck cancer patients.,ncbi_pmc_xml,,,available,usable,no,not_attempted,/Users/xingmeng/.openclaw/workspaces/staff-scientist-ideker/agent_LiteratureDueDiligence/runs/pi3k_alpha_inhibition_resistance_review_20260830/Phase1_PubmedCollection/passes/pass_001/artifacts/fulltext_import/PMC_XML/normalized/PMC11170471.json,PMCID resolved from NCBI idconv. NCBI PMC XML downloaded and normalized.
pmid-38839777,38839777,PMC11153628,10.1038/s41523-024-00648-0,Gedatolisib shows superior potency and efficacy versus single-node PI3K/AKT/mTOR inhibitors in breast cancer models.,ncbi_pmc_xml,,,available,usable,no,not_attempted,/Users/xingmeng/.openclaw/workspaces/staff-scientist-ideker/agent_LiteratureDueDiligence/runs/pi3k_alpha_inhibition_resistance_review_20260830/Phase1_PubmedCollection/passes/pass_001/artifacts/fulltext_import/PMC_XML/normalized/PMC11153628.json,PMCID resolved from NCBI idconv. NCBI PMC XML downloaded and normalized.
pmid-38833970,38833970,PMC11179085,10.1016/j.esmoop.2024.103465,Phase Ib dose-escalation trial of taselisib (GDC-0032) in combination with HER2-directed therapies in patients with advanced HER2+ breast cancer.,ncbi_pmc_xml,,,available,usable,no,not_attempted,/Users/xingmeng/.openclaw/workspaces/staff-scientist-ideker/agent_LiteratureDueDiligence/runs/pi3k_alpha_inhibition_resistance_review_20260830/Phase1_PubmedCollection/passes/pass_001/artifacts/fulltext_import/PMC_XML/normalized/PMC11179085.json,PMCID resolved from NCBI idconv. NCBI PMC XML downloaded and normalized.
pmid-38815877,38815877,,10.1016/j.critrevonc.2024.104404,Navigating the complexity of PI3K/AKT pathway in HER-2 negative breast cancer: biomarkers and beyond.,none,,,missing,not_attempted,yes,missing,,No NCBI PMCID found. Alternate open-access lookup is deferred during PMC-learning to keep early full-text import focused and fast.
pmid-38812774,38812774,PMC11133600,10.3389/fonc.2024.1342346,Molecular profiling of metastatic breast cancer and target-based therapeutic matching in an Asian tertiary phase I oncology unit.,ncbi_pmc_xml,,,available,usable,no,not_attempted,/Users/xingmeng/.openclaw/workspaces/staff-scientist-ideker/agent_LiteratureDueDiligence/runs/pi3k_alpha_inhibition_resistance_review_20260830/Phase1_PubmedCollection/passes/pass_001/artifacts/fulltext_import/PMC_XML/normalized/PMC11133600.json,PMCID resolved from NCBI idconv. NCBI PMC XML downloaded and normalized.
pmid-38778166,38778166,PMC11111758,10.1038/s41698-024-00607-9,Osimertinib and palbociclib in an EGFR-mutated NSCLC with primary CDK4 amplification after progression under osimertinib.,ncbi_pmc_xml,,,available,usable,no,not_attempted,/Users/xingmeng/.openclaw/workspaces/staff-scientist-ideker/agent_LiteratureDueDiligence/runs/pi3k_alpha_inhibition_resistance_review_20260830/Phase1_PubmedCollection/passes/pass_001/artifacts/fulltext_import/PMC_XML/normalized/PMC11111758.json,PMCID resolved from NCBI idconv. NCBI PMC XML downloaded and normalized.
pmid-38741375,38741375,PMC11194449,10.1002/cac2.12547,Long-term survival outcomes and immune checkpoint inhibitor retreatment in patients with advanced cervical cancer treated with camrelizumab plus apatinib in the phase II CLAP study.,ncbi_pmc_xml,,,available,usable,no,not_attempted,/Users/xingmeng/.openclaw/workspaces/staff-scientist-ideker/agent_LiteratureDueDiligence/runs/pi3k_alpha_inhibition_resistance_review_20260830/Phase1_PubmedCollection/passes/pass_001/artifacts/fulltext_import/PMC_XML/normalized/PMC11194449.json,PMCID resolved from NCBI idconv. NCBI PMC XML downloaded and normalized.
pmid-38722288,38722288,PMC11081008,10.1111/jcmm.18374,The combination of breast cancer PDO and mini-PDX platform for drug screening and individualized treatment.,ncbi_pmc_xml,,,available,usable,no,not_attempted,/Users/xingmeng/.openclaw/workspaces/staff-scientist-ideker/agent_LiteratureDueDiligence/runs/pi3k_alpha_inhibition_resistance_review_20260830/Phase1_PubmedCollection/passes/pass_001/artifacts/fulltext_import/PMC_XML/normalized/PMC11081008.json,PMCID resolved from NCBI idconv. NCBI PMC XML downloaded and normalized.
pmid-38630555,38630555,,10.1158/1078-0432.CCR-23-2540,Overcoming Osimertinib Resistance with AKT Inhibition in EGFRm-Driven Non-Small Cell Lung Cancer with PIK3CA/PTEN Alterations.,none,,,missing,not_attempted,yes,missing,,No NCBI PMCID found. Alternate open-access lookup is deferred during PMC-learning to keep early full-text import focused and fast.
pmid-38612799,38612799,PMC11012872,10.3390/ijms25073992,Mobocertinib in Patients with EGFR Exon 20 Insertion-Positive Non-Small Cell Lung Cancer (MOON): An International Real-World Safety and Efficacy Analysis.,ncbi_pmc_xml,,,available,usable,no,not_attempted,/Users/xingmeng/.openclaw/workspaces/staff-scientist-ideker/agent_LiteratureDueDiligence/runs/pi3k_alpha_inhibition_resistance_review_20260830/Phase1_PubmedCollection/passes/pass_001/artifacts/fulltext_import/PMC_XML/normalized/PMC11012872.json,PMCID resolved from NCBI idconv. NCBI PMC XML downloaded and normalized.
pmid-38547892,38547892,,10.1016/S1470-2045(24)00034-2,"Gedatolisib in combination with palbociclib and endocrine therapy in women with hormone receptor-positive, HER2-negative advanced breast cancer: results from the dose expansion groups of an open-label, phase 1b study.",none,,,missing,not_attempted,yes,missing,,No NCBI PMCID found. Alternate open-access lookup is deferred during PMC-learning to keep early full-text import focused and fast.
pmid-38532756,38532756,PMC10962242,10.1093/omcr/omae014,Metastatic progression of breast cancer along with decreased mitochondrial cell death priming of breast cancer cells: a case report.,ncbi_pmc_xml,,,available,usable,no,not_attempted,/Users/xingmeng/.openclaw/workspaces/staff-scientist-ideker/agent_LiteratureDueDiligence/runs/pi3k_alpha_inhibition_resistance_review_20260830/Phase1_PubmedCollection/passes/pass_001/artifacts/fulltext_import/PMC_XML/normalized/PMC10962242.json,PMCID resolved from NCBI idconv. NCBI PMC XML downloaded and normalized.
pmid-38531793,38531793,,10.24976/Discov.Med.202436182.49,Characterizing the Efficacy and Safety of Chemotherapy Plus Everolimus in HER2-Negative Metastatic Breast Cancer Harboring Altered PI3K/AKT/mTOR.,none,,,missing,not_attempted,yes,missing,,No NCBI PMCID found. Alternate open-access lookup is deferred during PMC-learning to keep early full-text import focused and fast.
pmid-38513188,38513188,,10.1200/JCO.23.01940,"PACE: A Randomized Phase II Study of Fulvestrant, Palbociclib, and Avelumab After Progression on Cyclin-Dependent Kinase 4/6 Inhibitor and Aromatase Inhibitor for Hormone Receptor-Positive/Human Epidermal Growth Factor Receptor-Negative Metastatic Breast Cancer.",none,,,missing,not_attempted,yes,missing,,No NCBI PMCID found. Alternate open-access lookup is deferred during PMC-learning to keep early full-text import focused and fast.
pmid-38432445,38432445,,10.1016/j.phrs.2024.107123,PIK3CA mutation as an acquired resistance driver to EGFR-TKIs in non-small cell lung cancer: Clinical challenges and opportunities.,none,,,missing,not_attempted,yes,missing,,No NCBI PMCID found. Alternate open-access lookup is deferred during PMC-learning to keep early full-text import focused and fast.
pmid-38427931,38427931,PMC10919481,10.1200/PO.23.00285,Mutational Analysis of Circulating Tumor DNA in Patients With Estrogen Receptor-Positive/Human Epidermal Growth Factor Receptor 2-Negative Advanced Breast Cancer Receiving Palbociclib: Results From the TREnd Trial.,ncbi_pmc_xml,,,missing,unusable,yes,missing,,PMCID resolved from NCBI idconv. PMC XML body element is missing. Unusable XML deleted from run artifacts.
pmid-38413796,38413796,PMC11014798,10.1038/s41388-024-02986-6,Fulvestrant and everolimus efficacy after CDK4/6 inhibitor: a prospective study with circulating tumor DNA analysis.,ncbi_pmc_xml,,,available,usable,no,not_attempted,/Users/xingmeng/.openclaw/workspaces/staff-scientist-ideker/agent_LiteratureDueDiligence/runs/pi3k_alpha_inhibition_resistance_review_20260830/Phase1_PubmedCollection/passes/pass_001/artifacts/fulltext_import/PMC_XML/normalized/PMC11014798.json,PMCID resolved from NCBI idconv. NCBI PMC XML downloaded and normalized.
pmid-38399423,38399423,PMC10891917,10.3390/ph17020208,"Structure-Based In Silico Approaches Reveal IRESSA as a Multitargeted Breast Cancer Regulatory, Signalling, and Receptor Protein Inhibitor.",ncbi_pmc_xml,,,available,usable,no,not_attempted,/Users/xingmeng/.openclaw/workspaces/staff-scientist-ideker/agent_LiteratureDueDiligence/runs/pi3k_alpha_inhibition_resistance_review_20260830/Phase1_PubmedCollection/passes/pass_001/artifacts/fulltext_import/PMC_XML/normalized/PMC10891917.json,PMCID resolved from NCBI idconv. NCBI PMC XML downloaded and normalized.
pmid-38310289,38310289,PMC10837874,10.1186/s12967-023-04675-6,Integrating cfDNA liquid biopsy and organoid-based drug screening reveals PI3K signaling as a promising therapeutic target in colorectal cancer.,ncbi_pmc_xml,,,available,usable,no,not_attempted,/Users/xingmeng/.openclaw/workspaces/staff-scientist-ideker/agent_LiteratureDueDiligence/runs/pi3k_alpha_inhibition_resistance_review_20260830/Phase1_PubmedCollection/passes/pass_001/artifacts/fulltext_import/PMC_XML/normalized/PMC10837874.json,PMCID resolved from NCBI idconv. NCBI PMC XML downloaded and normalized.
pmid-38277752,38277752,,10.1016/j.prp.2024.155142,Chromosome 3p gene alterations as biomarkers for immunocombinations in metastatic renal cell carcinoma: A hypothesis-generating analysis.,none,,,missing,not_attempted,yes,missing,,No NCBI PMCID found. Alternate open-access lookup is deferred during PMC-learning to keep early full-text import focused and fast.
pmid-38257640,38257640,PMC10818266,10.3390/s24020547,ACEK Biosensor for the Minute-Scale Quantification of Breast Cancer ctDNA.,ncbi_pmc_xml,,,available,usable,no,not_attempted,/Users/xingmeng/.openclaw/workspaces/staff-scientist-ideker/agent_LiteratureDueDiligence/runs/pi3k_alpha_inhibition_resistance_review_20260830/Phase1_PubmedCollection/passes/pass_001/artifacts/fulltext_import/PMC_XML/normalized/PMC10818266.json,PMCID resolved from NCBI idconv. NCBI PMC XML downloaded and normalized.
pmid-38238761,38238761,PMC10797795,10.1186/s13058-024-01768-y,c-MET-positive circulating tumor cells and cell-free DNA as independent prognostic factors in hormone receptor-positive/HER2-negative metastatic breast cancer.,ncbi_pmc_xml,,,available,usable,no,not_attempted,/Users/xingmeng/.openclaw/workspaces/staff-scientist-ideker/agent_LiteratureDueDiligence/runs/pi3k_alpha_inhibition_resistance_review_20260830/Phase1_PubmedCollection/passes/pass_001/artifacts/fulltext_import/PMC_XML/normalized/PMC10797795.json,PMCID resolved from NCBI idconv. NCBI PMC XML downloaded and normalized.
pmid-38183801,38183801,PMC10818253,10.1016/j.tranon.2024.101878,Vaccine antibodies against a synthetic epidermal growth factor variant enhance the antitumor effects of inhibitors targeting the MAPK/ERK and PI3K/Akt pathways.,ncbi_pmc_xml,,,available,usable,no,not_attempted,/Users/xingmeng/.openclaw/workspaces/staff-scientist-ideker/agent_LiteratureDueDiligence/runs/pi3k_alpha_inhibition_resistance_review_20260830/Phase1_PubmedCollection/passes/pass_001/artifacts/fulltext_import/PMC_XML/normalized/PMC10818253.json,PMCID resolved from NCBI idconv. NCBI PMC XML downloaded and normalized.
pmid-38134388,38134388,,10.1002/adbi.202300541,Antitumor Activity and Mechanism of Terpenoids in Seaweeds Based on Literature Review and Network Pharmacology.,none,,,missing,not_attempted,yes,missing,,No NCBI PMCID found. Alternate open-access lookup is deferred during PMC-learning to keep early full-text import focused and fast.
pmid-38038965,38038965,,10.1158/0008-5472.CAN-23-1429,Serial Circulating Tumor DNA Analysis with a Tumor-Naïve Next-Generation Sequencing Panel Detects Minimal Residual Disease and Predicts Outcome in Ovarian Cancer.,none,,,missing,not_attempted,yes,missing,,No NCBI PMCID found. Alternate open-access lookup is deferred during PMC-learning to keep early full-text import focused and fast.
pmid-37944079,37944079,,10.1200/JCO.23.01193,"Trastuzumab Plus Gemcitabine-Cisplatin for Treatment-Naïve Human Epidermal Growth Factor Receptor 2-Positive Biliary Tract Adenocarcinoma: A Multicenter, Open-Label, Phase II Study (TAB).",none,,,missing,not_attempted,yes,missing,,No NCBI PMCID found. Alternate open-access lookup is deferred during PMC-learning to keep early full-text import focused and fast.
pmid-37916958,37916958,PMC10850944,10.1158/2159-8290.CD-23-0704,Allosteric PI3Kα Inhibition Overcomes On-target Resistance to Orthosteric Inhibitors Mediated by Secondary PIK3CA Mutations.,ncbi_pmc_xml,,,available,usable,no,not_attempted,/Users/xingmeng/.openclaw/workspaces/staff-scientist-ideker/agent_LiteratureDueDiligence/runs/pi3k_alpha_inhibition_resistance_review_20260830/Phase1_PubmedCollection/passes/pass_001/artifacts/fulltext_import/PMC_XML/normalized/PMC10850944.json,PMCID resolved from NCBI idconv. NCBI PMC XML downloaded and normalized.
pmid-37875670,37875670,,10.1007/s10549-023-07144-2,Changes in cell-free DNA after short-term palbociclib and fulvestrant treatment for advanced or metastatic hormone receptor-positive and human epidermal growth factor 2-negative breast cancer.,none,,,missing,not_attempted,yes,missing,,No NCBI PMCID found. Alternate open-access lookup is deferred during PMC-learning to keep early full-text import focused and fast.
pmid-37721193,37721193,,10.1093/jjco/hyad123,Overall signature of acquired KRAS gene changes in advanced non-small cell lung cancer patient with EGFR-TKI resistance.,none,,,missing,not_attempted,yes,missing,,No NCBI PMCID found. Alternate open-access lookup is deferred during PMC-learning to keep early full-text import focused and fast.
pmid-38796763,38796763,PMC11145577,10.14341/probl13337,[Toxic manifestations of alpelisib in endocrinology. Description of the clinical case].,ncbi_pmc_xml,,,available,usable,no,not_attempted,/Users/xingmeng/.openclaw/workspaces/staff-scientist-ideker/agent_LiteratureDueDiligence/runs/pi3k_alpha_inhibition_resistance_review_20260830/Phase1_PubmedCollection/passes/pass_001/artifacts/fulltext_import/PMC_XML/normalized/PMC11145577.json,PMCID resolved from NCBI idconv. NCBI PMC XML downloaded and normalized.
pmid-38751483,38751483,PMC11093013,10.21037/tbcr-23-9,Efficacy and safety of abemaciclib-based therapy versus tucidinostat-based therapy after progression on palbociclib in patients with HR(+)HER2(-) metastatic breast cancer.,ncbi_pmc_xml,,,available,usable,no,not_attempted,/Users/xingmeng/.openclaw/workspaces/staff-scientist-ideker/agent_LiteratureDueDiligence/runs/pi3k_alpha_inhibition_resistance_review_20260830/Phase1_PubmedCollection/passes/pass_001/artifacts/fulltext_import/PMC_XML/normalized/PMC11093013.json,PMCID resolved from NCBI idconv. NCBI PMC XML downloaded and normalized.
pmid-38406172,38406172,PMC10889120,10.3389/fonc.2023.1307545,Molecular screening with liquid biopsy for anti-EGFR retreatment in metastatic colorectal cancer: preliminary data from the randomized phase 2 PARERE trial.,ncbi_pmc_xml,,,available,usable,no,not_attempted,/Users/xingmeng/.openclaw/workspaces/staff-scientist-ideker/agent_LiteratureDueDiligence/runs/pi3k_alpha_inhibition_resistance_review_20260830/Phase1_PubmedCollection/passes/pass_001/artifacts/fulltext_import/PMC_XML/normalized/PMC10889120.json,PMCID resolved from NCBI idconv. NCBI PMC XML downloaded and normalized.
pmid-38058840,38058840,PMC10695784,,Tracking of trastuzumab resistance in patients with HER2-positive metastatic gastric cancer by CTC liquid biopsy.,ncbi_pmc_xml,,,missing,unusable,yes,missing,,PMCID resolved from NCBI idconv. PMC XML body element is missing. Unusable XML deleted from run artifacts.
pmid-38037140,38037140,PMC10691033,10.1186/s13023-023-02989-8,"Clinical features, genomic profiling, and outcomes of adult patients with unifocal Langerhans cell histiocytosis.",ncbi_pmc_xml,,,available,usable,no,not_attempted,/Users/xingmeng/.openclaw/workspaces/staff-scientist-ideker/agent_LiteratureDueDiligence/runs/pi3k_alpha_inhibition_resistance_review_20260830/Phase1_PubmedCollection/passes/pass_001/artifacts/fulltext_import/PMC_XML/normalized/PMC10691033.json,PMCID resolved from NCBI idconv. NCBI PMC XML downloaded and normalized.
pmid-38033496,38033496,PMC10682785,10.3389/fonc.2023.1283951,"The activity of a PI3K δ-sparing inhibitor, MEN1611, in non-small cell lung cancer cells with constitutive activation of the PI3K/AKT/mTOR pathway.",ncbi_pmc_xml,,,available,usable,no,not_attempted,/Users/xingmeng/.openclaw/workspaces/staff-scientist-ideker/agent_LiteratureDueDiligence/runs/pi3k_alpha_inhibition_resistance_review_20260830/Phase1_PubmedCollection/passes/pass_001/artifacts/fulltext_import/PMC_XML/normalized/PMC10682785.json,PMCID resolved from NCBI idconv. NCBI PMC XML downloaded and normalized.
pmid-38025143,38025143,PMC10681085,10.5863/1551-6776-28.7.590,Alpelisib: A Novel Agent for PIK3CA-Related Overgrowth Spectrum.,ncbi_pmc_xml,,,missing,unusable,yes,missing,,PMCID resolved from NCBI idconv. PMC XML body element is missing. Unusable XML deleted from run artifacts.
pmid-38023131,38023131,PMC10665890,10.3389/fonc.2023.1282356,Outcomes of fertility preservation treatments in patients with endometrial cancer with different molecular classifications based on an NGS panel.,ncbi_pmc_xml,,,available,usable,no,not_attempted,/Users/xingmeng/.openclaw/workspaces/staff-scientist-ideker/agent_LiteratureDueDiligence/runs/pi3k_alpha_inhibition_resistance_review_20260830/Phase1_PubmedCollection/passes/pass_001/artifacts/fulltext_import/PMC_XML/normalized/PMC10665890.json,PMCID resolved from NCBI idconv. NCBI PMC XML downloaded and normalized.
pmid-37975961,37975961,,10.1007/s40261-023-01325-z,"Is Alpelisib Plus Fulvestrant Cost-Effective for Treating PIK3CA-Mutation, HR+/HER2- Advanced Breast Cancer in the USA?",none,,,missing,not_attempted,yes,missing,,No NCBI PMCID found. Alternate open-access lookup is deferred during PMC-learning to keep early full-text import focused and fast.
pmid-37973901,37973901,PMC10654734,10.1038/s41392-023-01672-5,Predictive biomarkers of response and survival following immunotherapy with a PD-L1 inhibitor benmelstobart (TQB2450) and antiangiogenic therapy with a VEGFR inhibitor anlotinib for pretreated advanced triple negative breast cancer.,ncbi_pmc_xml,,,available,usable,no,not_attempted,/Users/xingmeng/.openclaw/workspaces/staff-scientist-ideker/agent_LiteratureDueDiligence/runs/pi3k_alpha_inhibition_resistance_review_20260830/Phase1_PubmedCollection/passes/pass_001/artifacts/fulltext_import/PMC_XML/normalized/PMC10654734.json,PMCID resolved from NCBI idconv. NCBI PMC XML downloaded and normalized.
pmid-37972068,37972068,PMC10666034,10.1073/pnas.2313137120,SOS1 and KSR1 modulate MEK inhibitor responsiveness to target resistant cell populations based on PI3K and KRAS mutation status.,ncbi_pmc_xml,,,available,usable,no,not_attempted,/Users/xingmeng/.openclaw/workspaces/staff-scientist-ideker/agent_LiteratureDueDiligence/runs/pi3k_alpha_inhibition_resistance_review_20260830/Phase1_PubmedCollection/passes/pass_001/artifacts/fulltext_import/PMC_XML/normalized/PMC10666034.json,PMCID resolved from NCBI idconv. NCBI PMC XML downloaded and normalized.
pmid-37927802,37927802,PMC10619564,10.21873/cdp.10264,"An Overview of Renal Cell Carcinoma Hallmarks, Drug Resistance, and Adjuvant Therapies.",ncbi_pmc_xml,,,missing,unusable,yes,missing,,PMCID resolved from NCBI idconv. PMC XML body element is missing. Unusable XML deleted from run artifacts.
pmid-37866161,37866161,PMC10623367,10.1016/j.redox.2023.102931,The SGK3-Catalase antioxidant signaling axis drives cervical cancer growth and therapy resistance.,ncbi_pmc_xml,,,available,usable,no,not_attempted,/Users/xingmeng/.openclaw/workspaces/staff-scientist-ideker/agent_LiteratureDueDiligence/runs/pi3k_alpha_inhibition_resistance_review_20260830/Phase1_PubmedCollection/passes/pass_001/artifacts/fulltext_import/PMC_XML/normalized/PMC10623367.json,PMCID resolved from NCBI idconv. NCBI PMC XML downloaded and normalized.
pmid-37725704,37725704,PMC10690091,10.1158/0008-5472.CAN-23-0694,The Next-Generation Oral Selective Estrogen Receptor Degrader Camizestrant (AZD9833) Suppresses ER+ Breast Cancer Growth and Overcomes Endocrine and CDK4/6 Inhibitor Resistance.,ncbi_pmc_xml,,,available,usable,no,not_attempted,/Users/xingmeng/.openclaw/workspaces/staff-scientist-ideker/agent_LiteratureDueDiligence/runs/pi3k_alpha_inhibition_resistance_review_20260830/Phase1_PubmedCollection/passes/pass_001/artifacts/fulltext_import/PMC_XML/normalized/PMC10690091.json,PMCID resolved from NCBI idconv. NCBI PMC XML downloaded and normalized.
pmid-37643132,37643132,PMC10644000,10.1158/1078-0432.CCR-23-1078,Assessing the Genomic Landscape of Cervical Cancers: Clinical Opportunities and Therapeutic Targets.,ncbi_pmc_xml,,,available,usable,no,not_attempted,/Users/xingmeng/.openclaw/workspaces/staff-scientist-ideker/agent_LiteratureDueDiligence/runs/pi3k_alpha_inhibition_resistance_review_20260830/Phase1_PubmedCollection/passes/pass_001/artifacts/fulltext_import/PMC_XML/normalized/PMC10644000.json,PMCID resolved from NCBI idconv. NCBI PMC XML downloaded and normalized.
pmid-37634629,37634629,PMC10462813,10.3349/ymj.2023.0096,Monitoring the Outcomes of Systemic Chemotherapy Including Immune Checkpoint Inhibitor for HER2-Positive Metastatic Gastric Cancer by Liquid Biopsy.,ncbi_pmc_xml,,,available,usable,no,not_attempted,/Users/xingmeng/.openclaw/workspaces/staff-scientist-ideker/agent_LiteratureDueDiligence/runs/pi3k_alpha_inhibition_resistance_review_20260830/Phase1_PubmedCollection/passes/pass_001/artifacts/fulltext_import/PMC_XML/normalized/PMC10462813.json,PMCID resolved from NCBI idconv. NCBI PMC XML downloaded and normalized.
pmid-37628682,37628682,PMC10454507,10.3390/genes14081632,A Rare Pathological Phenotype of Endometrioid Serous and Clear-Cell Ovarian Cancer with PIK3CA Mutations in Relation to The Excellent Response of Alpelisib.,ncbi_pmc_xml,,,available,usable,no,not_attempted,/Users/xingmeng/.openclaw/workspaces/staff-scientist-ideker/agent_LiteratureDueDiligence/runs/pi3k_alpha_inhibition_resistance_review_20260830/Phase1_PubmedCollection/passes/pass_001/artifacts/fulltext_import/PMC_XML/normalized/PMC10454507.json,PMCID resolved from NCBI idconv. NCBI PMC XML downloaded and normalized.
pmid-37597578,37597578,PMC11335023,10.1016/j.annonc.2023.08.003,"Neratinib + fulvestrant + trastuzumab for HR-positive, HER2-negative, HER2-mutant metastatic breast cancer: outcomes and biomarker analysis from the SUMMIT trial.",ncbi_pmc_xml,,,available,usable,no,not_attempted,/Users/xingmeng/.openclaw/workspaces/staff-scientist-ideker/agent_LiteratureDueDiligence/runs/pi3k_alpha_inhibition_resistance_review_20260830/Phase1_PubmedCollection/passes/pass_001/artifacts/fulltext_import/PMC_XML/normalized/PMC11335023.json,PMCID resolved from NCBI idconv. NCBI PMC XML downloaded and normalized.
pmid-37580773,37580773,PMC10426213,10.1186/s12916-023-03017-z,Potential value of ctDNA monitoring in metastatic HR + /HER2 - breast cancer: longitudinal ctDNA analysis in the phase Ib MONALEESASIA trial.,ncbi_pmc_xml,,,available,usable,no,not_attempted,/Users/xingmeng/.openclaw/workspaces/staff-scientist-ideker/agent_LiteratureDueDiligence/runs/pi3k_alpha_inhibition_resistance_review_20260830/Phase1_PubmedCollection/passes/pass_001/artifacts/fulltext_import/PMC_XML/normalized/PMC10426213.json,PMCID resolved from NCBI idconv. NCBI PMC XML downloaded and normalized.
pmid-37511178,37511178,PMC10379453,10.3390/ijms241411419,Real-World Use of Highly Sensitive Liquid Biopsy Monitoring in Metastatic Breast Cancer Patients Treated with Endocrine Agents after Exposure to Aromatase Inhibitors.,ncbi_pmc_xml,,,available,usable,no,not_attempted,/Users/xingmeng/.openclaw/workspaces/staff-scientist-ideker/agent_LiteratureDueDiligence/runs/pi3k_alpha_inhibition_resistance_review_20260830/Phase1_PubmedCollection/passes/pass_001/artifacts/fulltext_import/PMC_XML/normalized/PMC10379453.json,PMCID resolved from NCBI idconv. NCBI PMC XML downloaded and normalized.
pmid-37501598,37501598,PMC10480495,10.1002/cnr2.1864,Inetetamab in combination with rapamycin and chemotherapy for trastuzumab-treated metastatic human epidermal growth factor receptor 2-positive breast cancer with abnormal activation of PI3K/Akt/mTOR pathway.,ncbi_pmc_xml,,,available,usable,no,not_attempted,/Users/xingmeng/.openclaw/workspaces/staff-scientist-ideker/agent_LiteratureDueDiligence/runs/pi3k_alpha_inhibition_resistance_review_20260830/Phase1_PubmedCollection/passes/pass_001/artifacts/fulltext_import/PMC_XML/normalized/PMC10480495.json,PMCID resolved from NCBI idconv. NCBI PMC XML downloaded and normalized.
pmid-37493631,37493631,PMC10811747,10.1158/1541-7786.MCR-23-0034,CBF-Beta Mitigates PI3K-Alpha-Specific Inhibitor Killing through PIM1 in PIK3CA-Mutant Gastric Cancer.,ncbi_pmc_xml,,,available,usable,no,not_attempted,/Users/xingmeng/.openclaw/workspaces/staff-scientist-ideker/agent_LiteratureDueDiligence/runs/pi3k_alpha_inhibition_resistance_review_20260830/Phase1_PubmedCollection/passes/pass_001/artifacts/fulltext_import/PMC_XML/normalized/PMC10811747.json,PMCID resolved from NCBI idconv. NCBI PMC XML downloaded and normalized.
pmid-37469415,37469415,PMC10353540,10.3389/fonc.2023.1108242,The effect of the alpha-specific PI3K inhibitor alpelisib combined with anti-HER2 therapy in HER2+/PIK3CA mutant breast cancer.,ncbi_pmc_xml,,,available,usable,no,not_attempted,/Users/xingmeng/.openclaw/workspaces/staff-scientist-ideker/agent_LiteratureDueDiligence/runs/pi3k_alpha_inhibition_resistance_review_20260830/Phase1_PubmedCollection/passes/pass_001/artifacts/fulltext_import/PMC_XML/normalized/PMC10353540.json,PMCID resolved from NCBI idconv. NCBI PMC XML downloaded and normalized.
pmid-37443159,37443159,PMC10344867,10.1038/s41467-023-39404-6,Liver lipophagy ameliorates nonalcoholic steatohepatitis through extracellular lipid secretion.,ncbi_pmc_xml,,,available,usable,no,not_attempted,/Users/xingmeng/.openclaw/workspaces/staff-scientist-ideker/agent_LiteratureDueDiligence/runs/pi3k_alpha_inhibition_resistance_review_20260830/Phase1_PubmedCollection/passes/pass_001/artifacts/fulltext_import/PMC_XML/normalized/PMC10344867.json,PMCID resolved from NCBI idconv. NCBI PMC XML downloaded and normalized.
pmid-37418832,37418832,PMC10529107,10.1016/j.ygyno.2023.06.021,"A phase 2 study of dasatinib in recurrent clear cell carcinoma of the ovary, fallopian tube, peritoneum or endometrium: NRG oncology/gynecologic oncology group study 0283.",ncbi_pmc_xml,,,available,usable,no,not_attempted,/Users/xingmeng/.openclaw/workspaces/staff-scientist-ideker/agent_LiteratureDueDiligence/runs/pi3k_alpha_inhibition_resistance_review_20260830/Phase1_PubmedCollection/passes/pass_001/artifacts/fulltext_import/PMC_XML/normalized/PMC10529107.json,PMCID resolved from NCBI idconv. NCBI PMC XML downloaded and normalized.
pmid-37416479,37416479,PMC10320197,10.1016/j.isci.2023.107105,The potential therapeutic regimen for overcoming resistance to osimertinib due to rare mutations in NSCLC.,ncbi_pmc_xml,,,available,usable,no,not_attempted,/Users/xingmeng/.openclaw/workspaces/staff-scientist-ideker/agent_LiteratureDueDiligence/runs/pi3k_alpha_inhibition_resistance_review_20260830/Phase1_PubmedCollection/passes/pass_001/artifacts/fulltext_import/PMC_XML/normalized/PMC10320197.json,PMCID resolved from NCBI idconv. NCBI PMC XML downloaded and normalized.
pmid-37404765,37404765,PMC10315669,10.3389/fonc.2023.1169586,Genomic landscape of clinically advanced KRAS wild-type pancreatic ductal adenocarcinoma.,ncbi_pmc_xml,,,available,usable,no,not_attempted,/Users/xingmeng/.openclaw/workspaces/staff-scientist-ideker/agent_LiteratureDueDiligence/runs/pi3k_alpha_inhibition_resistance_review_20260830/Phase1_PubmedCollection/passes/pass_001/artifacts/fulltext_import/PMC_XML/normalized/PMC10315669.json,PMCID resolved from NCBI idconv. NCBI PMC XML downloaded and normalized.
pmid-37366894,37366894,PMC10297170,10.3390/curroncol30060411,HR+/HER2- Advanced Breast Cancer Treatment in the First-Line Setting: Expert Review.,ncbi_pmc_xml,,,available,usable,no,not_attempted,/Users/xingmeng/.openclaw/workspaces/staff-scientist-ideker/agent_LiteratureDueDiligence/runs/pi3k_alpha_inhibition_resistance_review_20260830/Phase1_PubmedCollection/passes/pass_001/artifacts/fulltext_import/PMC_XML/normalized/PMC10297170.json,PMCID resolved from NCBI idconv. NCBI PMC XML downloaded and normalized.
pmid-37348428,37348428,PMC10314290,10.1016/j.neo.2023.100913,P110α inhibitor alpelisib exhibits a synergistic effect with pyrotinib and reverses pyrotinib resistant in HER2+ breast cancer.,ncbi_pmc_xml,,,available,usable,no,not_attempted,/Users/xingmeng/.openclaw/workspaces/staff-scientist-ideker/agent_LiteratureDueDiligence/runs/pi3k_alpha_inhibition_resistance_review_20260830/Phase1_PubmedCollection/passes/pass_001/artifacts/fulltext_import/PMC_XML/normalized/PMC10314290.json,PMCID resolved from NCBI idconv. NCBI PMC XML downloaded and normalized.
pmid-37344660,37344660,PMC10460702,10.1007/s10549-023-06967-3,"Plasma cell-free tumor DNA, PIK3CA and TP53 mutations predicted inferior endocrine-based treatment outcome in endocrine receptor-positive metastatic breast cancer.",ncbi_pmc_xml,,,available,usable,no,not_attempted,/Users/xingmeng/.openclaw/workspaces/staff-scientist-ideker/agent_LiteratureDueDiligence/runs/pi3k_alpha_inhibition_resistance_review_20260830/Phase1_PubmedCollection/passes/pass_001/artifacts/fulltext_import/PMC_XML/normalized/PMC10460702.json,PMCID resolved from NCBI idconv. NCBI PMC XML downloaded and normalized.
pmid-37339176,37339176,PMC10543974,10.1158/0008-5472.CAN-23-0282,Tipifarnib Potentiates the Antitumor Effects of PI3Kα Inhibition in PIK3CA- and HRAS-Dysregulated HNSCC via Convergent Inhibition of mTOR Activity.,ncbi_pmc_xml,,,available,usable,no,not_attempted,/Users/xingmeng/.openclaw/workspaces/staff-scientist-ideker/agent_LiteratureDueDiligence/runs/pi3k_alpha_inhibition_resistance_review_20260830/Phase1_PubmedCollection/passes/pass_001/artifacts/fulltext_import/PMC_XML/normalized/PMC10543974.json,PMCID resolved from NCBI idconv. NCBI PMC XML downloaded and normalized.
pmid-37336919,37336919,PMC10279711,10.1038/s41598-023-35925-8,Genomic analysis of plasma circulating tumor DNA in patients with heavily pretreated HER2 + metastatic breast cancer.,ncbi_pmc_xml,,,available,usable,no,not_attempted,/Users/xingmeng/.openclaw/workspaces/staff-scientist-ideker/agent_LiteratureDueDiligence/runs/pi3k_alpha_inhibition_resistance_review_20260830/Phase1_PubmedCollection/passes/pass_001/artifacts/fulltext_import/PMC_XML/normalized/PMC10279711.json,PMCID resolved from NCBI idconv. NCBI PMC XML downloaded and normalized.
pmid-37318638,37318638,PMC10300156,10.1007/s10549-023-06998-w,Modeling the novel SERD elacestrant in cultured fulvestrant-refractory HR-positive breast circulating tumor cells.,ncbi_pmc_xml,,,available,usable,no,not_attempted,/Users/xingmeng/.openclaw/workspaces/staff-scientist-ideker/agent_LiteratureDueDiligence/runs/pi3k_alpha_inhibition_resistance_review_20260830/Phase1_PubmedCollection/passes/pass_001/artifacts/fulltext_import/PMC_XML/normalized/PMC10300156.json,PMCID resolved from NCBI idconv. NCBI PMC XML downloaded and normalized.
pmid-37316414,37316414,,10.1016/j.clgc.2023.05.007,Impact of Squamous Histology on Clinical Outcomes and Molecular Profiling in Metastatic Urothelial Carcinoma Patients Treated With Immune Checkpoint Inhibitors or Enfortumab Vedotin.,none,,,missing,not_attempted,yes,missing,,No NCBI PMCID found. Alternate open-access lookup is deferred during PMC-learning to keep early full-text import focused and fast.
pmid-37298642,37298642,PMC10253720,10.3390/ijms24119688,Next-Generation Sequencing and Triple-Negative Breast Cancer: Insights and Applications.,ncbi_pmc_xml,,,available,usable,no,not_attempted,/Users/xingmeng/.openclaw/workspaces/staff-scientist-ideker/agent_LiteratureDueDiligence/runs/pi3k_alpha_inhibition_resistance_review_20260830/Phase1_PubmedCollection/passes/pass_001/artifacts/fulltext_import/PMC_XML/normalized/PMC10253720.json,PMCID resolved from NCBI idconv. NCBI PMC XML downloaded and normalized.
pmid-37272756,37272756,PMC10527017,10.1158/0008-5472.CAN-22-3558,Breast Cancer Mutations HER2V777L and PIK3CAH1047R Activate the p21-CDK4/6-Cyclin D1 Axis to Drive Tumorigenesis and Drug Resistance.,ncbi_pmc_xml,,,available,usable,no,not_attempted,/Users/xingmeng/.openclaw/workspaces/staff-scientist-ideker/agent_LiteratureDueDiligence/runs/pi3k_alpha_inhibition_resistance_review_20260830/Phase1_PubmedCollection/passes/pass_001/artifacts/fulltext_import/PMC_XML/normalized/PMC10527017.json,PMCID resolved from NCBI idconv. NCBI PMC XML downloaded and normalized.
pmid-37264081,37264081,PMC10328828,10.1038/s41388-023-02737-z,A bi-steric mTORC1-selective inhibitor overcomes drug resistance in breast cancer.,ncbi_pmc_xml,,,available,usable,no,not_attempted,/Users/xingmeng/.openclaw/workspaces/staff-scientist-ideker/agent_LiteratureDueDiligence/runs/pi3k_alpha_inhibition_resistance_review_20260830/Phase1_PubmedCollection/passes/pass_001/artifacts/fulltext_import/PMC_XML/normalized/PMC10328828.json,PMCID resolved from NCBI idconv. NCBI PMC XML downloaded and normalized.
pmid-37256976,37256976,PMC11335038,10.1056/NEJMoa2214131,Capivasertib in Hormone Receptor-Positive Advanced Breast Cancer.,ncbi_pmc_xml,,,available,usable,no,not_attempted,/Users/xingmeng/.openclaw/workspaces/staff-scientist-ideker/agent_LiteratureDueDiligence/runs/pi3k_alpha_inhibition_resistance_review_20260830/Phase1_PubmedCollection/passes/pass_001/artifacts/fulltext_import/PMC_XML/normalized/PMC11335038.json,PMCID resolved from NCBI idconv. NCBI PMC XML downloaded and normalized.
pmid-37210417,37210417,PMC10199936,10.1038/s41523-023-00544-z,Phase II trial of fulvestrant plus enzalutamide in ER+/HER2- advanced breast cancer.,ncbi_pmc_xml,,,available,usable,no,not_attempted,/Users/xingmeng/.openclaw/workspaces/staff-scientist-ideker/agent_LiteratureDueDiligence/runs/pi3k_alpha_inhibition_resistance_review_20260830/Phase1_PubmedCollection/passes/pass_001/artifacts/fulltext_import/PMC_XML/normalized/PMC10199936.json,PMCID resolved from NCBI idconv. NCBI PMC XML downloaded and normalized.
pmid-37200022,37200022,PMC10196928,10.1001/jamaoncol.2023.0655,Panitumumab Plus Trifluridine-Tipiracil as Anti-Epidermal Growth Factor Receptor Rechallenge Therapy for Refractory RAS Wild-Type Metastatic Colorectal Cancer: A Phase 2 Randomized Clinical Trial.,ncbi_pmc_xml,,,available,usable,no,not_attempted,/Users/xingmeng/.openclaw/workspaces/staff-scientist-ideker/agent_LiteratureDueDiligence/runs/pi3k_alpha_inhibition_resistance_review_20260830/Phase1_PubmedCollection/passes/pass_001/artifacts/fulltext_import/PMC_XML/normalized/PMC10196928.json,PMCID resolved from NCBI idconv. NCBI PMC XML downloaded and normalized.
pmid-37178049,37178049,,10.1002/jgm.3525,Prognostic analysis and validation of lncRNAs in bladder cancer on the basis of neutrophil extracellular traps.,none,,,missing,not_attempted,yes,missing,,No NCBI PMCID found. Alternate open-access lookup is deferred during PMC-learning to keep early full-text import focused and fast.
pmid-37108122,37108122,PMC10138687,10.3390/ijms24086958,Surveillance of cfDNA Hot Spot Mutations in NSCLC Patients during Disease Progression.,ncbi_pmc_xml,,,available,usable,no,not_attempted,/Users/xingmeng/.openclaw/workspaces/staff-scientist-ideker/agent_LiteratureDueDiligence/runs/pi3k_alpha_inhibition_resistance_review_20260830/Phase1_PubmedCollection/passes/pass_001/artifacts/fulltext_import/PMC_XML/normalized/PMC10138687.json,PMCID resolved from NCBI idconv. NCBI PMC XML downloaded and normalized.
pmid-37107702,37107702,PMC10138117,10.3390/genes14040944,SPAG9 Expression Predicts Good Prognosis in Patients with Clear-Cell Renal Cell Carcinoma: A Bioinformatics Analysis with Experimental Validation.,ncbi_pmc_xml,,,available,usable,no,not_attempted,/Users/xingmeng/.openclaw/workspaces/staff-scientist-ideker/agent_LiteratureDueDiligence/runs/pi3k_alpha_inhibition_resistance_review_20260830/Phase1_PubmedCollection/passes/pass_001/artifacts/fulltext_import/PMC_XML/normalized/PMC10138117.json,PMCID resolved from NCBI idconv. NCBI PMC XML downloaded and normalized.
pmid-37053535,37053535,PMC10309549,10.1200/PO.22.00421,"Trametinib in Patients With NF1-, GNAQ-, or GNA11-Mutant Tumors: Results From the NCI-MATCH ECOG-ACRIN Trial (EAY131) Subprotocols S1 and S2.",ncbi_pmc_xml,,,available,usable,no,not_attempted,/Users/xingmeng/.openclaw/workspaces/staff-scientist-ideker/agent_LiteratureDueDiligence/runs/pi3k_alpha_inhibition_resistance_review_20260830/Phase1_PubmedCollection/passes/pass_001/artifacts/fulltext_import/PMC_XML/normalized/PMC10309549.json,PMCID resolved from NCBI idconv. NCBI PMC XML downloaded and normalized.
pmid-37004423,37004423,PMC10367182,10.1016/j.oraloncology.2023.106372,Noninvasive genomic profiling of somatic mutations in oral cavity cancers.,ncbi_pmc_xml,,,available,usable,no,not_attempted,/Users/xingmeng/.openclaw/workspaces/staff-scientist-ideker/agent_LiteratureDueDiligence/runs/pi3k_alpha_inhibition_resistance_review_20260830/Phase1_PubmedCollection/passes/pass_001/artifacts/fulltext_import/PMC_XML/normalized/PMC10367182.json,PMCID resolved from NCBI idconv. NCBI PMC XML downloaded and normalized.
pmid-37000353,37000353,,10.1007/s12010-023-04424-x,Targeted Inhibition of Hsp90 in Combination with Metformin Modulates Programmed Cell Death Pathways in A549 Lung Cancer Cells.,none,,,missing,not_attempted,yes,missing,,No NCBI PMCID found. Alternate open-access lookup is deferred during PMC-learning to keep early full-text import focused and fast.
pmid-36915460,36915460,PMC10007946,10.21037/jgo-23-39,"Using a combination of fruquintinib, raltitrexed, and S-1 as a third-line treatment for metastatic colorectal cancer with co-existence of Hodgkin lymphoma: a case report.",ncbi_pmc_xml,,,available,usable,no,not_attempted,/Users/xingmeng/.openclaw/workspaces/staff-scientist-ideker/agent_LiteratureDueDiligence/runs/pi3k_alpha_inhibition_resistance_review_20260830/Phase1_PubmedCollection/passes/pass_001/artifacts/fulltext_import/PMC_XML/normalized/PMC10007946.json,PMCID resolved from NCBI idconv. NCBI PMC XML downloaded and normalized.
pmid-36914722,36914722,PMC10241926,10.1038/s41416-023-02221-1,The emerging role of PI3K inhibitors for solid tumour treatment and beyond.,ncbi_pmc_xml,,,missing,unusable,yes,missing,,PMCID resolved from NCBI idconv. PMC XML body element is missing. Unusable XML deleted from run artifacts.
pmid-36901954,36901954,PMC10003259,10.3390/ijms24054522,Drugging the PI3K/AKT/mTOR Pathway in ER+ Breast Cancer.,ncbi_pmc_xml,,,available,usable,no,not_attempted,/Users/xingmeng/.openclaw/workspaces/staff-scientist-ideker/agent_LiteratureDueDiligence/runs/pi3k_alpha_inhibition_resistance_review_20260830/Phase1_PubmedCollection/passes/pass_001/artifacts/fulltext_import/PMC_XML/normalized/PMC10003259.json,PMCID resolved from NCBI idconv. NCBI PMC XML downloaded and normalized.
pmid-36876172,36876172,PMC9982335,10.1159/000527917,CDK4/6 Inhibitors in Advanced HR+/HER2 - Breast Cancer: A Multicenter Real-World Data Analysis.,ncbi_pmc_xml,,,available,usable,no,not_attempted,/Users/xingmeng/.openclaw/workspaces/staff-scientist-ideker/agent_LiteratureDueDiligence/runs/pi3k_alpha_inhibition_resistance_review_20260830/Phase1_PubmedCollection/passes/pass_001/artifacts/fulltext_import/PMC_XML/normalized/PMC9982335.json,PMCID resolved from NCBI idconv. NCBI PMC XML downloaded and normalized.
pmid-36835617,36835617,PMC9963198,10.3390/ijms24044209,"Response to Abemaciclib and Immunotherapy Rechallenge with Nivolumab and Ipilimumab in a Heavily Pretreated TMB-H Metastatic Squamous Cell Lung Cancer with CDKN2A Mutation, PIK3CA Amplification and TPS 80%: A Case Report.",ncbi_pmc_xml,,,available,usable,no,not_attempted,/Users/xingmeng/.openclaw/workspaces/staff-scientist-ideker/agent_LiteratureDueDiligence/runs/pi3k_alpha_inhibition_resistance_review_20260830/Phase1_PubmedCollection/passes/pass_001/artifacts/fulltext_import/PMC_XML/normalized/PMC9963198.json,PMCID resolved from NCBI idconv. NCBI PMC XML downloaded and normalized.
pmid-36805958,36805958,PMC12440294,10.1158/1535-7163.MCT-21-0667,Tumor and Stromal Cell Targeting with Nintedanib and Alpelisib Overcomes Intrinsic Bladder Cancer Resistance.,ncbi_pmc_xml,,,available,usable,no,not_attempted,/Users/xingmeng/.openclaw/workspaces/staff-scientist-ideker/agent_LiteratureDueDiligence/runs/pi3k_alpha_inhibition_resistance_review_20260830/Phase1_PubmedCollection/passes/pass_001/artifacts/fulltext_import/PMC_XML/normalized/PMC12440294.json,PMCID resolved from NCBI idconv. NCBI PMC XML downloaded and normalized.
pmid-36792625,36792625,PMC9932145,10.1038/s41598-023-29425-y,Targeting mTOR to overcome resistance to hormone and CDK4/6 inhibitors in ER-positive breast cancer models.,ncbi_pmc_xml,,,available,usable,no,not_attempted,/Users/xingmeng/.openclaw/workspaces/staff-scientist-ideker/agent_LiteratureDueDiligence/runs/pi3k_alpha_inhibition_resistance_review_20260830/Phase1_PubmedCollection/passes/pass_001/artifacts/fulltext_import/PMC_XML/normalized/PMC9932145.json,PMCID resolved from NCBI idconv. NCBI PMC XML downloaded and normalized.
pmid-36788078,36788078,,10.1016/j.modpat.2022.100056,Early Triple-Negative Breast Cancers in a Singapore Cohort Exhibit High PIK3CA Mutation Rates Associated With Low PD-L1 Expression.,none,,,missing,not_attempted,yes,missing,,No NCBI PMCID found. Alternate open-access lookup is deferred during PMC-learning to keep early full-text import focused and fast.
pmid-36652260,36652260,PMC9980308,10.1002/1878-0261.13378,Overexpression of synaptic vesicle protein Rab GTPase 3C promotes vesicular exocytosis and drug resistance in colorectal cancer cells.,ncbi_pmc_xml,,,available,usable,no,not_attempted,/Users/xingmeng/.openclaw/workspaces/staff-scientist-ideker/agent_LiteratureDueDiligence/runs/pi3k_alpha_inhibition_resistance_review_20260830/Phase1_PubmedCollection/passes/pass_001/artifacts/fulltext_import/PMC_XML/normalized/PMC9980308.json,PMCID resolved from NCBI idconv. NCBI PMC XML downloaded and normalized.
pmid-36605843,36605843,PMC9807735,10.1007/s13691-022-00573-8,Lenvatinib-refractory thymic mucinous carcinoma with PIK3CA mutation.,ncbi_pmc_xml,,,missing,unusable,yes,missing,,PMCID resolved from NCBI idconv. PMC XML body element is missing. Unusable XML deleted from run artifacts.
pmid-36595552,36595552,PMC9839248,10.1371/journal.pgen.1010563,"ESR1 gene amplification and MAP3K mutations are selected during adjuvant endocrine therapies in relapsing Hormone Receptor-positive, HER2-negative breast cancer (HR+ HER2- BC).",ncbi_pmc_xml,,,available,usable,no,not_attempted,/Users/xingmeng/.openclaw/workspaces/staff-scientist-ideker/agent_LiteratureDueDiligence/runs/pi3k_alpha_inhibition_resistance_review_20260830/Phase1_PubmedCollection/passes/pass_001/artifacts/fulltext_import/PMC_XML/normalized/PMC9839248.json,PMCID resolved from NCBI idconv. NCBI PMC XML downloaded and normalized.
pmid-36472769,36472769,PMC10356876,10.1007/s00432-022-04503-2,Interactive webtool for analyzing drug sensitivity and resistance associated with genetic signatures of cancer cell lines.,ncbi_pmc_xml,,,available,usable,no,not_attempted,/Users/xingmeng/.openclaw/workspaces/staff-scientist-ideker/agent_LiteratureDueDiligence/runs/pi3k_alpha_inhibition_resistance_review_20260830/Phase1_PubmedCollection/passes/pass_001/artifacts/fulltext_import/PMC_XML/normalized/PMC10356876.json,PMCID resolved from NCBI idconv. NCBI PMC XML downloaded and normalized.
pmid-36319849,36319849,PMC9814377,10.1038/s41416-022-02032-w,PAK and PI3K pathway activation confers resistance to KRAS(G12C) inhibitor sotorasib.,ncbi_pmc_xml,,,missing,unusable,yes,missing,,PMCID resolved from NCBI idconv. PMC XML body element is missing. Unusable XML deleted from run artifacts.
pmid-36308067,36308067,PMC9986062,10.1111/cas.15632,BAIAP2L1 accelerates breast cancer progression and chemoresistance by activating AKT signaling through binding with ribosomal protein L3.,ncbi_pmc_xml,,,available,usable,no,not_attempted,/Users/xingmeng/.openclaw/workspaces/staff-scientist-ideker/agent_LiteratureDueDiligence/runs/pi3k_alpha_inhibition_resistance_review_20260830/Phase1_PubmedCollection/passes/pass_001/artifacts/fulltext_import/PMC_XML/normalized/PMC9986062.json,PMCID resolved from NCBI idconv. NCBI PMC XML downloaded and normalized.
pmid-36195678,36195678,,10.1007/s00268-022-06738-z,Ferroptosis Inducers in Thyroid Cancer.,none,,,missing,not_attempted,yes,missing,,No NCBI PMCID found. Alternate open-access lookup is deferred during PMC-learning to keep early full-text import focused and fast.
pmid-36969746,36969746,PMC10035393,10.1158/2767-9764.CRC-22-0169,A Phase II Study Investigating Cabozantinib in Patients with Refractory Metastatic Colorectal Cancer (AGICC 17CRC01).,ncbi_pmc_xml,,,available,usable,no,not_attempted,/Users/xingmeng/.openclaw/workspaces/staff-scientist-ideker/agent_LiteratureDueDiligence/runs/pi3k_alpha_inhibition_resistance_review_20260830/Phase1_PubmedCollection/passes/pass_001/artifacts/fulltext_import/PMC_XML/normalized/PMC10035393.json,PMCID resolved from NCBI idconv. NCBI PMC XML downloaded and normalized.
pmid-36923283,36923283,PMC10010328,10.1158/2767-9764.CRC-22-0028,A Phase IB Trial of the PI3K Inhibitor Alpelisib and Weekly Cisplatin in Patients with Solid Tumor Malignancies.,ncbi_pmc_xml,,,available,usable,no,not_attempted,/Users/xingmeng/.openclaw/workspaces/staff-scientist-ideker/agent_LiteratureDueDiligence/runs/pi3k_alpha_inhibition_resistance_review_20260830/Phase1_PubmedCollection/passes/pass_001/artifacts/fulltext_import/PMC_XML/normalized/PMC10010328.json,PMCID resolved from NCBI idconv. NCBI PMC XML downloaded and normalized.
pmid-36713525,36713525,PMC9880853,10.3389/fonc.2022.1088962,The way to precision medicine in gynecologic cancers: The first case report of an exceptional response to alpelisib in a PIK3CA-mutated endometrial cancer.,ncbi_pmc_xml,,,available,usable,no,not_attempted,/Users/xingmeng/.openclaw/workspaces/staff-scientist-ideker/agent_LiteratureDueDiligence/runs/pi3k_alpha_inhibition_resistance_review_20260830/Phase1_PubmedCollection/passes/pass_001/artifacts/fulltext_import/PMC_XML/normalized/PMC9880853.json,PMCID resolved from NCBI idconv. NCBI PMC XML downloaded and normalized.
pmid-36698413,36698413,PMC9869123,10.3389/fonc.2022.1022913,"Hormone receptor-positive, HER2-negative, metastatic breast cancer responded well to abemaciclib and exemestane after palbociclib and fulvestrant failure: A case report and literature review.",ncbi_pmc_xml,,,available,usable,no,not_attempted,/Users/xingmeng/.openclaw/workspaces/staff-scientist-ideker/agent_LiteratureDueDiligence/runs/pi3k_alpha_inhibition_resistance_review_20260830/Phase1_PubmedCollection/passes/pass_001/artifacts/fulltext_import/PMC_XML/normalized/PMC9869123.json,PMCID resolved from NCBI idconv. NCBI PMC XML downloaded and normalized.
pmid-36511454,36511454,PMC9716406,10.1530/EDM-22-0307,"Rare distant metastases to pancreas, liver, and lung as initial presentation of mixed tall cell and columnar cell variants of papillary thyroid cancer.",ncbi_pmc_xml,,,available,usable,no,not_attempted,/Users/xingmeng/.openclaw/workspaces/staff-scientist-ideker/agent_LiteratureDueDiligence/runs/pi3k_alpha_inhibition_resistance_review_20260830/Phase1_PubmedCollection/passes/pass_001/artifacts/fulltext_import/PMC_XML/normalized/PMC9716406.json,PMCID resolved from NCBI idconv. NCBI PMC XML downloaded and normalized.
pmid-36499265,36499265,PMC9735793,10.3390/ijms232314937,"Genetic Heterogeneity, Tumor Microenvironment and Immunotherapy in Triple-Negative Breast Cancer.",ncbi_pmc_xml,,,available,usable,no,not_attempted,/Users/xingmeng/.openclaw/workspaces/staff-scientist-ideker/agent_LiteratureDueDiligence/runs/pi3k_alpha_inhibition_resistance_review_20260830/Phase1_PubmedCollection/passes/pass_001/artifacts/fulltext_import/PMC_XML/normalized/PMC9735793.json,PMCID resolved from NCBI idconv. NCBI PMC XML downloaded and normalized.
pmid-36428702,36428702,PMC9688915,10.3390/cancers14225609,Next Generation Sequencing of Reactive Stroma and Residual Breast Cancer Cells in Tumor Bed after Neoadjuvant Chemotherapy.,ncbi_pmc_xml,,,available,usable,no,not_attempted,/Users/xingmeng/.openclaw/workspaces/staff-scientist-ideker/agent_LiteratureDueDiligence/runs/pi3k_alpha_inhibition_resistance_review_20260830/Phase1_PubmedCollection/passes/pass_001/artifacts/fulltext_import/PMC_XML/normalized/PMC9688915.json,PMCID resolved from NCBI idconv. NCBI PMC XML downloaded and normalized.
pmid-36375386,36375386,PMC9661714,10.1016/j.breast.2022.10.018,Clinical outcomes of tucidinostat-based therapy after prior CDK4/6 inhibitor progression in hormone receptor-positive heavily pretreated metastatic breast cancer.,ncbi_pmc_xml,,,available,usable,no,not_attempted,/Users/xingmeng/.openclaw/workspaces/staff-scientist-ideker/agent_LiteratureDueDiligence/runs/pi3k_alpha_inhibition_resistance_review_20260830/Phase1_PubmedCollection/passes/pass_001/artifacts/fulltext_import/PMC_XML/normalized/PMC9661714.json,PMCID resolved from NCBI idconv. NCBI PMC XML downloaded and normalized.
pmid-36371022,36371022,,10.1016/j.mrrev.2022.108445,Clonal evolution and expansion associated with therapy resistance and relapse of colorectal cancer.,none,,,missing,not_attempted,yes,missing,,No NCBI PMCID found. Alternate open-access lookup is deferred during PMC-learning to keep early full-text import focused and fast.
pmid-36131248,36131248,PMC9490901,10.1186/s12885-022-10078-5,"PIK3CA mutation status, progression and survival in advanced HR + /HER2- breast cancer: a meta-analysis of published clinical trials.",ncbi_pmc_xml,,,available,usable,no,not_attempted,/Users/xingmeng/.openclaw/workspaces/staff-scientist-ideker/agent_LiteratureDueDiligence/runs/pi3k_alpha_inhibition_resistance_review_20260830/Phase1_PubmedCollection/passes/pass_001/artifacts/fulltext_import/PMC_XML/normalized/PMC9490901.json,PMCID resolved from NCBI idconv. NCBI PMC XML downloaded and normalized.
pmid-36071033,36071033,PMC9452562,10.1038/s41467-022-32828-6,High p16 expression and heterozygous RB1 loss are biomarkers for CDK4/6 inhibitor resistance in ER(+) breast cancer.,ncbi_pmc_xml,,,available,usable,no,not_attempted,/Users/xingmeng/.openclaw/workspaces/staff-scientist-ideker/agent_LiteratureDueDiligence/runs/pi3k_alpha_inhibition_resistance_review_20260830/Phase1_PubmedCollection/passes/pass_001/artifacts/fulltext_import/PMC_XML/normalized/PMC9452562.json,PMCID resolved from NCBI idconv. NCBI PMC XML downloaded and normalized.
pmid-36069292,36069292,,10.1002/cncr.34451,Efficacy and potential resistance mechanisms of afatinib in advanced non-small cell lung cancer patients with EGFR G719X/L861Q/S768I.,none,,,missing,not_attempted,yes,missing,,No NCBI PMCID found. Alternate open-access lookup is deferred during PMC-learning to keep early full-text import focused and fast.
pmid-36046364,36046364,PMC9423951,10.1155/2022/9390912,Combining Organoid Models with Next-Generation Sequencing to Reveal Tumor Heterogeneity and Predict Therapeutic Response in Breast Cancer.,ncbi_pmc_xml,,,available,usable,no,not_attempted,/Users/xingmeng/.openclaw/workspaces/staff-scientist-ideker/agent_LiteratureDueDiligence/runs/pi3k_alpha_inhibition_resistance_review_20260830/Phase1_PubmedCollection/passes/pass_001/artifacts/fulltext_import/PMC_XML/normalized/PMC9423951.json,PMCID resolved from NCBI idconv. NCBI PMC XML downloaded and normalized.
pmid-36010990,36010990,PMC9406173,10.3390/cancers14163996,Overcoming Resistance to HER2-Directed Therapies in Breast Cancer.,ncbi_pmc_xml,,,available,usable,no,not_attempted,/Users/xingmeng/.openclaw/workspaces/staff-scientist-ideker/agent_LiteratureDueDiligence/runs/pi3k_alpha_inhibition_resistance_review_20260830/Phase1_PubmedCollection/passes/pass_001/artifacts/fulltext_import/PMC_XML/normalized/PMC9406173.json,PMCID resolved from NCBI idconv. NCBI PMC XML downloaded and normalized.
pmid-35740538,35740538,PMC9221535,10.3390/cancers14122872,Genomic Aberrations in Circulating Tumor DNAs from Palbociclib-Treated Metastatic Breast Cancer Patients Reveal a Novel Resistance Mechanism.,ncbi_pmc_xml,,,available,usable,no,not_attempted,/Users/xingmeng/.openclaw/workspaces/staff-scientist-ideker/agent_LiteratureDueDiligence/runs/pi3k_alpha_inhibition_resistance_review_20260830/Phase1_PubmedCollection/passes/pass_001/artifacts/fulltext_import/PMC_XML/normalized/PMC9221535.json,PMCID resolved from NCBI idconv. NCBI PMC XML downloaded and normalized.
pmid-35712858,35712858,PMC9210085,10.1177/23247096221105249,S.U.G.A.R: A Case to Outline Tactics for the Prevention of Alpelisib-Induced Hyperglycemia.,ncbi_pmc_xml,,,available,usable,no,not_attempted,/Users/xingmeng/.openclaw/workspaces/staff-scientist-ideker/agent_LiteratureDueDiligence/runs/pi3k_alpha_inhibition_resistance_review_20260830/Phase1_PubmedCollection/passes/pass_001/artifacts/fulltext_import/PMC_XML/normalized/PMC9210085.json,PMCID resolved from NCBI idconv. NCBI PMC XML downloaded and normalized.
pmid-35676324,35676324,PMC10680093,10.1038/s41388-022-02362-2,RB loss determines selective resistance and novel vulnerabilities in ER-positive breast cancer models.,ncbi_pmc_xml,,,available,usable,no,not_attempted,/Users/xingmeng/.openclaw/workspaces/staff-scientist-ideker/agent_LiteratureDueDiligence/runs/pi3k_alpha_inhibition_resistance_review_20260830/Phase1_PubmedCollection/passes/pass_001/artifacts/fulltext_import/PMC_XML/normalized/PMC10680093.json,PMCID resolved from NCBI idconv. NCBI PMC XML downloaded and normalized.
pmid-35671774,35671774,PMC9630162,10.1016/S1470-2045(22)00284-4,"Fulvestrant plus capivasertib versus placebo after relapse or progression on an aromatase inhibitor in metastatic, oestrogen receptor-positive, HER2-negative breast cancer (FAKTION): overall survival, updated progression-free survival, and expanded biomarker analysis from a randomised, phase 2 trial.",ncbi_pmc_xml,,,available,usable,no,not_attempted,/Users/xingmeng/.openclaw/workspaces/staff-scientist-ideker/agent_LiteratureDueDiligence/runs/pi3k_alpha_inhibition_resistance_review_20260830/Phase1_PubmedCollection/passes/pass_001/artifacts/fulltext_import/PMC_XML/normalized/PMC9630162.json,PMCID resolved from NCBI idconv. NCBI PMC XML downloaded and normalized.
pmid-35650607,35650607,PMC9161494,10.1186/s13046-022-02389-z,Depleting receptor tyrosine kinases EGFR and HER2 overcomes resistance to EGFR inhibitors in colorectal cancer.,ncbi_pmc_xml,,,available,usable,no,not_attempted,/Users/xingmeng/.openclaw/workspaces/staff-scientist-ideker/agent_LiteratureDueDiligence/runs/pi3k_alpha_inhibition_resistance_review_20260830/Phase1_PubmedCollection/passes/pass_001/artifacts/fulltext_import/PMC_XML/normalized/PMC9161494.json,PMCID resolved from NCBI idconv. NCBI PMC XML downloaded and normalized.
pmid-35646057,35646057,PMC9136175,10.3389/fgene.2022.880387,Amino Acid Metabolism-Related lncRNA Signature Predicts the Prognosis of Breast Cancer.,ncbi_pmc_xml,,,available,usable,no,not_attempted,/Users/xingmeng/.openclaw/workspaces/staff-scientist-ideker/agent_LiteratureDueDiligence/runs/pi3k_alpha_inhibition_resistance_review_20260830/Phase1_PubmedCollection/passes/pass_001/artifacts/fulltext_import/PMC_XML/normalized/PMC9136175.json,PMCID resolved from NCBI idconv. NCBI PMC XML downloaded and normalized.
pmid-35619132,35619132,PMC9134670,10.1186/s12943-022-01531-x,PIK3CA mutations-mediated downregulation of circLHFPL2 inhibits colorectal cancer progression via upregulating PTEN.,ncbi_pmc_xml,,,available,usable,no,not_attempted,/Users/xingmeng/.openclaw/workspaces/staff-scientist-ideker/agent_LiteratureDueDiligence/runs/pi3k_alpha_inhibition_resistance_review_20260830/Phase1_PubmedCollection/passes/pass_001/artifacts/fulltext_import/PMC_XML/normalized/PMC9134670.json,PMCID resolved from NCBI idconv. NCBI PMC XML downloaded and normalized.
pmid-35615557,35615557,PMC9126294,10.2147/OTT.S351085,Genomic Alteration Spectrum of Non-Small Cell Lung Cancer Patients in East-China Characterized by Tumor Tissue DNA and Cell-Free DNA.,ncbi_pmc_xml,,,available,usable,no,not_attempted,/Users/xingmeng/.openclaw/workspaces/staff-scientist-ideker/agent_LiteratureDueDiligence/runs/pi3k_alpha_inhibition_resistance_review_20260830/Phase1_PubmedCollection/passes/pass_001/artifacts/fulltext_import/PMC_XML/normalized/PMC9126294.json,PMCID resolved from NCBI idconv. NCBI PMC XML downloaded and normalized.
pmid-35583555,35583555,PMC9662928,10.1158/1078-0432.CCR-21-3811,"VERONICA: Randomized Phase II Study of Fulvestrant and Venetoclax in ER-Positive Metastatic Breast Cancer Post-CDK4/6 Inhibitors - Efficacy, Safety, and Biomarker Results.",ncbi_pmc_xml,,,available,usable,no,not_attempted,/Users/xingmeng/.openclaw/workspaces/staff-scientist-ideker/agent_LiteratureDueDiligence/runs/pi3k_alpha_inhibition_resistance_review_20260830/Phase1_PubmedCollection/passes/pass_001/artifacts/fulltext_import/PMC_XML/normalized/PMC9662928.json,PMCID resolved from NCBI idconv. NCBI PMC XML downloaded and normalized.
pmid-35562750,35562750,PMC9101837,10.1186/s12967-022-03421-8,Identification of mutation patterns and circulating tumour DNA-derived prognostic markers in advanced breast cancer patients.,ncbi_pmc_xml,,,available,usable,no,not_attempted,/Users/xingmeng/.openclaw/workspaces/staff-scientist-ideker/agent_LiteratureDueDiligence/runs/pi3k_alpha_inhibition_resistance_review_20260830/Phase1_PubmedCollection/passes/pass_001/artifacts/fulltext_import/PMC_XML/normalized/PMC9101837.json,PMCID resolved from NCBI idconv. NCBI PMC XML downloaded and normalized.
pmid-35544729,35544729,PMC9200389,10.1200/PO.22.00037,"Negative Ultraselection of Patients With RAS/BRAF Wild-Type, Microsatellite-Stable Metastatic Colorectal Cancer Receiving Anti-EGFR-Based Therapy.",ncbi_pmc_xml,,,available,usable,no,not_attempted,/Users/xingmeng/.openclaw/workspaces/staff-scientist-ideker/agent_LiteratureDueDiligence/runs/pi3k_alpha_inhibition_resistance_review_20260830/Phase1_PubmedCollection/passes/pass_001/artifacts/fulltext_import/PMC_XML/normalized/PMC9200389.json,PMCID resolved from NCBI idconv. NCBI PMC XML downloaded and normalized.
pmid-35524239,35524239,PMC9078016,10.1186/s12885-022-09610-4,"A multicenter, dose-finding, phase 1b study of imatinib in combination with alpelisib as third-line treatment in patients with advanced gastrointestinal stromal tumor.",ncbi_pmc_xml,,,available,usable,no,not_attempted,/Users/xingmeng/.openclaw/workspaces/staff-scientist-ideker/agent_LiteratureDueDiligence/runs/pi3k_alpha_inhibition_resistance_review_20260830/Phase1_PubmedCollection/passes/pass_001/artifacts/fulltext_import/PMC_XML/normalized/PMC9078016.json,PMCID resolved from NCBI idconv. NCBI PMC XML downloaded and normalized.
pmid-35450470,35450470,,10.1177/10781552221096413,The efficacy and safety of alpelisib in breast cancer: A real-world analysis.,none,,,missing,not_attempted,yes,missing,,No NCBI PMCID found. Alternate open-access lookup is deferred during PMC-learning to keep early full-text import focused and fast.
pmid-35335966,35335966,PMC8950976,10.3390/pharmaceutics14030590,The PIK3CA H1047R Mutation Confers Resistance to BRAF and MEK Inhibitors in A375 Melanoma Cells through the Cross-Activation of MAPK and PI3K-Akt Pathways.,ncbi_pmc_xml,,,available,usable,no,not_attempted,/Users/xingmeng/.openclaw/workspaces/staff-scientist-ideker/agent_LiteratureDueDiligence/runs/pi3k_alpha_inhibition_resistance_review_20260830/Phase1_PubmedCollection/passes/pass_001/artifacts/fulltext_import/PMC_XML/normalized/PMC8950976.json,PMCID resolved from NCBI idconv. NCBI PMC XML downloaded and normalized.
pmid-35280779,35280779,PMC8908369,10.3389/fonc.2022.830816,Longitudinal Circulating Tumor DNA Profiling in Metastatic Colorectal Cancer During Anti-EGFR Therapy.,ncbi_pmc_xml,,,available,usable,no,not_attempted,/Users/xingmeng/.openclaw/workspaces/staff-scientist-ideker/agent_LiteratureDueDiligence/runs/pi3k_alpha_inhibition_resistance_review_20260830/Phase1_PubmedCollection/passes/pass_001/artifacts/fulltext_import/PMC_XML/normalized/PMC8908369.json,PMCID resolved from NCBI idconv. NCBI PMC XML downloaded and normalized.
pmid-35273917,35273917,PMC8904145,10.3389/fonc.2022.840843,Circulating Tumor DNA Mutations in Progressive Gastrointestinal Stromal Tumors Identify Biomarkers of Treatment Resistance and Uncover Potential Therapeutic Strategies.,ncbi_pmc_xml,,,missing,unusable,yes,missing,,"PMCID resolved from NCBI idconv. PMC download error: Command '['curl', '--silent', '--show-error', '--fail', '--location', '--max-time', '60', 'https://eutils.ncbi.nlm.nih.gov/entrez/eutils/efetch.fcgi?db=pmc&id=PMC8904145&retmode=xml']' returned non-zero exit status 56."
pmid-35251316,35251316,PMC8891830,10.1177/17588359221079125,Molecular landscape of osimertinib resistance in patients and patient-derived preclinical models.,ncbi_pmc_xml,,,available,usable,no,not_attempted,/Users/xingmeng/.openclaw/workspaces/staff-scientist-ideker/agent_LiteratureDueDiligence/runs/pi3k_alpha_inhibition_resistance_review_20260830/Phase1_PubmedCollection/passes/pass_001/artifacts/fulltext_import/PMC_XML/normalized/PMC8891830.json,PMCID resolved from NCBI idconv. NCBI PMC XML downloaded and normalized.
pmid-35181666,35181666,PMC8857263,10.1038/s41523-022-00390-5,"Disease characterization in liquid biopsy from HER2-mutated, non-amplified metastatic breast cancer patients treated with neratinib.",ncbi_pmc_xml,,,available,usable,no,not_attempted,/Users/xingmeng/.openclaw/workspaces/staff-scientist-ideker/agent_LiteratureDueDiligence/runs/pi3k_alpha_inhibition_resistance_review_20260830/Phase1_PubmedCollection/passes/pass_001/artifacts/fulltext_import/PMC_XML/normalized/PMC8857263.json,PMCID resolved from NCBI idconv. NCBI PMC XML downloaded and normalized.
pmid-35179134,35179134,PMC9514747,10.1227/neu.0000000000001875,"Molecular, Histological, and Clinical Characteristics of Oligodendrogliomas: A Multi-Institutional Retrospective Study.",ncbi_pmc_xml,,,missing,unusable,yes,missing,,PMCID resolved from NCBI idconv. PMC XML body element is missing. Unusable XML deleted from run artifacts.
pmid-35158773,35158773,PMC8833811,10.3390/cancers14030506,NSAIDs Overcome PIK3CA Mutation-Mediated Resistance to EGFR Inhibition in Head and Neck Cancer Preclinical Models.,ncbi_pmc_xml,,,available,usable,no,not_attempted,/Users/xingmeng/.openclaw/workspaces/staff-scientist-ideker/agent_LiteratureDueDiligence/runs/pi3k_alpha_inhibition_resistance_review_20260830/Phase1_PubmedCollection/passes/pass_001/artifacts/fulltext_import/PMC_XML/normalized/PMC8833811.json,PMCID resolved from NCBI idconv. NCBI PMC XML downloaded and normalized.
pmid-35146800,35146800,,10.1111/bcp.15270,"Alpelisib to treat CLOVES syndrome, a member of the PIK3CA-related overgrowth syndrome spectrum.",none,,,missing,not_attempted,yes,missing,,No NCBI PMCID found. Alternate open-access lookup is deferred during PMC-learning to keep early full-text import focused and fast.
pmid-35138919,35138919,PMC8865530,10.1200/PO.21.00424,Phase II Study of Taselisib in PIK3CA-Mutated Solid Tumors Other Than Breast and Squamous Lung Cancer: Results From the NCI-MATCH ECOG-ACRIN Trial (EAY131) Subprotocol I.,ncbi_pmc_xml,,,missing,unusable,yes,missing,,PMCID resolved from NCBI idconv. PMC XML body element is missing. Unusable XML deleted from run artifacts.
pmid-35133871,35133871,PMC9084438,10.1200/JCO.21.01648,Phase II Study of Copanlisib in Patients With Tumors With PIK3CA Mutations: Results From the NCI-MATCH ECOG-ACRIN Trial (EAY131) Subprotocol Z1F.,ncbi_pmc_xml,,,missing,unusable,yes,missing,,PMCID resolved from NCBI idconv. PMC XML body element is missing. Unusable XML deleted from run artifacts.
pmid-35128137,35128137,PMC8801244,10.23922/jarc.2021-042,"A Trial Protocol of Precision Medicine for Patients with RAS Wild Metastatic Colorectal Cancer Using Liquid Biopsy (RAS-liquid Study): A Prospective, Multicenter Observational Study.",ncbi_pmc_xml,,,available,usable,no,not_attempted,/Users/xingmeng/.openclaw/workspaces/staff-scientist-ideker/agent_LiteratureDueDiligence/runs/pi3k_alpha_inhibition_resistance_review_20260830/Phase1_PubmedCollection/passes/pass_001/artifacts/fulltext_import/PMC_XML/normalized/PMC8801244.json,PMCID resolved from NCBI idconv. NCBI PMC XML downloaded and normalized.
pmid-35079221,35079221,PMC8779844,10.2147/JIR.S349186,Pyroptosis-Mediated Molecular Subtypes are Characterized by Distinct Tumor Microenvironment Infiltration Characteristics in Breast Cancer.,ncbi_pmc_xml,,,missing,unusable,yes,missing,,"PMCID resolved from NCBI idconv. PMC download error: Command '['curl', '--silent', '--show-error', '--fail', '--location', '--max-time', '60', 'https://eutils.ncbi.nlm.nih.gov/entrez/eutils/efetch.fcgi?db=pmc&id=PMC8779844&retmode=xml']' returned non-zero exit status 56."
pmid-35050709,35050709,PMC8789213,10.1200/PO.21.00190,"Apolipoprotein B mRNA-Editing Catalytic Polypeptide-Like-Induced Protein Changes in Estrogen Receptor-Positive, Human Epidermal Growth Factor Receptor 2-Negative Breast Cancer Throughout Disease Progression.",ncbi_pmc_xml,,,available,usable,no,not_attempted,/Users/xingmeng/.openclaw/workspaces/staff-scientist-ideker/agent_LiteratureDueDiligence/runs/pi3k_alpha_inhibition_resistance_review_20260830/Phase1_PubmedCollection/passes/pass_001/artifacts/fulltext_import/PMC_XML/normalized/PMC8789213.json,PMCID resolved from NCBI idconv. NCBI PMC XML downloaded and normalized.
pmid-35022207,35022207,PMC7612218,10.1158/2159-8290.CD-21-1411,Precision Targeting of Mutant PI3Kα in Cancer by Selective Degradation.,ncbi_pmc_xml,,,available,usable,no,not_attempted,/Users/xingmeng/.openclaw/workspaces/staff-scientist-ideker/agent_LiteratureDueDiligence/runs/pi3k_alpha_inhibition_resistance_review_20260830/Phase1_PubmedCollection/passes/pass_001/artifacts/fulltext_import/PMC_XML/normalized/PMC7612218.json,PMCID resolved from NCBI idconv. NCBI PMC XML downloaded and normalized.
pmid-35000092,35000092,,10.1007/s10549-021-06476-1,"Factors leading to alpelisib discontinuation in patients with hormone receptor positive, human epidermal growth factor receptor-2 negative breast cancer.",none,,,missing,not_attempted,yes,missing,,No NCBI PMCID found. Alternate open-access lookup is deferred during PMC-learning to keep early full-text import focused and fast.
pmid-34895867,34895867,,10.1016/j.euo.2021.11.002,Somatic Features of Response and Relapse in Non-muscle-invasive Bladder Cancer Treated with Bacillus Calmette-Guérin Immunotherapy.,none,,,missing,not_attempted,yes,missing,,No NCBI PMCID found. Alternate open-access lookup is deferred during PMC-learning to keep early full-text import focused and fast.
pmid-34773327,34773327,,10.1002/gcc.23012,Upfront progression under pembrolizumab followed by a complete response after encorafenib and cetuximab treatment in BRAF V600E-mutated and microsatellite unstable metastatic colorectal cancer patient: A case report.,none,,,missing,not_attempted,yes,missing,,No NCBI PMCID found. Alternate open-access lookup is deferred during PMC-learning to keep early full-text import focused and fast.
pmid-34635506,34635506,PMC8738128,10.1158/1541-7786.MCR-21-0442,Genomic and Transcriptomic Correlates of Thyroid Carcinoma Evolution after BRAF Inhibitor Therapy.,ncbi_pmc_xml,,,available,usable,no,not_attempted,/Users/xingmeng/.openclaw/workspaces/staff-scientist-ideker/agent_LiteratureDueDiligence/runs/pi3k_alpha_inhibition_resistance_review_20260830/Phase1_PubmedCollection/passes/pass_001/artifacts/fulltext_import/PMC_XML/normalized/PMC8738128.json,PMCID resolved from NCBI idconv. NCBI PMC XML downloaded and normalized.
pmid-34509302,34509302,,10.1016/j.jnma.2021.08.034,Genetic characteristics and response to systemic therapies of acral lentiginous melanoma at a tertiary care center-a retrospective review.,none,,,missing,not_attempted,yes,missing,,No NCBI PMCID found. Alternate open-access lookup is deferred during PMC-learning to keep early full-text import focused and fast.
pmid-34353252,34353252,,10.2174/1389557521666210805104714,New Scope of Targeted Therapies in Lung Carcinoma.,none,,,missing,not_attempted,yes,missing,,No NCBI PMCID found. Alternate open-access lookup is deferred during PMC-learning to keep early full-text import focused and fast.
pmid-35004676,35004676,PMC8740065,10.3389/fcell.2021.769409,Transcriptomic and Metabolomic Profiling in Helicobacter pylori-Induced Gastric Cancer Identified Prognosis- and Immunotherapy-Relevant Gene Signatures.,ncbi_pmc_xml,,,available,usable,no,not_attempted,/Users/xingmeng/.openclaw/workspaces/staff-scientist-ideker/agent_LiteratureDueDiligence/runs/pi3k_alpha_inhibition_resistance_review_20260830/Phase1_PubmedCollection/passes/pass_001/artifacts/fulltext_import/PMC_XML/normalized/PMC8740065.json,PMCID resolved from NCBI idconv. NCBI PMC XML downloaded and normalized.
pmid-34986950,34986950,,10.1691/ph.2021.1820,Recent clinical advances in PI3K inhibitors on colorectal cancer.,none,,,missing,not_attempted,yes,missing,,No NCBI PMCID found. Alternate open-access lookup is deferred during PMC-learning to keep early full-text import focused and fast.
pmid-34968392,34968392,PMC8717967,10.1371/journal.pone.0260841,HPV16 E1 dysregulated cellular genes involved in cell proliferation and host DNA damage: A possible role in cervical carcinogenesis.,ncbi_pmc_xml,,,available,usable,no,not_attempted,/Users/xingmeng/.openclaw/workspaces/staff-scientist-ideker/agent_LiteratureDueDiligence/runs/pi3k_alpha_inhibition_resistance_review_20260830/Phase1_PubmedCollection/passes/pass_001/artifacts/fulltext_import/PMC_XML/normalized/PMC8717967.json,PMCID resolved from NCBI idconv. NCBI PMC XML downloaded and normalized.
pmid-34916808,34916808,PMC8668246,10.2147/OTT.S333029,Effective Disease Control After Combinatorial Treatment with a PD-1 Antibody and an mTOR Inhibitor for Recurrent Ovarian Clear Cell Carcinomas: A Case Report and Literature Review.,ncbi_pmc_xml,,,available,usable,no,not_attempted,/Users/xingmeng/.openclaw/workspaces/staff-scientist-ideker/agent_LiteratureDueDiligence/runs/pi3k_alpha_inhibition_resistance_review_20260830/Phase1_PubmedCollection/passes/pass_001/artifacts/fulltext_import/PMC_XML/normalized/PMC8668246.json,PMCID resolved from NCBI idconv. NCBI PMC XML downloaded and normalized.
pmid-34842356,34842356,PMC8567053,10.1002/ctm2.589,Large-scale genomic sequencing reveals adaptive opportunity of targeting mutated-PI3Kα in early and advanced HER2-positive breast cancer.,ncbi_pmc_xml,,,available,usable,no,not_attempted,/Users/xingmeng/.openclaw/workspaces/staff-scientist-ideker/agent_LiteratureDueDiligence/runs/pi3k_alpha_inhibition_resistance_review_20260830/Phase1_PubmedCollection/passes/pass_001/artifacts/fulltext_import/PMC_XML/normalized/PMC8567053.json,PMCID resolved from NCBI idconv. NCBI PMC XML downloaded and normalized.
pmid-34771420,34771420,PMC8582530,10.3390/cancers13215257,Gallbladder Cancer: Current Insights in Genetic Alterations and Their Possible Therapeutic Implications.,ncbi_pmc_xml,,,available,usable,no,not_attempted,/Users/xingmeng/.openclaw/workspaces/staff-scientist-ideker/agent_LiteratureDueDiligence/runs/pi3k_alpha_inhibition_resistance_review_20260830/Phase1_PubmedCollection/passes/pass_001/artifacts/fulltext_import/PMC_XML/normalized/PMC8582530.json,PMCID resolved from NCBI idconv. NCBI PMC XML downloaded and normalized.
pmid-34765318,34765318,PMC8569340,,Chemoresistance in breast cancer: PI3K/Akt pathway inhibitors vs the current chemotherapy.,ncbi_pmc_xml,,,missing,unusable,yes,missing,,PMCID resolved from NCBI idconv. PMC XML body element is missing. Unusable XML deleted from run artifacts.
pmid-34739635,34739635,,10.1007/s12032-021-01536-4,Molecular profile to guide personalized medicine in adult patients with primary brain tumors: results from the ProfiLER trial.,none,,,missing,not_attempted,yes,missing,,No NCBI PMCID found. Alternate open-access lookup is deferred during PMC-learning to keep early full-text import focused and fast.
pmid-34590028,34590028,PMC8474358,10.1016/j.jtocrr.2021.100180,Brief Report: Heterogeneity of Acquired Resistance Mechanisms to Osimertinib and Savolitinib.,ncbi_pmc_xml,,,available,usable,no,not_attempted,/Users/xingmeng/.openclaw/workspaces/staff-scientist-ideker/agent_LiteratureDueDiligence/runs/pi3k_alpha_inhibition_resistance_review_20260830/Phase1_PubmedCollection/passes/pass_001/artifacts/fulltext_import/PMC_XML/normalized/PMC8474358.json,PMCID resolved from NCBI idconv. NCBI PMC XML downloaded and normalized.
pmid-34547385,34547385,,10.1016/j.phrs.2021.105900,Development of PI3K inhibitors: Advances in clinical trials and new strategies (Review).,none,,,missing,not_attempted,yes,missing,,No NCBI PMCID found. Alternate open-access lookup is deferred during PMC-learning to keep early full-text import focused and fast.
pmid-34526820,34526820,PMC8437381,10.2147/CMAR.S326094,Treatment with Anlotinib After Chemotherapy and EGFR-TKI Resistance in Lung Adenosquamous Carcinoma with Concurrent EGFR and PIK3CA Mutations: A Case Report and Literature Review.,ncbi_pmc_xml,,,available,usable,no,not_attempted,/Users/xingmeng/.openclaw/workspaces/staff-scientist-ideker/agent_LiteratureDueDiligence/runs/pi3k_alpha_inhibition_resistance_review_20260830/Phase1_PubmedCollection/passes/pass_001/artifacts/fulltext_import/PMC_XML/normalized/PMC8437381.json,PMCID resolved from NCBI idconv. NCBI PMC XML downloaded and normalized.
pmid-34503126,34503126,PMC8431047,10.3390/cancers13174317,Comprehensively Exploring the Mutational Landscape and Patterns of Genomic Evolution in Hypermutated Cancers.,ncbi_pmc_xml,,,missing,unusable,yes,missing,,"PMCID resolved from NCBI idconv. PMC download error: Command '['curl', '--silent', '--show-error', '--fail', '--location', '--max-time', '60', 'https://eutils.ncbi.nlm.nih.gov/entrez/eutils/efetch.fcgi?db=pmc&id=PMC8431047&retmode=xml']' returned non-zero exit status 56."
pmid-34480095,34480095,PMC8575785,10.1038/s41416-021-01526-3,Patterns of genomic change in residual disease after neoadjuvant chemotherapy for estrogen receptor-positive and HER2-negative breast cancer.,ncbi_pmc_xml,,,missing,unusable,yes,missing,,PMCID resolved from NCBI idconv. PMC XML body element is missing. Unusable XML deleted from run artifacts.
pmid-34479035,34479035,PMC8414046,10.1016/j.esmoop.2021.100230,PIK3CA mutations in plasma circulating tumor DNA predict survival and treatment outcomes in patients with advanced cancers.,ncbi_pmc_xml,,,available,usable,no,not_attempted,/Users/xingmeng/.openclaw/workspaces/staff-scientist-ideker/agent_LiteratureDueDiligence/runs/pi3k_alpha_inhibition_resistance_review_20260830/Phase1_PubmedCollection/passes/pass_001/artifacts/fulltext_import/PMC_XML/normalized/PMC8414046.json,PMCID resolved from NCBI idconv. NCBI PMC XML downloaded and normalized.
pmid-34433648,34433648,PMC9401512,10.1158/1078-0432.CCR-21-1095,"A Phase I Study of LSZ102, an Oral Selective Estrogen Receptor Degrader, with or without Ribociclib or Alpelisib, in Patients with Estrogen Receptor-Positive Breast Cancer.",ncbi_pmc_xml,,,available,usable,no,not_attempted,/Users/xingmeng/.openclaw/workspaces/staff-scientist-ideker/agent_LiteratureDueDiligence/runs/pi3k_alpha_inhibition_resistance_review_20260830/Phase1_PubmedCollection/passes/pass_001/artifacts/fulltext_import/PMC_XML/normalized/PMC9401512.json,PMCID resolved from NCBI idconv. NCBI PMC XML downloaded and normalized.
pmid-34392186,34392186,,10.1016/j.ejca.2021.06.043,Resistance profiles of anaplastic lymphoma kinase tyrosine kinase inhibitors in advanced non-small-cell lung cancer: a multicenter study using targeted next-generation sequencing.,none,,,missing,not_attempted,yes,missing,,No NCBI PMCID found. Alternate open-access lookup is deferred during PMC-learning to keep early full-text import focused and fast.
pmid-34315006,34315006,,10.1016/j.cancergen.2021.06.007,Longitudinal change of genetic variations in cetuximab-treated metastatic colorectal cancer.,none,,,missing,not_attempted,yes,missing,,No NCBI PMCID found. Alternate open-access lookup is deferred during PMC-learning to keep early full-text import focused and fast.
pmid-34295201,34295201,PMC8290191,10.2147/LCTT.S269307,"Lung Cancer with MET exon 14 Skipping Mutation: Genetic Feature, Current Treatments, and Future Challenges.",ncbi_pmc_xml,,,available,usable,no,not_attempted,/Users/xingmeng/.openclaw/workspaces/staff-scientist-ideker/agent_LiteratureDueDiligence/runs/pi3k_alpha_inhibition_resistance_review_20260830/Phase1_PubmedCollection/passes/pass_001/artifacts/fulltext_import/PMC_XML/normalized/PMC8290191.json,PMCID resolved from NCBI idconv. NCBI PMC XML downloaded and normalized.
pmid-34283064,34283064,PMC8268167,10.3390/cancers13133342,Longitudinal Circulating Tumor DNA Analysis in Blood and Saliva for Prediction of Response to Osimertinib and Disease Progression in EGFR-Mutant Lung Adenocarcinoma.,ncbi_pmc_xml,,,available,usable,no,not_attempted,/Users/xingmeng/.openclaw/workspaces/staff-scientist-ideker/agent_LiteratureDueDiligence/runs/pi3k_alpha_inhibition_resistance_review_20260830/Phase1_PubmedCollection/passes/pass_001/artifacts/fulltext_import/PMC_XML/normalized/PMC8268167.json,PMCID resolved from NCBI idconv. NCBI PMC XML downloaded and normalized.
pmid-34257082,34257082,PMC8744502,10.1158/0008-5472.CAN-21-1208,Cell Line-Specific Network Models of ER(+) Breast Cancer Identify Potential PI3Kα Inhibitor Resistance Mechanisms and Drug Combinations.,ncbi_pmc_xml,,,available,usable,no,not_attempted,/Users/xingmeng/.openclaw/workspaces/staff-scientist-ideker/agent_LiteratureDueDiligence/runs/pi3k_alpha_inhibition_resistance_review_20260830/Phase1_PubmedCollection/passes/pass_001/artifacts/fulltext_import/PMC_XML/normalized/PMC8744502.json,PMCID resolved from NCBI idconv. NCBI PMC XML downloaded and normalized.
pmid-34249687,34249687,PMC8264054,10.3389/fonc.2021.649766,Prognosis and Concurrent Genomic Alterations in Patients With Advanced NSCLC Harboring MET Amplification or MET Exon 14 Skipping Mutation Treated With MET Inhibitor: A Retrospective Study.,ncbi_pmc_xml,,,available,usable,no,not_attempted,/Users/xingmeng/.openclaw/workspaces/staff-scientist-ideker/agent_LiteratureDueDiligence/runs/pi3k_alpha_inhibition_resistance_review_20260830/Phase1_PubmedCollection/passes/pass_001/artifacts/fulltext_import/PMC_XML/normalized/PMC8264054.json,PMCID resolved from NCBI idconv. NCBI PMC XML downloaded and normalized.
pmid-34249454,34249454,PMC8263631,,Survival and prognosis analyses of concurrent PIK3CA mutations in EGFR mutant non-small cell lung cancer treated with EGFR tyrosine kinase inhibitors.,ncbi_pmc_xml,,,missing,unusable,yes,missing,,PMCID resolved from NCBI idconv. PMC XML body element is missing. Unusable XML deleted from run artifacts.
pmid-34249433,34249433,PMC8263639,,A tipping-point for apoptosis following dual inhibition of HER2 signaling network by T-DM1 plus GDC-0980 maximizes anti-tumor efficacy.,ncbi_pmc_xml,,,missing,unusable,yes,missing,,PMCID resolved from NCBI idconv. PMC XML body element is missing. Unusable XML deleted from run artifacts.
pmid-34201252,34201252,PMC8227553,10.3390/cancers13122861,Comparison of Resistance Spectra after First and Second Line Osimertinib Treatment Detected by Liquid Biopsy.,ncbi_pmc_xml,,,available,usable,no,not_attempted,/Users/xingmeng/.openclaw/workspaces/staff-scientist-ideker/agent_LiteratureDueDiligence/runs/pi3k_alpha_inhibition_resistance_review_20260830/Phase1_PubmedCollection/passes/pass_001/artifacts/fulltext_import/PMC_XML/normalized/PMC8227553.json,PMCID resolved from NCBI idconv. NCBI PMC XML downloaded and normalized.
pmid-34173341,34173341,PMC8290257,10.1002/cam4.3948,Next-generation sequencing of tissue and circulating tumor DNA: Resistance mechanisms to EGFR targeted therapy in a cohort of patients with advanced non-small cell lung cancer.,ncbi_pmc_xml,,,available,usable,no,not_attempted,/Users/xingmeng/.openclaw/workspaces/staff-scientist-ideker/agent_LiteratureDueDiligence/runs/pi3k_alpha_inhibition_resistance_review_20260830/Phase1_PubmedCollection/passes/pass_001/artifacts/fulltext_import/PMC_XML/normalized/PMC8290257.json,PMCID resolved from NCBI idconv. NCBI PMC XML downloaded and normalized.
pmid-34157597,34157597,,10.1016/j.cancergen.2021.06.001,Molecular follow-up of first-line treatment by osimertinib in lung cancer: Importance of using appropriate tools for detecting EGFR resistance mutation C797S.,none,,,missing,not_attempted,yes,missing,,No NCBI PMCID found. Alternate open-access lookup is deferred during PMC-learning to keep early full-text import focused and fast.
pmid-34127844,34127844,PMC9297732,10.1038/s41573-021-00209-1,PI3K inhibitors are finally coming of age.,ncbi_pmc_xml,,,available,usable,no,not_attempted,/Users/xingmeng/.openclaw/workspaces/staff-scientist-ideker/agent_LiteratureDueDiligence/runs/pi3k_alpha_inhibition_resistance_review_20260830/Phase1_PubmedCollection/passes/pass_001/artifacts/fulltext_import/PMC_XML/normalized/PMC9297732.json,PMCID resolved from NCBI idconv. NCBI PMC XML downloaded and normalized.
pmid-34117553,34117553,,10.1007/s10147-021-01947-3,CAPP-seq analysis of circulating tumor DNA from patients with EGFR T790M-positive lung cancer after osimertinib.,none,,,missing,not_attempted,yes,missing,,No NCBI PMCID found. Alternate open-access lookup is deferred during PMC-learning to keep early full-text import focused and fast.
pmid-34058070,34058070,PMC8410554,10.1002/1878-0261.13033,NGS-based liquid biopsy profiling identifies mechanisms of resistance to ALK inhibitors: a step toward personalized NSCLC treatment.,ncbi_pmc_xml,,,available,usable,no,not_attempted,/Users/xingmeng/.openclaw/workspaces/staff-scientist-ideker/agent_LiteratureDueDiligence/runs/pi3k_alpha_inhibition_resistance_review_20260830/Phase1_PubmedCollection/passes/pass_001/artifacts/fulltext_import/PMC_XML/normalized/PMC8410554.json,PMCID resolved from NCBI idconv. NCBI PMC XML downloaded and normalized.
pmid-34055653,34055653,PMC8162207,10.3389/fonc.2021.691199,The Orphan Nuclear Receptor Gene NR0B2 Is a Favorite Prognosis Factor Modulated by Multiple Cellular Signal Pathways in Human Liver Cancers.,ncbi_pmc_xml,,,available,usable,no,not_attempted,/Users/xingmeng/.openclaw/workspaces/staff-scientist-ideker/agent_LiteratureDueDiligence/runs/pi3k_alpha_inhibition_resistance_review_20260830/Phase1_PubmedCollection/passes/pass_001/artifacts/fulltext_import/PMC_XML/normalized/PMC8162207.json,PMCID resolved from NCBI idconv. NCBI PMC XML downloaded and normalized.
pmid-34016182,34016182,PMC8136103,10.1186/s13073-021-00895-x,Modeling clonal structure over narrow time frames via circulating tumor DNA in metastatic breast cancer.,ncbi_pmc_xml,,,available,usable,no,not_attempted,/Users/xingmeng/.openclaw/workspaces/staff-scientist-ideker/agent_LiteratureDueDiligence/runs/pi3k_alpha_inhibition_resistance_review_20260830/Phase1_PubmedCollection/passes/pass_001/artifacts/fulltext_import/PMC_XML/normalized/PMC8136103.json,PMCID resolved from NCBI idconv. NCBI PMC XML downloaded and normalized.
pmid-34006291,34006291,PMC8132379,10.1186/s13073-021-00897-9,Prospective high-throughput genome profiling of advanced cancers: results of the PERMED-01 clinical trial.,ncbi_pmc_xml,,,available,usable,no,not_attempted,/Users/xingmeng/.openclaw/workspaces/staff-scientist-ideker/agent_LiteratureDueDiligence/runs/pi3k_alpha_inhibition_resistance_review_20260830/Phase1_PubmedCollection/passes/pass_001/artifacts/fulltext_import/PMC_XML/normalized/PMC8132379.json,PMCID resolved from NCBI idconv. NCBI PMC XML downloaded and normalized.
pmid-33982444,33982444,PMC8209625,10.1002/cam4.3929,The role of comprehensive analysis with circulating tumor DNA in advanced non-small cell lung cancer patients considered for osimertinib treatment.,ncbi_pmc_xml,,,available,usable,no,not_attempted,/Users/xingmeng/.openclaw/workspaces/staff-scientist-ideker/agent_LiteratureDueDiligence/runs/pi3k_alpha_inhibition_resistance_review_20260830/Phase1_PubmedCollection/passes/pass_001/artifacts/fulltext_import/PMC_XML/normalized/PMC8209625.json,PMCID resolved from NCBI idconv. NCBI PMC XML downloaded and normalized.
pmid-33976551,33976551,PMC8104980,10.2147/OTT.S298720,"Advances in Therapy for Hormone Receptor (HR)-Positive, Human Epidermal Growth Factor Receptor 2 (HER2)-Negative Advanced Breast Cancer Patients Who Have Experienced Progression After Treatment with CDK4/6 Inhibitors.",ncbi_pmc_xml,,,available,usable,no,not_attempted,/Users/xingmeng/.openclaw/workspaces/staff-scientist-ideker/agent_LiteratureDueDiligence/runs/pi3k_alpha_inhibition_resistance_review_20260830/Phase1_PubmedCollection/passes/pass_001/artifacts/fulltext_import/PMC_XML/normalized/PMC8104980.json,PMCID resolved from NCBI idconv. NCBI PMC XML downloaded and normalized.
pmid-33953802,33953802,PMC8058789,10.1177/17588359211010156,"Characterization of the tumor immune-microenvironment of adenocarcinoma of lung with a metastatic lesion in the pancreas treated successfully with first-line, single-agent pembrolizumab.",ncbi_pmc_xml,,,available,usable,no,not_attempted,/Users/xingmeng/.openclaw/workspaces/staff-scientist-ideker/agent_LiteratureDueDiligence/runs/pi3k_alpha_inhibition_resistance_review_20260830/Phase1_PubmedCollection/passes/pass_001/artifacts/fulltext_import/PMC_XML/normalized/PMC8058789.json,PMCID resolved from NCBI idconv. NCBI PMC XML downloaded and normalized.
pmid-33947692,33947692,PMC8282678,10.1158/1078-0432.CCR-21-0047,A Phase I Study of Alpelisib in Combination with Trastuzumab and LJM716 in Patients with PIK3CA-Mutated HER2-Positive Metastatic Breast Cancer.,ncbi_pmc_xml,,,available,usable,no,not_attempted,/Users/xingmeng/.openclaw/workspaces/staff-scientist-ideker/agent_LiteratureDueDiligence/runs/pi3k_alpha_inhibition_resistance_review_20260830/Phase1_PubmedCollection/passes/pass_001/artifacts/fulltext_import/PMC_XML/normalized/PMC8282678.json,PMCID resolved from NCBI idconv. NCBI PMC XML downloaded and normalized.
pmid-33924134,33924134,PMC8074310,10.3390/diagnostics11040733,Implementation of Precision Oncology for Patients with Metastatic Breast Cancer in an Interdisciplinary MTB Setting.,ncbi_pmc_xml,,,available,usable,no,not_attempted,/Users/xingmeng/.openclaw/workspaces/staff-scientist-ideker/agent_LiteratureDueDiligence/runs/pi3k_alpha_inhibition_resistance_review_20260830/Phase1_PubmedCollection/passes/pass_001/artifacts/fulltext_import/PMC_XML/normalized/PMC8074310.json,PMCID resolved from NCBI idconv. NCBI PMC XML downloaded and normalized.
pmid-33893289,33893289,PMC8065112,10.1038/s41467-021-22605-2,Genomic profile of advanced breast cancer in circulating tumour DNA.,ncbi_pmc_xml,,,available,usable,no,not_attempted,/Users/xingmeng/.openclaw/workspaces/staff-scientist-ideker/agent_LiteratureDueDiligence/runs/pi3k_alpha_inhibition_resistance_review_20260830/Phase1_PubmedCollection/passes/pass_001/artifacts/fulltext_import/PMC_XML/normalized/PMC8065112.json,PMCID resolved from NCBI idconv. NCBI PMC XML downloaded and normalized.
pmid-33886505,33886505,PMC8262355,10.1172/jci.insight.147617,The impact of tumor epithelial and microenvironmental heterogeneity on treatment responses in HER2+ breast cancer.,ncbi_pmc_xml,,,available,usable,no,not_attempted,/Users/xingmeng/.openclaw/workspaces/staff-scientist-ideker/agent_LiteratureDueDiligence/runs/pi3k_alpha_inhibition_resistance_review_20260830/Phase1_PubmedCollection/passes/pass_001/artifacts/fulltext_import/PMC_XML/normalized/PMC8262355.json,PMCID resolved from NCBI idconv. NCBI PMC XML downloaded and normalized.
pmid-33868999,33868999,PMC8049504,10.3389/fonc.2021.613933,Association of Body Mass Index With Somatic Mutations in Breast Cancer.,ncbi_pmc_xml,,,available,usable,no,not_attempted,/Users/xingmeng/.openclaw/workspaces/staff-scientist-ideker/agent_LiteratureDueDiligence/runs/pi3k_alpha_inhibition_resistance_review_20260830/Phase1_PubmedCollection/passes/pass_001/artifacts/fulltext_import/PMC_XML/normalized/PMC8049504.json,PMCID resolved from NCBI idconv. NCBI PMC XML downloaded and normalized.
pmid-33865994,33865994,,10.1016/j.critrevonc.2021.103334,PI3K inhibition in breast cancer: Identifying and overcoming different flavors of resistance.,none,,,missing,not_attempted,yes,missing,,No NCBI PMCID found. Alternate open-access lookup is deferred during PMC-learning to keep early full-text import focused and fast.
pmid-33799597,33799597,PMC7999809,10.3390/cancers13061225,"Phase Ib Trial of Copanlisib, A Phosphoinositide-3 Kinase (PI3K) Inhibitor, with Trastuzumab in Advanced Pre-Treated HER2-Positive Breast Cancer ""PantHER"".",ncbi_pmc_xml,,,available,usable,no,not_attempted,/Users/xingmeng/.openclaw/workspaces/staff-scientist-ideker/agent_LiteratureDueDiligence/runs/pi3k_alpha_inhibition_resistance_review_20260830/Phase1_PubmedCollection/passes/pass_001/artifacts/fulltext_import/PMC_XML/normalized/PMC7999809.json,PMCID resolved from NCBI idconv. NCBI PMC XML downloaded and normalized.
pmid-33794293,33794293,,10.1016/j.annonc.2021.03.196,Plasma tumor gene conversions after one cycle abiraterone acetate for metastatic castration-resistant prostate cancer: a biomarker analysis of a multicenter international trial.,none,,,missing,not_attempted,yes,missing,,No NCBI PMCID found. Alternate open-access lookup is deferred during PMC-learning to keep early full-text import focused and fast.
pmid-33794206,33794206,,10.1016/S1470-2045(21)00034-6,"Alpelisib plus fulvestrant in PIK3CA-mutated, hormone receptor-positive advanced breast cancer after a CDK4/6 inhibitor (BYLieve): one cohort of a phase 2, multicentre, open-label, non-comparative study.",none,,,missing,not_attempted,yes,missing,,No NCBI PMCID found. Alternate open-access lookup is deferred during PMC-learning to keep early full-text import focused and fast.
pmid-33778906,33778906,,10.1245/s10434-021-09856-5,A Pilot Study Analyzing the Clinical Utility of Comprehensive Genomic Profiling Using Plasma Cell-Free DNA for Solid Tumor Patients in Japan (PROFILE Study).,none,,,missing,not_attempted,yes,missing,,No NCBI PMCID found. Alternate open-access lookup is deferred during PMC-learning to keep early full-text import focused and fast.
pmid-33744716,33744716,,10.1016/j.ejca.2021.01.052,Exploring the resistance mechanisms of second-line osimertinib and their prognostic implications using next-generation sequencing in patients with non-small-cell lung cancer.,none,,,missing,not_attempted,yes,missing,,No NCBI PMCID found. Alternate open-access lookup is deferred during PMC-learning to keep early full-text import focused and fast.
pmid-33723394,33723394,PMC8076303,10.1038/s41416-021-01293-1,PI3K activation promotes resistance to eribulin in HER2-negative breast cancer.,ncbi_pmc_xml,,,missing,unusable,yes,missing,,PMCID resolved from NCBI idconv. PMC XML body element is missing. Unusable XML deleted from run artifacts.
pmid-33714778,33714778,,10.1016/j.lungcan.2021.03.006,Genomic alterations and clinical outcomes in patients with lung adenocarcinoma with transformation to small cell lung cancer after treatment with EGFR tyrosine kinase inhibitors: A multicenter retrospective study.,none,,,missing,not_attempted,yes,missing,,No NCBI PMCID found. Alternate open-access lookup is deferred during PMC-learning to keep early full-text import focused and fast.
pmid-33668025,33668025,,10.6004/jnccn.2021.7001,Durable Response to PD-1 Blockade in a Patient With Metastatic Pancreatic Undifferentiated Carcinoma With Osteoclast-Like Giant Cells.,none,,,missing,not_attempted,yes,missing,,No NCBI PMCID found. Alternate open-access lookup is deferred during PMC-learning to keep early full-text import focused and fast.
pmid-33622114,33622114,,10.1080/14656566.2021.1873952,"Alpelisib for the treatment of PIK3CA-mutated, hormone receptor-positive, HER2-negative metastatic breast cancer.",none,,,missing,not_attempted,yes,missing,,No NCBI PMCID found. Alternate open-access lookup is deferred during PMC-learning to keep early full-text import focused and fast.
pmid-33602685,33602685,PMC8282704,10.1158/1078-0432.CCR-20-4879,Clinical and Biomarker Results from Phase I/II Study of PI3K Inhibitor Alpelisib plus Nab-paclitaxel in HER2-Negative Metastatic Breast Cancer.,ncbi_pmc_xml,,,available,usable,no,not_attempted,/Users/xingmeng/.openclaw/workspaces/staff-scientist-ideker/agent_LiteratureDueDiligence/runs/pi3k_alpha_inhibition_resistance_review_20260830/Phase1_PubmedCollection/passes/pass_001/artifacts/fulltext_import/PMC_XML/normalized/PMC8282704.json,PMCID resolved from NCBI idconv. NCBI PMC XML downloaded and normalized.
pmid-33546249,33546249,PMC7913278,10.3390/cancers13040597,TP53 Mutations as a Driver of Metastasis Signaling in Advanced Cancer Patients.,ncbi_pmc_xml,,,available,usable,no,not_attempted,/Users/xingmeng/.openclaw/workspaces/staff-scientist-ideker/agent_LiteratureDueDiligence/runs/pi3k_alpha_inhibition_resistance_review_20260830/Phase1_PubmedCollection/passes/pass_001/artifacts/fulltext_import/PMC_XML/normalized/PMC7913278.json,PMCID resolved from NCBI idconv. NCBI PMC XML downloaded and normalized.
pmid-33469255,33469255,PMC7809097,10.1007/s00044-020-02686-2,Development and therapeutic potential of 2-aminothiazole derivatives in anticancer drug discovery.,ncbi_pmc_xml,,,available,usable,no,not_attempted,/Users/xingmeng/.openclaw/workspaces/staff-scientist-ideker/agent_LiteratureDueDiligence/runs/pi3k_alpha_inhibition_resistance_review_20260830/Phase1_PubmedCollection/passes/pass_001/artifacts/fulltext_import/PMC_XML/normalized/PMC7809097.json,PMCID resolved from NCBI idconv. NCBI PMC XML downloaded and normalized.
pmid-33403024,33403024,PMC7778531,10.7150/jca.49391,Genomic and clinical characteristics of MET exon14 alterations in a large cohort of Chinese cancer patients revealed distinct features and a novel resistance mechanism for crizotinib.,ncbi_pmc_xml,,,available,usable,no,not_attempted,/Users/xingmeng/.openclaw/workspaces/staff-scientist-ideker/agent_LiteratureDueDiligence/runs/pi3k_alpha_inhibition_resistance_review_20260830/Phase1_PubmedCollection/passes/pass_001/artifacts/fulltext_import/PMC_XML/normalized/PMC7778531.json,PMCID resolved from NCBI idconv. NCBI PMC XML downloaded and normalized.
pmid-33389015,33389015,PMC10991621,10.1007/s00262-020-02799-y,Discovery of acquired molecular signature on immune checkpoint inhibitors in paired tumor tissues.,ncbi_pmc_xml,,,missing,unusable,yes,missing,,PMCID resolved from NCBI idconv. PMC XML body element is missing. Unusable XML deleted from run artifacts.
pmid-33323406,33323406,,10.1158/1078-0432.CCR-20-1566,The Use of Serial Circulating Tumor DNA to Detect Resistance Alterations in Progressive Metastatic Breast Cancer.,none,,,missing,not_attempted,yes,missing,,No NCBI PMCID found. Alternate open-access lookup is deferred during PMC-learning to keep early full-text import focused and fast.
pmid-33296125,33296125,PMC8018304,10.1002/onco.13631,"Phase I Study of Afatinib and Selumetinib in Patients with KRAS-Mutated Colorectal, Non-Small Cell Lung, and Pancreatic Cancer.",ncbi_pmc_xml,,,missing,unusable,yes,missing,,PMCID resolved from NCBI idconv. PMC XML body element is missing. Unusable XML deleted from run artifacts.
pmid-33293374,33293374,PMC7887078,10.1158/1078-0432.CCR-20-1720,Genomic Characterization of de novo Metastatic Breast Cancer.,ncbi_pmc_xml,,,available,usable,no,not_attempted,/Users/xingmeng/.openclaw/workspaces/staff-scientist-ideker/agent_LiteratureDueDiligence/runs/pi3k_alpha_inhibition_resistance_review_20260830/Phase1_PubmedCollection/passes/pass_001/artifacts/fulltext_import/PMC_XML/normalized/PMC7887078.json,PMCID resolved from NCBI idconv. NCBI PMC XML downloaded and normalized.
pmid-33213227,33213227,,10.1080/17425255.2021.1844662,"A pharmacokinetic evaluation of alpelisib for the treatment of HR+, HER2-negative, PIK3CA-mutated advanced or metastatic breast cancer.",none,,,missing,not_attempted,yes,missing,,No NCBI PMCID found. Alternate open-access lookup is deferred during PMC-learning to keep early full-text import focused and fast.
pmid-33204026,33204026,PMC7782586,10.1038/s41416-020-01147-2,Mutational profiles associated with resistance in patients with BRAFV600E mutant colorectal cancer treated with cetuximab and encorafenib +/- binimetinib or alpelisib.,ncbi_pmc_xml,,,available,usable,no,not_attempted,/Users/xingmeng/.openclaw/workspaces/staff-scientist-ideker/agent_LiteratureDueDiligence/runs/pi3k_alpha_inhibition_resistance_review_20260830/Phase1_PubmedCollection/passes/pass_001/artifacts/fulltext_import/PMC_XML/normalized/PMC7782586.json,PMCID resolved from NCBI idconv. NCBI PMC XML downloaded and normalized.
pmid-33203645,33203645,PMC8223008,10.1158/1078-0432.CCR-20-1831,"Neratinib-Plus-Cetuximab in Quadruple-WT (KRAS, NRAS, BRAF, PIK3CA) Metastatic Colorectal Cancer Resistant to Cetuximab or Panitumumab: NSABP FC-7, A Phase Ib Study.",ncbi_pmc_xml,,,available,usable,no,not_attempted,/Users/xingmeng/.openclaw/workspaces/staff-scientist-ideker/agent_LiteratureDueDiligence/runs/pi3k_alpha_inhibition_resistance_review_20260830/Phase1_PubmedCollection/passes/pass_001/artifacts/fulltext_import/PMC_XML/normalized/PMC8223008.json,PMCID resolved from NCBI idconv. NCBI PMC XML downloaded and normalized.
pmid-33190190,33190190,PMC7854469,10.1007/s12325-020-01552-2,"Clinical Challenges in the Management of Hormone Receptor-Positive, Human Epidermal Growth Factor Receptor 2-Negative Metastatic Breast Cancer: A Literature Review.",ncbi_pmc_xml,,,available,usable,no,not_attempted,/Users/xingmeng/.openclaw/workspaces/staff-scientist-ideker/agent_LiteratureDueDiligence/runs/pi3k_alpha_inhibition_resistance_review_20260830/Phase1_PubmedCollection/passes/pass_001/artifacts/fulltext_import/PMC_XML/normalized/PMC7854469.json,PMCID resolved from NCBI idconv. NCBI PMC XML downloaded and normalized.
pmid-33168657,33168657,PMC8535764,10.1158/1078-0432.CCR-20-3652,"FDA Approval Summary: Alpelisib Plus Fulvestrant for Patients with HR-positive, HER2-negative, PIK3CA-mutated, Advanced or Metastatic Breast Cancer.",ncbi_pmc_xml,,,available,usable,no,not_attempted,/Users/xingmeng/.openclaw/workspaces/staff-scientist-ideker/agent_LiteratureDueDiligence/runs/pi3k_alpha_inhibition_resistance_review_20260830/Phase1_PubmedCollection/passes/pass_001/artifacts/fulltext_import/PMC_XML/normalized/PMC8535764.json,PMCID resolved from NCBI idconv. NCBI PMC XML downloaded and normalized.
pmid-33148674,33148674,,10.1158/1078-0432.CCR-20-2657,"Phase I Basket Study of Taselisib, an Isoform-Selective PI3K Inhibitor, in Patients with PIK3CA-Mutant Cancers.",none,,,missing,not_attempted,yes,missing,,No NCBI PMCID found. Alternate open-access lookup is deferred during PMC-learning to keep early full-text import focused and fast.
pmid-35663259,35663259,PMC9165573,10.36401/JIPO-20-5,"Case Report: Sustained Complete Response to PI3K Inhibition in a Patient with Metastatic Breast Cancer Harboring PIK3CA, NF1, and CDH1 Mutations.",ncbi_pmc_xml,,,missing,unusable,yes,missing,,PMCID resolved from NCBI idconv. PMC XML body element is missing. Unusable XML deleted from run artifacts.
pmid-35117735,35117735,PMC8798927,10.21037/tcr-19-2291,Significance of genetic sequencing in patients with lung adenocarcinoma with transformation to small cell lung cancer: a case report and systematic review.,ncbi_pmc_xml,,,available,usable,no,not_attempted,/Users/xingmeng/.openclaw/workspaces/staff-scientist-ideker/agent_LiteratureDueDiligence/runs/pi3k_alpha_inhibition_resistance_review_20260830/Phase1_PubmedCollection/passes/pass_001/artifacts/fulltext_import/PMC_XML/normalized/PMC8798927.json,PMCID resolved from NCBI idconv. NCBI PMC XML downloaded and normalized.
pmid-35117688,35117688,PMC8798137,10.21037/tcr.2020.04.07,"Antitumor activity and safety of sirolimus for solid tumors with PIK3CA mutations: A multicenter, open-label, prospective single-arm study (KM 02-01, KCSG UN17-16).",ncbi_pmc_xml,,,available,usable,no,not_attempted,/Users/xingmeng/.openclaw/workspaces/staff-scientist-ideker/agent_LiteratureDueDiligence/runs/pi3k_alpha_inhibition_resistance_review_20260830/Phase1_PubmedCollection/passes/pass_001/artifacts/fulltext_import/PMC_XML/normalized/PMC8798137.json,PMCID resolved from NCBI idconv. NCBI PMC XML downloaded and normalized.
pmid-33384957,33384957,PMC7771515,10.3389/fonc.2020.588932,Genotyping Squamous Cell Lung Carcinoma in Colombia (Geno1.1-CLICaP).,ncbi_pmc_xml,,,available,usable,no,not_attempted,/Users/xingmeng/.openclaw/workspaces/staff-scientist-ideker/agent_LiteratureDueDiligence/runs/pi3k_alpha_inhibition_resistance_review_20260830/Phase1_PubmedCollection/passes/pass_001/artifacts/fulltext_import/PMC_XML/normalized/PMC7771515.json,PMCID resolved from NCBI idconv. NCBI PMC XML downloaded and normalized.
pmid-33318517,33318517,PMC7736588,10.1038/s41598-020-78788-z,Combined PI3Kα-mTOR Targeting of Glioma Stem Cells.,ncbi_pmc_xml,,,available,usable,no,not_attempted,/Users/xingmeng/.openclaw/workspaces/staff-scientist-ideker/agent_LiteratureDueDiligence/runs/pi3k_alpha_inhibition_resistance_review_20260830/Phase1_PubmedCollection/passes/pass_001/artifacts/fulltext_import/PMC_XML/normalized/PMC7736588.json,PMCID resolved from NCBI idconv. NCBI PMC XML downloaded and normalized.
pmid-33194681,33194681,PMC7658551,10.3389/fonc.2020.574523,Case Report: Primary and Acquired Resistance Mechanisms of Nimotuzumab in Advanced Esophageal Squamous Cell Carcinoma Revealed by Targeted Sequencing.,ncbi_pmc_xml,,,available,usable,no,not_attempted,/Users/xingmeng/.openclaw/workspaces/staff-scientist-ideker/agent_LiteratureDueDiligence/runs/pi3k_alpha_inhibition_resistance_review_20260830/Phase1_PubmedCollection/passes/pass_001/artifacts/fulltext_import/PMC_XML/normalized/PMC7658551.json,PMCID resolved from NCBI idconv. NCBI PMC XML downloaded and normalized.
pmid-33125909,33125909,PMC8109255,10.1016/S1470-2045(20)30475-7,Biomarker-driven therapies for previously treated squamous non-small-cell lung cancer (Lung-MAP SWOG S1400): a biomarker-driven master protocol.,ncbi_pmc_xml,,,available,usable,no,not_attempted,/Users/xingmeng/.openclaw/workspaces/staff-scientist-ideker/agent_LiteratureDueDiligence/runs/pi3k_alpha_inhibition_resistance_review_20260830/Phase1_PubmedCollection/passes/pass_001/artifacts/fulltext_import/PMC_XML/normalized/PMC8109255.json,PMCID resolved from NCBI idconv. NCBI PMC XML downloaded and normalized.
pmid-33112820,33112820,PMC7774771,10.1530/EC-20-0311,Akt1 genetic variants confer increased susceptibility to thyroid cancer.,ncbi_pmc_xml,,,available,usable,no,not_attempted,/Users/xingmeng/.openclaw/workspaces/staff-scientist-ideker/agent_LiteratureDueDiligence/runs/pi3k_alpha_inhibition_resistance_review_20260830/Phase1_PubmedCollection/passes/pass_001/artifacts/fulltext_import/PMC_XML/normalized/PMC7774771.json,PMCID resolved from NCBI idconv. NCBI PMC XML downloaded and normalized.
pmid-33088912,33088912,PMC7568552,10.1038/s41523-020-00197-2,"Practical classification of triple-negative breast cancer: intratumoral heterogeneity, mechanisms of drug resistance, and novel therapies.",ncbi_pmc_xml,,,available,usable,no,not_attempted,/Users/xingmeng/.openclaw/workspaces/staff-scientist-ideker/agent_LiteratureDueDiligence/runs/pi3k_alpha_inhibition_resistance_review_20260830/Phase1_PubmedCollection/passes/pass_001/artifacts/fulltext_import/PMC_XML/normalized/PMC7568552.json,PMCID resolved from NCBI idconv. NCBI PMC XML downloaded and normalized.
pmid-33082753,33082753,PMC7548910,10.1159/000510097,Cutaneous Adnexal Carcinoma with Apocrine Differentiation: A Challenging Diagnosis and Personalized Treatment with mTOR Inhibitor in a Very Rare Disease.,ncbi_pmc_xml,,,available,usable,no,not_attempted,/Users/xingmeng/.openclaw/workspaces/staff-scientist-ideker/agent_LiteratureDueDiligence/runs/pi3k_alpha_inhibition_resistance_review_20260830/Phase1_PubmedCollection/passes/pass_001/artifacts/fulltext_import/PMC_XML/normalized/PMC7548910.json,PMCID resolved from NCBI idconv. NCBI PMC XML downloaded and normalized.
pmid-33059733,33059733,PMC7559997,10.1186/s13046-020-01713-9,TAM family receptors in conjunction with MAPK signalling are involved in acquired resistance to PI3Kα inhibition in head and neck squamous cell carcinoma.,ncbi_pmc_xml,,,available,usable,no,not_attempted,/Users/xingmeng/.openclaw/workspaces/staff-scientist-ideker/agent_LiteratureDueDiligence/runs/pi3k_alpha_inhibition_resistance_review_20260830/Phase1_PubmedCollection/passes/pass_001/artifacts/fulltext_import/PMC_XML/normalized/PMC7559997.json,PMCID resolved from NCBI idconv. NCBI PMC XML downloaded and normalized.
pmid-33059724,33059724,PMC7566144,10.1186/s13058-020-01345-z,Inter-tumor genomic heterogeneity of breast cancers: comprehensive genomic profile of primary early breast cancers and relapses.,ncbi_pmc_xml,,,available,usable,no,not_attempted,/Users/xingmeng/.openclaw/workspaces/staff-scientist-ideker/agent_LiteratureDueDiligence/runs/pi3k_alpha_inhibition_resistance_review_20260830/Phase1_PubmedCollection/passes/pass_001/artifacts/fulltext_import/PMC_XML/normalized/PMC7566144.json,PMCID resolved from NCBI idconv. NCBI PMC XML downloaded and normalized.
pmid-33036331,33036331,PMC7601167,10.3390/jcm9103214,CDK 4/6 Inhibition Overcomes Acquired and Inherent Resistance to PI3Kα Inhibition in Pre-Clinical Models of Head and Neck Squamous Cell Carcinoma.,ncbi_pmc_xml,,,available,usable,no,not_attempted,/Users/xingmeng/.openclaw/workspaces/staff-scientist-ideker/agent_LiteratureDueDiligence/runs/pi3k_alpha_inhibition_resistance_review_20260830/Phase1_PubmedCollection/passes/pass_001/artifacts/fulltext_import/PMC_XML/normalized/PMC7601167.json,PMCID resolved from NCBI idconv. NCBI PMC XML downloaded and normalized.
pmid-33024200,33024200,PMC7538919,10.1038/s41598-020-73642-8,Assessment of prognostic implication of a panel of oncogenes in bladder cancer and identification of a 3-gene signature associated with recurrence and progression risk in non-muscle-invasive bladder cancer.,ncbi_pmc_xml,,,available,usable,no,not_attempted,/Users/xingmeng/.openclaw/workspaces/staff-scientist-ideker/agent_LiteratureDueDiligence/runs/pi3k_alpha_inhibition_resistance_review_20260830/Phase1_PubmedCollection/passes/pass_001/artifacts/fulltext_import/PMC_XML/normalized/PMC7538919.json,PMCID resolved from NCBI idconv. NCBI PMC XML downloaded and normalized.
pmid-33004031,33004031,PMC7528467,10.1186/s12885-020-07432-w,"Targeted next-generation sequencing assays using triplet samples of normal breast tissue, primary breast cancer, and recurrent/metastatic lesions.",ncbi_pmc_xml,,,available,usable,no,not_attempted,/Users/xingmeng/.openclaw/workspaces/staff-scientist-ideker/agent_LiteratureDueDiligence/runs/pi3k_alpha_inhibition_resistance_review_20260830/Phase1_PubmedCollection/passes/pass_001/artifacts/fulltext_import/PMC_XML/normalized/PMC7528467.json,PMCID resolved from NCBI idconv. NCBI PMC XML downloaded and normalized.
pmid-32976773,32976773,PMC7562820,10.1016/j.ccell.2020.08.016,Metabolic Imaging Detects Resistance to PI3Kα Inhibition Mediated by Persistent FOXM1 Expression in ER(+) Breast Cancer.,ncbi_pmc_xml,,,available,usable,no,not_attempted,/Users/xingmeng/.openclaw/workspaces/staff-scientist-ideker/agent_LiteratureDueDiligence/runs/pi3k_alpha_inhibition_resistance_review_20260830/Phase1_PubmedCollection/passes/pass_001/artifacts/fulltext_import/PMC_XML/normalized/PMC7562820.json,PMCID resolved from NCBI idconv. NCBI PMC XML downloaded and normalized.
pmid-32953503,32953503,PMC7481581,10.21037/tlcr-20-141,PI3K-AKT-mTOR pathway alterations in advanced NSCLC patients after progression on EGFR-TKI and clinical response to EGFR-TKI plus everolimus combination therapy.,ncbi_pmc_xml,,,available,usable,no,not_attempted,/Users/xingmeng/.openclaw/workspaces/staff-scientist-ideker/agent_LiteratureDueDiligence/runs/pi3k_alpha_inhibition_resistance_review_20260830/Phase1_PubmedCollection/passes/pass_001/artifacts/fulltext_import/PMC_XML/normalized/PMC7481581.json,PMCID resolved from NCBI idconv. NCBI PMC XML downloaded and normalized.
pmid-32953500,32953500,PMC7481595,10.21037/tlcr-20-679,Concomitant genetic alterations are associated with response to EGFR targeted therapy in patients with lung adenocarcinoma.,ncbi_pmc_xml,,,available,usable,no,not_attempted,/Users/xingmeng/.openclaw/workspaces/staff-scientist-ideker/agent_LiteratureDueDiligence/runs/pi3k_alpha_inhibition_resistance_review_20260830/Phase1_PubmedCollection/passes/pass_001/artifacts/fulltext_import/PMC_XML/normalized/PMC7481595.json,PMCID resolved from NCBI idconv. NCBI PMC XML downloaded and normalized.
pmid-32953006,32953006,PMC7472334,10.1039/d0sc01676d,PI3K inhibitors: review and new strategies.,ncbi_pmc_xml,,,available,usable,no,not_attempted,/Users/xingmeng/.openclaw/workspaces/staff-scientist-ideker/agent_LiteratureDueDiligence/runs/pi3k_alpha_inhibition_resistance_review_20260830/Phase1_PubmedCollection/passes/pass_001/artifacts/fulltext_import/PMC_XML/normalized/PMC7472334.json,PMCID resolved from NCBI idconv. NCBI PMC XML downloaded and normalized.
pmid-32947221,32947221,,10.1016/j.lungcan.2020.09.005,ERK phosphorylation as a marker of RAS activity and its prognostic value in non-small cell lung cancer.,none,,,missing,not_attempted,yes,missing,,No NCBI PMCID found. Alternate open-access lookup is deferred during PMC-learning to keep early full-text import focused and fast.
pmid-32901282,32901282,,10.1093/jalm/jfaa117,Plasma PIK3CA Mutation Testing in Advanced Breast Cancer Patients for Personalized Medicine: A Value Proposition.,none,,,missing,not_attempted,yes,missing,,No NCBI PMCID found. Alternate open-access lookup is deferred during PMC-learning to keep early full-text import focused and fast.
pmid-32899250,32899250,PMC7564416,10.3390/cancers12092500,PI3K p110α Blockade Enhances Anti-Tumor Efficacy of Abemaciclib in Human Colorectal Cancer Cells.,ncbi_pmc_xml,,,available,usable,no,not_attempted,/Users/xingmeng/.openclaw/workspaces/staff-scientist-ideker/agent_LiteratureDueDiligence/runs/pi3k_alpha_inhibition_resistance_review_20260830/Phase1_PubmedCollection/passes/pass_001/artifacts/fulltext_import/PMC_XML/normalized/PMC7564416.json,PMCID resolved from NCBI idconv. NCBI PMC XML downloaded and normalized.
pmid-32875404,32875404,,10.1007/s11864-020-00783-3,Precision Medicine for Breast Cancer Utilizing Circulating Tumor DNA: It Is in the Blood.,none,,,missing,not_attempted,yes,missing,,No NCBI PMCID found. Alternate open-access lookup is deferred during PMC-learning to keep early full-text import focused and fast.
pmid-32864625,32864625,PMC7450824,10.1038/s43018-020-0047-1,Alterations in PTEN and ESR1 promote clinical resistance to alpelisib plus aromatase inhibitors.,ncbi_pmc_xml,,,available,usable,no,not_attempted,/Users/xingmeng/.openclaw/workspaces/staff-scientist-ideker/agent_LiteratureDueDiligence/runs/pi3k_alpha_inhibition_resistance_review_20260830/Phase1_PubmedCollection/passes/pass_001/artifacts/fulltext_import/PMC_XML/normalized/PMC7450824.json,PMCID resolved from NCBI idconv. NCBI PMC XML downloaded and normalized.
pmid-32799569,32799569,,10.1080/14737140.2020.1810573,Outcomes with anti-EGFR monoclonal antibodies in metastatic and recurrent anal squamous cell carcinoma.,none,,,missing,not_attempted,yes,missing,,No NCBI PMCID found. Alternate open-access lookup is deferred during PMC-learning to keep early full-text import focused and fast.
pmid-32795346,32795346,PMC7427086,10.1186/s13058-020-01320-8,Targeting activated PI3K/mTOR signaling overcomes acquired resistance to CDK4/6-based therapies in preclinical models of hormone receptor-positive breast cancer.,ncbi_pmc_xml,,,available,usable,no,not_attempted,/Users/xingmeng/.openclaw/workspaces/staff-scientist-ideker/agent_LiteratureDueDiligence/runs/pi3k_alpha_inhibition_resistance_review_20260830/Phase1_PubmedCollection/passes/pass_001/artifacts/fulltext_import/PMC_XML/normalized/PMC7427086.json,PMCID resolved from NCBI idconv. NCBI PMC XML downloaded and normalized.
pmid-32793495,32793495,PMC7393232,10.3389/fonc.2020.01240,Longitudinal Monitoring of EGFR and PIK3CA Mutations by Saliva-Based EFIRM in Advanced NSCLC Patients With Local Ablative Therapy and Osimertinib Treatment: Two Case Reports.,ncbi_pmc_xml,,,available,usable,no,not_attempted,/Users/xingmeng/.openclaw/workspaces/staff-scientist-ideker/agent_LiteratureDueDiligence/runs/pi3k_alpha_inhibition_resistance_review_20260830/Phase1_PubmedCollection/passes/pass_001/artifacts/fulltext_import/PMC_XML/normalized/PMC7393232.json,PMCID resolved from NCBI idconv. NCBI PMC XML downloaded and normalized.
pmid-32782489,32782489,PMC7388095,10.1177/1758835920940939,Targeting the PI3K/Akt/mTOR pathway in estrogen-receptor positive HER2 negative advanced breast cancer.,ncbi_pmc_xml,,,available,usable,no,not_attempted,/Users/xingmeng/.openclaw/workspaces/staff-scientist-ideker/agent_LiteratureDueDiligence/runs/pi3k_alpha_inhibition_resistance_review_20260830/Phase1_PubmedCollection/passes/pass_001/artifacts/fulltext_import/PMC_XML/normalized/PMC7388095.json,PMCID resolved from NCBI idconv. NCBI PMC XML downloaded and normalized.
pmid-32705230,32705230,PMC7388413,10.3892/or.2020.7674,Selective inhibition of PI3K110α as a novel therapeutic strategy for cetuximab‑resistant oral squamous cell carcinoma.,ncbi_pmc_xml,,,missing,unusable,yes,missing,,"PMCID resolved from NCBI idconv. PMC download error: Command '['curl', '--silent', '--show-error', '--fail', '--location', '--max-time', '60', 'https://eutils.ncbi.nlm.nih.gov/entrez/eutils/efetch.fcgi?db=pmc&id=PMC7388413&retmode=xml']' returned non-zero exit status 56."
pmid-32676317,32676317,PMC7354150,10.21037/tlcr.2020.04.01,ctDNA analysis reveals different molecular patterns upon disease progression in patients treated with osimertinib.,ncbi_pmc_xml,,,available,usable,no,not_attempted,/Users/xingmeng/.openclaw/workspaces/staff-scientist-ideker/agent_LiteratureDueDiligence/runs/pi3k_alpha_inhibition_resistance_review_20260830/Phase1_PubmedCollection/passes/pass_001/artifacts/fulltext_import/PMC_XML/normalized/PMC7354150.json,PMCID resolved from NCBI idconv. NCBI PMC XML downloaded and normalized.
pmid-32665850,32665850,PMC7333932,10.1093/gastro/goaa026,Anti-EGFR therapy in metastatic colorectal cancer: mechanisms and potential regimens of drug resistance.,ncbi_pmc_xml,,,available,usable,no,not_attempted,/Users/xingmeng/.openclaw/workspaces/staff-scientist-ideker/agent_LiteratureDueDiligence/runs/pi3k_alpha_inhibition_resistance_review_20260830/Phase1_PubmedCollection/passes/pass_001/artifacts/fulltext_import/PMC_XML/normalized/PMC7333932.json,PMCID resolved from NCBI idconv. NCBI PMC XML downloaded and normalized.
pmid-32658437,32658437,,10.7754/Clin.Lab.2019.191150,Next-Generation Sequencing of Plasma Cell-Free DNA for Treatment Monitoring in Advanced Head and Neck Cancer Patients.,none,,,missing,not_attempted,yes,missing,,No NCBI PMCID found. Alternate open-access lookup is deferred during PMC-learning to keep early full-text import focused and fast.
pmid-32557577,32557577,PMC8266417,10.1002/cncr.33036,"Tipifarnib in recurrent, metastatic HRAS-mutant salivary gland cancer.",ncbi_pmc_xml,,,available,usable,no,not_attempted,/Users/xingmeng/.openclaw/workspaces/staff-scientist-ideker/agent_LiteratureDueDiligence/runs/pi3k_alpha_inhibition_resistance_review_20260830/Phase1_PubmedCollection/passes/pass_001/artifacts/fulltext_import/PMC_XML/normalized/PMC8266417.json,PMCID resolved from NCBI idconv. NCBI PMC XML downloaded and normalized.
pmid-32416251,32416251,,10.1016/j.annonc.2020.05.001,Time course and management of key adverse events during the randomized phase III SOLAR-1 study of PI3K inhibitor alpelisib plus fulvestrant in patients with HR-positive advanced breast cancer.,none,,,missing,not_attempted,yes,missing,,No NCBI PMCID found. Alternate open-access lookup is deferred during PMC-learning to keep early full-text import focused and fast.
pmid-32385709,32385709,PMC7382655,10.1007/s00432-020-03239-1,Acquired resistance to osimertinib in patients with non-small-cell lung cancer: mechanisms and clinical outcomes.,ncbi_pmc_xml,,,missing,unusable,yes,missing,,"PMCID resolved from NCBI idconv. PMC download error: Command '['curl', '--silent', '--show-error', '--fail', '--location', '--max-time', '60', 'https://eutils.ncbi.nlm.nih.gov/entrez/eutils/efetch.fcgi?db=pmc&id=PMC7382655&retmode=xml']' returned non-zero exit status 56."
pmid-32376853,32376853,PMC7483889,10.1038/s41379-020-0560-x,KRAS amplification in metastatic colon cancer is associated with a history of inflammatory bowel disease and may confer resistance to anti-EGFR therapy.,ncbi_pmc_xml,,,missing,unusable,yes,missing,,"PMCID resolved from NCBI idconv. PMC download error: Command '['curl', '--silent', '--show-error', '--fail', '--location', '--max-time', '60', 'https://eutils.ncbi.nlm.nih.gov/entrez/eutils/efetch.fcgi?db=pmc&id=PMC7483889&retmode=xml']' returned non-zero exit status 56."
pmid-32365913,32365913,PMC7290687,10.3390/cells9051116,Mutation-Associated Phenotypic Heterogeneity in Novel and Canonical PIK3CA Helical and Kinase Domain Mutants.,ncbi_pmc_xml,,,available,usable,no,not_attempted,/Users/xingmeng/.openclaw/workspaces/staff-scientist-ideker/agent_LiteratureDueDiligence/runs/pi3k_alpha_inhibition_resistance_review_20260830/Phase1_PubmedCollection/passes/pass_001/artifacts/fulltext_import/PMC_XML/normalized/PMC7290687.json,PMCID resolved from NCBI idconv. NCBI PMC XML downloaded and normalized.
pmid-32352244,32352244,PMC7333856,10.1002/cam4.3092,"Buparlisib in combination with tamoxifen in pretreated patients with hormone receptor-positive, HER2-negative advanced breast cancer molecularly stratified for PIK3CA mutations and loss of PTEN expression.",ncbi_pmc_xml,,,available,usable,no,not_attempted,/Users/xingmeng/.openclaw/workspaces/staff-scientist-ideker/agent_LiteratureDueDiligence/runs/pi3k_alpha_inhibition_resistance_review_20260830/Phase1_PubmedCollection/passes/pass_001/artifacts/fulltext_import/PMC_XML/normalized/PMC7333856.json,PMCID resolved from NCBI idconv. NCBI PMC XML downloaded and normalized.
pmid-32322420,32322420,PMC7167517,10.1016/j.jare.2020.04.001,Targeted next generation sequencing identifies somatic mutations in a cohort of Egyptian breast cancer patients.,ncbi_pmc_xml,,,available,usable,no,not_attempted,/Users/xingmeng/.openclaw/workspaces/staff-scientist-ideker/agent_LiteratureDueDiligence/runs/pi3k_alpha_inhibition_resistance_review_20260830/Phase1_PubmedCollection/passes/pass_001/artifacts/fulltext_import/PMC_XML/normalized/PMC7167517.json,PMCID resolved from NCBI idconv. NCBI PMC XML downloaded and normalized.
pmid-32318348,32318348,PMC7154135,10.3389/fonc.2020.00466,Circulating Tumor DNA Is Capable of Monitoring the Therapeutic Response and Resistance in Advanced Colorectal Cancer Patients Undergoing Combined Target and Chemotherapy.,ncbi_pmc_xml,,,available,usable,no,not_attempted,/Users/xingmeng/.openclaw/workspaces/staff-scientist-ideker/agent_LiteratureDueDiligence/runs/pi3k_alpha_inhibition_resistance_review_20260830/Phase1_PubmedCollection/passes/pass_001/artifacts/fulltext_import/PMC_XML/normalized/PMC7154135.json,PMCID resolved from NCBI idconv. NCBI PMC XML downloaded and normalized.
pmid-32215186,32215186,PMC7082112,10.18632/oncotarget.27517,Early prediction of resistance to tyrosine kinase inhibitors by plasma monitoring of EGFR mutations in NSCLC: a new algorithm for patient selection and personalized treatment.,ncbi_pmc_xml,,,available,usable,no,not_attempted,/Users/xingmeng/.openclaw/workspaces/staff-scientist-ideker/agent_LiteratureDueDiligence/runs/pi3k_alpha_inhibition_resistance_review_20260830/Phase1_PubmedCollection/passes/pass_001/artifacts/fulltext_import/PMC_XML/normalized/PMC7082112.json,PMCID resolved from NCBI idconv. NCBI PMC XML downloaded and normalized.
pmid-32203070,32203070,PMC7501185,10.1038/s41391-020-0224-4,Plasma cell-free DNA-based predictors of response to abiraterone acetate/prednisone and prognostic factors in metastatic castration-resistant prostate cancer.,ncbi_pmc_xml,,,available,usable,no,not_attempted,/Users/xingmeng/.openclaw/workspaces/staff-scientist-ideker/agent_LiteratureDueDiligence/runs/pi3k_alpha_inhibition_resistance_review_20260830/Phase1_PubmedCollection/passes/pass_001/artifacts/fulltext_import/PMC_XML/normalized/PMC7501185.json,PMCID resolved from NCBI idconv. NCBI PMC XML downloaded and normalized.
pmid-32184619,32184619,PMC7053816,10.2147/OTT.S236382,An EGFR-Amplified Cervical Squamous Cell Carcinoma Patient with Pulmonary Metastasis Benefits from Afatinib: A Case Report.,ncbi_pmc_xml,,,available,usable,no,not_attempted,/Users/xingmeng/.openclaw/workspaces/staff-scientist-ideker/agent_LiteratureDueDiligence/runs/pi3k_alpha_inhibition_resistance_review_20260830/Phase1_PubmedCollection/passes/pass_001/artifacts/fulltext_import/PMC_XML/normalized/PMC7053816.json,PMCID resolved from NCBI idconv. NCBI PMC XML downloaded and normalized.
pmid-32107691,32107691,PMC7305081,10.1007/s10120-020-01045-9,Identification of targeted therapy options for gastric adenocarcinoma by comprehensive analysis of genomic data.,ncbi_pmc_xml,,,available,usable,no,not_attempted,/Users/xingmeng/.openclaw/workspaces/staff-scientist-ideker/agent_LiteratureDueDiligence/runs/pi3k_alpha_inhibition_resistance_review_20260830/Phase1_PubmedCollection/passes/pass_001/artifacts/fulltext_import/PMC_XML/normalized/PMC7305081.json,PMCID resolved from NCBI idconv. NCBI PMC XML downloaded and normalized.
pmid-32035020,32035020,PMC7052734,10.1016/S1470-2045(19)30817-4,"Fulvestrant plus capivasertib versus placebo after relapse or progression on an aromatase inhibitor in metastatic, oestrogen receptor-positive breast cancer (FAKTION): a multicentre, randomised, controlled, phase 2 trial.",ncbi_pmc_xml,,,available,usable,no,not_attempted,/Users/xingmeng/.openclaw/workspaces/staff-scientist-ideker/agent_LiteratureDueDiligence/runs/pi3k_alpha_inhibition_resistance_review_20260830/Phase1_PubmedCollection/passes/pass_001/artifacts/fulltext_import/PMC_XML/normalized/PMC7052734.json,PMCID resolved from NCBI idconv. NCBI PMC XML downloaded and normalized.
pmid-32016810,32016810,,10.1007/s12253-020-00796-1,mTOR in Lung Neoplasms.,none,,,missing,not_attempted,yes,missing,,No NCBI PMCID found. Alternate open-access lookup is deferred during PMC-learning to keep early full-text import focused and fast.
pmid-31991072,31991072,PMC7064095,10.1002/cam4.2782,Two-point-NGS analysis of cancer genes in cell-free DNA of metastatic cancer patients.,ncbi_pmc_xml,,,available,usable,no,not_attempted,/Users/xingmeng/.openclaw/workspaces/staff-scientist-ideker/agent_LiteratureDueDiligence/runs/pi3k_alpha_inhibition_resistance_review_20260830/Phase1_PubmedCollection/passes/pass_001/artifacts/fulltext_import/PMC_XML/normalized/PMC7064095.json,PMCID resolved from NCBI idconv. NCBI PMC XML downloaded and normalized.
pmid-31976308,31976308,PMC6935689,10.5306/wjco.v11.i1.31,Current concepts in ameloblastoma-targeted therapies in B-raf proto-oncogene serine/threonine kinase V600E mutation: Systematic review.,ncbi_pmc_xml,,,available,usable,no,not_attempted,/Users/xingmeng/.openclaw/workspaces/staff-scientist-ideker/agent_LiteratureDueDiligence/runs/pi3k_alpha_inhibition_resistance_review_20260830/Phase1_PubmedCollection/passes/pass_001/artifacts/fulltext_import/PMC_XML/normalized/PMC6935689.json,PMCID resolved from NCBI idconv. NCBI PMC XML downloaded and normalized.
pmid-31952518,31952518,PMC6966863,10.1186/s12943-019-1112-1,"The PI3K subunits, P110α and P110β are potential targets for overcoming P-gp and BCRP-mediated MDR in cancer.",ncbi_pmc_xml,,,available,usable,no,not_attempted,/Users/xingmeng/.openclaw/workspaces/staff-scientist-ideker/agent_LiteratureDueDiligence/runs/pi3k_alpha_inhibition_resistance_review_20260830/Phase1_PubmedCollection/passes/pass_001/artifacts/fulltext_import/PMC_XML/normalized/PMC6966863.json,PMCID resolved from NCBI idconv. NCBI PMC XML downloaded and normalized.
pmid-31934607,31934607,PMC6951478,10.1016/j.gore.2019.100532,"Phase II evaluation of copanlisib, a selective inhibitor of Pi3kca, in patients with persistent or recurrent endometrial carcinoma harboring PIK3CA hotspot mutations: An NRG Oncology study (NRG-GY008).",ncbi_pmc_xml,,,available,usable,no,not_attempted,/Users/xingmeng/.openclaw/workspaces/staff-scientist-ideker/agent_LiteratureDueDiligence/runs/pi3k_alpha_inhibition_resistance_review_20260830/Phase1_PubmedCollection/passes/pass_001/artifacts/fulltext_import/PMC_XML/normalized/PMC6951478.json,PMCID resolved from NCBI idconv. NCBI PMC XML downloaded and normalized.
pmid-31911548,31911548,PMC7448565,10.1158/1078-0432.CCR-19-3563,Tumor Analyses Reveal Squamous Transformation and Off-Target Alterations As Early Resistance Mechanisms to First-line Osimertinib in EGFR-Mutant Lung Cancer.,ncbi_pmc_xml,,,available,usable,no,not_attempted,/Users/xingmeng/.openclaw/workspaces/staff-scientist-ideker/agent_LiteratureDueDiligence/runs/pi3k_alpha_inhibition_resistance_review_20260830/Phase1_PubmedCollection/passes/pass_001/artifacts/fulltext_import/PMC_XML/normalized/PMC7448565.json,PMCID resolved from NCBI idconv. NCBI PMC XML downloaded and normalized.
pmid-31903879,31903879,,10.2174/1568026620666200106141717,Isoform-Selective PI3K Inhibitors for Various Diseases.,none,,,missing,not_attempted,yes,missing,,No NCBI PMCID found. Alternate open-access lookup is deferred during PMC-learning to keep early full-text import focused and fast.
pmid-31898183,31898183,,10.1007/s10637-019-00889-y,A phase 2 clinical trial of the heat shock protein 90 (HSP 90) inhibitor ganetespib in patients with refractory advanced esophagogastric cancer.,none,,,missing,not_attempted,yes,missing,,No NCBI PMCID found. Alternate open-access lookup is deferred during PMC-learning to keep early full-text import focused and fast.
pmid-31837432,31837432,PMC7031679,10.1016/j.jmoldx.2019.10.008,Therapeutic Monitoring of Circulating DNA Mutations in Metastatic Cancer with Personalized Digital PCR.,ncbi_pmc_xml,,,missing,unusable,yes,missing,,PMCID resolved from NCBI idconv. PMC XML body element is missing. Unusable XML deleted from run artifacts.
pmid-31828849,31828849,PMC7004544,10.1111/cas.14277,Potential mechanism of primary resistance to icotinib in patients with advanced non-small cell lung cancer harboring uncommon mutant epidermal growth factor receptor: A multi-center study.,ncbi_pmc_xml,,,available,usable,no,not_attempted,/Users/xingmeng/.openclaw/workspaces/staff-scientist-ideker/agent_LiteratureDueDiligence/runs/pi3k_alpha_inhibition_resistance_review_20260830/Phase1_PubmedCollection/passes/pass_001/artifacts/fulltext_import/PMC_XML/normalized/PMC7004544.json,PMCID resolved from NCBI idconv. NCBI PMC XML downloaded and normalized.
pmid-31822380,31822380,,10.1016/j.clgc.2019.10.022,TP53 Gain-of-Function Mutations in Circulating Tumor DNA in Men With Metastatic Castration-Resistant Prostate Cancer.,none,,,missing,not_attempted,yes,missing,,No NCBI PMCID found. Alternate open-access lookup is deferred during PMC-learning to keep early full-text import focused and fast.
pmid-31785230,31785230,,10.1016/j.bcp.2019.113729,PI3K/AKT/mTOR signaling as a molecular target in head and neck cancer.,none,,,missing,not_attempted,yes,missing,,No NCBI PMCID found. Alternate open-access lookup is deferred during PMC-learning to keep early full-text import focused and fast.
pmid-31780379,31780379,,10.1016/j.clbc.2019.06.017,Practical Treatment Strategies and Future Directions After Progression While Receiving CDK4/6 Inhibition and Endocrine Therapy in Advanced HR(+)/HER2(-) Breast Cancer.,none,,,missing,not_attempted,yes,missing,,No NCBI PMCID found. Alternate open-access lookup is deferred during PMC-learning to keep early full-text import focused and fast.
pmid-31758670,31758670,PMC6938756,10.1111/1759-7714.13255,Activation of insulin-like growth factor-1 receptor confers acquired resistance to osimertinib in non-small cell lung cancer with EGFR T790M mutation.,ncbi_pmc_xml,,,available,usable,no,not_attempted,/Users/xingmeng/.openclaw/workspaces/staff-scientist-ideker/agent_LiteratureDueDiligence/runs/pi3k_alpha_inhibition_resistance_review_20260830/Phase1_PubmedCollection/passes/pass_001/artifacts/fulltext_import/PMC_XML/normalized/PMC6938756.json,PMCID resolved from NCBI idconv. NCBI PMC XML downloaded and normalized.
pmid-31754213,31754213,,10.1038/s41388-019-1104-z,Distinct co-acquired alterations and genomic evolution during TKI treatment in non-small-cell lung cancer patients with or without acquired T790M mutation.,none,,,missing,not_attempted,yes,missing,,No NCBI PMCID found. Alternate open-access lookup is deferred during PMC-learning to keep early full-text import focused and fast.
pmid-31714586,31714586,PMC7214201,10.1002/ijc.32783,"Phase II, 2-stage, 2-arm, PIK3CA mutation stratified trial of MK-2206 in recurrent endometrial cancer.",ncbi_pmc_xml,,,available,usable,no,not_attempted,/Users/xingmeng/.openclaw/workspaces/staff-scientist-ideker/agent_LiteratureDueDiligence/runs/pi3k_alpha_inhibition_resistance_review_20260830/Phase1_PubmedCollection/passes/pass_001/artifacts/fulltext_import/PMC_XML/normalized/PMC7214201.json,PMCID resolved from NCBI idconv. NCBI PMC XML downloaded and normalized.
pmid-31704733,31704733,PMC7002231,10.1158/1541-7786.MCR-19-0748,Lysine-Specific Demethylase 1 Mediates AKT Activity and Promotes Epithelial-to-Mesenchymal Transition in PIK3CA-Mutant Colorectal Cancer.,ncbi_pmc_xml,,,available,usable,no,not_attempted,/Users/xingmeng/.openclaw/workspaces/staff-scientist-ideker/agent_LiteratureDueDiligence/runs/pi3k_alpha_inhibition_resistance_review_20260830/Phase1_PubmedCollection/passes/pass_001/artifacts/fulltext_import/PMC_XML/normalized/PMC7002231.json,PMCID resolved from NCBI idconv. NCBI PMC XML downloaded and normalized.
pmid-31591478,31591478,PMC6989400,10.1038/s41388-019-1047-4,Targeting chemoresistant colorectal cancer via systemic administration of a BMP7 variant.,ncbi_pmc_xml,,,available,usable,no,not_attempted,/Users/xingmeng/.openclaw/workspaces/staff-scientist-ideker/agent_LiteratureDueDiligence/runs/pi3k_alpha_inhibition_resistance_review_20260830/Phase1_PubmedCollection/passes/pass_001/artifacts/fulltext_import/PMC_XML/normalized/PMC6989400.json,PMCID resolved from NCBI idconv. NCBI PMC XML downloaded and normalized.
pmid-31550396,31550396,,10.1111/his.14001,Intratumour heterogeneity in endometrial serous carcinoma assessed by targeted sequencing and multiplex ligation-dependent probe amplification: a descriptive study.,none,,,missing,not_attempted,yes,missing,,No NCBI PMCID found. Alternate open-access lookup is deferred during PMC-learning to keep early full-text import focused and fast.
pmid-31506897,31506897,,10.1007/s10637-019-00814-3,A phase Ib study of a PI3Kinase inhibitor BKM120 in combination with panitumumab in patients with KRAS wild-type advanced colorectal cancer.,none,,,missing,not_attempted,yes,missing,,No NCBI PMCID found. Alternate open-access lookup is deferred during PMC-learning to keep early full-text import focused and fast.
pmid-31998633,31998633,PMC6965319,10.3389/fonc.2019.01436,Personalized Treatment of H3K27M-Mutant Pediatric Diffuse Gliomas Provides Improved Therapeutic Opportunities.,ncbi_pmc_xml,,,available,usable,no,not_attempted,/Users/xingmeng/.openclaw/workspaces/staff-scientist-ideker/agent_LiteratureDueDiligence/runs/pi3k_alpha_inhibition_resistance_review_20260830/Phase1_PubmedCollection/passes/pass_001/artifacts/fulltext_import/PMC_XML/normalized/PMC6965319.json,PMCID resolved from NCBI idconv. NCBI PMC XML downloaded and normalized.
pmid-31911865,31911865,PMC6943351,,"ER+ metastatic breast cancer: past, present, and a prescription for an apoptosis-targeted future.",ncbi_pmc_xml,,,missing,unusable,yes,missing,,PMCID resolved from NCBI idconv. PMC XML body element is missing. Unusable XML deleted from run artifacts.
pmid-31852484,31852484,PMC6921513,10.1186/s13058-019-1230-0,Elacestrant (RAD1901) exhibits anti-tumor activity in multiple ER+ breast cancer models resistant to CDK4/6 inhibitors.,ncbi_pmc_xml,,,available,usable,no,not_attempted,/Users/xingmeng/.openclaw/workspaces/staff-scientist-ideker/agent_LiteratureDueDiligence/runs/pi3k_alpha_inhibition_resistance_review_20260830/Phase1_PubmedCollection/passes/pass_001/artifacts/fulltext_import/PMC_XML/normalized/PMC6921513.json,PMCID resolved from NCBI idconv. NCBI PMC XML downloaded and normalized.
pmid-31819518,31819518,PMC6886531,10.2147/OTT.S230309,Recent Progress in Rare Oncogenic Drivers and Targeted Therapy For Non-Small Cell Lung Cancer.,ncbi_pmc_xml,,,available,usable,no,not_attempted,/Users/xingmeng/.openclaw/workspaces/staff-scientist-ideker/agent_LiteratureDueDiligence/runs/pi3k_alpha_inhibition_resistance_review_20260830/Phase1_PubmedCollection/passes/pass_001/artifacts/fulltext_import/PMC_XML/normalized/PMC6886531.json,PMCID resolved from NCBI idconv. NCBI PMC XML downloaded and normalized.
pmid-31801615,31801615,PMC6894349,10.1186/s13058-019-1222-0,Combination of mTORC1/2 inhibitor vistusertib plus fulvestrant in vitro and in vivo targets oestrogen receptor-positive endocrine-resistant breast cancer.,ncbi_pmc_xml,,,available,usable,no,not_attempted,/Users/xingmeng/.openclaw/workspaces/staff-scientist-ideker/agent_LiteratureDueDiligence/runs/pi3k_alpha_inhibition_resistance_review_20260830/Phase1_PubmedCollection/passes/pass_001/artifacts/fulltext_import/PMC_XML/normalized/PMC6894349.json,PMCID resolved from NCBI idconv. NCBI PMC XML downloaded and normalized.
pmid-31769426,31769426,PMC6966459,10.3390/cancers11121866,Overactivation of Akt Contributes to MEK Inhibitor Primary and Acquired Resistance in Colorectal Cancer Cells.,ncbi_pmc_xml,,,available,usable,no,not_attempted,/Users/xingmeng/.openclaw/workspaces/staff-scientist-ideker/agent_LiteratureDueDiligence/runs/pi3k_alpha_inhibition_resistance_review_20260830/Phase1_PubmedCollection/passes/pass_001/artifacts/fulltext_import/PMC_XML/normalized/PMC6966459.json,PMCID resolved from NCBI idconv. NCBI PMC XML downloaded and normalized.
pmid-31717320,31717320,PMC6895966,10.3390/cancers11111753,Targeted-Gene Sequencing to Catch Triple Negative Breast Cancer Heterogeneity before and after Neoadjuvant Chemotherapy.,ncbi_pmc_xml,,,available,usable,no,not_attempted,/Users/xingmeng/.openclaw/workspaces/staff-scientist-ideker/agent_LiteratureDueDiligence/runs/pi3k_alpha_inhibition_resistance_review_20260830/Phase1_PubmedCollection/passes/pass_001/artifacts/fulltext_import/PMC_XML/normalized/PMC6895966.json,PMCID resolved from NCBI idconv. NCBI PMC XML downloaded and normalized.
pmid-31654628,31654628,,10.1016/j.yexmp.2019.104314,Cervical cancer patients that respond to chemoradiation therapy display an intense tumor infiltrating immune profile before treatment.,none,,,missing,not_attempted,yes,missing,,No NCBI PMCID found. Alternate open-access lookup is deferred during PMC-learning to keep early full-text import focused and fast.
pmid-31653970,31653970,PMC6814827,10.1038/s41598-019-51981-5,Genomic characterization of intrinsic and acquired resistance to cetuximab in colorectal cancer patients.,ncbi_pmc_xml,,,available,usable,no,not_attempted,/Users/xingmeng/.openclaw/workspaces/staff-scientist-ideker/agent_LiteratureDueDiligence/runs/pi3k_alpha_inhibition_resistance_review_20260830/Phase1_PubmedCollection/passes/pass_001/artifacts/fulltext_import/PMC_XML/normalized/PMC6814827.json,PMCID resolved from NCBI idconv. NCBI PMC XML downloaded and normalized.
pmid-31632573,31632573,PMC6789267,,PIK3CA mutations contribute to fulvestrant resistance in ER-positive breast cancer.,ncbi_pmc_xml,,,missing,unusable,yes,missing,,PMCID resolved from NCBI idconv. PMC XML body element is missing. Unusable XML deleted from run artifacts.
pmid-31632566,31632566,PMC6789227,,MiR-27b targets PI3K p110α to inhibit proliferation and migration in colorectal cancer stem cell.,ncbi_pmc_xml,,,missing,unusable,yes,missing,,PMCID resolved from NCBI idconv. PMC XML body element is missing. Unusable XML deleted from run artifacts.
pmid-31448226,31448226,PMC6691136,10.3389/fonc.2019.00698,Precision Medicine Tools to Guide Therapy and Monitor Response to Treatment in a HER-2+ Gastric Cancer Patient: Case Report.,ncbi_pmc_xml,,,available,usable,no,not_attempted,/Users/xingmeng/.openclaw/workspaces/staff-scientist-ideker/agent_LiteratureDueDiligence/runs/pi3k_alpha_inhibition_resistance_review_20260830/Phase1_PubmedCollection/passes/pass_001/artifacts/fulltext_import/PMC_XML/normalized/PMC6691136.json,PMCID resolved from NCBI idconv. NCBI PMC XML downloaded and normalized.
pmid-31439579,31439579,,10.1158/1078-0432.CCR-19-0508,"POSEIDON Trial Phase 1b Results: Safety, Efficacy and Circulating Tumor DNA Response of the Beta Isoform-Sparing PI3K Inhibitor Taselisib (GDC-0032) Combined with Tamoxifen in Hormone Receptor Positive Metastatic Breast Cancer Patients.",none,,,missing,not_attempted,yes,missing,,No NCBI PMCID found. Alternate open-access lookup is deferred during PMC-learning to keep early full-text import focused and fast.
pmid-31414729,31414729,PMC6775001,10.1111/1759-7714.13154,Plasma next generation sequencing and droplet digital PCR-based detection of epidermal growth factor receptor (EGFR) mutations in patients with advanced lung cancer treated with subsequent-line osimertinib.,ncbi_pmc_xml,,,missing,unusable,yes,missing,,PMCID resolved from NCBI idconv. PMC XML body element is missing. Unusable XML deleted from run artifacts.
pmid-31407230,31407230,,10.1007/s10549-019-05400-y,Exploratory biomarker analysis from a phase II clinical trial of eribulin plus gemcitabine versus paclitaxel plus gemcitabine for HER2-negative metastatic breast cancer patients (KCSG BR13-11).,none,,,missing,not_attempted,yes,missing,,No NCBI PMCID found. Alternate open-access lookup is deferred during PMC-learning to keep early full-text import focused and fast.
pmid-31374965,31374965,PMC6723836,10.3390/biom9080331,Perspective: Potential Impact and Therapeutic Implications of Oncogenic PI3K Activation on Chromosomal Instability.,ncbi_pmc_xml,,,available,usable,no,not_attempted,/Users/xingmeng/.openclaw/workspaces/staff-scientist-ideker/agent_LiteratureDueDiligence/runs/pi3k_alpha_inhibition_resistance_review_20260830/Phase1_PubmedCollection/passes/pass_001/artifacts/fulltext_import/PMC_XML/normalized/PMC6723836.json,PMCID resolved from NCBI idconv. NCBI PMC XML downloaded and normalized.
pmid-31371343,31371343,PMC6825550,10.1158/1078-0432.CCR-19-0138,FGFR1 Amplification Mediates Endocrine Resistance but Retains TORC Sensitivity in Metastatic Hormone Receptor-Positive (HR(+)) Breast Cancer.,ncbi_pmc_xml,,,available,usable,no,not_attempted,/Users/xingmeng/.openclaw/workspaces/staff-scientist-ideker/agent_LiteratureDueDiligence/runs/pi3k_alpha_inhibition_resistance_review_20260830/Phase1_PubmedCollection/passes/pass_001/artifacts/fulltext_import/PMC_XML/normalized/PMC6825550.json,PMCID resolved from NCBI idconv. NCBI PMC XML downloaded and normalized.
pmid-31361375,31361375,PMC6778626,10.1111/cas.14153,Barcode sequencing identifies resistant mechanisms to epidermal growth factor receptor inhibitors in circulating tumor DNA of lung cancer patients.,ncbi_pmc_xml,,,available,usable,no,not_attempted,/Users/xingmeng/.openclaw/workspaces/staff-scientist-ideker/agent_LiteratureDueDiligence/runs/pi3k_alpha_inhibition_resistance_review_20260830/Phase1_PubmedCollection/passes/pass_001/artifacts/fulltext_import/PMC_XML/normalized/PMC6778626.json,PMCID resolved from NCBI idconv. NCBI PMC XML downloaded and normalized.
pmid-31297647,31297647,,10.1007/s10549-019-05349-y,PIK3CA mutations early persistence in cell-free tumor DNA as a negative prognostic factor in metastatic breast cancer patients treated with hormonal therapy.,none,,,missing,not_attempted,yes,missing,,No NCBI PMCID found. Alternate open-access lookup is deferred during PMC-learning to keep early full-text import focused and fast.
pmid-31263029,31263029,PMC6891150,10.1158/1078-0432.CCR-19-0823,Mechanisms of Innate and Acquired Resistance to Anti-EGFR Therapy: A Review of Current Knowledge with a Focus on Rechallenge Therapies.,ncbi_pmc_xml,,,available,usable,no,not_attempted,/Users/xingmeng/.openclaw/workspaces/staff-scientist-ideker/agent_LiteratureDueDiligence/runs/pi3k_alpha_inhibition_resistance_review_20260830/Phase1_PubmedCollection/passes/pass_001/artifacts/fulltext_import/PMC_XML/normalized/PMC6891150.json,PMCID resolved from NCBI idconv. NCBI PMC XML downloaded and normalized.
pmid-31235483,31235483,PMC6853109,10.1634/theoncologist.2018-0728,Prospective Biomarker Study in Advanced RAS Wild-Type Colorectal Cancer: POSIBA Trial (GEMCAD 10-02).,ncbi_pmc_xml,,,available,usable,no,not_attempted,/Users/xingmeng/.openclaw/workspaces/staff-scientist-ideker/agent_LiteratureDueDiligence/runs/pi3k_alpha_inhibition_resistance_review_20260830/Phase1_PubmedCollection/passes/pass_001/artifacts/fulltext_import/PMC_XML/normalized/PMC6853109.json,PMCID resolved from NCBI idconv. NCBI PMC XML downloaded and normalized.
pmid-31158500,31158500,PMC7017958,10.1016/j.jtho.2019.05.029,"SWOG S1400B (NCT02785913), a Phase II Study of GDC-0032 (Taselisib) for Previously Treated PI3K-Positive Patients with Stage IV Squamous Cell Lung Cancer (Lung-MAP Sub-Study).",ncbi_pmc_xml,,,available,usable,no,not_attempted,/Users/xingmeng/.openclaw/workspaces/staff-scientist-ideker/agent_LiteratureDueDiligence/runs/pi3k_alpha_inhibition_resistance_review_20260830/Phase1_PubmedCollection/passes/pass_001/artifacts/fulltext_import/PMC_XML/normalized/PMC7017958.json,PMCID resolved from NCBI idconv. NCBI PMC XML downloaded and normalized.
pmid-31118140,31118140,,10.1016/j.ygyno.2019.05.003,"Results from a single arm, single stage phase II trial of trametinib and GSK2141795 in persistent or recurrent cervical cancer.",none,,,missing,not_attempted,yes,missing,,No NCBI PMCID found. Alternate open-access lookup is deferred during PMC-learning to keep early full-text import focused and fast.
pmid-31091374,31091374,,10.1056/NEJMoa1813904,"Alpelisib for PIK3CA-Mutated, Hormone Receptor-Positive Advanced Breast Cancer.",none,,,missing,not_attempted,yes,missing,,No NCBI PMCID found. Alternate open-access lookup is deferred during PMC-learning to keep early full-text import focused and fast.
pmid-31027916,31027916,PMC6558024,10.1016/j.ebiom.2019.04.030,"Analysis of resistance mechanisms to abivertinib, a third-generation EGFR tyrosine kinase inhibitor, in patients with EGFR T790M-positive non-small cell lung cancer from a phase I trial.",ncbi_pmc_xml,,,available,usable,no,not_attempted,/Users/xingmeng/.openclaw/workspaces/staff-scientist-ideker/agent_LiteratureDueDiligence/runs/pi3k_alpha_inhibition_resistance_review_20260830/Phase1_PubmedCollection/passes/pass_001/artifacts/fulltext_import/PMC_XML/normalized/PMC6558024.json,PMCID resolved from NCBI idconv. NCBI PMC XML downloaded and normalized.
pmid-30979589,30979589,,10.1016/j.ygyno.2019.03.260,"The MITO CERV-2 trial: A randomized phase II study of cetuximab plus carboplatin and paclitaxel, in advanced or recurrent cervical cancer.",none,,,missing,not_attempted,yes,missing,,No NCBI PMCID found. Alternate open-access lookup is deferred during PMC-learning to keep early full-text import focused and fast.
pmid-30967419,30967419,,10.1158/1078-0432.CCR-18-3691,Survival Following Chemotherapy in Ovarian Clear Cell Carcinoma Is Not Associated with Pathological Misclassification of Tumor Histotype.,none,,,missing,not_attempted,yes,missing,,No NCBI PMCID found. Alternate open-access lookup is deferred during PMC-learning to keep early full-text import focused and fast.
pmid-30962959,30962959,PMC6435251,10.1136/esmoopen-2018-000444,Genomic heterogeneity and efficacy of PI3K pathway inhibitors in patients with gynaecological cancer.,ncbi_pmc_xml,,,available,usable,no,not_attempted,/Users/xingmeng/.openclaw/workspaces/staff-scientist-ideker/agent_LiteratureDueDiligence/runs/pi3k_alpha_inhibition_resistance_review_20260830/Phase1_PubmedCollection/passes/pass_001/artifacts/fulltext_import/PMC_XML/normalized/PMC6435251.json,PMCID resolved from NCBI idconv. NCBI PMC XML downloaded and normalized.
pmid-30893632,30893632,PMC6423490,10.1016/j.tranon.2019.02.014,Chemotherapy Modulates Endocrine Therapy-Related Resistance Mutations in Metastatic Breast Cancer.,ncbi_pmc_xml,,,available,usable,no,not_attempted,/Users/xingmeng/.openclaw/workspaces/staff-scientist-ideker/agent_LiteratureDueDiligence/runs/pi3k_alpha_inhibition_resistance_review_20260830/Phase1_PubmedCollection/passes/pass_001/artifacts/fulltext_import/PMC_XML/normalized/PMC6423490.json,PMCID resolved from NCBI idconv. NCBI PMC XML downloaded and normalized.
pmid-30840064,30840064,,10.1093/annonc/mdz082,"Phase II study of high-sensitivity genotyping of KRAS, NRAS, BRAF and PIK3CA to ultra-select metastatic colorectal cancer patients for panitumumab plus FOLFIRI: the ULTRA trial.",none,,,missing,not_attempted,yes,missing,,No NCBI PMCID found. Alternate open-access lookup is deferred during PMC-learning to keep early full-text import focused and fast.
pmid-30823937,30823937,PMC6397445,10.1186/s40880-019-0354-z,Identification of genetic alterations associated with primary resistance to EGFR-TKIs in advanced non-small-cell lung cancer patients with EGFR sensitive mutations.,ncbi_pmc_xml,,,available,usable,no,not_attempted,/Users/xingmeng/.openclaw/workspaces/staff-scientist-ideker/agent_LiteratureDueDiligence/runs/pi3k_alpha_inhibition_resistance_review_20260830/Phase1_PubmedCollection/passes/pass_001/artifacts/fulltext_import/PMC_XML/normalized/PMC6397445.json,PMCID resolved from NCBI idconv. NCBI PMC XML downloaded and normalized.
pmid-30793038,30793038,PMC6377617,10.1038/s41698-019-0077-2,Genomic landscape of a metastatic malignant proliferating tricholemmal tumor and its response to PI3K inhibition.,ncbi_pmc_xml,,,available,usable,no,not_attempted,/Users/xingmeng/.openclaw/workspaces/staff-scientist-ideker/agent_LiteratureDueDiligence/runs/pi3k_alpha_inhibition_resistance_review_20260830/Phase1_PubmedCollection/passes/pass_001/artifacts/fulltext_import/PMC_XML/normalized/PMC6377617.json,PMCID resolved from NCBI idconv. NCBI PMC XML downloaded and normalized.
pmid-30720867,30720867,,10.1002/ijc.32188,"Molecular alterations and poziotinib efficacy, a pan-HER inhibitor, in human epidermal growth factor receptor 2 (HER2)-positive breast cancers: Combined exploratory biomarker analysis from a phase II clinical trial of poziotinib for refractory HER2-positive breast cancer patients.",none,,,missing,not_attempted,yes,missing,,No NCBI PMCID found. Alternate open-access lookup is deferred during PMC-learning to keep early full-text import focused and fast.
pmid-30617129,30617129,,10.1158/1078-0432.CCR-18-1593,Low-pass Whole-genome Sequencing of Circulating Cell-free DNA Demonstrates Dynamic Changes in Genomic Copy Number in a Squamous Lung Cancer Clinical Cohort.,none,,,missing,not_attempted,yes,missing,,No NCBI PMCID found. Alternate open-access lookup is deferred during PMC-learning to keep early full-text import focused and fast.
pmid-30563991,30563991,PMC6342946,10.1038/s41416-018-0345-x,Molecular characterisation of aromatase inhibitor-resistant advanced breast cancer: the phenotypic effect of ESR1 mutations.,ncbi_pmc_xml,,,available,usable,no,not_attempted,/Users/xingmeng/.openclaw/workspaces/staff-scientist-ideker/agent_LiteratureDueDiligence/runs/pi3k_alpha_inhibition_resistance_review_20260830/Phase1_PubmedCollection/passes/pass_001/artifacts/fulltext_import/PMC_XML/normalized/PMC6342946.json,PMCID resolved from NCBI idconv. NCBI PMC XML downloaded and normalized.
pmid-30446465,30446465,,10.1016/j.urolonc.2018.10.016,EGFR mono-antibody salvage therapy for locally advanced and distant metastatic penile cancer: Clinical outcomes and genetic analysis.,none,,,missing,not_attempted,yes,missing,,No NCBI PMCID found. Alternate open-access lookup is deferred during PMC-learning to keep early full-text import focused and fast.
pmid-30309221,30309221,PMC6639226,10.4143/crt.2018.052,Acquired Resistance of MET-Amplified Non-small Cell Lung Cancer Cells to the MET Inhibitor Capmatinib.,ncbi_pmc_xml,,,available,usable,no,not_attempted,/Users/xingmeng/.openclaw/workspaces/staff-scientist-ideker/agent_LiteratureDueDiligence/runs/pi3k_alpha_inhibition_resistance_review_20260830/Phase1_PubmedCollection/passes/pass_001/artifacts/fulltext_import/PMC_XML/normalized/PMC6639226.json,PMCID resolved from NCBI idconv. NCBI PMC XML downloaded and normalized.
pmid-30269082,30269082,,10.1136/gutjnl-2018-316522,Liquid biopsies to track trastuzumab resistance in metastatic HER2-positive gastric cancer.,none,,,missing,not_attempted,yes,missing,,No NCBI PMCID found. Alternate open-access lookup is deferred during PMC-learning to keep early full-text import focused and fast.
pmid-29807405,29807405,PMC6333983,10.4143/crt.2018.138,Rare Mechanism of Acquired Resistance to Osimertinib in Korean Patients with EGFR-mutated Non-small Cell Lung Cancer.,ncbi_pmc_xml,,,available,usable,no,not_attempted,/Users/xingmeng/.openclaw/workspaces/staff-scientist-ideker/agent_LiteratureDueDiligence/runs/pi3k_alpha_inhibition_resistance_review_20260830/Phase1_PubmedCollection/passes/pass_001/artifacts/fulltext_import/PMC_XML/normalized/PMC6333983.json,PMCID resolved from NCBI idconv. NCBI PMC XML downloaded and normalized.
pmid-31949629,31949629,PMC6963051,,Impact of next-generation sequencing (NGS) for primary endocrine resistance in breast cancer patients.,ncbi_pmc_xml,,,missing,unusable,yes,missing,,PMCID resolved from NCBI idconv. PMC XML body element is missing. Unusable XML deleted from run artifacts.
pmid-30391779,30391779,,10.1016/j.ejca.2018.09.024,Re-evaluation of HER2 status in patients with HER2-positive advanced or recurrent gastric cancer refractory to trastuzumab (KSCC1604).,none,,,missing,not_attempted,yes,missing,,No NCBI PMCID found. Alternate open-access lookup is deferred during PMC-learning to keep early full-text import focused and fast.
pmid-30337563,30337563,PMC6193986,10.1038/s41598-018-33525-5,E-cadherin loss induces targetable autocrine activation of growth factor signalling in lobular breast cancer.,ncbi_pmc_xml,,,available,usable,no,not_attempted,/Users/xingmeng/.openclaw/workspaces/staff-scientist-ideker/agent_LiteratureDueDiligence/runs/pi3k_alpha_inhibition_resistance_review_20260830/Phase1_PubmedCollection/passes/pass_001/artifacts/fulltext_import/PMC_XML/normalized/PMC6193986.json,PMCID resolved from NCBI idconv. NCBI PMC XML downloaded and normalized.
pmid-30237504,30237504,PMC6148236,10.1038/s41419-018-1025-8,IGF1R upregulation confers resistance to isoform-specific inhibitors of PI3K in PIK3CA-driven ovarian cancer.,ncbi_pmc_xml,,,available,usable,no,not_attempted,/Users/xingmeng/.openclaw/workspaces/staff-scientist-ideker/agent_LiteratureDueDiligence/runs/pi3k_alpha_inhibition_resistance_review_20260830/Phase1_PubmedCollection/passes/pass_001/artifacts/fulltext_import/PMC_XML/normalized/PMC6148236.json,PMCID resolved from NCBI idconv. NCBI PMC XML downloaded and normalized.
pmid-30228210,30228210,PMC6295279,10.1158/1078-0432.CCR-18-1542,Landscape of EGFR-Dependent and -Independent Resistance Mechanisms to Osimertinib and Continuation Therapy Beyond Progression in EGFR-Mutant NSCLC.,ncbi_pmc_xml,,,available,usable,no,not_attempted,/Users/xingmeng/.openclaw/workspaces/staff-scientist-ideker/agent_LiteratureDueDiligence/runs/pi3k_alpha_inhibition_resistance_review_20260830/Phase1_PubmedCollection/passes/pass_001/artifacts/fulltext_import/PMC_XML/normalized/PMC6295279.json,PMCID resolved from NCBI idconv. NCBI PMC XML downloaded and normalized.
pmid-30206110,30206110,PMC6368247,10.1158/2159-8290.CD-18-0264,The Genetic Landscape and Clonal Evolution of Breast Cancer Resistance to Palbociclib plus Fulvestrant in the PALOMA-3 Trial.,ncbi_pmc_xml,,,available,usable,no,not_attempted,/Users/xingmeng/.openclaw/workspaces/staff-scientist-ideker/agent_LiteratureDueDiligence/runs/pi3k_alpha_inhibition_resistance_review_20260830/Phase1_PubmedCollection/passes/pass_001/artifacts/fulltext_import/PMC_XML/normalized/PMC6368247.json,PMCID resolved from NCBI idconv. NCBI PMC XML downloaded and normalized.
pmid-29978950,29978950,PMC6119621,10.1111/1759-7714.12791,Heterogeneous responses and resistant mechanisms to crizotinib in ALK-positive advanced non-small cell lung cancer.,ncbi_pmc_xml,,,available,usable,no,not_attempted,/Users/xingmeng/.openclaw/workspaces/staff-scientist-ideker/agent_LiteratureDueDiligence/runs/pi3k_alpha_inhibition_resistance_review_20260830/Phase1_PubmedCollection/passes/pass_001/artifacts/fulltext_import/PMC_XML/normalized/PMC6119621.json,PMCID resolved from NCBI idconv. NCBI PMC XML downloaded and normalized.
pmid-29970482,29970482,PMC6238629,10.1158/1535-7163.MCT-17-1163,"Role of EphB3 Receptor in Mediating Head and Neck Tumor Growth, Cell Migration, and Response to PI3K Inhibitor.",ncbi_pmc_xml,,,available,usable,no,not_attempted,/Users/xingmeng/.openclaw/workspaces/staff-scientist-ideker/agent_LiteratureDueDiligence/runs/pi3k_alpha_inhibition_resistance_review_20260830/Phase1_PubmedCollection/passes/pass_001/artifacts/fulltext_import/PMC_XML/normalized/PMC6238629.json,PMCID resolved from NCBI idconv. NCBI PMC XML downloaded and normalized.
pmid-29941343,29941343,PMC6154770,10.1016/j.ebiom.2018.06.011,Somatic FGFR3 Mutations Distinguish a Subgroup of Muscle-Invasive Bladder Cancers with Response to Neoadjuvant Chemotherapy.,ncbi_pmc_xml,,,available,usable,no,not_attempted,/Users/xingmeng/.openclaw/workspaces/staff-scientist-ideker/agent_LiteratureDueDiligence/runs/pi3k_alpha_inhibition_resistance_review_20260830/Phase1_PubmedCollection/passes/pass_001/artifacts/fulltext_import/PMC_XML/normalized/PMC6154770.json,PMCID resolved from NCBI idconv. NCBI PMC XML downloaded and normalized.
pmid-29938395,29938395,PMC6779035,10.1007/s10549-018-4852-5,"LCCC 1025: a phase II study of everolimus, trastuzumab, and vinorelbine to treat progressive HER2-positive breast cancer brain metastases.",ncbi_pmc_xml,,,available,usable,no,not_attempted,/Users/xingmeng/.openclaw/workspaces/staff-scientist-ideker/agent_LiteratureDueDiligence/runs/pi3k_alpha_inhibition_resistance_review_20260830/Phase1_PubmedCollection/passes/pass_001/artifacts/fulltext_import/PMC_XML/normalized/PMC6779035.json,PMCID resolved from NCBI idconv. NCBI PMC XML downloaded and normalized.
pmid-29899852,29899852,PMC5995236,10.18632/oncotarget.25490,Concomitant driver mutations in advanced EGFR-mutated non-small-cell lung cancer and their impact on erlotinib treatment.,ncbi_pmc_xml,,,available,usable,no,not_attempted,/Users/xingmeng/.openclaw/workspaces/staff-scientist-ideker/agent_LiteratureDueDiligence/runs/pi3k_alpha_inhibition_resistance_review_20260830/Phase1_PubmedCollection/passes/pass_001/artifacts/fulltext_import/PMC_XML/normalized/PMC5995236.json,PMCID resolved from NCBI idconv. NCBI PMC XML downloaded and normalized.
pmid-29892689,29892689,PMC5993533,10.1016/j.gore.2018.01.009,Tumor molecular profiling of responders and non-responders following pembrolizumab monotherapy in chemotherapy resistant advanced cervical cancer.,ncbi_pmc_xml,,,available,usable,no,not_attempted,/Users/xingmeng/.openclaw/workspaces/staff-scientist-ideker/agent_LiteratureDueDiligence/runs/pi3k_alpha_inhibition_resistance_review_20260830/Phase1_PubmedCollection/passes/pass_001/artifacts/fulltext_import/PMC_XML/normalized/PMC5993533.json,PMCID resolved from NCBI idconv. NCBI PMC XML downloaded and normalized.
pmid-29868122,29868122,PMC5968201,10.3389/fgene.2018.00174,Screen for MicroRNA and Drug Interactions in Breast Cancer Cell Lines Points to miR-126 as a Modulator of CDK4/6 and PIK3CA Inhibitors.,ncbi_pmc_xml,,,available,usable,no,not_attempted,/Users/xingmeng/.openclaw/workspaces/staff-scientist-ideker/agent_LiteratureDueDiligence/runs/pi3k_alpha_inhibition_resistance_review_20260830/Phase1_PubmedCollection/passes/pass_001/artifacts/fulltext_import/PMC_XML/normalized/PMC5968201.json,PMCID resolved from NCBI idconv. NCBI PMC XML downloaded and normalized.
pmid-29850984,29850984,,10.1007/s10549-018-4792-0,Phase I study of alpelisib (BYL-719) and trastuzumab emtansine (T-DM1) in HER2-positive metastatic breast cancer (MBC) after trastuzumab and taxane therapy.,none,,,missing,not_attempted,yes,missing,,No NCBI PMCID found. Alternate open-access lookup is deferred during PMC-learning to keep early full-text import focused and fast.
pmid-29807833,29807833,PMC6020712,10.1016/j.ebiom.2018.05.015,Identifying Circulating Tumor DNA Mutation Profiles in Metastatic Breast Cancer Patients with Multiline Resistance.,ncbi_pmc_xml,,,available,usable,no,not_attempted,/Users/xingmeng/.openclaw/workspaces/staff-scientist-ideker/agent_LiteratureDueDiligence/runs/pi3k_alpha_inhibition_resistance_review_20260830/Phase1_PubmedCollection/passes/pass_001/artifacts/fulltext_import/PMC_XML/normalized/PMC6020712.json,PMCID resolved from NCBI idconv. NCBI PMC XML downloaded and normalized.
pmid-29793946,29793946,PMC6139036,10.1158/1078-0432.CCR-18-0613,"Phase II Study of Taselisib (GDC-0032) in Combination with Fulvestrant in Patients with HER2-Negative, Hormone Receptor-Positive Advanced Breast Cancer.",ncbi_pmc_xml,,,available,usable,no,not_attempted,/Users/xingmeng/.openclaw/workspaces/staff-scientist-ideker/agent_LiteratureDueDiligence/runs/pi3k_alpha_inhibition_resistance_review_20260830/Phase1_PubmedCollection/passes/pass_001/artifacts/fulltext_import/PMC_XML/normalized/PMC6139036.json,PMCID resolved from NCBI idconv. NCBI PMC XML downloaded and normalized.
pmid-29765525,29765525,PMC5940408,10.18632/oncotarget.24958,Clinical characteristics of non-small cell lung cancer harboring mutations in exon 20 of EGFR or HER2.,ncbi_pmc_xml,,,available,usable,no,not_attempted,/Users/xingmeng/.openclaw/workspaces/staff-scientist-ideker/agent_LiteratureDueDiligence/runs/pi3k_alpha_inhibition_resistance_review_20260830/Phase1_PubmedCollection/passes/pass_001/artifacts/fulltext_import/PMC_XML/normalized/PMC5940408.json,PMCID resolved from NCBI idconv. NCBI PMC XML downloaded and normalized.
pmid-29748010,29748010,,10.1016/j.lungcan.2018.03.005,Canadian Cancer Trials Group (CCTG) IND211: A randomized trial of pelareorep (Reolysin) in patients with previously treated advanced or metastatic non-small cell lung cancer receiving standard salvage therapy.,none,,,missing,not_attempted,yes,missing,,No NCBI PMCID found. Alternate open-access lookup is deferred during PMC-learning to keep early full-text import focused and fast.
pmid-29698927,29698927,,10.1016/j.breast.2018.04.010,A randomized phase II trial of trastuzumab plus capecitabine versus lapatinib plus capecitabine in patients with HER2-positive metastatic breast cancer previously treated with trastuzumab and taxanes: WJOG6110B/ELTOP.,none,,,missing,not_attempted,yes,missing,,No NCBI PMCID found. Alternate open-access lookup is deferred during PMC-learning to keep early full-text import focused and fast.
pmid-29683790,29683790,PMC5993168,10.1200/JCO.2017.76.9992,Multicenter Phase IB Trial of Carboxyamidotriazole Orotate and Temozolomide for Recurrent and Newly Diagnosed Glioblastoma and Other Anaplastic Gliomas.,ncbi_pmc_xml,,,missing,unusable,yes,missing,,PMCID resolved from NCBI idconv. PMC XML body element is missing. Unusable XML deleted from run artifacts.
pmid-29673906,29673906,,10.1016/j.purol.2018.03.008,Interest of next-generation sequencing in BCG-treated high-risk bladder cancer.,none,,,missing,not_attempted,yes,missing,,No NCBI PMCID found. Alternate open-access lookup is deferred during PMC-learning to keep early full-text import focused and fast.
pmid-29616128,29616128,PMC5876419,10.3892/ol.2018.8129,EGFR-TKI resistance and MAP17 are associated with cancer stem cell like properties.,ncbi_pmc_xml,,,missing,unusable,yes,missing,,PMCID resolved from NCBI idconv. PMC XML body element is missing. Unusable XML deleted from run artifacts.
pmid-29588307,29588307,PMC5880253,10.1101/mcs.a002089,Comprehensive genomic profiling aids in treatment of a metastatic endometrial cancer.,ncbi_pmc_xml,,,available,usable,no,not_attempted,/Users/xingmeng/.openclaw/workspaces/staff-scientist-ideker/agent_LiteratureDueDiligence/runs/pi3k_alpha_inhibition_resistance_review_20260830/Phase1_PubmedCollection/passes/pass_001/artifacts/fulltext_import/PMC_XML/normalized/PMC5880253.json,PMCID resolved from NCBI idconv. NCBI PMC XML downloaded and normalized.
pmid-29581176,29581176,,10.1158/2159-8290.CD-17-0867,Identification of Pik3ca Mutation as a Genetic Driver of Prostate Cancer That Cooperates with Pten Loss to Accelerate Progression and Castration-Resistant Growth.,none,,,missing,not_attempted,yes,missing,,No NCBI PMCID found. Alternate open-access lookup is deferred during PMC-learning to keep early full-text import focused and fast.
pmid-29550144,29550144,,10.1016/j.abb.2018.03.015,miR-19b-3p inhibits breast cancer cell proliferation and reverses saracatinib-resistance by regulating PI3K/Akt pathway.,none,,,missing,not_attempted,yes,missing,,No NCBI PMCID found. Alternate open-access lookup is deferred during PMC-learning to keep early full-text import focused and fast.
pmid-29535262,29535262,PMC5902813,10.1126/scisignal.aao3810,Skp2-dependent reactivation of AKT drives resistance to PI3K inhibitors.,ncbi_pmc_xml,,,available,usable,no,not_attempted,/Users/xingmeng/.openclaw/workspaces/staff-scientist-ideker/agent_LiteratureDueDiligence/runs/pi3k_alpha_inhibition_resistance_review_20260830/Phase1_PubmedCollection/passes/pass_001/artifacts/fulltext_import/PMC_XML/normalized/PMC5902813.json,PMCID resolved from NCBI idconv. NCBI PMC XML downloaded and normalized.
pmid-29530932,29530932,PMC6420806,10.1158/1078-0432.CCR-17-2961,Concurrent Alterations in EGFR-Mutant Lung Cancers Associated with Resistance to EGFR Kinase Inhibitors and Characterization of MTOR as a Mediator of Resistance.,ncbi_pmc_xml,,,available,usable,no,not_attempted,/Users/xingmeng/.openclaw/workspaces/staff-scientist-ideker/agent_LiteratureDueDiligence/runs/pi3k_alpha_inhibition_resistance_review_20260830/Phase1_PubmedCollection/passes/pass_001/artifacts/fulltext_import/PMC_XML/normalized/PMC6420806.json,PMCID resolved from NCBI idconv. NCBI PMC XML downloaded and normalized.
pmid-29505507,29505507,PMC5943108,10.1097/MD.0000000000009021,Effective assessment of low times MET amplification in pleural effusion after epidermal growth factor receptor-tyrosine kinase inhibitors (EGFR-TKIs) acquired resistance: Cases report.,ncbi_pmc_xml,,,available,usable,no,not_attempted,/Users/xingmeng/.openclaw/workspaces/staff-scientist-ideker/agent_LiteratureDueDiligence/runs/pi3k_alpha_inhibition_resistance_review_20260830/Phase1_PubmedCollection/passes/pass_001/artifacts/fulltext_import/PMC_XML/normalized/PMC5943108.json,PMCID resolved from NCBI idconv. NCBI PMC XML downloaded and normalized.
pmid-29496665,29496665,PMC5932238,10.1158/2159-8290.CD-17-0745,A Preexisting Rare PIK3CA(E545K) Subpopulation Confers Clinical Resistance to MEK plus CDK4/6 Inhibition in NRAS Melanoma and Is Dependent on S6K1 Signaling.,ncbi_pmc_xml,,,available,usable,no,not_attempted,/Users/xingmeng/.openclaw/workspaces/staff-scientist-ideker/agent_LiteratureDueDiligence/runs/pi3k_alpha_inhibition_resistance_review_20260830/Phase1_PubmedCollection/passes/pass_001/artifacts/fulltext_import/PMC_XML/normalized/PMC5932238.json,PMCID resolved from NCBI idconv. NCBI PMC XML downloaded and normalized.
pmid-29472518,29472518,PMC5955814,10.1158/0008-5472.CAN-17-1990,Mass Spectrometry-Based Proteomics Reveals Potential Roles of NEK9 and MAP2K4 in Resistance to PI3K Inhibition in Triple-Negative Breast Cancers.,ncbi_pmc_xml,,,available,usable,no,not_attempted,/Users/xingmeng/.openclaw/workspaces/staff-scientist-ideker/agent_LiteratureDueDiligence/runs/pi3k_alpha_inhibition_resistance_review_20260830/Phase1_PubmedCollection/passes/pass_001/artifacts/fulltext_import/PMC_XML/normalized/PMC5955814.json,PMCID resolved from NCBI idconv. NCBI PMC XML downloaded and normalized.
pmid-29470838,29470838,,10.1007/s40261-018-0629-1,First-Line Cetuximab Monotherapy in KRAS/NRAS/BRAF Mutation-Negative Colorectal Cancer Patients.,none,,,missing,not_attempted,yes,missing,,No NCBI PMCID found. Alternate open-access lookup is deferred during PMC-learning to keep early full-text import focused and fast.
pmid-29386312,29386312,PMC5947455,10.1634/theoncologist.2017-0342,Tumor Mutational Burden Guides Therapy in a Treatment Refractory POLE-Mutant Uterine Carcinosarcoma.,ncbi_pmc_xml,,,missing,unusable,yes,missing,,PMCID resolved from NCBI idconv. PMC XML body element is missing. Unusable XML deleted from run artifacts.
pmid-29367069,29367069,PMC5789760,10.1016/j.tranon.2017.12.010,Significance of Liquid Biopsy for Monitoring and Therapy Decision of Colorectal Cancer.,ncbi_pmc_xml,,,available,usable,no,not_attempted,/Users/xingmeng/.openclaw/workspaces/staff-scientist-ideker/agent_LiteratureDueDiligence/runs/pi3k_alpha_inhibition_resistance_review_20260830/Phase1_PubmedCollection/passes/pass_001/artifacts/fulltext_import/PMC_XML/normalized/PMC5789760.json,PMCID resolved from NCBI idconv. NCBI PMC XML downloaded and normalized.
pmid-29291160,29291160,PMC5743835,10.7150/ntno.22419,A dual biomarker detection platform for quantitating circulating tumor DNA (ctDNA).,ncbi_pmc_xml,,,available,usable,no,not_attempted,/Users/xingmeng/.openclaw/workspaces/staff-scientist-ideker/agent_LiteratureDueDiligence/runs/pi3k_alpha_inhibition_resistance_review_20260830/Phase1_PubmedCollection/passes/pass_001/artifacts/fulltext_import/PMC_XML/normalized/PMC5743835.json,PMCID resolved from NCBI idconv. NCBI PMC XML downloaded and normalized.
pmid-29259073,29259073,PMC5905687,10.1634/theoncologist.2017-0568,Phase II Study of Panitumumab in RAS Wild-Type Metastatic Adenocarcinoma of Small Bowel or Ampulla of Vater.,ncbi_pmc_xml,,,available,usable,no,not_attempted,/Users/xingmeng/.openclaw/workspaces/staff-scientist-ideker/agent_LiteratureDueDiligence/runs/pi3k_alpha_inhibition_resistance_review_20260830/Phase1_PubmedCollection/passes/pass_001/artifacts/fulltext_import/PMC_XML/normalized/PMC5905687.json,PMCID resolved from NCBI idconv. NCBI PMC XML downloaded and normalized.
pmid-29224898,29224898,,10.1016/j.clon.2017.11.011,Clinical Outcome of Patients with Advanced Biliary Tract Cancer in a Dedicated Phase I Unit.,none,,,missing,not_attempted,yes,missing,,No NCBI PMCID found. Alternate open-access lookup is deferred during PMC-learning to keep early full-text import focused and fast.
pmid-29223745,29223745,,10.1016/S1470-2045(17)30688-5,"Buparlisib plus fulvestrant in postmenopausal women with hormone-receptor-positive, HER2-negative, advanced breast cancer progressing on or after mTOR inhibition (BELLE-3): a randomised, double-blind, placebo-controlled, phase 3 trial.",none,,,missing,not_attempted,yes,missing,,No NCBI PMCID found. Alternate open-access lookup is deferred during PMC-learning to keep early full-text import focused and fast.
pmid-29110101,29110101,,10.1007/s10147-017-1211-1,Histological transformation after acquired resistance to epidermal growth factor tyrosine kinase inhibitors.,none,,,missing,not_attempted,yes,missing,,No NCBI PMCID found. Alternate open-access lookup is deferred during PMC-learning to keep early full-text import focused and fast.
pmid-29027537,29027537,,10.1038/modpathol.2017.120,Optimal detection of clinically relevant mutations in colorectal carcinoma: sample pooling overcomes intra-tumoral heterogeneity.,none,,,missing,not_attempted,yes,missing,,No NCBI PMCID found. Alternate open-access lookup is deferred during PMC-learning to keep early full-text import focused and fast.
pmid-28841389,28841389,,10.1200/JCO.2017.74.7576,Osimertinib As First-Line Treatment of EGFR Mutation-Positive Advanced Non-Small-Cell Lung Cancer.,none,,,missing,not_attempted,yes,missing,,No NCBI PMCID found. Alternate open-access lookup is deferred during PMC-learning to keep early full-text import focused and fast.
pmid-28263231,28263231,,10.1097/COC.0000000000000376,Appendix-derived Pseudomyxoma Peritonei (PMP): Molecular Profiling Toward Treatment of a Rare Malignancy.,none,,,missing,not_attempted,yes,missing,,No NCBI PMCID found. Alternate open-access lookup is deferred during PMC-learning to keep early full-text import focused and fast.
pmid-29237412,29237412,PMC5729506,10.1186/s12885-017-3822-3,Evaluation of epidermal growth factor receptor signaling effects in gastric cancer cell lines by detailed motility-focused phenotypic characterization linked with molecular analysis.,ncbi_pmc_xml,,,available,usable,no,not_attempted,/Users/xingmeng/.openclaw/workspaces/staff-scientist-ideker/agent_LiteratureDueDiligence/runs/pi3k_alpha_inhibition_resistance_review_20260830/Phase1_PubmedCollection/passes/pass_001/artifacts/fulltext_import/PMC_XML/normalized/PMC5729506.json,PMCID resolved from NCBI idconv. NCBI PMC XML downloaded and normalized.
pmid-28902361,28902361,PMC5592866,10.3892/ijo.2017.4108,Cooperative oncogenic effect and cell signaling crosstalk of co‑occurring HER2 and mutant PIK3CA in mammary epithelial cells.,ncbi_pmc_xml,,,available,usable,no,not_attempted,/Users/xingmeng/.openclaw/workspaces/staff-scientist-ideker/agent_LiteratureDueDiligence/runs/pi3k_alpha_inhibition_resistance_review_20260830/Phase1_PubmedCollection/passes/pass_001/artifacts/fulltext_import/PMC_XML/normalized/PMC5592866.json,PMCID resolved from NCBI idconv. NCBI PMC XML downloaded and normalized.
pmid-28856074,28856074,PMC5574633,10.7759/cureus.1408,Utilizing Tumor and Plasma Liquid Biopsy in Treatment Decision Making for an Estrogen Receptor-Positive Advanced Breast Cancer Patient.,ncbi_pmc_xml,,,available,usable,no,not_attempted,/Users/xingmeng/.openclaw/workspaces/staff-scientist-ideker/agent_LiteratureDueDiligence/runs/pi3k_alpha_inhibition_resistance_review_20260830/Phase1_PubmedCollection/passes/pass_001/artifacts/fulltext_import/PMC_XML/normalized/PMC5574633.json,PMCID resolved from NCBI idconv. NCBI PMC XML downloaded and normalized.
pmid-28854070,28854070,PMC5648176,10.1200/JCO.2017.73.3246,First-in-Human Phase I Study of the Tamoxifen Metabolite Z-Endoxifen in Women With Endocrine-Refractory Metastatic Breast Cancer.,ncbi_pmc_xml,,,missing,unusable,yes,missing,,PMCID resolved from NCBI idconv. PMC XML body element is missing. Unusable XML deleted from run artifacts.
pmid-28845578,28845578,PMC5668514,10.1111/1759-7714.12496,Patient harboring a novel PIK3CA point mutation after acquired resistance to crizotinib in an adenocarcinoma with ROS1 rearrangement: A case report and literature review.,ncbi_pmc_xml,,,available,usable,no,not_attempted,/Users/xingmeng/.openclaw/workspaces/staff-scientist-ideker/agent_LiteratureDueDiligence/runs/pi3k_alpha_inhibition_resistance_review_20260830/Phase1_PubmedCollection/passes/pass_001/artifacts/fulltext_import/PMC_XML/normalized/PMC5668514.json,PMCID resolved from NCBI idconv. NCBI PMC XML downloaded and normalized.
pmid-28808038,28808038,PMC5668181,10.1158/1078-0432.CCR-17-0033,The Phosphatidylinositol 3-Kinase Pathway as a Potential Therapeutic Target in Bladder Cancer.,ncbi_pmc_xml,,,available,usable,no,not_attempted,/Users/xingmeng/.openclaw/workspaces/staff-scientist-ideker/agent_LiteratureDueDiligence/runs/pi3k_alpha_inhibition_resistance_review_20260830/Phase1_PubmedCollection/passes/pass_001/artifacts/fulltext_import/PMC_XML/normalized/PMC5668181.json,PMCID resolved from NCBI idconv. NCBI PMC XML downloaded and normalized.
pmid-28782530,28782530,,10.1016/j.lfs.2017.08.001,"Chemotherapeutics-resistance ""arms"" race: An update on mechanisms involved in resistance limiting EGFR inhibitors in lung cancer.",none,,,missing,not_attempted,yes,missing,,No NCBI PMCID found. Alternate open-access lookup is deferred during PMC-learning to keep early full-text import focused and fast.
pmid-28685087,28685087,PMC5492775,10.3892/mco.2017.1270,Heterogeneity in the colorectal primary tumor and the synchronous resected liver metastases prior to and after treatment with an anti-EGFR monoclonal antibody.,ncbi_pmc_xml,,,missing,unusable,yes,missing,,PMCID resolved from NCBI idconv. PMC XML body element is missing. Unusable XML deleted from run artifacts.
pmid-28685070,28685070,PMC5492817,10.3892/mco.2017.1272,Pilot study of sirolimus in patients with PIK3CA mutant/amplified refractory solid cancer.,ncbi_pmc_xml,,,available,usable,no,not_attempted,/Users/xingmeng/.openclaw/workspaces/staff-scientist-ideker/agent_LiteratureDueDiligence/runs/pi3k_alpha_inhibition_resistance_review_20260830/Phase1_PubmedCollection/passes/pass_001/artifacts/fulltext_import/PMC_XML/normalized/PMC5492817.json,PMCID resolved from NCBI idconv. NCBI PMC XML downloaded and normalized.
pmid-28618197,28618197,PMC5579330,10.1002/1878-0261.12099,Analysis of mutant allele fractions in driver genes in colorectal cancer - biological and clinical insights.,ncbi_pmc_xml,,,available,usable,no,not_attempted,/Users/xingmeng/.openclaw/workspaces/staff-scientist-ideker/agent_LiteratureDueDiligence/runs/pi3k_alpha_inhibition_resistance_review_20260830/Phase1_PubmedCollection/passes/pass_001/artifacts/fulltext_import/PMC_XML/normalized/PMC5579330.json,PMCID resolved from NCBI idconv. NCBI PMC XML downloaded and normalized.
pmid-28597653,28597653,PMC7830714,10.1021/acs.molpharmaceut.7b00277,Overexpression of ATP-Binding Cassette Subfamily G Member 2 Confers Resistance to Phosphatidylinositol 3-Kinase Inhibitor PF-4989216 in Cancer Cells.,ncbi_pmc_xml,,,available,usable,no,not_attempted,/Users/xingmeng/.openclaw/workspaces/staff-scientist-ideker/agent_LiteratureDueDiligence/runs/pi3k_alpha_inhibition_resistance_review_20260830/Phase1_PubmedCollection/passes/pass_001/artifacts/fulltext_import/PMC_XML/normalized/PMC7830714.json,PMCID resolved from NCBI idconv. NCBI PMC XML downloaded and normalized.
pmid-28592616,28592616,PMC5507653,10.1634/theoncologist.2017-0069,"Multicenter Phase II Study of Panitumumab in Platinum Pretreated, Advanced Head and Neck Squamous Cell Cancer.",ncbi_pmc_xml,,,available,usable,no,not_attempted,/Users/xingmeng/.openclaw/workspaces/staff-scientist-ideker/agent_LiteratureDueDiligence/runs/pi3k_alpha_inhibition_resistance_review_20260830/Phase1_PubmedCollection/passes/pass_001/artifacts/fulltext_import/PMC_XML/normalized/PMC5507653.json,PMCID resolved from NCBI idconv. NCBI PMC XML downloaded and normalized.
pmid-28587748,28587748,,10.1016/j.ygyno.2017.05.038,Liquid biopsy of PIK3CA mutations in cervical cancer in Hong Kong Chinese women.,none,,,missing,not_attempted,yes,missing,,No NCBI PMCID found. Alternate open-access lookup is deferred during PMC-learning to keep early full-text import focused and fast.
pmid-28584208,28584208,PMC5463475,10.4103/0366-6999.207478,Establishment of a Novel Method for Screening Epidermal Growth Factor Receptor Tyrosine Kinase Inhibitor Resistance Mutations in Lung Cancer.,ncbi_pmc_xml,,,available,usable,no,not_attempted,/Users/xingmeng/.openclaw/workspaces/staff-scientist-ideker/agent_LiteratureDueDiligence/runs/pi3k_alpha_inhibition_resistance_review_20260830/Phase1_PubmedCollection/passes/pass_001/artifacts/fulltext_import/PMC_XML/normalized/PMC5463475.json,PMCID resolved from NCBI idconv. NCBI PMC XML downloaded and normalized.
pmid-28572531,28572531,PMC5564797,10.18632/oncotarget.17913,EGFR G796D mutation mediates resistance to osimertinib.,ncbi_pmc_xml,,,available,usable,no,not_attempted,/Users/xingmeng/.openclaw/workspaces/staff-scientist-ideker/agent_LiteratureDueDiligence/runs/pi3k_alpha_inhibition_resistance_review_20260830/Phase1_PubmedCollection/passes/pass_001/artifacts/fulltext_import/PMC_XML/normalized/PMC5564797.json,PMCID resolved from NCBI idconv. NCBI PMC XML downloaded and normalized.
pmid-28537764,28537764,,10.1200/JCO.2016.70.3934,Gefitinib and EGFR Gene Copy Number Aberrations in Esophageal Cancer.,none,,,missing,not_attempted,yes,missing,,No NCBI PMCID found. Alternate open-access lookup is deferred during PMC-learning to keep early full-text import focused and fast.
pmid-28495808,28495808,PMC5507647,10.1634/theoncologist.2016-0287,Comprehensive Genomic Profiling of Esthesioneuroblastoma Reveals Additional Treatment Options.,ncbi_pmc_xml,,,missing,unusable,yes,missing,,PMCID resolved from NCBI idconv. PMC XML body element is missing. Unusable XML deleted from run artifacts.
pmid-28424201,28424201,PMC5559326,10.1158/1078-0432.CCR-16-2738,PIK3CA Mutations Contribute to Acquired Cetuximab Resistance in Patients with Metastatic Colorectal Cancer.,ncbi_pmc_xml,,,available,usable,no,not_attempted,/Users/xingmeng/.openclaw/workspaces/staff-scientist-ideker/agent_LiteratureDueDiligence/runs/pi3k_alpha_inhibition_resistance_review_20260830/Phase1_PubmedCollection/passes/pass_001/artifacts/fulltext_import/PMC_XML/normalized/PMC5559326.json,PMCID resolved from NCBI idconv. NCBI PMC XML downloaded and normalized.
pmid-28413127,28413127,,10.1016/j.eururo.2017.03.046,Evolution of Circulating Tumor DNA Profile from First-line to Subsequent Therapy in Metastatic Renal Cell Carcinoma.,none,,,missing,not_attempted,yes,missing,,No NCBI PMCID found. Alternate open-access lookup is deferred during PMC-learning to keep early full-text import focused and fast.
pmid-28396358,28396358,PMC5482178,10.1158/0008-5472.CAN-16-2808,Extracellular Matrix/Integrin Signaling Promotes Resistance to Combined Inhibition of HER2 and PI3K in HER2(+) Breast Cancer.,ncbi_pmc_xml,,,available,usable,no,not_attempted,/Users/xingmeng/.openclaw/workspaces/staff-scientist-ideker/agent_LiteratureDueDiligence/runs/pi3k_alpha_inhibition_resistance_review_20260830/Phase1_PubmedCollection/passes/pass_001/artifacts/fulltext_import/PMC_XML/normalized/PMC5482178.json,PMCID resolved from NCBI idconv. NCBI PMC XML downloaded and normalized.
pmid-28363898,28363898,,10.1136/jclinpath-2017-204370,There is still a role for cytology in the 'liquid biopsy' era. A lesson from a TKI-treated patient showing adenocarcinoma to squamous cell carcinoma transition during disease progression.,none,,,missing,not_attempted,yes,missing,,No NCBI PMCID found. Alternate open-access lookup is deferred during PMC-learning to keep early full-text import focused and fast.
pmid-28330462,28330462,PMC5363054,10.1186/s12885-017-3196-6,Prospective phase II trial of everolimus in PIK3CA amplification/mutation and/or PTEN loss patients with advanced solid tumors refractory to standard therapy.,ncbi_pmc_xml,,,available,usable,no,not_attempted,/Users/xingmeng/.openclaw/workspaces/staff-scientist-ideker/agent_LiteratureDueDiligence/runs/pi3k_alpha_inhibition_resistance_review_20260830/Phase1_PubmedCollection/passes/pass_001/artifacts/fulltext_import/PMC_XML/normalized/PMC5363054.json,PMCID resolved from NCBI idconv. NCBI PMC XML downloaded and normalized.
pmid-28280620,28280620,PMC5334061,10.21037/jgo.2017.01.14,"Potential actionable targets in appendiceal cancer detected by immunohistochemistry, fluorescent in situ hybridization, and mutational analysis.",ncbi_pmc_xml,,,missing,unusable,yes,missing,,PMCID resolved from NCBI idconv. PMC XML body element is missing. Unusable XML deleted from run artifacts.
pmid-28256213,28256213,,10.1016/j.pathol.2016.12.345,Update on molecular findings in rhabdomyosarcoma.,none,,,missing,not_attempted,yes,missing,,No NCBI PMCID found. Alternate open-access lookup is deferred during PMC-learning to keep early full-text import focused and fast.
pmid-28249908,28249908,PMC5421398,10.1158/0008-5472.CAN-16-2653,Kinome-Wide RNA Interference Screen Reveals a Role for PDK1 in Acquired Resistance to CDK4/6 Inhibition in ER-Positive Breast Cancer.,ncbi_pmc_xml,,,available,usable,no,not_attempted,/Users/xingmeng/.openclaw/workspaces/staff-scientist-ideker/agent_LiteratureDueDiligence/runs/pi3k_alpha_inhibition_resistance_review_20260830/Phase1_PubmedCollection/passes/pass_001/artifacts/fulltext_import/PMC_XML/normalized/PMC5421398.json,PMCID resolved from NCBI idconv. NCBI PMC XML downloaded and normalized.
pmid-28229982,28229982,PMC5339924,10.4103/0366-6999.200542,Circulating-free DNA Mutation Associated with Response of Targeted Therapy in Human Epidermal Growth Factor Receptor 2-positive Metastatic Breast Cancer.,ncbi_pmc_xml,,,available,usable,no,not_attempted,/Users/xingmeng/.openclaw/workspaces/staff-scientist-ideker/agent_LiteratureDueDiligence/runs/pi3k_alpha_inhibition_resistance_review_20260830/Phase1_PubmedCollection/passes/pass_001/artifacts/fulltext_import/PMC_XML/normalized/PMC5339924.json,PMCID resolved from NCBI idconv. NCBI PMC XML downloaded and normalized.
pmid-28219202,28219202,,10.3760/cma.j.issn.0253-3766.2017.02.004,[Precision treatment after resistance to first-generation EGFR-TKI in patients with non-small cell lung cancer].,none,,,missing,not_attempted,yes,missing,,No NCBI PMCID found. Alternate open-access lookup is deferred during PMC-learning to keep early full-text import focused and fast.
pmid-28199979,28199979,PMC5370031,10.18632/oncotarget.15211,ATM mutations and E-cadherin expression define sensitivity to EGFR-targeted therapy in colorectal cancer.,ncbi_pmc_xml,,,available,usable,no,not_attempted,/Users/xingmeng/.openclaw/workspaces/staff-scientist-ideker/agent_LiteratureDueDiligence/runs/pi3k_alpha_inhibition_resistance_review_20260830/Phase1_PubmedCollection/passes/pass_001/artifacts/fulltext_import/PMC_XML/normalized/PMC5370031.json,PMCID resolved from NCBI idconv. NCBI PMC XML downloaded and normalized.
pmid-28188446,28188446,,10.1007/s11523-017-0479-4,Treatment Options for EGFR T790M-Negative EGFR Tyrosine Kinase Inhibitor-Resistant Non-Small Cell Lung Cancer.,none,,,missing,not_attempted,yes,missing,,No NCBI PMCID found. Alternate open-access lookup is deferred during PMC-learning to keep early full-text import focused and fast.
pmid-28167203,28167203,PMC5402884,10.1016/j.jtho.2017.01.023,ERBB2-Mutated Metastatic Non-Small Cell Lung Cancer: Response and Resistance to Targeted Therapies.,ncbi_pmc_xml,,,available,usable,no,not_attempted,/Users/xingmeng/.openclaw/workspaces/staff-scientist-ideker/agent_LiteratureDueDiligence/runs/pi3k_alpha_inhibition_resistance_review_20260830/Phase1_PubmedCollection/passes/pass_001/artifacts/fulltext_import/PMC_XML/normalized/PMC5402884.json,PMCID resolved from NCBI idconv. NCBI PMC XML downloaded and normalized.
pmid-28123607,28123607,PMC5264049,10.7150/jca.16239,"Proteins Involved in HER2 Signalling Pathway, Their Relations and Influence on Metastasis-Free Survival in HER2-Positive Breast Cancer Patients Treated with Trastuzumab in Adjuvant Setting.",ncbi_pmc_xml,,,available,usable,no,not_attempted,/Users/xingmeng/.openclaw/workspaces/staff-scientist-ideker/agent_LiteratureDueDiligence/runs/pi3k_alpha_inhibition_resistance_review_20260830/Phase1_PubmedCollection/passes/pass_001/artifacts/fulltext_import/PMC_XML/normalized/PMC5264049.json,PMCID resolved from NCBI idconv. NCBI PMC XML downloaded and normalized.
pmid-28108151,28108151,,10.1016/j.eururo.2017.01.021,A Functional Genetic Screen Identifies the Phosphoinositide 3-kinase Pathway as a Determinant of Resistance to Fibroblast Growth Factor Receptor Inhibitors in FGFR Mutant Urothelial Cell Carcinoma.,none,,,missing,not_attempted,yes,missing,,No NCBI PMCID found. Alternate open-access lookup is deferred during PMC-learning to keep early full-text import focused and fast.
pmid-28072765,28072765,PMC5294485,10.1038/bjc.2016.430,Phase II study of the PI3K inhibitor BKM120 in patients with advanced or recurrent endometrial carcinoma: a stratified type I-type II study from the GINECO group.,ncbi_pmc_xml,,,available,usable,no,not_attempted,/Users/xingmeng/.openclaw/workspaces/staff-scientist-ideker/agent_LiteratureDueDiligence/runs/pi3k_alpha_inhibition_resistance_review_20260830/Phase1_PubmedCollection/passes/pass_001/artifacts/fulltext_import/PMC_XML/normalized/PMC5294485.json,PMCID resolved from NCBI idconv. NCBI PMC XML downloaded and normalized.
pmid-28069289,28069289,,10.1016/j.eururo.2016.12.016,Liquid Biopsy Analysis of FGFR3 and PIK3CA Hotspot Mutations for Disease Surveillance in Bladder Cancer.,none,,,missing,not_attempted,yes,missing,,No NCBI PMCID found. Alternate open-access lookup is deferred during PMC-learning to keep early full-text import focused and fast.
pmid-28068936,28068936,PMC5223326,10.1186/s12885-016-2994-6,Retrospective study of RAS/PIK3CA/BRAF tumor mutations as predictors of response to first-line chemotherapy with bevacizumab in metastatic colorectal cancer patients.,ncbi_pmc_xml,,,available,usable,no,not_attempted,/Users/xingmeng/.openclaw/workspaces/staff-scientist-ideker/agent_LiteratureDueDiligence/runs/pi3k_alpha_inhibition_resistance_review_20260830/Phase1_PubmedCollection/passes/pass_001/artifacts/fulltext_import/PMC_XML/normalized/PMC5223326.json,PMCID resolved from NCBI idconv. NCBI PMC XML downloaded and normalized.
pmid-28062115,28062115,,10.1016/j.ygyno.2016.12.002,Genotype-matched treatment for patients with advanced type I epithelial ovarian cancer (EOC).,none,,,missing,not_attempted,yes,missing,,No NCBI PMCID found. Alternate open-access lookup is deferred during PMC-learning to keep early full-text import focused and fast.
pmid-28031425,28031425,,10.1158/1078-0432.CCR-16-1764,Phase Ib Study of Safety and Pharmacokinetics of the PI3K Inhibitor SAR245408 with the HER3-Neutralizing Human Antibody SAR256212 in Patients with Solid Tumors.,none,,,missing,not_attempted,yes,missing,,No NCBI PMCID found. Alternate open-access lookup is deferred during PMC-learning to keep early full-text import focused and fast.
pmid-28029662,28029662,PMC5354913,10.18632/oncotarget.14146,Guidance to rational use of pharmaceuticals in gallbladder sarcomatoid carcinoma using patient-derived cancer cells and whole exome sequencing.,ncbi_pmc_xml,,,available,usable,no,not_attempted,/Users/xingmeng/.openclaw/workspaces/staff-scientist-ideker/agent_LiteratureDueDiligence/runs/pi3k_alpha_inhibition_resistance_review_20260830/Phase1_PubmedCollection/passes/pass_001/artifacts/fulltext_import/PMC_XML/normalized/PMC5354913.json,PMCID resolved from NCBI idconv. NCBI PMC XML downloaded and normalized.
pmid-27965317,27965317,,10.1158/0008-5472.CAN-16-1578,Cell-Specific Computational Modeling of the PIM Pathway in Acute Myeloid Leukemia.,none,,,missing,not_attempted,yes,missing,,No NCBI PMCID found. Alternate open-access lookup is deferred during PMC-learning to keep early full-text import focused and fast.
pmid-27879995,27879995,,10.1002/ijc.30507,EGFR gene copy number predicts response to anti-EGFR treatment in RAS wild type and RAS/BRAF/PIK3CA wild type metastatic colorectal cancer.,none,,,missing,not_attempted,yes,missing,,No NCBI PMCID found. Alternate open-access lookup is deferred during PMC-learning to keep early full-text import focused and fast.
pmid-27852040,27852040,PMC5471055,10.18632/oncotarget.13311,Clinical validation of prospective liquid biopsy monitoring in patients with wild-type RAS metastatic colorectal cancer treated with FOLFIRI-cetuximab.,ncbi_pmc_xml,,,available,usable,no,not_attempted,/Users/xingmeng/.openclaw/workspaces/staff-scientist-ideker/agent_LiteratureDueDiligence/runs/pi3k_alpha_inhibition_resistance_review_20260830/Phase1_PubmedCollection/passes/pass_001/artifacts/fulltext_import/PMC_XML/normalized/PMC5471055.json,PMCID resolved from NCBI idconv. NCBI PMC XML downloaded and normalized.
pmid-27575422,27575422,,10.1016/j.jtho.2016.08.137,High Prevalence of Concomitant Oncogene Mutations in Prospectively Identified Patients with ROS1-Positive Metastatic Lung Cancer.,none,,,missing,not_attempted,yes,missing,,No NCBI PMCID found. Alternate open-access lookup is deferred during PMC-learning to keep early full-text import focused and fast.
pmid-27399335,27399335,PMC5226932,10.1038/onc.2016.247,FBW7 mutations mediate resistance of colorectal cancer to targeted therapies by blocking Mcl-1 degradation.,ncbi_pmc_xml,,,available,usable,no,not_attempted,/Users/xingmeng/.openclaw/workspaces/staff-scientist-ideker/agent_LiteratureDueDiligence/runs/pi3k_alpha_inhibition_resistance_review_20260830/Phase1_PubmedCollection/passes/pass_001/artifacts/fulltext_import/PMC_XML/normalized/PMC5226932.json,PMCID resolved from NCBI idconv. NCBI PMC XML downloaded and normalized.
pmid-27188206,27188206,PMC5266390,10.4143/crt.2016.058,A Phase II Study of Poziotinib in Patients with Epidermal Growth Factor Receptor (EGFR)-Mutant Lung Adenocarcinoma Who Have Acquired Resistance to EGFR-Tyrosine Kinase Inhibitors.,ncbi_pmc_xml,,,available,usable,no,not_attempted,/Users/xingmeng/.openclaw/workspaces/staff-scientist-ideker/agent_LiteratureDueDiligence/runs/pi3k_alpha_inhibition_resistance_review_20260830/Phase1_PubmedCollection/passes/pass_001/artifacts/fulltext_import/PMC_XML/normalized/PMC5266390.json,PMCID resolved from NCBI idconv. NCBI PMC XML downloaded and normalized.
pmid-27126994,27126994,PMC5085926,10.1158/1078-0432.CCR-16-0134,"A Phase Ib Study of Alpelisib (BYL719), a PI3Kα-Specific Inhibitor, with Letrozole in ER+/HER2- Metastatic Breast Cancer.",ncbi_pmc_xml,,,available,usable,no,not_attempted,/Users/xingmeng/.openclaw/workspaces/staff-scientist-ideker/agent_LiteratureDueDiligence/runs/pi3k_alpha_inhibition_resistance_review_20260830/Phase1_PubmedCollection/passes/pass_001/artifacts/fulltext_import/PMC_XML/normalized/PMC5085926.json,PMCID resolved from NCBI idconv. NCBI PMC XML downloaded and normalized.
pmid-28848656,28848656,PMC5548975,10.1136/esmoopen-2016-000086,Clinical activity and tolerability of FOLFIRI and cetuximab in elderly patients with metastatic colorectal cancer in the CAPRI-GOIM first-line trial.,ncbi_pmc_xml,,,available,usable,no,not_attempted,/Users/xingmeng/.openclaw/workspaces/staff-scientist-ideker/agent_LiteratureDueDiligence/runs/pi3k_alpha_inhibition_resistance_review_20260830/Phase1_PubmedCollection/passes/pass_001/artifacts/fulltext_import/PMC_XML/normalized/PMC5548975.json,PMCID resolved from NCBI idconv. NCBI PMC XML downloaded and normalized.
pmid-27821131,27821131,PMC5100094,10.1186/s12885-016-2902-0,Frequency of EGFR T790M mutation and multimutational profiles of rebiopsy samples from non-small cell lung cancer developing acquired resistance to EGFR tyrosine kinase inhibitors in Japanese patients.,ncbi_pmc_xml,,,available,usable,no,not_attempted,/Users/xingmeng/.openclaw/workspaces/staff-scientist-ideker/agent_LiteratureDueDiligence/runs/pi3k_alpha_inhibition_resistance_review_20260830/Phase1_PubmedCollection/passes/pass_001/artifacts/fulltext_import/PMC_XML/normalized/PMC5100094.json,PMCID resolved from NCBI idconv. NCBI PMC XML downloaded and normalized.
pmid-27750214,27750214,PMC5342732,10.18632/oncotarget.12661,Genomic characterization of high-risk non-muscle invasive bladder cancer.,ncbi_pmc_xml,,,available,usable,no,not_attempted,/Users/xingmeng/.openclaw/workspaces/staff-scientist-ideker/agent_LiteratureDueDiligence/runs/pi3k_alpha_inhibition_resistance_review_20260830/Phase1_PubmedCollection/passes/pass_001/artifacts/fulltext_import/PMC_XML/normalized/PMC5342732.json,PMCID resolved from NCBI idconv. NCBI PMC XML downloaded and normalized.
pmid-27734950,27734950,PMC5062358,10.1038/srep35249,The Role of PIK3CA Mutations among Lung Adenocarcinoma Patients with Primary and Acquired Resistance to EGFR Tyrosine Kinase Inhibition.,ncbi_pmc_xml,,,available,usable,no,not_attempted,/Users/xingmeng/.openclaw/workspaces/staff-scientist-ideker/agent_LiteratureDueDiligence/runs/pi3k_alpha_inhibition_resistance_review_20260830/Phase1_PubmedCollection/passes/pass_001/artifacts/fulltext_import/PMC_XML/normalized/PMC5062358.json,PMCID resolved from NCBI idconv. NCBI PMC XML downloaded and normalized.
pmid-27682134,27682134,PMC5189622,10.1634/theoncologist.2016-0148,Broad Detection of Alterations Predicted to Confer Lack of Benefit From EGFR Antibodies or Sensitivity to Targeted Therapy in Advanced Colorectal Cancer.,ncbi_pmc_xml,,,missing,unusable,yes,missing,,PMCID resolved from NCBI idconv. PMC XML body element is missing. Unusable XML deleted from run artifacts.
pmid-27630154,27630154,,10.1373/clinchem.2016.260299,Accession of Tumor Heterogeneity by Multiplex Transcriptome Profiling of Single Circulating Tumor Cells.,none,,,missing,not_attempted,yes,missing,,No NCBI PMCID found. Alternate open-access lookup is deferred during PMC-learning to keep early full-text import focused and fast.
pmid-27604488,27604488,PMC5050154,10.1158/2159-8290.CD-16-0305,Systematic Functional Characterization of Resistance to PI3K Inhibition in Breast Cancer.,ncbi_pmc_xml,,,available,usable,no,not_attempted,/Users/xingmeng/.openclaw/workspaces/staff-scientist-ideker/agent_LiteratureDueDiligence/runs/pi3k_alpha_inhibition_resistance_review_20260830/Phase1_PubmedCollection/passes/pass_001/artifacts/fulltext_import/PMC_XML/normalized/PMC5050154.json,PMCID resolved from NCBI idconv. NCBI PMC XML downloaded and normalized.
pmid-27603005,27603005,PMC5600677,10.1002/cncr.30286,"A multicenter, single-arm, open-label, phase 2 study of apitolisib (GDC-0980) for the treatment of recurrent or persistent endometrial carcinoma (MAGGIE study).",ncbi_pmc_xml,,,available,usable,no,not_attempted,/Users/xingmeng/.openclaw/workspaces/staff-scientist-ideker/agent_LiteratureDueDiligence/runs/pi3k_alpha_inhibition_resistance_review_20260830/Phase1_PubmedCollection/passes/pass_001/artifacts/fulltext_import/PMC_XML/normalized/PMC5600677.json,PMCID resolved from NCBI idconv. NCBI PMC XML downloaded and normalized.
pmid-27528220,27528220,PMC5308688,10.18632/oncotarget.11237,Mutational profiling of non-small-cell lung cancer patients resistant to first-generation EGFR tyrosine kinase inhibitors using next generation sequencing.,ncbi_pmc_xml,,,available,usable,no,not_attempted,/Users/xingmeng/.openclaw/workspaces/staff-scientist-ideker/agent_LiteratureDueDiligence/runs/pi3k_alpha_inhibition_resistance_review_20260830/Phase1_PubmedCollection/passes/pass_001/artifacts/fulltext_import/PMC_XML/normalized/PMC5308688.json,PMCID resolved from NCBI idconv. NCBI PMC XML downloaded and normalized.
pmid-27491861,27491861,PMC5423197,10.1016/j.molonc.2016.07.004,LRG1 mRNA expression in breast cancer associates with PIK3CA genotype and with aromatase inhibitor therapy outcome.,ncbi_pmc_xml,,,missing,unusable,yes,missing,,PMCID resolved from NCBI idconv. PMC XML body element is missing. Unusable XML deleted from run artifacts.
pmid-27451907,27451907,PMC4982440,10.1016/j.ccell.2016.06.004,PDK1-SGK1 Signaling Sustains AKT-Independent mTORC1 Activation and Confers Resistance to PI3Kα Inhibition.,ncbi_pmc_xml,,,available,usable,no,not_attempted,/Users/xingmeng/.openclaw/workspaces/staff-scientist-ideker/agent_LiteratureDueDiligence/runs/pi3k_alpha_inhibition_resistance_review_20260830/Phase1_PubmedCollection/passes/pass_001/artifacts/fulltext_import/PMC_XML/normalized/PMC4982440.json,PMCID resolved from NCBI idconv. NCBI PMC XML downloaded and normalized.
pmid-27233940,27233940,,10.1016/j.prp.2016.05.002,"Lobular breast cancer: Clinical, molecular and morphological characteristics.",none,,,missing,not_attempted,yes,missing,,No NCBI PMCID found. Alternate open-access lookup is deferred during PMC-learning to keep early full-text import focused and fast.
pmid-27223437,27223437,PMC5173087,10.18632/oncotarget.9528,Establishment of a multimarker qPCR panel for the molecular characterization of circulating tumor cells in blood samples of metastatic breast cancer patients during the course of palliative treatment.,ncbi_pmc_xml,,,available,usable,no,not_attempted,/Users/xingmeng/.openclaw/workspaces/staff-scientist-ideker/agent_LiteratureDueDiligence/runs/pi3k_alpha_inhibition_resistance_review_20260830/Phase1_PubmedCollection/passes/pass_001/artifacts/fulltext_import/PMC_XML/normalized/PMC5173087.json,PMCID resolved from NCBI idconv. NCBI PMC XML downloaded and normalized.
pmid-27200287,27200287,PMC4852191,10.3389/fonc.2016.00098,Durable Response of Spinal Chordoma to Combined Inhibition of IGF-1R and EGFR.,ncbi_pmc_xml,,,available,usable,no,not_attempted,/Users/xingmeng/.openclaw/workspaces/staff-scientist-ideker/agent_LiteratureDueDiligence/runs/pi3k_alpha_inhibition_resistance_review_20260830/Phase1_PubmedCollection/passes/pass_001/artifacts/fulltext_import/PMC_XML/normalized/PMC4852191.json,PMCID resolved from NCBI idconv. NCBI PMC XML downloaded and normalized.
pmid-27184134,27184134,PMC4869295,10.1186/s12967-016-0883-z,"MYC copy gain, chromosomal instability and PI3K activation as potential markers of unfavourable outcome in trastuzumab-treated patients with metastatic breast cancer.",ncbi_pmc_xml,,,available,usable,no,not_attempted,/Users/xingmeng/.openclaw/workspaces/staff-scientist-ideker/agent_LiteratureDueDiligence/runs/pi3k_alpha_inhibition_resistance_review_20260830/Phase1_PubmedCollection/passes/pass_001/artifacts/fulltext_import/PMC_XML/normalized/PMC4869295.json,PMCID resolved from NCBI idconv. NCBI PMC XML downloaded and normalized.
pmid-27171498,27171498,,10.1002/path.4743,Suppression of SPIN1-mediated PI3K-Akt pathway by miR-489 increases chemosensitivity in breast cancer.,none,,,missing,not_attempted,yes,missing,,No NCBI PMCID found. Alternate open-access lookup is deferred during PMC-learning to keep early full-text import focused and fast.
pmid-27157620,27157620,PMC5102814,10.1038/onc.2016.155,FBXO10 deficiency and BTK activation upregulate BCL2 expression in mantle cell lymphoma.,ncbi_pmc_xml,,,available,usable,no,not_attempted,/Users/xingmeng/.openclaw/workspaces/staff-scientist-ideker/agent_LiteratureDueDiligence/runs/pi3k_alpha_inhibition_resistance_review_20260830/Phase1_PubmedCollection/passes/pass_001/artifacts/fulltext_import/PMC_XML/normalized/PMC5102814.json,PMCID resolved from NCBI idconv. NCBI PMC XML downloaded and normalized.
pmid-27133750,27133750,,10.1016/j.lungcan.2016.03.009,Morphological and genetic heterogeneity in multifocal lung adenocarcinoma: The case of a never-smoker woman.,none,,,missing,not_attempted,yes,missing,,No NCBI PMCID found. Alternate open-access lookup is deferred during PMC-learning to keep early full-text import focused and fast.
pmid-27091708,27091708,,10.1200/JCO.2015.63.9161,Molecular Alterations and Everolimus Efficacy in Human Epidermal Growth Factor Receptor 2-Overexpressing Metastatic Breast Cancers: Combined Exploratory Biomarker Analysis From BOLERO-1 and BOLERO-3.,none,,,missing,not_attempted,yes,missing,,No NCBI PMCID found. Alternate open-access lookup is deferred during PMC-learning to keep early full-text import focused and fast.
pmid-27084427,27084427,PMC4833894,10.1016/j.tranon.2016.01.001,"Analysis of PI3K/mTOR Pathway Biomarkers and Their Prognostic Value in Women with Hormone Receptor-Positive, HER2-Negative Early Breast Cancer.",ncbi_pmc_xml,,,available,usable,no,not_attempted,/Users/xingmeng/.openclaw/workspaces/staff-scientist-ideker/agent_LiteratureDueDiligence/runs/pi3k_alpha_inhibition_resistance_review_20260830/Phase1_PubmedCollection/passes/pass_001/artifacts/fulltext_import/PMC_XML/normalized/PMC4833894.json,PMCID resolved from NCBI idconv. NCBI PMC XML downloaded and normalized.
pmid-27056568,27056568,,10.1007/s00428-016-1931-z,"Deciphering intra-tumor heterogeneity of lung adenocarcinoma confirms that dominant, branching, and private gene mutations occur within individual tumor nodules.",none,,,missing,not_attempted,yes,missing,,No NCBI PMCID found. Alternate open-access lookup is deferred during PMC-learning to keep early full-text import focused and fast.
pmid-27035903,27035903,PMC4818107,10.1371/journal.pcbi.1004827,"HER2+ Cancer Cell Dependence on PI3K vs. MAPK Signaling Axes Is Determined by Expression of EGFR, ERBB3 and CDKN1B.",ncbi_pmc_xml,,,available,usable,no,not_attempted,/Users/xingmeng/.openclaw/workspaces/staff-scientist-ideker/agent_LiteratureDueDiligence/runs/pi3k_alpha_inhibition_resistance_review_20260830/Phase1_PubmedCollection/passes/pass_001/artifacts/fulltext_import/PMC_XML/normalized/PMC4818107.json,PMCID resolved from NCBI idconv. NCBI PMC XML downloaded and normalized.
pmid-27002107,27002107,,10.1093/annonc/mdw136,Cetuximab continuation after first progression in metastatic colorectal cancer (CAPRI-GOIM): a randomized phase II trial of FOLFOX plus cetuximab versus FOLFOX.,none,,,missing,not_attempted,yes,missing,,No NCBI PMCID found. Alternate open-access lookup is deferred during PMC-learning to keep early full-text import focused and fast.
pmid-26968843,26968843,PMC4788951,10.1186/s12885-016-2249-6,Mutational status of synchronous and metachronous tumor samples in patients with metastatic non-small-cell lung cancer.,ncbi_pmc_xml,,,available,usable,no,not_attempted,/Users/xingmeng/.openclaw/workspaces/staff-scientist-ideker/agent_LiteratureDueDiligence/runs/pi3k_alpha_inhibition_resistance_review_20260830/Phase1_PubmedCollection/passes/pass_001/artifacts/fulltext_import/PMC_XML/normalized/PMC4788951.json,PMCID resolved from NCBI idconv. NCBI PMC XML downloaded and normalized.
pmid-26964771,26964771,PMC4877255,10.1016/j.jtho.2016.02.018,Phase II Study of a Non-Platinum-Containing Doublet of Paclitaxel and Pemetrexed with Bevacizumab as Initial Therapy for Patients with Advanced Lung Adenocarcinomas.,ncbi_pmc_xml,,,available,usable,no,not_attempted,/Users/xingmeng/.openclaw/workspaces/staff-scientist-ideker/agent_LiteratureDueDiligence/runs/pi3k_alpha_inhibition_resistance_review_20260830/Phase1_PubmedCollection/passes/pass_001/artifacts/fulltext_import/PMC_XML/normalized/PMC4877255.json,PMCID resolved from NCBI idconv. NCBI PMC XML downloaded and normalized.
pmid-26955870,26955870,PMC4784390,10.1186/s12885-016-2232-2,Improving gastric cancer preclinical studies using diverse in vitro and in vivo model systems.,ncbi_pmc_xml,,,available,usable,no,not_attempted,/Users/xingmeng/.openclaw/workspaces/staff-scientist-ideker/agent_LiteratureDueDiligence/runs/pi3k_alpha_inhibition_resistance_review_20260830/Phase1_PubmedCollection/passes/pass_001/artifacts/fulltext_import/PMC_XML/normalized/PMC4784390.json,PMCID resolved from NCBI idconv. NCBI PMC XML downloaded and normalized.
pmid-26947331,26947331,,10.1016/S1470-2045(15)00613-0,"Fulvestrant plus palbociclib versus fulvestrant plus placebo for treatment of hormone-receptor-positive, HER2-negative metastatic breast cancer that progressed on previous endocrine therapy (PALOMA-3): final analysis of the multicentre, double-blind, phase 3 randomised controlled trial.",none,,,missing,not_attempted,yes,missing,,No NCBI PMCID found. Alternate open-access lookup is deferred during PMC-learning to keep early full-text import focused and fast.
pmid-26869800,26869800,PMC4734822,10.2147/OTT.S86966,Biomarkers predicting resistance to epidermal growth factor receptor-targeted therapy in metastatic colorectal cancer with wild-type KRAS.,ncbi_pmc_xml,,,available,usable,no,not_attempted,/Users/xingmeng/.openclaw/workspaces/staff-scientist-ideker/agent_LiteratureDueDiligence/runs/pi3k_alpha_inhibition_resistance_review_20260830/Phase1_PubmedCollection/passes/pass_001/artifacts/fulltext_import/PMC_XML/normalized/PMC4734822.json,PMCID resolved from NCBI idconv. NCBI PMC XML downloaded and normalized.
pmid-26862733,26862733,PMC4914294,10.18632/oncotarget.7189,The mechanism of acquired resistance to irreversible EGFR tyrosine kinase inhibitor-afatinib in lung adenocarcinoma patients.,ncbi_pmc_xml,,,available,usable,no,not_attempted,/Users/xingmeng/.openclaw/workspaces/staff-scientist-ideker/agent_LiteratureDueDiligence/runs/pi3k_alpha_inhibition_resistance_review_20260830/Phase1_PubmedCollection/passes/pass_001/artifacts/fulltext_import/PMC_XML/normalized/PMC4914294.json,PMCID resolved from NCBI idconv. NCBI PMC XML downloaded and normalized.
pmid-26796526,26796526,PMC7511989,10.1038/modpathol.2015.160,Frequency and clinicopathologic profile of PIK3CA mutant GISTs: molecular genetic study of 529 cases.,ncbi_pmc_xml,,,available,usable,no,not_attempted,/Users/xingmeng/.openclaw/workspaces/staff-scientist-ideker/agent_LiteratureDueDiligence/runs/pi3k_alpha_inhibition_resistance_review_20260830/Phase1_PubmedCollection/passes/pass_001/artifacts/fulltext_import/PMC_XML/normalized/PMC7511989.json,PMCID resolved from NCBI idconv. NCBI PMC XML downloaded and normalized.
pmid-26783290,26783290,PMC5508552,10.1158/1078-0432.CCR-15-2160,A Phase I Study of the AKT Inhibitor MK-2206 in Combination with Hormonal Therapy in Postmenopausal Women with Estrogen Receptor-Positive Metastatic Breast Cancer.,ncbi_pmc_xml,,,available,usable,no,not_attempted,/Users/xingmeng/.openclaw/workspaces/staff-scientist-ideker/agent_LiteratureDueDiligence/runs/pi3k_alpha_inhibition_resistance_review_20260830/Phase1_PubmedCollection/passes/pass_001/artifacts/fulltext_import/PMC_XML/normalized/PMC5508552.json,PMCID resolved from NCBI idconv. NCBI PMC XML downloaded and normalized.
pmid-26747178,26747178,,10.1007/s13277-015-4691-5,PIK3CA and PIK3CB silencing by RNAi reverse MDR and inhibit tumorigenic properties in human colorectal carcinoma.,none,,,missing,not_attempted,yes,missing,,No NCBI PMCID found. Alternate open-access lookup is deferred during PMC-learning to keep early full-text import focused and fast.
pmid-26667234,26667234,,10.1007/s10549-015-3635-5,Cell-free DNA as a molecular tool for monitoring disease progression and response to therapy in breast cancer patients.,none,,,missing,not_attempted,yes,missing,,No NCBI PMCID found. Alternate open-access lookup is deferred during PMC-learning to keep early full-text import focused and fast.
pmid-26572704,26572704,PMC4689482,10.3892/or.2015.4421,ARID1A gene mutation in ovarian and endometrial cancers (Review).,ncbi_pmc_xml,,,available,usable,no,not_attempted,/Users/xingmeng/.openclaw/workspaces/staff-scientist-ideker/agent_LiteratureDueDiligence/runs/pi3k_alpha_inhibition_resistance_review_20260830/Phase1_PubmedCollection/passes/pass_001/artifacts/fulltext_import/PMC_XML/normalized/PMC4689482.json,PMCID resolved from NCBI idconv. NCBI PMC XML downloaded and normalized.
pmid-26315966,26315966,,10.1007/s11523-015-0383-8,Molecular and Histological Changes in Post-Treatment Biopsies of Non-Squamous Non-Small Cell Lung Cancer: A Retrospective Study.,none,,,missing,not_attempted,yes,missing,,No NCBI PMCID found. Alternate open-access lookup is deferred during PMC-learning to keep early full-text import focused and fast.
pmid-26224873,26224873,,10.1158/1078-0432.CCR-14-3081,Tankyrase Inhibition Blocks Wnt/β-Catenin Pathway and Reverts Resistance to PI3K and AKT Inhibitors in the Treatment of Colorectal Cancer.,none,,,missing,not_attempted,yes,missing,,No NCBI PMCID found. Alternate open-access lookup is deferred during PMC-learning to keep early full-text import focused and fast.
pmid-26791794,26791794,PMC4724060,10.1016/j.lungcan.2015.10.028,Responses to the multitargeted MET/ALK/ROS1 inhibitor crizotinib and co-occurring mutations in lung adenocarcinomas with MET amplification or MET exon 14 skipping mutation.,ncbi_pmc_xml,,,available,usable,no,not_attempted,/Users/xingmeng/.openclaw/workspaces/staff-scientist-ideker/agent_LiteratureDueDiligence/runs/pi3k_alpha_inhibition_resistance_review_20260830/Phase1_PubmedCollection/passes/pass_001/artifacts/fulltext_import/PMC_XML/normalized/PMC4724060.json,PMCID resolved from NCBI idconv. NCBI PMC XML downloaded and normalized.
pmid-26630576,26630576,PMC4667877,10.1371/journal.pone.0142466,High-Throughput Mutation Profiling Changes before and 3 Weeks after Chemotherapy in Newly Diagnosed Breast Cancer Patients.,ncbi_pmc_xml,,,available,usable,no,not_attempted,/Users/xingmeng/.openclaw/workspaces/staff-scientist-ideker/agent_LiteratureDueDiligence/runs/pi3k_alpha_inhibition_resistance_review_20260830/Phase1_PubmedCollection/passes/pass_001/artifacts/fulltext_import/PMC_XML/normalized/PMC4667877.json,PMCID resolved from NCBI idconv. NCBI PMC XML downloaded and normalized.
pmid-26537074,26537074,,,High selectivity of PI3Kβ inhibitors in SETD2-mutated renal clear cell carcinoma.,none,,,missing,not_attempted,yes,missing,,No NCBI PMCID found. Alternate open-access lookup is deferred during PMC-learning to keep early full-text import focused and fast.
pmid-26510912,26510912,PMC4747358,10.18632/oncotarget.5841,Personalized comprehensive molecular profiling of high risk osteosarcoma: Implications and limitations for precision medicine.,ncbi_pmc_xml,,,available,usable,no,not_attempted,/Users/xingmeng/.openclaw/workspaces/staff-scientist-ideker/agent_LiteratureDueDiligence/runs/pi3k_alpha_inhibition_resistance_review_20260830/Phase1_PubmedCollection/passes/pass_001/artifacts/fulltext_import/PMC_XML/normalized/PMC4747358.json,PMCID resolved from NCBI idconv. NCBI PMC XML downloaded and normalized.
pmid-26452027,26452027,PMC4741900,10.18632/oncotarget.5465,Prospective blinded study of somatic mutation detection in cell-free DNA utilizing a targeted 54-gene next generation sequencing panel in metastatic solid tumor patients.,ncbi_pmc_xml,,,available,usable,no,not_attempted,/Users/xingmeng/.openclaw/workspaces/staff-scientist-ideker/agent_LiteratureDueDiligence/runs/pi3k_alpha_inhibition_resistance_review_20260830/Phase1_PubmedCollection/passes/pass_001/artifacts/fulltext_import/PMC_XML/normalized/PMC4741900.json,PMCID resolved from NCBI idconv. NCBI PMC XML downloaded and normalized.
pmid-26404261,26404261,PMC4613347,10.3390/ijms160922976,Dual Inhibition of MEK and PI3K Pathway in KRAS and BRAF Mutated Colorectal Cancers.,ncbi_pmc_xml,,,available,usable,no,not_attempted,/Users/xingmeng/.openclaw/workspaces/staff-scientist-ideker/agent_LiteratureDueDiligence/runs/pi3k_alpha_inhibition_resistance_review_20260830/Phase1_PubmedCollection/passes/pass_001/artifacts/fulltext_import/PMC_XML/normalized/PMC4613347.json,PMCID resolved from NCBI idconv. NCBI PMC XML downloaded and normalized.
pmid-26400847,26400847,,10.1007/s10549-015-3578-x,Non-HER2 signaling pathways activated in resistance to anti-HER2 therapy in breast cancer.,none,,,missing,not_attempted,yes,missing,,No NCBI PMCID found. Alternate open-access lookup is deferred during PMC-learning to keep early full-text import focused and fast.
pmid-26400668,26400668,PMC4585860,10.1038/srep14447,Small cell lung cancer transformation and T790M mutation: complimentary roles in acquired resistance to kinase inhibitors in lung cancer.,ncbi_pmc_xml,,,available,usable,no,not_attempted,/Users/xingmeng/.openclaw/workspaces/staff-scientist-ideker/agent_LiteratureDueDiligence/runs/pi3k_alpha_inhibition_resistance_review_20260830/Phase1_PubmedCollection/passes/pass_001/artifacts/fulltext_import/PMC_XML/normalized/PMC4585860.json,PMCID resolved from NCBI idconv. NCBI PMC XML downloaded and normalized.
pmid-26333383,26333383,PMC4636465,10.1158/1535-7163.MCT-15-0383,Dual HER2/PIK3CA Targeting Overcomes Single-Agent Acquired Resistance in HER2-Amplified Uterine Serous Carcinoma Cell Lines In Vitro and In Vivo.,ncbi_pmc_xml,,,available,usable,no,not_attempted,/Users/xingmeng/.openclaw/workspaces/staff-scientist-ideker/agent_LiteratureDueDiligence/runs/pi3k_alpha_inhibition_resistance_review_20260830/Phase1_PubmedCollection/passes/pass_001/artifacts/fulltext_import/PMC_XML/normalized/PMC4636465.json,PMCID resolved from NCBI idconv. NCBI PMC XML downloaded and normalized.
pmid-26318427,26318427,PMC4694794,10.18632/oncotarget.4959,New findings on primary and acquired resistance to anti-EGFR therapy in metastatic colorectal cancer: do all roads lead to RAS?,ncbi_pmc_xml,,,available,usable,no,not_attempted,/Users/xingmeng/.openclaw/workspaces/staff-scientist-ideker/agent_LiteratureDueDiligence/runs/pi3k_alpha_inhibition_resistance_review_20260830/Phase1_PubmedCollection/passes/pass_001/artifacts/fulltext_import/PMC_XML/normalized/PMC4694794.json,PMCID resolved from NCBI idconv. NCBI PMC XML downloaded and normalized.
pmid-26317216,26317216,PMC4552879,10.1371/journal.pone.0136407,Exome Sequencing of Cell-Free DNA from Metastatic Cancer Patients Identifies Clinically Actionable Mutations Distinct from Primary Disease.,ncbi_pmc_xml,,,available,usable,no,not_attempted,/Users/xingmeng/.openclaw/workspaces/staff-scientist-ideker/agent_LiteratureDueDiligence/runs/pi3k_alpha_inhibition_resistance_review_20260830/Phase1_PubmedCollection/passes/pass_001/artifacts/fulltext_import/PMC_XML/normalized/PMC4552879.json,PMCID resolved from NCBI idconv. NCBI PMC XML downloaded and normalized.
pmid-26289070,26289070,PMC4681594,10.1158/1078-0432.CCR-14-3283,Preclinical Efficacy of Ron Kinase Inhibitors Alone and in Combination with PI3K Inhibitors for Treatment of sfRon-Expressing Breast Cancer Patient-Derived Xenografts.,ncbi_pmc_xml,,,available,usable,no,not_attempted,/Users/xingmeng/.openclaw/workspaces/staff-scientist-ideker/agent_LiteratureDueDiligence/runs/pi3k_alpha_inhibition_resistance_review_20260830/Phase1_PubmedCollection/passes/pass_001/artifacts/fulltext_import/PMC_XML/normalized/PMC4681594.json,PMCID resolved from NCBI idconv. NCBI PMC XML downloaded and normalized.
pmid-26257318,26257318,,10.2217/pgs.15.88,De novo resistance biomarkers to anti-HER2 therapies in HER2-positive breast cancer.,none,,,missing,not_attempted,yes,missing,,No NCBI PMCID found. Alternate open-access lookup is deferred during PMC-learning to keep early full-text import focused and fast.
pmid-26251629,26251629,PMC4524386,10.2147/CMAR.S47797,New and emerging factors in tumorigenesis: an overview.,ncbi_pmc_xml,,,available,usable,no,not_attempted,/Users/xingmeng/.openclaw/workspaces/staff-scientist-ideker/agent_LiteratureDueDiligence/runs/pi3k_alpha_inhibition_resistance_review_20260830/Phase1_PubmedCollection/passes/pass_001/artifacts/fulltext_import/PMC_XML/normalized/PMC4524386.json,PMCID resolved from NCBI idconv. NCBI PMC XML downloaded and normalized.
pmid-26247526,26247526,,10.5114/pjp.2015.53009,"Prognostic value of PIK3CA mutation status, PTEN and androgen receptor expression for metastasis-free survival in HER2-positive breast cancer patients treated with trastuzumab in adjuvant setting.",none,,,missing,not_attempted,yes,missing,,No NCBI PMCID found. Alternate open-access lookup is deferred during PMC-learning to keep early full-text import focused and fast.
pmid-26187428,26187428,,10.1016/j.lungcan.2015.06.021,Emergence of RET rearrangement co-existing with activated EGFR mutation in EGFR-mutated NSCLC patients who had progressed on first- or second-generation EGFR TKI.,none,,,missing,not_attempted,yes,missing,,No NCBI PMCID found. Alternate open-access lookup is deferred during PMC-learning to keep early full-text import focused and fast.
pmid-26137013,26137013,PMC4467216,10.3892/ol.2015.2980,Somatic mutations in glioblastoma are associated with methylguanine-DNA methyltransferase methylation.,ncbi_pmc_xml,,,missing,unusable,yes,missing,,PMCID resolved from NCBI idconv. PMC XML body element is missing. Unusable XML deleted from run artifacts.
pmid-26099045,26099045,PMC4500826,10.1038/nm.3886,Subclonal diversification of primary breast cancer revealed by multiregion sequencing.,ncbi_pmc_xml,,,available,usable,no,not_attempted,/Users/xingmeng/.openclaw/workspaces/staff-scientist-ideker/agent_LiteratureDueDiligence/runs/pi3k_alpha_inhibition_resistance_review_20260830/Phase1_PubmedCollection/passes/pass_001/artifacts/fulltext_import/PMC_XML/normalized/PMC4500826.json,PMCID resolved from NCBI idconv. NCBI PMC XML downloaded and normalized.
pmid-26085511,26085511,PMC4580992,10.1158/1078-0432.CCR-15-0584,Serial Next-Generation Sequencing of Circulating Cell-Free DNA Evaluating Tumor Clone Response To Molecularly Targeted Drug Administration.,ncbi_pmc_xml,,,available,usable,no,not_attempted,/Users/xingmeng/.openclaw/workspaces/staff-scientist-ideker/agent_LiteratureDueDiligence/runs/pi3k_alpha_inhibition_resistance_review_20260830/Phase1_PubmedCollection/passes/pass_001/artifacts/fulltext_import/PMC_XML/normalized/PMC4580992.json,PMCID resolved from NCBI idconv. NCBI PMC XML downloaded and normalized.
pmid-26084990,26084990,,10.1007/s10637-015-0264-0,Multicenter phase II study of the AKT inhibitor MK-2206 in recurrent or metastatic nasopharyngeal carcinoma from patients in the mayo phase II consortium and the cancer therapeutics research group (MC1079).,none,,,missing,not_attempted,yes,missing,,No NCBI PMCID found. Alternate open-access lookup is deferred during PMC-learning to keep early full-text import focused and fast.
pmid-26021831,26021831,PMC4446801,10.1186/s12885-015-1439-y,Multiple gene aberrations and breast cancer: lessons from super-responders.,ncbi_pmc_xml,,,available,usable,no,not_attempted,/Users/xingmeng/.openclaw/workspaces/staff-scientist-ideker/agent_LiteratureDueDiligence/runs/pi3k_alpha_inhibition_resistance_review_20260830/Phase1_PubmedCollection/passes/pass_001/artifacts/fulltext_import/PMC_XML/normalized/PMC4446801.json,PMCID resolved from NCBI idconv. NCBI PMC XML downloaded and normalized.
pmid-26019172,26019172,,10.1158/1078-0432.CCR-15-0211,Maintenance Treatment with Cetuximab and BAY86-9766 Increases Antitumor Efficacy of Irinotecan plus Cetuximab in Human Colorectal Cancer Xenograft Models.,none,,,missing,not_attempted,yes,missing,,No NCBI PMCID found. Alternate open-access lookup is deferred during PMC-learning to keep early full-text import focused and fast.
pmid-26018876,26018876,PMC4491691,10.3390/cancers7020816,Targeted Therapies in Non-Small Cell Lung Cancer-Beyond EGFR and ALK.,ncbi_pmc_xml,,,available,usable,no,not_attempted,/Users/xingmeng/.openclaw/workspaces/staff-scientist-ideker/agent_LiteratureDueDiligence/runs/pi3k_alpha_inhibition_resistance_review_20260830/Phase1_PubmedCollection/passes/pass_001/artifacts/fulltext_import/PMC_XML/normalized/PMC4491691.json,PMCID resolved from NCBI idconv. NCBI PMC XML downloaded and normalized.
pmid-26004768,26004768,PMC4661131,10.1007/s11523-015-0369-6,Epidermal Growth Factor Receptor (EGFR) Pathway Biomarkers in the Randomized Phase III Trial of Erlotinib Versus Observation in Ovarian Cancer Patients with No Evidence of Disease Progression after First-Line Platinum-Based Chemotherapy.,ncbi_pmc_xml,,,available,usable,no,not_attempted,/Users/xingmeng/.openclaw/workspaces/staff-scientist-ideker/agent_LiteratureDueDiligence/runs/pi3k_alpha_inhibition_resistance_review_20260830/Phase1_PubmedCollection/passes/pass_001/artifacts/fulltext_import/PMC_XML/normalized/PMC4661131.json,PMCID resolved from NCBI idconv. NCBI PMC XML downloaded and normalized.
pmid-25969993,25969993,PMC4430383,10.1371/journal.pone.0125232,"Using the MCF10A/MCF10CA1a Breast Cancer Progression Cell Line Model to Investigate the Effect of Active, Mutant Forms of EGFR in Breast Cancer Development and Treatment Using Gefitinib.",ncbi_pmc_xml,,,available,usable,no,not_attempted,/Users/xingmeng/.openclaw/workspaces/staff-scientist-ideker/agent_LiteratureDueDiligence/runs/pi3k_alpha_inhibition_resistance_review_20260830/Phase1_PubmedCollection/passes/pass_001/artifacts/fulltext_import/PMC_XML/normalized/PMC4430383.json,PMCID resolved from NCBI idconv. NCBI PMC XML downloaded and normalized.
pmid-25952930,25952930,PMC4429519,10.1186/s12885-015-1363-1,The combination of sorafenib and everolimus shows antitumor activity in preclinical models of malignant pleural mesothelioma.,ncbi_pmc_xml,,,available,usable,no,not_attempted,/Users/xingmeng/.openclaw/workspaces/staff-scientist-ideker/agent_LiteratureDueDiligence/runs/pi3k_alpha_inhibition_resistance_review_20260830/Phase1_PubmedCollection/passes/pass_001/artifacts/fulltext_import/PMC_XML/normalized/PMC4429519.json,PMCID resolved from NCBI idconv. NCBI PMC XML downloaded and normalized.
pmid-25889309,25889309,PMC4332724,10.1186/s12967-015-0405-4,Tumour pharmacodynamics and circulating cell free DNA in patients with refractory colorectal carcinoma treated with regorafenib.,ncbi_pmc_xml,,,available,usable,no,not_attempted,/Users/xingmeng/.openclaw/workspaces/staff-scientist-ideker/agent_LiteratureDueDiligence/runs/pi3k_alpha_inhibition_resistance_review_20260830/Phase1_PubmedCollection/passes/pass_001/artifacts/fulltext_import/PMC_XML/normalized/PMC4332724.json,PMCID resolved from NCBI idconv. NCBI PMC XML downloaded and normalized.
pmid-25886409,25886409,PMC4374284,10.1186/s12885-015-1139-7,Successful control of heavily pretreated metastatic gastric cancer with the mTOR inhibitor everolimus (RAD001) in a patient with PIK3CA mutation and pS6 overexpression.,ncbi_pmc_xml,,,available,usable,no,not_attempted,/Users/xingmeng/.openclaw/workspaces/staff-scientist-ideker/agent_LiteratureDueDiligence/runs/pi3k_alpha_inhibition_resistance_review_20260830/Phase1_PubmedCollection/passes/pass_001/artifacts/fulltext_import/PMC_XML/normalized/PMC4374284.json,PMCID resolved from NCBI idconv. NCBI PMC XML downloaded and normalized.
pmid-25724261,25724261,,10.1016/j.lungcan.2015.01.023,Multiple resistant factors in lung cancer with primary resistance to EGFR-TK inhibitors confer poor survival.,none,,,missing,not_attempted,yes,missing,,No NCBI PMCID found. Alternate open-access lookup is deferred during PMC-learning to keep early full-text import focused and fast.
pmid-25663927,25663927,PMC4315084,10.3892/ol.2015.2876,EGFR methylation and outcome of patients with advanced colorectal cancer treated with cetuximab.,ncbi_pmc_xml,,,available,usable,no,not_attempted,/Users/xingmeng/.openclaw/workspaces/staff-scientist-ideker/agent_LiteratureDueDiligence/runs/pi3k_alpha_inhibition_resistance_review_20260830/Phase1_PubmedCollection/passes/pass_001/artifacts/fulltext_import/PMC_XML/normalized/PMC4315084.json,PMCID resolved from NCBI idconv. NCBI PMC XML downloaded and normalized.
pmid-25641339,25641339,,10.1016/j.canlet.2015.01.024,Genetic profiling of advanced radioactive iodine-resistant differentiated thyroid cancer and correlation with axitinib efficacy.,none,,,missing,not_attempted,yes,missing,,No NCBI PMCID found. Alternate open-access lookup is deferred during PMC-learning to keep early full-text import focused and fast.
pmid-25636880,25636880,,10.1016/j.phymed.2014.11.011,Pharmacogenomic and molecular docking studies on the cytotoxicity of the natural steroid wortmannin against multidrug-resistant tumor cells.,none,,,missing,not_attempted,yes,missing,,No NCBI PMCID found. Alternate open-access lookup is deferred during PMC-learning to keep early full-text import focused and fast.
pmid-25621052,25621052,PMC4301480,10.3892/ol.2014.2744,Phospho-PRAS40(Thr246) predicts trastuzumab response in patients with HER2-positive metastatic breast cancer.,ncbi_pmc_xml,,,available,usable,no,not_attempted,/Users/xingmeng/.openclaw/workspaces/staff-scientist-ideker/agent_LiteratureDueDiligence/runs/pi3k_alpha_inhibition_resistance_review_20260830/Phase1_PubmedCollection/passes/pass_001/artifacts/fulltext_import/PMC_XML/normalized/PMC4301480.json,PMCID resolved from NCBI idconv. NCBI PMC XML downloaded and normalized.
pmid-25605819,25605819,PMC4588751,10.1093/neuonc/nou365,Phase II study of PX-866 in recurrent glioblastoma.,ncbi_pmc_xml,,,missing,unusable,yes,missing,,PMCID resolved from NCBI idconv. PMC XML body element is missing. Unusable XML deleted from run artifacts.
pmid-25593016,25593016,PMC4857706,10.1016/j.oraloncology.2014.12.013,"A randomized, phase 2 trial of docetaxel with or without PX-866, an irreversible oral phosphatidylinositol 3-kinase inhibitor, in patients with relapsed or metastatic head and neck squamous cell cancer.",ncbi_pmc_xml,,,available,usable,no,not_attempted,/Users/xingmeng/.openclaw/workspaces/staff-scientist-ideker/agent_LiteratureDueDiligence/runs/pi3k_alpha_inhibition_resistance_review_20260830/Phase1_PubmedCollection/passes/pass_001/artifacts/fulltext_import/PMC_XML/normalized/PMC4857706.json,PMCID resolved from NCBI idconv. NCBI PMC XML downloaded and normalized.
pmid-25556614,25556614,PMC4302085,10.5732/cjc.014.10289,The PI3K/Akt/mTOR pathway in ovarian cancer: therapeutic opportunities and challenges.,ncbi_pmc_xml,,,available,usable,no,not_attempted,/Users/xingmeng/.openclaw/workspaces/staff-scientist-ideker/agent_LiteratureDueDiligence/runs/pi3k_alpha_inhibition_resistance_review_20260830/Phase1_PubmedCollection/passes/pass_001/artifacts/fulltext_import/PMC_XML/normalized/PMC4302085.json,PMCID resolved from NCBI idconv. NCBI PMC XML downloaded and normalized.
pmid-25472943,25472943,PMC4320669,10.1158/2159-8290.CD-14-0856,PI3'-kinase inhibition forestalls the onset of MEK1/2 inhibitor resistance in BRAF-mutated melanoma.,ncbi_pmc_xml,,,available,usable,no,not_attempted,/Users/xingmeng/.openclaw/workspaces/staff-scientist-ideker/agent_LiteratureDueDiligence/runs/pi3k_alpha_inhibition_resistance_review_20260830/Phase1_PubmedCollection/passes/pass_001/artifacts/fulltext_import/PMC_XML/normalized/PMC4320669.json,PMCID resolved from NCBI idconv. NCBI PMC XML downloaded and normalized.
pmid-25453219,25453219,,10.1016/j.jbior.2014.09.016,"Roles of signaling pathways in drug resistance, cancer initiating cells and cancer progression and metastasis.",none,,,missing,not_attempted,yes,missing,,No NCBI PMCID found. Alternate open-access lookup is deferred during PMC-learning to keep early full-text import focused and fast.
pmid-25450577,25450577,,10.1016/j.bbcan.2014.09.008,Portrait of the PI3K/AKT pathway in colorectal cancer.,none,,,missing,not_attempted,yes,missing,,No NCBI PMCID found. Alternate open-access lookup is deferred during PMC-learning to keep early full-text import focused and fast.
pmid-25409150,25409150,PMC4326538,10.1038/nature13948,Convergent loss of PTEN leads to clinical resistance to a PI(3)Kα inhibitor.,ncbi_pmc_xml,,,available,usable,no,not_attempted,/Users/xingmeng/.openclaw/workspaces/staff-scientist-ideker/agent_LiteratureDueDiligence/runs/pi3k_alpha_inhibition_resistance_review_20260830/Phase1_PubmedCollection/passes/pass_001/artifacts/fulltext_import/PMC_XML/normalized/PMC4326538.json,PMCID resolved from NCBI idconv. NCBI PMC XML downloaded and normalized.
pmid-25242168,25242168,PMC4323738,10.1002/ijc.29225,"Potent antitumor activity of cabozantinib, a c-MET and VEGFR2 inhibitor, in a colorectal cancer patient-derived tumor explant model.",ncbi_pmc_xml,,,available,usable,no,not_attempted,/Users/xingmeng/.openclaw/workspaces/staff-scientist-ideker/agent_LiteratureDueDiligence/runs/pi3k_alpha_inhibition_resistance_review_20260830/Phase1_PubmedCollection/passes/pass_001/artifacts/fulltext_import/PMC_XML/normalized/PMC4323738.json,PMCID resolved from NCBI idconv. NCBI PMC XML downloaded and normalized.
pmid-24469053,24469053,,10.1038/onc.2013.593,TRIM24 promotes glioma progression and enhances chemoresistance through activation of the PI3K/Akt signaling pathway.,none,,,missing,not_attempted,yes,missing,,No NCBI PMCID found. Alternate open-access lookup is deferred during PMC-learning to keep early full-text import focused and fast.
pmid-24421178,24421178,,10.1002/hed.23604,PI3K/PTEN/AKT/mTOR polymorphisms: association with clinical outcome in patients with head and neck squamous cell carcinoma receiving cetuximab-docetaxel.,none,,,missing,not_attempted,yes,missing,,No NCBI PMCID found. Alternate open-access lookup is deferred during PMC-learning to keep early full-text import focused and fast.
pmid-24347284,24347284,,10.1002/mc.22125,PIK3CA gene alterations in bladder cancer are frequent and associate with reduced recurrence in non-muscle invasive tumors.,none,,,missing,not_attempted,yes,missing,,No NCBI PMCID found. Alternate open-access lookup is deferred during PMC-learning to keep early full-text import focused and fast.
pmid-25550888,25550888,PMC4270546,,PIK3CA and PIK3CB expression and relationship with multidrug resistance in colorectal carcinoma.,ncbi_pmc_xml,,,missing,unusable,yes,missing,,PMCID resolved from NCBI idconv. PMC XML body element is missing. Unusable XML deleted from run artifacts.
pmid-25444464,25444464,PMC5489410,10.1016/j.clcc.2014.09.001,"Ganetespib, a novel Hsp90 inhibitor in patients with KRAS mutated and wild type, refractory metastatic colorectal cancer.",ncbi_pmc_xml,,,available,usable,no,not_attempted,/Users/xingmeng/.openclaw/workspaces/staff-scientist-ideker/agent_LiteratureDueDiligence/runs/pi3k_alpha_inhibition_resistance_review_20260830/Phase1_PubmedCollection/passes/pass_001/artifacts/fulltext_import/PMC_XML/normalized/PMC5489410.json,PMCID resolved from NCBI idconv. NCBI PMC XML downloaded and normalized.
pmid-25398847,25398847,,10.1158/1078-0432.CCR-14-0149,PIK3CA mutational status in circulating tumor cells can change during disease recurrence or progression in patients with breast cancer.,none,,,missing,not_attempted,yes,missing,,No NCBI PMCID found. Alternate open-access lookup is deferred during PMC-learning to keep early full-text import focused and fast.
pmid-25349966,25349966,PMC4260039,10.1038/bjc.2014.534,Mutant PIK3CA controls DUSP1-dependent ERK 1/2 activity to confer response to AKT target therapy.,ncbi_pmc_xml,,,available,usable,no,not_attempted,/Users/xingmeng/.openclaw/workspaces/staff-scientist-ideker/agent_LiteratureDueDiligence/runs/pi3k_alpha_inhibition_resistance_review_20260830/Phase1_PubmedCollection/passes/pass_001/artifacts/fulltext_import/PMC_XML/normalized/PMC4260039.json,PMCID resolved from NCBI idconv. NCBI PMC XML downloaded and normalized.
pmid-25285632,25285632,,10.1016/j.bbrc.2014.09.129,An IL6-STAT3 loop mediates resistance to PI3K inhibitors by inducing epithelial-mesenchymal transition and cancer stem cell expansion in human breast cancer cells.,none,,,missing,not_attempted,yes,missing,,No NCBI PMCID found. Alternate open-access lookup is deferred during PMC-learning to keep early full-text import focused and fast.
pmid-25277176,25277176,PMC4202123,10.18632/oncotarget.2439,The structural basis for cancer treatment decisions.,ncbi_pmc_xml,,,available,usable,no,not_attempted,/Users/xingmeng/.openclaw/workspaces/staff-scientist-ideker/agent_LiteratureDueDiligence/runs/pi3k_alpha_inhibition_resistance_review_20260830/Phase1_PubmedCollection/passes/pass_001/artifacts/fulltext_import/PMC_XML/normalized/PMC4202123.json,PMCID resolved from NCBI idconv. NCBI PMC XML downloaded and normalized.
pmid-25195596,25195596,PMC4429698,10.1038/mt.2014.174,Lentiviral vector-based insertional mutagenesis identifies genes involved in the resistance to targeted anticancer therapies.,ncbi_pmc_xml,,,missing,unusable,yes,missing,,PMCID resolved from NCBI idconv. PMC XML body element is missing. Unusable XML deleted from run artifacts.
pmid-25137394,25137394,PMC4138105,10.1371/journal.pone.0104902,KRAS genotypic changes of circulating tumor cells during treatment of patients with metastatic colorectal cancer.,ncbi_pmc_xml,,,available,usable,no,not_attempted,/Users/xingmeng/.openclaw/workspaces/staff-scientist-ideker/agent_LiteratureDueDiligence/runs/pi3k_alpha_inhibition_resistance_review_20260830/Phase1_PubmedCollection/passes/pass_001/artifacts/fulltext_import/PMC_XML/normalized/PMC4138105.json,PMCID resolved from NCBI idconv. NCBI PMC XML downloaded and normalized.
pmid-25119929,25119929,PMC4131855,10.1371/journal.pone.0093676,Novel secondary somatic mutations in Ewing's sarcoma and desmoplastic small round cell tumors.,ncbi_pmc_xml,,,available,usable,no,not_attempted,/Users/xingmeng/.openclaw/workspaces/staff-scientist-ideker/agent_LiteratureDueDiligence/runs/pi3k_alpha_inhibition_resistance_review_20260830/Phase1_PubmedCollection/passes/pass_001/artifacts/fulltext_import/PMC_XML/normalized/PMC4131855.json,PMCID resolved from NCBI idconv. NCBI PMC XML downloaded and normalized.
pmid-25104442,25104442,,10.1007/s10549-014-3080-x,"Changes in PIK3CA mutation status are not associated with recurrence, metastatic disease or progression in endocrine-treated breast cancer.",none,,,missing,not_attempted,yes,missing,,No NCBI PMCID found. Alternate open-access lookup is deferred during PMC-learning to keep early full-text import focused and fast.
pmid-25056500,25056500,PMC4187249,10.1186/s13058-014-0405-y,Association of phosphatase and tensin homolog low and phosphatidylinositol 3-kinase catalytic subunit alpha gene mutations on outcome in human epidermal growth factor receptor 2-positive metastatic breast cancer patients treated with first-line lapatinib plus paclitaxel or paclitaxel alone.,ncbi_pmc_xml,,,available,usable,no,not_attempted,/Users/xingmeng/.openclaw/workspaces/staff-scientist-ideker/agent_LiteratureDueDiligence/runs/pi3k_alpha_inhibition_resistance_review_20260830/Phase1_PubmedCollection/passes/pass_001/artifacts/fulltext_import/PMC_XML/normalized/PMC4187249.json,PMCID resolved from NCBI idconv. NCBI PMC XML downloaded and normalized.
pmid-25051360,25051360,PMC4148087,10.18632/oncotarget.2209,Deregulation of the EGFR/PI3K/PTEN/Akt/mTORC1 pathway in breast cancer: possibilities for therapeutic intervention.,ncbi_pmc_xml,,,available,usable,no,not_attempted,/Users/xingmeng/.openclaw/workspaces/staff-scientist-ideker/agent_LiteratureDueDiligence/runs/pi3k_alpha_inhibition_resistance_review_20260830/Phase1_PubmedCollection/passes/pass_001/artifacts/fulltext_import/PMC_XML/normalized/PMC4148087.json,PMCID resolved from NCBI idconv. NCBI PMC XML downloaded and normalized.
pmid-25002028,25002028,PMC4155598,10.1016/j.ccr.2014.05.020,CDK 4/6 inhibitors sensitize PIK3CA mutant breast cancer to PI3K inhibitors.,ncbi_pmc_xml,,,available,usable,no,not_attempted,/Users/xingmeng/.openclaw/workspaces/staff-scientist-ideker/agent_LiteratureDueDiligence/runs/pi3k_alpha_inhibition_resistance_review_20260830/Phase1_PubmedCollection/passes/pass_001/artifacts/fulltext_import/PMC_XML/normalized/PMC4155598.json,PMCID resolved from NCBI idconv. NCBI PMC XML downloaded and normalized.
pmid-24758538,24758538,,10.2174/1568026614666140423121525,The Emerging Role of NRAS Mutations in Colorectal Cancer Patients Selected for Anti-EGFR Therapies.,none,,,missing,not_attempted,yes,missing,,No NCBI PMCID found. Alternate open-access lookup is deferred during PMC-learning to keep early full-text import focused and fast.
pmid-24735368,24735368,,10.2174/0929867321666140414100127,Targeting drug-resistant prostate cancer with dual PI3K/mTOR inhibition.,none,,,missing,not_attempted,yes,missing,,No NCBI PMCID found. Alternate open-access lookup is deferred during PMC-learning to keep early full-text import focused and fast.
pmid-24714777,24714777,PMC4070445,10.1158/1078-0432.CCR-13-3052,Targetable signaling pathway mutations are associated with malignant phenotype in IDH-mutant gliomas.,ncbi_pmc_xml,,,available,usable,no,not_attempted,/Users/xingmeng/.openclaw/workspaces/staff-scientist-ideker/agent_LiteratureDueDiligence/runs/pi3k_alpha_inhibition_resistance_review_20260830/Phase1_PubmedCollection/passes/pass_001/artifacts/fulltext_import/PMC_XML/normalized/PMC4070445.json,PMCID resolved from NCBI idconv. NCBI PMC XML downloaded and normalized.
pmid-24676216,24676216,PMC3967949,10.1371/journal.pgen.1004271,Changes in colorectal carcinoma genomes under anti-EGFR therapy identified by whole-genome plasma DNA sequencing.,ncbi_pmc_xml,,,available,usable,no,not_attempted,/Users/xingmeng/.openclaw/workspaces/staff-scientist-ideker/agent_LiteratureDueDiligence/runs/pi3k_alpha_inhibition_resistance_review_20260830/Phase1_PubmedCollection/passes/pass_001/artifacts/fulltext_import/PMC_XML/normalized/PMC3967949.json,PMCID resolved from NCBI idconv. NCBI PMC XML downloaded and normalized.
pmid-24663045,24663045,PMC3986383,10.1200/JCO.2013.54.0518,Stand up to cancer phase Ib study of pan-phosphoinositide-3-kinase inhibitor buparlisib with letrozole in estrogen receptor-positive/human epidermal growth factor receptor 2-negative metastatic breast cancer.,ncbi_pmc_xml,,,missing,unusable,yes,missing,,PMCID resolved from NCBI idconv. PMC XML body element is missing. Unusable XML deleted from run artifacts.
pmid-24597478,24597478,PMC4080979,10.1111/bph.12668,Increased drug resistance is associated with reduced glucose levels and an enhanced glycolysis phenotype.,ncbi_pmc_xml,,,missing,unusable,yes,missing,,PMCID resolved from NCBI idconv. PMC XML body element is missing. Unusable XML deleted from run artifacts.
pmid-24595598,24595598,PMC11823734,10.1007/s00432-014-1626-2,EGFR gene gain and PTEN protein expression are favorable prognostic factors in patients with KRAS wild-type metastatic colorectal cancer treated with cetuximab.,ncbi_pmc_xml,,,missing,unusable,yes,missing,,PMCID resolved from NCBI idconv. PMC XML body element is missing. Unusable XML deleted from run artifacts.
pmid-24566025,24566025,,10.1016/j.pneumo.2013.12.005,[Therapeutic impact of molecular diagnosis in metastatic non-small cell lung cancer: targeted therapies in 2013].,none,,,missing,not_attempted,yes,missing,,No NCBI PMCID found. Alternate open-access lookup is deferred during PMC-learning to keep early full-text import focused and fast.
pmid-24520381,24520381,PMC3919784,10.1371/journal.pone.0088401,Targeted biomarker profiling of matched primary and metastatic estrogen receptor positive breast cancers.,ncbi_pmc_xml,,,available,usable,no,not_attempted,/Users/xingmeng/.openclaw/workspaces/staff-scientist-ideker/agent_LiteratureDueDiligence/runs/pi3k_alpha_inhibition_resistance_review_20260830/Phase1_PubmedCollection/passes/pass_001/artifacts/fulltext_import/PMC_XML/normalized/PMC3919784.json,PMCID resolved from NCBI idconv. NCBI PMC XML downloaded and normalized.
pmid-24467828,24467828,PMC3978618,10.1186/bcr3606,"PIK3CA mutations, phosphatase and tensin homolog, human epidermal growth factor receptor 2, and insulin-like growth factor 1 receptor and adjuvant tamoxifen resistance in postmenopausal breast cancer patients.",ncbi_pmc_xml,,,available,usable,no,not_attempted,/Users/xingmeng/.openclaw/workspaces/staff-scientist-ideker/agent_LiteratureDueDiligence/runs/pi3k_alpha_inhibition_resistance_review_20260830/Phase1_PubmedCollection/passes/pass_001/artifacts/fulltext_import/PMC_XML/normalized/PMC3978618.json,PMCID resolved from NCBI idconv. NCBI PMC XML downloaded and normalized.
pmid-24451154,24451154,PMC3978602,10.1186/bcr3601,Direct inhibition of PI3K in combination with dual HER2 inhibitors is required for optimal antitumor activity in HER2+ breast cancer cells.,ncbi_pmc_xml,,,available,usable,no,not_attempted,/Users/xingmeng/.openclaw/workspaces/staff-scientist-ideker/agent_LiteratureDueDiligence/runs/pi3k_alpha_inhibition_resistance_review_20260830/Phase1_PubmedCollection/passes/pass_001/artifacts/fulltext_import/PMC_XML/normalized/PMC3978602.json,PMCID resolved from NCBI idconv. NCBI PMC XML downloaded and normalized.
pmid-24354593,24354593,,10.1517/14728214.2014.873403,Emerging protein kinase inhibitors for non-small cell lung cancer.,none,,,missing,not_attempted,yes,missing,,No NCBI PMCID found. Alternate open-access lookup is deferred during PMC-learning to keep early full-text import focused and fast.
pmid-24166148,24166148,,10.1002/cncr.28414,Molecular determinants of outcome with mammalian target of rapamycin inhibition in endometrial cancer.,none,,,missing,not_attempted,yes,missing,,No NCBI PMCID found. Alternate open-access lookup is deferred during PMC-learning to keep early full-text import focused and fast.
pmid-23467835,23467835,,10.1007/s00405-013-2400-9,Molecular diagnostic alterations in squamous cell carcinoma of the head and neck and potential diagnostic applications.,none,,,missing,not_attempted,yes,missing,,No NCBI PMCID found. Alternate open-access lookup is deferred during PMC-learning to keep early full-text import focused and fast.
pmid-25126449,25126449,PMC4130654,10.4172/2157-2518.S5-003,The determinants of head and neck cancer: Unmasking the PI3K pathway mutations.,ncbi_pmc_xml,,,available,usable,no,not_attempted,/Users/xingmeng/.openclaw/workspaces/staff-scientist-ideker/agent_LiteratureDueDiligence/runs/pi3k_alpha_inhibition_resistance_review_20260830/Phase1_PubmedCollection/passes/pass_001/artifacts/fulltext_import/PMC_XML/normalized/PMC4130654.json,PMCID resolved from NCBI idconv. NCBI PMC XML downloaded and normalized.
pmid-24369725,24369725,PMC3877961,10.1186/1471-2407-13-606,Mechanisms of acquired resistance to EGFR-tyrosine kinase inhibitor in Korean patients with lung cancer.,ncbi_pmc_xml,,,available,usable,no,not_attempted,/Users/xingmeng/.openclaw/workspaces/staff-scientist-ideker/agent_LiteratureDueDiligence/runs/pi3k_alpha_inhibition_resistance_review_20260830/Phase1_PubmedCollection/passes/pass_001/artifacts/fulltext_import/PMC_XML/normalized/PMC3877961.json,PMCID resolved from NCBI idconv. NCBI PMC XML downloaded and normalized.
pmid-24366379,24366379,PMC3940863,10.1038/oncsis.2013.46,Acquired PIK3CA amplification causes resistance to selective phosphoinositide 3-kinase inhibitors in breast cancer.,ncbi_pmc_xml,,,available,usable,no,not_attempted,/Users/xingmeng/.openclaw/workspaces/staff-scientist-ideker/agent_LiteratureDueDiligence/runs/pi3k_alpha_inhibition_resistance_review_20260830/Phase1_PubmedCollection/passes/pass_001/artifacts/fulltext_import/PMC_XML/normalized/PMC3940863.json,PMCID resolved from NCBI idconv. NCBI PMC XML downloaded and normalized.
pmid-23948972,23948972,,10.1158/1078-0432.CCR-13-0661,Identification of multiple mechanisms of resistance to vemurafenib in a patient with BRAFV600E-mutated cutaneous melanoma successfully rechallenged after progression.,none,,,missing,not_attempted,yes,missing,,No NCBI PMCID found. Alternate open-access lookup is deferred during PMC-learning to keep early full-text import focused and fast.
pmid-23940356,23940356,PMC3761610,10.1073/pnas.1303204110,Mutant PIK3CA accelerates HER2-driven transgenic mammary tumors and induces resistance to combinations of anti-HER2 therapies.,ncbi_pmc_xml,,,missing,unusable,yes,missing,,PMCID resolved from NCBI idconv. PMC XML body element is missing. Unusable XML deleted from run artifacts.
pmid-23895914,23895914,PMC5528457,10.1016/j.molonc.2013.07.007,Analysing the mutational status of PIK3CA in circulating tumor cells from metastatic breast cancer patients.,ncbi_pmc_xml,,,missing,unusable,yes,missing,,PMCID resolved from NCBI idconv. PMC XML body element is missing. Unusable XML deleted from run artifacts.
pmid-23708519,23708519,PMC3735710,10.4161/cc.25016,Caloric restriction augments radiation efficacy in breast cancer.,ncbi_pmc_xml,,,available,usable,no,not_attempted,/Users/xingmeng/.openclaw/workspaces/staff-scientist-ideker/agent_LiteratureDueDiligence/runs/pi3k_alpha_inhibition_resistance_review_20260830/Phase1_PubmedCollection/passes/pass_001/artifacts/fulltext_import/PMC_XML/normalized/PMC3735710.json,PMCID resolved from NCBI idconv. NCBI PMC XML downloaded and normalized.
pmid-23672928,23672928,,10.1016/j.ygyno.2013.05.008,"Phase II study of temsirolimus (CCI-779) in women with recurrent, unresectable, locally advanced or metastatic carcinoma of the cervix. A trial of the NCIC Clinical Trials Group (NCIC CTG IND 199).",none,,,missing,not_attempted,yes,missing,,No NCBI PMCID found. Alternate open-access lookup is deferred during PMC-learning to keep early full-text import focused and fast.
pmid-23664448,23664448,,10.1016/j.lungcan.2013.02.021,Clinical perspective of afatinib in non-small cell lung cancer.,none,,,missing,not_attempted,yes,missing,,No NCBI PMCID found. Alternate open-access lookup is deferred during PMC-learning to keep early full-text import focused and fast.
pmid-23619167,23619167,PMC3710532,10.1158/2159-8290.CD-13-0103,Frequent mutation of the PI3K pathway in head and neck cancer defines predictive biomarkers.,ncbi_pmc_xml,,,available,usable,no,not_attempted,/Users/xingmeng/.openclaw/workspaces/staff-scientist-ideker/agent_LiteratureDueDiligence/runs/pi3k_alpha_inhibition_resistance_review_20260830/Phase1_PubmedCollection/passes/pass_001/artifacts/fulltext_import/PMC_XML/normalized/PMC3710532.json,PMCID resolved from NCBI idconv. NCBI PMC XML downloaded and normalized.
pmid-23563269,23563269,,10.1038/nature12065,Non-invasive analysis of acquired resistance to cancer therapy by sequencing of plasma DNA.,none,,,missing,not_attempted,yes,missing,,No NCBI PMCID found. Alternate open-access lookup is deferred during PMC-learning to keep early full-text import focused and fast.
pmid-23533233,23533233,PMC3644606,10.1210/jc.2012-3933,Clinical outcomes and molecular profile of differentiated thyroid cancers with radioiodine-avid distant metastases.,ncbi_pmc_xml,,,missing,unusable,yes,missing,,PMCID resolved from NCBI idconv. PMC XML body element is missing. Unusable XML deleted from run artifacts.
pmid-23525575,23525575,,10.3892/or.2013.2357,Combined inhibition of the EGFR and mTOR pathways in EGFR wild-type non-small cell lung cancer cell lines with different genetic backgrounds.,none,,,missing,not_attempted,yes,missing,,No NCBI PMCID found. Alternate open-access lookup is deferred during PMC-learning to keep early full-text import focused and fast.
pmid-23499052,23499052,PMC3620412,10.1016/j.ajpath.2012.12.031,Type I to type II ovarian carcinoma progression: mutant Trp53 or Pik3ca confers a more aggressive tumor phenotype in a mouse model of ovarian cancer.,ncbi_pmc_xml,,,missing,unusable,yes,missing,,PMCID resolved from NCBI idconv. PMC XML body element is missing. Unusable XML deleted from run artifacts.
pmid-23478237,23478237,PMC5528412,10.1016/j.molonc.2013.02.003,Genetically engineered mouse models of PI3K signaling in breast cancer.,ncbi_pmc_xml,,,missing,unusable,yes,missing,,PMCID resolved from NCBI idconv. PMC XML body element is missing. Unusable XML deleted from run artifacts.
pmid-23470965,23470965,PMC3630270,10.1158/1078-0432.CCR-12-2246,Analysis of tumor specimens at the time of acquired resistance to EGFR-TKI therapy in 155 patients with EGFR-mutant lung cancers.,ncbi_pmc_xml,,,available,usable,no,not_attempted,/Users/xingmeng/.openclaw/workspaces/staff-scientist-ideker/agent_LiteratureDueDiligence/runs/pi3k_alpha_inhibition_resistance_review_20260830/Phase1_PubmedCollection/passes/pass_001/artifacts/fulltext_import/PMC_XML/normalized/PMC3630270.json,PMCID resolved from NCBI idconv. NCBI PMC XML downloaded and normalized.
pmid-23470635,23470635,PMC3712576,10.18632/oncotarget.864,BRAF mutant gastrointestinal stromal tumor: first report of regression with BRAF inhibitor dabrafenib (GSK2118436) and whole exomic sequencing for analysis of acquired resistance.,ncbi_pmc_xml,,,available,usable,no,not_attempted,/Users/xingmeng/.openclaw/workspaces/staff-scientist-ideker/agent_LiteratureDueDiligence/runs/pi3k_alpha_inhibition_resistance_review_20260830/Phase1_PubmedCollection/passes/pass_001/artifacts/fulltext_import/PMC_XML/normalized/PMC3712576.json,PMCID resolved from NCBI idconv. NCBI PMC XML downloaded and normalized.
pmid-23384718,23384718,PMC3805493,10.1016/j.oraloncology.2012.12.016,"A phase II study of temsirolimus and erlotinib in patients with recurrent and/or metastatic, platinum-refractory head and neck squamous cell carcinoma.",ncbi_pmc_xml,,,available,usable,no,not_attempted,/Users/xingmeng/.openclaw/workspaces/staff-scientist-ideker/agent_LiteratureDueDiligence/runs/pi3k_alpha_inhibition_resistance_review_20260830/Phase1_PubmedCollection/passes/pass_001/artifacts/fulltext_import/PMC_XML/normalized/PMC3805493.json,PMCID resolved from NCBI idconv. NCBI PMC XML downloaded and normalized.
pmid-23341541,23341541,PMC3606064,10.1182/blood-2012-10-460832,"P110α-mediated constitutive PI3K signaling limits the efficacy of p110δ-selective inhibition in mantle cell lymphoma, particularly with multiple relapse.",ncbi_pmc_xml,,,missing,unusable,yes,missing,,PMCID resolved from NCBI idconv. PMC XML body element is missing. Unusable XML deleted from run artifacts.
pmid-23287563,23287563,,10.1158/1078-0432.CCR-12-3072,"Targeting activated Akt with GDC-0068, a novel selective Akt inhibitor that is efficacious in multiple tumor models.",none,,,missing,not_attempted,yes,missing,,No NCBI PMCID found. Alternate open-access lookup is deferred during PMC-learning to keep early full-text import focused and fast.
pmid-23281932,23281932,,10.1517/14712598.2012.756469,Optimizing treatment of metastatic colorectal cancer patients with anti-EGFR antibodies: overcoming the mechanisms of cancer cell resistance.,none,,,missing,not_attempted,yes,missing,,No NCBI PMCID found. Alternate open-access lookup is deferred during PMC-learning to keep early full-text import focused and fast.
pmid-23251002,23251002,PMC3563727,10.1158/1078-0432.CCR-11-1446,Resistance to BRAF inhibition in BRAF-mutant colon cancer can be overcome with PI3K inhibition or demethylating agents.,ncbi_pmc_xml,,,available,usable,no,not_attempted,/Users/xingmeng/.openclaw/workspaces/staff-scientist-ideker/agent_LiteratureDueDiligence/runs/pi3k_alpha_inhibition_resistance_review_20260830/Phase1_PubmedCollection/passes/pass_001/artifacts/fulltext_import/PMC_XML/normalized/PMC3563727.json,PMCID resolved from NCBI idconv. NCBI PMC XML downloaded and normalized.
pmid-23238879,23238879,,10.1007/s11523-012-0242-9,Predicting everolimus treatment efficacy in patients with advanced endometrial carcinoma: a GINECO group study.,none,,,missing,not_attempted,yes,missing,,No NCBI PMCID found. Alternate open-access lookup is deferred during PMC-learning to keep early full-text import focused and fast.
pmid-23233531,23233531,,10.1096/fj.12-214692,"miR148b is a major coordinator of breast cancer progression in a relapse-associated microRNA signature by targeting ITGA5, ROCK1, PIK3CA, NRAS, and CSF1.",none,,,missing,not_attempted,yes,missing,,No NCBI PMCID found. Alternate open-access lookup is deferred during PMC-learning to keep early full-text import focused and fast.
pmid-23200321,23200321,PMC3661759,10.1016/j.molonc.2012.11.001,Molecular phenotype predicts sensitivity of squamous cell carcinoma of the head and neck to epidermal growth factor receptor inhibition.,ncbi_pmc_xml,,,missing,unusable,yes,missing,,PMCID resolved from NCBI idconv. PMC XML body element is missing. Unusable XML deleted from run artifacts.
pmid-22926521,22926521,,10.1038/onc.2012.381,A high resolution genomic portrait of bladder cancer: correlation between genomic aberrations and the DNA damage response.,none,,,missing,not_attempted,yes,missing,,No NCBI PMCID found. Alternate open-access lookup is deferred during PMC-learning to keep early full-text import focused and fast.
pmid-22430211,22430211,,10.1038/onc.2012.76,Endometrial carcinoma: molecular alterations involved in tumor development and progression.,none,,,missing,not_attempted,yes,missing,,No NCBI PMCID found. Alternate open-access lookup is deferred during PMC-learning to keep early full-text import focused and fast.
pmid-23092874,23092874,PMC3525734,10.1158/1078-0432.CCR-12-1785,Frequent mutational activation of the PI3K-AKT pathway in trastuzumab-resistant breast cancer.,ncbi_pmc_xml,,,available,usable,no,not_attempted,/Users/xingmeng/.openclaw/workspaces/staff-scientist-ideker/agent_LiteratureDueDiligence/runs/pi3k_alpha_inhibition_resistance_review_20260830/Phase1_PubmedCollection/passes/pass_001/artifacts/fulltext_import/PMC_XML/normalized/PMC3525734.json,PMCID resolved from NCBI idconv. NCBI PMC XML downloaded and normalized.
pmid-22932669,22932669,PMC3772348,10.1158/1078-0432.CCR-12-1141,Biomarkers of response to Akt inhibitor MK-2206 in breast cancer.,ncbi_pmc_xml,,,available,usable,no,not_attempted,/Users/xingmeng/.openclaw/workspaces/staff-scientist-ideker/agent_LiteratureDueDiligence/runs/pi3k_alpha_inhibition_resistance_review_20260830/Phase1_PubmedCollection/passes/pass_001/artifacts/fulltext_import/PMC_XML/normalized/PMC3772348.json,PMCID resolved from NCBI idconv. NCBI PMC XML downloaded and normalized.
pmid-22925034,22925034,PMC7659208,10.1111/cas.12004,Establishment of phosphatidylinositol 3-kinase inhibitor-resistant cancer cell lines and therapeutic strategies for overcoming the resistance.,ncbi_pmc_xml,,,missing,unusable,yes,missing,,PMCID resolved from NCBI idconv. PMC XML body element is missing. Unusable XML deleted from run artifacts.
pmid-22696593,22696593,PMC3514899,10.1093/carcin/bgs203,Sorafenib enhances the therapeutic efficacy of rapamycin in colorectal cancers harboring oncogenic KRAS and PIK3CA.,ncbi_pmc_xml,,,missing,unusable,yes,missing,,PMCID resolved from NCBI idconv. PMC XML body element is missing. Unusable XML deleted from run artifacts.
pmid-22640628,22640628,PMC3777497,10.5732/cjc.012.10032,The favorable impact of PIK3CA mutations on survival: an analysis of 2587 patients with breast cancer.,ncbi_pmc_xml,,,available,usable,no,not_attempted,/Users/xingmeng/.openclaw/workspaces/staff-scientist-ideker/agent_LiteratureDueDiligence/runs/pi3k_alpha_inhibition_resistance_review_20260830/Phase1_PubmedCollection/passes/pass_001/artifacts/fulltext_import/PMC_XML/normalized/PMC3777497.json,PMCID resolved from NCBI idconv. NCBI PMC XML downloaded and normalized.
pmid-22487539,22487539,PMC3738300,10.1016/j.ygyno.2012.04.006,Perifosine plus docetaxel in patients with platinum and taxane resistant or refractory high-grade epithelial ovarian cancer.,ncbi_pmc_xml,,,available,usable,no,not_attempted,/Users/xingmeng/.openclaw/workspaces/staff-scientist-ideker/agent_LiteratureDueDiligence/runs/pi3k_alpha_inhibition_resistance_review_20260830/Phase1_PubmedCollection/passes/pass_001/artifacts/fulltext_import/PMC_XML/normalized/PMC3738300.json,PMCID resolved from NCBI idconv. NCBI PMC XML downloaded and normalized.
pmid-22392911,22392911,,10.1158/1078-0432.CCR-11-2683,Inhibition of MEK and PI3K/mTOR suppresses tumor growth but does not cause tumor regression in patient-derived xenografts of RAS-mutant colorectal carcinomas.,none,,,missing,not_attempted,yes,missing,,No NCBI PMCID found. Alternate open-access lookup is deferred during PMC-learning to keep early full-text import focused and fast.
pmid-22302407,22302407,,10.1007/s00280-012-1829-7,"Optimization of patient selection for EGFR-TKIs in advanced non-small cell lung cancer by combined analysis of KRAS, PIK3CA, MET, and non-sensitizing EGFR mutations.",none,,,missing,not_attempted,yes,missing,,No NCBI PMCID found. Alternate open-access lookup is deferred during PMC-learning to keep early full-text import focused and fast.
pmid-22245973,22245973,PMC3658119,10.1007/s10549-011-1910-7,Phase II trial of temsirolimus in patients with metastatic breast cancer.,ncbi_pmc_xml,,,available,usable,no,not_attempted,/Users/xingmeng/.openclaw/workspaces/staff-scientist-ideker/agent_LiteratureDueDiligence/runs/pi3k_alpha_inhibition_resistance_review_20260830/Phase1_PubmedCollection/passes/pass_001/artifacts/fulltext_import/PMC_XML/normalized/PMC3658119.json,PMCID resolved from NCBI idconv. NCBI PMC XML downloaded and normalized.
pmid-21996585,21996585,,10.1016/j.cellsig.2011.09.030,Features of the reversible sensitivity-resistance transition in PI3K/PTEN/AKT signalling network after HER2 inhibition.,none,,,missing,not_attempted,yes,missing,,No NCBI PMCID found. Alternate open-access lookup is deferred during PMC-learning to keep early full-text import focused and fast.
pmid-22145213,22145213,,,[Molecular predictive markers of EGFR-targeted therapy in metastatic colorectal cancer].,none,,,missing,not_attempted,yes,missing,,No NCBI PMCID found. Alternate open-access lookup is deferred during PMC-learning to keep early full-text import focused and fast.
pmid-21876152,21876152,PMC3174675,10.1073/pnas.1108237108,PI3K-targeted therapy can be evaded by gene amplification along the MYC-eukaryotic translation initiation factor 4E (eIF4E) axis.,ncbi_pmc_xml,,,missing,unusable,yes,missing,,PMCID resolved from NCBI idconv. PMC XML body element is missing. Unusable XML deleted from run artifacts.
pmid-21822122,21822122,,10.1097/CAD.0b013e32834a149c,Mechanism of EGER-related cancer drug resistance.,none,,,missing,not_attempted,yes,missing,,No NCBI PMCID found. Alternate open-access lookup is deferred during PMC-learning to keep early full-text import focused and fast.
pmid-21712828,21712828,PMC3142798,10.1038/bjc.2011.197,Pyrosequencing-based methods reveal marked inter-individual differences in oncogene mutation burden in human colorectal tumours.,ncbi_pmc_xml,,,available,usable,no,not_attempted,/Users/xingmeng/.openclaw/workspaces/staff-scientist-ideker/agent_LiteratureDueDiligence/runs/pi3k_alpha_inhibition_resistance_review_20260830/Phase1_PubmedCollection/passes/pass_001/artifacts/fulltext_import/PMC_XML/normalized/PMC3142798.json,PMCID resolved from NCBI idconv. NCBI PMC XML downloaded and normalized.
pmid-21676217,21676217,PMC3141770,10.1186/1471-2407-11-248,PI3K pathway activation results in low efficacy of both trastuzumab and lapatinib.,ncbi_pmc_xml,,,available,usable,no,not_attempted,/Users/xingmeng/.openclaw/workspaces/staff-scientist-ideker/agent_LiteratureDueDiligence/runs/pi3k_alpha_inhibition_resistance_review_20260830/Phase1_PubmedCollection/passes/pass_001/artifacts/fulltext_import/PMC_XML/normalized/PMC3141770.json,PMCID resolved from NCBI idconv. NCBI PMC XML downloaded and normalized.
pmid-21594665,21594665,,10.1007/s10549-011-1572-5,Evaluation of the association of PIK3CA mutations and PTEN loss with efficacy of trastuzumab therapy in metastatic breast cancer.,none,,,missing,not_attempted,yes,missing,,No NCBI PMCID found. Alternate open-access lookup is deferred during PMC-learning to keep early full-text import focused and fast.
pmid-21558396,21558396,,10.1158/1078-0432.CCR-10-2882,The selective class I PI3K inhibitor CH5132799 targets human cancers harboring oncogenic PIK3CA mutations.,none,,,missing,not_attempted,yes,missing,,No NCBI PMCID found. Alternate open-access lookup is deferred during PMC-learning to keep early full-text import focused and fast.
pmid-21527065,21527065,PMC4013397,10.5732/cjc.010.10507,"Lapatinib plus capecitabine in treating HER2-positive advanced breast cancer: efficacy, safety, and biomarker results from Chinese patients.",ncbi_pmc_xml,,,available,usable,no,not_attempted,/Users/xingmeng/.openclaw/workspaces/staff-scientist-ideker/agent_LiteratureDueDiligence/runs/pi3k_alpha_inhibition_resistance_review_20260830/Phase1_PubmedCollection/passes/pass_001/artifacts/fulltext_import/PMC_XML/normalized/PMC4013397.json,PMCID resolved from NCBI idconv. NCBI PMC XML downloaded and normalized.
pmid-21439039,21439039,PMC3073939,10.1186/1471-2407-11-107,EGFR related mutational status and association to clinical outcome of third-line cetuximab-irinotecan in metastatic colorectal cancer.,ncbi_pmc_xml,,,available,usable,no,not_attempted,/Users/xingmeng/.openclaw/workspaces/staff-scientist-ideker/agent_LiteratureDueDiligence/runs/pi3k_alpha_inhibition_resistance_review_20260830/Phase1_PubmedCollection/passes/pass_001/artifacts/fulltext_import/PMC_XML/normalized/PMC3073939.json,PMCID resolved from NCBI idconv. NCBI PMC XML downloaded and normalized.
pmid-21430269,21430269,PMC3132801,10.1126/scitranslmed.3002003,Genotypic and histological evolution of lung cancers acquiring resistance to EGFR inhibitors.,ncbi_pmc_xml,,,available,usable,no,not_attempted,/Users/xingmeng/.openclaw/workspaces/staff-scientist-ideker/agent_LiteratureDueDiligence/runs/pi3k_alpha_inhibition_resistance_review_20260830/Phase1_PubmedCollection/passes/pass_001/artifacts/fulltext_import/PMC_XML/normalized/PMC3132801.json,PMCID resolved from NCBI idconv. NCBI PMC XML downloaded and normalized.
pmid-21420991,21420991,,10.1016/j.steroids.2011.02.023,Importance of PI3-kinase pathway in response/resistance to aromatase inhibitors.,none,,,missing,not_attempted,yes,missing,,No NCBI PMCID found. Alternate open-access lookup is deferred during PMC-learning to keep early full-text import focused and fast.
pmid-21414654,21414654,PMC3100412,10.1016/j.ygyno.2011.02.013,"A Gynecologic Oncology Group phase II trial of the protein kinase C-beta inhibitor, enzastaurin and evaluation of markers with potential predictive and prognostic value in persistent or recurrent epithelial ovarian and primary peritoneal malignancies.",ncbi_pmc_xml,,,available,usable,no,not_attempted,/Users/xingmeng/.openclaw/workspaces/staff-scientist-ideker/agent_LiteratureDueDiligence/runs/pi3k_alpha_inhibition_resistance_review_20260830/Phase1_PubmedCollection/passes/pass_001/artifacts/fulltext_import/PMC_XML/normalized/PMC3100412.json,PMCID resolved from NCBI idconv. NCBI PMC XML downloaded and normalized.
pmid-21289267,21289267,PMC3070256,10.1210/jc.2010-2644,The Akt-specific inhibitor MK2206 selectively inhibits thyroid cancer cells harboring mutations that can activate the PI3K/Akt pathway.,ncbi_pmc_xml,,,missing,unusable,yes,missing,,PMCID resolved from NCBI idconv. PMC XML body element is missing. Unusable XML deleted from run artifacts.
pmid-21258250,21258250,,10.1097/JTO.0b013e31820a3a6b,Phosphoinositide-3-kinase catalytic alpha and KRAS mutations are important predictors of resistance to therapy with epidermal growth factor receptor tyrosine kinase inhibitors in patients with advanced non-small cell lung cancer.,none,,,missing,not_attempted,yes,missing,,No NCBI PMCID found. Alternate open-access lookup is deferred during PMC-learning to keep early full-text import focused and fast.
pmid-20825420,20825420,,10.1111/j.1349-7006.2010.01711.x,Mechanisms of resistance to anti-human epidermal growth factor receptor 2 agents in breast cancer.,none,,,missing,not_attempted,yes,missing,,No NCBI PMCID found. Alternate open-access lookup is deferred during PMC-learning to keep early full-text import focused and fast.
pmid-21163770,21163770,,10.1556/MOnkol.54.2010.4.13,Predictive and prognostic factors in the complex treatment of patients with colorectal cancer.,none,,,missing,not_attempted,yes,missing,,No NCBI PMCID found. Alternate open-access lookup is deferred during PMC-learning to keep early full-text import focused and fast.
pmid-20699365,20699365,PMC3178450,10.1158/0008-5472.CAN-10-0409,PIK3CA mutation uncouples tumor growth and cyclin D1 regulation from MEK/ERK and mutant KRAS signaling.,ncbi_pmc_xml,,,available,usable,no,not_attempted,/Users/xingmeng/.openclaw/workspaces/staff-scientist-ideker/agent_LiteratureDueDiligence/runs/pi3k_alpha_inhibition_resistance_review_20260830/Phase1_PubmedCollection/passes/pass_001/artifacts/fulltext_import/PMC_XML/normalized/PMC3178450.json,PMCID resolved from NCBI idconv. NCBI PMC XML downloaded and normalized.
pmid-20681032,20681032,PMC5120730,10.1002/cncr.25515,"A phase 2 study of the oral mammalian target of rapamycin inhibitor, everolimus, in patients with recurrent endometrial carcinoma.",ncbi_pmc_xml,,,available,usable,no,not_attempted,/Users/xingmeng/.openclaw/workspaces/staff-scientist-ideker/agent_LiteratureDueDiligence/runs/pi3k_alpha_inhibition_resistance_review_20260830/Phase1_PubmedCollection/passes/pass_001/artifacts/fulltext_import/PMC_XML/normalized/PMC5120730.json,PMCID resolved from NCBI idconv. NCBI PMC XML downloaded and normalized.
pmid-20193978,20193978,,10.1016/j.canlet.2010.02.002,Multiple molecular mechanisms underlying trastuzumab and lapatinib resistance in JIMT-1 breast cancer cells.,none,,,missing,not_attempted,yes,missing,,No NCBI PMCID found. Alternate open-access lookup is deferred during PMC-learning to keep early full-text import focused and fast.
pmid-19738166,19738166,PMC2758310,10.1093/jnci/djp280,Biomarkers predicting clinical outcome of epidermal growth factor receptor-targeted therapy in metastatic colorectal cancer.,ncbi_pmc_xml,,,available,usable,no,not_attempted,/Users/xingmeng/.openclaw/workspaces/staff-scientist-ideker/agent_LiteratureDueDiligence/runs/pi3k_alpha_inhibition_resistance_review_20260830/Phase1_PubmedCollection/passes/pass_001/artifacts/fulltext_import/PMC_XML/normalized/PMC2758310.json,PMCID resolved from NCBI idconv. NCBI PMC XML downloaded and normalized.
pmid-19010894,19010894,PMC2587064,10.1158/0008-5472.CAN-08-1740,Phosphatidylinositol 3-kinase hyperactivation results in lapatinib resistance that is reversed by the mTOR/phosphatidylinositol 3-kinase inhibitor NVP-BEZ235.,ncbi_pmc_xml,,,available,usable,no,not_attempted,/Users/xingmeng/.openclaw/workspaces/staff-scientist-ideker/agent_LiteratureDueDiligence/runs/pi3k_alpha_inhibition_resistance_review_20260830/Phase1_PubmedCollection/passes/pass_001/artifacts/fulltext_import/PMC_XML/normalized/PMC2587064.json,PMCID resolved from NCBI idconv. NCBI PMC XML downloaded and normalized.
pmid-17936563,17936563,,10.1016/j.ccr.2007.08.030,A functional genetic approach identifies the PI3K pathway as a major determinant of trastuzumab resistance in breast cancer.,none,,,missing,not_attempted,yes,missing,,No NCBI PMCID found. Alternate open-access lookup is deferred during PMC-learning to keep early full-text import focused and fast.
pmid-16906227,16906227,PMC1570180,10.1172/JCI28656,Allelic dilution obscures detection of a biologically significant resistance mutation in EGFR-amplified lung cancer.,ncbi_pmc_xml,,,missing,unusable,yes,missing,,PMCID resolved from NCBI idconv. PMC XML body element is missing. Unusable XML deleted from run artifacts.
pmid-16575012,16575012,,10.1200/JCO.2005.03.4900,Predictive factors for outcome in a phase II study of gefitinib in second-line treatment of advanced esophageal cancer patients.,none,,,missing,not_attempted,yes,missing,,No NCBI PMCID found. Alternate open-access lookup is deferred during PMC-learning to keep early full-text import focused and fast.
pmid-16083342,16083342,,10.1517/14728222.9.4.769,The phosphoinositide 3-kinase signalling pathway as a therapeutic target in squamous cell carcinoma of the head and neck.,none,,,missing,not_attempted,yes,missing,,No NCBI PMCID found. Alternate open-access lookup is deferred during PMC-learning to keep early full-text import focused and fast.
pmid-31394675,31394675,,,Genomic Alterations in Gastrointestinal Stromal Tumors as Revealed by Conventional and Array-based Comparative Genomic Hybridization.,none,,,missing,not_attempted,yes,missing,,No NCBI PMCID found. Alternate open-access lookup is deferred during PMC-learning to keep early full-text import focused and fast.
