paper_id,pmid,pmcid,doi,title,queue_reason,preferred_source,notes
pmid-42640608,42640608,,10.1080/1354750X.2026.2715050,"Integrated molecular, epigenetic, microbial and liquid biopsy biomarkers in colorectal cancer: implications for prognosis and precision therapy.",No automated full-text route was available at import time.,publisher_pdf_or_user_download,No NCBI PMCID found. Alternate open-access lookup is deferred during PMC-learning to keep early full-text import focused and fast.
pmid-42635598,42635598,,10.1158/1078-0432.CCR-26-1816,"Elacestrant in Combination with Everolimus for Estrogen Receptor-Positive, HER2-Negative Previously Treated Advanced Breast Cancer: Results from ELEVATE.",No automated full-text route was available at import time.,publisher_pdf_or_user_download,No NCBI PMCID found. Alternate open-access lookup is deferred during PMC-learning to keep early full-text import focused and fast.
pmid-42575435,42575435,,10.1016/j.jbc.2026.113426,Insulin receptor substrate 2 (IRS2) confers resistance to PI3K pathway inhibition in PIK3CA mutant breast cancer.,No automated full-text route was available at import time.,publisher_pdf_or_user_download,No NCBI PMCID found. Alternate open-access lookup is deferred during PMC-learning to keep early full-text import focused and fast.
pmid-42509693,42509693,,10.2174/0115748928444498260516065557,Innovative Therapeutic Strategies for Hormone-sensitive Breast Cancer: A Patent Landscape Review.,No automated full-text route was available at import time.,publisher_pdf_or_user_download,No NCBI PMCID found. Alternate open-access lookup is deferred during PMC-learning to keep early full-text import focused and fast.
pmid-42499691,42499691,PMC13399991,10.1159/000552643,Comprehensive Liquid Biopsy Testing in Metastatic Hormone Receptor-Positive HER2-Negative Breast Cancer Patients: First Results from Routine Clinical Practice.,Automated XML was unusable for normalization.,publisher_pdf_or_user_download,PMCID resolved from NCBI idconv. PMC XML body element is missing. Unusable XML deleted from run artifacts.
pmid-42456830,42456830,,10.1016/j.bcp.2026.118262,"Core genes drive treatment resistance in triple-negative breast cancer: characteristics, mechanisms, intervention strategies.",No automated full-text route was available at import time.,publisher_pdf_or_user_download,No NCBI PMCID found. Alternate open-access lookup is deferred during PMC-learning to keep early full-text import focused and fast.
pmid-42456541,42456541,,10.1016/j.ejca.2026.116936,"Coexisting driver alterations in non-small cell lung cancer: Prevalence, clonal architecture, and impact on survival and progression.",No automated full-text route was available at import time.,publisher_pdf_or_user_download,No NCBI PMCID found. Alternate open-access lookup is deferred during PMC-learning to keep early full-text import focused and fast.
pmid-42421540,42421540,,10.1080/07357907.2026.2696797,"Systematic Investigation of Key Drivers of Lung Adenocarcinoma: A Focus on Genes, Pathways, and miRNAs.",No automated full-text route was available at import time.,publisher_pdf_or_user_download,No NCBI PMCID found. Alternate open-access lookup is deferred during PMC-learning to keep early full-text import focused and fast.
pmid-42405409,42405409,,10.2174/0113895575463121260609115219,Medicinal Chemistry Perspectives on Molecular Targets and Targeted Therapeutic Strategies in Breast Cancer.,No automated full-text route was available at import time.,publisher_pdf_or_user_download,No NCBI PMCID found. Alternate open-access lookup is deferred during PMC-learning to keep early full-text import focused and fast.
pmid-42341421,42341421,,10.1016/j.bbrc.2026.154189,Functional characterization of PIK3CA E545A mutation in MCF-7 breast cancer cells reveals enhanced proliferation and resistance to Alpelisib.,No automated full-text route was available at import time.,publisher_pdf_or_user_download,No NCBI PMCID found. Alternate open-access lookup is deferred during PMC-learning to keep early full-text import focused and fast.
pmid-42323696,42323696,,10.1186/s13058-026-02324-6,Impact of somatic PIK3CA mutations on clinical outcomes in HER2-positive breast cancer.,No automated full-text route was available at import time.,publisher_pdf_or_user_download,No NCBI PMCID found. Alternate open-access lookup is deferred during PMC-learning to keep early full-text import focused and fast.
pmid-42312509,42312509,,10.2174/0113816128473617260609100900,Glycycoumarin Induces G2/M Cell Cycle Arrest and Apoptosis in Non-Small-Cell Lung Cancer Cells via Suppressing the PI3K/AKT/mTOR/HIF-1α Pathway.,No automated full-text route was available at import time.,publisher_pdf_or_user_download,No NCBI PMCID found. Alternate open-access lookup is deferred during PMC-learning to keep early full-text import focused and fast.
pmid-42310133,42310133,,10.1038/s41598-026-57604-0,"Multitargeted comparative evaluation suggests 2-Aoeobenoxmide shows favourable in silico binding compared to Tucatinib against ERα, HER2, AKT1, EGFR, and PIK3CA in breast cancer.",No automated full-text route was available at import time.,publisher_pdf_or_user_download,No NCBI PMCID found. Alternate open-access lookup is deferred during PMC-learning to keep early full-text import focused and fast.
pmid-42307901,42307901,,10.1097/CAD.0000000000001831,Inavolisib and lenvatinib for PIK3CA-mutated refractory splenic angiosarcoma: a case report.,No automated full-text route was available at import time.,publisher_pdf_or_user_download,No NCBI PMCID found. Alternate open-access lookup is deferred during PMC-learning to keep early full-text import focused and fast.
pmid-42237450,42237450,PMC13397232,10.1002/ijc.70545,Landscape of Chinese Lung Cancer Patients With Compound Mutations and Acquired Resistance Alterations: A Retrospective Study.,Automated XML was unusable for normalization.,publisher_pdf_or_user_download,PMCID resolved from NCBI idconv. PMC XML body element is missing. Unusable XML deleted from run artifacts.
pmid-42227554,42227554,,10.2174/0115665240410323260312134205,The Mutational Landscape of Angiosarcoma: Challenges and Opportunities to Design Management Strategies.,No automated full-text route was available at import time.,publisher_pdf_or_user_download,No NCBI PMCID found. Alternate open-access lookup is deferred during PMC-learning to keep early full-text import focused and fast.
pmid-42176127,42176127,,10.1007/s11033-026-11971-z,"Somatic mutation profiling by NGS-based liquid biopsy in advanced non-small cell lung cancer: frequency, clinical correlates, and prognostic significance.",No automated full-text route was available at import time.,publisher_pdf_or_user_download,No NCBI PMCID found. Alternate open-access lookup is deferred during PMC-learning to keep early full-text import focused and fast.
pmid-42127863,42127863,,10.1016/j.oraloncology.2026.108004,Efficacy of buparlisib according to PIK3CA mutation status in recurrent or metastatic head and neck squamous cell carcinoma: A multicenter phase II trial.,No automated full-text route was available at import time.,publisher_pdf_or_user_download,No NCBI PMCID found. Alternate open-access lookup is deferred during PMC-learning to keep early full-text import focused and fast.
pmid-42099435,42099435,PMC13148109,10.64898/2026.04.24.720709,Insulin receptor substrate 2 (IRS2) confers resistance to PI3K pathway inhibition in PIK3CA mutant breast cancer.,Automated XML was unusable for normalization.,publisher_pdf_or_user_download,PMCID resolved from NCBI idconv. PMC XML body element is missing. Unusable XML deleted from run artifacts.
pmid-42061572,42061572,,10.1016/j.jtho.2026.103894,Long-Term Impact of First-Line Amivantamab Plus Lazertinib Versus Osimertinib on Mechanisms of Acquired Resistance in MARIPOSA: A Brief Report.,No automated full-text route was available at import time.,publisher_pdf_or_user_download,No NCBI PMCID found. Alternate open-access lookup is deferred during PMC-learning to keep early full-text import focused and fast.
pmid-41932195,41932195,,10.1016/j.compbiolchem.2026.109028,Synergistic action of Yinyanghuo A and Magnograndiolide against ovarian cancer: A computational prediction of targets and mechanism via network pharmacology and molecular simulations.,No automated full-text route was available at import time.,publisher_pdf_or_user_download,No NCBI PMCID found. Alternate open-access lookup is deferred during PMC-learning to keep early full-text import focused and fast.
pmid-41902997,41902997,,10.1007/s12094-026-04314-8,The logarithmic phase as a therapeutic direction: evaluating pharmacological strategies against cancer progression.,No automated full-text route was available at import time.,publisher_pdf_or_user_download,No NCBI PMCID found. Alternate open-access lookup is deferred during PMC-learning to keep early full-text import focused and fast.
pmid-41785530,41785530,,10.1016/j.ygyno.2026.01.770,"Demographics, clinicopathological features, and survival outcomes of women with endometrial neuroendocrine tumors.",No automated full-text route was available at import time.,publisher_pdf_or_user_download,No NCBI PMCID found. Alternate open-access lookup is deferred during PMC-learning to keep early full-text import focused and fast.
pmid-41764610,41764610,,10.2174/0113895575418114251210151424,Inavolisib-based Combination Therapy for the Treatment of PIK3CAMutated HR+/HER2- Breast Cancer: An Overview.,No automated full-text route was available at import time.,publisher_pdf_or_user_download,No NCBI PMCID found. Alternate open-access lookup is deferred during PMC-learning to keep early full-text import focused and fast.
pmid-41756964,41756964,PMC12934813,10.64898/2026.02.16.706009,Targeting FGFR signaling overcomes therapeutic resistance and immune evasion in oncogenic PIK3CA-driven serous-like endometrial cancer.,Automated XML was unusable for normalization.,publisher_pdf_or_user_download,PMCID resolved from NCBI idconv. PMC XML body element is missing. Unusable XML deleted from run artifacts.
pmid-41690534,41690534,,10.1016/j.critrevonc.2026.105207,Beyond EGFR inhibition in head and neck squamous cell carcinoma: Overcoming resistance mechanisms and novel therapeutic frontiers.,No automated full-text route was available at import time.,publisher_pdf_or_user_download,No NCBI PMCID found. Alternate open-access lookup is deferred during PMC-learning to keep early full-text import focused and fast.
pmid-41664643,41664643,,10.1111/his.70115,Genomic and clinicopathological characteristics of low oncotype recurrent score breast cancers with subsequent metastasis.,No automated full-text route was available at import time.,publisher_pdf_or_user_download,No NCBI PMCID found. Alternate open-access lookup is deferred during PMC-learning to keep early full-text import focused and fast.
pmid-41519649,41519649,,10.1016/j.euf.2025.12.016,"Subsequent-line Systemic Therapy for Metastatic or Recurrent Penile Cancer: A Systematic Review of Efficacy, Toxicity, and Outcomes.",No automated full-text route was available at import time.,publisher_pdf_or_user_download,No NCBI PMCID found. Alternate open-access lookup is deferred during PMC-learning to keep early full-text import focused and fast.
pmid-41483371,41483371,,10.1007/s12094-025-04168-6,Clinical utility of longitudinal circulating tumor DNA analysis in metastatic colorectal cancer patients receiving palliative chemotherapy.,No automated full-text route was available at import time.,publisher_pdf_or_user_download,No NCBI PMCID found. Alternate open-access lookup is deferred during PMC-learning to keep early full-text import focused and fast.
pmid-41455323,41455323,,10.1016/j.oraloncology.2025.107827,"Head and neck squamous cell carcinoma following allogeneic bone marrow transplantation: Clinical features, genomic Alterations, and limited efficacy of palliative chemotherapy.",No automated full-text route was available at import time.,publisher_pdf_or_user_download,No NCBI PMCID found. Alternate open-access lookup is deferred during PMC-learning to keep early full-text import focused and fast.
pmid-41435752,41435752,,10.1016/j.ejca.2025.116194,PIK3CA mutations and first-line outcomes in endocrine-resistant HR+/HER2- metastatic breast cancer: A multicentric real-world study.,No automated full-text route was available at import time.,publisher_pdf_or_user_download,No NCBI PMCID found. Alternate open-access lookup is deferred during PMC-learning to keep early full-text import focused and fast.
pmid-41420845,41420845,,10.1002/cbdv.202502558,Bioactivity-Guided Isolation of Cytotoxic Compounds From Curcuma caesia: In Vitro and In Silico Investigation for Oral Cancer.,No automated full-text route was available at import time.,publisher_pdf_or_user_download,No NCBI PMCID found. Alternate open-access lookup is deferred during PMC-learning to keep early full-text import focused and fast.
pmid-41384708,41384708,,10.1111/his.15555,Molecular pathology of bladder cancer.,No automated full-text route was available at import time.,publisher_pdf_or_user_download,No NCBI PMCID found. Alternate open-access lookup is deferred during PMC-learning to keep early full-text import focused and fast.
pmid-41361165,41361165,,10.1097/CJI.0000000000000587,Identification of 2 Ubiquitin-Proteasome System-Related Subtypes in Esophageal Squamous Cell Carcinoma for Prognostic and Immunotherapeutic Response Prediction.,No automated full-text route was available at import time.,publisher_pdf_or_user_download,No NCBI PMCID found. Alternate open-access lookup is deferred during PMC-learning to keep early full-text import focused and fast.
pmid-41207908,41207908,,10.1007/s10620-025-09471-4,Deciphering Cancer Evolution Through Genomic Profiling of Patient-Derived Xenograft Together with Matched Primary Gallbladder Cancer.,No automated full-text route was available at import time.,publisher_pdf_or_user_download,No NCBI PMCID found. Alternate open-access lookup is deferred during PMC-learning to keep early full-text import focused and fast.
pmid-40804585,40804585,,10.1007/s00428-025-04218-y,"Characterizing neurofibromin 1-altered breast cancer through genomic, functional, and clinical analyses.",No automated full-text route was available at import time.,publisher_pdf_or_user_download,No NCBI PMCID found. Alternate open-access lookup is deferred during PMC-learning to keep early full-text import focused and fast.
pmid-41232383,41232383,,10.1016/j.bbrc.2025.152953,Cheminformatics-based analysis identified Novel compounds from Nelumbo nucifera as potential inhibitors targeting PI3k/Akt/mTOR Pathway of HR+/HER2- subtype for Breast Cancer.,No automated full-text route was available at import time.,publisher_pdf_or_user_download,No NCBI PMCID found. Alternate open-access lookup is deferred during PMC-learning to keep early full-text import focused and fast.
pmid-40791422,40791422,PMC12338597,10.1101/2025.07.11.664189,Tumor-initiating genetics and therapy drive divergent molecular evolution in IDH-mutant gliomas.,Automated XML was unusable for normalization.,publisher_pdf_or_user_download,PMCID resolved from NCBI idconv. PMC XML body element is missing. Unusable XML deleted from run artifacts.
pmid-40697693,40697693,PMC12278399,10.1016/j.mjafi.2024.01.006,"Heterogeneous ERBB gene pathways, their targeted treatment and possible molecular mechanisms of resistance in metastatic gallbladder cancer.",Automated XML was unusable for normalization.,publisher_pdf_or_user_download,PMCID resolved from NCBI idconv. PMC XML body element is missing. Unusable XML deleted from run artifacts.
pmid-40665666,40665666,,10.1177/03008916251353357,Breast cancer and large-cell neuroendocrine carcinoma harboring the same PIK3CA mutation: A case report.,No automated full-text route was available at import time.,publisher_pdf_or_user_download,No NCBI PMCID found. Alternate open-access lookup is deferred during PMC-learning to keep early full-text import focused and fast.
pmid-40657993,40657993,,10.1097/CCO.0000000000001168,Liquid biopsy in breast cancer: promises and challenges.,No automated full-text route was available at import time.,publisher_pdf_or_user_download,No NCBI PMCID found. Alternate open-access lookup is deferred during PMC-learning to keep early full-text import focused and fast.
pmid-40382983,40382983,,10.1016/j.drup.2025.101251,MicroRNA-mediated PTEN downregulation as a novel non-genetic mechanism of acquired resistance to PI3Kα inhibitors of head & neck squamous cell carcinoma.,No automated full-text route was available at import time.,publisher_pdf_or_user_download,No NCBI PMCID found. Alternate open-access lookup is deferred during PMC-learning to keep early full-text import focused and fast.
pmid-40339228,40339228,,10.1016/j.biopha.2025.118147,Berberine promotes apoptosis and inhibits the migration of oral squamous carcinoma cells through inhibition of the RAGE/PI3K/AKT/mTOR pathway.,No automated full-text route was available at import time.,publisher_pdf_or_user_download,No NCBI PMCID found. Alternate open-access lookup is deferred during PMC-learning to keep early full-text import focused and fast.
pmid-40327992,40327992,,10.1016/j.biopha.2025.118121,Alpha lipoic acid modulates metabolic reprogramming in breast cancer stem cells enriched 3D spheroids by targeting phosphoinositide 3-kinase: In silico and in vitro insights.,No automated full-text route was available at import time.,publisher_pdf_or_user_download,No NCBI PMCID found. Alternate open-access lookup is deferred during PMC-learning to keep early full-text import focused and fast.
pmid-40295072,40295072,,10.21873/anticanres.17567,Development of Acquired Resistance in Alpelisib-treated Gastric Cancer Cells With PIK3CA Mutations and Overcoming Strategies.,No automated full-text route was available at import time.,publisher_pdf_or_user_download,No NCBI PMCID found. Alternate open-access lookup is deferred during PMC-learning to keep early full-text import focused and fast.
pmid-40257522,40257522,,10.1007/s11033-025-10523-1,Role of signaling pathways in endometrial cancer.,No automated full-text route was available at import time.,publisher_pdf_or_user_download,No NCBI PMCID found. Alternate open-access lookup is deferred during PMC-learning to keep early full-text import focused and fast.
pmid-40203765,40203765,,10.1016/j.ejca.2025.115397,"Inavolisib plus letrozole or fulvestrant in PIK3CA-mutated, hormone receptor-positive, HER2-negative advanced or metastatic breast cancer (GO39374): An open-label, multicentre, dose-escalation and dose-expansion phase 1/1b study.",No automated full-text route was available at import time.,publisher_pdf_or_user_download,No NCBI PMCID found. Alternate open-access lookup is deferred during PMC-learning to keep early full-text import focused and fast.
pmid-40163189,40163189,,10.1007/s11864-025-01310-y,Novel Estrogen Receptor - Targeted Therapies in Hormone-Receptor Positive Breast Cancer.,No automated full-text route was available at import time.,publisher_pdf_or_user_download,No NCBI PMCID found. Alternate open-access lookup is deferred during PMC-learning to keep early full-text import focused and fast.
pmid-40121890,40121890,,10.1016/j.ctrv.2025.102924,"Post-progression treatment options after CDK4/6 inhibitors in hormone receptor-positive, HER2-negative metastatic breast cancer.",No automated full-text route was available at import time.,publisher_pdf_or_user_download,No NCBI PMCID found. Alternate open-access lookup is deferred during PMC-learning to keep early full-text import focused and fast.
pmid-40049296,40049296,,10.1016/j.bcp.2025.116850,Strategic advancements in targeting the PI3K/AKT/mTOR pathway for Breast cancer therapy.,No automated full-text route was available at import time.,publisher_pdf_or_user_download,No NCBI PMCID found. Alternate open-access lookup is deferred during PMC-learning to keep early full-text import focused and fast.
pmid-40020984,40020984,,10.1016/j.ejphar.2025.177432,Targeting PI3K in cancer treatment: A comprehensive review with insights from clinical outcomes.,No automated full-text route was available at import time.,publisher_pdf_or_user_download,No NCBI PMCID found. Alternate open-access lookup is deferred during PMC-learning to keep early full-text import focused and fast.
pmid-40020834,40020834,,10.1016/j.ijbiomac.2025.141524,"COL1A1 promotes cell proliferation, cell cycle progression, and anoikis resistance in granulosa cells of chicken pre-ovulatory follicles.",No automated full-text route was available at import time.,publisher_pdf_or_user_download,No NCBI PMCID found. Alternate open-access lookup is deferred during PMC-learning to keep early full-text import focused and fast.
pmid-39971438,39971438,,10.1016/j.ijgc.2024.100054,Molecular tumor board for gynecologic malignancies: the real-world experience from the Department for Gynecology and Gynecologic Oncology of Kliniken Essen-Mitte.,No automated full-text route was available at import time.,publisher_pdf_or_user_download,No NCBI PMCID found. Alternate open-access lookup is deferred during PMC-learning to keep early full-text import focused and fast.
pmid-39883146,39883146,,10.14423/SMJ.0000000000001791,Alpelisib-Induced Hyperglycemia in PIK3CA(+) Breast Cancer Patients.,No automated full-text route was available at import time.,publisher_pdf_or_user_download,No NCBI PMCID found. Alternate open-access lookup is deferred during PMC-learning to keep early full-text import focused and fast.
pmid-39847172,39847172,,10.1007/s10637-025-01505-y,Efficacy of ramucirumab combined with erlotinib or osimertinib in untreated EGFR-mutated NSCLC patients with asymptomatic brain metastases: insights from molecular biomarkers in the RELAY-brain trial.,No automated full-text route was available at import time.,publisher_pdf_or_user_download,No NCBI PMCID found. Alternate open-access lookup is deferred during PMC-learning to keep early full-text import focused and fast.
pmid-39687977,39687977,,10.1111/his.15395,Recent advancements in biomarkers and molecular diagnostics in hormonal receptor-positive breast cancer.,No automated full-text route was available at import time.,publisher_pdf_or_user_download,No NCBI PMCID found. Alternate open-access lookup is deferred during PMC-learning to keep early full-text import focused and fast.
pmid-39662202,39662202,,10.1016/j.ctrv.2024.102861,PI3K/AKT/mTOR inhibitors for hormone receptor-positive advanced breast cancer.,No automated full-text route was available at import time.,publisher_pdf_or_user_download,No NCBI PMCID found. Alternate open-access lookup is deferred during PMC-learning to keep early full-text import focused and fast.
pmid-39313156,39313156,,10.1016/j.annonc.2024.09.010,"Acquired gene alterations in patients treated with ribociclib plus endocrine therapy or endocrine therapy alone using baseline and end-of-treatment circulating tumor DNA samples in the MONALEESA-2, -3, and -7 trials.",No automated full-text route was available at import time.,publisher_pdf_or_user_download,No NCBI PMCID found. Alternate open-access lookup is deferred during PMC-learning to keep early full-text import focused and fast.
pmid-39302579,39302579,,10.1007/s10549-024-07495-4,Genomic and transcriptomic landscape of HER2-low breast cancer.,No automated full-text route was available at import time.,publisher_pdf_or_user_download,No NCBI PMCID found. Alternate open-access lookup is deferred during PMC-learning to keep early full-text import focused and fast.
pmid-39213667,39213667,,10.3171/2024.5.JNS24393,"Long-term survivors in 976 supratentorial glioblastoma, IDH-wildtype patients.",No automated full-text route was available at import time.,publisher_pdf_or_user_download,No NCBI PMCID found. Alternate open-access lookup is deferred during PMC-learning to keep early full-text import focused and fast.
pmid-39171586,39171586,,10.2174/0109298673327425240815065221,A Perspective of PI3K/AKT/mTOR Pathway Inhibitors to Overcome Drug-resistance in Breast Cancer Therapy.,No automated full-text route was available at import time.,publisher_pdf_or_user_download,No NCBI PMCID found. Alternate open-access lookup is deferred during PMC-learning to keep early full-text import focused and fast.
pmid-39637900,39637900,,10.1016/S1470-2045(24)00673-9,"Alpelisib plus fulvestrant in PIK3CA-mutated, hormone receptor-positive advanced breast cancer after a CDK4/6 inhibitor (BYLieve): one cohort of a phase 2, multicentre, open-label, non-comparative study.",No automated full-text route was available at import time.,publisher_pdf_or_user_download,No NCBI PMCID found. Alternate open-access lookup is deferred during PMC-learning to keep early full-text import focused and fast.
pmid-39476340,39476340,,10.1056/NEJMoa2404625,Inavolisib-Based Therapy in PIK3CA-Mutated Advanced Breast Cancer.,No automated full-text route was available at import time.,publisher_pdf_or_user_download,No NCBI PMCID found. Alternate open-access lookup is deferred during PMC-learning to keep early full-text import focused and fast.
pmid-39214106,39214106,,10.1016/S1470-2045(24)00373-5,"Capivasertib and fulvestrant for patients with hormone receptor-positive, HER2-negative advanced breast cancer (CAPItello-291): patient-reported outcomes from a phase 3, randomised, double-blind, placebo-controlled trial.",No automated full-text route was available at import time.,publisher_pdf_or_user_download,No NCBI PMCID found. Alternate open-access lookup is deferred during PMC-learning to keep early full-text import focused and fast.
pmid-39128978,39128978,,10.1002/ijc.35126,Genomic alterations associated with resistance and circulating tumor DNA dynamics for early detection of progression on CDK4/6 inhibitor in advanced breast cancer.,No automated full-text route was available at import time.,publisher_pdf_or_user_download,No NCBI PMCID found. Alternate open-access lookup is deferred during PMC-learning to keep early full-text import focused and fast.
pmid-39098137,39098137,,10.1016/j.compbiolchem.2024.108164,Exploring SALL4 as a significant prognostic marker in breast cancer and its association with progression pathways involved in cancer genesis.,No automated full-text route was available at import time.,publisher_pdf_or_user_download,No NCBI PMCID found. Alternate open-access lookup is deferred during PMC-learning to keep early full-text import focused and fast.
pmid-38815877,38815877,,10.1016/j.critrevonc.2024.104404,Navigating the complexity of PI3K/AKT pathway in HER-2 negative breast cancer: biomarkers and beyond.,No automated full-text route was available at import time.,publisher_pdf_or_user_download,No NCBI PMCID found. Alternate open-access lookup is deferred during PMC-learning to keep early full-text import focused and fast.
pmid-38630555,38630555,,10.1158/1078-0432.CCR-23-2540,Overcoming Osimertinib Resistance with AKT Inhibition in EGFRm-Driven Non-Small Cell Lung Cancer with PIK3CA/PTEN Alterations.,No automated full-text route was available at import time.,publisher_pdf_or_user_download,No NCBI PMCID found. Alternate open-access lookup is deferred during PMC-learning to keep early full-text import focused and fast.
pmid-38547892,38547892,,10.1016/S1470-2045(24)00034-2,"Gedatolisib in combination with palbociclib and endocrine therapy in women with hormone receptor-positive, HER2-negative advanced breast cancer: results from the dose expansion groups of an open-label, phase 1b study.",No automated full-text route was available at import time.,publisher_pdf_or_user_download,No NCBI PMCID found. Alternate open-access lookup is deferred during PMC-learning to keep early full-text import focused and fast.
pmid-38531793,38531793,,10.24976/Discov.Med.202436182.49,Characterizing the Efficacy and Safety of Chemotherapy Plus Everolimus in HER2-Negative Metastatic Breast Cancer Harboring Altered PI3K/AKT/mTOR.,No automated full-text route was available at import time.,publisher_pdf_or_user_download,No NCBI PMCID found. Alternate open-access lookup is deferred during PMC-learning to keep early full-text import focused and fast.
pmid-38513188,38513188,,10.1200/JCO.23.01940,"PACE: A Randomized Phase II Study of Fulvestrant, Palbociclib, and Avelumab After Progression on Cyclin-Dependent Kinase 4/6 Inhibitor and Aromatase Inhibitor for Hormone Receptor-Positive/Human Epidermal Growth Factor Receptor-Negative Metastatic Breast Cancer.",No automated full-text route was available at import time.,publisher_pdf_or_user_download,No NCBI PMCID found. Alternate open-access lookup is deferred during PMC-learning to keep early full-text import focused and fast.
pmid-38432445,38432445,,10.1016/j.phrs.2024.107123,PIK3CA mutation as an acquired resistance driver to EGFR-TKIs in non-small cell lung cancer: Clinical challenges and opportunities.,No automated full-text route was available at import time.,publisher_pdf_or_user_download,No NCBI PMCID found. Alternate open-access lookup is deferred during PMC-learning to keep early full-text import focused and fast.
pmid-38427931,38427931,PMC10919481,10.1200/PO.23.00285,Mutational Analysis of Circulating Tumor DNA in Patients With Estrogen Receptor-Positive/Human Epidermal Growth Factor Receptor 2-Negative Advanced Breast Cancer Receiving Palbociclib: Results From the TREnd Trial.,Automated XML was unusable for normalization.,publisher_pdf_or_user_download,PMCID resolved from NCBI idconv. PMC XML body element is missing. Unusable XML deleted from run artifacts.
pmid-38277752,38277752,,10.1016/j.prp.2024.155142,Chromosome 3p gene alterations as biomarkers for immunocombinations in metastatic renal cell carcinoma: A hypothesis-generating analysis.,No automated full-text route was available at import time.,publisher_pdf_or_user_download,No NCBI PMCID found. Alternate open-access lookup is deferred during PMC-learning to keep early full-text import focused and fast.
pmid-38134388,38134388,,10.1002/adbi.202300541,Antitumor Activity and Mechanism of Terpenoids in Seaweeds Based on Literature Review and Network Pharmacology.,No automated full-text route was available at import time.,publisher_pdf_or_user_download,No NCBI PMCID found. Alternate open-access lookup is deferred during PMC-learning to keep early full-text import focused and fast.
pmid-38038965,38038965,,10.1158/0008-5472.CAN-23-1429,Serial Circulating Tumor DNA Analysis with a Tumor-Naïve Next-Generation Sequencing Panel Detects Minimal Residual Disease and Predicts Outcome in Ovarian Cancer.,No automated full-text route was available at import time.,publisher_pdf_or_user_download,No NCBI PMCID found. Alternate open-access lookup is deferred during PMC-learning to keep early full-text import focused and fast.
pmid-37944079,37944079,,10.1200/JCO.23.01193,"Trastuzumab Plus Gemcitabine-Cisplatin for Treatment-Naïve Human Epidermal Growth Factor Receptor 2-Positive Biliary Tract Adenocarcinoma: A Multicenter, Open-Label, Phase II Study (TAB).",No automated full-text route was available at import time.,publisher_pdf_or_user_download,No NCBI PMCID found. Alternate open-access lookup is deferred during PMC-learning to keep early full-text import focused and fast.
pmid-37875670,37875670,,10.1007/s10549-023-07144-2,Changes in cell-free DNA after short-term palbociclib and fulvestrant treatment for advanced or metastatic hormone receptor-positive and human epidermal growth factor 2-negative breast cancer.,No automated full-text route was available at import time.,publisher_pdf_or_user_download,No NCBI PMCID found. Alternate open-access lookup is deferred during PMC-learning to keep early full-text import focused and fast.
pmid-37721193,37721193,,10.1093/jjco/hyad123,Overall signature of acquired KRAS gene changes in advanced non-small cell lung cancer patient with EGFR-TKI resistance.,No automated full-text route was available at import time.,publisher_pdf_or_user_download,No NCBI PMCID found. Alternate open-access lookup is deferred during PMC-learning to keep early full-text import focused and fast.
pmid-38058840,38058840,PMC10695784,,Tracking of trastuzumab resistance in patients with HER2-positive metastatic gastric cancer by CTC liquid biopsy.,Automated XML was unusable for normalization.,publisher_pdf_or_user_download,PMCID resolved from NCBI idconv. PMC XML body element is missing. Unusable XML deleted from run artifacts.
pmid-38025143,38025143,PMC10681085,10.5863/1551-6776-28.7.590,Alpelisib: A Novel Agent for PIK3CA-Related Overgrowth Spectrum.,Automated XML was unusable for normalization.,publisher_pdf_or_user_download,PMCID resolved from NCBI idconv. PMC XML body element is missing. Unusable XML deleted from run artifacts.
pmid-37975961,37975961,,10.1007/s40261-023-01325-z,"Is Alpelisib Plus Fulvestrant Cost-Effective for Treating PIK3CA-Mutation, HR+/HER2- Advanced Breast Cancer in the USA?",No automated full-text route was available at import time.,publisher_pdf_or_user_download,No NCBI PMCID found. Alternate open-access lookup is deferred during PMC-learning to keep early full-text import focused and fast.
pmid-37927802,37927802,PMC10619564,10.21873/cdp.10264,"An Overview of Renal Cell Carcinoma Hallmarks, Drug Resistance, and Adjuvant Therapies.",Automated XML was unusable for normalization.,publisher_pdf_or_user_download,PMCID resolved from NCBI idconv. PMC XML body element is missing. Unusable XML deleted from run artifacts.
pmid-37316414,37316414,,10.1016/j.clgc.2023.05.007,Impact of Squamous Histology on Clinical Outcomes and Molecular Profiling in Metastatic Urothelial Carcinoma Patients Treated With Immune Checkpoint Inhibitors or Enfortumab Vedotin.,No automated full-text route was available at import time.,publisher_pdf_or_user_download,No NCBI PMCID found. Alternate open-access lookup is deferred during PMC-learning to keep early full-text import focused and fast.
pmid-37178049,37178049,,10.1002/jgm.3525,Prognostic analysis and validation of lncRNAs in bladder cancer on the basis of neutrophil extracellular traps.,No automated full-text route was available at import time.,publisher_pdf_or_user_download,No NCBI PMCID found. Alternate open-access lookup is deferred during PMC-learning to keep early full-text import focused and fast.
pmid-37000353,37000353,,10.1007/s12010-023-04424-x,Targeted Inhibition of Hsp90 in Combination with Metformin Modulates Programmed Cell Death Pathways in A549 Lung Cancer Cells.,No automated full-text route was available at import time.,publisher_pdf_or_user_download,No NCBI PMCID found. Alternate open-access lookup is deferred during PMC-learning to keep early full-text import focused and fast.
pmid-36914722,36914722,PMC10241926,10.1038/s41416-023-02221-1,The emerging role of PI3K inhibitors for solid tumour treatment and beyond.,Automated XML was unusable for normalization.,publisher_pdf_or_user_download,PMCID resolved from NCBI idconv. PMC XML body element is missing. Unusable XML deleted from run artifacts.
pmid-36788078,36788078,,10.1016/j.modpat.2022.100056,Early Triple-Negative Breast Cancers in a Singapore Cohort Exhibit High PIK3CA Mutation Rates Associated With Low PD-L1 Expression.,No automated full-text route was available at import time.,publisher_pdf_or_user_download,No NCBI PMCID found. Alternate open-access lookup is deferred during PMC-learning to keep early full-text import focused and fast.
pmid-36605843,36605843,PMC9807735,10.1007/s13691-022-00573-8,Lenvatinib-refractory thymic mucinous carcinoma with PIK3CA mutation.,Automated XML was unusable for normalization.,publisher_pdf_or_user_download,PMCID resolved from NCBI idconv. PMC XML body element is missing. Unusable XML deleted from run artifacts.
pmid-36319849,36319849,PMC9814377,10.1038/s41416-022-02032-w,PAK and PI3K pathway activation confers resistance to KRAS(G12C) inhibitor sotorasib.,Automated XML was unusable for normalization.,publisher_pdf_or_user_download,PMCID resolved from NCBI idconv. PMC XML body element is missing. Unusable XML deleted from run artifacts.
pmid-36195678,36195678,,10.1007/s00268-022-06738-z,Ferroptosis Inducers in Thyroid Cancer.,No automated full-text route was available at import time.,publisher_pdf_or_user_download,No NCBI PMCID found. Alternate open-access lookup is deferred during PMC-learning to keep early full-text import focused and fast.
pmid-36371022,36371022,,10.1016/j.mrrev.2022.108445,Clonal evolution and expansion associated with therapy resistance and relapse of colorectal cancer.,No automated full-text route was available at import time.,publisher_pdf_or_user_download,No NCBI PMCID found. Alternate open-access lookup is deferred during PMC-learning to keep early full-text import focused and fast.
pmid-36069292,36069292,,10.1002/cncr.34451,Efficacy and potential resistance mechanisms of afatinib in advanced non-small cell lung cancer patients with EGFR G719X/L861Q/S768I.,No automated full-text route was available at import time.,publisher_pdf_or_user_download,No NCBI PMCID found. Alternate open-access lookup is deferred during PMC-learning to keep early full-text import focused and fast.
pmid-35450470,35450470,,10.1177/10781552221096413,The efficacy and safety of alpelisib in breast cancer: A real-world analysis.,No automated full-text route was available at import time.,publisher_pdf_or_user_download,No NCBI PMCID found. Alternate open-access lookup is deferred during PMC-learning to keep early full-text import focused and fast.
pmid-35273917,35273917,PMC8904145,10.3389/fonc.2022.840843,Circulating Tumor DNA Mutations in Progressive Gastrointestinal Stromal Tumors Identify Biomarkers of Treatment Resistance and Uncover Potential Therapeutic Strategies.,Automated XML download failed.,publisher_pdf_or_user_download,"PMCID resolved from NCBI idconv. PMC download error: Command '['curl', '--silent', '--show-error', '--fail', '--location', '--max-time', '60', 'https://eutils.ncbi.nlm.nih.gov/entrez/eutils/efetch.fcgi?db=pmc&id=PMC8904145&retmode=xml']' returned non-zero exit status 56."
pmid-35179134,35179134,PMC9514747,10.1227/neu.0000000000001875,"Molecular, Histological, and Clinical Characteristics of Oligodendrogliomas: A Multi-Institutional Retrospective Study.",Automated XML was unusable for normalization.,publisher_pdf_or_user_download,PMCID resolved from NCBI idconv. PMC XML body element is missing. Unusable XML deleted from run artifacts.
pmid-35146800,35146800,,10.1111/bcp.15270,"Alpelisib to treat CLOVES syndrome, a member of the PIK3CA-related overgrowth syndrome spectrum.",No automated full-text route was available at import time.,publisher_pdf_or_user_download,No NCBI PMCID found. Alternate open-access lookup is deferred during PMC-learning to keep early full-text import focused and fast.
pmid-35138919,35138919,PMC8865530,10.1200/PO.21.00424,Phase II Study of Taselisib in PIK3CA-Mutated Solid Tumors Other Than Breast and Squamous Lung Cancer: Results From the NCI-MATCH ECOG-ACRIN Trial (EAY131) Subprotocol I.,Automated XML was unusable for normalization.,publisher_pdf_or_user_download,PMCID resolved from NCBI idconv. PMC XML body element is missing. Unusable XML deleted from run artifacts.
pmid-35133871,35133871,PMC9084438,10.1200/JCO.21.01648,Phase II Study of Copanlisib in Patients With Tumors With PIK3CA Mutations: Results From the NCI-MATCH ECOG-ACRIN Trial (EAY131) Subprotocol Z1F.,Automated XML was unusable for normalization.,publisher_pdf_or_user_download,PMCID resolved from NCBI idconv. PMC XML body element is missing. Unusable XML deleted from run artifacts.
pmid-35079221,35079221,PMC8779844,10.2147/JIR.S349186,Pyroptosis-Mediated Molecular Subtypes are Characterized by Distinct Tumor Microenvironment Infiltration Characteristics in Breast Cancer.,Automated XML download failed.,publisher_pdf_or_user_download,"PMCID resolved from NCBI idconv. PMC download error: Command '['curl', '--silent', '--show-error', '--fail', '--location', '--max-time', '60', 'https://eutils.ncbi.nlm.nih.gov/entrez/eutils/efetch.fcgi?db=pmc&id=PMC8779844&retmode=xml']' returned non-zero exit status 56."
pmid-35000092,35000092,,10.1007/s10549-021-06476-1,"Factors leading to alpelisib discontinuation in patients with hormone receptor positive, human epidermal growth factor receptor-2 negative breast cancer.",No automated full-text route was available at import time.,publisher_pdf_or_user_download,No NCBI PMCID found. Alternate open-access lookup is deferred during PMC-learning to keep early full-text import focused and fast.
pmid-34895867,34895867,,10.1016/j.euo.2021.11.002,Somatic Features of Response and Relapse in Non-muscle-invasive Bladder Cancer Treated with Bacillus Calmette-Guérin Immunotherapy.,No automated full-text route was available at import time.,publisher_pdf_or_user_download,No NCBI PMCID found. Alternate open-access lookup is deferred during PMC-learning to keep early full-text import focused and fast.
pmid-34773327,34773327,,10.1002/gcc.23012,Upfront progression under pembrolizumab followed by a complete response after encorafenib and cetuximab treatment in BRAF V600E-mutated and microsatellite unstable metastatic colorectal cancer patient: A case report.,No automated full-text route was available at import time.,publisher_pdf_or_user_download,No NCBI PMCID found. Alternate open-access lookup is deferred during PMC-learning to keep early full-text import focused and fast.
pmid-34509302,34509302,,10.1016/j.jnma.2021.08.034,Genetic characteristics and response to systemic therapies of acral lentiginous melanoma at a tertiary care center-a retrospective review.,No automated full-text route was available at import time.,publisher_pdf_or_user_download,No NCBI PMCID found. Alternate open-access lookup is deferred during PMC-learning to keep early full-text import focused and fast.
pmid-34353252,34353252,,10.2174/1389557521666210805104714,New Scope of Targeted Therapies in Lung Carcinoma.,No automated full-text route was available at import time.,publisher_pdf_or_user_download,No NCBI PMCID found. Alternate open-access lookup is deferred during PMC-learning to keep early full-text import focused and fast.
pmid-34986950,34986950,,10.1691/ph.2021.1820,Recent clinical advances in PI3K inhibitors on colorectal cancer.,No automated full-text route was available at import time.,publisher_pdf_or_user_download,No NCBI PMCID found. Alternate open-access lookup is deferred during PMC-learning to keep early full-text import focused and fast.
pmid-34765318,34765318,PMC8569340,,Chemoresistance in breast cancer: PI3K/Akt pathway inhibitors vs the current chemotherapy.,Automated XML was unusable for normalization.,publisher_pdf_or_user_download,PMCID resolved from NCBI idconv. PMC XML body element is missing. Unusable XML deleted from run artifacts.
pmid-34739635,34739635,,10.1007/s12032-021-01536-4,Molecular profile to guide personalized medicine in adult patients with primary brain tumors: results from the ProfiLER trial.,No automated full-text route was available at import time.,publisher_pdf_or_user_download,No NCBI PMCID found. Alternate open-access lookup is deferred during PMC-learning to keep early full-text import focused and fast.
pmid-34547385,34547385,,10.1016/j.phrs.2021.105900,Development of PI3K inhibitors: Advances in clinical trials and new strategies (Review).,No automated full-text route was available at import time.,publisher_pdf_or_user_download,No NCBI PMCID found. Alternate open-access lookup is deferred during PMC-learning to keep early full-text import focused and fast.
pmid-34503126,34503126,PMC8431047,10.3390/cancers13174317,Comprehensively Exploring the Mutational Landscape and Patterns of Genomic Evolution in Hypermutated Cancers.,Automated XML download failed.,publisher_pdf_or_user_download,"PMCID resolved from NCBI idconv. PMC download error: Command '['curl', '--silent', '--show-error', '--fail', '--location', '--max-time', '60', 'https://eutils.ncbi.nlm.nih.gov/entrez/eutils/efetch.fcgi?db=pmc&id=PMC8431047&retmode=xml']' returned non-zero exit status 56."
pmid-34480095,34480095,PMC8575785,10.1038/s41416-021-01526-3,Patterns of genomic change in residual disease after neoadjuvant chemotherapy for estrogen receptor-positive and HER2-negative breast cancer.,Automated XML was unusable for normalization.,publisher_pdf_or_user_download,PMCID resolved from NCBI idconv. PMC XML body element is missing. Unusable XML deleted from run artifacts.
pmid-34392186,34392186,,10.1016/j.ejca.2021.06.043,Resistance profiles of anaplastic lymphoma kinase tyrosine kinase inhibitors in advanced non-small-cell lung cancer: a multicenter study using targeted next-generation sequencing.,No automated full-text route was available at import time.,publisher_pdf_or_user_download,No NCBI PMCID found. Alternate open-access lookup is deferred during PMC-learning to keep early full-text import focused and fast.
pmid-34315006,34315006,,10.1016/j.cancergen.2021.06.007,Longitudinal change of genetic variations in cetuximab-treated metastatic colorectal cancer.,No automated full-text route was available at import time.,publisher_pdf_or_user_download,No NCBI PMCID found. Alternate open-access lookup is deferred during PMC-learning to keep early full-text import focused and fast.
pmid-34249454,34249454,PMC8263631,,Survival and prognosis analyses of concurrent PIK3CA mutations in EGFR mutant non-small cell lung cancer treated with EGFR tyrosine kinase inhibitors.,Automated XML was unusable for normalization.,publisher_pdf_or_user_download,PMCID resolved from NCBI idconv. PMC XML body element is missing. Unusable XML deleted from run artifacts.
pmid-34249433,34249433,PMC8263639,,A tipping-point for apoptosis following dual inhibition of HER2 signaling network by T-DM1 plus GDC-0980 maximizes anti-tumor efficacy.,Automated XML was unusable for normalization.,publisher_pdf_or_user_download,PMCID resolved from NCBI idconv. PMC XML body element is missing. Unusable XML deleted from run artifacts.
pmid-34157597,34157597,,10.1016/j.cancergen.2021.06.001,Molecular follow-up of first-line treatment by osimertinib in lung cancer: Importance of using appropriate tools for detecting EGFR resistance mutation C797S.,No automated full-text route was available at import time.,publisher_pdf_or_user_download,No NCBI PMCID found. Alternate open-access lookup is deferred during PMC-learning to keep early full-text import focused and fast.
pmid-34117553,34117553,,10.1007/s10147-021-01947-3,CAPP-seq analysis of circulating tumor DNA from patients with EGFR T790M-positive lung cancer after osimertinib.,No automated full-text route was available at import time.,publisher_pdf_or_user_download,No NCBI PMCID found. Alternate open-access lookup is deferred during PMC-learning to keep early full-text import focused and fast.
pmid-33865994,33865994,,10.1016/j.critrevonc.2021.103334,PI3K inhibition in breast cancer: Identifying and overcoming different flavors of resistance.,No automated full-text route was available at import time.,publisher_pdf_or_user_download,No NCBI PMCID found. Alternate open-access lookup is deferred during PMC-learning to keep early full-text import focused and fast.
pmid-33794293,33794293,,10.1016/j.annonc.2021.03.196,Plasma tumor gene conversions after one cycle abiraterone acetate for metastatic castration-resistant prostate cancer: a biomarker analysis of a multicenter international trial.,No automated full-text route was available at import time.,publisher_pdf_or_user_download,No NCBI PMCID found. Alternate open-access lookup is deferred during PMC-learning to keep early full-text import focused and fast.
pmid-33794206,33794206,,10.1016/S1470-2045(21)00034-6,"Alpelisib plus fulvestrant in PIK3CA-mutated, hormone receptor-positive advanced breast cancer after a CDK4/6 inhibitor (BYLieve): one cohort of a phase 2, multicentre, open-label, non-comparative study.",No automated full-text route was available at import time.,publisher_pdf_or_user_download,No NCBI PMCID found. Alternate open-access lookup is deferred during PMC-learning to keep early full-text import focused and fast.
pmid-33778906,33778906,,10.1245/s10434-021-09856-5,A Pilot Study Analyzing the Clinical Utility of Comprehensive Genomic Profiling Using Plasma Cell-Free DNA for Solid Tumor Patients in Japan (PROFILE Study).,No automated full-text route was available at import time.,publisher_pdf_or_user_download,No NCBI PMCID found. Alternate open-access lookup is deferred during PMC-learning to keep early full-text import focused and fast.
pmid-33744716,33744716,,10.1016/j.ejca.2021.01.052,Exploring the resistance mechanisms of second-line osimertinib and their prognostic implications using next-generation sequencing in patients with non-small-cell lung cancer.,No automated full-text route was available at import time.,publisher_pdf_or_user_download,No NCBI PMCID found. Alternate open-access lookup is deferred during PMC-learning to keep early full-text import focused and fast.
pmid-33723394,33723394,PMC8076303,10.1038/s41416-021-01293-1,PI3K activation promotes resistance to eribulin in HER2-negative breast cancer.,Automated XML was unusable for normalization.,publisher_pdf_or_user_download,PMCID resolved from NCBI idconv. PMC XML body element is missing. Unusable XML deleted from run artifacts.
pmid-33714778,33714778,,10.1016/j.lungcan.2021.03.006,Genomic alterations and clinical outcomes in patients with lung adenocarcinoma with transformation to small cell lung cancer after treatment with EGFR tyrosine kinase inhibitors: A multicenter retrospective study.,No automated full-text route was available at import time.,publisher_pdf_or_user_download,No NCBI PMCID found. Alternate open-access lookup is deferred during PMC-learning to keep early full-text import focused and fast.
pmid-33668025,33668025,,10.6004/jnccn.2021.7001,Durable Response to PD-1 Blockade in a Patient With Metastatic Pancreatic Undifferentiated Carcinoma With Osteoclast-Like Giant Cells.,No automated full-text route was available at import time.,publisher_pdf_or_user_download,No NCBI PMCID found. Alternate open-access lookup is deferred during PMC-learning to keep early full-text import focused and fast.
pmid-33622114,33622114,,10.1080/14656566.2021.1873952,"Alpelisib for the treatment of PIK3CA-mutated, hormone receptor-positive, HER2-negative metastatic breast cancer.",No automated full-text route was available at import time.,publisher_pdf_or_user_download,No NCBI PMCID found. Alternate open-access lookup is deferred during PMC-learning to keep early full-text import focused and fast.
pmid-33389015,33389015,PMC10991621,10.1007/s00262-020-02799-y,Discovery of acquired molecular signature on immune checkpoint inhibitors in paired tumor tissues.,Automated XML was unusable for normalization.,publisher_pdf_or_user_download,PMCID resolved from NCBI idconv. PMC XML body element is missing. Unusable XML deleted from run artifacts.
pmid-33323406,33323406,,10.1158/1078-0432.CCR-20-1566,The Use of Serial Circulating Tumor DNA to Detect Resistance Alterations in Progressive Metastatic Breast Cancer.,No automated full-text route was available at import time.,publisher_pdf_or_user_download,No NCBI PMCID found. Alternate open-access lookup is deferred during PMC-learning to keep early full-text import focused and fast.
pmid-33296125,33296125,PMC8018304,10.1002/onco.13631,"Phase I Study of Afatinib and Selumetinib in Patients with KRAS-Mutated Colorectal, Non-Small Cell Lung, and Pancreatic Cancer.",Automated XML was unusable for normalization.,publisher_pdf_or_user_download,PMCID resolved from NCBI idconv. PMC XML body element is missing. Unusable XML deleted from run artifacts.
pmid-33213227,33213227,,10.1080/17425255.2021.1844662,"A pharmacokinetic evaluation of alpelisib for the treatment of HR+, HER2-negative, PIK3CA-mutated advanced or metastatic breast cancer.",No automated full-text route was available at import time.,publisher_pdf_or_user_download,No NCBI PMCID found. Alternate open-access lookup is deferred during PMC-learning to keep early full-text import focused and fast.
pmid-33148674,33148674,,10.1158/1078-0432.CCR-20-2657,"Phase I Basket Study of Taselisib, an Isoform-Selective PI3K Inhibitor, in Patients with PIK3CA-Mutant Cancers.",No automated full-text route was available at import time.,publisher_pdf_or_user_download,No NCBI PMCID found. Alternate open-access lookup is deferred during PMC-learning to keep early full-text import focused and fast.
pmid-35663259,35663259,PMC9165573,10.36401/JIPO-20-5,"Case Report: Sustained Complete Response to PI3K Inhibition in a Patient with Metastatic Breast Cancer Harboring PIK3CA, NF1, and CDH1 Mutations.",Automated XML was unusable for normalization.,publisher_pdf_or_user_download,PMCID resolved from NCBI idconv. PMC XML body element is missing. Unusable XML deleted from run artifacts.
pmid-32947221,32947221,,10.1016/j.lungcan.2020.09.005,ERK phosphorylation as a marker of RAS activity and its prognostic value in non-small cell lung cancer.,No automated full-text route was available at import time.,publisher_pdf_or_user_download,No NCBI PMCID found. Alternate open-access lookup is deferred during PMC-learning to keep early full-text import focused and fast.
pmid-32901282,32901282,,10.1093/jalm/jfaa117,Plasma PIK3CA Mutation Testing in Advanced Breast Cancer Patients for Personalized Medicine: A Value Proposition.,No automated full-text route was available at import time.,publisher_pdf_or_user_download,No NCBI PMCID found. Alternate open-access lookup is deferred during PMC-learning to keep early full-text import focused and fast.
pmid-32875404,32875404,,10.1007/s11864-020-00783-3,Precision Medicine for Breast Cancer Utilizing Circulating Tumor DNA: It Is in the Blood.,No automated full-text route was available at import time.,publisher_pdf_or_user_download,No NCBI PMCID found. Alternate open-access lookup is deferred during PMC-learning to keep early full-text import focused and fast.
pmid-32799569,32799569,,10.1080/14737140.2020.1810573,Outcomes with anti-EGFR monoclonal antibodies in metastatic and recurrent anal squamous cell carcinoma.,No automated full-text route was available at import time.,publisher_pdf_or_user_download,No NCBI PMCID found. Alternate open-access lookup is deferred during PMC-learning to keep early full-text import focused and fast.
pmid-32705230,32705230,PMC7388413,10.3892/or.2020.7674,Selective inhibition of PI3K110α as a novel therapeutic strategy for cetuximab‑resistant oral squamous cell carcinoma.,Automated XML download failed.,publisher_pdf_or_user_download,"PMCID resolved from NCBI idconv. PMC download error: Command '['curl', '--silent', '--show-error', '--fail', '--location', '--max-time', '60', 'https://eutils.ncbi.nlm.nih.gov/entrez/eutils/efetch.fcgi?db=pmc&id=PMC7388413&retmode=xml']' returned non-zero exit status 56."
pmid-32658437,32658437,,10.7754/Clin.Lab.2019.191150,Next-Generation Sequencing of Plasma Cell-Free DNA for Treatment Monitoring in Advanced Head and Neck Cancer Patients.,No automated full-text route was available at import time.,publisher_pdf_or_user_download,No NCBI PMCID found. Alternate open-access lookup is deferred during PMC-learning to keep early full-text import focused and fast.
pmid-32416251,32416251,,10.1016/j.annonc.2020.05.001,Time course and management of key adverse events during the randomized phase III SOLAR-1 study of PI3K inhibitor alpelisib plus fulvestrant in patients with HR-positive advanced breast cancer.,No automated full-text route was available at import time.,publisher_pdf_or_user_download,No NCBI PMCID found. Alternate open-access lookup is deferred during PMC-learning to keep early full-text import focused and fast.
pmid-32385709,32385709,PMC7382655,10.1007/s00432-020-03239-1,Acquired resistance to osimertinib in patients with non-small-cell lung cancer: mechanisms and clinical outcomes.,Automated XML download failed.,publisher_pdf_or_user_download,"PMCID resolved from NCBI idconv. PMC download error: Command '['curl', '--silent', '--show-error', '--fail', '--location', '--max-time', '60', 'https://eutils.ncbi.nlm.nih.gov/entrez/eutils/efetch.fcgi?db=pmc&id=PMC7382655&retmode=xml']' returned non-zero exit status 56."
pmid-32376853,32376853,PMC7483889,10.1038/s41379-020-0560-x,KRAS amplification in metastatic colon cancer is associated with a history of inflammatory bowel disease and may confer resistance to anti-EGFR therapy.,Automated XML download failed.,publisher_pdf_or_user_download,"PMCID resolved from NCBI idconv. PMC download error: Command '['curl', '--silent', '--show-error', '--fail', '--location', '--max-time', '60', 'https://eutils.ncbi.nlm.nih.gov/entrez/eutils/efetch.fcgi?db=pmc&id=PMC7483889&retmode=xml']' returned non-zero exit status 56."
pmid-32016810,32016810,,10.1007/s12253-020-00796-1,mTOR in Lung Neoplasms.,No automated full-text route was available at import time.,publisher_pdf_or_user_download,No NCBI PMCID found. Alternate open-access lookup is deferred during PMC-learning to keep early full-text import focused and fast.
pmid-31903879,31903879,,10.2174/1568026620666200106141717,Isoform-Selective PI3K Inhibitors for Various Diseases.,No automated full-text route was available at import time.,publisher_pdf_or_user_download,No NCBI PMCID found. Alternate open-access lookup is deferred during PMC-learning to keep early full-text import focused and fast.
pmid-31898183,31898183,,10.1007/s10637-019-00889-y,A phase 2 clinical trial of the heat shock protein 90 (HSP 90) inhibitor ganetespib in patients with refractory advanced esophagogastric cancer.,No automated full-text route was available at import time.,publisher_pdf_or_user_download,No NCBI PMCID found. Alternate open-access lookup is deferred during PMC-learning to keep early full-text import focused and fast.
pmid-31837432,31837432,PMC7031679,10.1016/j.jmoldx.2019.10.008,Therapeutic Monitoring of Circulating DNA Mutations in Metastatic Cancer with Personalized Digital PCR.,Automated XML was unusable for normalization.,publisher_pdf_or_user_download,PMCID resolved from NCBI idconv. PMC XML body element is missing. Unusable XML deleted from run artifacts.
pmid-31822380,31822380,,10.1016/j.clgc.2019.10.022,TP53 Gain-of-Function Mutations in Circulating Tumor DNA in Men With Metastatic Castration-Resistant Prostate Cancer.,No automated full-text route was available at import time.,publisher_pdf_or_user_download,No NCBI PMCID found. Alternate open-access lookup is deferred during PMC-learning to keep early full-text import focused and fast.
pmid-31785230,31785230,,10.1016/j.bcp.2019.113729,PI3K/AKT/mTOR signaling as a molecular target in head and neck cancer.,No automated full-text route was available at import time.,publisher_pdf_or_user_download,No NCBI PMCID found. Alternate open-access lookup is deferred during PMC-learning to keep early full-text import focused and fast.
pmid-31780379,31780379,,10.1016/j.clbc.2019.06.017,Practical Treatment Strategies and Future Directions After Progression While Receiving CDK4/6 Inhibition and Endocrine Therapy in Advanced HR(+)/HER2(-) Breast Cancer.,No automated full-text route was available at import time.,publisher_pdf_or_user_download,No NCBI PMCID found. Alternate open-access lookup is deferred during PMC-learning to keep early full-text import focused and fast.
pmid-31754213,31754213,,10.1038/s41388-019-1104-z,Distinct co-acquired alterations and genomic evolution during TKI treatment in non-small-cell lung cancer patients with or without acquired T790M mutation.,No automated full-text route was available at import time.,publisher_pdf_or_user_download,No NCBI PMCID found. Alternate open-access lookup is deferred during PMC-learning to keep early full-text import focused and fast.
pmid-31550396,31550396,,10.1111/his.14001,Intratumour heterogeneity in endometrial serous carcinoma assessed by targeted sequencing and multiplex ligation-dependent probe amplification: a descriptive study.,No automated full-text route was available at import time.,publisher_pdf_or_user_download,No NCBI PMCID found. Alternate open-access lookup is deferred during PMC-learning to keep early full-text import focused and fast.
pmid-31506897,31506897,,10.1007/s10637-019-00814-3,A phase Ib study of a PI3Kinase inhibitor BKM120 in combination with panitumumab in patients with KRAS wild-type advanced colorectal cancer.,No automated full-text route was available at import time.,publisher_pdf_or_user_download,No NCBI PMCID found. Alternate open-access lookup is deferred during PMC-learning to keep early full-text import focused and fast.
pmid-31911865,31911865,PMC6943351,,"ER+ metastatic breast cancer: past, present, and a prescription for an apoptosis-targeted future.",Automated XML was unusable for normalization.,publisher_pdf_or_user_download,PMCID resolved from NCBI idconv. PMC XML body element is missing. Unusable XML deleted from run artifacts.
pmid-31654628,31654628,,10.1016/j.yexmp.2019.104314,Cervical cancer patients that respond to chemoradiation therapy display an intense tumor infiltrating immune profile before treatment.,No automated full-text route was available at import time.,publisher_pdf_or_user_download,No NCBI PMCID found. Alternate open-access lookup is deferred during PMC-learning to keep early full-text import focused and fast.
pmid-31632573,31632573,PMC6789267,,PIK3CA mutations contribute to fulvestrant resistance in ER-positive breast cancer.,Automated XML was unusable for normalization.,publisher_pdf_or_user_download,PMCID resolved from NCBI idconv. PMC XML body element is missing. Unusable XML deleted from run artifacts.
pmid-31632566,31632566,PMC6789227,,MiR-27b targets PI3K p110α to inhibit proliferation and migration in colorectal cancer stem cell.,Automated XML was unusable for normalization.,publisher_pdf_or_user_download,PMCID resolved from NCBI idconv. PMC XML body element is missing. Unusable XML deleted from run artifacts.
pmid-31439579,31439579,,10.1158/1078-0432.CCR-19-0508,"POSEIDON Trial Phase 1b Results: Safety, Efficacy and Circulating Tumor DNA Response of the Beta Isoform-Sparing PI3K Inhibitor Taselisib (GDC-0032) Combined with Tamoxifen in Hormone Receptor Positive Metastatic Breast Cancer Patients.",No automated full-text route was available at import time.,publisher_pdf_or_user_download,No NCBI PMCID found. Alternate open-access lookup is deferred during PMC-learning to keep early full-text import focused and fast.
pmid-31414729,31414729,PMC6775001,10.1111/1759-7714.13154,Plasma next generation sequencing and droplet digital PCR-based detection of epidermal growth factor receptor (EGFR) mutations in patients with advanced lung cancer treated with subsequent-line osimertinib.,Automated XML was unusable for normalization.,publisher_pdf_or_user_download,PMCID resolved from NCBI idconv. PMC XML body element is missing. Unusable XML deleted from run artifacts.
pmid-31407230,31407230,,10.1007/s10549-019-05400-y,Exploratory biomarker analysis from a phase II clinical trial of eribulin plus gemcitabine versus paclitaxel plus gemcitabine for HER2-negative metastatic breast cancer patients (KCSG BR13-11).,No automated full-text route was available at import time.,publisher_pdf_or_user_download,No NCBI PMCID found. Alternate open-access lookup is deferred during PMC-learning to keep early full-text import focused and fast.
pmid-31297647,31297647,,10.1007/s10549-019-05349-y,PIK3CA mutations early persistence in cell-free tumor DNA as a negative prognostic factor in metastatic breast cancer patients treated with hormonal therapy.,No automated full-text route was available at import time.,publisher_pdf_or_user_download,No NCBI PMCID found. Alternate open-access lookup is deferred during PMC-learning to keep early full-text import focused and fast.
pmid-31118140,31118140,,10.1016/j.ygyno.2019.05.003,"Results from a single arm, single stage phase II trial of trametinib and GSK2141795 in persistent or recurrent cervical cancer.",No automated full-text route was available at import time.,publisher_pdf_or_user_download,No NCBI PMCID found. Alternate open-access lookup is deferred during PMC-learning to keep early full-text import focused and fast.
pmid-31091374,31091374,,10.1056/NEJMoa1813904,"Alpelisib for PIK3CA-Mutated, Hormone Receptor-Positive Advanced Breast Cancer.",No automated full-text route was available at import time.,publisher_pdf_or_user_download,No NCBI PMCID found. Alternate open-access lookup is deferred during PMC-learning to keep early full-text import focused and fast.
pmid-30979589,30979589,,10.1016/j.ygyno.2019.03.260,"The MITO CERV-2 trial: A randomized phase II study of cetuximab plus carboplatin and paclitaxel, in advanced or recurrent cervical cancer.",No automated full-text route was available at import time.,publisher_pdf_or_user_download,No NCBI PMCID found. Alternate open-access lookup is deferred during PMC-learning to keep early full-text import focused and fast.
pmid-30967419,30967419,,10.1158/1078-0432.CCR-18-3691,Survival Following Chemotherapy in Ovarian Clear Cell Carcinoma Is Not Associated with Pathological Misclassification of Tumor Histotype.,No automated full-text route was available at import time.,publisher_pdf_or_user_download,No NCBI PMCID found. Alternate open-access lookup is deferred during PMC-learning to keep early full-text import focused and fast.
pmid-30840064,30840064,,10.1093/annonc/mdz082,"Phase II study of high-sensitivity genotyping of KRAS, NRAS, BRAF and PIK3CA to ultra-select metastatic colorectal cancer patients for panitumumab plus FOLFIRI: the ULTRA trial.",No automated full-text route was available at import time.,publisher_pdf_or_user_download,No NCBI PMCID found. Alternate open-access lookup is deferred during PMC-learning to keep early full-text import focused and fast.
pmid-30720867,30720867,,10.1002/ijc.32188,"Molecular alterations and poziotinib efficacy, a pan-HER inhibitor, in human epidermal growth factor receptor 2 (HER2)-positive breast cancers: Combined exploratory biomarker analysis from a phase II clinical trial of poziotinib for refractory HER2-positive breast cancer patients.",No automated full-text route was available at import time.,publisher_pdf_or_user_download,No NCBI PMCID found. Alternate open-access lookup is deferred during PMC-learning to keep early full-text import focused and fast.
pmid-30617129,30617129,,10.1158/1078-0432.CCR-18-1593,Low-pass Whole-genome Sequencing of Circulating Cell-free DNA Demonstrates Dynamic Changes in Genomic Copy Number in a Squamous Lung Cancer Clinical Cohort.,No automated full-text route was available at import time.,publisher_pdf_or_user_download,No NCBI PMCID found. Alternate open-access lookup is deferred during PMC-learning to keep early full-text import focused and fast.
pmid-30446465,30446465,,10.1016/j.urolonc.2018.10.016,EGFR mono-antibody salvage therapy for locally advanced and distant metastatic penile cancer: Clinical outcomes and genetic analysis.,No automated full-text route was available at import time.,publisher_pdf_or_user_download,No NCBI PMCID found. Alternate open-access lookup is deferred during PMC-learning to keep early full-text import focused and fast.
pmid-30269082,30269082,,10.1136/gutjnl-2018-316522,Liquid biopsies to track trastuzumab resistance in metastatic HER2-positive gastric cancer.,No automated full-text route was available at import time.,publisher_pdf_or_user_download,No NCBI PMCID found. Alternate open-access lookup is deferred during PMC-learning to keep early full-text import focused and fast.
pmid-31949629,31949629,PMC6963051,,Impact of next-generation sequencing (NGS) for primary endocrine resistance in breast cancer patients.,Automated XML was unusable for normalization.,publisher_pdf_or_user_download,PMCID resolved from NCBI idconv. PMC XML body element is missing. Unusable XML deleted from run artifacts.
pmid-30391779,30391779,,10.1016/j.ejca.2018.09.024,Re-evaluation of HER2 status in patients with HER2-positive advanced or recurrent gastric cancer refractory to trastuzumab (KSCC1604).,No automated full-text route was available at import time.,publisher_pdf_or_user_download,No NCBI PMCID found. Alternate open-access lookup is deferred during PMC-learning to keep early full-text import focused and fast.
pmid-29850984,29850984,,10.1007/s10549-018-4792-0,Phase I study of alpelisib (BYL-719) and trastuzumab emtansine (T-DM1) in HER2-positive metastatic breast cancer (MBC) after trastuzumab and taxane therapy.,No automated full-text route was available at import time.,publisher_pdf_or_user_download,No NCBI PMCID found. Alternate open-access lookup is deferred during PMC-learning to keep early full-text import focused and fast.
pmid-29748010,29748010,,10.1016/j.lungcan.2018.03.005,Canadian Cancer Trials Group (CCTG) IND211: A randomized trial of pelareorep (Reolysin) in patients with previously treated advanced or metastatic non-small cell lung cancer receiving standard salvage therapy.,No automated full-text route was available at import time.,publisher_pdf_or_user_download,No NCBI PMCID found. Alternate open-access lookup is deferred during PMC-learning to keep early full-text import focused and fast.
pmid-29698927,29698927,,10.1016/j.breast.2018.04.010,A randomized phase II trial of trastuzumab plus capecitabine versus lapatinib plus capecitabine in patients with HER2-positive metastatic breast cancer previously treated with trastuzumab and taxanes: WJOG6110B/ELTOP.,No automated full-text route was available at import time.,publisher_pdf_or_user_download,No NCBI PMCID found. Alternate open-access lookup is deferred during PMC-learning to keep early full-text import focused and fast.
pmid-29683790,29683790,PMC5993168,10.1200/JCO.2017.76.9992,Multicenter Phase IB Trial of Carboxyamidotriazole Orotate and Temozolomide for Recurrent and Newly Diagnosed Glioblastoma and Other Anaplastic Gliomas.,Automated XML was unusable for normalization.,publisher_pdf_or_user_download,PMCID resolved from NCBI idconv. PMC XML body element is missing. Unusable XML deleted from run artifacts.
pmid-29673906,29673906,,10.1016/j.purol.2018.03.008,Interest of next-generation sequencing in BCG-treated high-risk bladder cancer.,No automated full-text route was available at import time.,publisher_pdf_or_user_download,No NCBI PMCID found. Alternate open-access lookup is deferred during PMC-learning to keep early full-text import focused and fast.
pmid-29616128,29616128,PMC5876419,10.3892/ol.2018.8129,EGFR-TKI resistance and MAP17 are associated with cancer stem cell like properties.,Automated XML was unusable for normalization.,publisher_pdf_or_user_download,PMCID resolved from NCBI idconv. PMC XML body element is missing. Unusable XML deleted from run artifacts.
pmid-29581176,29581176,,10.1158/2159-8290.CD-17-0867,Identification of Pik3ca Mutation as a Genetic Driver of Prostate Cancer That Cooperates with Pten Loss to Accelerate Progression and Castration-Resistant Growth.,No automated full-text route was available at import time.,publisher_pdf_or_user_download,No NCBI PMCID found. Alternate open-access lookup is deferred during PMC-learning to keep early full-text import focused and fast.
pmid-29550144,29550144,,10.1016/j.abb.2018.03.015,miR-19b-3p inhibits breast cancer cell proliferation and reverses saracatinib-resistance by regulating PI3K/Akt pathway.,No automated full-text route was available at import time.,publisher_pdf_or_user_download,No NCBI PMCID found. Alternate open-access lookup is deferred during PMC-learning to keep early full-text import focused and fast.
pmid-29470838,29470838,,10.1007/s40261-018-0629-1,First-Line Cetuximab Monotherapy in KRAS/NRAS/BRAF Mutation-Negative Colorectal Cancer Patients.,No automated full-text route was available at import time.,publisher_pdf_or_user_download,No NCBI PMCID found. Alternate open-access lookup is deferred during PMC-learning to keep early full-text import focused and fast.
pmid-29386312,29386312,PMC5947455,10.1634/theoncologist.2017-0342,Tumor Mutational Burden Guides Therapy in a Treatment Refractory POLE-Mutant Uterine Carcinosarcoma.,Automated XML was unusable for normalization.,publisher_pdf_or_user_download,PMCID resolved from NCBI idconv. PMC XML body element is missing. Unusable XML deleted from run artifacts.
pmid-29224898,29224898,,10.1016/j.clon.2017.11.011,Clinical Outcome of Patients with Advanced Biliary Tract Cancer in a Dedicated Phase I Unit.,No automated full-text route was available at import time.,publisher_pdf_or_user_download,No NCBI PMCID found. Alternate open-access lookup is deferred during PMC-learning to keep early full-text import focused and fast.
pmid-29223745,29223745,,10.1016/S1470-2045(17)30688-5,"Buparlisib plus fulvestrant in postmenopausal women with hormone-receptor-positive, HER2-negative, advanced breast cancer progressing on or after mTOR inhibition (BELLE-3): a randomised, double-blind, placebo-controlled, phase 3 trial.",No automated full-text route was available at import time.,publisher_pdf_or_user_download,No NCBI PMCID found. Alternate open-access lookup is deferred during PMC-learning to keep early full-text import focused and fast.
pmid-29110101,29110101,,10.1007/s10147-017-1211-1,Histological transformation after acquired resistance to epidermal growth factor tyrosine kinase inhibitors.,No automated full-text route was available at import time.,publisher_pdf_or_user_download,No NCBI PMCID found. Alternate open-access lookup is deferred during PMC-learning to keep early full-text import focused and fast.
pmid-29027537,29027537,,10.1038/modpathol.2017.120,Optimal detection of clinically relevant mutations in colorectal carcinoma: sample pooling overcomes intra-tumoral heterogeneity.,No automated full-text route was available at import time.,publisher_pdf_or_user_download,No NCBI PMCID found. Alternate open-access lookup is deferred during PMC-learning to keep early full-text import focused and fast.
pmid-28841389,28841389,,10.1200/JCO.2017.74.7576,Osimertinib As First-Line Treatment of EGFR Mutation-Positive Advanced Non-Small-Cell Lung Cancer.,No automated full-text route was available at import time.,publisher_pdf_or_user_download,No NCBI PMCID found. Alternate open-access lookup is deferred during PMC-learning to keep early full-text import focused and fast.
pmid-28263231,28263231,,10.1097/COC.0000000000000376,Appendix-derived Pseudomyxoma Peritonei (PMP): Molecular Profiling Toward Treatment of a Rare Malignancy.,No automated full-text route was available at import time.,publisher_pdf_or_user_download,No NCBI PMCID found. Alternate open-access lookup is deferred during PMC-learning to keep early full-text import focused and fast.
pmid-28854070,28854070,PMC5648176,10.1200/JCO.2017.73.3246,First-in-Human Phase I Study of the Tamoxifen Metabolite Z-Endoxifen in Women With Endocrine-Refractory Metastatic Breast Cancer.,Automated XML was unusable for normalization.,publisher_pdf_or_user_download,PMCID resolved from NCBI idconv. PMC XML body element is missing. Unusable XML deleted from run artifacts.
pmid-28782530,28782530,,10.1016/j.lfs.2017.08.001,"Chemotherapeutics-resistance ""arms"" race: An update on mechanisms involved in resistance limiting EGFR inhibitors in lung cancer.",No automated full-text route was available at import time.,publisher_pdf_or_user_download,No NCBI PMCID found. Alternate open-access lookup is deferred during PMC-learning to keep early full-text import focused and fast.
pmid-28685087,28685087,PMC5492775,10.3892/mco.2017.1270,Heterogeneity in the colorectal primary tumor and the synchronous resected liver metastases prior to and after treatment with an anti-EGFR monoclonal antibody.,Automated XML was unusable for normalization.,publisher_pdf_or_user_download,PMCID resolved from NCBI idconv. PMC XML body element is missing. Unusable XML deleted from run artifacts.
pmid-28587748,28587748,,10.1016/j.ygyno.2017.05.038,Liquid biopsy of PIK3CA mutations in cervical cancer in Hong Kong Chinese women.,No automated full-text route was available at import time.,publisher_pdf_or_user_download,No NCBI PMCID found. Alternate open-access lookup is deferred during PMC-learning to keep early full-text import focused and fast.
pmid-28537764,28537764,,10.1200/JCO.2016.70.3934,Gefitinib and EGFR Gene Copy Number Aberrations in Esophageal Cancer.,No automated full-text route was available at import time.,publisher_pdf_or_user_download,No NCBI PMCID found. Alternate open-access lookup is deferred during PMC-learning to keep early full-text import focused and fast.
pmid-28495808,28495808,PMC5507647,10.1634/theoncologist.2016-0287,Comprehensive Genomic Profiling of Esthesioneuroblastoma Reveals Additional Treatment Options.,Automated XML was unusable for normalization.,publisher_pdf_or_user_download,PMCID resolved from NCBI idconv. PMC XML body element is missing. Unusable XML deleted from run artifacts.
pmid-28413127,28413127,,10.1016/j.eururo.2017.03.046,Evolution of Circulating Tumor DNA Profile from First-line to Subsequent Therapy in Metastatic Renal Cell Carcinoma.,No automated full-text route was available at import time.,publisher_pdf_or_user_download,No NCBI PMCID found. Alternate open-access lookup is deferred during PMC-learning to keep early full-text import focused and fast.
pmid-28363898,28363898,,10.1136/jclinpath-2017-204370,There is still a role for cytology in the 'liquid biopsy' era. A lesson from a TKI-treated patient showing adenocarcinoma to squamous cell carcinoma transition during disease progression.,No automated full-text route was available at import time.,publisher_pdf_or_user_download,No NCBI PMCID found. Alternate open-access lookup is deferred during PMC-learning to keep early full-text import focused and fast.
pmid-28280620,28280620,PMC5334061,10.21037/jgo.2017.01.14,"Potential actionable targets in appendiceal cancer detected by immunohistochemistry, fluorescent in situ hybridization, and mutational analysis.",Automated XML was unusable for normalization.,publisher_pdf_or_user_download,PMCID resolved from NCBI idconv. PMC XML body element is missing. Unusable XML deleted from run artifacts.
pmid-28256213,28256213,,10.1016/j.pathol.2016.12.345,Update on molecular findings in rhabdomyosarcoma.,No automated full-text route was available at import time.,publisher_pdf_or_user_download,No NCBI PMCID found. Alternate open-access lookup is deferred during PMC-learning to keep early full-text import focused and fast.
pmid-28219202,28219202,,10.3760/cma.j.issn.0253-3766.2017.02.004,[Precision treatment after resistance to first-generation EGFR-TKI in patients with non-small cell lung cancer].,No automated full-text route was available at import time.,publisher_pdf_or_user_download,No NCBI PMCID found. Alternate open-access lookup is deferred during PMC-learning to keep early full-text import focused and fast.
pmid-28188446,28188446,,10.1007/s11523-017-0479-4,Treatment Options for EGFR T790M-Negative EGFR Tyrosine Kinase Inhibitor-Resistant Non-Small Cell Lung Cancer.,No automated full-text route was available at import time.,publisher_pdf_or_user_download,No NCBI PMCID found. Alternate open-access lookup is deferred during PMC-learning to keep early full-text import focused and fast.
pmid-28108151,28108151,,10.1016/j.eururo.2017.01.021,A Functional Genetic Screen Identifies the Phosphoinositide 3-kinase Pathway as a Determinant of Resistance to Fibroblast Growth Factor Receptor Inhibitors in FGFR Mutant Urothelial Cell Carcinoma.,No automated full-text route was available at import time.,publisher_pdf_or_user_download,No NCBI PMCID found. Alternate open-access lookup is deferred during PMC-learning to keep early full-text import focused and fast.
pmid-28069289,28069289,,10.1016/j.eururo.2016.12.016,Liquid Biopsy Analysis of FGFR3 and PIK3CA Hotspot Mutations for Disease Surveillance in Bladder Cancer.,No automated full-text route was available at import time.,publisher_pdf_or_user_download,No NCBI PMCID found. Alternate open-access lookup is deferred during PMC-learning to keep early full-text import focused and fast.
pmid-28062115,28062115,,10.1016/j.ygyno.2016.12.002,Genotype-matched treatment for patients with advanced type I epithelial ovarian cancer (EOC).,No automated full-text route was available at import time.,publisher_pdf_or_user_download,No NCBI PMCID found. Alternate open-access lookup is deferred during PMC-learning to keep early full-text import focused and fast.
pmid-28031425,28031425,,10.1158/1078-0432.CCR-16-1764,Phase Ib Study of Safety and Pharmacokinetics of the PI3K Inhibitor SAR245408 with the HER3-Neutralizing Human Antibody SAR256212 in Patients with Solid Tumors.,No automated full-text route was available at import time.,publisher_pdf_or_user_download,No NCBI PMCID found. Alternate open-access lookup is deferred during PMC-learning to keep early full-text import focused and fast.
pmid-27965317,27965317,,10.1158/0008-5472.CAN-16-1578,Cell-Specific Computational Modeling of the PIM Pathway in Acute Myeloid Leukemia.,No automated full-text route was available at import time.,publisher_pdf_or_user_download,No NCBI PMCID found. Alternate open-access lookup is deferred during PMC-learning to keep early full-text import focused and fast.
pmid-27879995,27879995,,10.1002/ijc.30507,EGFR gene copy number predicts response to anti-EGFR treatment in RAS wild type and RAS/BRAF/PIK3CA wild type metastatic colorectal cancer.,No automated full-text route was available at import time.,publisher_pdf_or_user_download,No NCBI PMCID found. Alternate open-access lookup is deferred during PMC-learning to keep early full-text import focused and fast.
pmid-27575422,27575422,,10.1016/j.jtho.2016.08.137,High Prevalence of Concomitant Oncogene Mutations in Prospectively Identified Patients with ROS1-Positive Metastatic Lung Cancer.,No automated full-text route was available at import time.,publisher_pdf_or_user_download,No NCBI PMCID found. Alternate open-access lookup is deferred during PMC-learning to keep early full-text import focused and fast.
pmid-27682134,27682134,PMC5189622,10.1634/theoncologist.2016-0148,Broad Detection of Alterations Predicted to Confer Lack of Benefit From EGFR Antibodies or Sensitivity to Targeted Therapy in Advanced Colorectal Cancer.,Automated XML was unusable for normalization.,publisher_pdf_or_user_download,PMCID resolved from NCBI idconv. PMC XML body element is missing. Unusable XML deleted from run artifacts.
pmid-27630154,27630154,,10.1373/clinchem.2016.260299,Accession of Tumor Heterogeneity by Multiplex Transcriptome Profiling of Single Circulating Tumor Cells.,No automated full-text route was available at import time.,publisher_pdf_or_user_download,No NCBI PMCID found. Alternate open-access lookup is deferred during PMC-learning to keep early full-text import focused and fast.
pmid-27491861,27491861,PMC5423197,10.1016/j.molonc.2016.07.004,LRG1 mRNA expression in breast cancer associates with PIK3CA genotype and with aromatase inhibitor therapy outcome.,Automated XML was unusable for normalization.,publisher_pdf_or_user_download,PMCID resolved from NCBI idconv. PMC XML body element is missing. Unusable XML deleted from run artifacts.
pmid-27233940,27233940,,10.1016/j.prp.2016.05.002,"Lobular breast cancer: Clinical, molecular and morphological characteristics.",No automated full-text route was available at import time.,publisher_pdf_or_user_download,No NCBI PMCID found. Alternate open-access lookup is deferred during PMC-learning to keep early full-text import focused and fast.
pmid-27171498,27171498,,10.1002/path.4743,Suppression of SPIN1-mediated PI3K-Akt pathway by miR-489 increases chemosensitivity in breast cancer.,No automated full-text route was available at import time.,publisher_pdf_or_user_download,No NCBI PMCID found. Alternate open-access lookup is deferred during PMC-learning to keep early full-text import focused and fast.
pmid-27133750,27133750,,10.1016/j.lungcan.2016.03.009,Morphological and genetic heterogeneity in multifocal lung adenocarcinoma: The case of a never-smoker woman.,No automated full-text route was available at import time.,publisher_pdf_or_user_download,No NCBI PMCID found. Alternate open-access lookup is deferred during PMC-learning to keep early full-text import focused and fast.
pmid-27091708,27091708,,10.1200/JCO.2015.63.9161,Molecular Alterations and Everolimus Efficacy in Human Epidermal Growth Factor Receptor 2-Overexpressing Metastatic Breast Cancers: Combined Exploratory Biomarker Analysis From BOLERO-1 and BOLERO-3.,No automated full-text route was available at import time.,publisher_pdf_or_user_download,No NCBI PMCID found. Alternate open-access lookup is deferred during PMC-learning to keep early full-text import focused and fast.
pmid-27056568,27056568,,10.1007/s00428-016-1931-z,"Deciphering intra-tumor heterogeneity of lung adenocarcinoma confirms that dominant, branching, and private gene mutations occur within individual tumor nodules.",No automated full-text route was available at import time.,publisher_pdf_or_user_download,No NCBI PMCID found. Alternate open-access lookup is deferred during PMC-learning to keep early full-text import focused and fast.
pmid-27002107,27002107,,10.1093/annonc/mdw136,Cetuximab continuation after first progression in metastatic colorectal cancer (CAPRI-GOIM): a randomized phase II trial of FOLFOX plus cetuximab versus FOLFOX.,No automated full-text route was available at import time.,publisher_pdf_or_user_download,No NCBI PMCID found. Alternate open-access lookup is deferred during PMC-learning to keep early full-text import focused and fast.
pmid-26947331,26947331,,10.1016/S1470-2045(15)00613-0,"Fulvestrant plus palbociclib versus fulvestrant plus placebo for treatment of hormone-receptor-positive, HER2-negative metastatic breast cancer that progressed on previous endocrine therapy (PALOMA-3): final analysis of the multicentre, double-blind, phase 3 randomised controlled trial.",No automated full-text route was available at import time.,publisher_pdf_or_user_download,No NCBI PMCID found. Alternate open-access lookup is deferred during PMC-learning to keep early full-text import focused and fast.
pmid-26747178,26747178,,10.1007/s13277-015-4691-5,PIK3CA and PIK3CB silencing by RNAi reverse MDR and inhibit tumorigenic properties in human colorectal carcinoma.,No automated full-text route was available at import time.,publisher_pdf_or_user_download,No NCBI PMCID found. Alternate open-access lookup is deferred during PMC-learning to keep early full-text import focused and fast.
pmid-26667234,26667234,,10.1007/s10549-015-3635-5,Cell-free DNA as a molecular tool for monitoring disease progression and response to therapy in breast cancer patients.,No automated full-text route was available at import time.,publisher_pdf_or_user_download,No NCBI PMCID found. Alternate open-access lookup is deferred during PMC-learning to keep early full-text import focused and fast.
pmid-26315966,26315966,,10.1007/s11523-015-0383-8,Molecular and Histological Changes in Post-Treatment Biopsies of Non-Squamous Non-Small Cell Lung Cancer: A Retrospective Study.,No automated full-text route was available at import time.,publisher_pdf_or_user_download,No NCBI PMCID found. Alternate open-access lookup is deferred during PMC-learning to keep early full-text import focused and fast.
pmid-26224873,26224873,,10.1158/1078-0432.CCR-14-3081,Tankyrase Inhibition Blocks Wnt/β-Catenin Pathway and Reverts Resistance to PI3K and AKT Inhibitors in the Treatment of Colorectal Cancer.,No automated full-text route was available at import time.,publisher_pdf_or_user_download,No NCBI PMCID found. Alternate open-access lookup is deferred during PMC-learning to keep early full-text import focused and fast.
pmid-26537074,26537074,,,High selectivity of PI3Kβ inhibitors in SETD2-mutated renal clear cell carcinoma.,No automated full-text route was available at import time.,publisher_pdf_or_user_download,No NCBI PMCID found. Alternate open-access lookup is deferred during PMC-learning to keep early full-text import focused and fast.
pmid-26400847,26400847,,10.1007/s10549-015-3578-x,Non-HER2 signaling pathways activated in resistance to anti-HER2 therapy in breast cancer.,No automated full-text route was available at import time.,publisher_pdf_or_user_download,No NCBI PMCID found. Alternate open-access lookup is deferred during PMC-learning to keep early full-text import focused and fast.
pmid-26257318,26257318,,10.2217/pgs.15.88,De novo resistance biomarkers to anti-HER2 therapies in HER2-positive breast cancer.,No automated full-text route was available at import time.,publisher_pdf_or_user_download,No NCBI PMCID found. Alternate open-access lookup is deferred during PMC-learning to keep early full-text import focused and fast.
pmid-26247526,26247526,,10.5114/pjp.2015.53009,"Prognostic value of PIK3CA mutation status, PTEN and androgen receptor expression for metastasis-free survival in HER2-positive breast cancer patients treated with trastuzumab in adjuvant setting.",No automated full-text route was available at import time.,publisher_pdf_or_user_download,No NCBI PMCID found. Alternate open-access lookup is deferred during PMC-learning to keep early full-text import focused and fast.
pmid-26187428,26187428,,10.1016/j.lungcan.2015.06.021,Emergence of RET rearrangement co-existing with activated EGFR mutation in EGFR-mutated NSCLC patients who had progressed on first- or second-generation EGFR TKI.,No automated full-text route was available at import time.,publisher_pdf_or_user_download,No NCBI PMCID found. Alternate open-access lookup is deferred during PMC-learning to keep early full-text import focused and fast.
pmid-26137013,26137013,PMC4467216,10.3892/ol.2015.2980,Somatic mutations in glioblastoma are associated with methylguanine-DNA methyltransferase methylation.,Automated XML was unusable for normalization.,publisher_pdf_or_user_download,PMCID resolved from NCBI idconv. PMC XML body element is missing. Unusable XML deleted from run artifacts.
pmid-26084990,26084990,,10.1007/s10637-015-0264-0,Multicenter phase II study of the AKT inhibitor MK-2206 in recurrent or metastatic nasopharyngeal carcinoma from patients in the mayo phase II consortium and the cancer therapeutics research group (MC1079).,No automated full-text route was available at import time.,publisher_pdf_or_user_download,No NCBI PMCID found. Alternate open-access lookup is deferred during PMC-learning to keep early full-text import focused and fast.
pmid-26019172,26019172,,10.1158/1078-0432.CCR-15-0211,Maintenance Treatment with Cetuximab and BAY86-9766 Increases Antitumor Efficacy of Irinotecan plus Cetuximab in Human Colorectal Cancer Xenograft Models.,No automated full-text route was available at import time.,publisher_pdf_or_user_download,No NCBI PMCID found. Alternate open-access lookup is deferred during PMC-learning to keep early full-text import focused and fast.
pmid-25724261,25724261,,10.1016/j.lungcan.2015.01.023,Multiple resistant factors in lung cancer with primary resistance to EGFR-TK inhibitors confer poor survival.,No automated full-text route was available at import time.,publisher_pdf_or_user_download,No NCBI PMCID found. Alternate open-access lookup is deferred during PMC-learning to keep early full-text import focused and fast.
pmid-25641339,25641339,,10.1016/j.canlet.2015.01.024,Genetic profiling of advanced radioactive iodine-resistant differentiated thyroid cancer and correlation with axitinib efficacy.,No automated full-text route was available at import time.,publisher_pdf_or_user_download,No NCBI PMCID found. Alternate open-access lookup is deferred during PMC-learning to keep early full-text import focused and fast.
pmid-25636880,25636880,,10.1016/j.phymed.2014.11.011,Pharmacogenomic and molecular docking studies on the cytotoxicity of the natural steroid wortmannin against multidrug-resistant tumor cells.,No automated full-text route was available at import time.,publisher_pdf_or_user_download,No NCBI PMCID found. Alternate open-access lookup is deferred during PMC-learning to keep early full-text import focused and fast.
pmid-25605819,25605819,PMC4588751,10.1093/neuonc/nou365,Phase II study of PX-866 in recurrent glioblastoma.,Automated XML was unusable for normalization.,publisher_pdf_or_user_download,PMCID resolved from NCBI idconv. PMC XML body element is missing. Unusable XML deleted from run artifacts.
pmid-25453219,25453219,,10.1016/j.jbior.2014.09.016,"Roles of signaling pathways in drug resistance, cancer initiating cells and cancer progression and metastasis.",No automated full-text route was available at import time.,publisher_pdf_or_user_download,No NCBI PMCID found. Alternate open-access lookup is deferred during PMC-learning to keep early full-text import focused and fast.
pmid-25450577,25450577,,10.1016/j.bbcan.2014.09.008,Portrait of the PI3K/AKT pathway in colorectal cancer.,No automated full-text route was available at import time.,publisher_pdf_or_user_download,No NCBI PMCID found. Alternate open-access lookup is deferred during PMC-learning to keep early full-text import focused and fast.
pmid-24469053,24469053,,10.1038/onc.2013.593,TRIM24 promotes glioma progression and enhances chemoresistance through activation of the PI3K/Akt signaling pathway.,No automated full-text route was available at import time.,publisher_pdf_or_user_download,No NCBI PMCID found. Alternate open-access lookup is deferred during PMC-learning to keep early full-text import focused and fast.
pmid-24421178,24421178,,10.1002/hed.23604,PI3K/PTEN/AKT/mTOR polymorphisms: association with clinical outcome in patients with head and neck squamous cell carcinoma receiving cetuximab-docetaxel.,No automated full-text route was available at import time.,publisher_pdf_or_user_download,No NCBI PMCID found. Alternate open-access lookup is deferred during PMC-learning to keep early full-text import focused and fast.
pmid-24347284,24347284,,10.1002/mc.22125,PIK3CA gene alterations in bladder cancer are frequent and associate with reduced recurrence in non-muscle invasive tumors.,No automated full-text route was available at import time.,publisher_pdf_or_user_download,No NCBI PMCID found. Alternate open-access lookup is deferred during PMC-learning to keep early full-text import focused and fast.
pmid-25550888,25550888,PMC4270546,,PIK3CA and PIK3CB expression and relationship with multidrug resistance in colorectal carcinoma.,Automated XML was unusable for normalization.,publisher_pdf_or_user_download,PMCID resolved from NCBI idconv. PMC XML body element is missing. Unusable XML deleted from run artifacts.
pmid-25398847,25398847,,10.1158/1078-0432.CCR-14-0149,PIK3CA mutational status in circulating tumor cells can change during disease recurrence or progression in patients with breast cancer.,No automated full-text route was available at import time.,publisher_pdf_or_user_download,No NCBI PMCID found. Alternate open-access lookup is deferred during PMC-learning to keep early full-text import focused and fast.
pmid-25285632,25285632,,10.1016/j.bbrc.2014.09.129,An IL6-STAT3 loop mediates resistance to PI3K inhibitors by inducing epithelial-mesenchymal transition and cancer stem cell expansion in human breast cancer cells.,No automated full-text route was available at import time.,publisher_pdf_or_user_download,No NCBI PMCID found. Alternate open-access lookup is deferred during PMC-learning to keep early full-text import focused and fast.
pmid-25195596,25195596,PMC4429698,10.1038/mt.2014.174,Lentiviral vector-based insertional mutagenesis identifies genes involved in the resistance to targeted anticancer therapies.,Automated XML was unusable for normalization.,publisher_pdf_or_user_download,PMCID resolved from NCBI idconv. PMC XML body element is missing. Unusable XML deleted from run artifacts.
pmid-25104442,25104442,,10.1007/s10549-014-3080-x,"Changes in PIK3CA mutation status are not associated with recurrence, metastatic disease or progression in endocrine-treated breast cancer.",No automated full-text route was available at import time.,publisher_pdf_or_user_download,No NCBI PMCID found. Alternate open-access lookup is deferred during PMC-learning to keep early full-text import focused and fast.
pmid-24758538,24758538,,10.2174/1568026614666140423121525,The Emerging Role of NRAS Mutations in Colorectal Cancer Patients Selected for Anti-EGFR Therapies.,No automated full-text route was available at import time.,publisher_pdf_or_user_download,No NCBI PMCID found. Alternate open-access lookup is deferred during PMC-learning to keep early full-text import focused and fast.
pmid-24735368,24735368,,10.2174/0929867321666140414100127,Targeting drug-resistant prostate cancer with dual PI3K/mTOR inhibition.,No automated full-text route was available at import time.,publisher_pdf_or_user_download,No NCBI PMCID found. Alternate open-access lookup is deferred during PMC-learning to keep early full-text import focused and fast.
pmid-24663045,24663045,PMC3986383,10.1200/JCO.2013.54.0518,Stand up to cancer phase Ib study of pan-phosphoinositide-3-kinase inhibitor buparlisib with letrozole in estrogen receptor-positive/human epidermal growth factor receptor 2-negative metastatic breast cancer.,Automated XML was unusable for normalization.,publisher_pdf_or_user_download,PMCID resolved from NCBI idconv. PMC XML body element is missing. Unusable XML deleted from run artifacts.
pmid-24597478,24597478,PMC4080979,10.1111/bph.12668,Increased drug resistance is associated with reduced glucose levels and an enhanced glycolysis phenotype.,Automated XML was unusable for normalization.,publisher_pdf_or_user_download,PMCID resolved from NCBI idconv. PMC XML body element is missing. Unusable XML deleted from run artifacts.
pmid-24595598,24595598,PMC11823734,10.1007/s00432-014-1626-2,EGFR gene gain and PTEN protein expression are favorable prognostic factors in patients with KRAS wild-type metastatic colorectal cancer treated with cetuximab.,Automated XML was unusable for normalization.,publisher_pdf_or_user_download,PMCID resolved from NCBI idconv. PMC XML body element is missing. Unusable XML deleted from run artifacts.
pmid-24566025,24566025,,10.1016/j.pneumo.2013.12.005,[Therapeutic impact of molecular diagnosis in metastatic non-small cell lung cancer: targeted therapies in 2013].,No automated full-text route was available at import time.,publisher_pdf_or_user_download,No NCBI PMCID found. Alternate open-access lookup is deferred during PMC-learning to keep early full-text import focused and fast.
pmid-24354593,24354593,,10.1517/14728214.2014.873403,Emerging protein kinase inhibitors for non-small cell lung cancer.,No automated full-text route was available at import time.,publisher_pdf_or_user_download,No NCBI PMCID found. Alternate open-access lookup is deferred during PMC-learning to keep early full-text import focused and fast.
pmid-24166148,24166148,,10.1002/cncr.28414,Molecular determinants of outcome with mammalian target of rapamycin inhibition in endometrial cancer.,No automated full-text route was available at import time.,publisher_pdf_or_user_download,No NCBI PMCID found. Alternate open-access lookup is deferred during PMC-learning to keep early full-text import focused and fast.
pmid-23467835,23467835,,10.1007/s00405-013-2400-9,Molecular diagnostic alterations in squamous cell carcinoma of the head and neck and potential diagnostic applications.,No automated full-text route was available at import time.,publisher_pdf_or_user_download,No NCBI PMCID found. Alternate open-access lookup is deferred during PMC-learning to keep early full-text import focused and fast.
pmid-23948972,23948972,,10.1158/1078-0432.CCR-13-0661,Identification of multiple mechanisms of resistance to vemurafenib in a patient with BRAFV600E-mutated cutaneous melanoma successfully rechallenged after progression.,No automated full-text route was available at import time.,publisher_pdf_or_user_download,No NCBI PMCID found. Alternate open-access lookup is deferred during PMC-learning to keep early full-text import focused and fast.
pmid-23940356,23940356,PMC3761610,10.1073/pnas.1303204110,Mutant PIK3CA accelerates HER2-driven transgenic mammary tumors and induces resistance to combinations of anti-HER2 therapies.,Automated XML was unusable for normalization.,publisher_pdf_or_user_download,PMCID resolved from NCBI idconv. PMC XML body element is missing. Unusable XML deleted from run artifacts.
pmid-23895914,23895914,PMC5528457,10.1016/j.molonc.2013.07.007,Analysing the mutational status of PIK3CA in circulating tumor cells from metastatic breast cancer patients.,Automated XML was unusable for normalization.,publisher_pdf_or_user_download,PMCID resolved from NCBI idconv. PMC XML body element is missing. Unusable XML deleted from run artifacts.
pmid-23672928,23672928,,10.1016/j.ygyno.2013.05.008,"Phase II study of temsirolimus (CCI-779) in women with recurrent, unresectable, locally advanced or metastatic carcinoma of the cervix. A trial of the NCIC Clinical Trials Group (NCIC CTG IND 199).",No automated full-text route was available at import time.,publisher_pdf_or_user_download,No NCBI PMCID found. Alternate open-access lookup is deferred during PMC-learning to keep early full-text import focused and fast.
pmid-23664448,23664448,,10.1016/j.lungcan.2013.02.021,Clinical perspective of afatinib in non-small cell lung cancer.,No automated full-text route was available at import time.,publisher_pdf_or_user_download,No NCBI PMCID found. Alternate open-access lookup is deferred during PMC-learning to keep early full-text import focused and fast.
pmid-23563269,23563269,,10.1038/nature12065,Non-invasive analysis of acquired resistance to cancer therapy by sequencing of plasma DNA.,No automated full-text route was available at import time.,publisher_pdf_or_user_download,No NCBI PMCID found. Alternate open-access lookup is deferred during PMC-learning to keep early full-text import focused and fast.
pmid-23533233,23533233,PMC3644606,10.1210/jc.2012-3933,Clinical outcomes and molecular profile of differentiated thyroid cancers with radioiodine-avid distant metastases.,Automated XML was unusable for normalization.,publisher_pdf_or_user_download,PMCID resolved from NCBI idconv. PMC XML body element is missing. Unusable XML deleted from run artifacts.
pmid-23525575,23525575,,10.3892/or.2013.2357,Combined inhibition of the EGFR and mTOR pathways in EGFR wild-type non-small cell lung cancer cell lines with different genetic backgrounds.,No automated full-text route was available at import time.,publisher_pdf_or_user_download,No NCBI PMCID found. Alternate open-access lookup is deferred during PMC-learning to keep early full-text import focused and fast.
pmid-23499052,23499052,PMC3620412,10.1016/j.ajpath.2012.12.031,Type I to type II ovarian carcinoma progression: mutant Trp53 or Pik3ca confers a more aggressive tumor phenotype in a mouse model of ovarian cancer.,Automated XML was unusable for normalization.,publisher_pdf_or_user_download,PMCID resolved from NCBI idconv. PMC XML body element is missing. Unusable XML deleted from run artifacts.
pmid-23478237,23478237,PMC5528412,10.1016/j.molonc.2013.02.003,Genetically engineered mouse models of PI3K signaling in breast cancer.,Automated XML was unusable for normalization.,publisher_pdf_or_user_download,PMCID resolved from NCBI idconv. PMC XML body element is missing. Unusable XML deleted from run artifacts.
pmid-23341541,23341541,PMC3606064,10.1182/blood-2012-10-460832,"P110α-mediated constitutive PI3K signaling limits the efficacy of p110δ-selective inhibition in mantle cell lymphoma, particularly with multiple relapse.",Automated XML was unusable for normalization.,publisher_pdf_or_user_download,PMCID resolved from NCBI idconv. PMC XML body element is missing. Unusable XML deleted from run artifacts.
pmid-23287563,23287563,,10.1158/1078-0432.CCR-12-3072,"Targeting activated Akt with GDC-0068, a novel selective Akt inhibitor that is efficacious in multiple tumor models.",No automated full-text route was available at import time.,publisher_pdf_or_user_download,No NCBI PMCID found. Alternate open-access lookup is deferred during PMC-learning to keep early full-text import focused and fast.
pmid-23281932,23281932,,10.1517/14712598.2012.756469,Optimizing treatment of metastatic colorectal cancer patients with anti-EGFR antibodies: overcoming the mechanisms of cancer cell resistance.,No automated full-text route was available at import time.,publisher_pdf_or_user_download,No NCBI PMCID found. Alternate open-access lookup is deferred during PMC-learning to keep early full-text import focused and fast.
pmid-23238879,23238879,,10.1007/s11523-012-0242-9,Predicting everolimus treatment efficacy in patients with advanced endometrial carcinoma: a GINECO group study.,No automated full-text route was available at import time.,publisher_pdf_or_user_download,No NCBI PMCID found. Alternate open-access lookup is deferred during PMC-learning to keep early full-text import focused and fast.
pmid-23233531,23233531,,10.1096/fj.12-214692,"miR148b is a major coordinator of breast cancer progression in a relapse-associated microRNA signature by targeting ITGA5, ROCK1, PIK3CA, NRAS, and CSF1.",No automated full-text route was available at import time.,publisher_pdf_or_user_download,No NCBI PMCID found. Alternate open-access lookup is deferred during PMC-learning to keep early full-text import focused and fast.
pmid-23200321,23200321,PMC3661759,10.1016/j.molonc.2012.11.001,Molecular phenotype predicts sensitivity of squamous cell carcinoma of the head and neck to epidermal growth factor receptor inhibition.,Automated XML was unusable for normalization.,publisher_pdf_or_user_download,PMCID resolved from NCBI idconv. PMC XML body element is missing. Unusable XML deleted from run artifacts.
pmid-22926521,22926521,,10.1038/onc.2012.381,A high resolution genomic portrait of bladder cancer: correlation between genomic aberrations and the DNA damage response.,No automated full-text route was available at import time.,publisher_pdf_or_user_download,No NCBI PMCID found. Alternate open-access lookup is deferred during PMC-learning to keep early full-text import focused and fast.
pmid-22430211,22430211,,10.1038/onc.2012.76,Endometrial carcinoma: molecular alterations involved in tumor development and progression.,No automated full-text route was available at import time.,publisher_pdf_or_user_download,No NCBI PMCID found. Alternate open-access lookup is deferred during PMC-learning to keep early full-text import focused and fast.
pmid-22925034,22925034,PMC7659208,10.1111/cas.12004,Establishment of phosphatidylinositol 3-kinase inhibitor-resistant cancer cell lines and therapeutic strategies for overcoming the resistance.,Automated XML was unusable for normalization.,publisher_pdf_or_user_download,PMCID resolved from NCBI idconv. PMC XML body element is missing. Unusable XML deleted from run artifacts.
pmid-22696593,22696593,PMC3514899,10.1093/carcin/bgs203,Sorafenib enhances the therapeutic efficacy of rapamycin in colorectal cancers harboring oncogenic KRAS and PIK3CA.,Automated XML was unusable for normalization.,publisher_pdf_or_user_download,PMCID resolved from NCBI idconv. PMC XML body element is missing. Unusable XML deleted from run artifacts.
pmid-22392911,22392911,,10.1158/1078-0432.CCR-11-2683,Inhibition of MEK and PI3K/mTOR suppresses tumor growth but does not cause tumor regression in patient-derived xenografts of RAS-mutant colorectal carcinomas.,No automated full-text route was available at import time.,publisher_pdf_or_user_download,No NCBI PMCID found. Alternate open-access lookup is deferred during PMC-learning to keep early full-text import focused and fast.
pmid-22302407,22302407,,10.1007/s00280-012-1829-7,"Optimization of patient selection for EGFR-TKIs in advanced non-small cell lung cancer by combined analysis of KRAS, PIK3CA, MET, and non-sensitizing EGFR mutations.",No automated full-text route was available at import time.,publisher_pdf_or_user_download,No NCBI PMCID found. Alternate open-access lookup is deferred during PMC-learning to keep early full-text import focused and fast.
pmid-21996585,21996585,,10.1016/j.cellsig.2011.09.030,Features of the reversible sensitivity-resistance transition in PI3K/PTEN/AKT signalling network after HER2 inhibition.,No automated full-text route was available at import time.,publisher_pdf_or_user_download,No NCBI PMCID found. Alternate open-access lookup is deferred during PMC-learning to keep early full-text import focused and fast.
pmid-22145213,22145213,,,[Molecular predictive markers of EGFR-targeted therapy in metastatic colorectal cancer].,No automated full-text route was available at import time.,publisher_pdf_or_user_download,No NCBI PMCID found. Alternate open-access lookup is deferred during PMC-learning to keep early full-text import focused and fast.
pmid-21876152,21876152,PMC3174675,10.1073/pnas.1108237108,PI3K-targeted therapy can be evaded by gene amplification along the MYC-eukaryotic translation initiation factor 4E (eIF4E) axis.,Automated XML was unusable for normalization.,publisher_pdf_or_user_download,PMCID resolved from NCBI idconv. PMC XML body element is missing. Unusable XML deleted from run artifacts.
pmid-21822122,21822122,,10.1097/CAD.0b013e32834a149c,Mechanism of EGER-related cancer drug resistance.,No automated full-text route was available at import time.,publisher_pdf_or_user_download,No NCBI PMCID found. Alternate open-access lookup is deferred during PMC-learning to keep early full-text import focused and fast.
pmid-21594665,21594665,,10.1007/s10549-011-1572-5,Evaluation of the association of PIK3CA mutations and PTEN loss with efficacy of trastuzumab therapy in metastatic breast cancer.,No automated full-text route was available at import time.,publisher_pdf_or_user_download,No NCBI PMCID found. Alternate open-access lookup is deferred during PMC-learning to keep early full-text import focused and fast.
pmid-21558396,21558396,,10.1158/1078-0432.CCR-10-2882,The selective class I PI3K inhibitor CH5132799 targets human cancers harboring oncogenic PIK3CA mutations.,No automated full-text route was available at import time.,publisher_pdf_or_user_download,No NCBI PMCID found. Alternate open-access lookup is deferred during PMC-learning to keep early full-text import focused and fast.
pmid-21420991,21420991,,10.1016/j.steroids.2011.02.023,Importance of PI3-kinase pathway in response/resistance to aromatase inhibitors.,No automated full-text route was available at import time.,publisher_pdf_or_user_download,No NCBI PMCID found. Alternate open-access lookup is deferred during PMC-learning to keep early full-text import focused and fast.
pmid-21289267,21289267,PMC3070256,10.1210/jc.2010-2644,The Akt-specific inhibitor MK2206 selectively inhibits thyroid cancer cells harboring mutations that can activate the PI3K/Akt pathway.,Automated XML was unusable for normalization.,publisher_pdf_or_user_download,PMCID resolved from NCBI idconv. PMC XML body element is missing. Unusable XML deleted from run artifacts.
pmid-21258250,21258250,,10.1097/JTO.0b013e31820a3a6b,Phosphoinositide-3-kinase catalytic alpha and KRAS mutations are important predictors of resistance to therapy with epidermal growth factor receptor tyrosine kinase inhibitors in patients with advanced non-small cell lung cancer.,No automated full-text route was available at import time.,publisher_pdf_or_user_download,No NCBI PMCID found. Alternate open-access lookup is deferred during PMC-learning to keep early full-text import focused and fast.
pmid-20825420,20825420,,10.1111/j.1349-7006.2010.01711.x,Mechanisms of resistance to anti-human epidermal growth factor receptor 2 agents in breast cancer.,No automated full-text route was available at import time.,publisher_pdf_or_user_download,No NCBI PMCID found. Alternate open-access lookup is deferred during PMC-learning to keep early full-text import focused and fast.
pmid-21163770,21163770,,10.1556/MOnkol.54.2010.4.13,Predictive and prognostic factors in the complex treatment of patients with colorectal cancer.,No automated full-text route was available at import time.,publisher_pdf_or_user_download,No NCBI PMCID found. Alternate open-access lookup is deferred during PMC-learning to keep early full-text import focused and fast.
pmid-20193978,20193978,,10.1016/j.canlet.2010.02.002,Multiple molecular mechanisms underlying trastuzumab and lapatinib resistance in JIMT-1 breast cancer cells.,No automated full-text route was available at import time.,publisher_pdf_or_user_download,No NCBI PMCID found. Alternate open-access lookup is deferred during PMC-learning to keep early full-text import focused and fast.
pmid-17936563,17936563,,10.1016/j.ccr.2007.08.030,A functional genetic approach identifies the PI3K pathway as a major determinant of trastuzumab resistance in breast cancer.,No automated full-text route was available at import time.,publisher_pdf_or_user_download,No NCBI PMCID found. Alternate open-access lookup is deferred during PMC-learning to keep early full-text import focused and fast.
pmid-16906227,16906227,PMC1570180,10.1172/JCI28656,Allelic dilution obscures detection of a biologically significant resistance mutation in EGFR-amplified lung cancer.,Automated XML was unusable for normalization.,publisher_pdf_or_user_download,PMCID resolved from NCBI idconv. PMC XML body element is missing. Unusable XML deleted from run artifacts.
pmid-16575012,16575012,,10.1200/JCO.2005.03.4900,Predictive factors for outcome in a phase II study of gefitinib in second-line treatment of advanced esophageal cancer patients.,No automated full-text route was available at import time.,publisher_pdf_or_user_download,No NCBI PMCID found. Alternate open-access lookup is deferred during PMC-learning to keep early full-text import focused and fast.
pmid-16083342,16083342,,10.1517/14728222.9.4.769,The phosphoinositide 3-kinase signalling pathway as a therapeutic target in squamous cell carcinoma of the head and neck.,No automated full-text route was available at import time.,publisher_pdf_or_user_download,No NCBI PMCID found. Alternate open-access lookup is deferred during PMC-learning to keep early full-text import focused and fast.
pmid-31394675,31394675,,,Genomic Alterations in Gastrointestinal Stromal Tumors as Revealed by Conventional and Array-based Comparative Genomic Hybridization.,No automated full-text route was available at import time.,publisher_pdf_or_user_download,No NCBI PMCID found. Alternate open-access lookup is deferred during PMC-learning to keep early full-text import focused and fast.
